Season,Date,HomeTeam,AwayTeam,FullTimeHomeGoals,FullTimeAwayGoals,FullTimeResult,HTHG,HTAG,HTR,HomeShots,AwayShots,HomeShotsOnTarget,AwayShotsOnTarget,HomeCorners,AwayCorners,HomeFouls,AwayFouls,HomeYellowCards,AwayYellowCards,HomeRedCards,AwayRedCards,B365H,B365D,B365A
0506,27/08/05,Fiorentina,Sampdoria,2.0,1.0,H,2.0,0.0,H,15.0,9.0,9.0,4.0,9.0,3.0,18.0,23.0,1.0,4.0,0.0,0.0,2.2,2.87,3.25
0506,27/08/05,Livorno,Lecce,2.0,1.0,H,1.0,1.0,D,17.0,6.0,7.0,5.0,9.0,2.0,27.0,21.0,2.0,3.0,0.0,0.0,1.9,2.9,4.0
0506,28/08/05,Ascoli,Milan,1.0,1.0,D,0.0,0.0,D,8.0,16.0,3.0,9.0,0.0,5.0,22.0,16.0,2.0,1.0,0.0,0.0,7.5,3.75,1.4
0506,28/08/05,Inter,Treviso,3.0,0.0,H,1.0,0.0,H,16.0,7.0,9.0,3.0,6.0,1.0,13.0,20.0,1.0,3.0,0.0,0.0,1.16,5.5,13.0
0506,28/08/05,Juventus,Chievo,1.0,0.0,H,1.0,0.0,H,16.0,2.0,7.0,0.0,6.0,2.0,16.0,12.0,1.0,2.0,0.0,0.0,1.25,5.0,13.0
0506,28/08/05,Lazio,Messina,1.0,0.0,H,1.0,0.0,H,7.0,16.0,4.0,7.0,6.0,10.0,18.0,20.0,3.0,1.0,0.0,0.0,1.9,3.1,3.75
0506,28/08/05,Parma,Palermo,1.0,1.0,D,0.0,1.0,A,8.0,14.0,3.0,9.0,3.0,8.0,18.0,9.0,3.0,0.0,0.0,0.0,2.4,2.87,2.87
0506,28/08/05,Reggina,Roma,0.0,3.0,A,0.0,1.0,A,5.0,13.0,3.0,9.0,2.0,4.0,19.0,18.0,0.0,0.0,1.0,0.0,3.5,3.0,2.0
0506,28/08/05,Siena,Cagliari,2.0,1.0,H,1.0,1.0,D,10.0,9.0,6.0,6.0,4.0,4.0,21.0,19.0,2.0,2.0,1.0,0.0,2.2,3.0,3.1
0506,28/08/05,Udinese,Empoli,1.0,0.0,H,1.0,0.0,H,12.0,8.0,8.0,4.0,6.0,5.0,20.0,12.0,2.0,1.0,0.0,0.0,1.57,3.25,6.0
0506,10/09/05,Milan,Siena,3.0,1.0,H,2.0,1.0,H,21.0,7.0,11.0,3.0,3.0,4.0,7.0,16.0,1.0,2.0,0.0,0.0,1.2,5.0,12.0
0506,10/09/05,Palermo,Inter,3.0,2.0,H,1.0,0.0,H,24.0,15.0,13.0,6.0,9.0,6.0,15.0,14.0,2.0,1.0,0.0,0.0,3.5,3.0,2.0
0506,11/09/05,Cagliari,Lazio,1.0,1.0,D,1.0,1.0,D,9.0,6.0,3.0,3.0,6.0,6.0,12.0,16.0,2.0,2.0,1.0,0.0,2.25,3.0,3.0
0506,11/09/05,Chievo,Parma,1.0,0.0,H,1.0,0.0,H,12.0,5.0,8.0,2.0,9.0,2.0,16.0,15.0,1.0,1.0,0.0,0.0,2.2,2.87,3.2
0506,11/09/05,Empoli,Juventus,0.0,4.0,A,0.0,3.0,A,9.0,13.0,1.0,8.0,3.0,6.0,16.0,23.0,1.0,0.0,0.0,0.0,5.5,3.75,1.5
0506,11/09/05,Lecce,Ascoli,0.0,0.0,D,0.0,0.0,D,9.0,6.0,6.0,4.0,9.0,2.0,18.0,9.0,2.0,3.0,0.0,1.0,1.72,3.2,4.5
0506,11/09/05,Messina,Fiorentina,2.0,2.0,D,0.0,2.0,A,8.0,12.0,4.0,7.0,7.0,7.0,19.0,20.0,3.0,3.0,0.0,0.0,2.5,2.87,2.75
0506,11/09/05,Roma,Udinese,0.0,1.0,A,0.0,1.0,A,13.0,10.0,4.0,5.0,7.0,4.0,15.0,20.0,0.0,4.0,0.0,0.0,1.83,3.0,4.33
0506,11/09/05,Sampdoria,Reggina,3.0,2.0,H,1.0,1.0,D,16.0,11.0,7.0,7.0,5.0,5.0,22.0,24.0,1.0,3.0,0.0,1.0,1.53,3.5,5.5
0506,11/09/05,Treviso,Livorno,0.0,1.0,A,0.0,0.0,D,4.0,7.0,2.0,4.0,3.0,6.0,14.0,19.0,3.0,2.0,0.0,0.0,2.5,2.87,2.75
0506,17/09/05,Inter,Lecce,3.0,0.0,H,2.0,0.0,H,12.0,7.0,8.0,5.0,5.0,3.0,16.0,19.0,1.0,1.0,0.0,0.0,1.22,5.5,13.0
0506,17/09/05,Parma,Empoli,1.0,0.0,H,1.0,0.0,H,27.0,16.0,12.0,3.0,10.0,7.0,22.0,19.0,1.0,0.0,0.0,0.0,1.8,3.1,5.0
0506,18/09/05,Cagliari,Messina,1.0,1.0,D,1.0,1.0,D,16.0,8.0,8.0,5.0,8.0,4.0,20.0,25.0,1.0,4.0,0.0,0.0,2.1,2.9,3.8
0506,18/09/05,Fiorentina,Udinese,4.0,2.0,H,2.0,1.0,H,11.0,14.0,6.0,9.0,4.0,3.0,24.0,21.0,0.0,3.0,0.0,0.0,2.2,3.0,3.4
0506,18/09/05,Juventus,Ascoli,2.0,1.0,H,2.0,1.0,H,17.0,12.0,7.0,5.0,8.0,6.0,18.0,16.0,2.0,2.0,0.0,0.0,1.16,6.5,15.0
0506,18/09/05,Lazio,Treviso,3.0,1.0,H,2.0,1.0,H,13.0,5.0,6.0,1.0,7.0,1.0,23.0,23.0,0.0,0.0,0.0,1.0,1.61,3.4,6.0
0506,18/09/05,Livorno,Roma,0.0,0.0,D,0.0,0.0,D,6.0,8.0,4.0,5.0,5.0,3.0,17.0,13.0,2.0,2.0,0.0,0.0,3.4,3.0,2.2
0506,18/09/05,Reggina,Chievo,1.0,3.0,A,1.0,1.0,D,16.0,8.0,8.0,5.0,5.0,3.0,11.0,12.0,3.0,2.0,0.0,1.0,2.37,2.87,3.25
0506,18/09/05,Sampdoria,Milan,2.0,1.0,H,1.0,1.0,D,7.0,12.0,4.0,5.0,4.0,7.0,20.0,16.0,3.0,1.0,0.0,0.0,4.5,3.2,1.83
0506,18/09/05,Siena,Palermo,1.0,2.0,A,1.0,1.0,D,10.0,14.0,3.0,10.0,4.0,6.0,13.0,15.0,3.0,2.0,0.0,0.0,2.6,2.87,2.6
0506,21/09/05,Ascoli,Siena,1.0,1.0,D,0.0,1.0,A,7.0,8.0,2.0,4.0,3.0,3.0,28.0,19.0,1.0,2.0,0.0,0.0,2.3,2.9,3.25
0506,21/09/05,Chievo,Inter,0.0,1.0,A,0.0,0.0,D,6.0,17.0,2.0,10.0,1.0,7.0,22.0,18.0,2.0,2.0,0.0,0.0,5.5,3.1,1.72
0506,21/09/05,Empoli,Cagliari,3.0,1.0,H,0.0,1.0,A,8.0,9.0,4.0,5.0,8.0,5.0,22.0,16.0,3.0,2.0,0.0,0.0,2.3,2.9,3.3
0506,21/09/05,Lecce,Fiorentina,1.0,3.0,A,1.0,0.0,H,10.0,14.0,4.0,9.0,2.0,6.0,18.0,16.0,3.0,1.0,1.0,0.0,3.75,3.0,2.1
0506,21/09/05,Messina,Livorno,0.0,0.0,D,0.0,0.0,D,10.0,5.0,7.0,3.0,7.0,1.0,16.0,13.0,1.0,0.0,0.0,0.0,2.2,2.87,3.6
0506,21/09/05,Milan,Lazio,2.0,0.0,H,2.0,0.0,H,12.0,8.0,7.0,3.0,5.0,2.0,17.0,14.0,0.0,1.0,0.0,0.0,1.4,4.0,9.0
0506,21/09/05,Palermo,Reggina,1.0,0.0,H,0.0,0.0,D,16.0,8.0,10.0,3.0,10.0,5.0,17.0,19.0,2.0,4.0,0.0,0.0,1.44,3.8,7.0
0506,21/09/05,Roma,Parma,4.0,1.0,H,3.0,1.0,H,18.0,8.0,12.0,2.0,7.0,6.0,17.0,14.0,2.0,3.0,0.0,0.0,1.57,3.6,6.0
0506,21/09/05,Treviso,Sampdoria,0.0,2.0,A,0.0,1.0,A,11.0,9.0,4.0,6.0,3.0,5.0,15.0,12.0,3.0,0.0,0.0,0.0,3.75,3.0,2.0
0506,21/09/05,Udinese,Juventus,0.0,1.0,A,0.0,1.0,A,6.0,7.0,3.0,3.0,3.0,1.0,24.0,18.0,3.0,1.0,0.0,0.0,4.0,3.0,2.0
0506,24/09/05,Parma,Juventus,1.0,2.0,A,1.0,1.0,D,5.0,8.0,3.0,6.0,2.0,5.0,27.0,27.0,3.0,3.0,0.0,0.0,6.0,3.4,1.61
0506,24/09/05,Reggina,Udinese,2.0,0.0,H,1.0,0.0,H,6.0,7.0,4.0,3.0,4.0,7.0,20.0,26.0,4.0,3.0,0.0,1.0,3.5,3.0,2.2
0506,25/09/05,Cagliari,Roma,0.0,0.0,D,0.0,0.0,D,8.0,12.0,3.0,5.0,2.0,3.0,12.0,17.0,2.0,2.0,0.0,0.0,3.75,3.2,2.0
0506,25/09/05,Empoli,Lecce,1.0,0.0,H,0.0,0.0,D,5.0,12.0,2.0,2.0,3.0,5.0,21.0,24.0,1.0,4.0,0.0,0.0,2.0,3.2,3.75
0506,25/09/05,Inter,Fiorentina,1.0,0.0,H,1.0,0.0,H,17.0,4.0,7.0,2.0,6.0,3.0,26.0,20.0,2.0,3.0,0.0,0.0,1.61,3.4,6.0
0506,25/09/05,Lazio,Palermo,4.0,2.0,H,0.0,1.0,A,8.0,10.0,5.0,4.0,8.0,7.0,23.0,21.0,2.0,3.0,0.0,0.0,2.6,2.9,2.9
0506,25/09/05,Livorno,Ascoli,2.0,0.0,H,0.0,0.0,D,9.0,5.0,2.0,2.0,4.0,3.0,10.0,15.0,0.0,2.0,0.0,1.0,1.72,3.1,5.5
0506,25/09/05,Sampdoria,Chievo,1.0,2.0,A,0.0,1.0,A,8.0,10.0,5.0,6.0,6.0,7.0,18.0,26.0,2.0,4.0,0.0,0.0,1.66,3.2,6.0
0506,25/09/05,Siena,Messina,4.0,2.0,H,3.0,1.0,H,12.0,6.0,5.0,3.0,6.0,2.0,17.0,16.0,1.0,2.0,0.0,0.0,2.2,3.0,3.4
0506,25/09/05,Treviso,Milan,0.0,2.0,A,0.0,1.0,A,6.0,12.0,2.0,6.0,4.0,2.0,22.0,13.0,3.0,0.0,0.0,0.0,9.0,4.33,1.36
0506,01/10/05,Chievo,Treviso,0.0,0.0,D,0.0,0.0,D,11.0,7.0,0.0,3.0,6.0,4.0,24.0,22.0,3.0,2.0,0.0,0.0,1.53,3.5,7.0
0506,01/10/05,Udinese,Lazio,3.0,0.0,H,0.0,0.0,D,19.0,6.0,10.0,1.0,10.0,1.0,18.0,25.0,2.0,3.0,0.0,0.0,1.9,3.1,4.33
0506,02/10/05,Ascoli,Parma,3.0,1.0,H,2.0,1.0,H,10.0,10.0,6.0,4.0,5.0,5.0,23.0,22.0,3.0,5.0,0.0,1.0,2.5,2.87,3.0
0506,02/10/05,Fiorentina,Livorno,3.0,2.0,H,2.0,0.0,H,11.0,9.0,5.0,5.0,2.0,7.0,19.0,21.0,2.0,2.0,0.0,1.0,1.66,3.4,5.5
0506,02/10/05,Juventus,Inter,2.0,0.0,H,2.0,0.0,H,8.0,11.0,5.0,6.0,1.0,9.0,29.0,22.0,2.0,3.0,0.0,0.0,2.2,2.87,3.6
0506,02/10/05,Lecce,Cagliari,3.0,0.0,H,2.0,0.0,H,11.0,17.0,8.0,7.0,4.0,8.0,24.0,16.0,0.0,3.0,0.0,0.0,2.1,3.0,3.75
0506,02/10/05,Messina,Sampdoria,1.0,4.0,A,0.0,1.0,A,18.0,12.0,10.0,7.0,5.0,0.0,15.0,18.0,4.0,3.0,0.0,0.0,2.75,2.87,2.75
0506,02/10/05,Milan,Reggina,2.0,1.0,H,2.0,0.0,H,17.0,8.0,7.0,1.0,7.0,1.0,13.0,10.0,1.0,0.0,0.0,0.0,1.2,5.5,17.0
0506,02/10/05,Palermo,Empoli,2.0,2.0,D,1.0,2.0,A,21.0,5.0,10.0,4.0,11.0,0.0,13.0,11.0,0.0,2.0,0.0,0.0,1.53,3.5,7.0
0506,02/10/05,Roma,Siena,2.0,3.0,A,0.0,1.0,A,15.0,5.0,9.0,4.0,14.0,5.0,19.0,17.0,2.0,3.0,0.0,1.0,1.53,3.5,7.0
0506,15/10/05,Juventus,Messina,1.0,0.0,H,1.0,0.0,H,14.0,8.0,10.0,4.0,6.0,1.0,24.0,26.0,2.0,4.0,0.0,0.0,1.16,5.5,13.0
0506,15/10/05,Siena,Udinese,2.0,3.0,A,0.0,2.0,A,11.0,13.0,6.0,8.0,3.0,6.0,16.0,19.0,2.0,4.0,0.0,1.0,2.75,2.75,2.6
0506,16/10/05,Ascoli,Sampdoria,2.0,1.0,H,1.0,0.0,H,13.0,13.0,9.0,7.0,4.0,9.0,17.0,19.0,2.0,1.0,0.0,0.0,3.2,2.87,2.2
0506,16/10/05,Cagliari,Milan,0.0,2.0,A,0.0,2.0,A,10.0,9.0,5.0,4.0,6.0,3.0,15.0,16.0,1.0,1.0,0.0,0.0,5.5,3.5,1.53
0506,16/10/05,Empoli,Roma,1.0,0.0,H,0.0,0.0,D,7.0,8.0,4.0,4.0,4.0,11.0,12.0,17.0,0.0,3.0,1.0,0.0,3.2,2.8,2.25
0506,16/10/05,Inter,Livorno,5.0,0.0,H,2.0,0.0,H,15.0,5.0,11.0,1.0,4.0,2.0,20.0,16.0,1.0,0.0,0.0,1.0,1.25,5.0,9.0
0506,16/10/05,Lazio,Fiorentina,1.0,0.0,H,0.0,0.0,D,10.0,12.0,9.0,4.0,8.0,7.0,15.0,21.0,1.0,3.0,0.0,0.0,2.5,2.87,2.75
0506,16/10/05,Palermo,Chievo,2.0,2.0,D,1.0,2.0,A,9.0,7.0,6.0,5.0,4.0,3.0,26.0,20.0,3.0,3.0,1.0,0.0,1.72,3.2,4.5
0506,16/10/05,Parma,Treviso,1.0,1.0,D,1.0,0.0,H,5.0,13.0,2.0,4.0,1.0,7.0,16.0,37.0,3.0,5.0,0.0,0.0,1.66,3.2,5.0
0506,16/10/05,Reggina,Lecce,2.0,0.0,H,1.0,0.0,H,12.0,9.0,8.0,4.0,4.0,3.0,12.0,25.0,2.0,4.0,0.0,1.0,2.1,2.8,3.5
0506,22/10/05,Fiorentina,Parma,4.0,1.0,H,3.0,0.0,H,11.0,9.0,6.0,4.0,6.0,5.0,12.0,17.0,1.0,2.0,0.0,0.0,1.5,3.6,7.5
0506,22/10/05,Messina,Ascoli,1.0,1.0,D,1.0,0.0,H,10.0,6.0,3.0,2.0,3.0,4.0,16.0,12.0,3.0,1.0,1.0,1.0,1.9,3.0,4.5
0506,23/10/05,Chievo,Cagliari,2.0,1.0,H,0.0,0.0,D,12.0,5.0,5.0,2.0,10.0,1.0,24.0,29.0,1.0,3.0,0.0,0.0,1.8,3.1,5.0
0506,23/10/05,Lecce,Juventus,0.0,3.0,A,0.0,1.0,A,5.0,17.0,2.0,9.0,9.0,5.0,30.0,27.0,1.0,0.0,0.0,0.0,7.0,3.75,1.5
0506,23/10/05,Livorno,Reggina,1.0,0.0,H,0.0,0.0,D,15.0,7.0,6.0,1.0,10.0,7.0,21.0,20.0,2.0,2.0,1.0,1.0,1.9,3.1,4.33
0506,23/10/05,Milan,Palermo,2.0,1.0,H,1.0,1.0,D,16.0,8.0,11.0,4.0,6.0,6.0,19.0,18.0,1.0,3.0,0.0,0.0,1.4,4.0,9.0
0506,23/10/05,Roma,Lazio,1.0,1.0,D,1.0,0.0,H,14.0,6.0,4.0,2.0,3.0,3.0,28.0,21.0,3.0,2.0,0.0,0.0,2.4,2.87,3.2
0506,23/10/05,Sampdoria,Siena,3.0,3.0,D,1.0,0.0,H,11.0,15.0,8.0,8.0,5.0,2.0,20.0,23.0,2.0,5.0,1.0,0.0,1.66,3.4,5.5
0506,23/10/05,Treviso,Empoli,1.0,2.0,A,0.0,1.0,A,17.0,10.0,6.0,4.0,10.0,3.0,19.0,17.0,1.0,2.0,0.0,0.0,2.37,2.75,3.4
0506,23/10/05,Udinese,Inter,0.0,1.0,A,0.0,1.0,A,9.0,17.0,4.0,10.0,1.0,8.0,20.0,20.0,2.0,3.0,0.0,0.0,3.75,3.0,2.1
0506,26/10/05,Ascoli,Udinese,1.0,1.0,D,1.0,0.0,H,7.0,8.0,4.0,4.0,3.0,9.0,17.0,19.0,1.0,0.0,0.0,0.0,3.4,3.0,2.2
0506,26/10/05,Cagliari,Livorno,1.0,1.0,D,0.0,0.0,D,14.0,5.0,5.0,3.0,8.0,2.0,16.0,25.0,2.0,3.0,0.0,0.0,2.37,2.75,3.4
0506,26/10/05,Empoli,Milan,1.0,3.0,A,1.0,1.0,D,8.0,16.0,4.0,8.0,5.0,10.0,13.0,13.0,0.0,1.0,0.0,0.0,6.5,3.5,1.57
0506,26/10/05,Inter,Roma,2.0,3.0,A,0.0,2.0,A,15.0,9.0,9.0,5.0,9.0,2.0,16.0,20.0,2.0,3.0,1.0,1.0,1.61,3.4,6.0
0506,26/10/05,Juventus,Sampdoria,2.0,0.0,H,1.0,0.0,H,14.0,12.0,9.0,4.0,3.0,7.0,24.0,25.0,0.0,2.0,0.0,0.0,1.4,4.0,9.0
0506,26/10/05,Lazio,Chievo,2.0,2.0,D,1.0,0.0,H,,,,,,,,,1.0,3.0,0.0,0.0,2.0,3.0,4.0
0506,26/10/05,Palermo,Lecce,3.0,0.0,H,1.0,0.0,H,10.0,12.0,4.0,5.0,2.0,7.0,13.0,16.0,3.0,3.0,1.0,0.0,1.57,3.5,6.5
0506,26/10/05,Parma,Messina,1.0,1.0,D,1.0,0.0,H,11.0,14.0,5.0,8.0,4.0,3.0,15.0,22.0,1.0,4.0,0.0,0.0,2.0,3.0,4.0
0506,26/10/05,Reggina,Treviso,1.0,2.0,A,0.0,1.0,A,10.0,5.0,5.0,3.0,8.0,3.0,14.0,20.0,1.0,3.0,0.0,0.0,1.72,3.3,5.0
0506,26/10/05,Siena,Fiorentina,0.0,2.0,A,0.0,1.0,A,13.0,8.0,7.0,4.0,8.0,2.0,12.0,21.0,5.0,1.0,0.0,0.0,3.0,3.0,2.4
0506,29/10/05,Milan,Juventus,3.0,1.0,H,3.0,0.0,H,7.0,4.0,4.0,3.0,6.0,2.0,26.0,26.0,2.0,3.0,0.0,0.0,2.37,2.75,3.0
0506,29/10/05,Sampdoria,Inter,2.0,2.0,D,2.0,2.0,D,11.0,12.0,8.0,7.0,4.0,8.0,13.0,20.0,1.0,2.0,0.0,0.0,3.0,3.0,2.25
0506,30/10/05,Chievo,Empoli,2.0,2.0,D,1.0,1.0,D,14.0,7.0,6.0,4.0,6.0,2.0,13.0,21.0,2.0,1.0,0.0,0.0,1.83,3.0,4.33
0506,30/10/05,Fiorentina,Cagliari,2.0,1.0,H,0.0,1.0,A,7.0,11.0,4.0,6.0,4.0,5.0,22.0,14.0,3.0,3.0,0.0,2.0,1.36,4.0,7.5
0506,30/10/05,Lecce,Messina,0.0,2.0,A,0.0,0.0,D,14.0,10.0,6.0,5.0,5.0,3.0,22.0,25.0,2.0,4.0,0.0,0.0,2.0,3.0,3.5
0506,30/10/05,Livorno,Parma,2.0,0.0,H,2.0,0.0,H,7.0,8.0,3.0,5.0,3.0,5.0,15.0,13.0,1.0,1.0,0.0,0.0,1.72,3.25,4.33
0506,30/10/05,Reggina,Lazio,1.0,0.0,H,0.0,0.0,D,12.0,5.0,5.0,2.0,3.0,4.0,23.0,20.0,2.0,4.0,0.0,0.0,2.6,2.87,2.6
0506,30/10/05,Roma,Ascoli,2.0,1.0,H,1.0,0.0,H,13.0,9.0,8.0,5.0,9.0,2.0,19.0,15.0,1.0,3.0,1.0,0.0,1.44,3.75,6.5
0506,30/10/05,Treviso,Siena,0.0,1.0,A,0.0,1.0,A,7.0,10.0,3.0,4.0,3.0,7.0,23.0,18.0,2.0,1.0,0.0,0.0,2.4,2.9,2.8
0506,30/10/05,Udinese,Palermo,0.0,0.0,D,0.0,0.0,D,10.0,9.0,2.0,3.0,6.0,6.0,31.0,28.0,2.0,2.0,0.0,0.0,2.0,3.0,3.5
0506,05/11/05,Empoli,Reggina,3.0,0.0,H,1.0,0.0,H,12.0,11.0,8.0,4.0,3.0,7.0,23.0,17.0,1.0,1.0,0.0,0.0,2.0,2.75,4.0
0506,05/11/05,Lazio,Inter,0.0,0.0,D,0.0,0.0,D,7.0,9.0,3.0,3.0,3.0,8.0,16.0,18.0,2.0,3.0,0.0,0.0,3.6,3.1,2.1
0506,06/11/05,Ascoli,Fiorentina,0.0,2.0,A,0.0,1.0,A,5.0,11.0,3.0,5.0,6.0,3.0,17.0,13.0,2.0,1.0,0.0,0.0,3.5,3.0,2.0
0506,06/11/05,Cagliari,Treviso,0.0,0.0,D,0.0,0.0,D,14.0,7.0,7.0,2.0,6.0,1.0,19.0,23.0,2.0,4.0,0.0,0.0,1.9,3.0,3.8
0506,06/11/05,Juventus,Livorno,3.0,0.0,H,0.0,0.0,D,18.0,7.0,7.0,3.0,8.0,5.0,21.0,19.0,3.0,2.0,0.0,1.0,1.25,4.5,11.0
0506,06/11/05,Messina,Roma,0.0,2.0,A,0.0,1.0,A,11.0,9.0,7.0,5.0,7.0,3.0,24.0,11.0,4.0,2.0,0.0,0.0,3.2,3.2,2.2
0506,06/11/05,Milan,Udinese,5.0,1.0,H,3.0,0.0,H,7.0,4.0,4.0,3.0,6.0,2.0,26.0,26.0,2.0,3.0,0.0,0.0,1.36,4.33,9.0
0506,06/11/05,Palermo,Sampdoria,0.0,2.0,A,0.0,1.0,A,15.0,8.0,7.0,3.0,6.0,4.0,18.0,19.0,2.0,4.0,0.0,0.0,2.2,3.0,3.5
0506,06/11/05,Parma,Lecce,2.0,0.0,H,1.0,0.0,H,5.0,10.0,3.0,4.0,6.0,3.0,20.0,20.0,1.0,3.0,0.0,0.0,1.8,3.25,4.0
0506,06/11/05,Siena,Chievo,0.0,1.0,A,0.0,1.0,A,13.0,8.0,5.0,5.0,10.0,1.0,28.0,18.0,3.0,3.0,0.0,1.0,2.25,2.8,3.2
0506,19/11/05,Roma,Juventus,1.0,4.0,A,0.0,1.0,A,9.0,9.0,3.0,6.0,3.0,6.0,31.0,21.0,3.0,3.0,0.0,1.0,2.75,3.0,2.37
0506,19/11/05,Udinese,Messina,1.0,0.0,H,0.0,0.0,D,18.0,5.0,11.0,3.0,10.0,0.0,20.0,21.0,3.0,3.0,0.0,0.0,1.57,3.4,5.5
0506,20/11/05,Chievo,Ascoli,1.0,1.0,D,1.0,1.0,D,11.0,10.0,6.0,4.0,10.0,6.0,18.0,21.0,0.0,3.0,0.0,0.0,1.61,3.2,5.5
0506,20/11/05,Fiorentina,Milan,3.0,1.0,H,1.0,1.0,D,6.0,16.0,3.0,5.0,2.0,10.0,21.0,18.0,1.0,2.0,0.0,0.0,2.8,2.9,2.4
0506,20/11/05,Inter,Parma,2.0,0.0,H,0.0,0.0,D,15.0,6.0,9.0,3.0,8.0,3.0,16.0,18.0,2.0,3.0,0.0,0.0,1.28,4.33,9.5
0506,20/11/05,Lecce,Siena,3.0,0.0,H,1.0,0.0,H,18.0,8.0,12.0,5.0,10.0,3.0,20.0,19.0,2.0,4.0,0.0,0.0,2.37,2.87,2.87
0506,20/11/05,Livorno,Empoli,2.0,0.0,H,1.0,0.0,H,14.0,5.0,5.0,2.0,4.0,3.0,16.0,29.0,3.0,1.0,0.0,0.0,1.83,3.0,4.33
0506,20/11/05,Reggina,Cagliari,3.0,1.0,H,2.0,0.0,H,11.0,4.0,7.0,1.0,2.0,5.0,26.0,27.0,2.0,3.0,1.0,1.0,1.9,2.9,4.0
0506,20/11/05,Sampdoria,Lazio,2.0,0.0,H,0.0,0.0,D,11.0,6.0,8.0,1.0,9.0,4.0,27.0,18.0,3.0,2.0,0.0,0.0,1.9,2.9,4.0
0506,20/11/05,Treviso,Palermo,2.0,2.0,D,2.0,1.0,H,8.0,11.0,4.0,6.0,4.0,3.0,20.0,18.0,1.0,0.0,0.0,0.0,4.0,2.8,2.1
0506,26/11/05,Livorno,Chievo,0.0,0.0,D,0.0,0.0,D,14.0,5.0,2.0,2.0,8.0,3.0,22.0,30.0,2.0,3.0,0.0,0.0,2.25,2.87,3.5
0506,26/11/05,Milan,Lecce,2.0,1.0,H,1.0,0.0,H,18.0,10.0,6.0,3.0,3.0,0.0,14.0,22.0,1.0,3.0,0.0,0.0,1.2,6.0,13.0
0506,27/11/05,Ascoli,Palermo,1.0,1.0,D,0.0,1.0,A,5.0,5.0,3.0,2.0,0.0,6.0,18.0,20.0,2.0,3.0,0.0,0.0,2.87,3.0,2.5
0506,27/11/05,Cagliari,Sampdoria,2.0,0.0,H,1.0,0.0,H,6.0,9.0,3.0,1.0,2.0,7.0,23.0,12.0,3.0,3.0,0.0,0.0,3.1,3.0,2.37
0506,27/11/05,Empoli,Lazio,2.0,3.0,A,0.0,1.0,A,12.0,12.0,8.0,8.0,5.0,9.0,20.0,16.0,1.0,3.0,1.0,0.0,2.3,2.87,3.4
0506,27/11/05,Juventus,Treviso,3.0,1.0,H,2.0,1.0,H,11.0,4.0,6.0,3.0,3.0,3.0,14.0,24.0,0.0,0.0,0.0,0.0,1.14,6.5,21.0
0506,27/11/05,Messina,Inter,1.0,2.0,A,0.0,1.0,A,12.0,14.0,6.0,5.0,5.0,8.0,20.0,12.0,2.0,1.0,0.0,0.0,5.0,3.3,1.72
0506,27/11/05,Parma,Udinese,1.0,2.0,A,0.0,1.0,A,7.0,9.0,2.0,5.0,3.0,2.0,24.0,23.0,2.0,1.0,0.0,0.0,2.62,3.0,2.75
0506,27/11/05,Roma,Fiorentina,1.0,1.0,D,1.0,0.0,H,9.0,8.0,5.0,3.0,6.0,4.0,22.0,24.0,3.0,1.0,1.0,0.0,2.37,3.1,3.0
0506,27/11/05,Siena,Reggina,0.0,0.0,D,0.0,0.0,D,1.0,7.0,0.0,2.0,1.0,3.0,18.0,19.0,3.0,2.0,1.0,0.0,2.0,3.1,4.0
0506,03/12/05,Chievo,Milan,2.0,1.0,H,1.0,1.0,D,10.0,13.0,5.0,4.0,3.0,3.0,19.0,19.0,2.0,3.0,0.0,0.0,5.0,3.0,1.72
0506,03/12/05,Inter,Ascoli,1.0,0.0,H,1.0,0.0,H,15.0,9.0,8.0,3.0,8.0,2.0,18.0,15.0,1.0,0.0,0.0,0.0,1.2,4.5,17.0
0506,04/12/05,Fiorentina,Juventus,1.0,2.0,A,1.0,1.0,D,,,,,,,,,0.0,3.0,0.0,0.0,2.87,3.0,2.3
0506,04/12/05,Lazio,Siena,3.0,2.0,H,1.0,0.0,H,,,,,,,,,0.0,0.0,0.0,0.0,1.8,3.0,4.33
0506,04/12/05,Lecce,Roma,2.0,2.0,D,0.0,2.0,A,,,,,,,,,2.0,3.0,0.0,0.0,3.25,3.0,2.1
0506,04/12/05,Palermo,Cagliari,2.0,2.0,D,2.0,0.0,H,,,,,,,,,5.0,3.0,0.0,0.0,1.61,3.25,5.5
0506,04/12/05,Reggina,Parma,2.0,1.0,H,2.0,1.0,H,,,,,,,,,2.0,3.0,0.0,1.0,1.9,3.0,3.8
0506,04/12/05,Sampdoria,Empoli,2.0,0.0,H,0.0,0.0,D,,,,,,,,,1.0,1.0,0.0,0.0,1.66,3.2,5.0
0506,04/12/05,Treviso,Messina,0.0,0.0,D,0.0,0.0,D,,,,,,,,,2.0,3.0,0.0,1.0,2.4,2.75,3.0
0506,04/12/05,Udinese,Livorno,0.0,2.0,A,0.0,1.0,A,,,,,,,,,2.0,3.0,0.0,0.0,1.8,3.0,4.33
0506,10/12/05,Fiorentina,Treviso,1.0,0.0,H,0.0,0.0,D,,,,,2.0,3.0,33.0,34.0,1.0,4.0,0.0,0.0,1.28,5.0,10.0
0506,10/12/05,Siena,Empoli,1.0,0.0,H,1.0,0.0,H,,,,,3.0,6.0,24.0,20.0,4.0,3.0,0.0,0.0,2.1,3.0,3.75
0506,11/12/05,Ascoli,Reggina,1.0,1.0,D,0.0,0.0,D,9.0,5.0,5.0,3.0,3.0,6.0,23.0,20.0,4.0,2.0,0.0,1.0,2.3,3.0,3.25
0506,11/12/05,Inter,Milan,3.0,2.0,H,1.0,1.0,D,16.0,7.0,5.0,3.0,5.0,3.0,20.0,19.0,2.0,3.0,0.0,0.0,2.75,2.87,2.75
0506,11/12/05,Juventus,Cagliari,4.0,0.0,H,2.0,0.0,H,15.0,8.0,9.0,3.0,7.0,3.0,22.0,10.0,0.0,3.0,0.0,0.0,1.16,6.0,19.0
0506,11/12/05,Livorno,Lazio,2.0,1.0,H,0.0,0.0,D,9.0,13.0,5.0,7.0,2.0,7.0,23.0,15.0,1.0,0.0,0.0,0.0,2.1,3.0,3.75
0506,11/12/05,Messina,Chievo,2.0,0.0,H,2.0,0.0,H,,,,,,,,,1.0,1.0,0.0,1.0,2.6,2.87,2.9
0506,11/12/05,Parma,Sampdoria,1.0,1.0,D,1.0,0.0,H,9.0,7.0,4.0,4.0,3.0,7.0,27.0,25.0,4.0,4.0,0.0,0.0,3.1,3.1,2.3
0506,11/12/05,Roma,Palermo,1.0,2.0,A,1.0,1.0,D,6.0,6.0,3.0,2.0,2.0,8.0,10.0,16.0,1.0,3.0,0.0,0.0,1.9,3.1,4.33
0506,11/12/05,Udinese,Lecce,1.0,2.0,A,0.0,1.0,A,8.0,8.0,2.0,5.0,8.0,4.0,20.0,21.0,2.0,3.0,0.0,0.0,1.66,3.4,5.5
0506,17/12/05,Lazio,Juventus,1.0,1.0,D,1.0,1.0,D,,,,,3.0,7.0,20.0,30.0,2.0,3.0,0.0,0.0,6.0,3.2,1.66
0506,17/12/05,Treviso,Lecce,2.0,1.0,H,1.0,0.0,H,,,,,2.0,3.0,20.0,26.0,4.0,4.0,0.0,1.0,2.5,3.0,2.9
0506,18/12/05,Cagliari,Ascoli,2.0,1.0,H,2.0,0.0,H,4.0,12.0,3.0,6.0,4.0,7.0,22.0,23.0,2.0,4.0,0.0,0.0,1.83,3.0,5.0
0506,18/12/05,Chievo,Udinese,2.0,0.0,H,1.0,0.0,H,10.0,9.0,4.0,3.0,7.0,3.0,25.0,16.0,2.0,3.0,0.0,1.0,2.3,3.0,3.2
0506,18/12/05,Empoli,Fiorentina,1.0,1.0,D,0.0,0.0,D,6.0,19.0,2.0,6.0,2.0,7.0,19.0,20.0,3.0,1.0,0.0,0.0,4.0,3.1,2.0
0506,18/12/05,Milan,Messina,4.0,0.0,H,1.0,0.0,H,17.0,10.0,8.0,4.0,11.0,5.0,12.0,16.0,1.0,0.0,0.0,0.0,1.2,5.8,15.0
0506,18/12/05,Palermo,Livorno,0.0,2.0,A,0.0,0.0,D,9.0,10.0,4.0,5.0,8.0,1.0,12.0,21.0,2.0,2.0,1.0,0.0,1.95,3.0,4.33
0506,18/12/05,Reggina,Inter,0.0,4.0,A,0.0,3.0,A,10.0,20.0,5.0,10.0,6.0,7.0,10.0,19.0,2.0,3.0,0.0,0.0,6.0,3.4,1.61
0506,18/12/05,Sampdoria,Roma,1.0,1.0,D,0.0,1.0,A,9.0,11.0,4.0,6.0,3.0,4.0,20.0,21.0,3.0,2.0,0.0,0.0,2.3,3.0,3.25
0506,18/12/05,Siena,Parma,2.0,2.0,D,0.0,0.0,D,8.0,3.0,4.0,2.0,5.0,2.0,16.0,19.0,3.0,1.0,0.0,0.0,2.0,3.1,4.0
0506,21/12/05,Ascoli,Treviso,1.0,0.0,H,1.0,0.0,H,7.0,5.0,3.0,1.0,6.0,3.0,19.0,14.0,3.0,2.0,1.0,1.0,2.1,2.8,4.0
0506,21/12/05,Fiorentina,Palermo,1.0,0.0,H,1.0,0.0,H,10.0,10.0,3.0,6.0,1.0,7.0,20.0,24.0,2.0,1.0,0.0,0.0,1.72,3.1,5.5
0506,21/12/05,Inter,Empoli,4.0,1.0,H,2.0,0.0,H,17.0,6.0,9.0,4.0,9.0,2.0,18.0,17.0,0.0,1.0,0.0,0.0,1.14,6.0,17.0
0506,21/12/05,Juventus,Siena,2.0,0.0,H,1.0,0.0,H,10.0,6.0,6.0,5.0,8.0,2.0,31.0,28.0,2.0,1.0,0.0,0.0,1.16,6.0,19.0
0506,21/12/05,Lecce,Lazio,0.0,0.0,D,0.0,0.0,D,11.0,4.0,2.0,2.0,5.0,5.0,22.0,15.0,2.0,3.0,1.0,0.0,2.6,3.1,2.7
0506,21/12/05,Livorno,Milan,0.0,3.0,A,0.0,1.0,A,6.0,17.0,2.0,11.0,5.0,5.0,11.0,18.0,1.0,0.0,0.0,0.0,4.33,3.1,1.9
0506,21/12/05,Messina,Reggina,1.0,1.0,D,1.0,0.0,H,6.0,13.0,1.0,5.0,1.0,5.0,21.0,22.0,5.0,1.0,0.0,1.0,2.0,3.0,4.0
0506,21/12/05,Parma,Cagliari,1.0,0.0,H,1.0,0.0,H,5.0,7.0,4.0,1.0,3.0,8.0,21.0,19.0,3.0,3.0,0.0,0.0,2.0,3.0,4.0
0506,21/12/05,Roma,Chievo,4.0,0.0,H,2.0,0.0,H,12.0,7.0,6.0,3.0,1.0,8.0,21.0,11.0,1.0,2.0,0.0,1.0,1.9,3.1,4.33
0506,21/12/05,Udinese,Sampdoria,2.0,0.0,H,0.0,0.0,D,19.0,8.0,7.0,5.0,5.0,5.0,21.0,19.0,2.0,2.0,0.0,0.0,2.4,3.0,3.0
0506,07/01/06,Palermo,Juventus,1.0,2.0,A,1.0,2.0,A,12.0,13.0,6.0,6.0,7.0,6.0,20.0,25.0,2.0,2.0,0.0,0.0,5.5,3.4,1.66
0506,07/01/06,Reggina,Fiorentina,1.0,1.0,D,1.0,1.0,D,6.0,6.0,3.0,3.0,4.0,4.0,26.0,28.0,2.0,3.0,0.0,0.0,3.75,3.2,2.0
0506,08/01/06,Cagliari,Udinese,2.0,1.0,H,1.0,1.0,D,5.0,6.0,4.0,2.0,3.0,1.0,16.0,18.0,3.0,3.0,0.0,2.0,2.62,3.0,2.75
0506,08/01/06,Chievo,Lecce,3.0,1.0,H,1.0,1.0,D,16.0,15.0,11.0,7.0,4.0,10.0,19.0,22.0,1.0,4.0,0.0,0.0,1.72,3.2,5.5
0506,08/01/06,Empoli,Messina,1.0,3.0,A,1.0,1.0,D,8.0,9.0,3.0,5.0,1.0,2.0,17.0,24.0,2.0,4.0,1.0,0.0,2.05,3.0,4.0
0506,08/01/06,Lazio,Ascoli,4.0,1.0,H,2.0,1.0,H,13.0,11.0,8.0,5.0,5.0,3.0,17.0,15.0,1.0,1.0,0.0,0.0,1.57,3.5,6.5
0506,08/01/06,Milan,Parma,4.0,3.0,H,3.0,1.0,H,20.0,9.0,9.0,6.0,5.0,3.0,15.0,21.0,1.0,2.0,0.0,0.0,1.18,6.0,15.0
0506,08/01/06,Sampdoria,Livorno,0.0,2.0,A,0.0,1.0,A,9.0,6.0,6.0,3.0,4.0,7.0,19.0,20.0,1.0,1.0,1.0,0.0,2.0,3.1,4.0
0506,08/01/06,Siena,Inter,0.0,0.0,D,0.0,0.0,D,6.0,13.0,0.0,4.0,5.0,5.0,37.0,15.0,2.0,2.0,0.0,0.0,7.0,3.5,1.53
0506,08/01/06,Treviso,Roma,0.0,1.0,A,0.0,1.0,A,10.0,12.0,3.0,4.0,6.0,5.0,20.0,25.0,1.0,2.0,0.0,0.0,4.2,3.2,1.9
0506,14/01/06,Lecce,Sampdoria,0.0,3.0,A,0.0,2.0,A,12.0,17.0,5.0,9.0,6.0,5.0,16.0,19.0,2.0,2.0,0.0,0.0,2.6,3.1,2.7
0506,14/01/06,Messina,Palermo,0.0,0.0,D,0.0,0.0,D,4.0,6.0,1.0,2.0,6.0,3.0,15.0,12.0,1.0,1.0,0.0,0.0,2.6,3.0,2.8
0506,15/01/06,Ascoli,Empoli,3.0,1.0,H,1.0,1.0,D,12.0,9.0,7.0,4.0,7.0,3.0,19.0,20.0,2.0,5.0,0.0,1.0,2.1,3.0,3.75
0506,15/01/06,Fiorentina,Chievo,2.0,1.0,H,1.0,0.0,H,12.0,8.0,4.0,3.0,6.0,3.0,18.0,28.0,2.0,3.0,0.0,0.0,1.8,3.2,4.75
0506,15/01/06,Inter,Cagliari,3.0,2.0,H,2.0,1.0,H,11.0,7.0,5.0,4.0,5.0,2.0,14.0,23.0,2.0,4.0,0.0,0.0,1.2,5.5,17.0
0506,15/01/06,Juventus,Reggina,1.0,0.0,H,1.0,0.0,H,22.0,3.0,13.0,0.0,7.0,2.0,16.0,23.0,0.0,2.0,0.0,0.0,1.16,6.0,19.0
0506,15/01/06,Livorno,Siena,2.0,2.0,D,1.0,1.0,D,7.0,11.0,4.0,9.0,7.0,5.0,23.0,20.0,2.0,1.0,0.0,0.0,1.72,3.3,5.0
0506,15/01/06,Parma,Lazio,1.0,1.0,D,1.0,1.0,D,6.0,10.0,3.0,3.0,10.0,5.0,27.0,17.0,2.0,3.0,0.0,0.0,2.4,3.0,3.0
0506,15/01/06,Roma,Milan,1.0,0.0,H,0.0,0.0,D,12.0,9.0,6.0,3.0,5.0,10.0,17.0,14.0,1.0,2.0,0.0,0.0,4.0,3.0,2.0
0506,15/01/06,Udinese,Treviso,2.0,2.0,D,1.0,1.0,D,6.0,13.0,4.0,7.0,2.0,3.0,16.0,15.0,3.0,2.0,0.0,0.0,1.61,3.4,6.0
0506,18/01/06,Cagliari,Siena,1.0,0.0,H,0.0,0.0,D,13.0,11.0,5.0,4.0,9.0,4.0,20.0,22.0,1.0,3.0,0.0,0.0,2.1,2.8,3.5
0506,18/01/06,Chievo,Juventus,1.0,1.0,D,1.0,1.0,D,3.0,10.0,1.0,4.0,2.0,10.0,22.0,23.0,4.0,2.0,0.0,0.0,5.0,3.2,1.66
0506,18/01/06,Empoli,Udinese,1.0,1.0,D,0.0,0.0,D,17.0,6.0,10.0,3.0,3.0,5.0,23.0,23.0,1.0,2.0,0.0,0.0,2.4,2.9,2.8
0506,18/01/06,Lecce,Livorno,0.0,0.0,D,0.0,0.0,D,16.0,5.0,8.0,2.0,6.0,3.0,18.0,28.0,4.0,2.0,1.0,0.0,2.6,2.87,2.6
0506,18/01/06,Messina,Lazio,1.0,1.0,D,1.0,0.0,H,17.0,6.0,9.0,5.0,2.0,4.0,23.0,23.0,2.0,4.0,0.0,0.0,2.5,2.87,2.75
0506,18/01/06,Milan,Ascoli,1.0,0.0,H,1.0,0.0,H,11.0,5.0,5.0,2.0,9.0,4.0,17.0,14.0,1.0,2.0,0.0,0.0,1.16,5.5,13.0
0506,18/01/06,Palermo,Parma,4.0,2.0,H,1.0,2.0,A,15.0,10.0,9.0,7.0,6.0,2.0,18.0,19.0,4.0,3.0,0.0,0.0,1.72,3.2,4.5
0506,18/01/06,Roma,Reggina,3.0,1.0,H,1.0,0.0,H,13.0,10.0,7.0,4.0,8.0,4.0,29.0,13.0,2.0,4.0,0.0,0.0,1.44,3.6,7.0
0506,18/01/06,Sampdoria,Fiorentina,3.0,1.0,H,3.0,1.0,H,10.0,6.0,8.0,3.0,4.0,5.0,28.0,24.0,2.0,3.0,0.0,0.0,2.37,2.87,2.87
0506,18/01/06,Treviso,Inter,0.0,1.0,A,0.0,1.0,A,11.0,11.0,5.0,6.0,2.0,4.0,19.0,22.0,2.0,3.0,0.0,0.0,7.0,3.2,1.4
0506,21/01/06,Inter,Palermo,3.0,0.0,H,1.0,0.0,H,13.0,9.0,9.0,5.0,8.0,11.0,23.0,15.0,3.0,2.0,0.0,0.0,1.36,4.33,9.0
0506,21/01/06,Lazio,Cagliari,1.0,1.0,D,1.0,0.0,H,8.0,7.0,4.0,6.0,6.0,5.0,15.0,28.0,3.0,3.0,2.0,0.0,1.61,3.4,6.0
0506,22/01/06,Ascoli,Lecce,2.0,0.0,H,2.0,0.0,H,10.0,13.0,5.0,4.0,4.0,9.0,28.0,21.0,3.0,3.0,1.0,0.0,1.83,3.1,4.75
0506,22/01/06,Fiorentina,Messina,2.0,0.0,H,1.0,0.0,H,22.0,5.0,11.0,3.0,9.0,2.0,24.0,22.0,1.0,2.0,0.0,0.0,1.44,4.0,7.5
0506,22/01/06,Juventus,Empoli,2.0,1.0,H,1.0,1.0,D,14.0,0.0,6.0,0.0,14.0,0.0,24.0,17.0,1.0,2.0,0.0,0.0,1.14,6.5,21.0
0506,22/01/06,Livorno,Treviso,1.0,1.0,D,0.0,1.0,A,10.0,5.0,3.0,1.0,5.0,5.0,23.0,28.0,2.0,0.0,0.0,2.0,1.57,3.4,7.0
0506,22/01/06,Parma,Chievo,2.0,1.0,H,1.0,1.0,D,10.0,10.0,6.0,5.0,1.0,11.0,21.0,25.0,4.0,3.0,1.0,1.0,2.5,2.87,3.0
0506,22/01/06,Reggina,Sampdoria,2.0,1.0,H,2.0,1.0,H,8.0,7.0,5.0,2.0,8.0,5.0,21.0,20.0,1.0,2.0,0.0,0.0,2.75,2.87,2.75
0506,22/01/06,Siena,Milan,0.0,3.0,A,0.0,1.0,A,8.0,17.0,3.0,10.0,2.0,10.0,21.0,22.0,3.0,1.0,0.0,0.0,7.0,3.4,1.57
0506,22/01/06,Udinese,Roma,1.0,4.0,A,0.0,1.0,A,8.0,10.0,3.0,7.0,4.0,4.0,16.0,21.0,2.0,1.0,1.0,0.0,2.75,2.87,2.75
0506,28/01/06,Milan,Sampdoria,1.0,1.0,D,1.0,1.0,D,20.0,14.0,8.0,8.0,5.0,4.0,27.0,14.0,3.0,3.0,0.0,0.0,1.36,3.75,9.0
0506,28/01/06,Palermo,Siena,1.0,3.0,A,0.0,1.0,A,12.0,7.0,5.0,4.0,11.0,1.0,14.0,21.0,1.0,4.0,0.0,0.0,1.66,3.2,5.0
0506,29/01/06,Ascoli,Juventus,1.0,3.0,A,1.0,3.0,A,9.0,8.0,4.0,6.0,0.0,3.0,24.0,27.0,2.0,1.0,0.0,0.0,7.0,3.6,1.44
0506,29/01/06,Chievo,Reggina,4.0,0.0,H,0.0,0.0,D,13.0,8.0,7.0,5.0,4.0,5.0,19.0,20.0,0.0,4.0,0.0,0.0,1.72,3.0,5.0
0506,29/01/06,Empoli,Parma,1.0,2.0,A,0.0,1.0,A,14.0,5.0,8.0,4.0,5.0,2.0,24.0,24.0,2.0,3.0,0.0,0.0,2.1,3.0,3.25
0506,29/01/06,Lecce,Inter,0.0,2.0,A,0.0,0.0,D,7.0,13.0,3.0,6.0,1.0,6.0,25.0,18.0,2.0,3.0,1.0,0.0,7.0,3.75,1.4
0506,29/01/06,Messina,Cagliari,1.0,0.0,H,0.0,0.0,D,11.0,9.0,8.0,5.0,9.0,4.0,14.0,18.0,5.0,2.0,0.0,0.0,2.0,3.0,3.5
0506,29/01/06,Roma,Livorno,3.0,0.0,H,2.0,0.0,H,17.0,5.0,10.0,2.0,4.0,6.0,11.0,13.0,0.0,2.0,0.0,0.0,1.61,3.4,5.0
0506,29/01/06,Treviso,Lazio,0.0,1.0,A,0.0,0.0,D,11.0,4.0,7.0,2.0,10.0,5.0,30.0,23.0,1.0,3.0,0.0,0.0,2.6,2.87,2.6
0506,29/01/06,Udinese,Fiorentina,0.0,0.0,D,0.0,0.0,D,5.0,10.0,3.0,2.0,5.0,5.0,23.0,19.0,5.0,2.0,0.0,0.0,2.87,3.0,2.3
0506,04/02/06,Parma,Roma,0.0,3.0,A,0.0,0.0,D,7.0,19.0,4.0,10.0,5.0,7.0,29.0,14.0,5.0,2.0,0.0,0.0,3.6,3.1,2.1
0506,04/02/06,Siena,Ascoli,1.0,1.0,D,0.0,1.0,A,10.0,7.0,6.0,5.0,11.0,4.0,16.0,27.0,4.0,0.0,0.0,0.0,1.9,3.0,4.5
0506,05/02/06,Cagliari,Empoli,4.0,1.0,H,3.0,0.0,H,9.0,8.0,7.0,3.0,6.0,6.0,14.0,21.0,4.0,1.0,0.0,0.0,1.8,3.2,4.75
0506,05/02/06,Fiorentina,Lecce,1.0,0.0,H,1.0,0.0,H,14.0,6.0,9.0,1.0,3.0,3.0,25.0,24.0,1.0,3.0,0.0,0.0,1.3,4.5,12.0
0506,05/02/06,Inter,Chievo,1.0,0.0,H,1.0,0.0,H,21.0,0.0,11.0,0.0,6.0,5.0,16.0,24.0,2.0,1.0,0.0,0.0,1.33,4.33,10.0
0506,05/02/06,Juventus,Udinese,1.0,0.0,H,0.0,0.0,D,17.0,2.0,8.0,1.0,12.0,5.0,18.0,17.0,1.0,3.0,0.0,1.0,1.25,5.0,13.0
0506,05/02/06,Lazio,Milan,0.0,0.0,D,0.0,0.0,D,8.0,13.0,2.0,7.0,4.0,9.0,18.0,27.0,1.0,1.0,0.0,0.0,3.6,3.1,2.1
0506,05/02/06,Livorno,Messina,2.0,2.0,D,0.0,0.0,D,8.0,7.0,5.0,3.0,4.0,3.0,17.0,18.0,5.0,1.0,0.0,1.0,1.83,3.0,5.0
0506,05/02/06,Reggina,Palermo,2.0,2.0,D,1.0,1.0,D,5.0,8.0,2.0,4.0,2.0,7.0,1.0,2.0,2.0,4.0,0.0,0.0,2.5,2.87,3.0
0506,05/02/06,Sampdoria,Treviso,1.0,1.0,D,1.0,0.0,H,10.0,11.0,4.0,5.0,4.0,6.0,20.0,37.0,2.0,2.0,0.0,0.0,1.44,4.0,7.5
0506,08/02/06,Ascoli,Livorno,0.0,0.0,D,0.0,0.0,D,8.0,3.0,6.0,1.0,6.0,0.0,15.0,18.0,0.0,1.0,0.0,0.0,2.4,2.87,3.2
0506,08/02/06,Chievo,Sampdoria,1.0,1.0,D,0.0,1.0,A,13.0,8.0,6.0,5.0,5.0,7.0,25.0,18.0,1.0,4.0,0.0,1.0,2.3,3.0,3.25
0506,08/02/06,Fiorentina,Inter,2.0,1.0,H,1.0,0.0,H,9.0,10.0,5.0,4.0,4.0,7.0,22.0,20.0,2.0,2.0,0.0,0.0,3.0,3.0,2.4
0506,08/02/06,Juventus,Parma,1.0,1.0,D,1.0,1.0,D,12.0,5.0,5.0,2.0,10.0,0.0,48.0,20.0,0.0,2.0,0.0,0.0,1.16,6.5,15.0
0506,08/02/06,Lecce,Empoli,1.0,2.0,A,0.0,2.0,A,13.0,10.0,5.0,5.0,3.0,1.0,28.0,22.0,2.0,2.0,1.0,0.0,2.1,3.0,3.75
0506,08/02/06,Messina,Siena,0.0,0.0,D,0.0,0.0,D,10.0,5.0,6.0,2.0,0.0,7.0,15.0,20.0,0.0,0.0,0.0,0.0,2.1,3.0,3.75
0506,08/02/06,Milan,Treviso,5.0,0.0,H,1.0,0.0,H,15.0,3.0,11.0,2.0,6.0,2.0,13.0,15.0,0.0,2.0,0.0,0.0,1.16,6.0,19.0
0506,08/02/06,Palermo,Lazio,3.0,1.0,H,1.0,0.0,H,8.0,8.0,5.0,2.0,2.0,5.0,26.0,14.0,3.0,2.0,0.0,1.0,2.2,2.87,3.6
0506,08/02/06,Roma,Cagliari,4.0,3.0,H,2.0,2.0,D,19.0,6.0,12.0,5.0,7.0,1.0,24.0,21.0,2.0,3.0,1.0,1.0,1.4,4.33,7.5
0506,08/02/06,Udinese,Reggina,1.0,2.0,A,1.0,1.0,D,14.0,7.0,3.0,4.0,5.0,4.0,18.0,21.0,0.0,3.0,0.0,0.0,1.72,3.1,5.5
0506,11/02/06,Lazio,Udinese,1.0,1.0,D,1.0,1.0,D,9.0,8.0,3.0,4.0,4.0,4.0,20.0,28.0,1.0,2.0,0.0,0.0,1.9,3.0,4.5
0506,11/02/06,Treviso,Chievo,1.0,2.0,A,0.0,1.0,A,14.0,14.0,9.0,7.0,5.0,4.0,20.0,17.0,0.0,2.0,0.0,0.0,3.0,2.87,2.5
0506,12/02/06,Cagliari,Lecce,0.0,0.0,D,0.0,0.0,D,5.0,11.0,2.0,7.0,4.0,4.0,17.0,21.0,3.0,2.0,0.0,1.0,1.61,3.4,6.0
0506,12/02/06,Empoli,Palermo,0.0,1.0,A,0.0,0.0,D,7.0,8.0,3.0,3.0,4.0,3.0,25.0,26.0,3.0,2.0,0.0,1.0,2.87,2.87,2.6
0506,12/02/06,Inter,Juventus,1.0,2.0,A,0.0,0.0,D,12.0,7.0,7.0,4.0,10.0,4.0,27.0,27.0,2.0,3.0,0.0,0.0,2.5,2.75,3.2
0506,12/02/06,Livorno,Fiorentina,2.0,0.0,H,0.0,0.0,D,7.0,12.0,3.0,2.0,5.0,5.0,21.0,21.0,1.0,2.0,0.0,1.0,2.87,3.0,2.5
0506,12/02/06,Parma,Ascoli,0.0,0.0,D,0.0,0.0,D,5.0,10.0,2.0,7.0,2.0,3.0,25.0,35.0,2.0,4.0,0.0,0.0,1.9,3.0,4.5
0506,12/02/06,Reggina,Milan,1.0,4.0,A,1.0,2.0,A,8.0,13.0,4.0,7.0,7.0,2.0,12.0,22.0,2.0,3.0,0.0,0.0,6.0,3.2,1.66
0506,12/02/06,Sampdoria,Messina,4.0,2.0,H,1.0,1.0,D,23.0,18.0,11.0,8.0,6.0,4.0,27.0,30.0,3.0,2.0,0.0,1.0,1.72,3.1,5.5
0506,12/02/06,Siena,Roma,0.0,2.0,A,0.0,0.0,D,14.0,14.0,6.0,6.0,6.0,2.0,31.0,13.0,5.0,2.0,0.0,0.0,3.75,3.0,2.1
0506,18/02/06,Livorno,Inter,0.0,0.0,D,0.0,0.0,D,6.0,10.0,2.0,3.0,4.0,6.0,16.0,16.0,1.0,3.0,0.0,0.0,4.0,3.2,1.9
0506,18/02/06,Messina,Juventus,2.0,2.0,D,1.0,1.0,D,10.0,13.0,5.0,6.0,7.0,2.0,34.0,25.0,2.0,3.0,0.0,1.0,7.0,3.4,1.57
0506,18/02/06,Milan,Cagliari,1.0,0.0,H,1.0,0.0,H,10.0,2.0,5.0,0.0,11.0,6.0,20.0,18.0,0.0,3.0,0.0,0.0,1.22,5.5,13.0
0506,19/02/06,Chievo,Palermo,0.0,0.0,D,0.0,0.0,D,4.0,12.0,2.0,1.0,7.0,5.0,15.0,20.0,2.0,4.0,0.0,0.0,2.2,2.87,3.6
0506,19/02/06,Fiorentina,Lazio,1.0,2.0,A,0.0,1.0,A,18.0,6.0,7.0,3.0,5.0,2.0,18.0,27.0,1.0,1.0,0.0,0.0,1.66,3.2,6.0
0506,19/02/06,Lecce,Reggina,0.0,0.0,D,0.0,0.0,D,8.0,10.0,3.0,3.0,2.0,4.0,30.0,27.0,5.0,3.0,0.0,0.0,2.37,3.0,3.1
0506,19/02/06,Roma,Empoli,1.0,0.0,H,1.0,0.0,H,10.0,6.0,6.0,3.0,6.0,5.0,15.0,19.0,1.0,3.0,0.0,0.0,1.33,4.5,9.5
0506,19/02/06,Sampdoria,Ascoli,1.0,2.0,A,0.0,0.0,D,8.0,15.0,4.0,8.0,4.0,2.0,25.0,23.0,2.0,3.0,1.0,0.0,1.66,3.2,6.0
0506,19/02/06,Treviso,Parma,0.0,1.0,A,0.0,1.0,A,13.0,6.0,5.0,3.0,10.0,1.0,18.0,26.0,3.0,2.0,0.0,0.0,2.6,2.87,2.87
0506,19/02/06,Udinese,Siena,1.0,2.0,A,1.0,2.0,A,13.0,10.0,5.0,3.0,6.0,2.0,12.0,12.0,2.0,4.0,1.0,0.0,1.83,3.1,4.75
0506,25/02/06,Parma,Fiorentina,2.0,4.0,A,2.0,2.0,D,11.0,14.0,7.0,6.0,4.0,7.0,30.0,24.0,4.0,0.0,0.0,0.0,3.0,2.87,2.5
0506,25/02/06,Reggina,Livorno,1.0,1.0,D,0.0,0.0,D,12.0,7.0,7.0,5.0,9.0,7.0,22.0,17.0,4.0,3.0,0.0,0.0,2.5,2.87,3.0
0506,26/02/06,Ascoli,Messina,1.0,0.0,H,0.0,0.0,D,15.0,11.0,7.0,4.0,8.0,2.0,14.0,25.0,1.0,3.0,0.0,0.0,2.1,2.8,4.0
0506,26/02/06,Cagliari,Chievo,2.0,2.0,D,1.0,0.0,H,5.0,9.0,2.0,3.0,6.0,7.0,19.0,25.0,4.0,2.0,1.0,0.0,2.4,2.87,3.2
0506,26/02/06,Empoli,Treviso,1.0,1.0,D,0.0,0.0,D,7.0,6.0,4.0,3.0,4.0,1.0,20.0,26.0,3.0,4.0,0.0,1.0,1.83,3.0,5.0
0506,26/02/06,Inter,Udinese,3.0,1.0,H,1.0,0.0,H,15.0,10.0,7.0,4.0,4.0,1.0,20.0,19.0,0.0,2.0,1.0,1.0,1.36,4.33,9.0
0506,26/02/06,Juventus,Lecce,3.0,1.0,H,2.0,1.0,H,13.0,5.0,7.0,3.0,8.0,3.0,21.0,18.0,3.0,2.0,0.0,1.0,1.16,6.5,15.0
0506,26/02/06,Lazio,Roma,0.0,2.0,A,0.0,1.0,A,10.0,6.0,2.0,3.0,7.0,3.0,12.0,24.0,2.0,5.0,0.0,0.0,2.6,2.87,2.87
0506,26/02/06,Palermo,Milan,0.0,2.0,A,0.0,0.0,D,12.0,9.0,3.0,4.0,8.0,3.0,16.0,26.0,3.0,3.0,0.0,1.0,4.0,2.8,2.1
0506,26/02/06,Siena,Sampdoria,1.0,0.0,H,0.0,0.0,D,12.0,14.0,5.0,6.0,5.0,8.0,12.0,16.0,1.0,3.0,0.0,1.0,2.6,2.87,2.87
0506,04/03/06,Milan,Empoli,3.0,0.0,H,0.0,0.0,D,17.0,4.0,8.0,0.0,6.0,3.0,8.0,13.0,1.0,0.0,0.0,0.0,1.2,5.5,17.0
0506,04/03/06,Sampdoria,Juventus,0.0,1.0,A,0.0,0.0,D,4.0,11.0,2.0,4.0,10.0,5.0,26.0,18.0,2.0,0.0,0.0,0.0,4.1,3.0,2.0
0506,05/03/06,Chievo,Lazio,2.0,2.0,D,2.0,1.0,H,8.0,11.0,4.0,5.0,6.0,5.0,21.0,26.0,2.0,2.0,0.0,0.0,2.3,2.87,3.4
0506,05/03/06,Fiorentina,Siena,2.0,1.0,H,1.0,1.0,D,10.0,11.0,6.0,5.0,5.0,3.0,20.0,21.0,3.0,2.0,0.0,0.0,1.53,3.75,6.5
0506,05/03/06,Lecce,Palermo,2.0,0.0,H,0.0,0.0,D,11.0,6.0,5.0,3.0,2.0,7.0,18.0,17.0,2.0,2.0,0.0,0.0,3.1,3.0,2.4
0506,05/03/06,Livorno,Cagliari,0.0,1.0,A,0.0,0.0,D,10.0,5.0,4.0,3.0,10.0,1.0,20.0,15.0,1.0,4.0,0.0,0.0,1.72,3.2,5.5
0506,05/03/06,Messina,Parma,0.0,1.0,A,0.0,0.0,D,20.0,9.0,9.0,5.0,13.0,8.0,11.0,11.0,1.0,4.0,0.0,0.0,2.2,2.9,3.6
0506,05/03/06,Roma,Inter,1.0,1.0,D,1.0,0.0,H,9.0,11.0,3.0,5.0,2.0,10.0,23.0,21.0,2.0,2.0,0.0,0.0,2.6,3.0,2.8
0506,05/03/06,Treviso,Reggina,0.0,1.0,A,0.0,0.0,D,12.0,6.0,5.0,3.0,4.0,3.0,27.0,23.0,5.0,2.0,0.0,0.0,2.5,3.0,2.9
0506,05/03/06,Udinese,Ascoli,1.0,1.0,D,0.0,0.0,D,11.0,9.0,3.0,3.0,3.0,7.0,32.0,23.0,3.0,1.0,0.0,1.0,1.8,3.2,4.75
0506,11/03/06,Inter,Sampdoria,1.0,0.0,H,1.0,0.0,H,15.0,6.0,6.0,2.0,4.0,8.0,16.0,10.0,2.0,1.0,0.0,0.0,1.44,4.0,7.5
0506,11/03/06,Siena,Treviso,1.0,0.0,H,0.0,0.0,D,8.0,7.0,5.0,4.0,7.0,6.0,24.0,20.0,4.0,2.0,0.0,0.0,1.66,3.2,6.0
0506,12/03/06,Ascoli,Roma,3.0,2.0,H,3.0,0.0,H,12.0,18.0,8.0,8.0,4.0,10.0,20.0,18.0,3.0,1.0,0.0,1.0,4.0,3.0,2.0
0506,12/03/06,Empoli,Chievo,2.0,1.0,H,0.0,0.0,D,10.0,6.0,4.0,2.0,8.0,7.0,22.0,18.0,4.0,3.0,0.0,0.0,2.75,2.87,2.75
0506,12/03/06,Juventus,Milan,0.0,0.0,D,0.0,0.0,D,8.0,6.0,3.0,2.0,3.0,3.0,24.0,15.0,1.0,3.0,0.0,1.0,2.3,2.75,3.6
0506,12/03/06,Lazio,Reggina,3.0,1.0,H,2.0,0.0,H,10.0,4.0,6.0,3.0,7.0,2.0,23.0,23.0,3.0,4.0,0.0,0.0,1.66,3.2,6.0
0506,12/03/06,Messina,Lecce,2.0,1.0,H,1.0,1.0,D,15.0,6.0,7.0,3.0,8.0,3.0,20.0,24.0,5.0,3.0,0.0,0.0,1.9,3.0,4.5
0506,12/03/06,Palermo,Udinese,2.0,0.0,H,0.0,0.0,D,6.0,6.0,3.0,5.0,2.0,3.0,14.0,22.0,3.0,2.0,0.0,0.0,1.9,3.0,4.5
0506,12/03/06,Parma,Livorno,2.0,1.0,H,1.0,1.0,D,6.0,16.0,5.0,9.0,1.0,6.0,27.0,13.0,4.0,2.0,0.0,0.0,2.3,2.87,3.4
0506,18/03/06,Livorno,Juventus,1.0,3.0,A,0.0,1.0,A,5.0,7.0,3.0,3.0,2.0,4.0,26.0,25.0,2.0,1.0,0.0,0.0,5.0,3.0,1.83
0506,18/03/06,Treviso,Cagliari,1.0,2.0,A,1.0,1.0,D,8.0,7.0,3.0,4.0,0.0,5.0,27.0,21.0,3.0,3.0,0.0,1.0,3.25,3.0,2.3
0506,19/03/06,Chievo,Siena,4.0,1.0,H,1.0,1.0,D,13.0,7.0,8.0,4.0,6.0,5.0,14.0,20.0,2.0,3.0,0.0,2.0,2.0,2.87,4.33
0506,19/03/06,Fiorentina,Ascoli,3.0,1.0,H,0.0,1.0,A,16.0,7.0,9.0,3.0,6.0,2.0,16.0,21.0,1.0,3.0,0.0,1.0,1.44,3.75,8.5
0506,19/03/06,Inter,Lazio,3.0,1.0,H,1.0,0.0,H,21.0,8.0,10.0,6.0,14.0,6.0,18.0,8.0,2.0,1.0,0.0,0.0,1.5,3.6,7.5
0506,19/03/06,Lecce,Parma,1.0,2.0,A,0.0,0.0,D,16.0,11.0,10.0,5.0,8.0,3.0,15.0,22.0,2.0,4.0,0.0,0.0,2.4,3.0,3.0
0506,19/03/06,Reggina,Empoli,0.0,2.0,A,0.0,0.0,D,8.0,10.0,3.0,5.0,6.0,3.0,24.0,19.0,4.0,2.0,1.0,0.0,2.0,3.0,4.0
0506,19/03/06,Roma,Messina,2.0,1.0,H,1.0,0.0,H,17.0,7.0,7.0,6.0,11.0,4.0,14.0,29.0,1.0,3.0,0.0,1.0,1.5,3.6,7.5
0506,19/03/06,Sampdoria,Palermo,0.0,2.0,A,0.0,0.0,D,15.0,14.0,7.0,7.0,7.0,2.0,18.0,19.0,4.0,3.0,0.0,0.0,2.0,3.0,4.0
0506,19/03/06,Udinese,Milan,0.0,4.0,A,0.0,1.0,A,6.0,6.0,4.0,4.0,4.0,3.0,14.0,11.0,1.0,0.0,0.0,0.0,5.5,3.4,1.66
0506,22/03/06,Cagliari,Fiorentina,0.0,0.0,D,0.0,0.0,D,12.0,13.0,4.0,6.0,6.0,4.0,17.0,29.0,2.0,5.0,0.0,0.0,2.87,2.3,3.0
0506,26/03/06,Ascoli,Chievo,2.0,2.0,D,1.0,1.0,D,9.0,4.0,4.0,3.0,5.0,7.0,16.0,22.0,1.0,2.0,0.0,0.0,2.37,2.75,3.4
0506,26/03/06,Cagliari,Reggina,0.0,2.0,A,0.0,2.0,A,14.0,6.0,6.0,2.0,6.0,3.0,23.0,27.0,4.0,5.0,0.0,0.0,1.9,3.0,4.5
0506,26/03/06,Empoli,Livorno,2.0,1.0,H,1.0,0.0,H,16.0,8.0,6.0,3.0,0.0,4.0,18.0,24.0,1.0,2.0,0.0,0.0,2.4,2.87,3.2
0506,25/03/06,Juventus,Roma,1.0,1.0,D,1.0,0.0,H,5.0,9.0,3.0,4.0,2.0,6.0,19.0,20.0,1.0,3.0,1.0,0.0,1.72,3.1,5.5
0506,26/03/06,Lazio,Sampdoria,2.0,0.0,H,0.0,0.0,D,11.0,4.0,3.0,1.0,6.0,3.0,21.0,31.0,2.0,6.0,0.0,0.0,1.9,3.0,4.5
0506,26/03/06,Messina,Udinese,1.0,1.0,D,1.0,1.0,D,6.0,12.0,4.0,7.0,7.0,4.0,16.0,23.0,1.0,3.0,0.0,0.0,2.3,2.87,3.4
0506,25/03/06,Milan,Fiorentina,3.0,1.0,H,1.0,1.0,D,11.0,6.0,6.0,3.0,10.0,2.0,16.0,18.0,2.0,1.0,0.0,0.0,1.61,3.4,6.0
0506,26/03/06,Palermo,Treviso,1.0,0.0,H,0.0,0.0,D,8.0,8.0,5.0,3.0,4.0,6.0,16.0,19.0,1.0,1.0,0.0,0.0,1.33,4.5,9.5
0506,25/03/06,Parma,Inter,1.0,0.0,H,1.0,0.0,H,11.0,18.0,9.0,9.0,2.0,14.0,25.0,18.0,4.0,4.0,0.0,0.0,4.75,3.1,1.83
0506,26/03/06,Siena,Lecce,1.0,2.0,A,0.0,1.0,A,11.0,12.0,7.0,4.0,6.0,3.0,20.0,19.0,2.0,5.0,1.0,0.0,1.57,3.4,5.5
0506,01/04/06,Inter,Messina,3.0,0.0,H,3.0,0.0,H,13.0,4.0,7.0,0.0,6.0,1.0,12.0,15.0,0.0,1.0,0.0,0.0,1.33,4.5,9.5
0506,01/04/06,Lecce,Milan,1.0,0.0,H,0.0,0.0,D,12.0,8.0,6.0,5.0,6.0,3.0,17.0,18.0,2.0,1.0,0.0,0.0,6.5,3.6,1.53
0506,01/04/06,Treviso,Juventus,0.0,0.0,D,0.0,0.0,D,5.0,15.0,1.0,6.0,3.0,14.0,26.0,17.0,3.0,4.0,0.0,0.0,7.5,4.33,1.4
0506,02/04/06,Chievo,Livorno,2.0,1.0,H,1.0,1.0,D,6.0,6.0,4.0,4.0,5.0,1.0,20.0,26.0,1.0,2.0,1.0,0.0,2.0,2.87,4.33
0506,02/04/06,Fiorentina,Roma,1.0,1.0,D,1.0,0.0,H,8.0,17.0,5.0,7.0,4.0,7.0,16.0,24.0,3.0,4.0,0.0,0.0,2.3,3.0,3.25
0506,02/04/06,Lazio,Empoli,3.0,3.0,D,2.0,1.0,H,13.0,4.0,8.0,3.0,8.0,4.0,20.0,24.0,1.0,1.0,0.0,0.0,1.61,3.4,6.0
0506,02/04/06,Palermo,Ascoli,1.0,1.0,D,1.0,0.0,H,5.0,4.0,4.0,2.0,1.0,6.0,15.0,11.0,1.0,2.0,1.0,0.0,1.66,3.4,5.5
0506,02/04/06,Reggina,Siena,1.0,1.0,D,0.0,1.0,A,11.0,5.0,4.0,2.0,5.0,7.0,8.0,18.0,0.0,3.0,0.0,0.0,2.3,2.25,4.33
0506,02/04/06,Sampdoria,Cagliari,1.0,1.0,D,1.0,0.0,H,7.0,5.0,5.0,3.0,5.0,1.0,25.0,15.0,3.0,3.0,0.0,0.0,2.1,2.8,4.0
0506,02/04/06,Udinese,Parma,2.0,0.0,H,1.0,0.0,H,11.0,2.0,4.0,1.0,4.0,4.0,15.0,26.0,4.0,2.0,0.0,0.0,1.83,3.1,4.75
0506,08/04/06,Ascoli,Inter,1.0,2.0,A,1.0,0.0,H,8.0,14.0,3.0,8.0,1.0,3.0,18.0,18.0,3.0,1.0,0.0,1.0,4.75,3.2,1.8
0506,08/04/06,Livorno,Udinese,0.0,2.0,A,0.0,1.0,A,12.0,6.0,6.0,4.0,3.0,1.0,16.0,18.0,1.0,0.0,0.0,1.0,2.62,2.62,3.2
0506,09/04/06,Cagliari,Palermo,1.0,1.0,D,1.0,0.0,H,11.0,7.0,5.0,3.0,2.0,7.0,15.0,12.0,1.0,2.0,0.0,0.0,2.25,2.8,3.6
0506,09/04/06,Empoli,Sampdoria,2.0,1.0,H,1.0,0.0,H,5.0,12.0,4.0,4.0,2.0,5.0,22.0,22.0,0.0,1.0,0.0,0.0,2.4,2.7,3.4
0506,09/04/06,Juventus,Fiorentina,1.0,1.0,D,0.0,0.0,D,15.0,11.0,4.0,5.0,10.0,0.0,17.0,20.0,3.0,3.0,0.0,0.0,1.72,3.3,5.0
0506,09/04/06,Messina,Treviso,3.0,1.0,H,1.0,1.0,D,12.0,2.0,7.0,2.0,6.0,2.0,18.0,13.0,5.0,3.0,0.0,0.0,1.25,4.75,9.0
0506,09/04/06,Milan,Chievo,4.0,1.0,H,1.0,1.0,D,18.0,9.0,9.0,4.0,9.0,3.0,12.0,14.0,0.0,2.0,0.0,0.0,1.33,4.5,9.5
0506,09/04/06,Parma,Reggina,4.0,0.0,H,2.0,0.0,H,12.0,14.0,5.0,4.0,1.0,7.0,22.0,15.0,0.0,0.0,1.0,1.0,,,
0506,09/04/06,Roma,Lecce,3.0,1.0,H,2.0,0.0,H,6.0,12.0,5.0,2.0,8.0,4.0,24.0,18.0,3.0,1.0,0.0,0.0,1.33,4.5,9.5
0506,09/04/06,Siena,Lazio,2.0,3.0,A,2.0,2.0,D,16.0,12.0,9.0,10.0,5.0,4.0,22.0,19.0,1.0,3.0,0.0,0.0,2.8,2.2,3.2
0506,14/04/06,Milan,Inter,1.0,0.0,H,0.0,0.0,D,8.0,11.0,4.0,5.0,3.0,4.0,24.0,18.0,4.0,4.0,0.0,0.0,2.4,3.0,3.1
0506,15/04/06,Cagliari,Juventus,1.0,1.0,D,1.0,0.0,H,2.0,16.0,1.0,5.0,1.0,9.0,31.0,30.0,4.0,2.0,2.0,0.0,4.33,2.87,2.0
0506,15/04/06,Chievo,Messina,2.0,0.0,H,1.0,0.0,H,9.0,10.0,3.0,2.0,3.0,8.0,19.0,25.0,3.0,4.0,1.0,0.0,1.9,3.25,4.0
0506,15/04/06,Empoli,Siena,2.0,1.0,H,2.0,0.0,H,10.0,14.0,4.0,9.0,4.0,5.0,15.0,19.0,2.0,2.0,0.0,0.0,,,
0506,15/04/06,Lazio,Livorno,3.0,1.0,H,1.0,0.0,H,4.0,5.0,4.0,3.0,2.0,2.0,23.0,24.0,2.0,3.0,0.0,1.0,1.57,3.5,6.5
0506,15/04/06,Lecce,Udinese,1.0,2.0,A,1.0,1.0,D,15.0,10.0,6.0,4.0,4.0,6.0,19.0,18.0,1.0,4.0,0.0,0.0,3.2,3.1,2.25
0506,15/04/06,Palermo,Roma,3.0,3.0,D,0.0,3.0,A,15.0,10.0,7.0,6.0,4.0,1.0,21.0,19.0,3.0,3.0,0.0,0.0,3.1,3.1,2.3
0506,15/04/06,Reggina,Ascoli,2.0,0.0,H,2.0,0.0,H,5.0,7.0,4.0,0.0,7.0,9.0,19.0,14.0,3.0,1.0,1.0,0.0,1.9,2.8,5.0
0506,15/04/06,Sampdoria,Parma,1.0,2.0,A,1.0,0.0,H,10.0,12.0,3.0,5.0,3.0,2.0,18.0,22.0,0.0,1.0,0.0,0.0,1.9,2.5,5.5
0506,15/04/06,Treviso,Fiorentina,1.0,3.0,A,1.0,1.0,D,5.0,8.0,1.0,5.0,6.0,5.0,16.0,16.0,1.0,2.0,0.0,0.0,10.0,5.0,1.28
0506,22/04/06,Ascoli,Cagliari,2.0,2.0,D,1.0,0.0,H,23.0,5.0,7.0,3.0,8.0,2.0,18.0,14.0,4.0,2.0,1.0,2.0,2.5,2.1,4.0
0506,22/04/06,Fiorentina,Empoli,2.0,1.0,H,1.0,0.0,H,19.0,7.0,11.0,5.0,7.0,4.0,24.0,23.0,1.0,3.0,0.0,0.0,1.25,5.0,8.0
0506,22/04/06,Inter,Reggina,4.0,0.0,H,3.0,0.0,H,16.0,4.0,13.0,2.0,5.0,1.0,16.0,13.0,0.0,0.0,0.0,0.0,1.25,5.0,8.0
0506,22/04/06,Juventus,Lazio,1.0,1.0,D,0.0,1.0,A,24.0,4.0,9.0,3.0,15.0,3.0,20.0,13.0,2.0,3.0,0.0,1.0,1.61,3.4,5.0
0506,22/04/06,Lecce,Treviso,1.0,1.0,D,1.0,0.0,H,17.0,18.0,8.0,11.0,8.0,4.0,18.0,22.0,0.0,2.0,1.0,0.0,1.61,3.4,5.0
0506,22/04/06,Livorno,Palermo,3.0,1.0,H,2.0,0.0,H,13.0,13.0,8.0,6.0,3.0,4.0,23.0,13.0,3.0,2.0,0.0,0.0,3.0,3.0,2.25
0506,22/04/06,Messina,Milan,1.0,3.0,A,1.0,2.0,A,6.0,11.0,3.0,6.0,3.0,5.0,23.0,14.0,5.0,4.0,3.0,1.0,3.5,3.25,1.9
0506,22/04/06,Parma,Siena,1.0,1.0,D,0.0,1.0,A,8.0,7.0,3.0,1.0,4.0,3.0,16.0,20.0,1.0,1.0,0.0,0.0,2.4,2.1,4.33
0506,22/04/06,Roma,Sampdoria,0.0,0.0,D,0.0,0.0,D,11.0,5.0,4.0,3.0,3.0,5.0,15.0,20.0,2.0,6.0,1.0,0.0,1.33,4.5,6.5
0506,22/04/06,Udinese,Chievo,1.0,1.0,D,0.0,0.0,D,12.0,5.0,7.0,1.0,4.0,1.0,21.0,16.0,2.0,1.0,0.0,0.0,2.4,2.0,4.75
0506,30/04/06,Cagliari,Parma,3.0,1.0,H,2.0,0.0,H,10.0,8.0,5.0,3.0,1.0,5.0,6.0,21.0,0.0,1.0,0.0,0.0,1.44,4.0,7.5
0506,30/04/06,Chievo,Roma,4.0,4.0,D,2.0,3.0,A,8.0,15.0,7.0,10.0,3.0,9.0,25.0,17.0,1.0,3.0,0.0,0.0,3.25,3.2,2.2
0506,30/04/06,Empoli,Inter,1.0,0.0,H,0.0,0.0,D,8.0,12.0,1.0,3.0,2.0,7.0,16.0,17.0,1.0,1.0,0.0,0.0,5.0,3.3,1.72
0506,30/04/06,Lazio,Lecce,1.0,0.0,H,0.0,0.0,D,8.0,3.0,2.0,2.0,7.0,3.0,15.0,22.0,0.0,4.0,0.0,1.0,1.2,5.5,17.0
0506,30/04/06,Milan,Livorno,2.0,0.0,H,1.0,0.0,H,17.0,4.0,9.0,2.0,6.0,2.0,15.0,24.0,0.0,0.0,0.0,0.0,1.2,5.5,17.0
0506,30/04/06,Palermo,Fiorentina,1.0,0.0,H,0.0,0.0,D,7.0,10.0,4.0,2.0,2.0,7.0,23.0,20.0,2.0,4.0,0.0,0.0,3.75,3.2,2.0
0506,30/04/06,Reggina,Messina,3.0,0.0,H,0.0,0.0,D,12.0,9.0,8.0,5.0,2.0,3.0,12.0,23.0,3.0,3.0,0.0,1.0,1.9,3.25,4.0
0506,30/04/06,Sampdoria,Udinese,1.0,1.0,D,0.0,0.0,D,9.0,9.0,6.0,3.0,4.0,3.0,8.0,9.0,0.0,0.0,0.0,0.0,3.1,1.66,5.0
0506,30/04/06,Siena,Juventus,0.0,3.0,A,0.0,3.0,A,12.0,6.0,5.0,5.0,4.0,5.0,12.0,14.0,1.0,0.0,0.0,0.0,9.0,4.0,1.4
0506,30/04/06,Treviso,Ascoli,2.0,2.0,D,2.0,1.0,H,7.0,14.0,4.0,9.0,2.0,8.0,18.0,20.0,0.0,1.0,0.0,0.0,3.75,2.2,2.5
0506,07/05/06,Ascoli,Lazio,1.0,4.0,A,1.0,3.0,A,9.0,8.0,5.0,6.0,2.0,3.0,26.0,16.0,3.0,1.0,0.0,0.0,2.87,2.5,3.0
0506,07/05/06,Fiorentina,Reggina,5.0,2.0,H,3.0,0.0,H,16.0,9.0,9.0,5.0,4.0,2.0,8.0,18.0,1.0,2.0,0.0,0.0,1.12,7.0,21.0
0506,07/05/06,Inter,Siena,1.0,1.0,D,0.0,0.0,D,11.0,9.0,7.0,5.0,2.0,3.0,9.0,11.0,1.0,2.0,1.0,0.0,1.4,4.0,9.0
0506,07/05/06,Juventus,Palermo,2.0,1.0,H,1.0,0.0,H,10.0,6.0,6.0,4.0,5.0,3.0,30.0,4.0,3.0,1.0,0.0,0.0,1.14,6.5,21.0
0506,07/05/06,Lecce,Chievo,0.0,0.0,D,0.0,0.0,D,17.0,11.0,4.0,5.0,8.0,7.0,20.0,14.0,2.0,0.0,1.0,0.0,5.5,3.1,1.72
0506,07/05/06,Livorno,Sampdoria,0.0,0.0,D,0.0,0.0,D,8.0,3.0,3.0,1.0,4.0,4.0,16.0,23.0,1.0,0.0,0.0,0.0,2.4,2.4,4.0
0506,07/05/06,Messina,Empoli,1.0,2.0,A,0.0,1.0,A,12.0,4.0,4.0,3.0,4.0,4.0,10.0,5.0,4.0,0.0,1.0,0.0,2.37,2.75,3.4
0506,07/05/06,Parma,Milan,2.0,3.0,A,0.0,2.0,A,9.0,8.0,7.0,6.0,5.0,6.0,19.0,20.0,2.0,2.0,0.0,0.0,9.0,5.0,1.3
0506,07/05/06,Roma,Treviso,1.0,0.0,H,1.0,0.0,H,15.0,9.0,5.0,3.0,8.0,4.0,19.0,17.0,0.0,3.0,0.0,0.0,1.1,8.0,26.0
0506,07/05/06,Udinese,Cagliari,2.0,0.0,H,1.0,0.0,H,13.0,13.0,8.0,5.0,4.0,6.0,13.0,17.0,0.0,2.0,0.0,0.0,1.72,3.0,6.0
0506,14/05/06,Cagliari,Inter,2.0,2.0,D,2.0,2.0,D,8.0,12.0,2.0,3.0,2.0,3.0,12.0,14.0,0.0,3.0,0.0,0.0,2.62,2.87,2.6
0506,14/05/06,Chievo,Fiorentina,0.0,2.0,A,0.0,1.0,A,8.0,13.0,3.0,6.0,6.0,2.0,20.0,16.0,0.0,0.0,0.0,0.0,8.5,3.25,1.44
0506,14/05/06,Empoli,Ascoli,1.0,2.0,A,1.0,0.0,H,11.0,8.0,6.0,4.0,5.0,2.0,21.0,17.0,1.0,1.0,1.0,0.0,1.8,2.7,5.0
0506,14/05/06,Lazio,Parma,1.0,0.0,H,0.0,0.0,D,8.0,8.0,4.0,2.0,4.0,5.0,15.0,20.0,0.0,0.0,0.0,0.0,1.8,2.7,5.0
0506,14/05/06,Milan,Roma,2.0,1.0,H,1.0,1.0,D,12.0,8.0,5.0,4.0,6.0,5.0,16.0,19.0,1.0,2.0,0.0,1.0,1.61,3.6,4.5
0506,14/05/06,Palermo,Messina,1.0,0.0,H,1.0,0.0,H,9.0,9.0,3.0,3.0,3.0,4.0,15.0,17.0,0.0,0.0,0.0,0.0,1.36,3.8,8.0
0506,14/05/06,Reggina,Juventus,0.0,2.0,A,0.0,1.0,A,4.0,14.0,1.0,6.0,1.0,10.0,15.0,16.0,3.0,2.0,0.0,0.0,15.0,5.0,1.18
0506,14/05/06,Sampdoria,Lecce,1.0,3.0,A,0.0,1.0,A,16.0,15.0,6.0,8.0,7.0,5.0,27.0,13.0,2.0,0.0,0.0,0.0,1.57,2.87,7.0
0506,14/05/06,Siena,Livorno,0.0,0.0,D,0.0,0.0,D,10.0,8.0,5.0,1.0,2.0,5.0,18.0,17.0,0.0,0.0,0.0,0.0,2.3,2.25,4.2
0506,14/05/06,Treviso,Udinese,2.0,1.0,H,1.0,1.0,D,15.0,6.0,10.0,2.0,8.0,1.0,12.0,16.0,3.0,1.0,0.0,1.0,3.8,2.3,2.4
0607,09/09/06,Fiorentina,Inter,2.0,3.0,A,0.0,2.0,A,10.0,9.0,8.0,5.0,6.0,2.0,26.0,24.0,3.0,1.0,0.0,0.0,3.25,3.0,2.3
0607,09/09/06,Roma,Livorno,2.0,0.0,H,1.0,0.0,H,11.0,6.0,7.0,3.0,8.0,6.0,19.0,17.0,2.0,2.0,0.0,0.0,1.44,3.75,8.5
0607,10/09/06,Atalanta,Ascoli,3.0,1.0,H,3.0,0.0,H,11.0,7.0,6.0,2.0,4.0,4.0,24.0,10.0,1.0,2.0,0.0,0.0,1.83,3.0,5.0
0607,10/09/06,Cagliari,Catania,0.0,1.0,A,0.0,0.0,D,16.0,9.0,7.0,5.0,3.0,5.0,16.0,17.0,0.0,5.0,1.0,0.0,1.72,3.1,5.5
0607,10/09/06,Chievo,Siena,1.0,2.0,A,1.0,0.0,H,3.0,7.0,2.0,6.0,6.0,7.0,14.0,26.0,4.0,1.0,1.0,0.0,1.72,3.1,5.5
0607,10/09/06,Messina,Udinese,1.0,0.0,H,0.0,0.0,D,9.0,12.0,5.0,4.0,4.0,4.0,16.0,18.0,3.0,1.0,0.0,0.0,2.8,3.0,2.6
0607,10/09/06,Milan,Lazio,2.0,1.0,H,1.0,0.0,H,8.0,10.0,6.0,6.0,4.0,3.0,14.0,14.0,3.0,3.0,0.0,0.0,1.44,3.75,8.5
0607,10/09/06,Palermo,Reggina,4.0,3.0,H,3.0,1.0,H,13.0,13.0,6.0,8.0,4.0,3.0,31.0,23.0,4.0,4.0,0.0,1.0,1.44,3.75,8.5
0607,10/09/06,Sampdoria,Empoli,1.0,2.0,A,1.0,1.0,D,13.0,13.0,4.0,7.0,7.0,6.0,36.0,28.0,3.0,1.0,2.0,0.0,1.57,3.4,7.0
0607,10/09/06,Torino,Parma,1.0,1.0,D,0.0,0.0,D,16.0,10.0,9.0,4.0,6.0,1.0,18.0,21.0,2.0,2.0,0.0,0.0,2.0,3.2,3.75
0607,16/09/06,Inter,Sampdoria,1.0,1.0,D,0.0,0.0,D,11.0,3.0,5.0,1.0,8.0,4.0,18.0,12.0,3.0,2.0,0.0,0.0,1.28,4.75,11.0
0607,16/09/06,Reggina,Cagliari,2.0,1.0,H,0.0,0.0,D,14.0,9.0,8.0,1.0,9.0,2.0,20.0,18.0,3.0,3.0,0.0,0.0,2.25,3.1,3.2
0607,17/09/06,Ascoli,Messina,1.0,1.0,D,0.0,0.0,D,13.0,4.0,4.0,2.0,8.0,2.0,12.0,14.0,3.0,4.0,0.0,1.0,2.25,3.0,3.3
0607,17/09/06,Catania,Atalanta,0.0,0.0,D,0.0,0.0,D,10.0,6.0,5.0,2.0,8.0,1.0,29.0,24.0,3.0,6.0,0.0,0.0,2.25,3.0,3.3
0607,17/09/06,Empoli,Chievo,1.0,1.0,D,0.0,1.0,A,11.0,4.0,2.0,1.0,6.0,6.0,24.0,19.0,1.0,1.0,0.0,1.0,2.2,3.0,3.4
0607,17/09/06,Lazio,Palermo,1.0,2.0,A,0.0,2.0,A,16.0,8.0,12.0,5.0,14.0,3.0,23.0,29.0,4.0,4.0,0.0,0.0,2.0,3.1,3.8
0607,17/09/06,Livorno,Fiorentina,1.0,0.0,H,0.0,0.0,D,10.0,16.0,4.0,5.0,3.0,5.0,24.0,23.0,1.0,2.0,0.0,1.0,3.25,3.0,2.3
0607,17/09/06,Parma,Milan,0.0,2.0,A,0.0,1.0,A,12.0,11.0,6.0,7.0,3.0,4.0,16.0,12.0,2.0,3.0,0.0,0.0,6.0,3.8,1.53
0607,17/09/06,Siena,Roma,1.0,3.0,A,0.0,0.0,D,5.0,19.0,2.0,12.0,4.0,7.0,12.0,12.0,1.0,0.0,1.0,0.0,4.0,3.25,1.9
0607,17/09/06,Udinese,Torino,2.0,0.0,H,1.0,0.0,H,14.0,11.0,6.0,4.0,3.0,6.0,16.0,26.0,4.0,1.0,0.0,0.0,2.0,3.1,4.0
0607,20/09/06,Atalanta,Empoli,0.0,0.0,D,0.0,0.0,D,6.0,7.0,3.0,4.0,6.0,7.0,15.0,14.0,3.0,1.0,0.0,0.0,2.0,3.0,4.0
0607,20/09/06,Cagliari,Livorno,2.0,2.0,D,1.0,1.0,D,16.0,5.0,9.0,2.0,8.0,3.0,17.0,29.0,1.0,2.0,0.0,0.0,2.25,2.87,3.5
0607,20/09/06,Chievo,Lazio,0.0,1.0,A,0.0,0.0,D,5.0,7.0,2.0,6.0,5.0,6.0,16.0,12.0,4.0,1.0,0.0,0.0,2.5,2.87,3.0
0607,20/09/06,Fiorentina,Parma,1.0,0.0,H,1.0,0.0,H,11.0,10.0,6.0,5.0,8.0,4.0,23.0,28.0,2.0,6.0,1.0,0.0,1.5,3.75,7.0
0607,20/09/06,Messina,Reggina,2.0,0.0,H,1.0,0.0,H,8.0,13.0,2.0,3.0,1.0,5.0,16.0,18.0,6.0,3.0,0.0,0.0,2.1,3.0,3.75
0607,20/09/06,Milan,Ascoli,1.0,0.0,H,0.0,0.0,D,16.0,12.0,5.0,6.0,5.0,1.0,9.0,11.0,0.0,2.0,0.0,0.0,1.16,6.0,19.0
0607,20/09/06,Palermo,Catania,5.0,3.0,H,1.0,1.0,D,16.0,9.0,9.0,5.0,8.0,8.0,29.0,20.0,1.0,2.0,1.0,0.0,1.57,3.4,7.0
0607,20/09/06,Roma,Inter,0.0,1.0,A,0.0,1.0,A,10.0,9.0,6.0,7.0,7.0,8.0,18.0,21.0,3.0,1.0,0.0,1.0,2.6,2.87,2.87
0607,20/09/06,Sampdoria,Udinese,3.0,3.0,D,1.0,3.0,A,14.0,9.0,8.0,7.0,8.0,2.0,21.0,20.0,4.0,2.0,0.0,0.0,2.1,3.0,3.75
0607,20/09/06,Torino,Siena,1.0,2.0,A,1.0,2.0,A,11.0,8.0,4.0,5.0,6.0,4.0,13.0,18.0,1.0,3.0,0.0,0.0,2.0,3.0,4.0
0607,23/09/06,Catania,Messina,2.0,2.0,D,0.0,1.0,A,14.0,11.0,7.0,5.0,8.0,3.0,17.0,22.0,3.0,3.0,1.0,1.0,2.3,2.87,3.4
0607,23/09/06,Livorno,Milan,0.0,0.0,D,0.0,0.0,D,8.0,16.0,2.0,5.0,4.0,5.0,18.0,17.0,2.0,3.0,0.0,0.0,6.0,3.4,1.61
0607,24/09/06,Ascoli,Sampdoria,1.0,1.0,D,1.0,0.0,H,12.0,9.0,5.0,6.0,11.0,7.0,23.0,17.0,4.0,2.0,0.0,1.0,2.37,2.87,2.87
0607,24/09/06,Empoli,Palermo,2.0,0.0,H,1.0,0.0,H,11.0,14.0,6.0,4.0,4.0,3.0,21.0,22.0,2.0,3.0,0.0,1.0,3.1,3.0,2.4
0607,24/09/06,Inter,Chievo,4.0,3.0,H,1.0,0.0,H,13.0,6.0,9.0,4.0,8.0,3.0,18.0,13.0,2.0,0.0,0.0,0.0,1.22,5.5,13.0
0607,24/09/06,Lazio,Atalanta,1.0,0.0,H,0.0,0.0,D,15.0,7.0,9.0,4.0,6.0,2.0,20.0,23.0,2.0,4.0,0.0,0.0,1.7,3.25,4.5
0607,24/09/06,Parma,Roma,0.0,4.0,A,0.0,2.0,A,13.0,15.0,4.0,8.0,3.0,4.0,23.0,16.0,3.0,3.0,0.0,0.0,4.0,3.1,2.0
0607,24/09/06,Reggina,Torino,1.0,1.0,D,0.0,0.0,D,11.0,11.0,3.0,3.0,7.0,2.0,21.0,26.0,3.0,5.0,0.0,0.0,2.2,3.1,3.4
0607,24/09/06,Siena,Cagliari,0.0,0.0,D,0.0,0.0,D,4.0,9.0,1.0,3.0,4.0,3.0,31.0,18.0,2.0,2.0,1.0,0.0,2.05,3.1,3.75
0607,24/09/06,Udinese,Fiorentina,1.0,0.0,H,1.0,0.0,H,12.0,10.0,5.0,7.0,4.0,7.0,19.0,20.0,2.0,2.0,0.0,0.0,2.37,2.9,3.2
0607,30/09/06,Atalanta,Reggina,1.0,1.0,D,1.0,1.0,D,11.0,14.0,3.0,2.0,5.0,3.0,17.0,19.0,3.0,3.0,0.0,0.0,1.9,3.1,4.33
0607,30/09/06,Torino,Lazio,0.0,4.0,A,0.0,0.0,D,14.0,12.0,1.0,6.0,5.0,4.0,14.0,14.0,1.0,1.0,0.0,0.0,2.5,2.87,3.0
0607,01/10/06,Cagliari,Inter,1.0,1.0,D,1.0,1.0,D,7.0,15.0,2.0,5.0,3.0,6.0,11.0,26.0,2.0,4.0,0.0,0.0,6.0,3.4,1.61
0607,01/10/06,Chievo,Palermo,0.0,1.0,A,0.0,1.0,A,6.0,7.0,3.0,3.0,5.0,4.0,19.0,15.0,1.0,2.0,0.0,0.0,2.75,2.87,2.75
0607,01/10/06,Fiorentina,Catania,3.0,0.0,H,0.0,0.0,D,19.0,3.0,14.0,1.0,8.0,2.0,27.0,20.0,3.0,3.0,0.0,2.0,1.4,4.0,9.0
0607,01/10/06,Messina,Livorno,0.0,1.0,A,0.0,0.0,D,13.0,12.0,5.0,7.0,6.0,1.0,10.0,10.0,2.0,3.0,0.0,0.0,2.3,2.87,3.4
0607,01/10/06,Milan,Siena,0.0,0.0,D,0.0,0.0,D,18.0,12.0,8.0,6.0,9.0,2.0,12.0,14.0,0.0,4.0,0.0,0.0,1.22,5.5,13.0
0607,01/10/06,Roma,Empoli,1.0,0.0,H,1.0,0.0,H,14.0,10.0,7.0,2.0,3.0,7.0,15.0,17.0,1.0,0.0,0.0,0.0,1.36,4.33,9.0
0607,01/10/06,Sampdoria,Parma,3.0,2.0,H,1.0,1.0,D,16.0,12.0,8.0,5.0,6.0,6.0,26.0,20.0,4.0,3.0,0.0,1.0,1.8,3.2,4.75
0607,01/10/06,Udinese,Ascoli,0.0,0.0,D,0.0,0.0,D,13.0,11.0,7.0,4.0,5.0,2.0,21.0,23.0,3.0,2.0,0.0,0.0,1.57,3.4,7.0
0607,14/10/06,Sampdoria,Milan,1.0,1.0,D,0.0,0.0,D,11.0,11.0,5.0,5.0,1.0,5.0,10.0,17.0,3.0,3.0,0.0,0.0,4.75,3.2,1.8
0607,14/10/06,Siena,Messina,3.0,1.0,H,1.0,1.0,D,20.0,4.0,9.0,3.0,5.0,2.0,24.0,17.0,1.0,1.0,1.0,2.0,2.0,2.87,4.33
0607,15/10/06,Ascoli,Livorno,0.0,2.0,A,0.0,1.0,A,9.0,4.0,4.0,4.0,3.0,5.0,18.0,18.0,5.0,2.0,0.0,1.0,2.5,2.8,3.1
0607,15/10/06,Empoli,Fiorentina,1.0,2.0,A,1.0,0.0,H,6.0,20.0,1.0,8.0,3.0,6.0,18.0,23.0,3.0,6.0,0.0,1.0,3.2,2.87,2.4
0607,15/10/06,Inter,Catania,2.0,1.0,H,1.0,1.0,D,8.0,5.0,4.0,3.0,10.0,3.0,22.0,14.0,1.0,2.0,0.0,0.0,1.2,5.5,17.0
0607,15/10/06,Lazio,Cagliari,0.0,0.0,D,0.0,0.0,D,10.0,3.0,4.0,0.0,7.0,5.0,21.0,15.0,4.0,1.0,1.0,2.0,1.61,3.4,6.0
0607,15/10/06,Palermo,Atalanta,2.0,3.0,A,2.0,2.0,D,12.0,12.0,4.0,9.0,2.0,7.0,15.0,21.0,2.0,2.0,0.0,0.0,1.57,3.6,6.0
0607,15/10/06,Parma,Udinese,0.0,3.0,A,0.0,2.0,A,14.0,9.0,7.0,5.0,7.0,4.0,21.0,18.0,2.0,3.0,0.0,1.0,2.87,2.87,2.6
0607,15/10/06,Reggina,Roma,1.0,0.0,H,0.0,0.0,D,8.0,13.0,3.0,5.0,7.0,6.0,20.0,28.0,6.0,5.0,0.0,0.0,5.0,3.4,1.72
0607,15/10/06,Torino,Chievo,1.0,0.0,H,0.0,0.0,D,9.0,5.0,3.0,1.0,6.0,6.0,25.0,16.0,5.0,1.0,0.0,0.0,2.3,2.87,3.4
0607,21/10/06,Cagliari,Torino,0.0,0.0,D,0.0,0.0,D,14.0,3.0,8.0,0.0,8.0,3.0,20.0,20.0,0.0,4.0,0.0,0.0,2.1,3.0,3.75
0607,21/10/06,Messina,Empoli,2.0,2.0,D,1.0,1.0,D,7.0,8.0,3.0,3.0,3.0,8.0,23.0,14.0,3.0,1.0,0.0,0.0,2.37,2.75,3.4
0607,22/10/06,Atalanta,Sampdoria,3.0,2.0,H,1.0,2.0,A,7.0,4.0,4.0,3.0,6.0,2.0,23.0,28.0,1.0,5.0,0.0,0.0,2.37,2.87,3.25
0607,22/10/06,Catania,Lazio,3.0,1.0,H,2.0,0.0,H,12.0,9.0,8.0,2.0,3.0,2.0,20.0,30.0,2.0,3.0,0.0,0.0,3.4,2.87,2.3
0607,22/10/06,Fiorentina,Reggina,3.0,0.0,H,2.0,0.0,H,13.0,3.0,5.0,1.0,6.0,4.0,12.0,15.0,2.0,1.0,0.0,0.0,1.4,4.0,9.0
0607,22/10/06,Livorno,Siena,0.0,0.0,D,0.0,0.0,D,5.0,9.0,1.0,2.0,5.0,1.0,20.0,14.0,3.0,2.0,0.0,0.0,1.9,3.1,4.33
0607,22/10/06,Milan,Palermo,0.0,2.0,A,0.0,0.0,D,11.0,8.0,5.0,4.0,9.0,1.0,10.0,16.0,1.0,3.0,0.0,0.0,1.5,3.6,7.5
0607,22/10/06,Parma,Ascoli,1.0,0.0,H,1.0,0.0,H,6.0,9.0,4.0,6.0,2.0,4.0,22.0,30.0,3.0,2.0,0.0,0.0,2.0,3.0,4.0
0607,22/10/06,Roma,Chievo,1.0,1.0,D,0.0,1.0,A,25.0,8.0,11.0,5.0,12.0,5.0,10.0,17.0,0.0,2.0,0.0,0.0,1.36,4.33,9.0
0607,22/10/06,Udinese,Inter,0.0,0.0,D,0.0,0.0,D,11.0,7.0,3.0,4.0,5.0,7.0,13.0,24.0,2.0,3.0,0.0,0.0,3.75,3.0,2.1
0607,25/10/06,Atalanta,Cagliari,3.0,3.0,D,1.0,2.0,A,12.0,8.0,4.0,5.0,5.0,2.0,19.0,22.0,3.0,1.0,0.0,0.0,2.0,2.87,4.33
0607,25/10/06,Chievo,Milan,0.0,1.0,A,0.0,1.0,A,7.0,12.0,2.0,6.0,6.0,5.0,11.0,15.0,2.0,2.0,0.0,0.0,6.5,3.5,1.57
0607,25/10/06,Empoli,Udinese,1.0,1.0,D,0.0,0.0,D,12.0,8.0,5.0,4.0,3.0,3.0,10.0,12.0,1.0,4.0,0.0,0.0,2.87,2.87,2.6
0607,25/10/06,Inter,Livorno,4.0,1.0,H,2.0,0.0,H,16.0,10.0,11.0,4.0,8.0,4.0,11.0,12.0,0.0,2.0,0.0,0.0,1.28,4.5,13.0
0607,25/10/06,Palermo,Messina,2.0,1.0,H,2.0,1.0,H,12.0,17.0,7.0,9.0,4.0,6.0,21.0,17.0,2.0,3.0,0.0,0.0,1.5,3.75,7.0
0607,25/10/06,Reggina,Parma,3.0,2.0,H,1.0,1.0,D,11.0,10.0,8.0,5.0,1.0,2.0,22.0,24.0,2.0,4.0,1.0,1.0,2.1,3.0,3.75
0607,25/10/06,Roma,Ascoli,2.0,2.0,D,0.0,1.0,A,17.0,4.0,10.0,3.0,8.0,3.0,7.0,21.0,3.0,5.0,0.0,0.0,1.25,5.0,13.0
0607,25/10/06,Sampdoria,Lazio,2.0,0.0,H,0.0,0.0,D,12.0,12.0,6.0,7.0,7.0,2.0,16.0,22.0,2.0,1.0,0.0,2.0,2.2,3.0,3.4
0607,25/10/06,Siena,Catania,1.0,1.0,D,0.0,0.0,D,17.0,8.0,9.0,4.0,3.0,5.0,21.0,22.0,1.0,1.0,0.0,0.0,1.9,3.0,4.5
0607,25/10/06,Torino,Fiorentina,0.0,1.0,A,0.0,1.0,A,13.0,10.0,6.0,4.0,7.0,6.0,19.0,20.0,2.0,1.0,0.0,0.0,3.4,2.87,2.3
0607,28/10/06,Milan,Inter,3.0,4.0,A,0.0,2.0,A,17.0,9.0,15.0,8.0,9.0,1.0,25.0,20.0,3.0,4.0,0.0,1.0,2.6,2.8,3.0
0607,28/10/06,Udinese,Roma,0.0,1.0,A,0.0,0.0,D,11.0,16.0,2.0,10.0,7.0,4.0,20.0,15.0,4.0,3.0,1.0,0.0,2.6,2.8,3.0
0607,29/10/06,Ascoli,Siena,0.0,1.0,A,0.0,0.0,D,9.0,11.0,5.0,4.0,4.0,4.0,20.0,19.0,5.0,2.0,1.0,1.0,2.37,2.87,3.25
0607,29/10/06,Cagliari,Sampdoria,1.0,0.0,H,1.0,0.0,H,6.0,5.0,2.0,0.0,2.0,2.0,10.0,20.0,2.0,2.0,0.0,0.0,2.4,2.87,3.2
0607,29/10/06,Catania,Torino,1.0,1.0,D,1.0,0.0,H,8.0,9.0,4.0,4.0,1.0,6.0,30.0,24.0,2.0,3.0,1.0,0.0,2.5,2.87,3.0
0607,29/10/06,Fiorentina,Palermo,2.0,3.0,A,1.0,1.0,D,18.0,9.0,6.0,5.0,3.0,2.0,18.0,26.0,0.0,4.0,0.0,0.0,2.0,3.0,4.0
0607,29/10/06,Lazio,Reggina,0.0,0.0,D,0.0,0.0,D,14.0,7.0,5.0,3.0,10.0,2.0,21.0,23.0,5.0,2.0,1.0,0.0,1.72,3.3,5.0
0607,29/10/06,Livorno,Empoli,0.0,0.0,D,0.0,0.0,D,11.0,6.0,2.0,4.0,4.0,3.0,18.0,17.0,1.0,0.0,0.0,0.0,2.0,3.0,4.0
0607,29/10/06,Messina,Chievo,2.0,1.0,H,1.0,1.0,D,19.0,11.0,8.0,4.0,10.0,7.0,14.0,17.0,3.0,4.0,1.0,0.0,2.2,2.8,3.75
0607,29/10/06,Parma,Atalanta,3.0,1.0,H,1.0,0.0,H,8.0,6.0,6.0,4.0,3.0,8.0,22.0,20.0,4.0,3.0,0.0,1.0,2.25,2.87,3.5
0607,04/11/06,Reggina,Catania,0.0,1.0,A,0.0,0.0,D,14.0,14.0,7.0,5.0,9.0,6.0,20.0,16.0,2.0,2.0,0.0,0.0,2.0,2.87,4.33
0607,04/11/06,Siena,Parma,2.0,2.0,D,0.0,1.0,A,8.0,9.0,4.0,4.0,9.0,6.0,12.0,12.0,2.0,2.0,0.0,0.0,1.9,3.0,4.5
0607,05/11/06,Atalanta,Milan,2.0,0.0,H,0.0,0.0,D,6.0,13.0,5.0,3.0,3.0,11.0,22.0,17.0,1.0,2.0,0.0,0.0,6.0,3.2,1.66
0607,05/11/06,Chievo,Cagliari,0.0,0.0,D,0.0,0.0,D,8.0,9.0,3.0,1.0,6.0,5.0,23.0,17.0,4.0,2.0,0.0,0.0,2.2,2.8,3.75
0607,05/11/06,Empoli,Lazio,1.0,1.0,D,0.0,1.0,A,10.0,9.0,3.0,4.0,5.0,4.0,28.0,22.0,2.0,2.0,2.0,1.0,2.37,2.87,3.25
0607,05/11/06,Inter,Ascoli,2.0,0.0,H,1.0,0.0,H,13.0,7.0,6.0,4.0,6.0,7.0,9.0,8.0,4.0,1.0,0.0,0.0,1.14,6.5,21.0
0607,05/11/06,Livorno,Udinese,1.0,0.0,H,0.0,0.0,D,4.0,5.0,3.0,1.0,8.0,1.0,23.0,23.0,1.0,2.0,0.0,1.0,2.6,2.75,3.0
0607,05/11/06,Palermo,Sampdoria,2.0,0.0,H,1.0,0.0,H,10.0,9.0,6.0,4.0,2.0,4.0,15.0,21.0,1.0,0.0,0.0,1.0,1.66,3.25,6.0
0607,05/11/06,Roma,Fiorentina,3.0,1.0,H,1.0,1.0,D,17.0,5.0,6.0,3.0,4.0,3.0,20.0,24.0,2.0,1.0,0.0,0.0,2.0,3.0,4.0
0607,05/11/06,Torino,Messina,1.0,1.0,D,0.0,1.0,A,15.0,11.0,6.0,2.0,10.0,2.0,26.0,15.0,4.0,4.0,0.0,1.0,2.1,2.8,4.0
0607,11/11/06,Fiorentina,Atalanta,3.0,1.0,H,1.0,1.0,D,21.0,10.0,10.0,4.0,3.0,3.0,20.0,20.0,1.0,3.0,0.0,0.0,1.66,3.4,5.5
0607,11/11/06,Milan,Roma,1.0,2.0,A,0.0,1.0,A,24.0,12.0,11.0,6.0,7.0,6.0,20.0,15.0,2.0,3.0,0.0,0.0,2.0,3.0,4.0
0607,12/11/06,Ascoli,Empoli,0.0,1.0,A,0.0,1.0,A,11.0,8.0,7.0,3.0,9.0,3.0,28.0,21.0,1.0,3.0,0.0,0.0,2.4,2.8,3.3
0607,12/11/06,Catania,Livorno,3.0,2.0,H,1.0,1.0,D,14.0,8.0,8.0,3.0,9.0,4.0,18.0,21.0,2.0,1.0,0.0,0.0,2.4,2.8,3.3
0607,12/11/06,Lazio,Udinese,5.0,0.0,H,2.0,0.0,H,14.0,6.0,11.0,0.0,4.0,1.0,15.0,17.0,2.0,3.0,0.0,1.0,2.3,2.87,3.4
0607,12/11/06,Messina,Cagliari,2.0,2.0,D,1.0,0.0,H,13.0,9.0,9.0,4.0,7.0,7.0,20.0,8.0,3.0,3.0,0.0,0.0,2.25,2.8,3.6
0607,12/11/06,Palermo,Torino,3.0,0.0,H,1.0,0.0,H,14.0,12.0,11.0,4.0,4.0,0.0,18.0,11.0,3.0,1.0,0.0,0.0,1.44,4.0,7.5
0607,12/11/06,Parma,Inter,1.0,2.0,A,1.0,1.0,D,9.0,14.0,3.0,8.0,3.0,9.0,21.0,17.0,3.0,2.0,0.0,1.0,6.5,3.5,1.57
0607,12/11/06,Sampdoria,Chievo,3.0,0.0,H,3.0,0.0,H,17.0,10.0,8.0,8.0,7.0,10.0,22.0,19.0,2.0,3.0,0.0,1.0,1.83,3.25,4.5
0607,12/11/06,Siena,Reggina,0.0,1.0,A,0.0,0.0,D,13.0,11.0,4.0,7.0,10.0,3.0,22.0,15.0,4.0,5.0,0.0,0.0,2.1,2.8,4.0
0607,18/11/06,Cagliari,Palermo,1.0,0.0,H,0.0,0.0,D,9.0,8.0,3.0,4.0,3.0,2.0,11.0,26.0,2.0,3.0,0.0,1.0,3.5,2.87,2.25
0607,18/11/06,Empoli,Milan,0.0,0.0,D,0.0,0.0,D,8.0,15.0,5.0,8.0,2.0,6.0,22.0,24.0,2.0,3.0,0.0,0.0,5.5,3.4,1.66
0607,19/11/06,Ascoli,Fiorentina,1.0,1.0,D,0.0,1.0,A,11.0,7.0,3.0,5.0,5.0,5.0,19.0,16.0,1.0,3.0,0.0,0.0,5.0,3.3,1.72
0607,19/11/06,Chievo,Atalanta,2.0,2.0,D,1.0,0.0,H,13.0,14.0,5.0,7.0,6.0,8.0,16.0,24.0,1.0,5.0,0.0,0.0,2.37,2.87,3.25
0607,19/11/06,Inter,Reggina,1.0,0.0,H,1.0,0.0,H,11.0,6.0,4.0,2.0,3.0,8.0,30.0,14.0,2.0,3.0,0.0,0.0,1.2,5.5,17.0
0607,19/11/06,Livorno,Parma,3.0,0.0,H,1.0,0.0,H,16.0,10.0,9.0,5.0,3.0,0.0,16.0,17.0,0.0,3.0,0.0,1.0,1.9,3.1,4.33
0607,19/11/06,Messina,Lazio,1.0,4.0,A,0.0,1.0,A,4.0,13.0,1.0,6.0,5.0,10.0,19.0,20.0,1.0,3.0,0.0,0.0,2.7,2.8,2.87
0607,19/11/06,Roma,Catania,7.0,0.0,H,4.0,0.0,H,25.0,5.0,16.0,2.0,12.0,3.0,15.0,14.0,1.0,1.0,0.0,2.0,1.3,4.5,12.0
0607,19/11/06,Torino,Sampdoria,1.0,0.0,H,0.0,0.0,D,11.0,3.0,3.0,1.0,10.0,3.0,23.0,21.0,5.0,3.0,0.0,0.0,2.5,2.87,3.0
0607,19/11/06,Udinese,Siena,3.0,0.0,H,2.0,0.0,H,9.0,7.0,4.0,5.0,5.0,1.0,14.0,21.0,1.0,3.0,0.0,0.0,2.1,3.0,3.75
0607,25/11/06,Chievo,Udinese,2.0,0.0,H,1.0,0.0,H,11.0,7.0,8.0,3.0,5.0,4.0,18.0,19.0,2.0,2.0,0.0,0.0,3.0,2.87,2.5
0607,25/11/06,Milan,Messina,1.0,0.0,H,1.0,0.0,H,28.0,10.0,12.0,3.0,10.0,2.0,8.0,20.0,0.0,5.0,0.0,0.0,1.25,5.0,13.0
0607,26/11/06,Atalanta,Torino,1.0,2.0,A,0.0,0.0,D,9.0,5.0,6.0,2.0,8.0,4.0,17.0,17.0,1.0,1.0,0.0,0.0,2.0,2.8,4.0
0607,26/11/06,Catania,Parma,2.0,0.0,H,0.0,0.0,D,9.0,6.0,5.0,3.0,8.0,3.0,23.0,17.0,1.0,2.0,0.0,1.0,2.1,2.8,4.0
0607,26/11/06,Empoli,Cagliari,1.0,0.0,H,1.0,0.0,H,11.0,11.0,4.0,5.0,6.0,7.0,28.0,17.0,1.0,0.0,0.0,0.0,2.37,2.87,3.25
0607,26/11/06,Lazio,Ascoli,3.0,1.0,H,2.0,1.0,H,9.0,10.0,9.0,4.0,3.0,9.0,23.0,16.0,2.0,2.0,0.0,0.0,1.44,3.75,8.5
0607,26/11/06,Palermo,Inter,1.0,2.0,A,1.0,1.0,D,10.0,15.0,3.0,8.0,6.0,4.0,21.0,16.0,1.0,1.0,0.0,0.0,3.2,2.75,2.5
0607,26/11/06,Reggina,Livorno,2.0,2.0,D,0.0,2.0,A,9.0,7.0,6.0,4.0,10.0,3.0,22.0,16.0,2.0,1.0,0.0,1.0,2.3,2.8,3.5
0607,26/11/06,Sampdoria,Roma,2.0,4.0,A,1.0,3.0,A,11.0,14.0,4.0,9.0,7.0,6.0,23.0,17.0,3.0,2.0,0.0,0.0,3.6,2.87,2.2
0607,26/11/06,Siena,Fiorentina,1.0,1.0,D,1.0,1.0,D,13.0,10.0,6.0,5.0,6.0,4.0,23.0,28.0,4.0,3.0,0.0,0.0,3.5,2.8,2.3
0607,02/12/06,Inter,Siena,2.0,0.0,H,1.0,0.0,H,5.0,6.0,4.0,3.0,4.0,7.0,20.0,16.0,2.0,4.0,0.0,0.0,1.22,5.5,13.0
0607,02/12/06,Roma,Atalanta,2.0,1.0,H,0.0,1.0,A,10.0,11.0,5.0,4.0,5.0,2.0,21.0,16.0,2.0,2.0,0.0,1.0,1.33,4.5,9.5
0607,03/12/06,Ascoli,Catania,2.0,2.0,D,2.0,0.0,H,11.0,7.0,4.0,4.0,5.0,4.0,31.0,15.0,4.0,3.0,0.0,0.0,2.4,2.87,3.2
0607,03/12/06,Cagliari,Milan,2.0,2.0,D,0.0,0.0,D,11.0,11.0,5.0,5.0,5.0,5.0,12.0,22.0,2.0,0.0,0.0,1.0,5.0,3.0,1.83
0607,03/12/06,Fiorentina,Lazio,1.0,0.0,H,1.0,0.0,H,9.0,9.0,5.0,5.0,6.0,2.0,24.0,16.0,2.0,2.0,0.0,0.0,1.9,3.25,4.0
0607,03/12/06,Livorno,Chievo,0.0,2.0,A,0.0,0.0,D,7.0,13.0,2.0,8.0,3.0,7.0,13.0,24.0,1.0,1.0,0.0,0.0,1.9,3.1,4.33
0607,03/12/06,Messina,Sampdoria,0.0,2.0,A,0.0,1.0,A,10.0,9.0,5.0,4.0,5.0,5.0,18.0,17.0,2.0,4.0,1.0,0.0,2.37,2.9,3.2
0607,03/12/06,Parma,Palermo,0.0,0.0,D,0.0,0.0,D,12.0,7.0,5.0,3.0,3.0,6.0,20.0,8.0,1.0,0.0,0.0,0.0,4.33,2.87,2.0
0607,03/12/06,Torino,Empoli,1.0,0.0,H,0.0,0.0,D,12.0,5.0,7.0,3.0,4.0,3.0,15.0,22.0,2.0,1.0,0.0,0.0,2.1,2.8,4.0
0607,03/12/06,Udinese,Reggina,1.0,1.0,D,0.0,1.0,A,21.0,3.0,9.0,1.0,12.0,1.0,21.0,29.0,1.0,3.0,0.0,1.0,1.83,3.0,5.0
0607,09/12/06,Palermo,Livorno,3.0,0.0,H,2.0,0.0,H,15.0,9.0,9.0,3.0,4.0,7.0,17.0,14.0,1.0,4.0,0.0,0.0,1.57,3.5,6.5
0607,09/12/06,Reggina,Ascoli,2.0,1.0,H,1.0,0.0,H,11.0,7.0,5.0,4.0,8.0,3.0,28.0,29.0,2.0,2.0,0.0,0.0,1.72,3.1,5.5
0607,10/12/06,Atalanta,Messina,3.0,2.0,H,1.0,0.0,H,14.0,13.0,9.0,5.0,5.0,3.0,15.0,32.0,2.0,3.0,0.0,0.0,1.72,3.3,5.0
0607,10/12/06,Cagliari,Parma,0.0,0.0,D,0.0,0.0,D,9.0,11.0,4.0,3.0,5.0,2.0,7.0,21.0,1.0,5.0,0.0,0.0,1.9,3.0,4.5
0607,10/12/06,Catania,Udinese,1.0,0.0,H,0.0,0.0,D,8.0,14.0,3.0,7.0,4.0,8.0,18.0,21.0,1.0,2.0,0.0,0.0,2.5,2.87,3.0
0607,10/12/06,Chievo,Fiorentina,0.0,1.0,A,0.0,0.0,D,6.0,12.0,4.0,5.0,2.0,3.0,20.0,18.0,3.0,1.0,0.0,0.0,3.25,3.0,2.3
0607,10/12/06,Empoli,Inter,0.0,3.0,A,0.0,0.0,D,7.0,12.0,2.0,6.0,2.0,2.0,17.0,15.0,2.0,3.0,0.0,0.0,7.0,3.4,1.57
0607,10/12/06,Lazio,Roma,3.0,0.0,H,1.0,0.0,H,13.0,13.0,6.0,5.0,3.0,5.0,24.0,21.0,5.0,2.0,0.0,0.0,3.2,2.87,2.4
0607,10/12/06,Milan,Torino,0.0,0.0,D,0.0,0.0,D,14.0,9.0,4.0,3.0,7.0,3.0,21.0,19.0,1.0,2.0,0.0,0.0,1.36,4.0,11.0
0607,10/12/06,Sampdoria,Siena,0.0,0.0,D,0.0,0.0,D,15.0,6.0,4.0,0.0,9.0,0.0,22.0,38.0,2.0,4.0,0.0,1.0,1.9,3.1,4.33
0607,16/12/06,Fiorentina,Milan,2.0,2.0,D,1.0,1.0,D,12.0,8.0,6.0,3.0,5.0,5.0,25.0,23.0,2.0,4.0,0.0,0.0,2.5,2.87,3.0
0607,16/12/06,Udinese,Cagliari,3.0,1.0,H,2.0,0.0,H,10.0,12.0,6.0,5.0,4.0,11.0,17.0,16.0,4.0,1.0,1.0,0.0,2.0,2.8,4.5
0607,17/12/06,Ascoli,Torino,0.0,2.0,A,0.0,0.0,D,7.0,9.0,1.0,5.0,4.0,2.0,26.0,20.0,1.0,2.0,1.0,1.0,3.0,2.75,2.6
0607,17/12/06,Inter,Messina,2.0,0.0,H,0.0,0.0,D,22.0,12.0,11.0,5.0,11.0,2.0,12.0,13.0,2.0,2.0,0.0,0.0,1.14,6.5,21.0
0607,17/12/06,Livorno,Lazio,1.0,1.0,D,0.0,1.0,A,8.0,5.0,4.0,2.0,2.0,3.0,30.0,17.0,4.0,4.0,0.0,1.0,2.6,3.1,2.7
0607,17/12/06,Parma,Chievo,2.0,2.0,D,1.0,1.0,D,12.0,11.0,8.0,7.0,2.0,6.0,18.0,19.0,4.0,4.0,0.0,0.0,2.2,3.0,3.4
0607,17/12/06,Reggina,Sampdoria,0.0,1.0,A,0.0,0.0,D,11.0,8.0,4.0,3.0,9.0,6.0,20.0,26.0,4.0,2.0,0.0,0.0,2.3,2.87,3.4
0607,17/12/06,Roma,Palermo,4.0,0.0,H,1.0,0.0,H,24.0,11.0,12.0,3.0,6.0,4.0,18.0,17.0,2.0,2.0,0.0,1.0,1.9,3.25,4.0
0607,17/12/06,Siena,Atalanta,1.0,1.0,D,0.0,1.0,A,13.0,12.0,9.0,4.0,6.0,3.0,17.0,14.0,1.0,3.0,1.0,0.0,2.3,2.87,3.4
0607,20/12/06,Atalanta,Udinese,1.0,2.0,A,0.0,0.0,D,13.0,10.0,7.0,4.0,2.0,2.0,27.0,17.0,4.0,1.0,0.0,1.0,2.25,2.87,3.5
0607,20/12/06,Cagliari,Fiorentina,0.0,2.0,A,0.0,1.0,A,5.0,10.0,1.0,7.0,3.0,3.0,22.0,18.0,1.0,3.0,0.0,0.0,3.2,2.9,2.37
0607,20/12/06,Chievo,Reggina,3.0,2.0,H,2.0,1.0,H,11.0,6.0,5.0,3.0,4.0,1.0,25.0,23.0,1.0,4.0,0.0,0.0,2.05,2.9,4.0
0607,20/12/06,Empoli,Siena,1.0,0.0,H,0.0,0.0,D,12.0,12.0,7.0,6.0,6.0,4.0,17.0,18.0,2.0,3.0,0.0,0.0,2.1,2.9,3.8
0607,20/12/06,Lazio,Inter,0.0,2.0,A,0.0,1.0,A,13.0,9.0,4.0,4.0,3.0,4.0,18.0,19.0,4.0,2.0,0.0,1.0,4.0,3.0,2.0
0607,20/12/06,Messina,Parma,1.0,1.0,D,0.0,0.0,D,10.0,14.0,3.0,9.0,9.0,4.0,14.0,22.0,2.0,2.0,0.0,0.0,2.2,2.87,3.6
0607,20/12/06,Milan,Catania,3.0,0.0,H,1.0,0.0,H,18.0,9.0,6.0,6.0,7.0,2.0,17.0,10.0,2.0,0.0,0.0,0.0,1.33,4.33,10.0
0607,20/12/06,Palermo,Ascoli,4.0,0.0,H,1.0,0.0,H,13.0,12.0,6.0,4.0,6.0,4.0,19.0,18.0,1.0,1.0,0.0,0.0,1.25,5.0,13.0
0607,20/12/06,Sampdoria,Livorno,4.0,1.0,H,2.0,1.0,H,15.0,1.0,8.0,1.0,2.0,3.0,13.0,12.0,1.0,3.0,0.0,0.0,2.0,3.0,4.0
0607,20/12/06,Torino,Roma,1.0,2.0,A,0.0,1.0,A,8.0,12.0,6.0,8.0,2.0,6.0,18.0,14.0,2.0,2.0,1.0,0.0,4.5,3.25,1.83
0607,23/12/06,Ascoli,Chievo,3.0,0.0,H,3.0,0.0,H,10.0,4.0,7.0,2.0,2.0,1.0,17.0,27.0,2.0,2.0,0.0,1.0,3.0,2.87,2.5
0607,23/12/06,Catania,Sampdoria,4.0,2.0,H,3.0,2.0,H,7.0,9.0,6.0,4.0,2.0,5.0,18.0,24.0,2.0,2.0,0.0,0.0,2.37,2.87,3.25
0607,23/12/06,Fiorentina,Messina,4.0,0.0,H,3.0,0.0,H,16.0,4.0,7.0,3.0,5.0,3.0,8.0,15.0,2.0,1.0,0.0,1.0,1.28,4.5,13.0
0607,23/12/06,Inter,Atalanta,2.0,1.0,H,0.0,1.0,A,9.0,10.0,5.0,6.0,6.0,5.0,17.0,19.0,2.0,3.0,0.0,0.0,1.25,5.0,13.0
0607,23/12/06,Livorno,Torino,1.0,1.0,D,0.0,1.0,A,9.0,12.0,4.0,4.0,7.0,4.0,18.0,19.0,3.0,4.0,0.0,1.0,2.25,2.87,3.5
0607,23/12/06,Parma,Lazio,1.0,3.0,A,1.0,3.0,A,9.0,12.0,5.0,7.0,9.0,6.0,35.0,18.0,2.0,1.0,0.0,1.0,3.0,2.87,2.37
0607,23/12/06,Reggina,Empoli,4.0,1.0,H,4.0,0.0,H,11.0,9.0,6.0,5.0,6.0,10.0,15.0,11.0,3.0,2.0,0.0,0.0,2.2,2.87,3.6
0607,23/12/06,Roma,Cagliari,2.0,0.0,H,1.0,0.0,H,13.0,7.0,5.0,0.0,9.0,3.0,17.0,15.0,1.0,2.0,0.0,0.0,1.25,5.0,13.0
0607,23/12/06,Siena,Palermo,1.0,1.0,D,1.0,1.0,D,10.0,9.0,3.0,4.0,2.0,2.0,22.0,16.0,2.0,1.0,0.0,0.0,3.4,3.0,2.2
0607,23/12/06,Udinese,Milan,0.0,3.0,A,0.0,2.0,A,13.0,7.0,6.0,3.0,5.0,3.0,9.0,18.0,2.0,2.0,0.0,0.0,3.4,3.0,2.2
0607,13/01/07,Empoli,Parma,2.0,0.0,H,1.0,0.0,H,8.0,5.0,4.0,2.0,5.0,5.0,20.0,24.0,1.0,2.0,0.0,1.0,2.1,2.87,4.0
0607,13/01/07,Torino,Inter,1.0,3.0,A,0.0,1.0,A,5.0,11.0,4.0,8.0,1.0,3.0,17.0,11.0,3.0,2.0,1.0,0.0,7.0,3.4,1.57
0607,14/01/07,Atalanta,Livorno,5.0,1.0,H,2.0,0.0,H,13.0,8.0,9.0,3.0,2.0,2.0,15.0,19.0,0.0,2.0,0.0,1.0,2.0,3.0,4.0
0607,14/01/07,Cagliari,Ascoli,1.0,0.0,H,1.0,0.0,H,14.0,7.0,8.0,4.0,3.0,7.0,17.0,23.0,0.0,2.0,0.0,0.0,1.72,3.1,5.75
0607,14/01/07,Chievo,Catania,2.0,1.0,H,0.0,1.0,A,13.0,7.0,8.0,4.0,5.0,3.0,31.0,23.0,1.0,5.0,0.0,0.0,2.25,3.1,3.2
0607,14/01/07,Lazio,Siena,1.0,1.0,D,0.0,0.0,D,11.0,16.0,5.0,6.0,6.0,8.0,14.0,25.0,0.0,2.0,0.0,0.0,1.66,3.2,6.0
0607,14/01/07,Messina,Roma,1.0,1.0,D,0.0,1.0,A,8.0,11.0,3.0,6.0,5.0,4.0,14.0,23.0,2.0,3.0,1.0,0.0,7.0,3.4,1.57
0607,14/01/07,Milan,Reggina,3.0,1.0,H,2.0,0.0,H,9.0,10.0,6.0,6.0,5.0,4.0,18.0,10.0,0.0,0.0,0.0,0.0,1.28,5.0,10.0
0607,14/01/07,Palermo,Udinese,2.0,0.0,H,1.0,0.0,H,12.0,17.0,5.0,8.0,2.0,9.0,17.0,13.0,0.0,1.0,0.0,0.0,1.8,3.2,4.75
0607,14/01/07,Sampdoria,Fiorentina,0.0,0.0,D,0.0,0.0,D,13.0,3.0,5.0,2.0,6.0,3.0,24.0,22.0,1.0,3.0,0.0,0.0,2.8,2.87,2.7
0607,20/01/07,Ascoli,Atalanta,1.0,3.0,A,0.0,0.0,D,8.0,9.0,3.0,5.0,6.0,6.0,17.0,19.0,3.0,1.0,0.0,0.0,3.25,3.0,2.3
0607,20/01/07,Reggina,Palermo,0.0,0.0,D,0.0,0.0,D,5.0,7.0,1.0,3.0,2.0,4.0,19.0,23.0,4.0,2.0,0.0,0.0,3.1,3.1,2.3
0607,21/01/07,Catania,Cagliari,0.0,1.0,A,0.0,1.0,A,9.0,6.0,5.0,4.0,12.0,1.0,17.0,23.0,4.0,3.0,0.0,0.0,2.1,2.8,4.0
0607,21/01/07,Empoli,Sampdoria,2.0,0.0,H,0.0,0.0,D,16.0,10.0,6.0,5.0,9.0,10.0,22.0,29.0,2.0,3.0,0.0,0.0,2.5,2.8,3.1
0607,21/01/07,Inter,Fiorentina,3.0,1.0,H,2.0,1.0,H,9.0,8.0,5.0,4.0,7.0,3.0,19.0,16.0,2.0,2.0,0.0,0.0,1.53,3.5,7.0
0607,21/01/07,Lazio,Milan,0.0,0.0,D,0.0,0.0,D,9.0,9.0,5.0,5.0,3.0,3.0,17.0,16.0,1.0,1.0,0.0,0.0,3.4,3.0,2.2
0607,21/01/07,Livorno,Roma,1.0,1.0,D,1.0,0.0,H,3.0,15.0,1.0,7.0,1.0,10.0,24.0,13.0,4.0,2.0,0.0,1.0,4.5,3.0,1.9
0607,21/01/07,Parma,Torino,1.0,0.0,H,0.0,0.0,D,13.0,5.0,2.0,3.0,7.0,3.0,24.0,24.0,3.0,3.0,0.0,0.0,2.5,2.8,3.1
0607,21/01/07,Siena,Chievo,2.0,1.0,H,0.0,1.0,A,11.0,11.0,7.0,6.0,9.0,4.0,16.0,15.0,1.0,2.0,0.0,0.0,2.2,2.8,3.75
0607,21/01/07,Udinese,Messina,1.0,0.0,H,0.0,0.0,D,17.0,6.0,9.0,0.0,10.0,0.0,16.0,18.0,2.0,2.0,0.0,0.0,1.57,3.4,7.0
0607,24/01/07,Catania,Empoli,2.0,1.0,H,0.0,0.0,D,12.0,9.0,5.0,3.0,5.0,5.0,18.0,29.0,2.0,3.0,0.0,0.0,2.25,2.87,3.5
0607,27/01/07,Palermo,Lazio,0.0,3.0,A,0.0,1.0,A,11.0,15.0,3.0,8.0,5.0,6.0,15.0,21.0,2.0,2.0,0.0,0.0,1.9,3.1,4.33
0607,27/01/07,Torino,Udinese,2.0,3.0,A,0.0,2.0,A,14.0,13.0,5.0,6.0,4.0,2.0,18.0,12.0,1.0,0.0,1.0,0.0,2.5,2.87,3.0
0607,28/01/07,Atalanta,Catania,1.0,1.0,D,1.0,0.0,H,15.0,6.0,11.0,1.0,10.0,2.0,18.0,19.0,2.0,3.0,0.0,0.0,1.75,3.25,5.0
0607,28/01/07,Cagliari,Reggina,0.0,2.0,A,0.0,0.0,D,6.0,9.0,3.0,5.0,2.0,5.0,26.0,19.0,2.0,3.0,0.0,0.0,2.1,2.8,4.0
0607,28/01/07,Chievo,Empoli,0.0,0.0,D,0.0,0.0,D,8.0,5.0,3.0,2.0,8.0,2.0,28.0,18.0,3.0,2.0,0.0,0.0,2.25,2.8,3.6
0607,28/01/07,Fiorentina,Livorno,2.0,1.0,H,0.0,1.0,A,23.0,10.0,10.0,6.0,4.0,1.0,21.0,25.0,2.0,2.0,0.0,0.0,1.53,3.6,6.5
0607,28/01/07,Messina,Ascoli,1.0,2.0,A,0.0,0.0,D,8.0,10.0,3.0,7.0,3.0,8.0,21.0,21.0,1.0,6.0,0.0,1.0,1.75,3.25,5.0
0607,28/01/07,Milan,Parma,1.0,0.0,H,0.0,0.0,D,9.0,3.0,5.0,2.0,6.0,0.0,11.0,21.0,0.0,2.0,0.0,0.0,1.28,4.75,12.0
0607,28/01/07,Roma,Siena,1.0,0.0,H,0.0,0.0,D,16.0,5.0,6.0,4.0,5.0,8.0,20.0,26.0,2.0,2.0,0.0,1.0,1.44,3.75,8.5
0607,28/01/07,Sampdoria,Inter,0.0,2.0,A,0.0,1.0,A,6.0,13.0,1.0,5.0,6.0,5.0,11.0,16.0,3.0,3.0,1.0,0.0,5.0,3.3,1.72
0607,02/02/07,Catania,Palermo,1.0,2.0,A,0.0,0.0,D,11.0,13.0,7.0,6.0,10.0,4.0,18.0,31.0,3.0,2.0,0.0,0.0,2.87,2.87,2.6
0607,11/02/07,Atalanta,Lazio,0.0,0.0,D,0.0,0.0,D,8.0,8.0,3.0,5.0,3.0,3.0,17.0,15.0,1.0,1.0,0.0,0.0,2.5,2.87,2.75
0607,11/02/07,Cagliari,Siena,2.0,2.0,D,1.0,1.0,D,8.0,8.0,3.0,5.0,3.0,3.0,20.0,26.0,0.0,2.0,0.0,0.0,2.2,2.87,3.2
0607,11/02/07,Chievo,Inter,0.0,2.0,A,0.0,1.0,A,14.0,9.0,4.0,4.0,7.0,2.0,17.0,14.0,2.0,1.0,0.0,0.0,6.5,4.0,1.4
0607,11/02/07,Fiorentina,Udinese,2.0,0.0,H,2.0,0.0,H,16.0,14.0,7.0,7.0,5.0,7.0,22.0,13.0,3.0,1.0,0.0,0.0,1.66,3.2,5.0
0607,11/02/07,Messina,Catania,1.0,1.0,D,1.0,0.0,H,4.0,7.0,2.0,2.0,5.0,7.0,24.0,15.0,2.0,1.0,0.0,0.0,2.5,2.87,2.75
0607,11/02/07,Milan,Livorno,2.0,1.0,H,1.0,1.0,D,23.0,10.0,13.0,5.0,15.0,6.0,13.0,15.0,0.0,0.0,0.0,0.0,1.28,4.5,9.0
0607,11/02/07,Palermo,Empoli,0.0,1.0,A,0.0,0.0,D,11.0,12.0,5.0,4.0,9.0,3.0,21.0,17.0,2.0,2.0,0.0,0.0,1.61,3.4,5.0
0607,11/02/07,Roma,Parma,3.0,0.0,H,0.0,0.0,D,20.0,7.0,10.0,2.0,6.0,2.0,13.0,21.0,1.0,3.0,0.0,1.0,1.28,4.5,9.0
0607,11/02/07,Sampdoria,Ascoli,2.0,0.0,H,0.0,0.0,D,17.0,9.0,7.0,2.0,9.0,8.0,15.0,13.0,2.0,4.0,0.0,1.0,1.53,3.4,6.0
0607,11/02/07,Torino,Reggina,1.0,2.0,A,0.0,0.0,D,17.0,4.0,9.0,3.0,4.0,9.0,22.0,24.0,1.0,3.0,0.0,0.0,2.1,2.8,3.5
0607,17/02/07,Empoli,Roma,1.0,0.0,H,1.0,0.0,H,10.0,9.0,4.0,5.0,4.0,9.0,18.0,19.0,2.0,1.0,1.0,0.0,4.0,3.0,2.0
0607,17/02/07,Inter,Cagliari,1.0,0.0,H,1.0,0.0,H,11.0,3.0,5.0,1.0,8.0,2.0,18.0,10.0,2.0,2.0,0.0,0.0,1.2,5.5,17.0
0607,17/02/07,Siena,Milan,3.0,4.0,A,2.0,2.0,D,10.0,12.0,4.0,4.0,4.0,5.0,18.0,18.0,4.0,2.0,0.0,1.0,5.0,3.0,1.83
0607,18/02/07,Ascoli,Udinese,2.0,2.0,D,0.0,2.0,A,13.0,6.0,7.0,4.0,4.0,1.0,29.0,14.0,3.0,2.0,0.0,0.0,3.75,3.0,2.1
0607,18/02/07,Catania,Fiorentina,0.0,1.0,A,0.0,0.0,D,3.0,17.0,1.0,8.0,2.0,4.0,17.0,21.0,1.0,1.0,1.0,0.0,4.0,3.0,2.0
0607,18/02/07,Lazio,Torino,2.0,0.0,H,1.0,0.0,H,16.0,10.0,10.0,5.0,6.0,5.0,21.0,14.0,1.0,0.0,0.0,0.0,1.57,3.4,7.0
0607,18/02/07,Livorno,Messina,2.0,1.0,H,1.0,0.0,H,14.0,9.0,7.0,4.0,6.0,9.0,20.0,18.0,1.0,3.0,0.0,0.0,1.66,3.2,6.0
0607,18/02/07,Palermo,Chievo,1.0,1.0,D,1.0,1.0,D,5.0,8.0,3.0,2.0,2.0,1.0,22.0,16.0,6.0,2.0,0.0,0.0,1.57,3.4,7.0
0607,18/02/07,Parma,Sampdoria,0.0,1.0,A,0.0,0.0,D,11.0,11.0,4.0,4.0,6.0,4.0,27.0,12.0,2.0,2.0,0.0,0.0,2.75,2.87,2.75
0607,18/02/07,Reggina,Atalanta,1.0,1.0,D,0.0,0.0,D,6.0,10.0,3.0,6.0,5.0,7.0,24.0,19.0,4.0,4.0,0.0,1.0,2.2,2.87,3.6
0607,24/02/07,Atalanta,Palermo,1.0,1.0,D,1.0,0.0,H,7.0,8.0,2.0,2.0,5.0,10.0,13.0,13.0,2.0,1.0,0.0,0.0,2.3,3.0,2.87
0607,24/02/07,Chievo,Torino,3.0,0.0,H,2.0,0.0,H,10.0,5.0,5.0,4.0,2.0,3.0,15.0,23.0,4.0,3.0,0.0,0.0,2.1,2.8,3.5
0607,25/02/07,Cagliari,Lazio,0.0,2.0,A,0.0,2.0,A,7.0,8.0,2.0,4.0,5.0,3.0,19.0,18.0,1.0,2.0,1.0,0.0,3.1,2.87,2.25
0607,25/02/07,Catania,Inter,2.0,5.0,A,0.0,1.0,A,5.0,20.0,4.0,10.0,2.0,6.0,13.0,22.0,1.0,1.0,1.0,0.0,7.5,4.33,1.33
0607,25/02/07,Fiorentina,Empoli,2.0,0.0,H,1.0,0.0,H,17.0,5.0,7.0,3.0,5.0,6.0,23.0,17.0,2.0,2.0,0.0,0.0,1.57,3.2,6.0
0607,25/02/07,Livorno,Ascoli,0.0,0.0,D,0.0,0.0,D,13.0,7.0,6.0,3.0,3.0,7.0,16.0,18.0,2.0,4.0,0.0,0.0,1.61,3.3,5.25
0607,25/02/07,Messina,Siena,1.0,0.0,H,0.0,0.0,D,9.0,15.0,2.0,5.0,4.0,4.0,19.0,22.0,4.0,1.0,0.0,0.0,2.4,2.75,3.0
0607,25/02/07,Milan,Sampdoria,1.0,0.0,H,0.0,0.0,D,14.0,9.0,4.0,4.0,7.0,7.0,15.0,15.0,1.0,2.0,1.0,1.0,1.4,3.75,7.5
0607,25/02/07,Roma,Reggina,3.0,0.0,H,0.0,0.0,D,17.0,5.0,9.0,3.0,7.0,6.0,21.0,24.0,3.0,3.0,0.0,0.0,1.3,4.5,8.0
0607,25/02/07,Udinese,Parma,3.0,3.0,D,1.0,1.0,D,9.0,8.0,5.0,4.0,8.0,2.0,17.0,23.0,1.0,1.0,0.0,0.0,1.61,3.4,5.0
0607,28/02/07,Ascoli,Parma,0.0,0.0,D,0.0,0.0,D,8.0,10.0,1.0,6.0,7.0,6.0,19.0,23.0,2.0,1.0,1.0,0.0,2.87,2.87,2.62
0607,28/02/07,Chievo,Roma,2.0,2.0,D,2.0,1.0,H,8.0,11.0,5.0,4.0,8.0,2.0,17.0,20.0,3.0,4.0,0.0,0.0,4.0,3.0,2.0
0607,28/02/07,Empoli,Messina,3.0,1.0,H,2.0,0.0,H,12.0,4.0,6.0,3.0,5.0,5.0,11.0,13.0,1.0,2.0,0.0,1.0,1.72,3.1,5.5
0607,28/02/07,Inter,Udinese,1.0,1.0,D,0.0,0.0,D,14.0,5.0,7.0,1.0,9.0,2.0,15.0,13.0,2.0,2.0,0.0,0.0,1.33,4.5,9.5
0607,28/02/07,Lazio,Catania,3.0,1.0,H,0.0,1.0,A,16.0,7.0,6.0,3.0,10.0,6.0,20.0,22.0,2.0,4.0,0.0,0.0,1.53,3.5,7.0
0607,28/02/07,Palermo,Milan,0.0,0.0,D,0.0,0.0,D,11.0,11.0,3.0,6.0,2.0,1.0,22.0,16.0,3.0,2.0,0.0,0.0,3.0,3.0,2.4
0607,28/02/07,Reggina,Fiorentina,1.0,1.0,D,0.0,0.0,D,9.0,12.0,5.0,7.0,4.0,3.0,25.0,26.0,4.0,3.0,0.0,0.0,3.4,2.87,2.3
0607,28/02/07,Sampdoria,Atalanta,2.0,1.0,H,0.0,1.0,A,15.0,10.0,5.0,6.0,9.0,2.0,19.0,25.0,2.0,2.0,0.0,0.0,2.15,2.87,3.75
0607,28/02/07,Siena,Livorno,0.0,0.0,D,0.0,0.0,D,18.0,10.0,6.0,2.0,10.0,1.0,15.0,8.0,1.0,2.0,0.0,0.0,2.1,2.8,3.5
0607,28/02/07,Torino,Cagliari,1.0,0.0,H,1.0,0.0,H,9.0,6.0,4.0,5.0,4.0,10.0,35.0,21.0,2.0,3.0,1.0,0.0,2.15,2.87,3.75
0607,03/03/07,Ascoli,Roma,1.0,1.0,D,1.0,0.0,H,5.0,19.0,1.0,9.0,9.0,15.0,23.0,15.0,5.0,1.0,0.0,0.0,5.5,3.4,1.66
0607,03/03/07,Livorno,Inter,1.0,2.0,A,1.0,1.0,D,7.0,14.0,3.0,8.0,6.0,5.0,12.0,20.0,1.0,3.0,0.0,1.0,5.0,3.1,1.8
0607,03/03/07,Milan,Chievo,3.0,1.0,H,1.0,1.0,D,12.0,8.0,6.0,2.0,7.0,4.0,18.0,16.0,2.0,0.0,0.0,0.0,1.4,4.33,7.5
0607,04/03/07,Cagliari,Atalanta,2.0,0.0,H,1.0,0.0,H,11.0,11.0,5.0,3.0,3.0,4.0,16.0,23.0,2.0,3.0,0.0,1.0,2.5,2.87,3.0
0607,04/03/07,Catania,Siena,1.0,1.0,D,0.0,0.0,D,4.0,10.0,1.0,5.0,8.0,3.0,14.0,15.0,3.0,1.0,0.0,0.0,2.4,2.87,3.2
0607,04/03/07,Fiorentina,Torino,5.0,1.0,H,2.0,1.0,H,19.0,6.0,11.0,3.0,5.0,5.0,18.0,17.0,2.0,4.0,0.0,0.0,1.4,4.0,9.0
0607,04/03/07,Lazio,Sampdoria,1.0,0.0,H,1.0,0.0,H,10.0,14.0,4.0,4.0,5.0,8.0,13.0,20.0,2.0,0.0,0.0,0.0,1.72,3.3,5.0
0607,04/03/07,Messina,Palermo,2.0,0.0,H,1.0,0.0,H,13.0,13.0,5.0,5.0,5.0,6.0,24.0,10.0,0.0,2.0,0.0,1.0,3.3,3.0,2.25
0607,04/03/07,Parma,Reggina,2.0,2.0,D,1.0,2.0,A,20.0,10.0,11.0,7.0,5.0,4.0,16.0,16.0,3.0,3.0,0.0,0.0,2.3,2.87,3.25
0607,04/03/07,Udinese,Empoli,0.0,1.0,A,0.0,1.0,A,21.0,4.0,8.0,3.0,12.0,1.0,18.0,25.0,3.0,1.0,0.0,0.0,2.0,3.0,4.0
0607,10/03/07,Sampdoria,Cagliari,1.0,1.0,D,1.0,0.0,H,12.0,15.0,5.0,7.0,0.0,8.0,15.0,16.0,4.0,1.0,0.0,0.0,1.83,3.0,5.0
0607,11/03/07,Atalanta,Parma,1.0,1.0,D,0.0,0.0,D,13.0,14.0,6.0,11.0,4.0,6.0,21.0,23.0,2.0,3.0,0.0,0.0,1.9,3.0,4.5
0607,11/03/07,Chievo,Messina,1.0,1.0,D,0.0,0.0,D,15.0,2.0,6.0,1.0,7.0,3.0,16.0,17.0,4.0,3.0,0.0,1.0,1.8,3.1,5.0
0607,11/03/07,Empoli,Livorno,2.0,2.0,D,2.0,0.0,H,13.0,7.0,3.0,4.0,5.0,3.0,27.0,18.0,3.0,2.0,0.0,1.0,2.0,2.87,4.33
0607,11/03/07,Inter,Milan,2.0,1.0,H,0.0,1.0,A,12.0,8.0,5.0,3.0,6.0,7.0,17.0,15.0,3.0,1.0,0.0,0.0,2.3,3.0,3.25
0607,11/03/07,Palermo,Fiorentina,1.0,1.0,D,0.0,1.0,A,8.0,8.0,2.0,4.0,6.0,4.0,19.0,15.0,1.0,2.0,1.0,0.0,2.75,2.87,2.75
0607,11/03/07,Reggina,Lazio,2.0,3.0,A,1.0,2.0,A,12.0,20.0,6.0,9.0,4.0,7.0,20.0,25.0,4.0,3.0,0.0,0.0,2.6,2.87,2.87
0607,11/03/07,Roma,Udinese,3.0,1.0,H,2.0,0.0,H,14.0,15.0,7.0,5.0,8.0,8.0,11.0,17.0,0.0,2.0,0.0,0.0,1.53,3.6,6.5
0607,11/03/07,Siena,Ascoli,0.0,1.0,A,0.0,1.0,A,17.0,13.0,12.0,5.0,11.0,3.0,18.0,22.0,3.0,2.0,0.0,0.0,1.66,3.2,6.0
0607,11/03/07,Torino,Catania,1.0,0.0,H,0.0,0.0,D,7.0,8.0,4.0,3.0,7.0,9.0,26.0,17.0,2.0,1.0,0.0,0.0,2.05,3.0,3.8
0607,17/03/07,Sampdoria,Palermo,1.0,1.0,D,0.0,0.0,D,8.0,6.0,2.0,2.0,7.0,2.0,20.0,23.0,1.0,2.0,1.0,0.0,2.37,2.87,3.25
0607,18/03/07,Ascoli,Inter,1.0,2.0,A,0.0,0.0,D,11.0,13.0,6.0,3.0,3.0,7.0,18.0,20.0,4.0,5.0,0.0,0.0,9.0,4.0,1.4
0607,18/03/07,Cagliari,Chievo,0.0,2.0,A,0.0,0.0,D,10.0,13.0,5.0,6.0,5.0,1.0,16.0,20.0,0.0,2.0,0.0,0.0,2.05,2.87,4.2
0607,18/03/07,Catania,Reggina,1.0,4.0,A,0.0,0.0,D,14.0,14.0,8.0,7.0,6.0,6.0,14.0,19.0,3.0,2.0,0.0,0.0,2.5,2.87,3.0
0607,18/03/07,Fiorentina,Roma,0.0,0.0,D,0.0,0.0,D,8.0,21.0,5.0,11.0,3.0,7.0,31.0,22.0,1.0,2.0,1.0,0.0,2.4,3.0,3.0
0607,18/03/07,Lazio,Empoli,3.0,1.0,H,2.0,0.0,H,6.0,10.0,4.0,3.0,0.0,4.0,25.0,22.0,1.0,2.0,0.0,0.0,1.61,3.4,6.0
0607,18/03/07,Messina,Torino,0.0,3.0,A,0.0,1.0,A,6.0,17.0,3.0,7.0,8.0,4.0,20.0,18.0,1.0,1.0,0.0,0.0,2.2,2.87,3.6
0607,18/03/07,Milan,Atalanta,1.0,0.0,H,1.0,0.0,H,10.0,7.0,5.0,2.0,6.0,1.0,12.0,14.0,2.0,3.0,0.0,0.0,1.4,4.0,9.0
0607,18/03/07,Parma,Siena,1.0,0.0,H,1.0,0.0,H,10.0,11.0,7.0,4.0,2.0,5.0,24.0,21.0,3.0,1.0,0.0,1.0,2.25,2.87,3.5
0607,18/03/07,Udinese,Livorno,4.0,0.0,H,2.0,0.0,H,14.0,5.0,7.0,2.0,4.0,5.0,12.0,17.0,3.0,2.0,0.0,0.0,2.0,2.87,4.33
0607,31/03/07,Reggina,Siena,0.0,1.0,A,0.0,1.0,A,9.0,9.0,3.0,4.0,10.0,1.0,15.0,18.0,0.0,5.0,1.0,1.0,1.9,3.2,4.33
0607,31/03/07,Roma,Milan,1.0,1.0,D,1.0,0.0,H,14.0,8.0,7.0,2.0,9.0,4.0,16.0,20.0,3.0,2.0,0.0,0.0,2.37,2.87,3.25
0607,01/04/07,Atalanta,Fiorentina,2.0,2.0,D,1.0,2.0,A,15.0,11.0,8.0,6.0,9.0,6.0,15.0,17.0,3.0,2.0,0.0,0.0,3.25,2.87,2.37
0607,01/04/07,Cagliari,Messina,2.0,0.0,H,2.0,0.0,H,10.0,5.0,6.0,1.0,1.0,2.0,21.0,23.0,1.0,3.0,0.0,1.0,1.83,3.0,5.0
0607,01/04/07,Chievo,Sampdoria,1.0,1.0,D,1.0,1.0,D,6.0,5.0,2.0,2.0,3.0,3.0,24.0,24.0,0.0,1.0,0.0,0.0,2.3,2.9,3.4
0607,01/04/07,Empoli,Ascoli,4.0,1.0,H,1.0,0.0,H,15.0,8.0,6.0,4.0,8.0,5.0,22.0,34.0,1.0,4.0,0.0,1.0,1.61,3.4,6.0
0607,01/04/07,Inter,Parma,2.0,0.0,H,0.0,0.0,D,18.0,12.0,9.0,7.0,5.0,3.0,11.0,12.0,2.0,3.0,0.0,0.0,1.25,5.5,11.0
0607,01/04/07,Livorno,Catania,4.0,1.0,H,2.0,1.0,H,15.0,8.0,6.0,5.0,7.0,2.0,14.0,21.0,1.0,4.0,0.0,1.0,2.0,3.0,4.2
0607,01/04/07,Torino,Palermo,0.0,0.0,D,0.0,0.0,D,12.0,8.0,6.0,5.0,4.0,2.0,12.0,21.0,1.0,3.0,0.0,0.0,2.75,2.87,2.75
0607,01/04/07,Udinese,Lazio,2.0,4.0,A,0.0,1.0,A,11.0,10.0,5.0,7.0,14.0,2.0,13.0,13.0,4.0,2.0,1.0,0.0,3.0,2.9,2.5
0607,07/04/07,Atalanta,Chievo,1.0,0.0,H,0.0,0.0,D,7.0,11.0,3.0,5.0,6.0,5.0,12.0,19.0,2.0,1.0,1.0,2.0,2.05,2.8,4.2
0607,07/04/07,Catania,Roma,0.0,2.0,A,0.0,1.0,A,10.0,10.0,3.0,7.0,5.0,3.0,18.0,17.0,4.0,3.0,0.0,0.0,5.0,3.2,1.75
0607,07/04/07,Fiorentina,Ascoli,4.0,0.0,H,2.0,0.0,H,18.0,10.0,10.0,4.0,8.0,3.0,18.0,17.0,1.0,2.0,0.0,0.0,1.2,5.5,17.0
0607,07/04/07,Lazio,Messina,1.0,0.0,H,1.0,0.0,H,13.0,2.0,5.0,0.0,7.0,1.0,22.0,21.0,2.0,1.0,0.0,1.0,1.28,4.5,13.0
0607,07/04/07,Milan,Empoli,3.0,1.0,H,2.0,1.0,H,11.0,4.0,6.0,2.0,6.0,3.0,18.0,14.0,2.0,2.0,0.0,0.0,1.44,3.75,8.5
0607,07/04/07,Palermo,Cagliari,1.0,3.0,A,1.0,1.0,D,7.0,13.0,3.0,10.0,4.0,5.0,21.0,22.0,4.0,2.0,1.0,0.0,1.72,3.3,5.0
0607,07/04/07,Parma,Livorno,1.0,0.0,H,0.0,0.0,D,8.0,6.0,3.0,2.0,6.0,5.0,16.0,22.0,2.0,0.0,0.0,1.0,2.1,2.8,4.0
0607,07/04/07,Reggina,Inter,0.0,0.0,D,0.0,0.0,D,8.0,11.0,4.0,6.0,5.0,7.0,22.0,17.0,1.0,2.0,0.0,0.0,6.0,3.2,1.66
0607,07/04/07,Sampdoria,Torino,1.0,0.0,H,1.0,0.0,H,11.0,4.0,4.0,0.0,5.0,2.0,31.0,26.0,1.0,2.0,0.0,1.0,1.95,2.87,4.5
0607,07/04/07,Siena,Udinese,2.0,2.0,D,0.0,1.0,A,6.0,3.0,4.0,2.0,4.0,6.0,11.0,10.0,0.0,2.0,0.0,0.0,2.5,2.8,3.1
0607,14/04/07,Cagliari,Empoli,0.0,0.0,D,0.0,0.0,D,7.0,7.0,3.0,1.0,6.0,2.0,13.0,25.0,1.0,2.0,0.0,0.0,2.37,2.7,3.5
0607,14/04/07,Udinese,Chievo,2.0,1.0,H,1.0,1.0,D,10.0,7.0,5.0,3.0,3.0,7.0,23.0,17.0,2.0,0.0,1.0,1.0,2.0,2.87,4.33
0607,15/04/07,Ascoli,Lazio,2.0,2.0,D,0.0,0.0,D,16.0,14.0,10.0,8.0,1.0,6.0,29.0,15.0,3.0,3.0,0.0,1.0,9.0,4.0,1.4
0607,15/04/07,Fiorentina,Siena,1.0,0.0,H,1.0,0.0,H,13.0,9.0,7.0,3.0,9.0,5.0,20.0,28.0,1.0,3.0,1.0,0.0,1.3,4.5,12.0
0607,15/04/07,Inter,Palermo,2.0,2.0,D,0.0,2.0,A,20.0,10.0,10.0,7.0,10.0,4.0,16.0,19.0,1.0,3.0,0.0,0.0,1.4,4.0,9.0
0607,15/04/07,Livorno,Reggina,1.0,1.0,D,1.0,1.0,D,10.0,6.0,6.0,1.0,5.0,1.0,16.0,13.0,2.0,1.0,0.0,0.0,2.6,2.5,3.4
0607,15/04/07,Messina,Milan,1.0,3.0,A,0.0,2.0,A,16.0,10.0,11.0,4.0,5.0,5.0,15.0,17.0,5.0,3.0,0.0,0.0,7.5,3.6,1.5
0607,15/04/07,Parma,Catania,1.0,1.0,D,1.0,1.0,D,10.0,6.0,5.0,4.0,3.0,1.0,16.0,17.0,1.0,2.0,0.0,0.0,1.72,3.3,5.0
0607,15/04/07,Roma,Sampdoria,4.0,0.0,H,1.0,0.0,H,21.0,8.0,13.0,2.0,9.0,6.0,14.0,16.0,1.0,2.0,0.0,0.0,1.57,3.4,7.0
0607,15/04/07,Torino,Atalanta,1.0,2.0,A,0.0,2.0,A,12.0,5.0,6.0,4.0,6.0,1.0,21.0,19.0,3.0,2.0,0.0,1.0,2.3,2.75,3.6
0607,18/04/07,Ascoli,Milan,2.0,5.0,A,2.0,4.0,A,5.0,8.0,3.0,5.0,8.0,7.0,20.0,17.0,5.0,2.0,0.0,0.0,9.5,4.5,1.33
0607,18/04/07,Empoli,Atalanta,2.0,0.0,H,1.0,0.0,H,20.0,6.0,10.0,3.0,4.0,4.0,10.0,11.0,1.0,0.0,0.0,1.0,2.05,2.87,4.2
0607,18/04/07,Inter,Roma,1.0,3.0,A,0.0,1.0,A,17.0,16.0,6.0,8.0,2.0,1.0,18.0,12.0,4.0,4.0,0.0,0.0,1.95,3.0,4.33
0607,18/04/07,Lazio,Chievo,0.0,0.0,D,0.0,0.0,D,6.0,1.0,3.0,0.0,5.0,1.0,16.0,18.0,1.0,4.0,2.0,1.0,1.44,4.0,7.5
0607,18/04/07,Livorno,Cagliari,2.0,1.0,H,1.0,0.0,H,9.0,8.0,6.0,3.0,5.0,4.0,17.0,18.0,4.0,3.0,0.0,0.0,2.88,1.91,4.75
0607,18/04/07,Parma,Fiorentina,2.0,0.0,H,1.0,0.0,H,8.0,8.0,5.0,6.0,0.0,7.0,17.0,22.0,3.0,3.0,0.0,0.0,3.75,3.0,2.1
0607,18/04/07,Reggina,Messina,3.0,1.0,H,1.0,1.0,D,11.0,6.0,8.0,2.0,2.0,2.0,16.0,22.0,1.0,5.0,0.0,1.0,1.72,3.1,5.5
0607,18/04/07,Siena,Torino,1.0,0.0,H,0.0,0.0,D,11.0,7.0,5.0,3.0,10.0,1.0,11.0,10.0,4.0,2.0,0.0,0.0,2.37,2.25,4.0
0607,18/04/07,Udinese,Sampdoria,1.0,0.0,H,0.0,0.0,D,12.0,9.0,5.0,4.0,6.0,10.0,12.0,14.0,4.0,4.0,0.0,0.0,2.25,2.87,3.5
0607,21/04/07,Milan,Cagliari,3.0,1.0,H,1.0,0.0,H,14.0,5.0,8.0,3.0,7.0,4.0,24.0,13.0,0.0,3.0,1.0,0.0,1.25,5.0,13.0
0607,21/04/07,Sampdoria,Messina,3.0,1.0,H,1.0,0.0,H,15.0,10.0,9.0,4.0,11.0,2.0,16.0,18.0,4.0,4.0,0.0,0.0,1.53,3.6,6.5
0607,22/04/07,Atalanta,Roma,2.0,1.0,H,2.0,0.0,H,13.0,17.0,8.0,10.0,1.0,0.0,23.0,22.0,3.0,4.0,0.0,1.0,4.33,3.0,1.95
0607,22/04/07,Chievo,Livorno,2.0,1.0,H,0.0,1.0,A,12.0,13.0,6.0,9.0,10.0,6.0,16.0,24.0,3.0,5.0,0.0,0.0,1.66,3.2,6.0
0607,22/04/07,Empoli,Torino,0.0,0.0,D,0.0,0.0,D,11.0,9.0,3.0,6.0,9.0,1.0,14.0,18.0,2.0,2.0,0.0,0.0,1.9,2.87,4.75
0607,22/04/07,Lazio,Fiorentina,0.0,1.0,A,0.0,0.0,D,15.0,8.0,7.0,2.0,10.0,2.0,19.0,28.0,2.0,5.0,0.0,0.0,2.25,2.87,3.5
0607,22/04/07,Palermo,Parma,3.0,4.0,A,2.0,1.0,H,14.0,13.0,5.0,7.0,6.0,4.0,14.0,17.0,4.0,2.0,1.0,0.0,1.72,3.1,5.5
0607,22/04/07,Reggina,Udinese,1.0,1.0,D,0.0,1.0,A,4.0,12.0,1.0,4.0,4.0,5.0,10.0,28.0,2.0,3.0,0.0,0.0,2.05,2.87,4.2
0607,22/04/07,Siena,Inter,1.0,2.0,A,1.0,1.0,D,7.0,10.0,4.0,7.0,6.0,7.0,18.0,16.0,2.0,2.0,0.0,0.0,6.0,3.2,1.66
0607,28/04/07,Fiorentina,Chievo,1.0,0.0,H,0.0,0.0,D,10.0,2.0,2.0,1.0,5.0,1.0,16.0,18.0,0.0,1.0,0.0,0.0,1.5,3.6,7.5
0607,28/04/07,Torino,Milan,0.0,1.0,A,0.0,1.0,A,7.0,13.0,3.0,4.0,4.0,4.0,18.0,13.0,0.0,2.0,1.0,0.0,4.5,2.2,2.5
0607,29/04/07,Ascoli,Reggina,2.0,3.0,A,1.0,2.0,A,10.0,9.0,4.0,8.0,5.0,2.0,35.0,16.0,5.0,2.0,1.0,0.0,5.5,3.6,1.61
0607,29/04/07,Inter,Empoli,3.0,1.0,H,1.0,0.0,H,12.0,12.0,8.0,6.0,6.0,4.0,13.0,13.0,1.0,0.0,0.0,0.0,1.57,3.5,6.5
0607,29/04/07,Livorno,Palermo,1.0,2.0,A,0.0,0.0,D,8.0,7.0,5.0,3.0,4.0,0.0,20.0,19.0,1.0,2.0,0.0,0.0,3.3,2.25,3.0
0607,29/04/07,Messina,Atalanta,0.0,0.0,D,0.0,0.0,D,3.0,18.0,0.0,3.0,5.0,8.0,18.0,17.0,3.0,1.0,0.0,0.0,1.95,3.3,3.8
0607,29/04/07,Parma,Cagliari,2.0,1.0,H,1.0,0.0,H,6.0,5.0,5.0,3.0,2.0,9.0,21.0,16.0,2.0,3.0,0.0,1.0,1.83,3.0,5.0
0607,29/04/07,Roma,Lazio,0.0,0.0,D,0.0,0.0,D,14.0,5.0,7.0,0.0,5.0,2.0,19.0,19.0,3.0,4.0,0.0,0.0,2.1,3.0,3.75
0607,29/04/07,Siena,Sampdoria,0.0,2.0,A,0.0,1.0,A,13.0,10.0,6.0,7.0,7.0,5.0,16.0,21.0,4.0,2.0,0.0,0.0,1.83,3.1,4.75
0607,29/04/07,Udinese,Catania,0.0,1.0,A,0.0,0.0,D,8.0,11.0,3.0,2.0,3.0,3.0,17.0,12.0,2.0,3.0,3.0,0.0,2.1,2.6,4.5
0607,02/05/07,Catania,Ascoli,3.0,3.0,D,1.0,1.0,D,20.0,11.0,11.0,6.0,6.0,5.0,16.0,22.0,3.0,1.0,0.0,0.0,1.33,4.5,10.0
0607,06/05/07,Atalanta,Siena,3.0,1.0,H,1.0,0.0,H,10.0,14.0,6.0,5.0,2.0,7.0,14.0,21.0,3.0,3.0,0.0,2.0,2.9,2.3,3.4
0607,06/05/07,Cagliari,Udinese,2.0,1.0,H,0.0,1.0,A,11.0,3.0,5.0,1.0,6.0,0.0,19.0,26.0,2.0,4.0,0.0,1.0,1.53,3.6,6.5
0607,06/05/07,Chievo,Parma,1.0,0.0,H,1.0,0.0,H,12.0,8.0,5.0,3.0,4.0,3.0,25.0,22.0,2.0,2.0,0.0,0.0,2.1,3.0,3.75
0607,06/05/07,Empoli,Catania,2.0,1.0,H,2.0,1.0,H,9.0,5.0,4.0,3.0,4.0,8.0,19.0,17.0,3.0,2.0,0.0,0.0,1.9,2.8,5.0
0607,06/05/07,Lazio,Livorno,1.0,0.0,H,1.0,0.0,H,11.0,4.0,5.0,2.0,11.0,7.0,16.0,21.0,1.0,2.0,0.0,0.0,1.53,3.25,7.0
0607,06/05/07,Messina,Inter,0.0,1.0,A,0.0,0.0,D,10.0,9.0,4.0,3.0,7.0,5.0,9.0,10.0,1.0,4.0,0.0,0.0,7.5,3.4,1.53
0607,06/05/07,Milan,Fiorentina,0.0,0.0,D,0.0,0.0,D,12.0,13.0,5.0,1.0,0.0,4.0,14.0,21.0,0.0,4.0,0.0,0.0,1.8,3.1,4.75
0607,06/05/07,Palermo,Roma,1.0,2.0,A,0.0,2.0,A,16.0,14.0,9.0,7.0,7.0,5.0,18.0,17.0,2.0,2.0,0.0,0.0,2.1,3.2,3.5
0607,06/05/07,Sampdoria,Reggina,0.0,0.0,D,0.0,0.0,D,17.0,7.0,6.0,4.0,5.0,3.0,29.0,22.0,0.0,2.0,0.0,0.0,2.5,2.62,3.4
0607,06/05/07,Torino,Ascoli,1.0,0.0,H,1.0,0.0,H,15.0,4.0,4.0,1.0,4.0,3.0,24.0,30.0,2.0,3.0,0.0,0.0,1.22,5.5,13.0
0607,13/05/07,Ascoli,Palermo,3.0,2.0,H,1.0,2.0,A,13.0,6.0,7.0,4.0,3.0,6.0,18.0,22.0,2.0,1.0,0.0,1.0,9.5,4.5,1.33
0607,13/05/07,Catania,Milan,1.0,1.0,D,0.0,1.0,A,11.0,18.0,4.0,9.0,8.0,2.0,19.0,15.0,2.0,3.0,0.0,0.0,6.0,2.8,1.8
0607,13/05/07,Fiorentina,Cagliari,1.0,0.0,H,1.0,0.0,H,8.0,12.0,5.0,4.0,10.0,7.0,17.0,16.0,2.0,3.0,0.0,0.0,1.4,4.0,9.0
0607,13/05/07,Inter,Lazio,4.0,3.0,H,2.0,3.0,A,10.0,13.0,6.0,7.0,9.0,2.0,13.0,11.0,2.0,2.0,0.0,1.0,2.05,3.0,4.0
0607,13/05/07,Livorno,Sampdoria,1.0,0.0,H,0.0,0.0,D,13.0,3.0,5.0,2.0,9.0,2.0,18.0,16.0,3.0,1.0,0.0,0.0,1.53,3.6,6.5
0607,13/05/07,Parma,Messina,4.0,1.0,H,4.0,0.0,H,12.0,5.0,7.0,4.0,4.0,4.0,7.0,12.0,1.0,3.0,0.0,0.0,1.14,6.5,19.0
0607,13/05/07,Reggina,Chievo,1.0,1.0,D,0.0,0.0,D,4.0,13.0,2.0,5.0,4.0,6.0,13.0,23.0,3.0,2.0,0.0,0.0,2.1,2.8,4.0
0607,13/05/07,Roma,Torino,0.0,1.0,A,0.0,1.0,A,18.0,7.0,7.0,2.0,15.0,4.0,11.0,21.0,1.0,5.0,0.0,0.0,1.75,3.0,6.0
0607,13/05/07,Siena,Empoli,2.0,0.0,H,1.0,0.0,H,13.0,2.0,6.0,2.0,5.0,2.0,19.0,18.0,3.0,1.0,0.0,1.0,1.66,3.5,5.25
0607,13/05/07,Udinese,Atalanta,2.0,3.0,A,1.0,1.0,D,11.0,12.0,6.0,7.0,8.0,4.0,21.0,16.0,2.0,3.0,0.0,0.0,2.8,2.62,3.0
0607,19/05/07,Milan,Udinese,2.0,3.0,A,1.0,1.0,D,20.0,17.0,7.0,9.0,3.0,3.0,12.0,10.0,2.0,1.0,0.0,0.0,2.15,2.7,4.2
0607,20/05/07,Atalanta,Inter,1.0,1.0,D,1.0,0.0,H,12.0,8.0,6.0,4.0,11.0,6.0,16.0,11.0,4.0,0.0,0.0,0.0,2.6,3.1,2.75
0607,20/05/07,Cagliari,Roma,3.0,2.0,H,2.0,1.0,H,11.0,14.0,6.0,7.0,3.0,4.0,14.0,15.0,1.0,2.0,0.0,0.0,1.53,3.8,6.0
0607,20/05/07,Chievo,Ascoli,1.0,0.0,H,1.0,0.0,H,15.0,4.0,7.0,2.0,3.0,2.0,14.0,16.0,1.0,1.0,0.0,0.0,1.1,8.0,21.0
0607,20/05/07,Empoli,Reggina,3.0,3.0,D,3.0,0.0,H,14.0,9.0,7.0,6.0,0.0,4.0,33.0,24.0,4.0,4.0,0.0,0.0,3.4,2.5,2.62
0607,20/05/07,Lazio,Parma,0.0,0.0,D,0.0,0.0,D,4.0,8.0,3.0,2.0,4.0,2.0,15.0,19.0,2.0,0.0,0.0,0.0,3.6,2.4,2.62
0607,20/05/07,Messina,Fiorentina,2.0,2.0,D,0.0,1.0,A,4.0,17.0,3.0,11.0,2.0,6.0,20.0,10.0,3.0,1.0,0.0,0.0,9.0,4.0,1.4
0607,20/05/07,Palermo,Siena,2.0,1.0,H,2.0,0.0,H,10.0,11.0,5.0,5.0,3.0,4.0,23.0,19.0,2.0,1.0,0.0,0.0,2.5,2.6,3.4
0607,20/05/07,Sampdoria,Catania,1.0,0.0,H,0.0,0.0,D,15.0,10.0,8.0,6.0,3.0,6.0,25.0,24.0,2.0,3.0,0.0,1.0,2.8,3.1,2.5
0607,20/05/07,Torino,Livorno,0.0,0.0,D,0.0,0.0,D,10.0,6.0,4.0,4.0,2.0,5.0,17.0,10.0,0.0,0.0,0.0,0.0,3.25,1.4,11.0
0607,27/05/07,Ascoli,Cagliari,2.0,1.0,H,1.0,1.0,D,9.0,10.0,5.0,3.0,4.0,8.0,28.0,16.0,1.0,1.0,1.0,1.0,2.25,2.87,3.5
0607,27/05/07,Catania,Chievo,2.0,0.0,H,0.0,0.0,D,7.0,12.0,5.0,2.0,4.0,5.0,20.0,15.0,3.0,2.0,0.0,0.0,2.75,2.87,2.7
0607,27/05/07,Fiorentina,Sampdoria,5.0,1.0,H,2.0,1.0,H,14.0,6.0,9.0,3.0,4.0,3.0,16.0,18.0,2.0,3.0,0.0,0.0,1.61,3.25,6.5
0607,27/05/07,Inter,Torino,3.0,0.0,H,1.0,0.0,H,10.0,9.0,7.0,3.0,7.0,1.0,9.0,12.0,1.0,2.0,0.0,0.0,1.4,4.33,7.5
0607,27/05/07,Livorno,Atalanta,4.0,2.0,H,1.0,0.0,H,17.0,18.0,10.0,8.0,3.0,3.0,19.0,13.0,2.0,0.0,0.0,0.0,2.4,2.4,4.0
0607,27/05/07,Parma,Empoli,3.0,1.0,H,2.0,1.0,H,18.0,10.0,12.0,5.0,3.0,2.0,16.0,14.0,3.0,4.0,0.0,0.0,1.83,2.1,17.0
0607,27/05/07,Reggina,Milan,2.0,0.0,H,1.0,0.0,H,12.0,15.0,3.0,5.0,3.0,5.0,11.0,15.0,1.0,1.0,0.0,0.0,1.28,7.0,6.5
0607,27/05/07,Roma,Messina,4.0,3.0,H,2.0,1.0,H,19.0,14.0,7.0,8.0,7.0,6.0,14.0,7.0,0.0,2.0,0.0,0.0,1.16,6.5,15.0
0607,27/05/07,Siena,Lazio,2.0,1.0,H,1.0,0.0,H,8.0,8.0,4.0,3.0,2.0,4.0,25.0,14.0,0.0,2.0,0.0,0.0,1.2,7.5,9.0
0607,27/05/07,Udinese,Palermo,1.0,2.0,A,1.0,1.0,D,18.0,18.0,9.0,9.0,5.0,6.0,17.0,16.0,1.0,4.0,0.0,0.0,2.37,2.62,3.6
0708,25/08/07,Juventus,Livorno,5.0,1.0,H,1.0,0.0,H,21.0,10.0,9.0,3.0,5.0,5.0,24.0,13.0,3.0,3.0,0.0,0.0,1.33,4.33,10.0
0708,25/08/07,Lazio,Torino,2.0,2.0,D,0.0,1.0,A,20.0,14.0,11.0,3.0,9.0,7.0,10.0,17.0,1.0,1.0,0.0,1.0,1.72,3.3,5.0
0708,26/08/07,Fiorentina,Empoli,3.0,1.0,H,0.0,0.0,D,13.0,11.0,7.0,4.0,5.0,4.0,18.0,17.0,0.0,1.0,0.0,0.0,1.5,3.6,7.5
0708,26/08/07,Genoa,Milan,0.0,3.0,A,0.0,3.0,A,17.0,12.0,4.0,5.0,7.0,3.0,20.0,12.0,1.0,2.0,0.0,0.0,6.0,3.4,1.61
0708,26/08/07,Inter,Udinese,1.0,1.0,D,1.0,0.0,H,10.0,20.0,3.0,3.0,6.0,6.0,11.0,17.0,2.0,2.0,1.0,0.0,1.28,4.75,11.0
0708,26/08/07,Napoli,Cagliari,0.0,2.0,A,0.0,0.0,D,14.0,13.0,5.0,5.0,2.0,3.0,23.0,15.0,2.0,2.0,0.0,0.0,1.9,3.0,4.5
0708,26/08/07,Palermo,Roma,0.0,2.0,A,0.0,2.0,A,14.0,26.0,4.0,11.0,8.0,5.0,11.0,14.0,3.0,1.0,0.0,0.0,2.87,3.0,2.3
0708,26/08/07,Parma,Catania,2.0,2.0,D,2.0,2.0,D,22.0,7.0,8.0,3.0,5.0,3.0,24.0,21.0,2.0,3.0,0.0,0.0,1.8,3.1,5.0
0708,26/08/07,Reggina,Atalanta,1.0,1.0,D,0.0,0.0,D,16.0,8.0,4.0,2.0,3.0,3.0,22.0,19.0,3.0,7.0,0.0,0.0,2.37,2.87,3.25
0708,26/08/07,Siena,Sampdoria,1.0,2.0,A,0.0,1.0,A,11.0,15.0,5.0,5.0,4.0,3.0,13.0,19.0,0.0,3.0,0.0,0.0,2.6,2.87,2.87
0708,01/09/07,Empoli,Inter,0.0,2.0,A,0.0,1.0,A,10.0,14.0,2.0,7.0,4.0,5.0,19.0,16.0,2.0,1.0,0.0,0.0,7.5,3.6,1.5
0708,02/09/07,Atalanta,Parma,2.0,0.0,H,1.0,0.0,H,10.0,18.0,5.0,2.0,3.0,2.0,18.0,23.0,3.0,4.0,0.0,0.0,2.05,3.0,4.0
0708,02/09/07,Cagliari,Juventus,2.0,3.0,A,0.0,0.0,D,18.0,10.0,6.0,4.0,9.0,2.0,21.0,21.0,1.0,3.0,1.0,1.0,6.0,3.2,1.66
0708,02/09/07,Catania,Genoa,0.0,0.0,D,0.0,0.0,D,9.0,7.0,1.0,1.0,6.0,5.0,15.0,25.0,2.0,4.0,0.0,0.0,2.3,3.1,3.1
0708,02/09/07,Livorno,Palermo,2.0,4.0,A,0.0,4.0,A,16.0,14.0,4.0,8.0,4.0,6.0,26.0,20.0,2.0,4.0,0.0,0.0,3.25,3.0,2.3
0708,02/09/07,Roma,Siena,3.0,0.0,H,1.0,0.0,H,22.0,18.0,9.0,3.0,6.0,6.0,17.0,11.0,0.0,2.0,0.0,0.0,1.22,5.0,17.0
0708,02/09/07,Sampdoria,Lazio,0.0,0.0,D,0.0,0.0,D,11.0,16.0,3.0,3.0,4.0,6.0,26.0,23.0,0.0,4.0,1.0,0.0,2.2,3.0,3.4
0708,02/09/07,Torino,Reggina,2.0,2.0,D,1.0,1.0,D,13.0,14.0,5.0,5.0,5.0,6.0,25.0,12.0,2.0,2.0,0.0,0.0,1.83,3.1,4.75
0708,02/09/07,Udinese,Napoli,0.0,5.0,A,0.0,2.0,A,18.0,16.0,4.0,8.0,5.0,5.0,12.0,23.0,2.0,2.0,0.0,0.0,1.72,3.3,5.0
0708,03/09/07,Milan,Fiorentina,1.0,1.0,D,1.0,0.0,H,18.0,16.0,5.0,4.0,7.0,4.0,27.0,24.0,1.0,4.0,0.0,0.0,1.57,3.4,7.0
0708,15/09/07,Lazio,Empoli,0.0,0.0,D,0.0,0.0,D,11.0,6.0,5.0,1.0,4.0,5.0,17.0,22.0,1.0,1.0,0.0,0.0,1.61,3.4,6.5
0708,15/09/07,Siena,Milan,1.0,1.0,D,1.0,0.0,H,11.0,18.0,5.0,8.0,6.0,9.0,17.0,13.0,3.0,1.0,1.0,0.0,7.5,3.8,1.5
0708,16/09/07,Fiorentina,Atalanta,2.0,2.0,D,1.0,0.0,H,16.0,6.0,7.0,3.0,10.0,2.0,21.0,26.0,4.0,3.0,0.0,1.0,1.5,3.8,7.5
0708,16/09/07,Genoa,Livorno,1.0,1.0,D,0.0,0.0,D,17.0,13.0,3.0,5.0,13.0,3.0,24.0,23.0,0.0,3.0,1.0,1.0,1.95,3.0,4.5
0708,16/09/07,Inter,Catania,2.0,0.0,H,1.0,0.0,H,18.0,10.0,7.0,3.0,9.0,9.0,22.0,10.0,1.0,1.0,0.0,0.0,1.16,6.5,21.0
0708,16/09/07,Juventus,Udinese,0.0,1.0,A,0.0,0.0,D,18.0,12.0,2.0,1.0,8.0,8.0,18.0,19.0,1.0,1.0,0.0,0.0,1.36,4.33,9.5
0708,16/09/07,Napoli,Sampdoria,2.0,0.0,H,1.0,0.0,H,21.0,5.0,6.0,2.0,12.0,5.0,15.0,21.0,1.0,3.0,0.0,0.0,2.35,2.9,3.4
0708,16/09/07,Palermo,Torino,1.0,1.0,D,1.0,0.0,H,7.0,18.0,3.0,4.0,6.0,10.0,22.0,18.0,2.0,2.0,0.0,0.0,1.66,3.4,6.0
0708,16/09/07,Parma,Cagliari,1.0,1.0,D,0.0,1.0,A,11.0,6.0,4.0,1.0,4.0,5.0,23.0,27.0,2.0,2.0,0.0,0.0,2.35,2.9,3.4
0708,16/09/07,Reggina,Roma,0.0,2.0,A,0.0,0.0,D,7.0,25.0,2.0,9.0,1.0,4.0,21.0,12.0,3.0,2.0,1.0,0.0,6.75,3.6,1.57
0708,22/09/07,Milan,Parma,1.0,1.0,D,1.0,0.0,H,23.0,14.0,4.0,3.0,6.0,4.0,16.0,24.0,1.0,5.0,0.0,0.0,1.25,5.0,16.0
0708,22/09/07,Udinese,Reggina,2.0,0.0,H,1.0,0.0,H,18.0,10.0,8.0,1.0,3.0,5.0,23.0,15.0,1.0,1.0,0.0,0.0,1.7,3.4,5.5
0708,23/09/07,Atalanta,Lazio,2.0,1.0,H,1.0,0.0,H,10.0,16.0,4.0,5.0,3.0,7.0,24.0,17.0,5.0,2.0,0.0,0.0,2.5,2.9,3.1
0708,23/09/07,Cagliari,Palermo,0.0,1.0,A,0.0,1.0,A,18.0,10.0,7.0,5.0,5.0,3.0,12.0,26.0,1.0,1.0,0.0,0.0,2.87,2.9,2.7
0708,23/09/07,Catania,Fiorentina,0.0,1.0,A,0.0,1.0,A,12.0,12.0,5.0,4.0,5.0,4.0,19.0,29.0,4.0,2.0,1.0,0.0,3.75,3.1,2.1
0708,23/09/07,Empoli,Napoli,0.0,0.0,D,0.0,0.0,D,12.0,8.0,5.0,3.0,2.0,2.0,23.0,16.0,4.0,2.0,0.0,0.0,2.45,2.9,3.2
0708,23/09/07,Livorno,Inter,2.0,2.0,D,1.0,1.0,D,16.0,23.0,9.0,10.0,6.0,2.0,17.0,19.0,4.0,2.0,0.0,1.0,7.5,3.75,1.5
0708,23/09/07,Roma,Juventus,2.0,2.0,D,2.0,1.0,H,23.0,10.0,9.0,3.0,6.0,4.0,20.0,22.0,2.0,3.0,0.0,0.0,1.9,3.2,4.33
0708,23/09/07,Sampdoria,Genoa,0.0,0.0,D,0.0,0.0,D,14.0,5.0,0.0,0.0,5.0,5.0,28.0,33.0,4.0,2.0,0.0,0.0,2.05,3.1,4.0
0708,23/09/07,Torino,Siena,1.0,1.0,D,1.0,0.0,H,14.0,12.0,3.0,5.0,3.0,2.0,20.0,19.0,3.0,2.0,0.0,1.0,1.72,3.3,5.5
0708,26/09/07,Catania,Empoli,1.0,0.0,H,0.0,0.0,D,8.0,11.0,6.0,3.0,10.0,6.0,26.0,20.0,2.0,3.0,1.0,1.0,2.37,2.87,3.4
0708,26/09/07,Fiorentina,Roma,2.0,2.0,D,1.0,2.0,A,23.0,15.0,5.0,9.0,10.0,4.0,23.0,21.0,2.0,2.0,1.0,0.0,3.2,3.0,2.4
0708,26/09/07,Genoa,Udinese,3.0,2.0,H,1.0,0.0,H,12.0,12.0,6.0,5.0,5.0,4.0,12.0,20.0,3.0,5.0,1.0,0.0,2.5,2.87,3.2
0708,26/09/07,Inter,Sampdoria,3.0,0.0,H,1.0,0.0,H,16.0,11.0,6.0,1.0,5.0,4.0,17.0,13.0,1.0,1.0,0.0,0.0,1.4,4.2,9.0
0708,26/09/07,Juventus,Reggina,4.0,0.0,H,0.0,0.0,D,20.0,11.0,10.0,1.0,11.0,3.0,24.0,13.0,1.0,2.0,0.0,0.0,1.25,5.0,15.0
0708,26/09/07,Lazio,Cagliari,3.0,1.0,H,0.0,0.0,D,18.0,9.0,8.0,2.0,8.0,4.0,20.0,13.0,2.0,3.0,0.0,0.0,1.72,3.3,5.5
0708,26/09/07,Napoli,Livorno,1.0,0.0,H,0.0,0.0,D,24.0,8.0,9.0,1.0,12.0,2.0,19.0,13.0,2.0,1.0,0.0,0.0,1.8,3.25,5.0
0708,26/09/07,Palermo,Milan,2.0,1.0,H,0.0,1.0,A,11.0,23.0,4.0,8.0,4.0,13.0,16.0,16.0,1.0,1.0,0.0,0.0,3.5,3.1,2.2
0708,26/09/07,Parma,Torino,2.0,0.0,H,0.0,0.0,D,16.0,7.0,6.0,0.0,6.0,2.0,22.0,24.0,2.0,3.0,0.0,0.0,2.3,2.9,3.5
0708,26/09/07,Siena,Atalanta,1.0,1.0,D,1.0,0.0,H,5.0,10.0,1.0,3.0,3.0,4.0,22.0,20.0,1.0,6.0,0.0,0.0,2.6,2.87,3.0
0708,29/09/07,Livorno,Fiorentina,0.0,3.0,A,0.0,1.0,A,10.0,18.0,1.0,5.0,5.0,7.0,23.0,27.0,4.0,3.0,1.0,0.0,3.75,3.1,2.1
0708,29/09/07,Roma,Inter,1.0,4.0,A,0.0,1.0,A,12.0,15.0,4.0,10.0,8.0,3.0,13.0,19.0,1.0,1.0,1.0,0.0,2.37,3.0,3.2
0708,30/09/07,Cagliari,Siena,1.0,0.0,H,1.0,0.0,H,11.0,10.0,3.0,2.0,1.0,1.0,14.0,34.0,2.0,2.0,0.0,0.0,2.0,3.0,4.33
0708,30/09/07,Empoli,Palermo,3.0,1.0,H,0.0,1.0,A,23.0,5.0,8.0,2.0,11.0,2.0,19.0,20.0,3.0,2.0,0.0,1.0,3.0,3.0,2.5
0708,30/09/07,Milan,Catania,1.0,1.0,D,0.0,1.0,A,18.0,9.0,4.0,1.0,6.0,5.0,20.0,28.0,4.0,3.0,0.0,0.0,1.22,5.5,15.0
0708,30/09/07,Napoli,Genoa,1.0,2.0,A,0.0,1.0,A,15.0,11.0,3.0,4.0,8.0,4.0,22.0,15.0,4.0,3.0,0.0,0.0,2.15,3.0,3.8
0708,30/09/07,Reggina,Lazio,1.0,1.0,D,1.0,0.0,H,7.0,20.0,3.0,2.0,1.0,5.0,25.0,24.0,2.0,3.0,1.0,0.0,3.0,3.0,2.5
0708,30/09/07,Sampdoria,Atalanta,3.0,0.0,H,1.0,0.0,H,5.0,15.0,3.0,5.0,3.0,6.0,24.0,22.0,2.0,3.0,0.0,0.0,2.0,3.1,4.2
0708,30/09/07,Torino,Juventus,0.0,1.0,A,0.0,0.0,D,8.0,9.0,2.0,3.0,5.0,2.0,18.0,19.0,4.0,4.0,0.0,0.0,5.0,3.1,1.83
0708,30/09/07,Udinese,Parma,2.0,1.0,H,0.0,0.0,D,14.0,7.0,6.0,2.0,2.0,4.0,24.0,25.0,3.0,2.0,0.0,0.0,1.9,3.1,4.5
0708,06/10/07,Atalanta,Udinese,0.0,0.0,D,0.0,0.0,D,15.0,10.0,5.0,1.0,11.0,0.0,27.0,18.0,2.0,4.0,0.0,0.0,2.5,3.0,3.0
0708,06/10/07,Inter,Napoli,2.0,1.0,H,2.0,0.0,H,14.0,10.0,4.0,4.0,3.0,2.0,15.0,20.0,3.0,4.0,0.0,0.0,1.25,5.5,12.0
0708,07/10/07,Catania,Livorno,1.0,0.0,H,1.0,0.0,H,9.0,12.0,5.0,3.0,4.0,2.0,17.0,21.0,2.0,3.0,0.0,1.0,1.95,3.1,4.33
0708,07/10/07,Fiorentina,Juventus,1.0,1.0,D,0.0,1.0,A,14.0,6.0,4.0,3.0,4.0,3.0,14.0,24.0,2.0,3.0,0.0,0.0,2.5,3.0,3.0
0708,07/10/07,Genoa,Cagliari,2.0,0.0,H,0.0,0.0,D,28.0,12.0,10.0,2.0,8.0,2.0,23.0,14.0,3.0,3.0,0.0,0.0,2.05,3.0,4.2
0708,07/10/07,Lazio,Milan,1.0,5.0,A,1.0,2.0,A,12.0,12.0,6.0,7.0,1.0,4.0,10.0,16.0,2.0,2.0,0.0,0.0,3.4,3.0,2.3
0708,07/10/07,Palermo,Reggina,1.0,1.0,D,0.0,0.0,D,24.0,19.0,8.0,5.0,5.0,2.0,21.0,13.0,2.0,0.0,1.0,0.0,1.53,3.75,7.0
0708,07/10/07,Parma,Roma,0.0,3.0,A,0.0,2.0,A,12.0,15.0,2.0,5.0,3.0,5.0,16.0,17.0,2.0,2.0,1.0,0.0,4.75,3.25,1.83
0708,07/10/07,Siena,Empoli,3.0,0.0,H,0.0,0.0,D,21.0,8.0,10.0,1.0,4.0,1.0,16.0,27.0,0.0,1.0,0.0,1.0,2.4,2.9,3.3
0708,07/10/07,Torino,Sampdoria,1.0,0.0,H,0.0,0.0,D,19.0,8.0,5.0,2.0,6.0,7.0,34.0,17.0,2.0,3.0,0.0,1.0,2.4,2.9,3.3
0708,20/10/07,Reggina,Inter,0.0,1.0,A,0.0,1.0,A,13.0,11.0,4.0,5.0,4.0,1.0,23.0,16.0,2.0,3.0,0.0,0.0,7.5,3.75,1.5
0708,20/10/07,Roma,Napoli,4.0,4.0,D,2.0,1.0,H,23.0,12.0,6.0,4.0,10.0,4.0,13.0,12.0,2.0,3.0,0.0,0.0,1.4,4.2,9.0
0708,21/10/07,Atalanta,Torino,2.0,2.0,D,1.0,0.0,H,16.0,9.0,6.0,4.0,1.0,4.0,18.0,36.0,3.0,5.0,0.0,1.0,2.2,2.9,3.75
0708,21/10/07,Cagliari,Catania,1.0,1.0,D,0.0,1.0,A,23.0,11.0,7.0,4.0,7.0,3.0,18.0,26.0,0.0,4.0,0.0,0.0,2.1,2.87,4.2
0708,21/10/07,Fiorentina,Siena,3.0,0.0,H,2.0,0.0,H,16.0,9.0,4.0,5.0,5.0,5.0,18.0,21.0,0.0,3.0,0.0,0.0,1.36,4.33,10.0
0708,21/10/07,Juventus,Genoa,1.0,0.0,H,1.0,0.0,H,12.0,9.0,5.0,2.0,3.0,7.0,23.0,22.0,5.0,4.0,1.0,0.0,1.36,4.33,10.0
0708,21/10/07,Livorno,Lazio,0.0,1.0,A,0.0,1.0,A,5.0,19.0,1.0,6.0,3.0,10.0,22.0,16.0,3.0,2.0,0.0,1.0,3.2,3.0,2.37
0708,21/10/07,Milan,Empoli,0.0,1.0,A,0.0,0.0,D,19.0,11.0,7.0,3.0,4.0,1.0,15.0,23.0,0.0,1.0,0.0,0.0,1.22,5.25,17.0
0708,21/10/07,Sampdoria,Parma,3.0,0.0,H,1.0,0.0,H,16.0,15.0,8.0,4.0,4.0,4.0,22.0,25.0,3.0,3.0,0.0,0.0,1.83,3.1,5.0
0708,21/10/07,Udinese,Palermo,1.0,1.0,D,0.0,1.0,A,17.0,6.0,5.0,3.0,12.0,7.0,21.0,18.0,1.0,1.0,0.0,0.0,2.37,3.0,3.2
0708,27/10/07,Napoli,Juventus,3.0,1.0,H,0.0,0.0,D,10.0,15.0,6.0,4.0,5.0,4.0,16.0,17.0,1.0,3.0,0.0,0.0,3.25,3.0,2.37
0708,27/10/07,Torino,Cagliari,2.0,0.0,H,0.0,0.0,D,9.0,17.0,4.0,3.0,3.0,10.0,28.0,17.0,1.0,1.0,0.0,0.0,1.85,3.2,4.75
0708,28/10/07,Catania,Sampdoria,2.0,0.0,H,2.0,0.0,H,10.0,12.0,3.0,3.0,5.0,6.0,29.0,9.0,1.0,1.0,0.0,0.0,2.6,2.87,3.0
0708,28/10/07,Empoli,Atalanta,0.0,1.0,A,0.0,0.0,D,5.0,13.0,3.0,3.0,7.0,3.0,28.0,21.0,2.0,2.0,0.0,0.0,2.2,2.9,3.75
0708,28/10/07,Genoa,Fiorentina,0.0,0.0,D,0.0,0.0,D,11.0,11.0,4.0,2.0,8.0,1.0,18.0,27.0,3.0,5.0,0.0,0.0,3.0,2.87,2.6
0708,28/10/07,Lazio,Udinese,0.0,1.0,A,0.0,0.0,D,14.0,20.0,5.0,8.0,4.0,10.0,15.0,20.0,2.0,2.0,0.0,0.0,2.25,3.0,3.5
0708,28/10/07,Milan,Roma,0.0,1.0,A,0.0,0.0,D,13.0,22.0,1.0,8.0,6.0,13.0,17.0,16.0,4.0,4.0,1.0,0.0,2.2,3.1,3.5
0708,28/10/07,Palermo,Inter,0.0,0.0,D,0.0,0.0,D,14.0,18.0,3.0,5.0,4.0,4.0,12.0,24.0,2.0,1.0,0.0,0.0,4.0,3.2,2.0
0708,28/10/07,Parma,Livorno,3.0,2.0,H,1.0,1.0,D,19.0,8.0,8.0,4.0,4.0,6.0,22.0,24.0,3.0,5.0,0.0,1.0,1.8,3.25,5.0
0708,28/10/07,Siena,Reggina,0.0,0.0,D,0.0,0.0,D,21.0,5.0,2.0,1.0,9.0,4.0,25.0,22.0,0.0,2.0,0.0,0.0,2.0,3.0,4.33
0708,31/10/07,Atalanta,Cagliari,2.0,2.0,D,0.0,1.0,A,15.0,15.0,7.0,6.0,5.0,4.0,25.0,16.0,2.0,2.0,1.0,0.0,1.75,3.25,5.25
0708,31/10/07,Fiorentina,Napoli,1.0,0.0,H,0.0,0.0,D,15.0,11.0,3.0,2.0,5.0,8.0,21.0,24.0,2.0,3.0,0.0,0.0,1.7,3.4,5.5
0708,31/10/07,Inter,Genoa,4.0,1.0,H,1.0,0.0,H,19.0,14.0,10.0,6.0,11.0,4.0,15.0,16.0,1.0,2.0,0.0,0.0,1.25,5.25,13.0
0708,31/10/07,Juventus,Empoli,3.0,0.0,H,0.0,0.0,D,14.0,9.0,7.0,2.0,3.0,5.0,12.0,18.0,0.0,2.0,0.0,0.0,1.3,4.75,12.0
0708,31/10/07,Palermo,Parma,1.0,1.0,D,0.0,1.0,A,16.0,11.0,3.0,3.0,6.0,5.0,17.0,25.0,3.0,6.0,0.0,0.0,1.61,3.5,6.0
0708,31/10/07,Reggina,Livorno,1.0,3.0,A,1.0,1.0,D,7.0,4.0,1.0,3.0,2.0,1.0,4.0,4.0,3.0,1.0,0.0,0.0,1.9,3.1,4.5
0708,31/10/07,Roma,Lazio,3.0,2.0,H,2.0,1.0,H,18.0,18.0,9.0,6.0,7.0,7.0,17.0,19.0,4.0,2.0,0.0,0.0,1.72,3.25,5.5
0708,31/10/07,Sampdoria,Milan,0.0,5.0,A,0.0,0.0,D,13.0,12.0,3.0,6.0,5.0,2.0,27.0,21.0,2.0,3.0,0.0,0.0,3.8,3.2,2.05
0708,31/10/07,Siena,Catania,1.0,1.0,D,0.0,0.0,D,8.0,2.0,2.0,1.0,2.0,1.0,9.0,8.0,1.0,4.0,0.0,0.0,2.1,2.87,4.2
0708,31/10/07,Udinese,Torino,2.0,1.0,H,1.0,0.0,H,18.0,11.0,6.0,4.0,9.0,2.0,13.0,21.0,1.0,1.0,1.0,1.0,1.85,3.1,5.0
0708,03/11/07,Lazio,Fiorentina,0.0,1.0,A,0.0,1.0,A,10.0,7.0,1.0,2.0,7.0,2.0,21.0,29.0,1.0,3.0,1.0,0.0,2.8,3.0,2.7
0708,03/11/07,Milan,Torino,0.0,0.0,D,0.0,0.0,D,24.0,13.0,6.0,2.0,8.0,3.0,12.0,23.0,0.0,4.0,0.0,0.0,1.3,4.75,12.0
0708,04/11/07,Cagliari,Sampdoria,0.0,3.0,A,0.0,3.0,A,10.0,8.0,1.0,4.0,7.0,1.0,20.0,32.0,2.0,3.0,0.0,1.0,2.35,3.0,3.25
0708,04/11/07,Catania,Atalanta,1.0,2.0,A,0.0,0.0,D,18.0,14.0,4.0,6.0,7.0,3.0,25.0,25.0,2.0,3.0,0.0,0.0,2.2,3.0,3.6
0708,04/11/07,Empoli,Roma,2.0,2.0,D,0.0,2.0,A,22.0,18.0,8.0,7.0,7.0,8.0,14.0,24.0,3.0,4.0,0.0,0.0,6.0,3.3,1.66
0708,04/11/07,Genoa,Palermo,3.0,3.0,D,0.0,1.0,A,31.0,7.0,12.0,4.0,12.0,2.0,28.0,26.0,4.0,3.0,0.0,0.0,2.35,3.0,3.25
0708,04/11/07,Juventus,Inter,1.0,1.0,D,0.0,1.0,A,16.0,8.0,4.0,5.0,4.0,7.0,17.0,17.0,2.0,2.0,0.0,0.0,2.8,3.0,2.7
0708,04/11/07,Livorno,Udinese,0.0,0.0,D,0.0,0.0,D,12.0,15.0,1.0,6.0,5.0,2.0,18.0,18.0,0.0,0.0,0.0,0.0,3.0,3.0,2.5
0708,04/11/07,Napoli,Reggina,1.0,1.0,D,0.0,0.0,D,15.0,5.0,8.0,3.0,9.0,1.0,17.0,27.0,2.0,4.0,0.0,0.0,1.61,3.4,6.5
0708,04/11/07,Parma,Siena,2.0,2.0,D,1.0,1.0,D,15.0,11.0,6.0,8.0,6.0,5.0,18.0,24.0,3.0,2.0,0.0,0.0,1.9,3.2,4.33
0708,10/11/07,Palermo,Napoli,2.0,1.0,H,0.0,0.0,D,16.0,18.0,5.0,6.0,6.0,3.0,17.0,29.0,3.0,4.0,0.0,0.0,2.3,2.9,3.5
0708,10/11/07,Sampdoria,Empoli,3.0,0.0,H,2.0,0.0,H,13.0,12.0,8.0,3.0,2.0,8.0,16.0,21.0,2.0,3.0,0.0,0.0,1.85,3.1,5.0
0708,11/11/07,Fiorentina,Udinese,1.0,2.0,A,1.0,1.0,D,24.0,9.0,5.0,4.0,7.0,6.0,16.0,15.0,1.0,3.0,1.0,0.0,1.66,3.4,6.0
0708,11/11/07,Parma,Juventus,2.0,2.0,D,1.0,0.0,H,13.0,11.0,4.0,1.0,4.0,0.0,18.0,19.0,1.0,2.0,0.0,0.0,5.5,3.3,1.72
0708,11/11/07,Reggina,Genoa,2.0,0.0,H,1.0,0.0,H,13.0,19.0,4.0,2.0,3.0,4.0,16.0,25.0,3.0,3.0,0.0,0.0,2.45,2.87,3.2
0708,11/11/07,Siena,Livorno,2.0,3.0,A,1.0,3.0,A,19.0,8.0,7.0,3.0,3.0,3.0,19.0,19.0,1.0,2.0,0.0,0.0,2.0,2.9,4.5
0708,11/11/07,Torino,Catania,1.0,1.0,D,1.0,0.0,H,14.0,11.0,2.0,3.0,2.0,4.0,24.0,15.0,1.0,3.0,0.0,1.0,1.8,3.0,5.75
0708,24/11/07,Genoa,Roma,0.0,1.0,A,0.0,0.0,D,14.0,18.0,2.0,4.0,4.0,11.0,28.0,16.0,5.0,1.0,0.0,0.0,4.33,3.4,1.9
0708,24/11/07,Inter,Atalanta,2.0,1.0,H,2.0,1.0,H,9.0,14.0,3.0,4.0,7.0,2.0,15.0,14.0,1.0,2.0,0.0,1.0,1.25,5.25,13.0
0708,25/11/07,Cagliari,Milan,1.0,2.0,A,1.0,0.0,H,12.0,17.0,7.0,6.0,7.0,6.0,14.0,19.0,3.0,3.0,0.0,0.0,6.25,3.5,1.61
0708,25/11/07,Empoli,Torino,0.0,0.0,D,0.0,0.0,D,12.0,15.0,2.0,4.0,7.0,4.0,22.0,20.0,2.0,4.0,0.0,0.0,2.37,2.9,3.3
0708,25/11/07,Juventus,Palermo,5.0,0.0,H,2.0,0.0,H,20.0,4.0,10.0,2.0,10.0,4.0,23.0,16.0,2.0,3.0,0.0,0.0,1.61,3.5,6.25
0708,25/11/07,Lazio,Parma,1.0,0.0,H,0.0,0.0,D,24.0,13.0,9.0,1.0,6.0,5.0,21.0,23.0,3.0,2.0,0.0,0.0,1.9,3.1,4.5
0708,25/11/07,Livorno,Sampdoria,3.0,1.0,H,2.0,0.0,H,22.0,15.0,9.0,3.0,8.0,9.0,15.0,16.0,2.0,3.0,0.0,0.0,2.9,2.9,2.65
0708,25/11/07,Napoli,Catania,2.0,0.0,H,1.0,0.0,H,18.0,8.0,10.0,4.0,9.0,5.0,22.0,18.0,1.0,1.0,0.0,0.0,1.72,3.3,5.5
0708,25/11/07,Reggina,Fiorentina,0.0,0.0,D,0.0,0.0,D,5.0,14.0,1.0,0.0,5.0,5.0,21.0,31.0,2.0,2.0,0.0,0.0,4.0,3.1,2.05
0708,25/11/07,Udinese,Siena,2.0,0.0,H,1.0,0.0,H,16.0,12.0,7.0,2.0,4.0,7.0,18.0,17.0,2.0,2.0,1.0,0.0,1.57,3.5,7.0
0708,01/12/07,Milan,Juventus,0.0,0.0,D,0.0,0.0,D,7.0,10.0,4.0,4.0,5.0,5.0,16.0,24.0,0.0,3.0,0.0,0.0,2.1,3.1,3.8
0708,01/12/07,Sampdoria,Reggina,3.0,0.0,H,1.0,0.0,H,17.0,10.0,5.0,3.0,7.0,6.0,20.0,28.0,3.0,3.0,0.0,1.0,1.7,3.25,6.0
0708,02/12/07,Atalanta,Napoli,5.0,1.0,H,3.0,0.0,H,16.0,8.0,8.0,2.0,7.0,6.0,19.0,11.0,2.0,2.0,0.0,0.0,2.4,3.0,3.2
0708,02/12/07,Cagliari,Livorno,0.0,0.0,D,0.0,0.0,D,16.0,8.0,2.0,2.0,10.0,2.0,11.0,23.0,2.0,2.0,0.0,0.0,2.05,2.9,4.2
0708,02/12/07,Catania,Palermo,3.0,1.0,H,2.0,0.0,H,20.0,16.0,10.0,5.0,10.0,3.0,20.0,20.0,4.0,3.0,0.0,1.0,2.75,3.0,2.75
0708,02/12/07,Fiorentina,Inter,0.0,2.0,A,0.0,2.0,A,19.0,13.0,6.0,7.0,4.0,7.0,22.0,20.0,1.0,3.0,0.0,0.0,3.5,3.0,2.25
0708,02/12/07,Parma,Empoli,1.0,0.0,H,1.0,0.0,H,11.0,11.0,7.0,1.0,4.0,8.0,19.0,21.0,3.0,3.0,0.0,0.0,2.0,3.0,4.33
0708,02/12/07,Roma,Udinese,2.0,1.0,H,2.0,1.0,H,21.0,9.0,8.0,4.0,11.0,3.0,15.0,18.0,3.0,2.0,0.0,2.0,1.57,3.6,6.5
0708,02/12/07,Siena,Lazio,1.0,1.0,D,1.0,1.0,D,9.0,17.0,5.0,2.0,4.0,8.0,17.0,24.0,2.0,2.0,0.0,0.0,2.8,3.0,2.65
0708,02/12/07,Torino,Genoa,1.0,1.0,D,0.0,0.0,D,13.0,13.0,6.0,4.0,3.0,4.0,30.0,16.0,1.0,4.0,0.0,0.0,2.05,3.0,4.2
0708,05/12/07,Inter,Lazio,3.0,0.0,H,2.0,0.0,H,14.0,13.0,6.0,4.0,10.0,4.0,14.0,15.0,1.0,3.0,0.0,0.0,1.33,4.5,11.0
0708,05/12/07,Roma,Cagliari,2.0,0.0,H,2.0,0.0,H,12.0,18.0,3.0,3.0,3.0,7.0,16.0,7.0,1.0,2.0,0.0,0.0,1.28,5.0,12.0
0708,08/12/07,Lazio,Catania,2.0,0.0,H,1.0,0.0,H,15.0,6.0,5.0,1.0,4.0,4.0,14.0,14.0,1.0,1.0,0.0,1.0,1.83,3.2,4.75
0708,08/12/07,Palermo,Fiorentina,2.0,0.0,H,1.0,0.0,H,14.0,18.0,8.0,4.0,7.0,7.0,23.0,17.0,4.0,3.0,0.0,0.0,2.7,2.87,2.9
0708,09/12/07,Empoli,Cagliari,4.0,1.0,H,2.0,0.0,H,14.0,8.0,6.0,1.0,2.0,6.0,22.0,25.0,1.0,3.0,0.0,0.0,2.2,2.9,3.8
0708,09/12/07,Genoa,Siena,1.0,3.0,A,0.0,3.0,A,18.0,13.0,4.0,7.0,14.0,4.0,16.0,23.0,1.0,2.0,0.0,0.0,1.83,3.1,5.0
0708,09/12/07,Inter,Torino,4.0,0.0,H,1.0,0.0,H,8.0,10.0,6.0,3.0,6.0,4.0,20.0,19.0,1.0,3.0,0.0,0.0,1.25,5.25,13.0
0708,09/12/07,Juventus,Atalanta,1.0,0.0,H,0.0,0.0,D,17.0,10.0,6.0,3.0,6.0,5.0,19.0,14.0,2.0,3.0,0.0,0.0,1.36,4.33,10.0
0708,09/12/07,Livorno,Roma,1.0,1.0,D,1.0,1.0,D,16.0,20.0,9.0,6.0,6.0,5.0,7.0,13.0,2.0,1.0,0.0,0.0,5.75,3.4,1.66
0708,09/12/07,Napoli,Parma,1.0,0.0,H,1.0,0.0,H,6.0,13.0,1.0,1.0,3.0,3.0,17.0,27.0,4.0,2.0,0.0,0.0,1.8,3.25,5.25
0708,09/12/07,Udinese,Sampdoria,3.0,2.0,H,1.0,2.0,A,28.0,6.0,10.0,2.0,12.0,4.0,21.0,21.0,1.0,4.0,0.0,0.0,1.95,3.0,4.5
0708,15/12/07,Catania,Udinese,2.0,0.0,H,1.0,0.0,H,13.0,12.0,4.0,2.0,3.0,10.0,20.0,19.0,2.0,3.0,0.0,0.0,3.0,2.9,2.6
0708,15/12/07,Lazio,Juventus,2.0,3.0,A,1.0,1.0,D,14.0,10.0,9.0,3.0,8.0,2.0,11.0,22.0,2.0,1.0,0.0,0.0,3.4,3.1,2.25
0708,16/12/07,Atalanta,Palermo,1.0,3.0,A,0.0,2.0,A,18.0,8.0,5.0,5.0,1.0,4.0,22.0,14.0,2.0,2.0,0.0,0.0,2.45,3.0,3.1
0708,16/12/07,Cagliari,Inter,0.0,2.0,A,0.0,0.0,D,7.0,16.0,1.0,8.0,2.0,2.0,17.0,9.0,2.0,0.0,0.0,0.0,8.0,4.0,1.44
0708,16/12/07,Empoli,Genoa,1.0,1.0,D,1.0,0.0,H,13.0,7.0,3.0,2.0,3.0,4.0,30.0,18.0,3.0,4.0,0.0,0.0,2.15,3.0,3.75
0708,16/12/07,Parma,Reggina,3.0,0.0,H,1.0,0.0,H,26.0,15.0,9.0,2.0,9.0,6.0,21.0,14.0,1.0,3.0,0.0,0.0,1.83,3.2,4.75
0708,16/12/07,Sampdoria,Fiorentina,2.0,2.0,D,1.0,1.0,D,10.0,9.0,7.0,3.0,6.0,1.0,21.0,27.0,1.0,2.0,0.0,0.0,2.5,3.0,3.0
0708,16/12/07,Siena,Napoli,1.0,1.0,D,0.0,0.0,D,8.0,12.0,2.0,3.0,6.0,7.0,17.0,17.0,2.0,0.0,0.0,0.0,2.5,2.9,3.1
0708,16/12/07,Torino,Roma,0.0,0.0,D,0.0,0.0,D,17.0,19.0,4.0,2.0,6.0,4.0,20.0,12.0,3.0,2.0,1.0,0.0,4.75,3.2,1.83
0708,22/12/07,Genoa,Parma,1.0,0.0,H,1.0,0.0,H,14.0,10.0,5.0,1.0,3.0,7.0,24.0,23.0,4.0,4.0,0.0,0.0,2.0,3.0,4.33
0708,22/12/07,Roma,Sampdoria,2.0,0.0,H,1.0,0.0,H,17.0,11.0,6.0,4.0,4.0,4.0,14.0,17.0,3.0,2.0,0.0,1.0,1.4,4.2,9.0
0708,23/12/07,Fiorentina,Cagliari,5.0,1.0,H,3.0,1.0,H,16.0,12.0,7.0,3.0,4.0,2.0,17.0,16.0,1.0,1.0,0.0,0.0,1.28,4.75,13.0
0708,23/12/07,Inter,Milan,2.0,1.0,H,1.0,1.0,D,14.0,13.0,3.0,3.0,3.0,8.0,25.0,20.0,4.0,3.0,0.0,0.0,2.2,2.87,3.75
0708,23/12/07,Juventus,Siena,2.0,0.0,H,1.0,0.0,H,18.0,5.0,3.0,3.0,7.0,9.0,19.0,19.0,3.0,0.0,0.0,0.0,1.25,5.25,13.0
0708,23/12/07,Livorno,Atalanta,1.0,1.0,D,1.0,1.0,D,6.0,18.0,2.0,6.0,4.0,5.0,16.0,27.0,3.0,2.0,0.0,0.0,2.2,2.87,3.75
0708,23/12/07,Napoli,Torino,1.0,1.0,D,0.0,1.0,A,14.0,5.0,6.0,1.0,7.0,1.0,13.0,15.0,3.0,4.0,0.0,1.0,1.95,2.9,4.75
0708,23/12/07,Palermo,Lazio,2.0,2.0,D,1.0,0.0,H,12.0,13.0,6.0,5.0,1.0,5.0,17.0,20.0,3.0,4.0,0.0,2.0,1.9,3.0,4.75
0708,23/12/07,Reggina,Catania,3.0,1.0,H,1.0,0.0,H,13.0,12.0,6.0,3.0,3.0,0.0,20.0,25.0,2.0,5.0,0.0,1.0,2.2,2.87,3.75
0708,23/12/07,Udinese,Empoli,2.0,2.0,D,1.0,0.0,H,19.0,10.0,7.0,4.0,6.0,4.0,18.0,14.0,2.0,1.0,0.0,1.0,1.6,3.5,6.5
0708,12/01/08,Catania,Juventus,1.0,1.0,D,1.0,0.0,H,8.0,18.0,2.0,2.0,2.0,5.0,15.0,23.0,3.0,3.0,0.0,0.0,4.75,3.25,1.83
0708,12/01/08,Empoli,Reggina,1.0,1.0,D,1.0,1.0,D,19.0,5.0,6.0,3.0,8.0,5.0,23.0,24.0,2.0,4.0,0.0,0.0,2.0,3.0,4.33
0708,13/01/08,Atalanta,Roma,1.0,2.0,A,1.0,2.0,A,17.0,17.0,8.0,3.0,4.0,9.0,20.0,17.0,3.0,5.0,0.0,0.0,4.5,3.1,1.9
0708,13/01/08,Cagliari,Udinese,0.0,1.0,A,0.0,1.0,A,15.0,18.0,6.0,6.0,10.0,6.0,14.0,23.0,3.0,1.0,1.0,1.0,3.25,3.0,2.35
0708,13/01/08,Lazio,Genoa,1.0,2.0,A,1.0,0.0,H,13.0,12.0,6.0,5.0,11.0,6.0,20.0,18.0,2.0,1.0,0.0,0.0,1.83,3.25,4.75
0708,13/01/08,Milan,Napoli,5.0,2.0,H,2.0,2.0,D,18.0,9.0,11.0,3.0,4.0,1.0,23.0,19.0,1.0,1.0,0.0,1.0,1.4,4.2,9.0
0708,13/01/08,Parma,Fiorentina,1.0,2.0,A,0.0,1.0,A,18.0,18.0,3.0,6.0,7.0,6.0,10.0,20.0,0.0,0.0,0.0,0.0,3.2,3.0,2.4
0708,13/01/08,Sampdoria,Palermo,3.0,0.0,H,2.0,0.0,H,15.0,12.0,6.0,2.0,8.0,5.0,14.0,19.0,0.0,4.0,0.0,0.0,2.4,3.0,3.2
0708,13/01/08,Siena,Inter,2.0,3.0,A,1.0,2.0,A,17.0,13.0,4.0,6.0,2.0,5.0,17.0,11.0,1.0,2.0,0.0,0.0,9.0,3.8,1.44
0708,13/01/08,Torino,Livorno,1.0,2.0,A,0.0,2.0,A,23.0,8.0,7.0,3.0,8.0,2.0,22.0,18.0,3.0,3.0,0.0,0.0,1.95,3.0,4.5
0708,19/01/08,Fiorentina,Torino,2.0,1.0,H,1.0,0.0,H,15.0,7.0,7.0,2.0,5.0,1.0,20.0,35.0,1.0,2.0,0.0,0.0,1.44,3.8,9.5
0708,19/01/08,Genoa,Atalanta,2.0,1.0,H,0.0,0.0,D,12.0,16.0,7.0,2.0,7.0,3.0,23.0,22.0,4.0,2.0,0.0,0.0,2.25,3.0,3.6
0708,20/01/08,Inter,Parma,3.0,2.0,H,1.0,1.0,D,19.0,17.0,9.0,4.0,5.0,3.0,14.0,13.0,2.0,3.0,0.0,1.0,1.22,5.5,15.0
0708,20/01/08,Juventus,Sampdoria,0.0,0.0,D,0.0,0.0,D,21.0,7.0,4.0,1.0,10.0,3.0,21.0,18.0,2.0,3.0,0.0,0.0,1.5,3.7,8.0
0708,20/01/08,Livorno,Empoli,1.0,0.0,H,0.0,0.0,D,8.0,18.0,3.0,6.0,2.0,5.0,20.0,22.0,2.0,2.0,0.0,0.0,2.15,3.0,3.8
0708,20/01/08,Napoli,Lazio,2.0,2.0,D,1.0,2.0,A,23.0,11.0,13.0,3.0,10.0,1.0,26.0,18.0,2.0,5.0,1.0,1.0,2.15,3.0,3.8
0708,20/01/08,Palermo,Siena,2.0,3.0,A,1.0,2.0,A,24.0,9.0,4.0,4.0,13.0,5.0,34.0,38.0,2.0,3.0,0.0,0.0,1.61,3.4,6.5
0708,20/01/08,Reggina,Cagliari,2.0,0.0,H,0.0,0.0,D,7.0,12.0,3.0,1.0,5.0,5.0,21.0,25.0,2.0,2.0,0.0,0.0,1.8,3.2,5.25
0708,20/01/08,Roma,Catania,2.0,0.0,H,1.0,0.0,H,22.0,15.0,10.0,3.0,5.0,6.0,19.0,19.0,3.0,4.0,0.0,0.0,1.25,4.75,15.0
0708,20/01/08,Udinese,Milan,0.0,1.0,A,0.0,0.0,D,17.0,14.0,4.0,5.0,5.0,4.0,15.0,14.0,1.0,2.0,0.0,0.0,4.5,3.1,1.9
0708,23/01/08,Atalanta,Milan,2.0,1.0,H,1.0,1.0,D,15.0,12.0,4.0,4.0,0.0,8.0,14.0,19.0,2.0,3.0,0.0,0.0,5.5,3.3,1.72
0708,26/01/08,Roma,Palermo,1.0,0.0,H,0.0,0.0,D,23.0,9.0,2.0,0.0,7.0,4.0,21.0,13.0,1.0,1.0,0.0,1.0,1.44,4.0,8.0
0708,26/01/08,Sampdoria,Siena,1.0,0.0,H,1.0,0.0,H,12.0,13.0,2.0,4.0,3.0,6.0,18.0,34.0,1.0,3.0,0.0,0.0,1.61,3.4,6.5
0708,27/01/08,Atalanta,Reggina,2.0,2.0,D,1.0,0.0,H,26.0,8.0,4.0,5.0,5.0,5.0,20.0,22.0,4.0,4.0,0.0,0.0,1.72,3.3,5.5
0708,27/01/08,Cagliari,Napoli,2.0,1.0,H,0.0,0.0,D,22.0,12.0,9.0,4.0,8.0,3.0,14.0,15.0,4.0,2.0,0.0,0.0,3.0,3.0,2.5
0708,27/01/08,Catania,Parma,0.0,0.0,D,0.0,0.0,D,8.0,9.0,4.0,2.0,4.0,0.0,26.0,32.0,4.0,4.0,0.0,0.0,2.25,3.0,3.5
0708,27/01/08,Empoli,Fiorentina,0.0,2.0,A,0.0,0.0,D,19.0,9.0,2.0,2.0,6.0,3.0,21.0,22.0,3.0,3.0,0.0,0.0,3.75,3.1,2.1
0708,27/01/08,Livorno,Juventus,1.0,3.0,A,0.0,1.0,A,13.0,19.0,5.0,8.0,8.0,5.0,12.0,18.0,2.0,5.0,1.0,0.0,5.0,3.1,1.83
0708,27/01/08,Milan,Genoa,2.0,0.0,H,0.0,0.0,D,24.0,9.0,7.0,3.0,7.0,4.0,14.0,19.0,2.0,3.0,0.0,1.0,1.28,5.0,12.0
0708,27/01/08,Torino,Lazio,0.0,0.0,D,0.0,0.0,D,14.0,13.0,5.0,6.0,5.0,3.0,28.0,19.0,5.0,3.0,1.0,1.0,2.4,2.9,3.25
0708,27/01/08,Udinese,Inter,0.0,0.0,D,0.0,0.0,D,18.0,10.0,2.0,1.0,4.0,1.0,22.0,21.0,1.0,1.0,0.0,1.0,5.5,3.3,1.72
0708,30/01/08,Reggina,Milan,0.0,1.0,A,0.0,1.0,A,7.0,27.0,2.0,5.0,2.0,9.0,15.0,16.0,2.0,2.0,0.0,0.0,6.5,3.6,1.57
0708,02/02/08,Napoli,Udinese,3.0,1.0,H,1.0,1.0,D,16.0,10.0,5.0,1.0,2.0,11.0,13.0,18.0,1.0,3.0,1.0,1.0,2.45,2.9,3.2
0708,02/02/08,Palermo,Livorno,1.0,0.0,H,0.0,0.0,D,28.0,11.0,6.0,4.0,10.0,4.0,15.0,23.0,1.0,3.0,0.0,0.0,1.66,3.4,6.0
0708,03/02/08,Fiorentina,Milan,0.0,1.0,A,0.0,0.0,D,22.0,14.0,5.0,2.0,9.0,4.0,20.0,12.0,0.0,4.0,0.0,0.0,3.2,3.0,2.4
0708,03/02/08,Genoa,Catania,2.0,1.0,H,1.0,0.0,H,14.0,10.0,6.0,5.0,2.0,6.0,23.0,21.0,0.0,3.0,0.0,0.0,2.0,2.9,4.5
0708,03/02/08,Inter,Empoli,1.0,0.0,H,1.0,0.0,H,15.0,16.0,4.0,5.0,4.0,4.0,10.0,16.0,2.0,5.0,1.0,0.0,1.2,6.0,15.0
0708,03/02/08,Juventus,Cagliari,1.0,1.0,D,0.0,0.0,D,17.0,11.0,6.0,6.0,11.0,4.0,12.0,21.0,1.0,3.0,0.0,0.0,1.2,6.0,15.0
0708,03/02/08,Lazio,Sampdoria,2.0,1.0,H,1.0,1.0,D,10.0,8.0,4.0,2.0,8.0,7.0,27.0,19.0,3.0,4.0,0.0,0.0,2.1,3.1,3.75
0708,03/02/08,Parma,Atalanta,2.0,3.0,A,1.0,1.0,D,15.0,12.0,5.0,7.0,4.0,3.0,24.0,21.0,3.0,5.0,0.0,0.0,2.1,3.1,3.75
0708,03/02/08,Reggina,Torino,1.0,3.0,A,0.0,2.0,A,12.0,12.0,3.0,7.0,8.0,4.0,12.0,20.0,2.0,5.0,0.0,0.0,2.25,2.9,3.6
0708,03/02/08,Siena,Roma,3.0,0.0,H,2.0,0.0,H,22.0,21.0,7.0,4.0,7.0,7.0,15.0,19.0,2.0,3.0,0.0,0.0,6.0,3.4,1.66
0708,09/02/08,Atalanta,Fiorentina,2.0,2.0,D,1.0,1.0,D,9.0,10.0,3.0,3.0,5.0,1.0,23.0,24.0,5.0,2.0,0.0,0.0,3.4,2.8,2.4
0708,09/02/08,Roma,Reggina,2.0,0.0,H,1.0,0.0,H,34.0,12.0,7.0,3.0,7.0,6.0,16.0,11.0,2.0,1.0,0.0,0.0,1.22,5.5,15.0
0708,10/02/08,Cagliari,Parma,1.0,1.0,D,1.0,1.0,D,8.0,8.0,3.0,1.0,6.0,7.0,16.0,23.0,3.0,4.0,0.0,0.0,2.37,2.87,3.4
0708,10/02/08,Catania,Inter,0.0,2.0,A,0.0,0.0,D,7.0,8.0,0.0,5.0,2.0,2.0,29.0,23.0,4.0,2.0,0.0,0.0,6.0,3.6,1.61
0708,10/02/08,Empoli,Lazio,1.0,0.0,H,1.0,0.0,H,8.0,15.0,3.0,5.0,5.0,2.0,38.0,29.0,3.0,3.0,0.0,1.0,3.0,2.87,2.6
0708,10/02/08,Livorno,Genoa,1.0,1.0,D,1.0,0.0,H,7.0,16.0,2.0,4.0,4.0,11.0,11.0,27.0,2.0,2.0,0.0,1.0,2.37,2.87,3.4
0708,10/02/08,Milan,Siena,1.0,0.0,H,0.0,0.0,D,17.0,15.0,3.0,5.0,6.0,3.0,19.0,16.0,2.0,1.0,0.0,1.0,1.4,4.0,10.0
0708,10/02/08,Sampdoria,Napoli,2.0,0.0,H,0.0,0.0,D,14.0,6.0,5.0,1.0,7.0,4.0,30.0,30.0,4.0,4.0,0.0,0.0,1.9,3.1,4.5
0708,10/02/08,Torino,Palermo,3.0,1.0,H,0.0,1.0,A,19.0,11.0,7.0,5.0,2.0,4.0,28.0,27.0,3.0,3.0,0.0,1.0,2.5,2.87,3.2
0708,10/02/08,Udinese,Juventus,1.0,2.0,A,1.0,0.0,H,16.0,10.0,8.0,2.0,14.0,7.0,15.0,15.0,1.0,2.0,0.0,0.0,3.3,2.9,2.37
0708,13/02/08,Milan,Livorno,1.0,1.0,D,0.0,0.0,D,21.0,10.0,9.0,2.0,10.0,0.0,15.0,14.0,1.0,2.0,0.0,0.0,1.33,4.5,11.0
0708,16/02/08,Inter,Livorno,2.0,0.0,H,2.0,0.0,H,11.0,14.0,6.0,4.0,4.0,1.0,12.0,20.0,0.0,2.0,0.0,0.0,1.25,5.0,13.0
0708,16/02/08,Juventus,Roma,1.0,0.0,H,1.0,0.0,H,10.0,14.0,3.0,1.0,6.0,12.0,26.0,25.0,2.0,1.0,0.0,0.0,2.3,3.0,3.4
0708,16/02/08,Parma,Milan,0.0,0.0,D,0.0,0.0,D,17.0,16.0,4.0,3.0,7.0,4.0,27.0,17.0,2.0,2.0,0.0,0.0,4.33,3.2,1.9
0708,17/02/08,Fiorentina,Catania,2.0,1.0,H,1.0,0.0,H,17.0,13.0,2.0,3.0,3.0,3.0,19.0,17.0,2.0,2.0,0.0,0.0,1.4,4.1,9.0
0708,17/02/08,Genoa,Sampdoria,0.0,1.0,A,0.0,0.0,D,11.0,12.0,2.0,5.0,8.0,4.0,24.0,23.0,4.0,6.0,1.0,0.0,2.75,3.0,2.7
0708,17/02/08,Lazio,Atalanta,3.0,0.0,H,1.0,0.0,H,10.0,7.0,6.0,3.0,4.0,5.0,20.0,21.0,2.0,4.0,0.0,0.0,1.9,3.2,4.5
0708,17/02/08,Napoli,Empoli,1.0,3.0,A,1.0,1.0,D,7.0,15.0,3.0,5.0,3.0,5.0,19.0,20.0,0.0,0.0,2.0,1.0,1.8,3.2,5.0
0708,17/02/08,Palermo,Cagliari,2.0,1.0,H,2.0,0.0,H,15.0,18.0,6.0,6.0,4.0,7.0,28.0,17.0,3.0,2.0,0.0,0.0,1.8,3.2,5.0
0708,17/02/08,Reggina,Udinese,1.0,3.0,A,0.0,1.0,A,15.0,13.0,5.0,5.0,7.0,3.0,17.0,19.0,1.0,2.0,0.0,0.0,2.7,3.0,2.75
0708,17/02/08,Siena,Torino,0.0,0.0,D,0.0,0.0,D,15.0,15.0,6.0,3.0,2.0,4.0,19.0,30.0,2.0,2.0,0.0,0.0,2.25,2.87,3.6
0708,23/02/08,Reggina,Juventus,2.0,1.0,H,1.0,0.0,H,7.0,24.0,3.0,4.0,3.0,7.0,13.0,18.0,3.0,2.0,0.0,1.0,6.5,3.6,1.57
0708,23/02/08,Torino,Parma,4.0,4.0,D,2.0,4.0,A,14.0,13.0,6.0,7.0,6.0,1.0,26.0,15.0,1.0,1.0,0.0,0.0,2.1,2.87,4.33
0708,24/02/08,Atalanta,Siena,2.0,2.0,D,2.0,2.0,D,16.0,6.0,6.0,3.0,6.0,3.0,14.0,27.0,1.0,3.0,0.0,0.0,2.0,3.0,4.5
0708,24/02/08,Cagliari,Lazio,1.0,0.0,H,0.0,0.0,D,12.0,17.0,3.0,3.0,9.0,2.0,22.0,16.0,2.0,2.0,1.0,0.0,3.4,3.0,2.3
0708,24/02/08,Empoli,Catania,2.0,0.0,H,1.0,0.0,H,19.0,11.0,10.0,4.0,9.0,4.0,26.0,13.0,3.0,1.0,0.0,0.0,2.15,2.87,4.0
0708,24/02/08,Livorno,Napoli,1.0,2.0,A,0.0,0.0,D,10.0,14.0,3.0,6.0,2.0,5.0,24.0,35.0,2.0,4.0,0.0,0.0,2.2,2.87,3.8
0708,24/02/08,Milan,Palermo,2.0,1.0,H,1.0,1.0,D,11.0,7.0,6.0,1.0,6.0,3.0,19.0,21.0,2.0,3.0,0.0,0.0,1.57,3.5,7.0
0708,24/02/08,Roma,Fiorentina,1.0,0.0,H,0.0,0.0,D,25.0,12.0,9.0,3.0,11.0,6.0,15.0,18.0,2.0,1.0,1.0,0.0,1.85,3.2,4.75
0708,24/02/08,Sampdoria,Inter,1.0,1.0,D,0.0,0.0,D,14.0,6.0,5.0,4.0,6.0,6.0,16.0,18.0,0.0,3.0,0.0,0.0,4.0,3.0,2.1
0708,24/02/08,Udinese,Genoa,3.0,5.0,A,2.0,2.0,D,21.0,20.0,7.0,9.0,3.0,3.0,13.0,20.0,1.0,4.0,0.0,0.0,1.83,3.1,5.0
0708,26/02/08,Juventus,Torino,0.0,0.0,D,0.0,0.0,D,15.0,13.0,4.0,1.0,11.0,8.0,23.0,22.0,3.0,3.0,1.0,0.0,1.53,3.75,7.0
0708,27/02/08,Atalanta,Sampdoria,4.0,1.0,H,3.0,1.0,H,13.0,7.0,6.0,2.0,4.0,3.0,14.0,22.0,1.0,3.0,0.0,0.0,2.5,3.0,3.0
0708,27/02/08,Catania,Milan,1.0,1.0,D,0.0,0.0,D,9.0,13.0,3.0,3.0,3.0,3.0,23.0,26.0,4.0,4.0,0.0,0.0,4.75,3.2,1.85
0708,27/02/08,Fiorentina,Livorno,1.0,0.0,H,0.0,0.0,D,18.0,4.0,5.0,0.0,6.0,1.0,23.0,17.0,4.0,1.0,0.0,0.0,1.5,3.7,8.0
0708,27/02/08,Genoa,Napoli,2.0,0.0,H,1.0,0.0,H,13.0,6.0,4.0,1.0,4.0,2.0,19.0,19.0,1.0,5.0,0.0,1.0,2.15,2.9,3.8
0708,27/02/08,Inter,Roma,1.0,1.0,D,0.0,1.0,A,12.0,15.0,2.0,3.0,5.0,5.0,22.0,17.0,2.0,2.0,0.0,1.0,2.05,2.9,4.2
0708,27/02/08,Lazio,Reggina,1.0,0.0,H,1.0,0.0,H,20.0,8.0,2.0,2.0,5.0,7.0,23.0,21.0,3.0,1.0,0.0,0.0,1.61,3.25,7.0
0708,27/02/08,Palermo,Empoli,2.0,0.0,H,2.0,0.0,H,14.0,9.0,7.0,2.0,7.0,2.0,24.0,12.0,2.0,1.0,0.0,0.0,1.8,3.2,5.0
0708,27/02/08,Parma,Udinese,2.0,0.0,H,0.0,0.0,D,11.0,16.0,4.0,2.0,1.0,5.0,23.0,20.0,2.0,0.0,0.0,0.0,2.6,3.0,2.87
0708,27/02/08,Siena,Cagliari,1.0,0.0,H,0.0,0.0,D,13.0,11.0,2.0,1.0,6.0,3.0,19.0,20.0,2.0,1.0,0.0,0.0,1.9,3.0,4.75
0708,01/03/08,Milan,Lazio,1.0,1.0,D,0.0,0.0,D,9.0,9.0,4.0,5.0,4.0,3.0,13.0,25.0,3.0,4.0,0.0,1.0,1.9,3.1,4.5
0708,01/03/08,Roma,Parma,4.0,0.0,H,1.0,0.0,H,18.0,7.0,5.0,3.0,6.0,8.0,15.0,19.0,1.0,3.0,0.0,0.0,1.72,3.25,5.5
0708,02/03/08,Cagliari,Genoa,2.0,1.0,H,2.0,1.0,H,12.0,17.0,4.0,5.0,3.0,8.0,21.0,16.0,5.0,3.0,0.0,0.0,2.75,2.9,2.8
0708,02/03/08,Empoli,Siena,0.0,2.0,A,0.0,1.0,A,11.0,13.0,2.0,6.0,9.0,2.0,18.0,25.0,3.0,4.0,1.0,0.0,2.2,2.87,3.75
0708,02/03/08,Juventus,Fiorentina,2.0,3.0,A,1.0,1.0,D,6.0,10.0,4.0,6.0,5.0,6.0,24.0,24.0,1.0,1.0,0.0,1.0,1.9,3.1,4.5
0708,02/03/08,Livorno,Catania,1.0,0.0,H,0.0,0.0,D,13.0,13.0,3.0,2.0,5.0,7.0,20.0,27.0,2.0,4.0,0.0,0.0,2.2,2.87,3.75
0708,02/03/08,Napoli,Inter,1.0,0.0,H,1.0,0.0,H,17.0,7.0,5.0,2.0,6.0,4.0,13.0,16.0,4.0,3.0,0.0,0.0,3.75,2.87,2.2
0708,02/03/08,Reggina,Palermo,0.0,0.0,D,0.0,0.0,D,8.0,8.0,5.0,1.0,4.0,1.0,24.0,26.0,3.0,2.0,0.0,0.0,2.5,2.87,3.2
0708,02/03/08,Sampdoria,Torino,2.0,2.0,D,1.0,1.0,D,18.0,9.0,6.0,4.0,4.0,2.0,26.0,33.0,4.0,3.0,1.0,0.0,1.9,3.1,4.5
0708,02/03/08,Udinese,Atalanta,2.0,0.0,H,2.0,0.0,H,11.0,8.0,4.0,1.0,5.0,4.0,24.0,22.0,4.0,2.0,0.0,0.0,2.1,3.0,4.0
0708,08/03/08,Inter,Reggina,2.0,0.0,H,2.0,0.0,H,10.0,20.0,3.0,8.0,2.0,12.0,16.0,13.0,1.0,4.0,0.0,0.0,1.3,4.75,12.0
0708,08/03/08,Palermo,Udinese,1.0,1.0,D,1.0,0.0,H,18.0,7.0,9.0,3.0,10.0,2.0,25.0,23.0,2.0,2.0,0.0,0.0,2.2,3.0,3.6
0708,09/03/08,Catania,Cagliari,2.0,1.0,H,1.0,1.0,D,14.0,11.0,8.0,4.0,9.0,1.0,26.0,16.0,3.0,3.0,0.0,0.0,1.95,3.1,4.33
0708,09/03/08,Empoli,Milan,1.0,3.0,A,1.0,1.0,D,12.0,15.0,2.0,7.0,3.0,1.0,19.0,18.0,2.0,1.0,0.0,0.0,4.75,3.2,1.85
0708,09/03/08,Genoa,Juventus,0.0,2.0,A,0.0,2.0,A,12.0,11.0,2.0,4.0,3.0,6.0,20.0,21.0,3.0,4.0,0.0,0.0,3.6,3.1,2.15
0708,09/03/08,Lazio,Livorno,2.0,0.0,H,2.0,0.0,H,16.0,9.0,10.0,2.0,7.0,3.0,19.0,26.0,1.0,3.0,0.0,0.0,1.66,3.3,6.0
0708,09/03/08,Napoli,Roma,0.0,2.0,A,0.0,1.0,A,15.0,17.0,3.0,6.0,6.0,7.0,23.0,23.0,3.0,0.0,0.0,0.0,3.7,3.0,2.15
0708,09/03/08,Parma,Sampdoria,1.0,2.0,A,0.0,1.0,A,17.0,6.0,4.0,3.0,5.0,0.0,28.0,24.0,4.0,5.0,0.0,0.0,2.05,3.0,4.0
0708,09/03/08,Siena,Fiorentina,1.0,0.0,H,0.0,0.0,D,11.0,16.0,1.0,1.0,2.0,7.0,21.0,20.0,2.0,1.0,1.0,0.0,3.3,2.87,2.4
0708,09/03/08,Torino,Atalanta,1.0,0.0,H,1.0,0.0,H,10.0,9.0,2.0,3.0,12.0,2.0,29.0,15.0,3.0,2.0,0.0,1.0,2.15,3.0,3.7
0708,15/03/08,Roma,Milan,2.0,1.0,H,0.0,0.0,D,14.0,16.0,4.0,6.0,5.0,4.0,9.0,16.0,0.0,3.0,0.0,0.0,2.1,3.1,3.75
0708,15/03/08,Udinese,Lazio,2.0,2.0,D,0.0,1.0,A,11.0,12.0,5.0,5.0,8.0,7.0,23.0,10.0,3.0,1.0,0.0,0.0,2.2,3.0,3.6
0708,16/03/08,Atalanta,Empoli,4.0,1.0,H,2.0,0.0,H,11.0,14.0,7.0,4.0,2.0,10.0,15.0,17.0,3.0,1.0,0.0,0.0,1.9,3.0,4.75
0708,16/03/08,Cagliari,Torino,3.0,0.0,H,2.0,0.0,H,13.0,9.0,5.0,1.0,9.0,8.0,22.0,21.0,2.0,2.0,0.0,0.0,2.6,3.0,2.87
0708,16/03/08,Fiorentina,Genoa,3.0,1.0,H,2.0,0.0,H,10.0,20.0,6.0,8.0,4.0,4.0,19.0,19.0,2.0,4.0,0.0,0.0,1.61,3.4,6.5
0708,16/03/08,Inter,Palermo,2.0,1.0,H,2.0,1.0,H,14.0,10.0,6.0,4.0,3.0,2.0,23.0,14.0,2.0,2.0,0.0,0.0,1.4,4.0,8.0
0708,16/03/08,Juventus,Napoli,1.0,0.0,H,0.0,0.0,D,20.0,7.0,4.0,2.0,6.0,4.0,22.0,23.0,1.0,5.0,0.0,0.0,1.5,3.6,8.0
0708,16/03/08,Livorno,Parma,1.0,1.0,D,1.0,0.0,H,8.0,11.0,2.0,4.0,4.0,3.0,19.0,26.0,1.0,0.0,0.0,0.0,2.35,2.9,3.4
0708,16/03/08,Reggina,Siena,4.0,0.0,H,3.0,0.0,H,16.0,12.0,9.0,0.0,6.0,1.0,20.0,18.0,2.0,2.0,0.0,0.0,2.4,2.87,3.3
0708,16/03/08,Sampdoria,Catania,3.0,1.0,H,0.0,0.0,D,16.0,7.0,4.0,2.0,9.0,2.0,30.0,32.0,3.0,4.0,0.0,0.0,1.66,3.2,5.5
0708,19/03/08,Cagliari,Atalanta,1.0,0.0,H,1.0,0.0,H,8.0,12.0,3.0,3.0,4.0,4.0,20.0,23.0,4.0,1.0,0.0,1.0,2.5,3.0,3.1
0708,19/03/08,Catania,Siena,0.0,0.0,D,0.0,0.0,D,13.0,12.0,4.0,4.0,10.0,2.0,30.0,16.0,2.0,3.0,0.0,0.0,2.15,3.0,3.75
0708,19/03/08,Empoli,Juventus,0.0,0.0,D,0.0,0.0,D,7.0,8.0,1.0,2.0,2.0,7.0,16.0,24.0,4.0,3.0,0.0,0.0,5.25,3.25,1.75
0708,19/03/08,Genoa,Inter,1.0,1.0,D,0.0,1.0,A,21.0,4.0,6.0,1.0,10.0,4.0,18.0,19.0,2.0,2.0,0.0,1.0,5.5,3.3,1.72
0708,19/03/08,Lazio,Roma,3.0,2.0,H,1.0,1.0,D,18.0,14.0,3.0,3.0,6.0,8.0,16.0,18.0,3.0,3.0,0.0,0.0,4.0,3.1,2.05
0708,19/03/08,Livorno,Reggina,1.0,1.0,D,0.0,1.0,A,24.0,3.0,11.0,1.0,11.0,2.0,20.0,25.0,2.0,4.0,0.0,0.0,2.15,3.0,3.75
0708,19/03/08,Milan,Sampdoria,1.0,2.0,A,0.0,2.0,A,15.0,7.0,4.0,4.0,9.0,1.0,15.0,19.0,1.0,2.0,0.0,1.0,1.5,3.6,8.0
0708,19/03/08,Napoli,Fiorentina,2.0,0.0,H,2.0,0.0,H,10.0,12.0,7.0,3.0,5.0,6.0,14.0,19.0,5.0,3.0,0.0,0.0,2.75,3.0,2.7
0708,19/03/08,Parma,Palermo,2.0,1.0,H,0.0,0.0,D,16.0,9.0,4.0,2.0,5.0,1.0,14.0,18.0,1.0,0.0,1.0,1.0,2.3,3.0,3.4
0708,19/03/08,Torino,Udinese,0.0,1.0,A,0.0,1.0,A,18.0,6.0,6.0,2.0,9.0,3.0,21.0,22.0,2.0,1.0,0.0,0.0,2.4,3.0,3.2
0708,22/03/08,Atalanta,Catania,0.0,0.0,D,0.0,0.0,D,9.0,7.0,4.0,3.0,1.0,3.0,23.0,20.0,2.0,1.0,0.0,0.0,1.9,3.0,4.75
0708,22/03/08,Fiorentina,Lazio,1.0,0.0,H,0.0,0.0,D,16.0,6.0,5.0,2.0,5.0,2.0,19.0,17.0,4.0,3.0,0.0,1.0,1.9,3.0,4.75
0708,22/03/08,Inter,Juventus,1.0,2.0,A,0.0,0.0,D,13.0,22.0,3.0,8.0,6.0,5.0,16.0,31.0,3.0,2.0,0.0,0.0,2.0,3.0,4.33
0708,22/03/08,Palermo,Genoa,2.0,3.0,A,1.0,1.0,D,28.0,10.0,8.0,6.0,9.0,7.0,17.0,27.0,5.0,2.0,0.0,0.0,2.05,3.1,4.0
0708,22/03/08,Reggina,Napoli,1.0,1.0,D,0.0,0.0,D,12.0,8.0,2.0,3.0,4.0,3.0,21.0,27.0,1.0,3.0,0.0,0.0,2.37,2.9,3.3
0708,22/03/08,Roma,Empoli,2.0,1.0,H,1.0,0.0,H,13.0,12.0,3.0,2.0,8.0,4.0,15.0,13.0,3.0,3.0,1.0,0.0,1.28,5.0,12.0
0708,22/03/08,Sampdoria,Cagliari,1.0,1.0,D,0.0,1.0,A,10.0,10.0,3.0,3.0,3.0,4.0,24.0,27.0,3.0,4.0,0.0,0.0,1.61,3.4,6.5
0708,22/03/08,Siena,Parma,2.0,0.0,H,0.0,0.0,D,14.0,7.0,4.0,2.0,2.0,4.0,23.0,20.0,1.0,3.0,0.0,0.0,2.3,2.9,3.5
0708,22/03/08,Torino,Milan,0.0,1.0,A,0.0,0.0,D,9.0,21.0,1.0,9.0,4.0,5.0,27.0,21.0,2.0,2.0,0.0,0.0,4.2,3.1,2.0
0708,22/03/08,Udinese,Livorno,2.0,0.0,H,1.0,0.0,H,11.0,16.0,5.0,3.0,5.0,9.0,18.0,10.0,1.0,2.0,0.0,0.0,1.7,3.3,5.75
0708,29/03/08,Cagliari,Roma,1.0,1.0,D,1.0,1.0,D,10.0,20.0,1.0,8.0,6.0,12.0,20.0,15.0,0.0,4.0,0.0,0.0,4.0,3.2,2.0
0708,29/03/08,Lazio,Inter,1.0,1.0,D,0.0,1.0,A,24.0,9.0,6.0,5.0,11.0,1.0,16.0,12.0,2.0,1.0,0.0,0.0,4.2,3.1,2.0
0708,30/03/08,Catania,Torino,1.0,2.0,A,1.0,1.0,D,22.0,10.0,4.0,5.0,12.0,1.0,13.0,23.0,2.0,5.0,0.0,0.0,2.2,2.9,3.75
0708,30/03/08,Empoli,Sampdoria,0.0,2.0,A,0.0,2.0,A,14.0,6.0,2.0,2.0,4.0,5.0,12.0,26.0,1.0,4.0,0.0,0.0,2.5,3.0,3.0
0708,30/03/08,Genoa,Reggina,2.0,0.0,H,0.0,0.0,D,29.0,14.0,8.0,4.0,5.0,3.0,17.0,22.0,1.0,3.0,0.0,0.0,2.0,3.0,4.33
0708,30/03/08,Livorno,Siena,0.0,0.0,D,0.0,0.0,D,19.0,9.0,7.0,4.0,6.0,3.0,13.0,30.0,2.0,2.0,0.0,0.0,2.3,2.9,3.5
0708,30/03/08,Milan,Atalanta,1.0,2.0,A,0.0,2.0,A,14.0,16.0,8.0,7.0,11.0,3.0,15.0,17.0,2.0,4.0,1.0,0.0,1.33,4.5,11.0
0708,30/03/08,Napoli,Palermo,1.0,0.0,H,0.0,0.0,D,12.0,15.0,4.0,3.0,4.0,6.0,18.0,12.0,2.0,0.0,0.0,0.0,2.0,3.0,4.33
0708,30/03/08,Udinese,Fiorentina,3.0,1.0,H,1.0,0.0,H,17.0,20.0,10.0,4.0,7.0,8.0,15.0,17.0,1.0,1.0,0.0,0.0,2.35,3.0,3.25
0708,05/04/08,Milan,Cagliari,3.0,1.0,H,2.0,0.0,H,14.0,9.0,6.0,3.0,8.0,4.0,26.0,19.0,1.0,4.0,0.0,0.0,1.36,4.33,10.0
0708,05/04/08,Roma,Genoa,3.0,2.0,H,2.0,0.0,H,12.0,14.0,4.0,6.0,3.0,5.0,12.0,26.0,2.0,4.0,0.0,0.0,1.55,3.5,7.5
0708,06/04/08,Atalanta,Inter,0.0,2.0,A,0.0,1.0,A,18.0,7.0,2.0,2.0,9.0,1.0,16.0,11.0,1.0,2.0,1.0,0.0,4.5,3.1,1.9
0708,06/04/08,Catania,Napoli,3.0,0.0,H,2.0,0.0,H,9.0,27.0,5.0,3.0,4.0,8.0,13.0,17.0,2.0,2.0,0.0,0.0,2.37,3.0,3.25
0708,06/04/08,Fiorentina,Reggina,2.0,0.0,H,1.0,0.0,H,23.0,11.0,10.0,2.0,10.0,7.0,17.0,14.0,1.0,1.0,0.0,0.0,1.5,3.6,8.0
0708,06/04/08,Palermo,Juventus,3.0,2.0,H,1.0,0.0,H,7.0,24.0,4.0,7.0,3.0,10.0,12.0,19.0,3.0,2.0,0.0,0.0,3.75,3.1,2.1
0708,06/04/08,Parma,Lazio,2.0,2.0,D,2.0,2.0,D,16.0,10.0,6.0,4.0,10.0,1.0,14.0,15.0,1.0,0.0,0.0,0.0,2.25,2.9,3.6
0708,06/04/08,Sampdoria,Livorno,2.0,0.0,H,0.0,0.0,D,14.0,8.0,9.0,2.0,13.0,1.0,24.0,17.0,5.0,3.0,0.0,0.0,1.57,3.5,7.0
0708,06/04/08,Siena,Udinese,1.0,1.0,D,0.0,0.0,D,14.0,21.0,7.0,10.0,2.0,5.0,17.0,17.0,1.0,1.0,0.0,0.0,2.75,3.0,2.7
0708,06/04/08,Torino,Empoli,0.0,1.0,A,0.0,0.0,D,14.0,15.0,5.0,3.0,5.0,4.0,25.0,25.0,2.0,2.0,0.0,0.0,1.85,3.1,5.0
0708,12/04/08,Juventus,Milan,3.0,2.0,H,2.0,2.0,D,13.0,10.0,6.0,6.0,3.0,5.0,27.0,17.0,3.0,1.0,0.0,1.0,2.3,3.0,3.4
0708,12/04/08,Palermo,Catania,1.0,0.0,H,0.0,0.0,D,19.0,16.0,5.0,1.0,5.0,3.0,19.0,26.0,4.0,2.0,0.0,0.0,2.2,2.75,4.2
0708,13/04/08,Empoli,Parma,1.0,1.0,D,1.0,1.0,D,10.0,7.0,3.0,3.0,5.0,2.0,19.0,17.0,4.0,2.0,0.0,0.0,2.37,2.87,3.4
0708,13/04/08,Genoa,Torino,3.0,0.0,H,0.0,0.0,D,19.0,10.0,10.0,1.0,9.0,3.0,12.0,21.0,3.0,4.0,0.0,0.0,2.7,2.5,3.4
0708,13/04/08,Inter,Fiorentina,2.0,0.0,H,0.0,0.0,D,19.0,13.0,10.0,3.0,10.0,6.0,15.0,13.0,2.0,1.0,0.0,0.0,1.61,3.6,6.0
0708,13/04/08,Lazio,Siena,1.0,1.0,D,1.0,0.0,H,14.0,11.0,3.0,5.0,8.0,2.0,21.0,22.0,2.0,2.0,0.0,0.0,2.1,2.6,5.0
0708,13/04/08,Livorno,Cagliari,1.0,2.0,A,1.0,1.0,D,24.0,22.0,9.0,7.0,8.0,4.0,15.0,13.0,3.0,4.0,0.0,0.0,2.3,2.9,3.5
0708,13/04/08,Napoli,Atalanta,2.0,0.0,H,0.0,0.0,D,14.0,7.0,8.0,4.0,7.0,1.0,22.0,20.0,2.0,0.0,0.0,0.0,2.0,3.0,4.33
0708,13/04/08,Reggina,Sampdoria,1.0,0.0,H,1.0,0.0,H,12.0,19.0,4.0,4.0,6.0,6.0,26.0,16.0,2.0,4.0,0.0,0.0,2.5,3.0,3.0
0708,13/04/08,Udinese,Roma,1.0,3.0,A,0.0,0.0,D,19.0,29.0,7.0,10.0,7.0,7.0,18.0,17.0,2.0,2.0,0.0,0.0,3.3,3.1,2.3
0708,16/04/08,Juventus,Parma,3.0,0.0,H,2.0,0.0,H,15.0,9.0,5.0,3.0,4.0,2.0,19.0,12.0,0.0,2.0,0.0,1.0,1.4,4.0,9.5
0708,19/04/08,Fiorentina,Palermo,1.0,0.0,H,1.0,0.0,H,18.0,12.0,6.0,5.0,8.0,10.0,22.0,17.0,2.0,5.0,0.0,1.0,1.57,3.6,6.5
0708,19/04/08,Roma,Livorno,1.0,1.0,D,0.0,0.0,D,25.0,6.0,9.0,1.0,14.0,0.0,12.0,12.0,2.0,2.0,0.0,0.0,1.22,5.5,15.0
0708,20/04/08,Atalanta,Juventus,0.0,4.0,A,0.0,3.0,A,15.0,10.0,3.0,6.0,4.0,1.0,16.0,27.0,3.0,2.0,0.0,0.0,4.33,3.2,1.9
0708,20/04/08,Cagliari,Empoli,2.0,0.0,H,1.0,0.0,H,12.0,16.0,3.0,6.0,2.0,4.0,21.0,28.0,1.0,5.0,2.0,0.0,2.0,3.0,4.33
0708,20/04/08,Catania,Lazio,1.0,0.0,H,1.0,0.0,H,20.0,12.0,6.0,1.0,5.0,3.0,21.0,12.0,1.0,4.0,0.0,2.0,1.72,3.4,5.0
0708,20/04/08,Milan,Reggina,5.0,1.0,H,2.0,1.0,H,23.0,14.0,10.0,5.0,9.0,10.0,14.0,10.0,1.0,0.0,0.0,0.0,1.3,5.0,10.0
0708,20/04/08,Parma,Napoli,1.0,2.0,A,1.0,1.0,D,10.0,20.0,5.0,8.0,7.0,5.0,26.0,16.0,3.0,2.0,3.0,1.0,1.61,3.4,6.0
0708,20/04/08,Sampdoria,Udinese,3.0,0.0,H,2.0,0.0,H,8.0,21.0,4.0,3.0,2.0,7.0,22.0,16.0,1.0,2.0,0.0,1.0,2.2,3.1,3.5
0708,20/04/08,Siena,Genoa,0.0,1.0,A,0.0,1.0,A,17.0,9.0,4.0,4.0,8.0,2.0,20.0,14.0,1.0,2.0,0.0,1.0,2.62,2.05,5.0
0708,20/04/08,Torino,Inter,0.0,1.0,A,0.0,1.0,A,17.0,11.0,3.0,2.0,7.0,3.0,21.0,10.0,6.0,3.0,0.0,0.0,7.0,3.5,1.57
0708,27/04/08,Fiorentina,Sampdoria,2.0,2.0,D,0.0,0.0,D,13.0,6.0,3.0,4.0,1.0,6.0,26.0,18.0,2.0,3.0,0.0,0.0,2.0,3.1,4.2
0708,27/04/08,Genoa,Empoli,0.0,1.0,A,0.0,1.0,A,8.0,11.0,2.0,3.0,5.0,4.0,17.0,15.0,3.0,3.0,1.0,0.0,2.1,3.0,4.0
0708,27/04/08,Inter,Cagliari,2.0,1.0,H,1.0,0.0,H,21.0,14.0,5.0,3.0,6.0,5.0,15.0,8.0,0.0,2.0,0.0,0.0,1.3,4.5,13.0
0708,27/04/08,Juventus,Lazio,5.0,2.0,H,4.0,0.0,H,13.0,7.0,6.0,5.0,5.0,6.0,14.0,14.0,1.0,0.0,0.0,1.0,1.4,4.2,9.0
0708,27/04/08,Livorno,Milan,1.0,4.0,A,0.0,1.0,A,13.0,13.0,1.0,7.0,3.0,2.0,14.0,10.0,3.0,1.0,0.0,0.0,6.5,4.0,1.53
0708,27/04/08,Napoli,Siena,0.0,0.0,D,0.0,0.0,D,14.0,4.0,4.0,2.0,10.0,0.0,14.0,30.0,1.0,4.0,0.0,0.0,1.95,2.75,5.25
0708,27/04/08,Palermo,Atalanta,0.0,0.0,D,0.0,0.0,D,8.0,14.0,1.0,3.0,0.0,6.0,22.0,25.0,2.0,4.0,0.0,0.0,2.1,2.75,4.5
0708,27/04/08,Reggina,Parma,2.0,1.0,H,0.0,1.0,A,17.0,3.0,10.0,1.0,8.0,2.0,16.0,28.0,2.0,3.0,0.0,1.0,1.83,3.1,5.0
0708,27/04/08,Roma,Torino,4.0,1.0,H,4.0,0.0,H,13.0,18.0,7.0,5.0,6.0,7.0,12.0,12.0,1.0,4.0,1.0,0.0,1.5,3.8,7.25
0708,27/04/08,Udinese,Catania,2.0,1.0,H,2.0,1.0,H,14.0,21.0,4.0,3.0,2.0,12.0,25.0,24.0,1.0,3.0,0.0,0.0,2.05,2.87,4.5
0708,04/05/08,Atalanta,Livorno,3.0,2.0,H,0.0,0.0,D,10.0,12.0,4.0,5.0,2.0,3.0,16.0,18.0,2.0,3.0,0.0,0.0,3.25,3.3,2.2
0708,04/05/08,Cagliari,Fiorentina,2.0,1.0,H,1.0,0.0,H,17.0,13.0,8.0,3.0,9.0,4.0,18.0,19.0,1.0,2.0,0.0,1.0,2.45,3.0,3.1
0708,04/05/08,Catania,Reggina,1.0,2.0,A,0.0,1.0,A,27.0,7.0,8.0,4.0,8.0,2.0,23.0,14.0,2.0,4.0,0.0,0.0,2.1,2.87,4.2
0708,04/05/08,Empoli,Udinese,0.0,1.0,A,0.0,1.0,A,21.0,10.0,6.0,4.0,12.0,2.0,23.0,18.0,4.0,2.0,0.0,0.0,1.95,3.3,4.0
0708,04/05/08,Lazio,Palermo,1.0,2.0,A,1.0,0.0,H,15.0,8.0,3.0,2.0,5.0,1.0,13.0,8.0,1.0,0.0,0.0,0.0,2.5,2.5,3.8
0708,04/05/08,Milan,Inter,2.0,1.0,H,0.0,0.0,D,15.0,12.0,4.0,7.0,8.0,5.0,16.0,21.0,4.0,3.0,0.0,0.0,2.5,3.0,3.0
0708,04/05/08,Parma,Genoa,1.0,0.0,H,0.0,0.0,D,19.0,12.0,5.0,2.0,9.0,3.0,16.0,28.0,0.0,4.0,0.0,0.0,1.44,4.33,7.0
0708,04/05/08,Sampdoria,Roma,0.0,3.0,A,0.0,0.0,D,20.0,18.0,11.0,6.0,11.0,4.0,8.0,16.0,0.0,0.0,0.0,0.0,2.62,3.1,2.75
0708,04/05/08,Siena,Juventus,1.0,0.0,H,1.0,0.0,H,11.0,8.0,5.0,1.0,5.0,11.0,19.0,14.0,2.0,1.0,0.0,0.0,7.5,3.75,1.5
0708,04/05/08,Torino,Napoli,2.0,1.0,H,1.0,0.0,H,12.0,16.0,4.0,3.0,6.0,3.0,21.0,14.0,3.0,3.0,0.0,0.0,1.4,4.2,8.5
0708,11/05/08,Fiorentina,Parma,3.0,1.0,H,1.0,1.0,D,22.0,10.0,13.0,2.0,11.0,5.0,16.0,20.0,3.0,4.0,0.0,1.0,1.8,3.4,4.5
0708,11/05/08,Genoa,Lazio,0.0,2.0,A,0.0,2.0,A,21.0,7.0,5.0,4.0,9.0,1.0,22.0,23.0,1.0,3.0,0.0,0.0,1.9,2.9,5.0
0708,11/05/08,Inter,Siena,2.0,2.0,D,2.0,1.0,H,22.0,5.0,5.0,4.0,14.0,0.0,14.0,15.0,1.0,5.0,0.0,0.0,1.14,7.5,17.0
0708,11/05/08,Juventus,Catania,1.0,1.0,D,0.0,0.0,D,15.0,7.0,4.0,3.0,5.0,7.0,18.0,13.0,5.0,1.0,0.0,0.0,1.75,3.2,5.5
0708,11/05/08,Livorno,Torino,0.0,1.0,A,0.0,1.0,A,12.0,8.0,4.0,4.0,5.0,7.0,16.0,20.0,4.0,4.0,0.0,0.0,4.75,3.4,1.8
0708,11/05/08,Napoli,Milan,3.0,1.0,H,1.0,0.0,H,22.0,14.0,6.0,4.0,6.0,5.0,24.0,18.0,4.0,3.0,0.0,0.0,8.0,5.25,1.33
0708,11/05/08,Palermo,Sampdoria,0.0,2.0,A,0.0,0.0,D,19.0,8.0,4.0,3.0,6.0,4.0,26.0,19.0,1.0,1.0,0.0,0.0,2.37,3.0,3.2
0708,11/05/08,Reggina,Empoli,2.0,0.0,H,0.0,0.0,D,17.0,13.0,7.0,4.0,5.0,6.0,15.0,25.0,2.0,3.0,0.0,0.0,2.0,3.25,3.8
0708,11/05/08,Roma,Atalanta,2.0,1.0,H,1.0,0.0,H,14.0,13.0,4.0,2.0,6.0,6.0,12.0,17.0,0.0,4.0,0.0,0.0,1.22,6.0,12.0
0708,11/05/08,Udinese,Cagliari,0.0,2.0,A,0.0,0.0,D,13.0,11.0,3.0,8.0,8.0,4.0,20.0,17.0,3.0,2.0,0.0,0.0,2.1,2.9,4.0
0708,17/05/08,Sampdoria,Juventus,3.0,3.0,D,2.0,2.0,D,13.0,13.0,6.0,5.0,8.0,4.0,11.0,20.0,1.0,2.0,0.0,1.0,2.37,3.0,3.2
0708,18/05/08,Atalanta,Genoa,2.0,0.0,H,1.0,0.0,H,14.0,4.0,4.0,2.0,5.0,6.0,23.0,16.0,3.0,3.0,0.0,2.0,2.15,2.75,4.2
0708,18/05/08,Cagliari,Reggina,2.0,2.0,D,1.0,0.0,H,19.0,11.0,8.0,3.0,5.0,4.0,10.0,6.0,0.0,0.0,0.0,0.0,2.1,2.87,4.2
0708,18/05/08,Catania,Roma,1.0,1.0,D,0.0,1.0,A,24.0,10.0,9.0,2.0,8.0,0.0,21.0,15.0,2.0,2.0,0.0,0.0,6.0,3.6,1.61
0708,18/05/08,Empoli,Livorno,2.0,1.0,H,1.0,0.0,H,16.0,10.0,10.0,3.0,3.0,5.0,10.0,12.0,2.0,0.0,0.0,0.0,1.25,5.5,12.0
0708,18/05/08,Lazio,Napoli,2.0,1.0,H,1.0,0.0,H,8.0,4.0,5.0,2.0,3.0,4.0,27.0,19.0,3.0,3.0,0.0,0.0,2.25,2.9,3.6
0708,18/05/08,Milan,Udinese,4.0,1.0,H,0.0,1.0,A,28.0,14.0,9.0,6.0,3.0,7.0,13.0,17.0,2.0,2.0,0.0,0.0,1.28,5.0,11.0
0708,18/05/08,Parma,Inter,0.0,2.0,A,0.0,0.0,D,14.0,17.0,1.0,6.0,5.0,2.0,25.0,17.0,4.0,2.0,0.0,0.0,5.5,4.33,1.53
0708,18/05/08,Siena,Palermo,2.0,2.0,D,1.0,2.0,A,14.0,12.0,4.0,5.0,3.0,8.0,9.0,12.0,1.0,2.0,0.0,0.0,2.2,2.8,4.0
0708,18/05/08,Torino,Fiorentina,0.0,1.0,A,0.0,0.0,D,8.0,26.0,3.0,11.0,6.0,14.0,10.0,19.0,0.0,1.0,0.0,0.0,7.5,3.8,1.5
0809,30/08/08,Sampdoria,Inter,1.0,1.0,D,0.0,1.0,A,18.0,15.0,3.0,4.0,9.0,8.0,19.0,20.0,2.0,2.0,0.0,0.0,4.33,3.2,1.91
0809,30/08/08,Udinese,Palermo,3.0,1.0,H,2.0,0.0,H,22.0,14.0,7.0,4.0,10.0,4.0,17.0,15.0,2.0,4.0,0.0,0.0,2.1,3.1,3.8
0809,31/08/08,Atalanta,Siena,1.0,0.0,H,1.0,0.0,H,10.0,5.0,3.0,1.0,3.0,6.0,18.0,24.0,1.0,1.0,0.0,1.0,2.05,3.1,4.0
0809,31/08/08,Cagliari,Lazio,1.0,4.0,A,1.0,0.0,H,18.0,17.0,4.0,8.0,8.0,3.0,12.0,17.0,4.0,1.0,1.0,0.0,3.0,3.0,2.5
0809,31/08/08,Catania,Genoa,1.0,0.0,H,0.0,0.0,D,7.0,12.0,4.0,3.0,3.0,8.0,22.0,30.0,5.0,3.0,0.0,0.0,2.4,3.0,3.2
0809,31/08/08,Chievo,Reggina,2.0,1.0,H,0.0,0.0,D,15.0,9.0,7.0,2.0,4.0,9.0,15.0,16.0,3.0,1.0,1.0,0.0,2.15,3.0,3.75
0809,31/08/08,Fiorentina,Juventus,1.0,1.0,D,0.0,1.0,A,13.0,18.0,2.0,5.0,3.0,3.0,18.0,25.0,1.0,3.0,1.0,0.0,2.75,3.0,2.75
0809,31/08/08,Milan,Bologna,1.0,2.0,A,1.0,1.0,D,23.0,13.0,8.0,3.0,4.0,1.0,16.0,12.0,1.0,3.0,0.0,0.0,1.3,4.75,12.0
0809,31/08/08,Roma,Napoli,1.0,1.0,D,1.0,0.0,H,17.0,19.0,7.0,5.0,6.0,8.0,17.0,22.0,2.0,1.0,0.0,1.0,1.57,3.6,6.5
0809,31/08/08,Torino,Lecce,3.0,0.0,H,2.0,0.0,H,13.0,18.0,6.0,4.0,6.0,6.0,11.0,17.0,1.0,3.0,0.0,0.0,1.8,3.1,5.25
0809,13/09/08,Inter,Catania,2.0,1.0,H,1.0,1.0,D,21.0,12.0,6.0,1.0,8.0,5.0,15.0,27.0,2.0,5.0,1.0,0.0,1.25,5.0,15.0
0809,13/09/08,Palermo,Roma,3.0,1.0,H,1.0,1.0,D,18.0,20.0,6.0,7.0,5.0,3.0,24.0,13.0,1.0,2.0,0.0,0.0,3.5,3.1,2.2
0809,14/09/08,Bologna,Atalanta,0.0,1.0,A,0.0,1.0,A,6.0,13.0,2.0,2.0,7.0,5.0,19.0,25.0,2.0,6.0,0.0,0.0,2.2,3.0,3.6
0809,14/09/08,Genoa,Milan,2.0,0.0,H,1.0,0.0,H,16.0,18.0,8.0,6.0,6.0,5.0,11.0,17.0,2.0,4.0,0.0,0.0,4.5,3.1,1.91
0809,14/09/08,Juventus,Udinese,1.0,0.0,H,0.0,0.0,D,19.0,7.0,6.0,3.0,7.0,2.0,17.0,16.0,0.0,1.0,0.0,0.0,1.53,3.75,7.0
0809,14/09/08,Lazio,Sampdoria,2.0,0.0,H,1.0,0.0,H,14.0,9.0,4.0,3.0,5.0,10.0,13.0,20.0,0.0,2.0,0.0,0.0,2.2,3.0,3.6
0809,14/09/08,Lecce,Chievo,2.0,0.0,H,0.0,0.0,D,11.0,12.0,4.0,1.0,3.0,5.0,24.0,23.0,2.0,2.0,0.0,0.0,2.38,3.0,3.2
0809,14/09/08,Napoli,Fiorentina,2.0,1.0,H,0.0,1.0,A,15.0,19.0,5.0,7.0,4.0,4.0,14.0,13.0,3.0,3.0,0.0,0.0,2.6,3.0,2.88
0809,14/09/08,Reggina,Torino,1.0,1.0,D,1.0,1.0,D,12.0,7.0,1.0,5.0,9.0,5.0,22.0,25.0,3.0,1.0,0.0,0.0,2.5,3.0,3.0
0809,14/09/08,Siena,Cagliari,2.0,0.0,H,1.0,0.0,H,9.0,10.0,6.0,3.0,7.0,6.0,16.0,12.0,3.0,3.0,0.0,0.0,1.91,3.1,4.5
0809,20/09/08,Catania,Atalanta,1.0,0.0,H,0.0,0.0,D,8.0,22.0,1.0,5.0,4.0,5.0,24.0,10.0,1.0,1.0,0.0,0.0,2.35,2.9,3.4
0809,20/09/08,Roma,Reggina,3.0,0.0,H,1.0,0.0,H,25.0,11.0,9.0,1.0,9.0,3.0,16.0,15.0,0.0,2.0,0.0,0.0,1.33,4.75,10.0
0809,21/09/08,Cagliari,Juventus,0.0,1.0,A,0.0,1.0,A,12.0,17.0,5.0,5.0,3.0,6.0,9.0,21.0,1.0,1.0,0.0,0.0,6.25,3.5,1.62
0809,21/09/08,Fiorentina,Bologna,1.0,0.0,H,1.0,0.0,H,23.0,10.0,8.0,4.0,4.0,4.0,25.0,14.0,3.0,1.0,0.0,0.0,1.53,3.6,7.5
0809,21/09/08,Lecce,Siena,1.0,1.0,D,0.0,1.0,A,10.0,11.0,5.0,3.0,5.0,6.0,17.0,24.0,3.0,4.0,0.0,0.0,2.25,2.88,3.6
0809,21/09/08,Milan,Lazio,4.0,1.0,H,2.0,1.0,H,14.0,12.0,9.0,4.0,7.0,6.0,20.0,15.0,2.0,1.0,0.0,0.0,1.73,3.3,5.5
0809,21/09/08,Palermo,Genoa,2.0,1.0,H,1.0,0.0,H,14.0,10.0,5.0,3.0,4.0,4.0,18.0,24.0,1.0,2.0,0.0,0.0,2.1,3.1,3.8
0809,21/09/08,Sampdoria,Chievo,1.0,1.0,D,0.0,0.0,D,10.0,6.0,3.0,1.0,4.0,0.0,16.0,15.0,2.0,2.0,0.0,0.0,1.62,3.5,6.25
0809,21/09/08,Torino,Inter,1.0,3.0,A,0.0,2.0,A,14.0,8.0,5.0,5.0,8.0,0.0,15.0,18.0,3.0,1.0,0.0,0.0,5.75,3.4,1.67
0809,21/09/08,Udinese,Napoli,0.0,0.0,D,0.0,0.0,D,14.0,9.0,4.0,1.0,1.0,2.0,10.0,18.0,0.0,2.0,0.0,0.0,2.1,3.1,3.75
0809,24/09/08,Atalanta,Cagliari,1.0,0.0,H,0.0,0.0,D,16.0,10.0,7.0,2.0,6.0,3.0,25.0,17.0,1.0,3.0,0.0,0.0,1.73,3.3,5.5
0809,24/09/08,Bologna,Udinese,0.0,3.0,A,0.0,2.0,A,9.0,15.0,1.0,3.0,2.0,6.0,16.0,28.0,3.0,2.0,1.0,0.0,2.65,2.9,2.9
0809,24/09/08,Chievo,Torino,1.0,1.0,D,0.0,1.0,A,14.0,8.0,5.0,2.0,8.0,3.0,17.0,23.0,3.0,2.0,0.0,1.0,2.25,2.9,3.6
0809,24/09/08,Genoa,Roma,3.0,1.0,H,1.0,1.0,D,14.0,12.0,6.0,4.0,5.0,4.0,16.0,19.0,3.0,5.0,0.0,1.0,4.2,3.0,2.05
0809,24/09/08,Inter,Lecce,1.0,0.0,H,0.0,0.0,D,14.0,5.0,2.0,2.0,7.0,2.0,12.0,15.0,2.0,1.0,0.0,0.0,1.17,6.5,19.0
0809,24/09/08,Juventus,Catania,1.0,1.0,D,1.0,0.0,H,22.0,8.0,8.0,4.0,5.0,3.0,16.0,33.0,0.0,3.0,0.0,0.0,1.25,5.25,13.0
0809,24/09/08,Lazio,Fiorentina,3.0,0.0,H,0.0,0.0,D,23.0,8.0,10.0,1.0,7.0,6.0,18.0,17.0,2.0,3.0,0.0,0.0,2.4,3.0,3.2
0809,24/09/08,Napoli,Palermo,2.0,1.0,H,1.0,0.0,H,14.0,17.0,4.0,4.0,1.0,6.0,17.0,17.0,2.0,3.0,0.0,0.0,2.05,3.1,4.0
0809,24/09/08,Reggina,Milan,1.0,2.0,A,0.0,1.0,A,16.0,8.0,7.0,4.0,3.0,1.0,26.0,26.0,1.0,3.0,0.0,0.0,6.5,3.6,1.57
0809,24/09/08,Siena,Sampdoria,0.0,0.0,D,0.0,0.0,D,6.0,8.0,0.0,2.0,2.0,7.0,23.0,17.0,1.0,2.0,0.0,0.0,2.75,2.9,2.8
0809,27/09/08,Fiorentina,Genoa,1.0,0.0,H,0.0,0.0,D,19.0,3.0,5.0,2.0,7.0,5.0,20.0,33.0,5.0,4.0,0.0,0.0,1.75,3.3,5.25
0809,27/09/08,Sampdoria,Juventus,0.0,0.0,D,0.0,0.0,D,13.0,10.0,3.0,2.0,11.0,2.0,13.0,24.0,2.0,2.0,0.0,0.0,3.4,3.0,2.3
0809,28/09/08,Bologna,Napoli,0.0,1.0,A,0.0,0.0,D,10.0,4.0,1.0,1.0,5.0,3.0,4.0,12.0,1.0,0.0,0.0,0.0,2.7,3.0,2.75
0809,28/09/08,Catania,Chievo,1.0,0.0,H,1.0,0.0,H,18.0,16.0,3.0,7.0,3.0,5.0,19.0,12.0,3.0,0.0,0.0,1.0,2.05,3.0,4.2
0809,28/09/08,Lecce,Cagliari,2.0,0.0,H,1.0,0.0,H,14.0,16.0,5.0,5.0,0.0,9.0,14.0,18.0,3.0,2.0,0.0,0.0,2.0,3.0,4.33
0809,28/09/08,Milan,Inter,1.0,0.0,H,1.0,0.0,H,17.0,11.0,5.0,2.0,5.0,2.0,17.0,14.0,2.0,4.0,0.0,2.0,2.88,2.88,2.75
0809,28/09/08,Palermo,Reggina,1.0,0.0,H,0.0,0.0,D,8.0,3.0,1.0,1.0,5.0,3.0,22.0,23.0,1.0,3.0,0.0,0.0,1.62,3.4,6.5
0809,28/09/08,Roma,Atalanta,2.0,0.0,H,2.0,0.0,H,11.0,11.0,4.0,0.0,3.0,4.0,24.0,13.0,2.0,2.0,0.0,0.0,1.57,3.6,6.5
0809,28/09/08,Torino,Lazio,1.0,3.0,A,0.0,1.0,A,12.0,12.0,3.0,8.0,1.0,2.0,20.0,22.0,2.0,2.0,2.0,0.0,2.75,3.0,2.7
0809,28/09/08,Udinese,Siena,2.0,1.0,H,2.0,1.0,H,15.0,10.0,6.0,3.0,7.0,5.0,12.0,18.0,0.0,2.0,0.0,0.0,1.62,3.4,6.5
0809,04/10/08,Inter,Bologna,2.0,1.0,H,1.0,0.0,H,22.0,12.0,11.0,4.0,11.0,5.0,15.0,12.0,2.0,2.0,0.0,0.0,1.22,6.0,13.0
0809,04/10/08,Lazio,Lecce,1.0,1.0,D,0.0,1.0,A,28.0,6.0,7.0,3.0,10.0,3.0,12.0,28.0,2.0,4.0,0.0,0.0,1.44,4.0,8.0
0809,05/10/08,Atalanta,Sampdoria,4.0,2.0,H,2.0,1.0,H,20.0,4.0,11.0,3.0,5.0,2.0,13.0,25.0,3.0,3.0,0.0,2.0,2.4,3.0,3.2
0809,05/10/08,Cagliari,Milan,0.0,0.0,D,0.0,0.0,D,12.0,15.0,4.0,4.0,5.0,5.0,28.0,16.0,3.0,3.0,0.0,0.0,8.0,4.0,1.44
0809,05/10/08,Chievo,Fiorentina,0.0,2.0,A,0.0,1.0,A,11.0,12.0,3.0,8.0,5.0,4.0,20.0,16.0,3.0,2.0,1.0,0.0,3.25,3.0,2.38
0809,05/10/08,Genoa,Napoli,3.0,2.0,H,1.0,1.0,D,8.0,13.0,5.0,6.0,9.0,3.0,21.0,22.0,1.0,2.0,2.0,0.0,2.1,3.1,3.75
0809,05/10/08,Juventus,Palermo,1.0,2.0,A,1.0,1.0,D,11.0,13.0,3.0,4.0,2.0,3.0,13.0,31.0,2.0,2.0,1.0,0.0,1.53,3.75,7.0
0809,05/10/08,Reggina,Catania,1.0,1.0,D,0.0,0.0,D,36.0,12.0,7.0,2.0,18.0,5.0,18.0,23.0,2.0,3.0,0.0,1.0,2.5,2.88,3.2
0809,05/10/08,Siena,Roma,1.0,0.0,H,1.0,0.0,H,11.0,16.0,3.0,6.0,3.0,4.0,16.0,13.0,3.0,1.0,0.0,2.0,4.0,3.2,2.0
0809,05/10/08,Udinese,Torino,2.0,0.0,H,1.0,0.0,H,11.0,6.0,2.0,3.0,3.0,4.0,14.0,20.0,2.0,4.0,0.0,0.0,1.67,3.4,6.0
0809,18/10/08,Fiorentina,Reggina,3.0,0.0,H,1.0,0.0,H,28.0,9.0,9.0,1.0,13.0,4.0,28.0,17.0,1.0,1.0,0.0,1.0,1.44,3.8,9.0
0809,18/10/08,Napoli,Juventus,2.0,1.0,H,0.0,0.0,D,12.0,12.0,5.0,5.0,2.0,4.0,17.0,24.0,3.0,4.0,0.0,0.0,2.5,3.0,3.1
0809,19/10/08,Bologna,Lazio,3.0,1.0,H,3.0,0.0,H,4.0,11.0,3.0,5.0,5.0,7.0,27.0,14.0,4.0,4.0,0.0,0.0,3.5,3.1,2.2
0809,19/10/08,Catania,Palermo,2.0,0.0,H,0.0,0.0,D,18.0,16.0,4.0,3.0,3.0,7.0,19.0,13.0,0.0,1.0,0.0,1.0,2.5,3.0,3.0
0809,19/10/08,Chievo,Atalanta,1.0,1.0,D,1.0,0.0,H,14.0,11.0,4.0,4.0,13.0,7.0,14.0,11.0,1.0,1.0,0.0,0.0,2.5,2.88,3.2
0809,19/10/08,Genoa,Siena,1.0,0.0,H,1.0,0.0,H,12.0,5.0,6.0,1.0,5.0,6.0,24.0,16.0,1.0,2.0,0.0,0.0,1.83,3.1,5.0
0809,19/10/08,Lecce,Udinese,2.0,2.0,D,1.0,0.0,H,7.0,22.0,2.0,8.0,5.0,4.0,24.0,21.0,4.0,3.0,0.0,0.0,3.0,3.0,2.5
0809,19/10/08,Milan,Sampdoria,3.0,0.0,H,0.0,0.0,D,16.0,9.0,6.0,3.0,6.0,4.0,26.0,16.0,2.0,1.0,0.0,1.0,1.4,4.0,9.5
0809,19/10/08,Roma,Inter,0.0,4.0,A,0.0,1.0,A,26.0,18.0,7.0,9.0,9.0,10.0,13.0,17.0,1.0,1.0,0.0,0.0,3.4,3.0,2.3
0809,19/10/08,Torino,Cagliari,0.0,1.0,A,0.0,0.0,D,9.0,4.0,5.0,1.0,6.0,6.0,17.0,14.0,2.0,3.0,0.0,0.0,1.83,3.1,5.0
0809,25/10/08,Juventus,Torino,1.0,0.0,H,0.0,0.0,D,11.0,9.0,5.0,0.0,7.0,5.0,19.0,25.0,2.0,3.0,0.0,0.0,1.57,3.6,7.0
0809,25/10/08,Siena,Catania,1.0,1.0,D,0.0,0.0,D,28.0,4.0,11.0,2.0,14.0,2.0,11.0,16.0,2.0,1.0,0.0,0.0,2.25,2.9,3.6
0809,26/10/08,Atalanta,Milan,0.0,1.0,A,0.0,0.0,D,14.0,6.0,6.0,1.0,2.0,0.0,21.0,26.0,3.0,4.0,0.0,0.0,4.75,3.25,1.83
0809,26/10/08,Cagliari,Chievo,2.0,0.0,H,1.0,0.0,H,6.0,4.0,4.0,0.0,5.0,4.0,24.0,21.0,3.0,4.0,0.0,0.0,2.1,3.0,4.0
0809,26/10/08,Inter,Genoa,0.0,0.0,D,0.0,0.0,D,15.0,12.0,2.0,5.0,6.0,2.0,16.0,17.0,4.0,3.0,0.0,1.0,1.3,5.0,11.0
0809,26/10/08,Lazio,Napoli,0.0,1.0,A,0.0,0.0,D,18.0,8.0,5.0,2.0,4.0,4.0,26.0,14.0,4.0,1.0,0.0,0.0,2.1,3.1,3.75
0809,26/10/08,Palermo,Fiorentina,1.0,3.0,A,0.0,2.0,A,17.0,18.0,7.0,5.0,6.0,7.0,6.0,19.0,2.0,1.0,0.0,0.0,2.4,3.0,3.2
0809,26/10/08,Reggina,Lecce,2.0,0.0,H,0.0,0.0,D,14.0,12.0,3.0,3.0,8.0,4.0,17.0,27.0,2.0,3.0,0.0,0.0,2.2,3.0,3.6
0809,26/10/08,Sampdoria,Bologna,2.0,0.0,H,0.0,0.0,D,22.0,6.0,9.0,3.0,9.0,6.0,19.0,21.0,2.0,2.0,0.0,0.0,1.7,3.3,5.75
0809,26/10/08,Udinese,Roma,3.0,1.0,H,2.0,0.0,H,12.0,24.0,7.0,8.0,2.0,9.0,25.0,13.0,4.0,4.0,0.0,0.0,2.4,3.1,3.1
0809,29/10/08,Bologna,Juventus,1.0,2.0,A,0.0,1.0,A,6.0,13.0,2.0,4.0,4.0,8.0,18.0,24.0,3.0,1.0,0.0,0.0,4.75,3.3,1.83
0809,29/10/08,Catania,Udinese,0.0,2.0,A,0.0,1.0,A,23.0,13.0,6.0,6.0,2.0,1.0,20.0,21.0,2.0,4.0,0.0,0.0,2.6,3.0,2.88
0809,29/10/08,Chievo,Lazio,1.0,2.0,A,1.0,1.0,D,9.0,11.0,4.0,2.0,6.0,6.0,21.0,16.0,3.0,2.0,0.0,0.0,3.25,3.1,2.3
0809,29/10/08,Fiorentina,Inter,0.0,0.0,D,0.0,0.0,D,17.0,12.0,3.0,2.0,1.0,7.0,17.0,16.0,1.0,1.0,0.0,0.0,3.25,3.1,2.3
0809,29/10/08,Genoa,Cagliari,2.0,1.0,H,1.0,0.0,H,10.0,11.0,6.0,2.0,4.0,2.0,13.0,11.0,2.0,2.0,0.0,0.0,1.62,3.4,5.5
0809,29/10/08,Lecce,Palermo,1.0,1.0,D,1.0,0.0,H,5.0,8.0,1.0,1.0,7.0,1.0,20.0,23.0,0.0,3.0,1.0,0.0,2.62,3.0,2.88
0809,29/10/08,Milan,Siena,2.0,1.0,H,1.0,0.0,H,14.0,13.0,4.0,4.0,6.0,7.0,7.0,19.0,0.0,2.0,0.0,0.0,1.22,6.0,13.0
0809,29/10/08,Napoli,Reggina,3.0,0.0,H,2.0,0.0,H,9.0,0.0,4.0,0.0,1.0,0.0,7.0,11.0,0.0,1.0,0.0,0.0,1.44,4.0,9.0
0809,29/10/08,Torino,Atalanta,2.0,1.0,H,0.0,0.0,D,8.0,9.0,5.0,3.0,4.0,2.0,25.0,23.0,4.0,2.0,0.0,0.0,2.4,3.0,3.2
0809,01/11/08,Juventus,Roma,2.0,0.0,H,1.0,0.0,H,21.0,6.0,6.0,0.0,11.0,6.0,15.0,15.0,0.0,2.0,0.0,0.0,2.2,2.9,3.75
0809,01/11/08,Reggina,Inter,2.0,3.0,A,1.0,2.0,A,17.0,19.0,7.0,7.0,4.0,2.0,25.0,19.0,1.0,1.0,0.0,0.0,9.0,4.2,1.4
0809,02/11/08,Atalanta,Lecce,0.0,0.0,D,0.0,0.0,D,9.0,11.0,1.0,3.0,4.0,4.0,12.0,18.0,1.0,2.0,1.0,0.0,1.85,3.2,4.75
0809,02/11/08,Cagliari,Bologna,5.0,1.0,H,1.0,1.0,D,23.0,4.0,14.0,1.0,9.0,2.0,14.0,23.0,1.0,2.0,0.0,0.0,2.0,2.9,4.5
0809,02/11/08,Lazio,Catania,1.0,0.0,H,0.0,0.0,D,14.0,6.0,7.0,1.0,7.0,2.0,9.0,25.0,4.0,2.0,0.0,0.0,1.65,3.25,6.5
0809,02/11/08,Milan,Napoli,1.0,0.0,H,0.0,0.0,D,20.0,8.0,6.0,4.0,13.0,2.0,26.0,20.0,2.0,2.0,0.0,1.0,1.62,3.6,6.0
0809,02/11/08,Palermo,Chievo,3.0,0.0,H,3.0,0.0,H,11.0,17.0,3.0,2.0,4.0,8.0,18.0,16.0,1.0,2.0,1.0,0.0,1.65,3.4,6.0
0809,02/11/08,Sampdoria,Torino,1.0,0.0,H,0.0,0.0,D,15.0,10.0,5.0,4.0,8.0,2.0,18.0,19.0,1.0,3.0,0.0,0.0,1.75,3.2,5.5
0809,02/11/08,Siena,Fiorentina,1.0,0.0,H,0.0,0.0,D,10.0,12.0,4.0,4.0,6.0,3.0,15.0,16.0,1.0,1.0,0.0,0.0,3.0,3.0,2.5
0809,02/11/08,Udinese,Genoa,2.0,2.0,D,1.0,0.0,H,12.0,21.0,5.0,9.0,5.0,6.0,20.0,24.0,2.0,2.0,0.0,0.0,1.8,3.2,5.0
0809,08/11/08,Bologna,Roma,1.0,1.0,D,0.0,0.0,D,9.0,10.0,1.0,3.0,3.0,2.0,20.0,13.0,2.0,2.0,0.0,0.0,5.25,3.25,1.75
0809,08/11/08,Torino,Palermo,1.0,0.0,H,0.0,0.0,D,18.0,9.0,5.0,2.0,5.0,4.0,10.0,20.0,3.0,2.0,0.0,1.0,2.38,3.0,3.25
0809,09/11/08,Catania,Cagliari,2.0,1.0,H,1.0,1.0,D,13.0,9.0,6.0,4.0,4.0,6.0,25.0,18.0,4.0,4.0,0.0,0.0,2.1,3.0,4.0
0809,09/11/08,Chievo,Juventus,0.0,2.0,A,0.0,1.0,A,7.0,11.0,0.0,5.0,3.0,4.0,16.0,21.0,5.0,4.0,0.0,0.0,6.5,3.6,1.57
0809,09/11/08,Fiorentina,Atalanta,2.0,1.0,H,2.0,0.0,H,19.0,11.0,4.0,4.0,5.0,0.0,28.0,21.0,2.0,3.0,0.0,0.0,1.53,3.6,7.5
0809,09/11/08,Genoa,Reggina,4.0,0.0,H,0.0,0.0,D,21.0,11.0,6.0,2.0,8.0,3.0,17.0,15.0,3.0,1.0,0.0,1.0,1.53,3.75,7.0
0809,09/11/08,Inter,Udinese,1.0,0.0,H,0.0,0.0,D,13.0,11.0,5.0,4.0,8.0,5.0,14.0,12.0,2.0,3.0,0.0,0.0,1.53,3.6,7.5
0809,09/11/08,Lazio,Siena,3.0,0.0,H,0.0,0.0,D,9.0,14.0,5.0,5.0,6.0,5.0,8.0,17.0,1.0,1.0,0.0,0.0,1.57,3.6,7.0
0809,09/11/08,Lecce,Milan,1.0,1.0,D,0.0,0.0,D,9.0,21.0,3.0,3.0,3.0,4.0,15.0,14.0,3.0,2.0,0.0,0.0,7.0,3.6,1.57
0809,09/11/08,Napoli,Sampdoria,2.0,0.0,H,1.0,0.0,H,9.0,10.0,3.0,4.0,4.0,5.0,28.0,25.0,4.0,5.0,0.0,0.0,1.8,3.25,5.0
0809,13/11/08,Juventus,Genoa,4.0,1.0,H,2.0,0.0,H,14.0,8.0,5.0,1.0,7.0,5.0,13.0,22.0,0.0,2.0,0.0,0.0,1.57,3.5,7.0
0809,15/11/08,Palermo,Inter,0.0,2.0,A,0.0,0.0,D,16.0,18.0,6.0,9.0,2.0,9.0,16.0,21.0,3.0,1.0,0.0,0.0,4.33,3.2,1.91
0809,16/11/08,Atalanta,Napoli,3.0,1.0,H,0.0,0.0,D,17.0,7.0,7.0,3.0,4.0,3.0,15.0,14.0,2.0,3.0,0.0,1.0,2.8,2.88,2.75
0809,16/11/08,Cagliari,Fiorentina,1.0,0.0,H,1.0,0.0,H,10.0,19.0,3.0,5.0,5.0,5.0,14.0,12.0,1.0,4.0,0.0,0.0,3.1,3.1,2.4
0809,16/11/08,Catania,Torino,3.0,2.0,H,2.0,1.0,H,20.0,16.0,7.0,3.0,7.0,8.0,19.0,19.0,0.0,2.0,0.0,0.0,2.15,2.88,4.0
0809,16/11/08,Milan,Chievo,1.0,0.0,H,1.0,0.0,H,15.0,7.0,7.0,2.0,9.0,2.0,21.0,15.0,2.0,2.0,0.0,0.0,1.22,5.5,15.0
0809,16/11/08,Roma,Lazio,1.0,0.0,H,0.0,0.0,D,17.0,15.0,4.0,4.0,9.0,4.0,17.0,21.0,1.0,2.0,1.0,1.0,2.3,3.0,3.4
0809,16/11/08,Sampdoria,Lecce,3.0,2.0,H,2.0,0.0,H,19.0,11.0,8.0,5.0,2.0,5.0,22.0,29.0,3.0,3.0,0.0,0.0,1.62,3.3,7.0
0809,16/11/08,Siena,Bologna,1.0,1.0,D,1.0,1.0,D,14.0,7.0,8.0,1.0,14.0,4.0,12.0,15.0,1.0,3.0,0.0,0.0,1.91,3.1,4.5
0809,16/11/08,Udinese,Reggina,0.0,1.0,A,0.0,0.0,D,10.0,15.0,1.0,4.0,3.0,6.0,24.0,22.0,3.0,4.0,0.0,0.0,1.4,4.0,9.5
0809,22/11/08,Fiorentina,Udinese,4.0,2.0,H,0.0,1.0,A,21.0,25.0,11.0,11.0,3.0,10.0,23.0,14.0,2.0,3.0,1.0,0.0,1.91,3.1,4.5
0809,22/11/08,Inter,Juventus,1.0,0.0,H,0.0,0.0,D,20.0,7.0,9.0,2.0,8.0,4.0,14.0,21.0,3.0,2.0,0.0,0.0,2.1,3.1,3.75
0809,23/11/08,Bologna,Palermo,1.0,1.0,D,1.0,0.0,H,13.0,20.0,4.0,8.0,3.0,5.0,17.0,16.0,2.0,2.0,0.0,0.0,2.5,3.0,3.0
0809,23/11/08,Chievo,Siena,0.0,2.0,A,0.0,0.0,D,14.0,21.0,5.0,9.0,5.0,7.0,15.0,17.0,4.0,0.0,0.0,0.0,2.2,3.0,3.6
0809,23/11/08,Lazio,Genoa,1.0,1.0,D,0.0,0.0,D,18.0,10.0,8.0,4.0,10.0,3.0,25.0,27.0,1.0,3.0,0.0,0.0,2.0,3.1,4.2
0809,23/11/08,Lecce,Roma,0.0,3.0,A,0.0,2.0,A,10.0,16.0,3.0,7.0,1.0,4.0,16.0,16.0,1.0,1.0,0.0,0.0,4.0,3.2,2.0
0809,23/11/08,Napoli,Cagliari,2.0,2.0,D,1.0,0.0,H,13.0,11.0,6.0,4.0,5.0,2.0,23.0,19.0,3.0,4.0,0.0,0.0,1.57,3.6,6.5
0809,23/11/08,Reggina,Atalanta,3.0,1.0,H,2.0,0.0,H,9.0,17.0,6.0,1.0,2.0,6.0,19.0,13.0,2.0,1.0,0.0,0.0,2.5,3.0,3.1
0809,23/11/08,Sampdoria,Catania,3.0,0.0,H,1.0,0.0,H,21.0,16.0,9.0,3.0,5.0,6.0,19.0,23.0,2.0,2.0,0.0,0.0,1.67,3.4,6.0
0809,23/11/08,Torino,Milan,2.0,2.0,D,1.0,2.0,A,15.0,16.0,5.0,6.0,4.0,5.0,19.0,16.0,2.0,5.0,0.0,0.0,5.25,3.4,1.73
0809,29/11/08,Catania,Lecce,1.0,1.0,D,0.0,0.0,D,17.0,11.0,4.0,3.0,11.0,1.0,23.0,21.0,2.0,3.0,0.0,0.0,1.85,3.1,5.0
0809,29/11/08,Juventus,Reggina,4.0,0.0,H,2.0,0.0,H,18.0,10.0,7.0,1.0,8.0,3.0,24.0,13.0,1.0,3.0,0.0,0.0,1.29,5.0,12.0
0809,30/11/08,Atalanta,Lazio,2.0,0.0,H,0.0,0.0,D,12.0,9.0,5.0,6.0,2.0,6.0,23.0,18.0,1.0,2.0,0.0,0.0,2.5,3.0,3.0
0809,30/11/08,Cagliari,Sampdoria,1.0,0.0,H,0.0,0.0,D,10.0,12.0,3.0,6.0,4.0,4.0,19.0,28.0,2.0,2.0,0.0,0.0,2.5,3.0,3.0
0809,30/11/08,Genoa,Bologna,1.0,1.0,D,0.0,0.0,D,15.0,9.0,4.0,5.0,6.0,8.0,18.0,18.0,1.0,1.0,0.0,0.0,1.62,3.4,6.5
0809,30/11/08,Inter,Napoli,2.0,1.0,H,2.0,1.0,H,15.0,12.0,4.0,2.0,7.0,3.0,13.0,19.0,1.0,3.0,0.0,0.0,1.5,3.8,7.5
0809,30/11/08,Palermo,Milan,3.0,1.0,H,0.0,0.0,D,21.0,15.0,10.0,6.0,9.0,4.0,17.0,17.0,4.0,1.0,0.0,0.0,3.75,3.1,2.1
0809,30/11/08,Roma,Fiorentina,1.0,0.0,H,0.0,0.0,D,22.0,16.0,6.0,5.0,5.0,4.0,18.0,18.0,2.0,2.0,0.0,0.0,1.91,3.2,4.33
0809,30/11/08,Siena,Torino,1.0,0.0,H,1.0,0.0,H,16.0,11.0,5.0,0.0,7.0,5.0,14.0,8.0,1.0,1.0,0.0,0.0,2.1,3.0,4.0
0809,30/11/08,Udinese,Chievo,0.0,1.0,A,0.0,0.0,D,19.0,9.0,3.0,3.0,6.0,7.0,20.0,22.0,2.0,5.0,1.0,0.0,1.44,4.0,8.0
0809,06/12/08,Chievo,Roma,0.0,1.0,A,0.0,0.0,D,7.0,21.0,2.0,8.0,6.0,10.0,20.0,17.0,3.0,2.0,0.0,1.0,5.5,3.4,1.73
0809,06/12/08,Lazio,Inter,0.0,3.0,A,0.0,2.0,A,22.0,14.0,5.0,3.0,7.0,5.0,16.0,22.0,3.0,3.0,0.0,0.0,3.75,3.1,2.1
0809,07/12/08,Atalanta,Udinese,3.0,0.0,H,1.0,0.0,H,14.0,8.0,6.0,3.0,3.0,10.0,22.0,19.0,0.0,0.0,0.0,0.0,2.3,3.1,3.3
0809,07/12/08,Cagliari,Palermo,1.0,0.0,H,1.0,0.0,H,5.0,19.0,3.0,7.0,2.0,8.0,11.0,18.0,2.0,1.0,0.0,0.0,2.5,3.0,3.0
0809,07/12/08,Lecce,Juventus,1.0,2.0,A,0.0,0.0,D,7.0,13.0,4.0,3.0,2.0,6.0,23.0,15.0,3.0,2.0,0.0,0.0,5.5,3.4,1.73
0809,07/12/08,Milan,Catania,1.0,0.0,H,0.0,0.0,D,22.0,9.0,10.0,2.0,10.0,4.0,14.0,19.0,2.0,3.0,0.0,0.0,1.29,5.0,12.0
0809,07/12/08,Napoli,Siena,2.0,0.0,H,0.0,0.0,D,13.0,10.0,6.0,2.0,9.0,5.0,13.0,29.0,4.0,2.0,0.0,0.0,1.62,3.5,6.5
0809,07/12/08,Reggina,Bologna,2.0,2.0,D,1.0,0.0,H,18.0,10.0,8.0,5.0,6.0,1.0,18.0,26.0,2.0,2.0,0.0,0.0,2.1,3.0,4.0
0809,07/12/08,Sampdoria,Genoa,0.0,1.0,A,0.0,0.0,D,6.0,5.0,2.0,1.0,5.0,1.0,26.0,31.0,6.0,5.0,0.0,0.0,2.38,3.0,3.25
0809,07/12/08,Torino,Fiorentina,1.0,4.0,A,0.0,2.0,A,15.0,11.0,5.0,6.0,4.0,4.0,18.0,28.0,2.0,2.0,0.0,0.0,3.2,3.0,2.4
0809,13/12/08,Bologna,Torino,5.0,2.0,H,0.0,1.0,A,12.0,10.0,8.0,5.0,3.0,10.0,17.0,24.0,1.0,4.0,0.0,1.0,2.2,3.0,3.6
0809,13/12/08,Napoli,Lecce,3.0,0.0,H,2.0,0.0,H,12.0,15.0,5.0,3.0,9.0,7.0,16.0,14.0,2.0,5.0,0.0,0.0,1.44,3.8,9.0
0809,14/12/08,Fiorentina,Catania,2.0,0.0,H,0.0,0.0,D,31.0,7.0,6.0,2.0,8.0,0.0,13.0,20.0,2.0,2.0,0.0,0.0,1.5,3.75,7.5
0809,14/12/08,Genoa,Atalanta,1.0,1.0,D,0.0,1.0,A,16.0,5.0,6.0,2.0,6.0,2.0,10.0,20.0,1.0,3.0,1.0,2.0,1.91,3.1,4.5
0809,14/12/08,Inter,Chievo,4.0,2.0,H,1.0,0.0,H,19.0,7.0,8.0,6.0,8.0,4.0,10.0,13.0,3.0,1.0,0.0,1.0,1.17,6.5,19.0
0809,14/12/08,Juventus,Milan,4.0,2.0,H,3.0,1.0,H,20.0,7.0,7.0,4.0,10.0,3.0,15.0,15.0,2.0,2.0,0.0,1.0,2.2,3.0,3.6
0809,14/12/08,Palermo,Siena,2.0,0.0,H,1.0,0.0,H,21.0,16.0,12.0,4.0,5.0,3.0,20.0,17.0,2.0,2.0,0.0,0.0,1.75,3.2,5.25
0809,14/12/08,Reggina,Sampdoria,0.0,2.0,A,0.0,0.0,D,18.0,22.0,6.0,11.0,3.0,6.0,23.0,20.0,3.0,2.0,0.0,0.0,2.4,2.88,3.3
0809,14/12/08,Roma,Cagliari,3.0,2.0,H,1.0,0.0,H,23.0,9.0,7.0,5.0,10.0,3.0,12.0,13.0,2.0,3.0,0.0,0.0,1.4,3.8,11.0
0809,14/12/08,Udinese,Lazio,3.0,3.0,D,2.0,0.0,H,12.0,20.0,8.0,9.0,3.0,6.0,11.0,19.0,2.0,4.0,0.0,0.0,2.3,3.0,3.4
0809,20/12/08,Lazio,Palermo,1.0,0.0,H,0.0,0.0,D,12.0,11.0,3.0,2.0,3.0,4.0,10.0,19.0,3.0,2.0,0.0,1.0,1.9,3.1,4.5
0809,20/12/08,Siena,Inter,1.0,2.0,A,1.0,1.0,D,14.0,15.0,2.0,7.0,6.0,3.0,10.0,10.0,3.0,3.0,0.0,0.0,5.5,3.6,1.66
0809,21/12/08,Atalanta,Juventus,1.0,3.0,A,0.0,2.0,A,11.0,11.0,3.0,5.0,6.0,7.0,22.0,24.0,4.0,3.0,0.0,0.0,4.5,3.1,1.95
0809,21/12/08,Cagliari,Reggina,1.0,1.0,D,1.0,0.0,H,12.0,12.0,2.0,2.0,8.0,5.0,18.0,25.0,1.0,3.0,1.0,0.0,1.75,3.25,5.5
0809,21/12/08,Catania,Roma,3.0,2.0,H,2.0,0.0,H,13.0,13.0,4.0,4.0,6.0,4.0,21.0,20.0,5.0,5.0,0.0,0.0,5.0,3.2,1.83
0809,21/12/08,Chievo,Genoa,0.0,1.0,A,0.0,0.0,D,8.0,9.0,1.0,3.0,6.0,4.0,17.0,18.0,5.0,2.0,0.0,0.0,2.5,3.0,3.0
0809,21/12/08,Lecce,Bologna,0.0,0.0,D,0.0,0.0,D,15.0,8.0,4.0,2.0,7.0,5.0,22.0,20.0,4.0,3.0,0.0,0.0,2.1,2.9,4.2
0809,21/12/08,Milan,Udinese,5.0,1.0,H,4.0,1.0,H,15.0,15.0,11.0,7.0,1.0,7.0,17.0,8.0,3.0,3.0,0.0,0.0,1.66,3.6,5.5
0809,21/12/08,Sampdoria,Fiorentina,0.0,1.0,A,0.0,1.0,A,15.0,16.0,1.0,3.0,8.0,5.0,15.0,19.0,2.0,4.0,0.0,0.0,2.62,2.75,3.2
0809,21/12/08,Torino,Napoli,1.0,0.0,H,0.0,0.0,D,11.0,9.0,6.0,5.0,11.0,5.0,22.0,10.0,2.0,4.0,0.0,0.0,2.62,3.0,2.87
0809,10/01/09,Genoa,Torino,3.0,0.0,H,1.0,0.0,H,13.0,10.0,8.0,4.0,8.0,2.0,26.0,19.0,2.0,3.0,0.0,0.0,1.75,3.2,5.25
0809,10/01/09,Inter,Cagliari,1.0,1.0,D,0.0,0.0,D,23.0,13.0,8.0,4.0,8.0,3.0,21.0,20.0,1.0,1.0,0.0,0.0,1.25,5.5,12.0
0809,11/01/09,Bologna,Chievo,1.0,1.0,D,1.0,1.0,D,7.0,9.0,1.0,4.0,4.0,2.0,28.0,25.0,3.0,3.0,1.0,0.0,1.8,3.2,5.0
0809,11/01/09,Fiorentina,Lecce,1.0,2.0,A,1.0,2.0,A,23.0,9.0,8.0,3.0,14.0,1.0,16.0,19.0,2.0,2.0,1.0,0.0,1.36,4.33,10.0
0809,11/01/09,Juventus,Siena,1.0,0.0,H,1.0,0.0,H,7.0,11.0,3.0,2.0,4.0,2.0,13.0,17.0,1.0,1.0,0.0,0.0,1.29,5.0,12.0
0809,11/01/09,Napoli,Catania,1.0,0.0,H,0.0,0.0,D,18.0,9.0,4.0,2.0,8.0,6.0,8.0,15.0,0.0,1.0,0.0,0.0,1.57,3.5,7.0
0809,11/01/09,Palermo,Atalanta,3.0,2.0,H,2.0,0.0,H,12.0,20.0,4.0,9.0,4.0,6.0,26.0,13.0,3.0,1.0,0.0,0.0,2.0,3.1,4.2
0809,11/01/09,Reggina,Lazio,2.0,3.0,A,1.0,2.0,A,5.0,17.0,2.0,6.0,5.0,8.0,14.0,21.0,3.0,3.0,0.0,0.0,3.1,3.1,2.4
0809,11/01/09,Roma,Milan,2.0,2.0,D,1.0,0.0,H,25.0,14.0,10.0,4.0,3.0,6.0,15.0,13.0,3.0,2.0,0.0,0.0,2.75,3.0,2.75
0809,11/01/09,Udinese,Sampdoria,1.0,1.0,D,0.0,0.0,D,19.0,9.0,6.0,4.0,5.0,4.0,24.0,19.0,0.0,3.0,0.0,0.0,2.15,3.0,3.8
0809,14/01/09,Roma,Sampdoria,2.0,0.0,H,1.0,0.0,H,20.0,12.0,8.0,3.0,7.0,4.0,11.0,19.0,2.0,3.0,0.0,0.0,1.72,3.4,5.25
0809,17/01/09,Milan,Fiorentina,1.0,0.0,H,1.0,0.0,H,16.0,16.0,5.0,6.0,6.0,9.0,14.0,21.0,1.0,2.0,1.0,0.0,1.62,3.5,6.5
0809,17/01/09,Siena,Reggina,1.0,0.0,H,0.0,0.0,D,17.0,10.0,6.0,5.0,7.0,2.0,12.0,20.0,1.0,2.0,0.0,0.0,1.83,3.1,5.0
0809,18/01/09,Atalanta,Inter,3.0,1.0,H,3.0,0.0,H,13.0,13.0,6.0,5.0,3.0,8.0,11.0,18.0,2.0,2.0,0.0,0.0,4.75,3.3,1.8
0809,18/01/09,Cagliari,Udinese,2.0,0.0,H,2.0,0.0,H,6.0,14.0,3.0,3.0,0.0,3.0,24.0,16.0,3.0,1.0,0.0,0.0,2.3,3.0,3.4
0809,18/01/09,Catania,Bologna,1.0,2.0,A,0.0,0.0,D,28.0,12.0,7.0,6.0,9.0,8.0,18.0,20.0,2.0,2.0,1.0,0.0,1.95,3.0,4.5
0809,18/01/09,Chievo,Napoli,2.0,1.0,H,1.0,0.0,H,13.0,7.0,4.0,1.0,1.0,7.0,28.0,24.0,3.0,5.0,1.0,1.0,3.2,3.0,2.38
0809,18/01/09,Lazio,Juventus,1.0,1.0,D,1.0,1.0,D,7.0,12.0,4.0,4.0,3.0,5.0,17.0,18.0,4.0,3.0,0.0,0.0,3.4,3.0,2.25
0809,18/01/09,Lecce,Genoa,0.0,2.0,A,0.0,0.0,D,11.0,15.0,1.0,6.0,4.0,5.0,23.0,17.0,5.0,2.0,0.0,0.0,2.7,2.88,2.88
0809,18/01/09,Sampdoria,Palermo,0.0,2.0,A,0.0,1.0,A,22.0,9.0,7.0,4.0,12.0,0.0,11.0,32.0,3.0,1.0,0.0,0.0,1.91,3.1,4.5
0809,18/01/09,Torino,Roma,0.0,1.0,A,0.0,0.0,D,12.0,14.0,2.0,5.0,4.0,8.0,21.0,16.0,3.0,2.0,1.0,0.0,4.0,3.2,2.0
0809,24/01/09,Juventus,Fiorentina,1.0,0.0,H,1.0,0.0,H,13.0,11.0,7.0,4.0,3.0,7.0,17.0,18.0,3.0,2.0,0.0,0.0,1.66,3.4,6.0
0809,24/01/09,Reggina,Chievo,0.0,1.0,A,0.0,0.0,D,13.0,13.0,3.0,3.0,8.0,5.0,17.0,24.0,2.0,2.0,1.0,0.0,2.05,3.1,4.0
0809,25/01/09,Bologna,Milan,1.0,4.0,A,1.0,3.0,A,15.0,19.0,7.0,9.0,3.0,3.0,7.0,15.0,0.0,1.0,1.0,0.0,5.25,3.4,1.72
0809,25/01/09,Genoa,Catania,1.0,1.0,D,0.0,0.0,D,12.0,7.0,3.0,1.0,5.0,5.0,14.0,19.0,1.0,4.0,1.0,0.0,1.6,3.4,6.5
0809,25/01/09,Inter,Sampdoria,1.0,0.0,H,1.0,0.0,H,19.0,8.0,4.0,1.0,8.0,1.0,19.0,12.0,2.0,4.0,0.0,0.0,1.45,4.0,8.0
0809,25/01/09,Lazio,Cagliari,1.0,4.0,A,1.0,4.0,A,15.0,12.0,6.0,5.0,7.0,2.0,13.0,28.0,2.0,4.0,1.0,0.0,1.66,3.4,6.0
0809,25/01/09,Lecce,Torino,3.0,3.0,D,2.0,0.0,H,13.0,12.0,4.0,6.0,7.0,5.0,21.0,20.0,2.0,4.0,0.0,0.0,2.2,2.9,3.75
0809,25/01/09,Napoli,Roma,0.0,3.0,A,0.0,2.0,A,12.0,15.0,4.0,8.0,8.0,8.0,13.0,17.0,6.0,1.0,0.0,0.0,2.75,3.0,2.7
0809,25/01/09,Palermo,Udinese,3.0,2.0,H,1.0,1.0,D,15.0,11.0,6.0,4.0,5.0,4.0,18.0,18.0,3.0,3.0,1.0,0.0,1.95,3.1,4.33
0809,25/01/09,Siena,Atalanta,1.0,0.0,H,1.0,0.0,H,12.0,9.0,3.0,3.0,4.0,2.0,16.0,11.0,1.0,2.0,0.0,0.0,2.35,2.9,3.4
0809,28/01/09,Atalanta,Bologna,0.0,1.0,A,0.0,0.0,D,25.0,10.0,6.0,3.0,5.0,7.0,11.0,23.0,1.0,2.0,0.0,0.0,1.8,3.1,5.5
0809,28/01/09,Cagliari,Siena,1.0,0.0,H,1.0,0.0,H,7.0,13.0,2.0,6.0,6.0,8.0,14.0,20.0,0.0,2.0,0.0,0.0,1.8,3.1,5.25
0809,28/01/09,Catania,Inter,0.0,2.0,A,0.0,1.0,A,22.0,15.0,4.0,5.0,8.0,5.0,14.0,14.0,3.0,1.0,0.0,1.0,5.25,3.3,1.75
0809,28/01/09,Chievo,Lecce,1.0,1.0,D,0.0,0.0,D,9.0,10.0,3.0,5.0,6.0,9.0,21.0,22.0,3.0,1.0,1.0,1.0,2.15,2.87,4.0
0809,28/01/09,Fiorentina,Napoli,2.0,1.0,H,0.0,0.0,D,16.0,10.0,4.0,5.0,4.0,2.0,22.0,19.0,2.0,1.0,0.0,1.0,1.72,3.3,5.5
0809,28/01/09,Milan,Genoa,1.0,1.0,D,1.0,0.0,H,17.0,14.0,5.0,4.0,5.0,4.0,18.0,21.0,5.0,3.0,0.0,0.0,1.4,4.2,8.5
0809,28/01/09,Roma,Palermo,2.0,1.0,H,2.0,1.0,H,12.0,20.0,4.0,6.0,2.0,2.0,15.0,22.0,1.0,1.0,0.0,0.0,1.5,3.75,7.5
0809,28/01/09,Sampdoria,Lazio,3.0,1.0,H,1.0,1.0,D,8.0,18.0,4.0,4.0,7.0,10.0,29.0,20.0,5.0,4.0,0.0,0.0,2.4,3.0,3.2
0809,28/01/09,Torino,Reggina,0.0,0.0,D,0.0,0.0,D,12.0,11.0,2.0,3.0,6.0,5.0,17.0,23.0,2.0,2.0,0.0,0.0,1.9,3.1,4.75
0809,28/01/09,Udinese,Juventus,2.0,1.0,H,1.0,0.0,H,11.0,11.0,5.0,3.0,8.0,5.0,17.0,17.0,1.0,2.0,0.0,0.0,5.0,3.25,1.8
0809,31/01/09,Juventus,Cagliari,2.0,3.0,A,2.0,1.0,H,17.0,7.0,4.0,3.0,6.0,2.0,19.0,13.0,2.0,2.0,0.0,0.0,1.36,4.5,9.0
0809,31/01/09,Napoli,Udinese,2.0,2.0,D,2.0,2.0,D,12.0,16.0,2.0,5.0,3.0,3.0,12.0,20.0,0.0,3.0,0.0,0.0,1.9,3.2,4.5
0809,01/02/09,Atalanta,Catania,1.0,0.0,H,1.0,0.0,H,19.0,6.0,7.0,4.0,5.0,5.0,18.0,15.0,1.0,3.0,0.0,0.0,2.0,3.1,4.2
0809,01/02/09,Chievo,Sampdoria,1.0,1.0,D,0.0,0.0,D,16.0,8.0,3.0,3.0,8.0,3.0,25.0,15.0,2.0,0.0,0.0,0.0,2.87,2.87,2.75
0809,01/02/09,Genoa,Palermo,1.0,0.0,H,0.0,0.0,D,21.0,6.0,6.0,1.0,13.0,5.0,14.0,24.0,2.0,4.0,0.0,0.0,1.9,3.2,4.75
0809,01/02/09,Inter,Torino,1.0,1.0,D,0.0,0.0,D,23.0,12.0,6.0,3.0,15.0,6.0,16.0,22.0,3.0,1.0,0.0,0.0,1.22,6.0,13.0
0809,01/02/09,Lazio,Milan,0.0,3.0,A,0.0,1.0,A,12.0,9.0,6.0,4.0,8.0,4.0,13.0,16.0,4.0,1.0,0.0,0.0,3.6,3.2,2.1
0809,01/02/09,Reggina,Roma,2.0,2.0,D,1.0,1.0,D,18.0,22.0,5.0,7.0,4.0,4.0,23.0,15.0,2.0,1.0,0.0,0.0,6.0,3.5,1.61
0809,01/02/09,Siena,Lecce,1.0,2.0,A,0.0,1.0,A,16.0,5.0,3.0,4.0,10.0,3.0,13.0,18.0,2.0,3.0,1.0,1.0,1.9,3.1,4.5
0809,02/02/09,Bologna,Fiorentina,1.0,3.0,A,1.0,1.0,D,14.0,13.0,3.0,7.0,4.0,5.0,9.0,24.0,1.0,3.0,0.0,0.0,3.4,3.1,2.25
0809,07/02/09,Lecce,Inter,0.0,3.0,A,0.0,1.0,A,8.0,11.0,1.0,5.0,5.0,1.0,25.0,14.0,3.0,2.0,0.0,0.0,7.0,3.5,1.57
0809,07/02/09,Milan,Reggina,1.0,1.0,D,0.0,1.0,A,26.0,6.0,7.0,3.0,9.0,2.0,19.0,22.0,2.0,5.0,0.0,0.0,1.2,5.75,17.0
0809,08/02/09,Cagliari,Atalanta,0.0,1.0,A,0.0,0.0,D,5.0,16.0,2.0,5.0,2.0,3.0,14.0,24.0,3.0,2.0,1.0,0.0,2.0,3.1,4.2
0809,08/02/09,Catania,Juventus,1.0,2.0,A,0.0,1.0,A,13.0,18.0,5.0,6.0,9.0,6.0,15.0,16.0,3.0,3.0,0.0,1.0,4.5,3.3,1.85
0809,08/02/09,Fiorentina,Lazio,1.0,0.0,H,0.0,0.0,D,19.0,14.0,8.0,6.0,7.0,6.0,29.0,11.0,3.0,3.0,0.0,1.0,1.75,3.2,5.5
0809,08/02/09,Palermo,Napoli,2.0,1.0,H,2.0,1.0,H,15.0,8.0,5.0,2.0,5.0,3.0,15.0,21.0,3.0,3.0,0.0,0.0,2.1,3.1,3.8
0809,08/02/09,Roma,Genoa,3.0,0.0,H,1.0,0.0,H,15.0,17.0,7.0,6.0,6.0,9.0,15.0,22.0,0.0,3.0,1.0,1.0,1.75,3.3,5.25
0809,08/02/09,Sampdoria,Siena,2.0,2.0,D,1.0,1.0,D,12.0,16.0,4.0,3.0,3.0,6.0,24.0,15.0,1.0,2.0,0.0,0.0,1.75,3.2,5.5
0809,08/02/09,Torino,Chievo,1.0,1.0,D,0.0,0.0,D,14.0,12.0,5.0,7.0,9.0,2.0,26.0,24.0,2.0,3.0,0.0,0.0,1.85,3.2,4.75
0809,08/02/09,Udinese,Bologna,1.0,0.0,H,0.0,0.0,D,23.0,11.0,7.0,2.0,8.0,5.0,19.0,21.0,3.0,2.0,0.0,0.0,1.72,3.25,5.5
0809,14/02/09,Lazio,Torino,1.0,1.0,D,0.0,1.0,A,16.0,5.0,3.0,2.0,9.0,1.0,19.0,41.0,2.0,5.0,0.0,1.0,1.67,3.6,5.5
0809,14/02/09,Napoli,Bologna,1.0,1.0,D,1.0,1.0,D,16.0,13.0,7.0,7.0,6.0,4.0,12.0,20.0,1.0,2.0,0.0,0.0,1.57,3.75,6.0
0809,15/02/09,Atalanta,Roma,3.0,0.0,H,0.0,0.0,D,18.0,12.0,7.0,2.0,4.0,4.0,16.0,16.0,2.0,3.0,0.0,1.0,3.6,3.25,2.1
0809,15/02/09,Cagliari,Lecce,2.0,0.0,H,0.0,0.0,D,13.0,6.0,6.0,2.0,10.0,4.0,16.0,32.0,1.0,1.0,0.0,0.0,1.83,3.3,4.75
0809,15/02/09,Chievo,Catania,1.0,1.0,D,0.0,1.0,A,23.0,7.0,9.0,2.0,10.0,1.0,22.0,29.0,2.0,2.0,0.0,0.0,2.1,3.2,3.75
0809,15/02/09,Genoa,Fiorentina,3.0,3.0,D,2.0,0.0,H,6.0,34.0,3.0,10.0,5.0,4.0,19.0,20.0,2.0,4.0,1.0,0.0,2.4,3.0,3.2
0809,15/02/09,Inter,Milan,2.0,1.0,H,2.0,0.0,H,20.0,18.0,5.0,7.0,6.0,7.0,24.0,18.0,5.0,2.0,0.0,0.0,2.25,3.1,3.4
0809,15/02/09,Juventus,Sampdoria,1.0,1.0,D,0.0,1.0,A,22.0,8.0,6.0,3.0,10.0,2.0,23.0,16.0,2.0,1.0,0.0,0.0,1.5,4.0,7.0
0809,15/02/09,Reggina,Palermo,0.0,0.0,D,0.0,0.0,D,15.0,13.0,3.0,3.0,3.0,6.0,17.0,22.0,0.0,2.0,0.0,0.0,2.5,3.1,2.9
0809,15/02/09,Siena,Udinese,1.0,1.0,D,0.0,0.0,D,9.0,12.0,5.0,3.0,2.0,4.0,17.0,19.0,3.0,2.0,0.0,0.0,2.4,3.1,3.1
0809,21/02/09,Bologna,Inter,1.0,2.0,A,0.0,0.0,D,7.0,14.0,4.0,7.0,8.0,2.0,11.0,24.0,2.0,1.0,0.0,0.0,5.25,3.25,1.8
0809,21/02/09,Palermo,Juventus,0.0,2.0,A,0.0,1.0,A,17.0,9.0,6.0,8.0,9.0,3.0,8.0,11.0,1.0,3.0,0.0,0.0,3.1,3.1,2.4
0809,21/02/09,Roma,Siena,1.0,0.0,H,0.0,0.0,D,8.0,13.0,4.0,3.0,5.0,3.0,12.0,27.0,1.0,3.0,0.0,0.0,1.57,3.6,6.5
0809,22/02/09,Catania,Reggina,2.0,0.0,H,1.0,0.0,H,15.0,10.0,4.0,2.0,2.0,2.0,21.0,26.0,0.0,2.0,0.0,0.0,1.8,3.2,5.0
0809,22/02/09,Fiorentina,Chievo,2.0,1.0,H,0.0,1.0,A,21.0,9.0,4.0,2.0,6.0,8.0,19.0,22.0,2.0,3.0,0.0,1.0,1.4,4.2,9.0
0809,22/02/09,Lecce,Lazio,0.0,2.0,A,0.0,1.0,A,10.0,7.0,0.0,4.0,5.0,3.0,22.0,15.0,1.0,3.0,0.0,0.0,3.1,3.1,2.4
0809,22/02/09,Milan,Cagliari,1.0,0.0,H,0.0,0.0,D,11.0,14.0,3.0,5.0,7.0,4.0,18.0,13.0,1.0,2.0,0.0,0.0,1.5,3.8,7.5
0809,22/02/09,Napoli,Genoa,0.0,1.0,A,0.0,0.0,D,9.0,9.0,1.0,4.0,5.0,3.0,32.0,21.0,3.0,1.0,0.0,0.0,2.15,3.1,3.6
0809,22/02/09,Sampdoria,Atalanta,1.0,0.0,H,0.0,0.0,D,5.0,8.0,3.0,6.0,4.0,4.0,22.0,24.0,4.0,2.0,0.0,0.0,2.15,3.1,3.6
0809,22/02/09,Torino,Udinese,1.0,0.0,H,0.0,0.0,D,12.0,9.0,8.0,2.0,8.0,2.0,23.0,26.0,3.0,3.0,0.0,1.0,2.4,3.0,3.2
0809,28/02/09,Juventus,Napoli,1.0,0.0,H,1.0,0.0,H,11.0,5.0,4.0,2.0,6.0,6.0,29.0,14.0,2.0,0.0,0.0,0.0,1.6,3.5,6.5
0809,28/02/09,Lazio,Bologna,2.0,0.0,H,1.0,0.0,H,21.0,8.0,5.0,3.0,5.0,5.0,17.0,15.0,2.0,3.0,0.0,0.0,1.66,3.4,6.0
0809,01/03/09,Atalanta,Chievo,0.0,2.0,A,0.0,0.0,D,11.0,12.0,1.0,6.0,2.0,4.0,22.0,20.0,3.0,2.0,1.0,0.0,1.83,3.2,5.0
0809,01/03/09,Cagliari,Torino,0.0,0.0,D,0.0,0.0,D,7.0,9.0,2.0,3.0,2.0,3.0,19.0,30.0,4.0,5.0,0.0,0.0,2.0,3.1,4.2
0809,01/03/09,Inter,Roma,3.0,3.0,D,0.0,2.0,A,17.0,18.0,8.0,10.0,3.0,4.0,24.0,19.0,3.0,3.0,0.0,0.0,1.8,3.25,5.0
0809,01/03/09,Palermo,Catania,0.0,4.0,A,0.0,3.0,A,25.0,12.0,12.0,4.0,8.0,2.0,23.0,16.0,2.0,1.0,1.0,0.0,1.83,3.25,4.75
0809,01/03/09,Reggina,Fiorentina,1.0,1.0,D,1.0,1.0,D,18.0,15.0,7.0,6.0,10.0,3.0,22.0,31.0,4.0,2.0,0.0,0.0,3.25,3.0,2.37
0809,01/03/09,Sampdoria,Milan,2.0,1.0,H,1.0,0.0,H,10.0,18.0,5.0,5.0,9.0,4.0,17.0,18.0,4.0,5.0,0.0,0.0,3.5,3.0,2.2
0809,01/03/09,Siena,Genoa,0.0,0.0,D,0.0,0.0,D,11.0,9.0,6.0,2.0,6.0,1.0,30.0,25.0,1.0,1.0,0.0,0.0,2.75,2.8,2.9
0809,01/03/09,Udinese,Lecce,2.0,0.0,H,0.0,0.0,D,18.0,4.0,4.0,2.0,8.0,2.0,18.0,28.0,1.0,5.0,0.0,1.0,1.72,3.3,5.5
0809,07/03/09,Genoa,Inter,0.0,2.0,A,0.0,1.0,A,16.0,8.0,5.0,3.0,7.0,2.0,17.0,20.0,4.0,3.0,0.0,0.0,2.8,3.1,2.6
0809,07/03/09,Roma,Udinese,1.0,1.0,D,0.0,0.0,D,16.0,11.0,4.0,4.0,10.0,8.0,10.0,17.0,3.0,4.0,1.0,0.0,1.9,3.2,4.33
0809,07/03/09,Torino,Juventus,0.0,1.0,A,0.0,0.0,D,14.0,16.0,2.0,8.0,7.0,2.0,27.0,24.0,2.0,1.0,0.0,0.0,3.5,3.1,2.2
0809,08/03/09,Bologna,Sampdoria,3.0,0.0,H,1.0,0.0,H,12.0,19.0,3.0,7.0,12.0,13.0,17.0,12.0,0.0,1.0,0.0,0.0,2.37,3.2,3.2
0809,08/03/09,Catania,Siena,0.0,3.0,A,0.0,1.0,A,6.0,18.0,2.0,7.0,6.0,5.0,19.0,21.0,0.0,3.0,0.0,0.0,2.2,3.0,3.6
0809,08/03/09,Chievo,Cagliari,1.0,1.0,D,0.0,1.0,A,17.0,13.0,6.0,4.0,7.0,3.0,22.0,27.0,4.0,1.0,0.0,0.0,2.3,3.1,3.3
0809,08/03/09,Fiorentina,Palermo,0.0,2.0,A,0.0,0.0,D,15.0,17.0,4.0,4.0,5.0,2.0,18.0,12.0,2.0,3.0,0.0,0.0,1.66,3.5,5.5
0809,08/03/09,Lecce,Reggina,0.0,0.0,D,0.0,0.0,D,18.0,14.0,5.0,7.0,3.0,5.0,27.0,16.0,2.0,4.0,0.0,0.0,2.2,3.0,3.6
0809,08/03/09,Milan,Atalanta,3.0,0.0,H,1.0,0.0,H,14.0,21.0,6.0,6.0,1.0,7.0,19.0,13.0,2.0,2.0,0.0,0.0,1.57,3.6,6.5
0809,08/03/09,Napoli,Lazio,0.0,2.0,A,0.0,0.0,D,14.0,11.0,7.0,4.0,9.0,3.0,28.0,16.0,1.0,1.0,0.0,0.0,2.37,3.1,3.2
0809,14/03/09,Cagliari,Genoa,0.0,1.0,A,0.0,0.0,D,11.0,10.0,2.0,3.0,7.0,1.0,9.0,22.0,0.0,5.0,1.0,0.0,2.3,3.1,3.3
0809,14/03/09,Juventus,Bologna,4.0,1.0,H,0.0,1.0,A,28.0,8.0,9.0,3.0,9.0,4.0,22.0,23.0,1.0,3.0,0.0,0.0,1.4,4.2,9.0
0809,15/03/09,Atalanta,Torino,2.0,0.0,H,0.0,0.0,D,12.0,10.0,5.0,2.0,1.0,9.0,19.0,29.0,3.0,2.0,0.0,0.0,2.2,3.0,3.6
0809,15/03/09,Inter,Fiorentina,2.0,0.0,H,1.0,0.0,H,12.0,15.0,8.0,6.0,3.0,8.0,21.0,20.0,5.0,1.0,0.0,0.0,1.73,3.4,5.5
0809,15/03/09,Lazio,Chievo,0.0,3.0,A,0.0,2.0,A,16.0,9.0,5.0,7.0,7.0,1.0,15.0,21.0,2.0,3.0,1.0,0.0,1.67,3.4,6.0
0809,15/03/09,Palermo,Lecce,5.0,2.0,H,3.0,2.0,H,12.0,14.0,7.0,5.0,3.0,8.0,18.0,22.0,3.0,4.0,0.0,0.0,1.67,3.5,5.5
0809,15/03/09,Reggina,Napoli,1.0,1.0,D,1.0,0.0,H,8.0,11.0,3.0,2.0,6.0,4.0,22.0,30.0,2.0,3.0,0.0,0.0,2.7,3.0,2.8
0809,15/03/09,Sampdoria,Roma,2.0,2.0,D,2.0,1.0,H,22.0,10.0,7.0,5.0,6.0,3.0,25.0,21.0,3.0,2.0,0.0,1.0,2.3,3.0,3.4
0809,15/03/09,Siena,Milan,1.0,5.0,A,0.0,2.0,A,15.0,8.0,3.0,5.0,6.0,2.0,16.0,20.0,0.0,2.0,0.0,0.0,3.8,3.1,2.1
0809,15/03/09,Udinese,Catania,1.0,1.0,D,0.0,1.0,A,24.0,11.0,8.0,4.0,6.0,1.0,21.0,20.0,2.0,1.0,0.0,0.0,1.83,3.2,5.0
0809,21/03/09,Catania,Lazio,1.0,0.0,H,1.0,0.0,H,10.0,14.0,2.0,5.0,4.0,6.0,23.0,20.0,3.0,1.0,0.0,0.0,2.62,3.0,2.87
0809,21/03/09,Roma,Juventus,1.0,4.0,A,0.0,1.0,A,17.0,16.0,6.0,5.0,8.0,6.0,18.0,20.0,4.0,2.0,0.0,0.0,2.87,3.0,2.6
0809,22/03/09,Bologna,Cagliari,0.0,1.0,A,0.0,1.0,A,7.0,12.0,3.0,5.0,4.0,10.0,20.0,35.0,4.0,4.0,0.0,0.0,2.25,3.1,3.4
0809,22/03/09,Chievo,Palermo,1.0,0.0,H,1.0,0.0,H,14.0,6.0,5.0,2.0,5.0,3.0,29.0,23.0,2.0,2.0,0.0,1.0,2.6,3.0,2.87
0809,22/03/09,Fiorentina,Siena,1.0,0.0,H,0.0,0.0,D,8.0,10.0,2.0,2.0,3.0,8.0,23.0,20.0,3.0,2.0,0.0,0.0,1.5,3.8,7.5
0809,22/03/09,Genoa,Udinese,2.0,0.0,H,0.0,0.0,D,13.0,15.0,5.0,1.0,6.0,7.0,26.0,24.0,3.0,4.0,0.0,1.0,1.85,3.4,4.33
0809,22/03/09,Inter,Reggina,3.0,0.0,H,2.0,0.0,H,19.0,16.0,6.0,8.0,5.0,2.0,16.0,18.0,1.0,3.0,0.0,0.0,1.2,6.0,15.0
0809,22/03/09,Lecce,Atalanta,2.0,2.0,D,1.0,1.0,D,17.0,14.0,7.0,6.0,4.0,1.0,17.0,16.0,1.0,5.0,0.0,0.0,2.3,3.0,3.4
0809,22/03/09,Napoli,Milan,0.0,0.0,D,0.0,0.0,D,13.0,7.0,4.0,4.0,4.0,6.0,15.0,13.0,1.0,0.0,0.0,0.0,3.4,3.1,2.25
0809,22/03/09,Torino,Sampdoria,1.0,3.0,A,1.0,2.0,A,23.0,11.0,5.0,7.0,8.0,3.0,35.0,20.0,5.0,2.0,0.0,0.0,2.3,3.0,3.4
0809,05/04/09,Atalanta,Fiorentina,1.0,2.0,A,0.0,0.0,D,9.0,26.0,2.0,7.0,2.0,5.0,20.0,13.0,5.0,2.0,1.0,0.0,2.55,3.2,2.8
0809,05/04/09,Cagliari,Catania,1.0,0.0,H,0.0,0.0,D,14.0,14.0,4.0,3.0,5.0,1.0,18.0,11.0,2.0,2.0,0.0,0.0,2.0,3.0,4.33
0809,05/04/09,Juventus,Chievo,3.0,3.0,D,1.0,2.0,A,21.0,7.0,6.0,4.0,6.0,4.0,22.0,20.0,0.0,1.0,0.0,0.0,1.33,4.75,10.0
0809,05/04/09,Milan,Lecce,2.0,0.0,H,0.0,0.0,D,28.0,7.0,10.0,2.0,10.0,1.0,13.0,16.0,0.0,3.0,0.0,0.0,1.28,5.25,11.0
0809,05/04/09,Palermo,Torino,1.0,0.0,H,0.0,0.0,D,13.0,8.0,3.0,2.0,3.0,4.0,19.0,23.0,2.0,6.0,0.0,0.0,1.85,3.2,4.75
0809,05/04/09,Reggina,Genoa,0.0,1.0,A,0.0,0.0,D,12.0,12.0,2.0,3.0,6.0,8.0,16.0,21.0,2.0,1.0,0.0,0.0,3.1,3.0,2.45
0809,05/04/09,Roma,Bologna,2.0,1.0,H,1.0,1.0,D,16.0,18.0,6.0,4.0,7.0,6.0,19.0,18.0,2.0,3.0,0.0,0.0,1.5,3.75,7.5
0809,05/04/09,Sampdoria,Napoli,2.0,2.0,D,1.0,1.0,D,13.0,10.0,3.0,4.0,6.0,3.0,13.0,29.0,2.0,4.0,0.0,0.0,2.05,3.0,4.0
0809,05/04/09,Siena,Lazio,2.0,0.0,H,1.0,0.0,H,10.0,9.0,4.0,4.0,4.0,5.0,16.0,12.0,2.0,1.0,0.0,0.0,2.5,3.0,3.0
0809,05/04/09,Udinese,Inter,0.0,1.0,A,0.0,0.0,D,14.0,10.0,4.0,1.0,5.0,5.0,13.0,17.0,2.0,2.0,0.0,0.0,4.75,3.25,1.83
0809,11/04/09,Bologna,Siena,1.0,4.0,A,1.0,2.0,A,6.0,14.0,2.0,6.0,5.0,4.0,18.0,13.0,0.0,0.0,0.0,0.0,2.15,3.0,3.8
0809,11/04/09,Chievo,Milan,0.0,1.0,A,0.0,0.0,D,11.0,11.0,5.0,5.0,5.0,7.0,26.0,18.0,2.0,2.0,0.0,0.0,4.75,3.25,1.83
0809,11/04/09,Fiorentina,Cagliari,2.0,1.0,H,0.0,0.0,D,22.0,13.0,5.0,5.0,7.0,4.0,24.0,23.0,2.0,3.0,0.0,2.0,1.67,3.4,6.0
0809,11/04/09,Genoa,Juventus,3.0,2.0,H,2.0,1.0,H,20.0,8.0,7.0,4.0,6.0,8.0,16.0,17.0,2.0,3.0,0.0,1.0,3.25,3.0,2.38
0809,11/04/09,Inter,Palermo,2.0,2.0,D,2.0,0.0,H,15.0,13.0,6.0,4.0,5.0,4.0,19.0,18.0,2.0,3.0,0.0,0.0,1.44,4.0,8.5
0809,11/04/09,Lazio,Roma,4.0,2.0,H,2.0,1.0,H,19.0,21.0,8.0,10.0,5.0,8.0,25.0,15.0,3.0,3.0,1.0,2.0,3.1,3.1,2.4
0809,11/04/09,Lecce,Sampdoria,1.0,3.0,A,0.0,2.0,A,14.0,11.0,7.0,5.0,5.0,3.0,26.0,23.0,3.0,1.0,1.0,0.0,2.5,3.0,3.0
0809,11/04/09,Napoli,Atalanta,0.0,0.0,D,0.0,0.0,D,5.0,15.0,1.0,3.0,5.0,4.0,19.0,17.0,1.0,2.0,0.0,0.0,1.83,3.25,4.75
0809,11/04/09,Torino,Catania,2.0,1.0,H,0.0,0.0,D,18.0,11.0,4.0,3.0,5.0,7.0,13.0,25.0,3.0,1.0,0.0,1.0,2.0,3.0,4.33
0809,12/04/09,Reggina,Udinese,0.0,2.0,A,0.0,0.0,D,25.0,26.0,8.0,7.0,5.0,2.0,26.0,19.0,5.0,2.0,2.0,0.0,2.38,3.1,3.1
0809,18/04/09,Genoa,Lazio,0.0,1.0,A,0.0,0.0,D,10.0,15.0,3.0,5.0,7.0,4.0,19.0,11.0,2.0,2.0,0.0,0.0,1.75,3.5,4.75
0809,18/04/09,Juventus,Inter,1.0,1.0,D,0.0,0.0,D,17.0,12.0,4.0,8.0,12.0,9.0,19.0,24.0,2.0,2.0,1.0,0.0,2.55,3.1,2.88
0809,19/04/09,Atalanta,Reggina,0.0,1.0,A,0.0,1.0,A,22.0,9.0,8.0,3.0,4.0,2.0,20.0,27.0,4.0,5.0,0.0,0.0,1.62,3.6,6.0
0809,19/04/09,Cagliari,Napoli,2.0,0.0,H,1.0,0.0,H,13.0,12.0,7.0,4.0,5.0,8.0,19.0,13.0,2.0,2.0,0.0,0.0,2.55,2.9,3.1
0809,19/04/09,Catania,Sampdoria,2.0,0.0,H,1.0,0.0,H,16.0,13.0,6.0,3.0,6.0,7.0,31.0,15.0,2.0,0.0,0.0,0.0,2.3,3.0,3.4
0809,19/04/09,Milan,Torino,5.0,1.0,H,2.0,0.0,H,16.0,6.0,8.0,4.0,7.0,1.0,9.0,11.0,0.0,3.0,0.0,0.0,1.33,5.0,9.0
0809,19/04/09,Palermo,Bologna,4.0,1.0,H,2.0,0.0,H,18.0,16.0,10.0,3.0,9.0,8.0,22.0,16.0,2.0,3.0,0.0,1.0,1.73,3.4,5.5
0809,19/04/09,Roma,Lecce,3.0,2.0,H,2.0,1.0,H,19.0,19.0,8.0,6.0,9.0,5.0,12.0,24.0,1.0,1.0,0.0,1.0,1.33,4.75,10.0
0809,19/04/09,Siena,Chievo,0.0,2.0,A,0.0,1.0,A,15.0,4.0,3.0,2.0,6.0,2.0,17.0,17.0,2.0,2.0,0.0,0.0,2.38,2.62,3.75
0809,19/04/09,Udinese,Fiorentina,3.0,1.0,H,1.0,0.0,H,16.0,16.0,5.0,3.0,5.0,6.0,16.0,18.0,0.0,3.0,0.0,0.0,2.8,3.1,2.6
0809,25/04/09,Chievo,Udinese,1.0,2.0,A,0.0,1.0,A,21.0,19.0,9.0,8.0,11.0,4.0,13.0,11.0,2.0,1.0,1.0,0.0,2.25,3.1,3.4
0809,25/04/09,Fiorentina,Roma,4.0,1.0,H,1.0,0.0,H,14.0,17.0,6.0,2.0,4.0,5.0,23.0,17.0,4.0,2.0,0.0,1.0,2.4,3.2,3.0
0809,26/04/09,Bologna,Genoa,2.0,0.0,H,2.0,0.0,H,10.0,18.0,6.0,4.0,6.0,10.0,15.0,19.0,3.0,2.0,0.0,0.0,3.4,3.1,2.2
0809,26/04/09,Lazio,Atalanta,0.0,1.0,A,0.0,1.0,A,17.0,11.0,4.0,4.0,1.0,6.0,17.0,18.0,2.0,1.0,0.0,0.0,1.8,3.3,4.75
0809,26/04/09,Lecce,Catania,2.0,1.0,H,2.0,0.0,H,12.0,19.0,5.0,5.0,6.0,7.0,25.0,24.0,1.0,0.0,0.0,1.0,1.7,3.4,5.5
0809,26/04/09,Milan,Palermo,3.0,0.0,H,2.0,0.0,H,17.0,9.0,8.0,2.0,5.0,4.0,13.0,13.0,0.0,2.0,0.0,1.0,1.5,4.0,7.0
0809,26/04/09,Napoli,Inter,1.0,0.0,H,0.0,0.0,D,10.0,4.0,7.0,2.0,7.0,6.0,18.0,25.0,2.0,4.0,0.0,0.0,4.0,3.2,2.0
0809,26/04/09,Reggina,Juventus,2.0,2.0,D,1.0,0.0,H,19.0,22.0,3.0,5.0,7.0,6.0,16.0,19.0,1.0,2.0,0.0,0.0,4.5,3.4,1.8
0809,26/04/09,Sampdoria,Cagliari,3.0,3.0,D,2.0,0.0,H,18.0,16.0,9.0,8.0,13.0,5.0,18.0,11.0,3.0,2.0,0.0,0.0,2.1,3.2,3.6
0809,26/04/09,Torino,Siena,1.0,0.0,H,1.0,0.0,H,17.0,6.0,6.0,2.0,6.0,5.0,19.0,14.0,1.0,1.0,0.0,0.0,1.8,3.2,5.0
0809,02/05/09,Bologna,Reggina,1.0,2.0,A,0.0,1.0,A,19.0,9.0,6.0,3.0,9.0,1.0,22.0,16.0,4.0,3.0,0.0,0.0,1.8,3.3,4.75
0809,02/05/09,Inter,Lazio,2.0,0.0,H,0.0,0.0,D,9.0,9.0,4.0,4.0,6.0,4.0,16.0,21.0,4.0,3.0,0.0,0.0,1.5,3.8,7.25
0809,03/05/09,Catania,Milan,0.0,2.0,A,0.0,1.0,A,10.0,20.0,2.0,8.0,1.0,12.0,11.0,10.0,2.0,2.0,0.0,0.0,6.0,3.75,1.57
0809,03/05/09,Fiorentina,Torino,1.0,0.0,H,0.0,0.0,D,16.0,8.0,2.0,5.0,5.0,3.0,26.0,23.0,1.0,1.0,0.0,1.0,1.44,4.0,8.0
0809,03/05/09,Genoa,Sampdoria,3.0,1.0,H,1.0,1.0,D,13.0,8.0,4.0,2.0,7.0,4.0,29.0,21.0,2.0,5.0,2.0,1.0,2.25,3.1,3.3
0809,03/05/09,Juventus,Lecce,2.0,2.0,D,0.0,1.0,A,16.0,11.0,6.0,3.0,9.0,2.0,13.0,22.0,3.0,1.0,0.0,0.0,1.36,4.5,9.0
0809,03/05/09,Palermo,Cagliari,5.0,1.0,H,2.0,0.0,H,22.0,22.0,13.0,4.0,4.0,4.0,8.0,14.0,1.0,3.0,0.0,0.0,2.0,3.25,4.0
0809,03/05/09,Roma,Chievo,0.0,0.0,D,0.0,0.0,D,18.0,7.0,9.0,2.0,5.0,2.0,16.0,32.0,1.0,3.0,0.0,1.0,1.5,4.0,7.0
0809,03/05/09,Siena,Napoli,2.0,1.0,H,2.0,0.0,H,10.0,5.0,5.0,3.0,4.0,0.0,23.0,22.0,1.0,0.0,0.0,0.0,2.15,3.0,3.6
0809,03/05/09,Udinese,Atalanta,3.0,0.0,H,1.0,0.0,H,11.0,8.0,4.0,1.0,2.0,1.0,11.0,19.0,0.0,4.0,0.0,1.0,1.83,3.3,4.75
0809,09/05/09,Lazio,Udinese,1.0,3.0,A,0.0,0.0,D,14.0,17.0,3.0,6.0,6.0,6.0,20.0,23.0,3.0,0.0,1.0,0.0,2.88,3.0,2.6
0809,09/05/09,Sampdoria,Reggina,5.0,0.0,H,3.0,0.0,H,12.0,16.0,9.0,5.0,4.0,4.0,22.0,16.0,3.0,1.0,0.0,1.0,2.9,3.3,2.4
0809,10/05/09,Atalanta,Genoa,1.0,1.0,D,1.0,0.0,H,7.0,10.0,3.0,1.0,1.0,9.0,18.0,20.0,1.0,3.0,1.0,0.0,3.3,3.1,2.3
0809,10/05/09,Cagliari,Roma,2.0,2.0,D,1.0,0.0,H,9.0,21.0,5.0,11.0,3.0,13.0,19.0,24.0,4.0,2.0,0.0,0.0,2.88,3.2,2.5
0809,10/05/09,Catania,Fiorentina,0.0,2.0,A,0.0,1.0,A,12.0,19.0,2.0,7.0,9.0,5.0,20.0,21.0,3.0,3.0,0.0,0.0,4.75,3.4,1.8
0809,10/05/09,Chievo,Inter,2.0,2.0,D,1.0,1.0,D,15.0,12.0,8.0,4.0,7.0,3.0,27.0,25.0,3.0,2.0,0.0,0.0,4.5,3.3,1.85
0809,10/05/09,Lecce,Napoli,1.0,1.0,D,1.0,1.0,D,28.0,8.0,9.0,1.0,13.0,4.0,13.0,17.0,3.0,2.0,0.0,0.0,1.62,3.75,5.5
0809,10/05/09,Milan,Juventus,1.0,1.0,D,0.0,0.0,D,17.0,15.0,3.0,6.0,6.0,2.0,14.0,13.0,2.0,2.0,1.0,0.0,1.83,3.5,4.33
0809,10/05/09,Siena,Palermo,1.0,0.0,H,0.0,0.0,D,17.0,11.0,3.0,2.0,12.0,3.0,18.0,19.0,2.0,2.0,0.0,0.0,3.1,3.1,2.38
0809,10/05/09,Torino,Bologna,1.0,1.0,D,1.0,0.0,H,22.0,11.0,7.0,5.0,8.0,4.0,21.0,23.0,3.0,6.0,0.0,0.0,1.91,3.25,4.33
0809,16/05/09,Roma,Catania,4.0,3.0,H,3.0,1.0,H,19.0,15.0,9.0,7.0,6.0,5.0,9.0,20.0,1.0,2.0,0.0,0.0,1.25,5.5,12.0
0809,16/05/09,Udinese,Milan,2.0,1.0,H,1.0,0.0,H,26.0,13.0,9.0,3.0,7.0,13.0,8.0,18.0,3.0,4.0,0.0,0.0,3.6,3.2,2.1
0809,17/05/09,Bologna,Lecce,2.0,1.0,H,1.0,1.0,D,13.0,14.0,4.0,3.0,5.0,3.0,18.0,15.0,2.0,1.0,0.0,1.0,1.91,3.25,4.33
0809,17/05/09,Fiorentina,Sampdoria,1.0,0.0,H,1.0,0.0,H,12.0,8.0,5.0,1.0,3.0,1.0,13.0,18.0,0.0,3.0,0.0,0.0,1.33,4.75,9.5
0809,17/05/09,Genoa,Chievo,2.0,2.0,D,0.0,1.0,A,19.0,14.0,8.0,4.0,7.0,5.0,11.0,21.0,4.0,1.0,0.0,0.0,1.62,3.6,6.0
0809,17/05/09,Inter,Siena,3.0,0.0,H,1.0,0.0,H,12.0,16.0,7.0,6.0,3.0,9.0,12.0,10.0,0.0,0.0,0.0,0.0,1.2,6.0,15.0
0809,17/05/09,Juventus,Atalanta,2.0,2.0,D,2.0,2.0,D,15.0,11.0,6.0,5.0,8.0,5.0,17.0,11.0,0.0,0.0,0.0,0.0,1.25,5.5,12.0
0809,17/05/09,Napoli,Torino,1.0,2.0,A,1.0,0.0,H,16.0,9.0,4.0,5.0,9.0,3.0,22.0,14.0,3.0,1.0,0.0,0.0,3.1,3.2,2.3
0809,17/05/09,Palermo,Lazio,2.0,0.0,H,1.0,0.0,H,11.0,12.0,3.0,0.0,5.0,4.0,19.0,19.0,1.0,3.0,0.0,0.0,1.57,3.5,7.0
0809,17/05/09,Reggina,Cagliari,2.0,1.0,H,1.0,1.0,D,28.0,9.0,8.0,4.0,8.0,1.0,9.0,6.0,1.0,0.0,0.0,0.0,1.8,3.6,4.5
0809,20/05/09,Lazio,Reggina,1.0,0.0,H,1.0,0.0,H,19.0,17.0,5.0,5.0,7.0,13.0,14.0,16.0,1.0,1.0,0.0,0.0,2.5,3.6,2.6
0809,24/05/09,Atalanta,Palermo,2.0,2.0,D,0.0,1.0,A,19.0,10.0,8.0,5.0,4.0,4.0,18.0,17.0,2.0,1.0,0.0,0.0,3.25,3.2,2.25
0809,24/05/09,Cagliari,Inter,2.0,1.0,H,1.0,1.0,D,17.0,15.0,8.0,2.0,4.0,3.0,6.0,15.0,1.0,1.0,0.0,0.0,3.2,3.2,2.3
0809,24/05/09,Catania,Napoli,3.0,1.0,H,1.0,1.0,D,13.0,14.0,5.0,4.0,5.0,1.0,21.0,24.0,1.0,2.0,0.0,1.0,2.25,3.0,3.5
0809,24/05/09,Chievo,Bologna,0.0,0.0,D,0.0,0.0,D,13.0,8.0,4.0,2.0,3.0,6.0,17.0,11.0,0.0,0.0,0.0,0.0,3.2,1.57,6.0
0809,24/05/09,Lecce,Fiorentina,1.0,1.0,D,0.0,0.0,D,22.0,20.0,10.0,7.0,9.0,9.0,26.0,18.0,3.0,3.0,0.0,1.0,5.0,4.33,1.57
0809,24/05/09,Milan,Roma,2.0,3.0,A,0.0,1.0,A,19.0,18.0,8.0,7.0,7.0,4.0,17.0,13.0,0.0,3.0,1.0,0.0,1.8,3.4,4.75
0809,24/05/09,Sampdoria,Udinese,2.0,2.0,D,2.0,1.0,H,14.0,25.0,5.0,6.0,6.0,8.0,10.0,18.0,3.0,1.0,0.0,0.0,3.1,3.3,2.25
0809,24/05/09,Siena,Juventus,0.0,3.0,A,0.0,2.0,A,8.0,14.0,2.0,8.0,3.0,4.0,12.0,19.0,2.0,2.0,0.0,0.0,8.5,4.33,1.4
0809,24/05/09,Torino,Genoa,2.0,3.0,A,1.0,1.0,D,16.0,18.0,5.0,9.0,5.0,7.0,24.0,18.0,2.0,1.0,1.0,0.0,1.4,4.5,7.5
0809,31/05/09,Bologna,Catania,3.0,1.0,H,2.0,0.0,H,16.0,23.0,11.0,7.0,4.0,5.0,9.0,9.0,2.0,0.0,0.0,0.0,1.3,4.75,12.0
0809,31/05/09,Fiorentina,Milan,0.0,2.0,A,0.0,0.0,D,17.0,16.0,3.0,3.0,5.0,5.0,11.0,11.0,0.0,1.0,0.0,0.0,2.5,3.1,2.88
0809,31/05/09,Genoa,Lecce,4.0,1.0,H,1.0,1.0,D,14.0,25.0,6.0,11.0,3.0,9.0,13.0,6.0,0.0,3.0,0.0,0.0,1.33,4.5,10.0
0809,31/05/09,Inter,Atalanta,4.0,3.0,H,2.0,2.0,D,19.0,12.0,9.0,5.0,14.0,3.0,11.0,7.0,2.0,0.0,0.0,0.0,1.44,4.0,8.0
0809,31/05/09,Juventus,Lazio,2.0,0.0,H,1.0,0.0,H,18.0,20.0,6.0,2.0,8.0,4.0,20.0,10.0,0.0,2.0,0.0,0.0,1.36,4.5,8.0
0809,31/05/09,Napoli,Chievo,3.0,0.0,H,3.0,0.0,H,9.0,10.0,5.0,4.0,6.0,11.0,18.0,10.0,0.0,0.0,0.0,0.0,1.62,3.75,5.5
0809,31/05/09,Palermo,Sampdoria,2.0,2.0,D,2.0,1.0,H,25.0,17.0,10.0,8.0,7.0,5.0,15.0,21.0,2.0,3.0,0.0,0.0,1.8,3.1,5.0
0809,31/05/09,Reggina,Siena,1.0,1.0,D,1.0,0.0,H,10.0,20.0,3.0,8.0,4.0,9.0,18.0,20.0,3.0,0.0,0.0,1.0,2.25,3.0,3.4
0809,31/05/09,Roma,Torino,3.0,2.0,H,1.0,1.0,D,18.0,26.0,7.0,8.0,7.0,7.0,20.0,12.0,2.0,1.0,0.0,1.0,1.65,4.2,4.5
0809,31/05/09,Udinese,Cagliari,6.0,2.0,H,3.0,0.0,H,18.0,17.0,10.0,5.0,5.0,2.0,13.0,9.0,1.0,1.0,0.0,0.0,1.75,3.6,4.5
0910,22/08/09,Bologna,Fiorentina,1.0,1.0,D,1.0,0.0,H,6.0,17.0,4.0,5.0,4.0,9.0,17.0,20.0,1.0,1.0,0.0,0.0,3.3,3.25,2.2
0910,22/08/09,Siena,Milan,1.0,2.0,A,1.0,1.0,D,15.0,13.0,4.0,5.0,5.0,8.0,22.0,11.0,2.0,1.0,0.0,0.0,3.75,3.25,2.05
0910,23/08/09,Catania,Sampdoria,1.0,2.0,A,1.0,1.0,D,8.0,8.0,4.0,4.0,11.0,4.0,29.0,13.0,4.0,2.0,1.0,0.0,2.5,3.2,2.88
0910,23/08/09,Genoa,Roma,3.0,2.0,H,0.0,0.0,D,14.0,11.0,7.0,6.0,8.0,5.0,20.0,13.0,5.0,2.0,0.0,0.0,2.4,3.2,3.0
0910,23/08/09,Inter,Bari,1.0,1.0,D,0.0,0.0,D,20.0,13.0,3.0,4.0,10.0,1.0,20.0,14.0,3.0,2.0,0.0,0.0,1.2,6.0,15.0
0910,23/08/09,Juventus,Chievo,1.0,0.0,H,1.0,0.0,H,14.0,6.0,2.0,0.0,9.0,2.0,15.0,14.0,3.0,2.0,0.0,0.0,1.29,5.25,11.0
0910,23/08/09,Lazio,Atalanta,1.0,0.0,H,1.0,0.0,H,12.0,15.0,3.0,4.0,3.0,9.0,21.0,17.0,3.0,3.0,0.0,0.0,1.83,3.4,4.5
0910,23/08/09,Livorno,Cagliari,0.0,0.0,D,0.0,0.0,D,21.0,10.0,5.0,3.0,4.0,5.0,16.0,13.0,1.0,1.0,0.0,0.0,2.38,3.1,3.2
0910,23/08/09,Palermo,Napoli,2.0,1.0,H,1.0,0.0,H,9.0,15.0,4.0,4.0,4.0,10.0,20.0,10.0,4.0,2.0,0.0,0.0,2.15,3.25,3.5
0910,23/08/09,Udinese,Parma,2.0,2.0,D,1.0,1.0,D,14.0,13.0,6.0,5.0,7.0,3.0,15.0,19.0,3.0,3.0,0.0,0.0,1.8,3.4,4.75
0910,29/08/09,Bari,Bologna,0.0,0.0,D,0.0,0.0,D,10.0,16.0,1.0,3.0,2.0,2.0,16.0,19.0,0.0,0.0,1.0,0.0,2.2,3.1,3.5
0910,29/08/09,Milan,Inter,0.0,4.0,A,0.0,3.0,A,10.0,19.0,2.0,7.0,2.0,4.0,14.0,16.0,2.0,2.0,1.0,0.0,3.0,3.0,2.5
0910,30/08/09,Atalanta,Genoa,0.0,1.0,A,0.0,1.0,A,18.0,7.0,5.0,3.0,6.0,2.0,20.0,24.0,3.0,2.0,0.0,0.0,2.4,3.0,3.2
0910,30/08/09,Cagliari,Siena,1.0,3.0,A,0.0,0.0,D,10.0,11.0,4.0,6.0,5.0,6.0,11.0,27.0,1.0,4.0,0.0,0.0,2.0,3.2,4.0
0910,30/08/09,Chievo,Lazio,1.0,2.0,A,1.0,1.0,D,16.0,11.0,4.0,3.0,11.0,3.0,34.0,22.0,4.0,3.0,0.0,1.0,3.0,3.0,2.5
0910,30/08/09,Fiorentina,Palermo,1.0,0.0,H,1.0,0.0,H,22.0,11.0,4.0,3.0,4.0,7.0,22.0,14.0,2.0,2.0,0.0,0.0,1.8,3.4,4.75
0910,30/08/09,Napoli,Livorno,3.0,1.0,H,2.0,0.0,H,15.0,16.0,5.0,6.0,5.0,5.0,12.0,12.0,1.0,1.0,0.0,1.0,1.5,4.0,7.5
0910,30/08/09,Parma,Catania,2.0,1.0,H,1.0,1.0,D,17.0,9.0,9.0,4.0,8.0,8.0,18.0,26.0,1.0,3.0,0.0,0.0,1.95,3.2,4.2
0910,30/08/09,Roma,Juventus,1.0,3.0,A,1.0,1.0,D,10.0,25.0,4.0,10.0,7.0,9.0,19.0,18.0,3.0,4.0,0.0,0.0,3.1,3.1,2.38
0910,30/08/09,Sampdoria,Udinese,3.0,1.0,H,2.0,0.0,H,22.0,11.0,7.0,5.0,8.0,6.0,16.0,26.0,1.0,4.0,0.0,0.0,2.1,3.2,3.6
0910,12/09/09,Lazio,Juventus,0.0,2.0,A,0.0,0.0,D,12.0,16.0,5.0,7.0,6.0,3.0,11.0,26.0,0.0,4.0,0.0,0.0,4.0,3.2,2.0
0910,12/09/09,Livorno,Milan,0.0,0.0,D,0.0,0.0,D,14.0,15.0,6.0,4.0,8.0,4.0,16.0,14.0,3.0,1.0,0.0,0.0,4.75,3.3,1.83
0910,13/09/09,Atalanta,Sampdoria,0.0,1.0,A,0.0,0.0,D,26.0,8.0,9.0,3.0,10.0,1.0,22.0,19.0,1.0,3.0,0.0,1.0,2.38,3.1,3.1
0910,13/09/09,Bologna,Chievo,0.0,2.0,A,0.0,2.0,A,13.0,13.0,3.0,5.0,5.0,2.0,20.0,19.0,2.0,1.0,0.0,0.0,2.4,3.0,3.2
0910,13/09/09,Fiorentina,Cagliari,1.0,0.0,H,0.0,0.0,D,17.0,5.0,2.0,1.0,5.0,2.0,19.0,14.0,1.0,2.0,0.0,0.0,1.6,3.6,6.25
0910,13/09/09,Genoa,Napoli,4.0,1.0,H,1.0,1.0,D,13.0,15.0,7.0,4.0,3.0,3.0,13.0,20.0,1.0,4.0,1.0,2.0,2.05,3.2,3.8
0910,13/09/09,Inter,Parma,2.0,0.0,H,0.0,0.0,D,25.0,8.0,9.0,1.0,4.0,5.0,14.0,18.0,3.0,1.0,0.0,0.0,1.3,5.0,11.0
0910,13/09/09,Palermo,Bari,1.0,1.0,D,0.0,1.0,A,28.0,9.0,10.0,4.0,8.0,1.0,16.0,12.0,5.0,0.0,0.0,0.0,1.62,3.6,6.0
0910,13/09/09,Siena,Roma,1.0,2.0,A,1.0,0.0,H,9.0,17.0,2.0,4.0,5.0,13.0,20.0,15.0,1.0,3.0,1.0,0.0,4.0,3.2,2.0
0910,13/09/09,Udinese,Catania,4.0,2.0,H,1.0,2.0,A,15.0,11.0,8.0,2.0,10.0,2.0,19.0,26.0,1.0,4.0,0.0,0.0,1.67,3.5,5.5
0910,19/09/09,Juventus,Livorno,2.0,0.0,H,2.0,0.0,H,15.0,18.0,4.0,8.0,1.0,9.0,16.0,12.0,0.0,2.0,0.0,0.0,1.3,5.0,11.0
0910,19/09/09,Napoli,Udinese,0.0,0.0,D,0.0,0.0,D,25.0,14.0,6.0,4.0,12.0,3.0,16.0,11.0,0.0,2.0,0.0,0.0,2.0,3.3,3.75
0910,20/09/09,Bari,Atalanta,4.0,1.0,H,3.0,0.0,H,15.0,9.0,8.0,3.0,2.0,4.0,6.0,13.0,1.0,2.0,0.0,0.0,2.5,3.1,2.9
0910,20/09/09,Cagliari,Inter,1.0,2.0,A,1.0,0.0,H,17.0,18.0,4.0,5.0,4.0,4.0,20.0,23.0,2.0,3.0,0.0,0.0,6.0,3.6,1.62
0910,20/09/09,Catania,Lazio,1.0,1.0,D,1.0,0.0,H,12.0,16.0,2.0,3.0,6.0,4.0,29.0,14.0,3.0,0.0,0.0,0.0,2.9,3.1,2.5
0910,20/09/09,Chievo,Genoa,3.0,1.0,H,2.0,0.0,H,11.0,12.0,7.0,5.0,2.0,8.0,23.0,13.0,2.0,3.0,0.0,0.0,2.9,3.1,2.5
0910,20/09/09,Milan,Bologna,1.0,0.0,H,0.0,0.0,D,22.0,3.0,4.0,1.0,13.0,3.0,11.0,15.0,1.0,3.0,0.0,0.0,1.33,4.75,10.0
0910,20/09/09,Parma,Palermo,1.0,0.0,H,1.0,0.0,H,12.0,15.0,3.0,6.0,6.0,6.0,16.0,27.0,1.0,2.0,0.0,0.0,2.38,3.1,3.1
0910,20/09/09,Roma,Fiorentina,3.0,1.0,H,3.0,0.0,H,19.0,16.0,9.0,5.0,5.0,6.0,17.0,18.0,0.0,3.0,0.0,0.0,1.95,3.4,3.8
0910,20/09/09,Sampdoria,Siena,4.0,1.0,H,2.0,0.0,H,13.0,14.0,9.0,5.0,3.0,10.0,16.0,25.0,3.0,2.0,0.0,0.0,1.67,3.4,6.0
0910,23/09/09,Atalanta,Catania,0.0,0.0,D,0.0,0.0,D,10.0,9.0,4.0,1.0,7.0,5.0,20.0,21.0,5.0,4.0,0.0,0.0,1.8,3.4,4.75
0910,23/09/09,Bari,Cagliari,0.0,1.0,A,0.0,0.0,D,5.0,12.0,3.0,3.0,4.0,4.0,11.0,23.0,2.0,3.0,0.0,0.0,2.1,3.1,3.75
0910,23/09/09,Bologna,Livorno,2.0,0.0,H,1.0,0.0,H,10.0,11.0,3.0,4.0,5.0,2.0,22.0,20.0,1.0,1.0,0.0,0.0,2.15,3.1,3.6
0910,23/09/09,Fiorentina,Sampdoria,2.0,0.0,H,1.0,0.0,H,21.0,6.0,10.0,3.0,8.0,5.0,19.0,13.0,1.0,2.0,0.0,0.0,2.1,3.1,3.75
0910,23/09/09,Inter,Napoli,3.0,1.0,H,3.0,1.0,H,13.0,12.0,7.0,4.0,5.0,8.0,10.0,16.0,2.0,2.0,0.0,0.0,1.4,4.2,8.5
0910,23/09/09,Lazio,Parma,1.0,2.0,A,1.0,2.0,A,11.0,18.0,6.0,4.0,1.0,2.0,16.0,24.0,3.0,0.0,1.0,0.0,1.91,3.2,4.33
0910,23/09/09,Palermo,Roma,3.0,3.0,D,2.0,2.0,D,16.0,20.0,6.0,7.0,4.0,8.0,24.0,10.0,4.0,2.0,0.0,0.0,2.8,3.25,2.55
0910,23/09/09,Siena,Chievo,0.0,0.0,D,0.0,0.0,D,13.0,13.0,3.0,3.0,4.0,6.0,14.0,13.0,3.0,0.0,0.0,0.0,2.4,3.1,3.1
0910,23/09/09,Udinese,Milan,1.0,0.0,H,1.0,0.0,H,13.0,18.0,6.0,4.0,3.0,6.0,11.0,14.0,2.0,2.0,0.0,1.0,3.25,3.1,2.3
0910,24/09/09,Genoa,Juventus,2.0,2.0,D,1.0,1.0,D,11.0,17.0,3.0,8.0,3.0,8.0,22.0,33.0,2.0,2.0,0.0,0.0,3.4,3.2,2.2
0910,26/09/09,Livorno,Fiorentina,0.0,1.0,A,0.0,0.0,D,12.0,13.0,5.0,4.0,7.0,3.0,19.0,26.0,2.0,2.0,0.0,1.0,3.75,3.1,2.1
0910,26/09/09,Sampdoria,Inter,1.0,0.0,H,0.0,0.0,D,7.0,13.0,2.0,3.0,3.0,7.0,14.0,19.0,5.0,1.0,0.0,0.0,3.8,3.3,2.0
0910,27/09/09,Catania,Roma,1.0,1.0,D,1.0,0.0,H,12.0,13.0,5.0,3.0,7.0,2.0,20.0,13.0,5.0,2.0,1.0,0.0,4.33,3.25,1.91
0910,27/09/09,Chievo,Atalanta,1.0,1.0,D,0.0,0.0,D,21.0,11.0,8.0,4.0,10.0,5.0,15.0,11.0,0.0,2.0,0.0,0.0,2.2,3.2,3.4
0910,27/09/09,Juventus,Bologna,1.0,1.0,D,1.0,0.0,H,21.0,16.0,5.0,4.0,9.0,3.0,17.0,16.0,0.0,2.0,0.0,0.0,1.22,6.0,13.0
0910,27/09/09,Lazio,Palermo,1.0,1.0,D,0.0,0.0,D,28.0,8.0,12.0,1.0,14.0,0.0,14.0,20.0,3.0,3.0,0.0,0.0,2.1,3.2,3.6
0910,27/09/09,Milan,Bari,0.0,0.0,D,0.0,0.0,D,12.0,17.0,5.0,5.0,5.0,4.0,11.0,13.0,1.0,2.0,0.0,0.0,1.33,4.5,11.0
0910,27/09/09,Napoli,Siena,2.0,1.0,H,0.0,0.0,D,12.0,4.0,5.0,2.0,0.0,3.0,15.0,18.0,2.0,5.0,0.0,0.0,1.67,3.4,6.0
0910,27/09/09,Parma,Cagliari,0.0,2.0,A,0.0,1.0,A,7.0,10.0,1.0,6.0,10.0,0.0,18.0,16.0,3.0,3.0,0.0,0.0,1.91,3.2,4.33
0910,27/09/09,Udinese,Genoa,2.0,0.0,H,0.0,0.0,D,12.0,9.0,7.0,0.0,5.0,4.0,22.0,20.0,3.0,1.0,0.0,0.0,2.25,3.2,3.3
0910,03/10/09,Bari,Catania,0.0,0.0,D,0.0,0.0,D,7.0,11.0,2.0,2.0,2.0,3.0,13.0,24.0,0.0,5.0,0.0,0.0,2.05,3.2,3.8
0910,03/10/09,Inter,Udinese,2.0,1.0,H,1.0,1.0,D,22.0,13.0,7.0,4.0,4.0,3.0,15.0,18.0,2.0,4.0,0.0,0.0,1.44,4.2,7.5
0910,04/10/09,Atalanta,Milan,1.0,1.0,D,1.0,0.0,H,7.0,13.0,1.0,5.0,2.0,4.0,14.0,16.0,4.0,3.0,1.0,0.0,3.5,3.0,2.25
0910,04/10/09,Bologna,Genoa,1.0,3.0,A,0.0,2.0,A,19.0,9.0,5.0,5.0,8.0,2.0,18.0,20.0,3.0,1.0,0.0,1.0,3.0,3.2,2.4
0910,04/10/09,Cagliari,Chievo,1.0,2.0,A,1.0,1.0,D,5.0,10.0,2.0,5.0,7.0,6.0,18.0,17.0,2.0,2.0,0.0,0.0,2.1,3.1,3.75
0910,04/10/09,Fiorentina,Lazio,0.0,0.0,D,0.0,0.0,D,24.0,14.0,10.0,5.0,9.0,5.0,20.0,12.0,0.0,3.0,0.0,0.0,1.85,3.3,4.5
0910,04/10/09,Palermo,Juventus,2.0,0.0,H,2.0,0.0,H,24.0,16.0,8.0,0.0,7.0,4.0,17.0,16.0,2.0,4.0,0.0,0.0,3.8,3.3,2.0
0910,04/10/09,Roma,Napoli,2.0,1.0,H,1.0,1.0,D,15.0,9.0,3.0,2.0,5.0,3.0,17.0,20.0,2.0,2.0,0.0,0.0,1.7,3.4,5.5
0910,04/10/09,Sampdoria,Parma,1.0,1.0,D,1.0,1.0,D,16.0,10.0,3.0,4.0,7.0,2.0,10.0,25.0,1.0,4.0,0.0,0.0,1.65,3.6,5.5
0910,04/10/09,Siena,Livorno,0.0,0.0,D,0.0,0.0,D,22.0,5.0,6.0,1.0,11.0,1.0,23.0,10.0,1.0,1.0,0.0,1.0,2.0,3.2,4.0
0910,17/10/09,Genoa,Inter,0.0,5.0,A,0.0,3.0,A,5.0,13.0,2.0,6.0,6.0,2.0,16.0,17.0,2.0,3.0,1.0,0.0,3.25,3.2,2.25
0910,17/10/09,Juventus,Fiorentina,1.0,1.0,D,1.0,1.0,D,17.0,18.0,7.0,6.0,3.0,9.0,12.0,19.0,2.0,2.0,0.0,0.0,1.73,3.4,5.25
0910,18/10/09,Catania,Cagliari,2.0,1.0,H,1.0,1.0,D,10.0,5.0,2.0,1.0,6.0,1.0,21.0,26.0,2.0,3.0,0.0,0.0,2.4,3.1,3.1
0910,18/10/09,Chievo,Bari,1.0,2.0,A,0.0,1.0,A,27.0,13.0,9.0,5.0,10.0,1.0,19.0,23.0,4.0,3.0,0.0,0.0,2.0,3.1,4.1
0910,18/10/09,Lazio,Sampdoria,1.0,1.0,D,1.0,1.0,D,20.0,16.0,7.0,9.0,2.0,5.0,22.0,18.0,1.0,0.0,1.0,1.0,2.4,3.1,3.1
0910,18/10/09,Livorno,Palermo,1.0,2.0,A,0.0,0.0,D,18.0,8.0,4.0,2.0,2.0,0.0,13.0,14.0,1.0,3.0,0.0,0.0,3.1,3.1,2.4
0910,18/10/09,Milan,Roma,2.0,1.0,H,0.0,1.0,A,12.0,20.0,5.0,9.0,8.0,7.0,22.0,25.0,4.0,4.0,1.0,0.0,2.1,3.3,3.5
0910,18/10/09,Napoli,Bologna,2.0,1.0,H,0.0,1.0,A,22.0,8.0,7.0,3.0,10.0,4.0,14.0,21.0,3.0,3.0,0.0,0.0,1.55,3.75,6.5
0910,18/10/09,Parma,Siena,1.0,0.0,H,1.0,0.0,H,20.0,7.0,9.0,1.0,8.0,3.0,18.0,18.0,4.0,2.0,0.0,1.0,1.95,3.2,4.2
0910,18/10/09,Udinese,Atalanta,1.0,3.0,A,1.0,1.0,D,20.0,12.0,5.0,5.0,14.0,0.0,21.0,15.0,2.0,1.0,0.0,0.0,1.67,3.5,5.5
0910,24/10/09,Inter,Catania,2.0,1.0,H,2.0,0.0,H,10.0,13.0,5.0,6.0,6.0,3.0,16.0,22.0,2.0,3.0,0.0,0.0,1.22,5.5,15.0
0910,24/10/09,Sampdoria,Bologna,4.0,1.0,H,4.0,0.0,H,13.0,9.0,7.0,1.0,7.0,4.0,20.0,16.0,2.0,2.0,0.0,1.0,1.53,3.75,7.0
0910,25/10/09,Atalanta,Parma,3.0,1.0,H,1.0,0.0,H,15.0,19.0,5.0,7.0,3.0,7.0,21.0,24.0,2.0,2.0,0.0,0.0,2.1,3.1,3.75
0910,25/10/09,Bari,Lazio,2.0,0.0,H,1.0,0.0,H,18.0,7.0,5.0,3.0,3.0,6.0,15.0,18.0,3.0,2.0,0.0,1.0,2.63,3.0,2.88
0910,25/10/09,Cagliari,Genoa,3.0,2.0,H,0.0,1.0,A,16.0,5.0,6.0,3.0,6.0,3.0,18.0,21.0,3.0,4.0,0.0,1.0,2.75,3.0,2.75
0910,25/10/09,Chievo,Milan,1.0,2.0,A,1.0,0.0,H,9.0,22.0,3.0,10.0,6.0,7.0,11.0,9.0,2.0,1.0,0.0,0.0,4.0,3.1,2.0
0910,25/10/09,Fiorentina,Napoli,0.0,1.0,A,0.0,0.0,D,18.0,11.0,4.0,7.0,5.0,4.0,21.0,15.0,3.0,4.0,0.0,0.0,1.75,3.4,5.0
0910,25/10/09,Palermo,Udinese,1.0,0.0,H,0.0,0.0,D,15.0,21.0,7.0,7.0,7.0,11.0,14.0,13.0,2.0,2.0,0.0,0.0,2.1,3.1,3.75
0910,25/10/09,Roma,Livorno,0.0,1.0,A,0.0,1.0,A,29.0,9.0,5.0,2.0,8.0,2.0,16.0,16.0,1.0,2.0,0.0,1.0,1.33,4.75,10.0
0910,25/10/09,Siena,Juventus,0.0,1.0,A,0.0,0.0,D,6.0,12.0,2.0,1.0,2.0,4.0,13.0,21.0,1.0,2.0,0.0,0.0,7.0,3.5,1.57
0910,28/10/09,Bologna,Siena,2.0,1.0,H,1.0,0.0,H,8.0,19.0,3.0,8.0,1.0,8.0,26.0,19.0,3.0,1.0,0.0,0.0,2.3,3.1,3.3
0910,28/10/09,Catania,Chievo,1.0,2.0,A,1.0,1.0,D,17.0,8.0,2.0,4.0,7.0,6.0,20.0,23.0,2.0,3.0,1.0,0.0,2.25,3.1,3.4
0910,28/10/09,Genoa,Fiorentina,2.0,1.0,H,1.0,0.0,H,10.0,11.0,5.0,5.0,0.0,4.0,20.0,18.0,2.0,1.0,0.0,0.0,2.4,3.2,3.0
0910,28/10/09,Juventus,Sampdoria,5.0,1.0,H,2.0,0.0,H,20.0,6.0,9.0,2.0,5.0,1.0,22.0,23.0,1.0,1.0,0.0,0.0,1.75,3.4,5.0
0910,28/10/09,Lazio,Cagliari,0.0,1.0,A,0.0,0.0,D,23.0,14.0,7.0,6.0,9.0,1.0,15.0,23.0,4.0,4.0,0.0,0.0,1.8,3.4,4.75
0910,28/10/09,Livorno,Atalanta,1.0,0.0,H,0.0,0.0,D,10.0,10.0,3.0,2.0,6.0,9.0,20.0,16.0,3.0,2.0,0.0,0.0,2.4,3.1,3.1
0910,28/10/09,Napoli,Milan,2.0,2.0,D,0.0,2.0,A,25.0,4.0,10.0,2.0,13.0,1.0,14.0,20.0,4.0,1.0,0.0,1.0,2.88,3.2,2.5
0910,28/10/09,Parma,Bari,2.0,0.0,H,0.0,0.0,D,7.0,4.0,2.0,0.0,2.0,2.0,17.0,14.0,2.0,2.0,0.0,0.0,2.1,3.2,3.6
0910,28/10/09,Udinese,Roma,2.0,1.0,H,1.0,1.0,D,11.0,12.0,3.0,5.0,6.0,5.0,18.0,19.0,4.0,4.0,1.0,1.0,2.5,3.2,2.88
0910,29/10/09,Inter,Palermo,5.0,3.0,H,4.0,0.0,H,20.0,18.0,11.0,7.0,8.0,2.0,14.0,8.0,1.0,2.0,0.0,0.0,1.44,4.0,8.0
0910,31/10/09,Juventus,Napoli,2.0,3.0,A,1.0,0.0,H,13.0,14.0,4.0,5.0,5.0,8.0,15.0,24.0,1.0,3.0,1.0,0.0,1.53,3.75,7.0
0910,31/10/09,Milan,Parma,2.0,0.0,H,1.0,0.0,H,13.0,17.0,3.0,6.0,3.0,2.0,10.0,28.0,2.0,1.0,0.0,0.0,1.53,3.8,6.5
0910,01/11/09,Cagliari,Atalanta,3.0,0.0,H,3.0,0.0,H,11.0,10.0,5.0,1.0,3.0,3.0,19.0,17.0,1.0,1.0,0.0,0.0,2.1,3.1,3.8
0910,01/11/09,Chievo,Udinese,1.0,1.0,D,0.0,1.0,A,21.0,9.0,9.0,4.0,10.0,0.0,18.0,15.0,2.0,2.0,0.0,0.0,2.5,3.1,2.9
0910,01/11/09,Fiorentina,Catania,3.0,1.0,H,1.0,0.0,H,13.0,12.0,5.0,4.0,7.0,6.0,24.0,19.0,1.0,3.0,1.0,1.0,1.44,4.0,8.0
0910,01/11/09,Livorno,Inter,0.0,2.0,A,0.0,0.0,D,18.0,6.0,3.0,2.0,9.0,4.0,9.0,17.0,2.0,1.0,0.0,0.0,6.0,3.8,1.57
0910,01/11/09,Palermo,Genoa,0.0,0.0,D,0.0,0.0,D,22.0,11.0,6.0,5.0,6.0,7.0,9.0,24.0,2.0,2.0,0.0,0.0,2.05,3.1,4.0
0910,01/11/09,Roma,Bologna,2.0,1.0,H,1.0,1.0,D,29.0,4.0,9.0,3.0,17.0,1.0,15.0,16.0,2.0,2.0,0.0,0.0,1.67,3.5,5.5
0910,01/11/09,Sampdoria,Bari,0.0,0.0,D,0.0,0.0,D,12.0,5.0,4.0,2.0,8.0,4.0,19.0,20.0,5.0,2.0,0.0,0.0,1.67,3.5,5.5
0910,01/11/09,Siena,Lazio,1.0,1.0,D,1.0,1.0,D,11.0,7.0,3.0,2.0,5.0,6.0,21.0,15.0,1.0,1.0,0.0,0.0,2.75,3.1,2.63
0910,07/11/09,Atalanta,Juventus,2.0,5.0,A,0.0,2.0,A,8.0,16.0,3.0,6.0,2.0,4.0,10.0,19.0,4.0,4.0,0.0,0.0,4.33,3.4,1.85
0910,07/11/09,Catania,Napoli,0.0,0.0,D,0.0,0.0,D,9.0,6.0,3.0,1.0,8.0,2.0,22.0,20.0,3.0,2.0,0.0,0.0,3.4,3.1,2.25
0910,08/11/09,Bari,Livorno,1.0,0.0,H,1.0,0.0,H,11.0,14.0,4.0,4.0,1.0,5.0,14.0,19.0,0.0,1.0,0.0,0.0,1.85,3.3,4.5
0910,08/11/09,Bologna,Palermo,3.0,1.0,H,1.0,1.0,D,13.0,12.0,5.0,3.0,5.0,5.0,16.0,13.0,3.0,2.0,0.0,0.0,2.7,3.1,2.7
0910,08/11/09,Cagliari,Sampdoria,2.0,0.0,H,0.0,0.0,D,15.0,6.0,5.0,3.0,10.0,3.0,21.0,12.0,2.0,1.0,0.0,1.0,2.4,3.1,3.1
0910,08/11/09,Genoa,Siena,4.0,2.0,H,3.0,0.0,H,9.0,19.0,7.0,6.0,5.0,8.0,21.0,18.0,4.0,4.0,0.0,0.0,1.65,3.6,5.5
0910,08/11/09,Inter,Roma,1.0,1.0,D,0.0,1.0,A,12.0,12.0,4.0,4.0,4.0,5.0,26.0,13.0,3.0,2.0,0.0,0.0,1.62,3.75,5.5
0910,08/11/09,Lazio,Milan,1.0,2.0,A,0.0,2.0,A,26.0,11.0,6.0,5.0,11.0,5.0,25.0,19.0,2.0,2.0,0.0,0.0,3.6,3.25,2.1
0910,08/11/09,Parma,Chievo,2.0,0.0,H,1.0,0.0,H,14.0,14.0,5.0,2.0,3.0,11.0,17.0,20.0,2.0,4.0,0.0,0.0,2.05,3.2,3.8
0910,08/11/09,Udinese,Fiorentina,0.0,1.0,A,0.0,0.0,D,7.0,14.0,2.0,5.0,6.0,10.0,15.0,19.0,3.0,4.0,0.0,0.0,2.45,3.2,2.9
0910,21/11/09,Bologna,Inter,1.0,3.0,A,1.0,2.0,A,10.0,17.0,2.0,8.0,2.0,6.0,22.0,18.0,0.0,2.0,0.0,1.0,5.5,3.5,1.67
0910,21/11/09,Fiorentina,Parma,2.0,3.0,A,1.0,1.0,D,17.0,8.0,5.0,3.0,11.0,4.0,15.0,16.0,2.0,4.0,1.0,0.0,1.7,3.4,5.5
0910,22/11/09,Juventus,Udinese,1.0,0.0,H,0.0,0.0,D,13.0,5.0,7.0,2.0,5.0,3.0,20.0,17.0,3.0,2.0,0.0,0.0,1.44,4.0,8.0
0910,22/11/09,Livorno,Genoa,2.0,1.0,H,1.0,0.0,H,11.0,10.0,3.0,4.0,3.0,1.0,14.0,24.0,2.0,2.0,0.0,0.0,3.2,3.0,2.4
0910,22/11/09,Milan,Cagliari,4.0,3.0,H,3.0,2.0,H,12.0,17.0,5.0,10.0,1.0,3.0,18.0,23.0,4.0,3.0,0.0,0.0,1.5,3.75,7.5
0910,22/11/09,Napoli,Lazio,0.0,0.0,D,0.0,0.0,D,11.0,12.0,3.0,3.0,6.0,5.0,19.0,17.0,3.0,5.0,0.0,0.0,1.83,3.3,4.75
0910,22/11/09,Palermo,Catania,1.0,1.0,D,1.0,0.0,H,16.0,23.0,3.0,5.0,5.0,3.0,17.0,18.0,3.0,1.0,0.0,0.0,1.73,3.4,5.25
0910,22/11/09,Roma,Bari,3.0,1.0,H,3.0,0.0,H,17.0,16.0,8.0,5.0,4.0,10.0,16.0,17.0,2.0,3.0,0.0,0.0,1.67,3.5,5.5
0910,22/11/09,Sampdoria,Chievo,2.0,1.0,H,1.0,0.0,H,16.0,8.0,8.0,2.0,6.0,3.0,18.0,34.0,1.0,1.0,0.0,1.0,1.73,3.4,5.25
0910,22/11/09,Siena,Atalanta,0.0,2.0,A,0.0,0.0,D,23.0,13.0,5.0,5.0,6.0,6.0,22.0,17.0,2.0,2.0,0.0,0.0,2.4,3.0,3.2
0910,28/11/09,Genoa,Sampdoria,3.0,0.0,H,1.0,0.0,H,6.0,9.0,5.0,2.0,3.0,1.0,30.0,24.0,3.0,3.0,1.0,2.0,2.3,3.2,3.2
0910,28/11/09,Udinese,Livorno,2.0,0.0,H,2.0,0.0,H,18.0,10.0,7.0,1.0,3.0,4.0,18.0,15.0,1.0,3.0,0.0,0.0,1.65,3.6,5.5
0910,29/11/09,Atalanta,Roma,1.0,2.0,A,1.0,1.0,D,12.0,14.0,6.0,5.0,7.0,3.0,13.0,15.0,3.0,1.0,0.0,0.0,3.4,3.25,2.15
0910,29/11/09,Bari,Siena,2.0,1.0,H,0.0,1.0,A,13.0,9.0,5.0,3.0,8.0,1.0,12.0,19.0,0.0,4.0,0.0,0.0,1.75,3.3,5.0
0910,29/11/09,Cagliari,Juventus,2.0,0.0,H,1.0,0.0,H,10.0,10.0,4.0,4.0,4.0,7.0,23.0,11.0,3.0,3.0,0.0,0.0,4.0,3.4,1.91
0910,29/11/09,Catania,Milan,0.0,2.0,A,0.0,0.0,D,6.0,13.0,2.0,3.0,4.0,5.0,21.0,18.0,3.0,1.0,0.0,0.0,4.33,3.4,1.85
0910,29/11/09,Chievo,Palermo,1.0,0.0,H,0.0,0.0,D,10.0,12.0,4.0,2.0,2.0,6.0,22.0,21.0,2.0,3.0,0.0,1.0,2.3,3.2,3.2
0910,29/11/09,Inter,Fiorentina,1.0,0.0,H,0.0,0.0,D,23.0,15.0,6.0,5.0,8.0,8.0,15.0,23.0,2.0,4.0,0.0,0.0,1.57,3.75,6.0
0910,29/11/09,Lazio,Bologna,0.0,0.0,D,0.0,0.0,D,25.0,5.0,4.0,1.0,11.0,3.0,15.0,29.0,4.0,3.0,0.0,0.0,1.67,3.6,5.25
0910,29/11/09,Parma,Napoli,1.0,1.0,D,0.0,1.0,A,10.0,13.0,5.0,4.0,9.0,4.0,21.0,25.0,3.0,2.0,0.0,1.0,2.4,3.2,3.0
0910,05/12/09,Juventus,Inter,2.0,1.0,H,1.0,1.0,D,10.0,8.0,8.0,4.0,5.0,9.0,19.0,17.0,3.0,3.0,1.0,0.0,2.65,3.1,2.75
0910,05/12/09,Milan,Sampdoria,3.0,0.0,H,3.0,0.0,H,16.0,5.0,8.0,1.0,5.0,3.0,16.0,18.0,1.0,3.0,0.0,0.0,1.57,3.7,6.25
0910,06/12/09,Bologna,Udinese,2.0,1.0,H,1.0,1.0,D,11.0,22.0,4.0,7.0,4.0,6.0,22.0,22.0,3.0,4.0,0.0,0.0,2.5,3.2,2.88
0910,06/12/09,Fiorentina,Atalanta,2.0,0.0,H,1.0,0.0,H,20.0,10.0,6.0,2.0,9.0,4.0,9.0,17.0,1.0,1.0,0.0,1.0,1.55,3.6,7.0
0910,06/12/09,Genoa,Parma,2.0,2.0,D,1.0,1.0,D,11.0,9.0,5.0,3.0,5.0,1.0,20.0,19.0,2.0,4.0,0.0,0.0,1.91,3.2,4.33
0910,06/12/09,Livorno,Chievo,0.0,2.0,A,0.0,1.0,A,6.0,16.0,2.0,5.0,4.0,4.0,21.0,21.0,3.0,2.0,1.0,0.0,2.4,3.1,3.1
0910,06/12/09,Napoli,Bari,3.0,2.0,H,0.0,0.0,D,19.0,10.0,6.0,6.0,7.0,5.0,17.0,18.0,2.0,3.0,0.0,2.0,1.8,3.5,4.5
0910,06/12/09,Palermo,Cagliari,2.0,1.0,H,0.0,1.0,A,18.0,14.0,7.0,2.0,10.0,2.0,28.0,21.0,2.0,5.0,0.0,0.0,2.1,3.1,3.75
0910,06/12/09,Roma,Lazio,1.0,0.0,H,0.0,0.0,D,12.0,15.0,6.0,3.0,6.0,7.0,25.0,21.0,3.0,3.0,1.0,0.0,1.83,3.25,4.75
0910,06/12/09,Siena,Catania,3.0,2.0,H,0.0,1.0,A,14.0,16.0,3.0,9.0,5.0,3.0,22.0,27.0,1.0,3.0,0.0,0.0,2.2,3.1,3.5
0910,12/12/09,Bari,Juventus,3.0,1.0,H,2.0,1.0,H,10.0,27.0,5.0,8.0,1.0,7.0,17.0,13.0,1.0,3.0,0.0,0.0,4.33,3.25,1.91
0910,12/12/09,Cagliari,Napoli,3.0,3.0,D,0.0,1.0,A,8.0,16.0,4.0,8.0,1.0,11.0,20.0,17.0,2.0,5.0,0.0,1.0,2.38,3.0,3.25
0910,13/12/09,Atalanta,Inter,1.0,1.0,D,0.0,1.0,A,8.0,16.0,2.0,5.0,12.0,5.0,17.0,17.0,2.0,0.0,0.0,1.0,6.0,3.5,1.65
0910,13/12/09,Catania,Livorno,0.0,1.0,A,0.0,0.0,D,16.0,14.0,3.0,3.0,8.0,6.0,20.0,17.0,2.0,2.0,1.0,0.0,1.91,3.2,4.33
0910,13/12/09,Chievo,Fiorentina,2.0,1.0,H,2.0,1.0,H,14.0,13.0,7.0,1.0,7.0,6.0,11.0,21.0,3.0,3.0,0.0,0.0,3.0,3.0,2.5
0910,13/12/09,Lazio,Genoa,1.0,0.0,H,1.0,0.0,H,10.0,8.0,2.0,1.0,3.0,7.0,20.0,25.0,3.0,5.0,0.0,1.0,2.25,3.1,3.4
0910,13/12/09,Milan,Palermo,0.0,2.0,A,0.0,0.0,D,24.0,16.0,6.0,4.0,8.0,2.0,16.0,13.0,0.0,1.0,0.0,0.0,1.44,4.2,7.5
0910,13/12/09,Parma,Bologna,2.0,1.0,H,0.0,1.0,A,20.0,9.0,7.0,4.0,9.0,4.0,18.0,20.0,2.0,2.0,0.0,1.0,1.8,3.4,4.75
0910,13/12/09,Sampdoria,Roma,0.0,0.0,D,0.0,0.0,D,7.0,15.0,1.0,2.0,7.0,8.0,21.0,22.0,3.0,3.0,0.0,0.0,2.5,3.2,2.88
0910,13/12/09,Siena,Udinese,2.0,1.0,H,0.0,0.0,D,19.0,19.0,9.0,6.0,6.0,4.0,22.0,21.0,3.0,1.0,0.0,0.0,2.63,3.0,2.88
0910,20/12/09,Inter,Lazio,1.0,0.0,H,1.0,0.0,H,15.0,12.0,4.0,1.0,5.0,2.0,20.0,19.0,2.0,4.0,0.0,0.0,1.4,4.33,8.5
0910,20/12/09,Juventus,Catania,1.0,2.0,A,0.0,1.0,A,19.0,8.0,8.0,2.0,6.0,0.0,14.0,18.0,3.0,1.0,0.0,0.0,1.33,4.75,10.0
0910,20/12/09,Livorno,Sampdoria,3.0,1.0,H,1.0,1.0,D,10.0,14.0,6.0,4.0,3.0,11.0,20.0,15.0,3.0,1.0,0.0,1.0,2.88,3.0,2.63
0910,20/12/09,Napoli,Chievo,2.0,0.0,H,1.0,0.0,H,8.0,16.0,3.0,6.0,0.0,4.0,26.0,14.0,5.0,3.0,0.0,0.0,1.91,3.25,4.33
0910,20/12/09,Palermo,Siena,1.0,0.0,H,1.0,0.0,H,17.0,15.0,8.0,3.0,7.0,9.0,12.0,16.0,3.0,2.0,0.0,0.0,1.62,3.6,6.0
0910,20/12/09,Roma,Parma,2.0,0.0,H,0.0,0.0,D,23.0,10.0,6.0,2.0,13.0,5.0,6.0,18.0,3.0,1.0,0.0,1.0,1.73,3.6,4.75
0910,06/01/10,Atalanta,Napoli,0.0,2.0,A,0.0,1.0,A,12.0,10.0,3.0,6.0,6.0,4.0,23.0,17.0,6.0,1.0,0.0,0.0,2.63,3.0,2.88
0910,06/01/10,Bari,Udinese,2.0,0.0,H,1.0,0.0,H,9.0,16.0,5.0,6.0,7.0,10.0,17.0,16.0,0.0,0.0,0.0,0.0,2.2,3.1,3.5
0910,06/01/10,Cagliari,Roma,2.0,2.0,D,0.0,0.0,D,17.0,9.0,7.0,2.0,10.0,4.0,18.0,13.0,2.0,3.0,0.0,0.0,3.0,3.2,2.4
0910,06/01/10,Catania,Bologna,1.0,0.0,H,0.0,0.0,D,24.0,3.0,8.0,2.0,5.0,2.0,17.0,20.0,2.0,3.0,0.0,0.0,2.0,3.2,4.0
0910,06/01/10,Chievo,Inter,0.0,1.0,A,0.0,1.0,A,12.0,15.0,3.0,4.0,3.0,6.0,26.0,18.0,3.0,6.0,0.0,0.0,4.5,3.4,1.83
0910,06/01/10,Lazio,Livorno,4.0,1.0,H,0.0,1.0,A,20.0,9.0,9.0,6.0,7.0,4.0,18.0,20.0,2.0,3.0,0.0,1.0,1.67,3.5,5.5
0910,06/01/10,Milan,Genoa,5.0,2.0,H,2.0,1.0,H,16.0,10.0,10.0,4.0,3.0,3.0,19.0,22.0,2.0,3.0,0.0,0.0,1.57,3.75,6.0
0910,06/01/10,Parma,Juventus,1.0,2.0,A,1.0,2.0,A,13.0,9.0,3.0,2.0,8.0,4.0,16.0,26.0,2.0,3.0,0.0,1.0,3.1,3.1,2.4
0910,06/01/10,Sampdoria,Palermo,1.0,1.0,D,1.0,1.0,D,22.0,12.0,8.0,3.0,10.0,4.0,10.0,11.0,2.0,2.0,0.0,0.0,2.2,3.2,3.4
0910,06/01/10,Siena,Fiorentina,1.0,5.0,A,0.0,3.0,A,20.0,14.0,5.0,10.0,8.0,6.0,14.0,21.0,1.0,4.0,0.0,0.0,3.4,3.2,2.2
0910,09/01/10,Inter,Siena,4.0,3.0,H,2.0,2.0,D,12.0,15.0,6.0,5.0,3.0,4.0,15.0,16.0,3.0,1.0,0.0,1.0,1.2,6.0,15.0
0910,09/01/10,Roma,Chievo,1.0,0.0,H,1.0,0.0,H,18.0,10.0,3.0,2.0,5.0,3.0,18.0,33.0,0.0,3.0,1.0,0.0,1.57,3.6,6.5
0910,10/01/10,Bologna,Cagliari,0.0,1.0,A,0.0,0.0,D,15.0,11.0,6.0,3.0,3.0,2.0,20.0,18.0,3.0,2.0,0.0,0.0,2.35,3.2,3.1
0910,10/01/10,Fiorentina,Bari,2.0,1.0,H,1.0,1.0,D,23.0,12.0,6.0,5.0,9.0,3.0,15.0,14.0,3.0,1.0,1.0,1.0,1.65,3.5,6.0
0910,10/01/10,Genoa,Catania,2.0,0.0,H,1.0,0.0,H,16.0,6.0,5.0,0.0,2.0,5.0,19.0,23.0,4.0,1.0,0.0,1.0,1.65,3.5,6.0
0910,10/01/10,Juventus,Milan,0.0,3.0,A,0.0,1.0,A,14.0,7.0,4.0,4.0,8.0,9.0,28.0,15.0,2.0,1.0,0.0,0.0,2.5,3.2,2.9
0910,10/01/10,Livorno,Parma,2.0,1.0,H,1.0,0.0,H,11.0,17.0,3.0,4.0,6.0,6.0,15.0,17.0,1.0,2.0,0.0,0.0,2.75,3.1,2.63
0910,10/01/10,Napoli,Sampdoria,1.0,0.0,H,0.0,0.0,D,12.0,8.0,3.0,1.0,5.0,3.0,25.0,16.0,2.0,2.0,0.0,0.0,1.91,3.3,4.2
0910,10/01/10,Palermo,Atalanta,1.0,0.0,H,0.0,0.0,D,10.0,14.0,2.0,3.0,9.0,6.0,17.0,12.0,1.0,3.0,0.0,1.0,1.7,3.5,5.5
0910,10/01/10,Udinese,Lazio,1.0,1.0,D,1.0,1.0,D,23.0,8.0,7.0,3.0,7.0,1.0,26.0,20.0,1.0,4.0,0.0,0.0,2.2,3.25,3.3
0910,16/01/10,Bari,Inter,2.0,2.0,D,0.0,0.0,D,16.0,15.0,6.0,4.0,7.0,4.0,16.0,15.0,3.0,2.0,0.0,0.0,4.33,3.25,1.91
0910,16/01/10,Cagliari,Livorno,3.0,0.0,H,1.0,0.0,H,8.0,12.0,5.0,3.0,0.0,8.0,25.0,15.0,3.0,2.0,0.0,0.0,1.83,3.0,5.5
0910,17/01/10,Atalanta,Lazio,3.0,0.0,H,3.0,0.0,H,18.0,16.0,5.0,2.0,4.0,4.0,20.0,20.0,5.0,3.0,0.0,0.0,2.5,3.1,2.9
0910,17/01/10,Chievo,Juventus,1.0,0.0,H,1.0,0.0,H,5.0,6.0,2.0,3.0,1.0,7.0,28.0,20.0,3.0,2.0,0.0,0.0,3.5,3.25,2.1
0910,17/01/10,Fiorentina,Bologna,1.0,2.0,A,0.0,2.0,A,26.0,7.0,9.0,3.0,12.0,0.0,14.0,14.0,0.0,2.0,0.0,0.0,1.5,3.75,7.5
0910,17/01/10,Milan,Siena,4.0,0.0,H,2.0,0.0,H,18.0,9.0,7.0,2.0,5.0,3.0,13.0,10.0,0.0,2.0,0.0,1.0,1.25,5.25,13.0
0910,17/01/10,Napoli,Palermo,0.0,0.0,D,0.0,0.0,D,15.0,12.0,3.0,3.0,3.0,3.0,22.0,22.0,3.0,5.0,0.0,0.0,2.1,3.25,3.5
0910,17/01/10,Parma,Udinese,0.0,0.0,D,0.0,0.0,D,15.0,10.0,3.0,2.0,3.0,5.0,21.0,29.0,3.0,4.0,1.0,0.0,2.1,3.2,3.6
0910,17/01/10,Roma,Genoa,3.0,0.0,H,2.0,0.0,H,13.0,9.0,6.0,1.0,6.0,5.0,11.0,15.0,0.0,0.0,0.0,0.0,1.7,3.6,5.0
0910,17/01/10,Sampdoria,Catania,1.0,1.0,D,1.0,1.0,D,19.0,8.0,6.0,3.0,6.0,3.0,17.0,27.0,3.0,3.0,0.0,0.0,1.8,3.4,4.6
0910,20/01/10,Bologna,Atalanta,2.0,2.0,D,2.0,1.0,H,6.0,15.0,2.0,4.0,1.0,5.0,16.0,9.0,1.0,2.0,0.0,0.0,2.3,3.1,3.2
0910,20/01/10,Genoa,Bari,1.0,1.0,D,0.0,1.0,A,18.0,9.0,7.0,2.0,12.0,0.0,35.0,18.0,4.0,5.0,0.0,0.0,2.1,3.1,3.8
0910,23/01/10,Catania,Parma,3.0,0.0,H,1.0,0.0,H,17.0,8.0,5.0,2.0,8.0,2.0,17.0,20.0,3.0,3.0,0.0,0.0,2.2,3.2,3.4
0910,23/01/10,Juventus,Roma,1.0,2.0,A,0.0,0.0,D,12.0,12.0,3.0,3.0,6.0,6.0,19.0,18.0,2.0,3.0,1.0,0.0,2.5,3.1,2.9
0910,24/01/10,Bologna,Bari,2.0,1.0,H,0.0,1.0,A,11.0,9.0,5.0,3.0,5.0,5.0,19.0,22.0,4.0,1.0,0.0,0.0,2.4,3.2,3.0
0910,24/01/10,Genoa,Atalanta,2.0,0.0,H,2.0,0.0,H,9.0,11.0,4.0,3.0,1.0,6.0,27.0,19.0,3.0,3.0,0.0,0.0,1.83,3.4,4.5
0910,24/01/10,Inter,Milan,2.0,0.0,H,1.0,0.0,H,16.0,19.0,6.0,4.0,2.0,11.0,17.0,22.0,2.0,3.0,2.0,0.0,2.5,3.1,2.9
0910,24/01/10,Lazio,Chievo,1.0,1.0,D,1.0,0.0,H,13.0,9.0,4.0,3.0,5.0,4.0,23.0,30.0,1.0,5.0,0.0,0.0,1.95,3.2,4.2
0910,24/01/10,Livorno,Napoli,0.0,2.0,A,0.0,1.0,A,20.0,12.0,5.0,4.0,5.0,3.0,22.0,22.0,4.0,4.0,1.0,0.0,3.1,3.1,2.4
0910,24/01/10,Palermo,Fiorentina,3.0,0.0,H,2.0,0.0,H,15.0,17.0,8.0,6.0,3.0,9.0,16.0,23.0,2.0,1.0,0.0,0.0,2.4,3.2,3.0
0910,24/01/10,Siena,Cagliari,1.0,1.0,D,0.0,0.0,D,15.0,16.0,4.0,6.0,7.0,6.0,15.0,14.0,3.0,1.0,1.0,1.0,2.9,3.0,2.6
0910,24/01/10,Udinese,Sampdoria,2.0,3.0,A,2.0,1.0,H,10.0,15.0,3.0,8.0,4.0,1.0,27.0,16.0,3.0,5.0,0.0,0.0,2.1,3.2,3.6
0910,30/01/10,Bari,Palermo,4.0,2.0,H,2.0,1.0,H,12.0,18.0,6.0,6.0,3.0,2.0,15.0,16.0,2.0,2.0,0.0,1.0,2.5,2.9,3.1
0910,30/01/10,Napoli,Genoa,0.0,0.0,D,0.0,0.0,D,17.0,6.0,4.0,1.0,6.0,1.0,19.0,12.0,5.0,3.0,0.0,0.0,1.95,3.25,4.2
0910,31/01/10,Cagliari,Fiorentina,2.0,2.0,D,1.0,1.0,D,9.0,13.0,3.0,7.0,2.0,4.0,6.0,24.0,1.0,3.0,1.0,0.0,2.38,3.0,3.2
0910,31/01/10,Catania,Udinese,1.0,1.0,D,0.0,1.0,A,12.0,10.0,4.0,5.0,6.0,7.0,19.0,18.0,2.0,4.0,0.0,0.0,2.2,3.0,3.6
0910,31/01/10,Chievo,Bologna,1.0,1.0,D,0.0,1.0,A,13.0,8.0,2.0,3.0,7.0,3.0,14.0,15.0,1.0,0.0,0.0,0.0,2.0,3.1,4.2
0910,31/01/10,Juventus,Lazio,1.0,1.0,D,0.0,0.0,D,18.0,9.0,7.0,2.0,4.0,2.0,23.0,17.0,3.0,2.0,0.0,0.0,1.7,3.4,5.5
0910,31/01/10,Milan,Livorno,1.0,1.0,D,1.0,0.0,H,16.0,11.0,7.0,5.0,4.0,5.0,17.0,15.0,2.0,5.0,0.0,0.0,1.29,5.0,12.0
0910,31/01/10,Roma,Siena,2.0,1.0,H,1.0,1.0,D,16.0,7.0,8.0,3.0,10.0,6.0,12.0,20.0,3.0,2.0,0.0,0.0,1.29,4.75,13.0
0910,31/01/10,Sampdoria,Atalanta,2.0,0.0,H,2.0,0.0,H,14.0,13.0,7.0,3.0,8.0,5.0,19.0,22.0,2.0,4.0,1.0,0.0,1.91,3.25,4.33
0910,06/02/10,Livorno,Juventus,1.0,1.0,D,1.0,1.0,D,13.0,7.0,4.0,3.0,3.0,5.0,25.0,20.0,2.0,1.0,0.0,1.0,4.0,3.2,2.0
0910,06/02/10,Palermo,Parma,2.0,1.0,H,0.0,0.0,D,14.0,6.0,5.0,2.0,6.0,5.0,11.0,23.0,2.0,3.0,0.0,0.0,1.8,3.25,5.0
0910,07/02/10,Atalanta,Bari,1.0,0.0,H,0.0,0.0,D,28.0,8.0,7.0,3.0,6.0,4.0,13.0,22.0,3.0,1.0,0.0,0.0,2.3,3.0,3.4
0910,07/02/10,Bologna,Milan,0.0,0.0,D,0.0,0.0,D,2.0,18.0,1.0,4.0,1.0,10.0,13.0,14.0,0.0,0.0,0.0,0.0,5.0,3.25,1.8
0910,07/02/10,Fiorentina,Roma,0.0,1.0,A,0.0,0.0,D,20.0,10.0,8.0,2.0,10.0,4.0,15.0,20.0,2.0,1.0,0.0,0.0,2.5,3.2,2.88
0910,07/02/10,Genoa,Chievo,1.0,0.0,H,0.0,0.0,D,12.0,12.0,2.0,2.0,5.0,4.0,14.0,20.0,2.0,4.0,0.0,0.0,1.9,3.25,4.33
0910,07/02/10,Inter,Cagliari,3.0,0.0,H,2.0,0.0,H,11.0,17.0,7.0,4.0,2.0,3.0,18.0,13.0,2.0,0.0,0.0,0.0,1.36,4.33,7.5
0910,07/02/10,Lazio,Catania,0.0,1.0,A,0.0,0.0,D,26.0,8.0,5.0,3.0,9.0,1.0,17.0,23.0,0.0,1.0,0.0,0.0,1.9,3.25,4.33
0910,07/02/10,Siena,Sampdoria,1.0,2.0,A,0.0,1.0,A,17.0,6.0,5.0,3.0,11.0,3.0,29.0,16.0,3.0,2.0,0.0,0.0,2.63,3.1,2.75
0910,07/02/10,Udinese,Napoli,3.0,1.0,H,1.0,1.0,D,23.0,17.0,11.0,6.0,6.0,2.0,25.0,19.0,3.0,2.0,0.0,1.0,2.4,3.1,3.1
0910,10/02/10,Parma,Inter,1.0,1.0,D,0.0,0.0,D,14.0,18.0,4.0,8.0,5.0,7.0,22.0,18.0,1.0,2.0,1.0,0.0,4.5,3.4,1.83
0910,12/02/10,Milan,Udinese,3.0,2.0,H,2.0,1.0,H,11.0,15.0,6.0,5.0,5.0,1.0,10.0,12.0,1.0,4.0,0.0,0.0,1.57,3.6,6.5
0910,13/02/10,Roma,Palermo,4.0,1.0,H,1.0,0.0,H,20.0,20.0,5.0,7.0,8.0,9.0,14.0,12.0,2.0,2.0,0.0,0.0,1.67,3.5,5.5
0910,13/02/10,Sampdoria,Fiorentina,2.0,0.0,H,2.0,0.0,H,14.0,11.0,5.0,2.0,2.0,3.0,15.0,26.0,0.0,4.0,0.0,0.0,2.4,3.1,3.1
0910,14/02/10,Cagliari,Bari,3.0,1.0,H,2.0,0.0,H,8.0,19.0,3.0,2.0,4.0,8.0,15.0,15.0,2.0,1.0,0.0,0.0,2.0,3.4,3.75
0910,14/02/10,Catania,Atalanta,0.0,0.0,D,0.0,0.0,D,9.0,13.0,1.0,5.0,6.0,6.0,22.0,16.0,3.0,2.0,0.0,1.0,2.1,3.2,3.6
0910,14/02/10,Chievo,Siena,0.0,1.0,A,0.0,0.0,D,12.0,10.0,3.0,7.0,6.0,4.0,21.0,17.0,3.0,2.0,0.0,0.0,1.8,3.3,4.75
0910,14/02/10,Juventus,Genoa,3.0,2.0,H,1.0,1.0,D,19.0,8.0,9.0,2.0,9.0,4.0,15.0,24.0,5.0,4.0,0.0,0.0,1.73,3.5,5.0
0910,14/02/10,Livorno,Bologna,0.0,1.0,A,0.0,1.0,A,17.0,5.0,6.0,1.0,6.0,2.0,14.0,18.0,0.0,2.0,0.0,0.0,2.4,3.0,3.2
0910,14/02/10,Napoli,Inter,0.0,0.0,D,0.0,0.0,D,16.0,9.0,2.0,2.0,3.0,2.0,20.0,16.0,3.0,3.0,0.0,0.0,3.2,3.2,2.3
0910,14/02/10,Parma,Lazio,0.0,2.0,A,0.0,0.0,D,8.0,17.0,3.0,9.0,5.0,5.0,21.0,22.0,1.0,1.0,1.0,0.0,2.38,3.0,3.25
0910,20/02/10,Genoa,Udinese,3.0,0.0,H,1.0,0.0,H,13.0,14.0,5.0,1.0,5.0,2.0,18.0,15.0,3.0,3.0,0.0,1.0,1.91,3.4,4.0
0910,20/02/10,Inter,Sampdoria,0.0,0.0,D,0.0,0.0,D,11.0,17.0,1.0,4.0,5.0,5.0,18.0,13.0,2.0,2.0,2.0,1.0,1.5,3.8,7.5
0910,21/02/10,Atalanta,Chievo,0.0,1.0,A,0.0,1.0,A,17.0,7.0,2.0,4.0,8.0,7.0,15.0,22.0,3.0,4.0,0.0,1.0,2.1,3.3,3.5
0910,21/02/10,Bari,Milan,0.0,2.0,A,0.0,1.0,A,7.0,8.0,2.0,4.0,2.0,2.0,22.0,11.0,0.0,1.0,0.0,0.0,3.5,3.3,2.1
0910,21/02/10,Bologna,Juventus,1.0,2.0,A,0.0,1.0,A,15.0,11.0,3.0,7.0,13.0,4.0,16.0,16.0,1.0,1.0,1.0,0.0,4.2,3.3,1.91
0910,21/02/10,Cagliari,Parma,2.0,0.0,H,2.0,0.0,H,12.0,14.0,5.0,4.0,5.0,13.0,17.0,16.0,1.0,2.0,0.0,0.0,1.85,3.4,4.33
0910,21/02/10,Fiorentina,Livorno,2.0,1.0,H,0.0,1.0,A,19.0,7.0,8.0,5.0,5.0,2.0,17.0,21.0,2.0,6.0,0.0,1.0,1.62,3.6,6.0
0910,21/02/10,Palermo,Lazio,3.0,1.0,H,2.0,0.0,H,8.0,23.0,4.0,4.0,5.0,6.0,15.0,21.0,2.0,3.0,0.0,0.0,1.91,3.4,4.0
0910,21/02/10,Roma,Catania,1.0,0.0,H,1.0,0.0,H,12.0,5.0,4.0,1.0,7.0,4.0,11.0,28.0,2.0,2.0,0.0,0.0,1.4,4.33,8.5
0910,21/02/10,Siena,Napoli,0.0,0.0,D,0.0,0.0,D,12.0,20.0,2.0,3.0,4.0,12.0,19.0,15.0,2.0,2.0,0.0,0.0,3.1,3.25,2.3
0910,24/02/10,Fiorentina,Milan,1.0,2.0,A,1.0,0.0,H,15.0,6.0,7.0,2.0,10.0,7.0,15.0,13.0,1.0,2.0,0.0,0.0,2.9,3.1,2.5
0910,24/02/10,Udinese,Cagliari,2.0,1.0,H,0.0,1.0,A,29.0,8.0,8.0,4.0,14.0,2.0,12.0,12.0,2.0,2.0,0.0,0.0,2.1,3.3,3.5
0910,27/02/10,Catania,Bari,4.0,0.0,H,2.0,0.0,H,14.0,17.0,4.0,4.0,1.0,5.0,21.0,19.0,2.0,2.0,0.0,0.0,2.2,3.2,3.4
0910,27/02/10,Lazio,Fiorentina,1.0,1.0,D,1.0,0.0,H,7.0,18.0,4.0,5.0,5.0,9.0,17.0,19.0,2.0,3.0,0.0,0.0,2.38,3.0,3.25
0910,28/02/10,Chievo,Cagliari,2.0,1.0,H,1.0,0.0,H,11.0,7.0,6.0,1.0,5.0,6.0,25.0,21.0,5.0,0.0,1.0,1.0,2.4,3.2,3.0
0910,28/02/10,Genoa,Bologna,3.0,4.0,A,3.0,2.0,H,20.0,8.0,6.0,6.0,8.0,2.0,15.0,16.0,1.0,1.0,0.0,0.0,1.67,3.5,5.5
0910,28/02/10,Juventus,Palermo,0.0,2.0,A,0.0,0.0,D,15.0,8.0,1.0,4.0,6.0,4.0,11.0,14.0,2.0,1.0,0.0,0.0,1.73,3.4,5.25
0910,28/02/10,Livorno,Siena,1.0,2.0,A,1.0,0.0,H,13.0,15.0,5.0,7.0,8.0,6.0,16.0,20.0,3.0,3.0,1.0,0.0,2.2,3.2,3.4
0910,28/02/10,Milan,Atalanta,3.0,1.0,H,2.0,0.0,H,14.0,12.0,7.0,3.0,7.0,4.0,20.0,18.0,2.0,3.0,0.0,0.0,1.33,4.75,10.0
0910,28/02/10,Napoli,Roma,2.0,2.0,D,0.0,0.0,D,20.0,14.0,6.0,5.0,10.0,1.0,13.0,20.0,2.0,2.0,0.0,0.0,2.4,3.1,3.1
0910,28/02/10,Parma,Sampdoria,1.0,0.0,H,0.0,0.0,D,17.0,14.0,5.0,7.0,6.0,3.0,27.0,13.0,3.0,1.0,0.0,0.0,2.1,3.1,3.75
0910,28/02/10,Udinese,Inter,2.0,3.0,A,1.0,3.0,A,18.0,10.0,7.0,5.0,11.0,1.0,23.0,13.0,3.0,3.0,0.0,0.0,3.6,3.2,2.1
0910,06/03/10,Fiorentina,Juventus,1.0,2.0,A,1.0,1.0,D,13.0,7.0,4.0,6.0,6.0,2.0,22.0,22.0,0.0,3.0,0.0,0.0,2.5,3.2,2.88
0910,06/03/10,Roma,Milan,0.0,0.0,D,0.0,0.0,D,14.0,15.0,3.0,3.0,5.0,5.0,16.0,19.0,3.0,3.0,0.0,0.0,2.3,3.2,3.2
0910,07/03/10,Atalanta,Udinese,0.0,0.0,D,0.0,0.0,D,16.0,10.0,1.0,3.0,6.0,3.0,22.0,16.0,3.0,3.0,1.0,0.0,2.3,3.2,3.2
0910,07/03/10,Bari,Chievo,1.0,0.0,H,1.0,0.0,H,14.0,10.0,6.0,2.0,7.0,6.0,15.0,19.0,0.0,2.0,0.0,0.0,2.0,3.25,3.9
0910,07/03/10,Bologna,Napoli,2.0,1.0,H,2.0,1.0,H,14.0,11.0,5.0,4.0,7.0,10.0,15.0,19.0,0.0,3.0,0.0,0.0,2.9,3.1,2.5
0910,07/03/10,Cagliari,Catania,2.0,2.0,D,1.0,2.0,A,17.0,12.0,5.0,3.0,7.0,11.0,17.0,25.0,2.0,4.0,1.0,0.0,2.0,3.25,3.9
0910,07/03/10,Inter,Genoa,0.0,0.0,D,0.0,0.0,D,15.0,8.0,3.0,2.0,3.0,2.0,14.0,19.0,2.0,1.0,0.0,0.0,1.4,4.5,8.0
0910,07/03/10,Palermo,Livorno,1.0,0.0,H,0.0,0.0,D,19.0,8.0,5.0,1.0,10.0,5.0,16.0,18.0,2.0,1.0,0.0,0.0,1.5,3.9,7.0
0910,07/03/10,Sampdoria,Lazio,2.0,1.0,H,2.0,1.0,H,15.0,11.0,3.0,4.0,6.0,3.0,19.0,28.0,1.0,3.0,0.0,1.0,2.15,3.2,3.5
0910,07/03/10,Siena,Parma,1.0,1.0,D,0.0,1.0,A,14.0,11.0,2.0,4.0,5.0,3.0,20.0,21.0,3.0,1.0,0.0,1.0,2.2,3.2,3.4
0910,12/03/10,Catania,Inter,3.0,1.0,H,0.0,0.0,D,16.0,18.0,4.0,4.0,5.0,5.0,17.0,22.0,2.0,2.0,0.0,1.0,4.33,3.25,1.91
0910,13/03/10,Napoli,Fiorentina,1.0,3.0,A,0.0,0.0,D,17.0,15.0,7.0,3.0,6.0,5.0,11.0,21.0,2.0,2.0,0.0,0.0,2.0,3.2,4.0
0910,14/03/10,Bologna,Sampdoria,1.0,1.0,D,0.0,0.0,D,7.0,10.0,2.0,2.0,6.0,4.0,26.0,15.0,0.0,1.0,0.0,0.0,2.5,3.0,3.0
0910,14/03/10,Genoa,Cagliari,5.0,3.0,H,4.0,2.0,H,18.0,13.0,10.0,6.0,11.0,4.0,19.0,12.0,3.0,3.0,0.0,0.0,1.8,3.5,4.5
0910,14/03/10,Juventus,Siena,3.0,3.0,D,3.0,1.0,H,10.0,16.0,6.0,6.0,2.0,6.0,25.0,24.0,2.0,4.0,0.0,0.0,1.36,4.5,9.0
0910,14/03/10,Lazio,Bari,0.0,2.0,A,0.0,0.0,D,24.0,5.0,8.0,3.0,6.0,2.0,16.0,18.0,2.0,2.0,0.0,0.0,1.83,3.3,4.75
0910,14/03/10,Livorno,Roma,3.0,3.0,D,2.0,3.0,A,13.0,14.0,4.0,5.0,2.0,1.0,23.0,30.0,4.0,5.0,0.0,0.0,4.75,3.4,1.8
0910,14/03/10,Milan,Chievo,1.0,0.0,H,0.0,0.0,D,19.0,11.0,6.0,4.0,8.0,2.0,13.0,22.0,1.0,5.0,0.0,0.0,1.4,4.33,8.5
0910,14/03/10,Parma,Atalanta,1.0,0.0,H,0.0,0.0,D,16.0,13.0,3.0,4.0,5.0,6.0,15.0,19.0,3.0,3.0,0.0,1.0,2.0,3.2,4.0
0910,14/03/10,Udinese,Palermo,3.0,2.0,H,1.0,0.0,H,24.0,13.0,11.0,4.0,4.0,7.0,13.0,15.0,1.0,2.0,0.0,0.0,2.3,3.2,3.2
0910,20/03/10,Fiorentina,Genoa,3.0,0.0,H,1.0,0.0,H,10.0,3.0,5.0,0.0,5.0,2.0,17.0,24.0,2.0,2.0,0.0,0.0,1.85,3.4,4.33
0910,20/03/10,Palermo,Inter,1.0,1.0,D,1.0,1.0,D,12.0,24.0,3.0,3.0,2.0,6.0,14.0,17.0,2.0,5.0,0.0,0.0,3.6,3.1,2.1
0910,20/03/10,Roma,Udinese,4.0,2.0,H,2.0,1.0,H,19.0,16.0,9.0,4.0,6.0,9.0,13.0,26.0,4.0,3.0,0.0,0.0,1.75,3.4,5.0
0910,21/03/10,Atalanta,Livorno,3.0,0.0,H,1.0,0.0,H,13.0,12.0,6.0,2.0,2.0,6.0,17.0,18.0,5.0,4.0,0.0,0.0,2.15,3.1,3.6
0910,21/03/10,Bari,Parma,1.0,1.0,D,0.0,1.0,A,12.0,7.0,2.0,3.0,9.0,3.0,24.0,19.0,2.0,4.0,0.0,0.0,2.0,3.1,4.1
0910,21/03/10,Cagliari,Lazio,0.0,2.0,A,0.0,2.0,A,4.0,20.0,1.0,6.0,3.0,4.0,13.0,15.0,4.0,3.0,0.0,0.0,2.15,3.2,3.5
0910,21/03/10,Chievo,Catania,1.0,1.0,D,0.0,0.0,D,11.0,6.0,7.0,4.0,4.0,1.0,17.0,11.0,0.0,2.0,0.0,0.0,3.0,1.8,5.0
0910,21/03/10,Milan,Napoli,1.0,1.0,D,1.0,1.0,D,12.0,14.0,6.0,6.0,8.0,4.0,14.0,21.0,2.0,3.0,0.0,0.0,1.57,3.6,6.5
0910,21/03/10,Sampdoria,Juventus,1.0,0.0,H,0.0,0.0,D,11.0,16.0,6.0,3.0,6.0,4.0,12.0,19.0,3.0,2.0,0.0,0.0,2.6,3.1,2.8
0910,21/03/10,Siena,Bologna,1.0,0.0,H,1.0,0.0,H,11.0,13.0,2.0,3.0,1.0,5.0,17.0,21.0,2.0,3.0,0.0,0.0,2.05,3.25,3.75
0910,24/03/10,Atalanta,Cagliari,3.0,1.0,H,0.0,0.0,D,21.0,8.0,11.0,1.0,4.0,2.0,22.0,18.0,2.0,3.0,0.0,1.0,1.85,3.3,4.4
0910,24/03/10,Bari,Sampdoria,2.0,1.0,H,0.0,1.0,A,9.0,5.0,4.0,3.0,10.0,2.0,16.0,12.0,1.0,3.0,0.0,0.0,2.5,3.1,2.9
0910,24/03/10,Bologna,Roma,0.0,2.0,A,0.0,0.0,D,9.0,17.0,1.0,6.0,5.0,4.0,26.0,23.0,4.0,2.0,0.0,0.0,4.5,3.3,1.83
0910,24/03/10,Catania,Fiorentina,1.0,0.0,H,1.0,0.0,H,7.0,22.0,4.0,2.0,3.0,11.0,10.0,12.0,2.0,1.0,0.0,0.0,3.0,3.0,2.5
0910,24/03/10,Genoa,Palermo,2.0,2.0,D,0.0,1.0,A,21.0,11.0,5.0,6.0,10.0,3.0,16.0,16.0,2.0,4.0,0.0,1.0,2.05,3.2,3.75
0910,24/03/10,Inter,Livorno,3.0,0.0,H,2.0,0.0,H,11.0,10.0,4.0,3.0,6.0,3.0,15.0,14.0,1.0,2.0,0.0,0.0,1.25,5.5,12.0
0910,24/03/10,Lazio,Siena,2.0,0.0,H,1.0,0.0,H,18.0,10.0,5.0,1.0,9.0,6.0,19.0,18.0,3.0,3.0,0.0,0.0,1.75,3.4,5.0
0910,24/03/10,Parma,Milan,1.0,0.0,H,0.0,0.0,D,11.0,10.0,4.0,2.0,5.0,4.0,9.0,16.0,1.0,2.0,0.0,1.0,5.0,3.25,1.8
0910,24/03/10,Udinese,Chievo,0.0,0.0,D,0.0,0.0,D,24.0,10.0,8.0,3.0,1.0,7.0,15.0,23.0,0.0,5.0,0.0,0.0,1.7,3.3,5.75
0910,25/03/10,Napoli,Juventus,3.0,1.0,H,0.0,1.0,A,14.0,6.0,6.0,3.0,10.0,3.0,18.0,22.0,2.0,3.0,0.0,0.0,2.45,3.0,3.1
0910,27/03/10,Palermo,Bologna,3.0,1.0,H,2.0,1.0,H,12.0,17.0,4.0,5.0,2.0,7.0,18.0,19.0,1.0,3.0,0.0,0.0,1.62,3.6,6.0
0910,27/03/10,Roma,Inter,2.0,1.0,H,1.0,0.0,H,17.0,16.0,4.0,3.0,3.0,4.0,16.0,26.0,3.0,7.0,0.0,0.0,2.75,3.1,2.63
0910,28/03/10,Chievo,Parma,0.0,0.0,D,0.0,0.0,D,10.0,10.0,3.0,3.0,4.0,4.0,19.0,21.0,2.0,2.0,0.0,0.0,2.88,1.83,5.0
0910,28/03/10,Fiorentina,Udinese,4.0,1.0,H,1.0,1.0,D,21.0,13.0,9.0,5.0,4.0,7.0,17.0,12.0,4.0,2.0,0.0,0.0,1.8,3.4,4.75
0910,28/03/10,Juventus,Atalanta,2.0,1.0,H,1.0,1.0,D,15.0,13.0,3.0,6.0,7.0,5.0,28.0,16.0,2.0,2.0,0.0,0.0,1.6,3.5,6.5
0910,28/03/10,Livorno,Bari,1.0,1.0,D,0.0,1.0,A,9.0,12.0,3.0,7.0,5.0,7.0,27.0,17.0,3.0,0.0,0.0,0.0,2.2,3.1,3.5
0910,28/03/10,Milan,Lazio,1.0,1.0,D,1.0,1.0,D,12.0,14.0,4.0,5.0,7.0,4.0,17.0,17.0,3.0,3.0,0.0,0.0,1.67,3.5,5.5
0910,28/03/10,Napoli,Catania,1.0,0.0,H,0.0,0.0,D,19.0,4.0,5.0,2.0,13.0,3.0,20.0,19.0,3.0,3.0,0.0,0.0,1.6,3.5,7.0
0910,28/03/10,Sampdoria,Cagliari,1.0,1.0,D,0.0,0.0,D,14.0,8.0,2.0,3.0,6.0,6.0,12.0,22.0,1.0,3.0,0.0,1.0,1.67,3.5,5.5
0910,28/03/10,Siena,Genoa,0.0,0.0,D,0.0,0.0,D,15.0,15.0,4.0,5.0,6.0,11.0,11.0,22.0,0.0,4.0,0.0,0.0,2.5,3.1,2.9
0910,03/04/10,Atalanta,Siena,2.0,0.0,H,1.0,0.0,H,17.0,11.0,4.0,1.0,3.0,6.0,24.0,19.0,2.0,3.0,0.0,0.0,1.67,3.6,5.25
0910,03/04/10,Bari,Roma,0.0,1.0,A,0.0,1.0,A,8.0,15.0,2.0,2.0,3.0,5.0,24.0,10.0,3.0,1.0,0.0,0.0,5.0,3.8,1.67
0910,03/04/10,Cagliari,Milan,2.0,3.0,A,2.0,3.0,A,16.0,9.0,6.0,3.0,7.0,0.0,12.0,16.0,2.0,2.0,0.0,0.0,4.33,3.6,1.8
0910,03/04/10,Catania,Palermo,2.0,0.0,H,2.0,0.0,H,16.0,21.0,5.0,6.0,6.0,12.0,15.0,10.0,1.0,2.0,0.0,0.0,3.2,2.0,3.5
0910,03/04/10,Chievo,Sampdoria,1.0,2.0,A,0.0,1.0,A,15.0,9.0,4.0,6.0,8.0,4.0,38.0,18.0,4.0,3.0,1.0,0.0,3.0,3.0,2.5
0910,03/04/10,Genoa,Livorno,1.0,1.0,D,0.0,0.0,D,6.0,16.0,3.0,3.0,4.0,6.0,18.0,21.0,3.0,2.0,0.0,0.0,1.5,4.0,6.5
0910,03/04/10,Inter,Bologna,3.0,0.0,H,1.0,0.0,H,25.0,10.0,10.0,1.0,2.0,4.0,11.0,13.0,1.0,1.0,0.0,0.0,1.29,5.0,11.0
0910,03/04/10,Lazio,Napoli,1.0,1.0,D,1.0,1.0,D,12.0,14.0,5.0,6.0,3.0,3.0,23.0,17.0,3.0,1.0,0.0,0.0,2.4,3.0,3.2
0910,03/04/10,Parma,Fiorentina,1.0,1.0,D,0.0,1.0,A,12.0,9.0,5.0,5.0,7.0,3.0,20.0,19.0,3.0,4.0,0.0,0.0,3.2,3.1,2.35
0910,03/04/10,Udinese,Juventus,3.0,0.0,H,1.0,0.0,H,12.0,18.0,9.0,6.0,5.0,5.0,14.0,16.0,4.0,2.0,0.0,0.0,2.63,3.1,2.8
0910,10/04/10,Fiorentina,Inter,2.0,2.0,D,1.0,0.0,H,11.0,21.0,5.0,4.0,8.0,4.0,21.0,10.0,5.0,2.0,0.0,0.0,3.6,3.2,2.1
0910,10/04/10,Napoli,Parma,2.0,3.0,A,1.0,0.0,H,16.0,11.0,9.0,6.0,6.0,5.0,19.0,23.0,2.0,5.0,1.0,0.0,1.53,3.75,7.0
0910,11/04/10,Bologna,Lazio,2.0,3.0,A,2.0,1.0,H,9.0,19.0,4.0,9.0,3.0,7.0,19.0,21.0,0.0,4.0,0.0,0.0,4.5,1.62,4.5
0910,11/04/10,Juventus,Cagliari,1.0,0.0,H,1.0,0.0,H,19.0,9.0,5.0,0.0,7.0,1.0,21.0,15.0,4.0,2.0,0.0,0.0,1.5,4.0,7.0
0910,11/04/10,Livorno,Udinese,0.0,2.0,A,0.0,2.0,A,17.0,11.0,4.0,5.0,6.0,3.0,21.0,17.0,3.0,0.0,0.0,0.0,3.1,3.1,2.4
0910,11/04/10,Milan,Catania,2.0,2.0,D,0.0,2.0,A,12.0,9.0,6.0,3.0,6.0,7.0,21.0,18.0,3.0,3.0,0.0,0.0,1.36,4.5,9.0
0910,11/04/10,Palermo,Chievo,3.0,1.0,H,2.0,1.0,H,18.0,14.0,10.0,4.0,8.0,7.0,21.0,16.0,3.0,4.0,0.0,0.0,1.44,4.0,8.0
0910,11/04/10,Roma,Atalanta,2.0,1.0,H,2.0,0.0,H,13.0,10.0,2.0,2.0,6.0,4.0,11.0,19.0,2.0,3.0,0.0,0.0,1.33,4.5,9.5
0910,11/04/10,Sampdoria,Genoa,1.0,0.0,H,1.0,0.0,H,6.0,8.0,2.0,0.0,4.0,6.0,16.0,29.0,3.0,6.0,0.0,0.0,2.2,3.2,3.5
0910,11/04/10,Siena,Bari,3.0,2.0,H,1.0,2.0,A,19.0,6.0,12.0,4.0,4.0,2.0,16.0,15.0,4.0,0.0,0.0,0.0,2.1,3.3,3.5
0910,16/04/10,Inter,Juventus,2.0,0.0,H,0.0,0.0,D,25.0,12.0,5.0,6.0,4.0,3.0,25.0,16.0,4.0,2.0,0.0,1.0,1.62,3.6,6.0
0910,17/04/10,Chievo,Livorno,2.0,0.0,H,1.0,0.0,H,14.0,10.0,6.0,1.0,8.0,4.0,13.0,16.0,2.0,2.0,0.0,0.0,1.4,4.5,8.0
0910,18/04/10,Atalanta,Fiorentina,2.0,1.0,H,1.0,0.0,H,17.0,13.0,7.0,3.0,9.0,9.0,8.0,11.0,2.0,1.0,0.0,1.0,2.35,3.3,3.0
0910,18/04/10,Bari,Napoli,1.0,2.0,A,0.0,1.0,A,9.0,9.0,4.0,5.0,0.0,1.0,26.0,16.0,3.0,3.0,0.0,0.0,3.0,3.1,2.4
0910,18/04/10,Cagliari,Palermo,2.0,2.0,D,1.0,0.0,H,15.0,16.0,6.0,8.0,5.0,8.0,18.0,18.0,2.0,2.0,0.0,0.0,3.25,3.2,2.25
0910,18/04/10,Catania,Siena,2.0,2.0,D,1.0,0.0,H,15.0,15.0,6.0,5.0,2.0,12.0,24.0,19.0,1.0,4.0,0.0,0.0,1.75,3.6,4.6
0910,18/04/10,Lazio,Roma,1.0,2.0,A,1.0,0.0,H,17.0,7.0,4.0,3.0,9.0,4.0,29.0,23.0,3.0,7.0,1.0,0.0,4.0,3.3,1.95
0910,18/04/10,Parma,Genoa,2.0,3.0,A,0.0,1.0,A,18.0,18.0,8.0,6.0,9.0,5.0,11.0,13.0,1.0,1.0,0.0,0.0,2.35,3.2,3.1
0910,18/04/10,Sampdoria,Milan,2.0,1.0,H,0.0,1.0,A,13.0,9.0,5.0,2.0,8.0,4.0,12.0,19.0,3.0,4.0,0.0,1.0,2.75,3.1,2.63
0910,18/04/10,Udinese,Bologna,1.0,1.0,D,0.0,1.0,A,19.0,10.0,6.0,0.0,10.0,6.0,17.0,27.0,5.0,4.0,0.0,0.0,2.1,2.0,9.5
0910,24/04/10,Inter,Atalanta,3.0,1.0,H,2.0,1.0,H,23.0,11.0,9.0,3.0,4.0,3.0,21.0,12.0,3.0,4.0,0.0,0.0,1.22,6.0,13.0
0910,24/04/10,Palermo,Milan,3.0,1.0,H,2.0,0.0,H,16.0,18.0,9.0,4.0,7.0,5.0,8.0,13.0,0.0,2.0,0.0,0.0,1.91,3.6,3.8
0910,25/04/10,Bologna,Parma,2.0,1.0,H,1.0,1.0,D,22.0,8.0,7.0,4.0,7.0,6.0,15.0,16.0,1.0,1.0,0.0,1.0,1.5,3.75,6.0
0910,25/04/10,Fiorentina,Chievo,0.0,2.0,A,0.0,0.0,D,29.0,8.0,7.0,5.0,6.0,1.0,7.0,21.0,0.0,4.0,0.0,0.0,1.5,3.75,6.0
0910,25/04/10,Genoa,Lazio,1.0,2.0,A,1.0,2.0,A,15.0,9.0,5.0,3.0,4.0,6.0,19.0,16.0,1.0,4.0,1.0,0.0,2.4,3.1,3.1
0910,25/04/10,Juventus,Bari,3.0,0.0,H,0.0,0.0,D,24.0,7.0,8.0,2.0,8.0,3.0,12.0,16.0,2.0,3.0,0.0,0.0,1.4,4.2,9.0
0910,25/04/10,Livorno,Catania,3.0,1.0,H,0.0,0.0,D,16.0,11.0,7.0,5.0,3.0,3.0,13.0,21.0,0.0,0.0,0.0,1.0,4.5,3.25,1.91
0910,25/04/10,Napoli,Cagliari,0.0,0.0,D,0.0,0.0,D,19.0,4.0,7.0,0.0,7.0,1.0,13.0,16.0,1.0,3.0,0.0,1.0,1.44,4.33,7.0
0910,25/04/10,Roma,Sampdoria,1.0,2.0,A,1.0,0.0,H,25.0,9.0,7.0,3.0,11.0,2.0,12.0,14.0,0.0,1.0,0.0,0.0,1.44,4.33,7.0
0910,25/04/10,Udinese,Siena,4.0,1.0,H,2.0,1.0,H,16.0,11.0,9.0,4.0,5.0,4.0,11.0,20.0,0.0,3.0,0.0,0.0,1.67,3.5,5.5
0910,01/05/10,Milan,Fiorentina,1.0,0.0,H,0.0,0.0,D,12.0,12.0,5.0,3.0,10.0,3.0,17.0,22.0,2.0,1.0,1.0,0.0,1.62,3.75,5.5
0910,01/05/10,Parma,Roma,1.0,2.0,A,0.0,1.0,A,11.0,10.0,4.0,4.0,10.0,3.0,30.0,12.0,3.0,3.0,1.0,0.0,6.0,4.0,1.53
0910,02/05/10,Atalanta,Bologna,1.0,1.0,D,1.0,0.0,H,12.0,7.0,3.0,2.0,5.0,4.0,16.0,20.0,5.0,2.0,1.0,0.0,1.8,3.5,4.5
0910,02/05/10,Bari,Genoa,3.0,0.0,H,0.0,0.0,D,16.0,9.0,4.0,2.0,4.0,4.0,12.0,13.0,1.0,2.0,0.0,0.0,3.5,1.83,4.0
0910,02/05/10,Cagliari,Udinese,2.0,2.0,D,1.0,2.0,A,9.0,12.0,7.0,4.0,2.0,4.0,12.0,10.0,0.0,1.0,0.0,0.0,4.0,1.62,4.75
0910,02/05/10,Catania,Juventus,1.0,1.0,D,1.0,0.0,H,10.0,22.0,6.0,5.0,1.0,7.0,19.0,22.0,1.0,5.0,0.0,0.0,3.6,3.5,2.0
0910,02/05/10,Chievo,Napoli,1.0,2.0,A,0.0,1.0,A,8.0,15.0,6.0,4.0,3.0,9.0,15.0,20.0,2.0,4.0,1.0,0.0,4.5,3.5,1.8
0910,02/05/10,Lazio,Inter,0.0,2.0,A,0.0,1.0,A,9.0,20.0,4.0,8.0,5.0,5.0,17.0,11.0,1.0,1.0,0.0,0.0,7.0,4.33,1.44
0910,02/05/10,Sampdoria,Livorno,2.0,0.0,H,1.0,0.0,H,15.0,8.0,3.0,1.0,6.0,3.0,8.0,20.0,1.0,1.0,0.0,0.0,1.13,7.5,21.0
0910,02/05/10,Siena,Palermo,1.0,2.0,A,0.0,1.0,A,19.0,10.0,6.0,5.0,10.0,7.0,17.0,11.0,0.0,2.0,0.0,0.0,7.0,4.33,1.44
0910,09/05/10,Bologna,Catania,1.0,1.0,D,1.0,0.0,H,6.0,6.0,4.0,3.0,3.0,0.0,12.0,7.0,1.0,0.0,0.0,0.0,,,
0910,09/05/10,Fiorentina,Siena,1.0,1.0,D,1.0,1.0,D,15.0,7.0,3.0,5.0,9.0,1.0,16.0,17.0,1.0,3.0,0.0,0.0,1.36,4.5,9.5
0910,09/05/10,Genoa,Milan,1.0,0.0,H,0.0,0.0,D,18.0,11.0,4.0,4.0,10.0,10.0,17.0,13.0,1.0,1.0,0.0,1.0,3.75,3.4,2.0
0910,09/05/10,Inter,Chievo,4.0,3.0,H,3.0,1.0,H,20.0,9.0,8.0,3.0,5.0,1.0,11.0,12.0,0.0,1.0,0.0,0.0,1.09,9.0,26.0
0910,09/05/10,Juventus,Parma,2.0,3.0,A,1.0,2.0,A,24.0,4.0,4.0,3.0,6.0,2.0,18.0,16.0,1.0,1.0,0.0,0.0,1.33,5.0,9.0
0910,09/05/10,Livorno,Lazio,1.0,2.0,A,1.0,2.0,A,10.0,12.0,2.0,5.0,6.0,2.0,16.0,12.0,3.0,1.0,0.0,0.0,7.0,3.6,1.55
0910,09/05/10,Napoli,Atalanta,2.0,0.0,H,1.0,0.0,H,11.0,10.0,4.0,1.0,8.0,5.0,20.0,13.0,3.0,3.0,0.0,0.0,1.44,4.33,7.0
0910,09/05/10,Palermo,Sampdoria,1.0,1.0,D,0.0,0.0,D,16.0,5.0,4.0,1.0,6.0,1.0,18.0,16.0,4.0,1.0,0.0,0.0,2.05,3.3,3.6
0910,09/05/10,Roma,Cagliari,2.0,1.0,H,0.0,0.0,D,31.0,6.0,11.0,2.0,10.0,0.0,9.0,12.0,2.0,3.0,0.0,0.0,1.13,8.5,17.0
0910,09/05/10,Udinese,Bari,3.0,3.0,D,2.0,2.0,D,13.0,15.0,6.0,5.0,8.0,3.0,11.0,13.0,2.0,2.0,0.0,0.0,1.8,3.0,5.75
0910,15/05/10,Lazio,Udinese,3.0,1.0,H,2.0,1.0,H,25.0,13.0,9.0,4.0,10.0,6.0,18.0,8.0,2.0,1.0,0.0,1.0,2.1,2.8,4.33
0910,15/05/10,Milan,Juventus,3.0,0.0,H,2.0,0.0,H,11.0,24.0,5.0,6.0,4.0,8.0,11.0,15.0,2.0,2.0,0.0,0.0,2.0,3.4,3.6
0910,16/05/10,Atalanta,Palermo,1.0,2.0,A,0.0,1.0,A,26.0,18.0,7.0,9.0,5.0,8.0,12.0,14.0,1.0,1.0,0.0,0.0,6.0,4.0,1.53
0910,16/05/10,Bari,Fiorentina,2.0,0.0,H,1.0,0.0,H,15.0,19.0,6.0,7.0,8.0,5.0,16.0,13.0,2.0,3.0,0.0,1.0,2.2,3.1,3.5
0910,16/05/10,Cagliari,Bologna,1.0,1.0,D,0.0,1.0,A,11.0,9.0,4.0,4.0,6.0,1.0,9.0,11.0,0.0,1.0,0.0,0.0,1.62,3.25,7.0
0910,16/05/10,Catania,Genoa,1.0,0.0,H,0.0,0.0,D,22.0,17.0,5.0,4.0,10.0,3.0,12.0,16.0,1.0,1.0,0.0,1.0,1.53,3.75,7.0
0910,16/05/10,Chievo,Roma,0.0,2.0,A,0.0,2.0,A,9.0,16.0,2.0,6.0,8.0,5.0,8.0,9.0,1.0,0.0,0.0,0.0,7.5,4.5,1.4
0910,16/05/10,Parma,Livorno,4.0,1.0,H,1.0,0.0,H,25.0,28.0,10.0,12.0,4.0,8.0,12.0,10.0,1.0,0.0,0.0,0.0,1.4,4.5,8.0
0910,16/05/10,Sampdoria,Napoli,1.0,0.0,H,0.0,0.0,D,15.0,9.0,5.0,5.0,5.0,9.0,16.0,23.0,1.0,4.0,0.0,0.0,1.29,5.5,9.5
0910,16/05/10,Siena,Inter,0.0,1.0,A,0.0,0.0,D,6.0,26.0,2.0,6.0,5.0,9.0,12.0,8.0,4.0,2.0,0.0,0.0,21.0,9.0,1.1
1011,28/08/10,Roma,Cesena,0.0,0.0,D,0.0,0.0,D,24.0,13.0,5.0,3.0,10.0,8.0,11.0,17.0,3.0,3.0,0.0,0.0,1.29,4.75,13.0
1011,28/08/10,Udinese,Genoa,0.0,1.0,A,0.0,0.0,D,14.0,9.0,6.0,4.0,9.0,3.0,12.0,15.0,2.0,3.0,0.0,0.0,2.4,3.1,3.1
1011,29/08/10,Bari,Juventus,1.0,0.0,H,1.0,0.0,H,20.0,18.0,5.0,2.0,7.0,4.0,14.0,12.0,1.0,2.0,0.0,0.0,4.33,3.25,1.91
1011,29/08/10,Chievo,Catania,2.0,1.0,H,1.0,1.0,D,11.0,11.0,7.0,4.0,4.0,4.0,18.0,18.0,0.0,2.0,0.0,0.0,2.2,3.1,3.5
1011,29/08/10,Fiorentina,Napoli,1.0,1.0,D,0.0,1.0,A,19.0,12.0,8.0,2.0,7.0,6.0,18.0,16.0,2.0,4.0,1.0,1.0,2.3,3.1,3.3
1011,29/08/10,Milan,Lecce,4.0,0.0,H,3.0,0.0,H,26.0,13.0,13.0,3.0,6.0,3.0,16.0,13.0,0.0,1.0,0.0,0.0,1.33,4.5,11.0
1011,29/08/10,Palermo,Cagliari,0.0,0.0,D,0.0,0.0,D,13.0,14.0,4.0,3.0,8.0,1.0,12.0,20.0,0.0,3.0,0.0,0.0,1.73,3.25,5.5
1011,29/08/10,Parma,Brescia,2.0,0.0,H,2.0,0.0,H,18.0,14.0,9.0,3.0,3.0,6.0,24.0,14.0,0.0,3.0,0.0,0.0,1.83,3.25,4.75
1011,29/08/10,Sampdoria,Lazio,2.0,0.0,H,0.0,0.0,D,11.0,18.0,4.0,1.0,3.0,5.0,9.0,24.0,1.0,4.0,0.0,0.0,2.1,3.1,3.75
1011,30/08/10,Bologna,Inter,0.0,0.0,D,0.0,0.0,D,9.0,22.0,3.0,7.0,2.0,7.0,20.0,16.0,3.0,2.0,0.0,0.0,6.25,3.5,1.62
1011,11/09/10,Cagliari,Roma,5.0,1.0,H,3.0,1.0,H,12.0,17.0,7.0,6.0,4.0,9.0,23.0,9.0,3.0,2.0,0.0,1.0,3.25,3.1,2.3
1011,11/09/10,Cesena,Milan,2.0,0.0,H,2.0,0.0,H,17.0,19.0,4.0,5.0,9.0,12.0,14.0,12.0,0.0,1.0,0.0,0.0,7.0,3.75,1.53
1011,11/09/10,Inter,Udinese,2.0,1.0,H,1.0,1.0,D,17.0,14.0,6.0,4.0,6.0,3.0,17.0,19.0,2.0,3.0,0.0,0.0,1.4,4.33,8.5
1011,12/09/10,Brescia,Palermo,3.0,2.0,H,3.0,1.0,H,17.0,23.0,6.0,11.0,2.0,6.0,17.0,17.0,2.0,2.0,0.0,0.0,3.25,3.1,2.3
1011,12/09/10,Catania,Parma,2.0,1.0,H,1.0,0.0,H,10.0,16.0,3.0,4.0,5.0,10.0,14.0,17.0,1.0,5.0,0.0,1.0,2.25,3.1,3.4
1011,12/09/10,Genoa,Chievo,1.0,3.0,A,1.0,1.0,D,14.0,12.0,7.0,8.0,9.0,6.0,10.0,20.0,1.0,0.0,0.0,0.0,1.7,3.5,5.25
1011,12/09/10,Juventus,Sampdoria,3.0,3.0,D,1.0,1.0,D,25.0,11.0,10.0,5.0,4.0,3.0,14.0,13.0,1.0,0.0,0.0,0.0,1.8,3.5,4.5
1011,12/09/10,Lazio,Bologna,3.0,1.0,H,0.0,0.0,D,15.0,14.0,7.0,1.0,7.0,4.0,14.0,23.0,1.0,1.0,0.0,0.0,1.73,3.4,5.25
1011,12/09/10,Lecce,Fiorentina,1.0,0.0,H,1.0,0.0,H,9.0,11.0,4.0,3.0,3.0,3.0,21.0,15.0,2.0,1.0,0.0,0.0,3.5,3.1,2.2
1011,12/09/10,Napoli,Bari,2.0,2.0,D,1.0,1.0,D,19.0,12.0,6.0,8.0,12.0,4.0,7.0,12.0,1.0,4.0,0.0,0.0,1.73,3.4,5.25
1011,18/09/10,Fiorentina,Lazio,1.0,2.0,A,1.0,1.0,D,18.0,15.0,4.0,6.0,8.0,1.0,26.0,10.0,1.0,1.0,0.0,0.0,2.05,3.25,3.75
1011,18/09/10,Milan,Catania,1.0,1.0,D,1.0,1.0,D,12.0,14.0,3.0,6.0,8.0,2.0,11.0,17.0,2.0,2.0,0.0,0.0,1.3,4.75,11.0
1011,19/09/10,Bari,Cagliari,0.0,0.0,D,0.0,0.0,D,10.0,7.0,0.0,1.0,3.0,1.0,11.0,9.0,1.0,1.0,0.0,0.0,1.95,3.3,4.0
1011,19/09/10,Cesena,Lecce,1.0,0.0,H,0.0,0.0,D,10.0,14.0,4.0,2.0,8.0,3.0,13.0,18.0,1.0,3.0,1.0,1.0,2.0,3.25,3.9
1011,19/09/10,Chievo,Brescia,0.0,1.0,A,0.0,1.0,A,14.0,13.0,1.0,5.0,6.0,5.0,22.0,17.0,3.0,1.0,0.0,0.0,1.91,3.3,4.2
1011,19/09/10,Palermo,Inter,1.0,2.0,A,1.0,0.0,H,16.0,21.0,5.0,6.0,5.0,7.0,11.0,6.0,2.0,0.0,0.0,0.0,3.3,3.25,2.2
1011,19/09/10,Parma,Genoa,1.0,1.0,D,0.0,1.0,A,14.0,7.0,3.0,3.0,4.0,2.0,15.0,29.0,2.0,5.0,0.0,0.0,2.35,3.2,3.1
1011,19/09/10,Roma,Bologna,2.0,2.0,D,1.0,0.0,H,17.0,21.0,4.0,5.0,10.0,6.0,14.0,17.0,1.0,4.0,0.0,0.0,1.4,4.33,8.0
1011,19/09/10,Sampdoria,Napoli,1.0,2.0,A,0.0,0.0,D,10.0,15.0,2.0,3.0,4.0,11.0,15.0,23.0,3.0,6.0,0.0,0.0,2.25,3.2,3.25
1011,19/09/10,Udinese,Juventus,0.0,4.0,A,0.0,3.0,A,12.0,19.0,4.0,9.0,6.0,8.0,19.0,26.0,0.0,4.0,0.0,0.0,3.0,3.2,2.4
1011,22/09/10,Bologna,Udinese,2.0,1.0,H,1.0,1.0,D,13.0,16.0,4.0,7.0,4.0,6.0,17.0,24.0,2.0,3.0,0.0,0.0,2.5,3.1,2.9
1011,22/09/10,Brescia,Roma,2.0,1.0,H,1.0,0.0,H,6.0,24.0,3.0,8.0,2.0,9.0,23.0,20.0,1.0,3.0,0.0,1.0,3.6,3.2,2.1
1011,22/09/10,Cagliari,Sampdoria,0.0,0.0,D,0.0,0.0,D,9.0,8.0,3.0,2.0,3.0,1.0,21.0,15.0,2.0,1.0,0.0,0.0,2.4,3.1,3.1
1011,22/09/10,Catania,Cesena,2.0,0.0,H,1.0,0.0,H,14.0,10.0,3.0,2.0,4.0,2.0,14.0,18.0,3.0,3.0,0.0,0.0,2.05,3.1,3.9
1011,22/09/10,Genoa,Fiorentina,1.0,1.0,D,1.0,1.0,D,18.0,8.0,8.0,4.0,5.0,0.0,17.0,16.0,3.0,2.0,0.0,0.0,2.2,3.1,3.4
1011,22/09/10,Inter,Bari,4.0,0.0,H,1.0,0.0,H,18.0,10.0,4.0,3.0,5.0,5.0,9.0,14.0,1.0,1.0,0.0,0.0,1.4,4.5,7.5
1011,22/09/10,Lazio,Milan,1.0,1.0,D,0.0,0.0,D,11.0,13.0,6.0,3.0,5.0,9.0,12.0,17.0,0.0,1.0,0.0,0.0,3.5,3.1,2.2
1011,22/09/10,Lecce,Parma,1.0,1.0,D,1.0,0.0,H,13.0,11.0,5.0,4.0,5.0,3.0,25.0,10.0,0.0,1.0,0.0,0.0,2.5,3.0,3.0
1011,22/09/10,Napoli,Chievo,1.0,3.0,A,1.0,1.0,D,18.0,16.0,6.0,6.0,7.0,6.0,13.0,13.0,1.0,1.0,0.0,0.0,1.67,3.4,5.75
1011,23/09/10,Juventus,Palermo,1.0,3.0,A,0.0,1.0,A,27.0,11.0,9.0,8.0,10.0,2.0,13.0,17.0,1.0,3.0,0.0,0.0,1.73,3.5,5.0
1011,25/09/10,Milan,Genoa,1.0,0.0,H,0.0,0.0,D,13.0,8.0,5.0,2.0,1.0,5.0,17.0,18.0,1.0,2.0,0.0,0.0,1.67,3.5,5.5
1011,25/09/10,Roma,Inter,1.0,0.0,H,0.0,0.0,D,17.0,25.0,4.0,4.0,4.0,6.0,19.0,17.0,4.0,4.0,0.0,0.0,3.4,3.2,2.2
1011,26/09/10,Bari,Brescia,2.0,1.0,H,1.0,1.0,D,15.0,14.0,8.0,5.0,6.0,3.0,20.0,18.0,1.0,4.0,0.0,0.0,1.91,3.2,4.33
1011,26/09/10,Catania,Bologna,1.0,1.0,D,0.0,1.0,A,16.0,5.0,4.0,3.0,9.0,2.0,13.0,21.0,1.0,3.0,0.0,0.0,1.91,3.25,4.33
1011,26/09/10,Cesena,Napoli,1.0,4.0,A,0.0,0.0,D,11.0,21.0,2.0,11.0,3.0,14.0,14.0,23.0,2.0,0.0,0.0,0.0,3.0,3.0,2.5
1011,26/09/10,Chievo,Lazio,0.0,1.0,A,0.0,0.0,D,7.0,15.0,1.0,4.0,7.0,6.0,19.0,11.0,5.0,3.0,0.0,0.0,2.5,3.0,3.0
1011,26/09/10,Fiorentina,Parma,2.0,0.0,H,0.0,0.0,D,17.0,7.0,8.0,2.0,4.0,5.0,17.0,21.0,1.0,4.0,0.0,0.0,1.95,3.2,4.2
1011,26/09/10,Juventus,Cagliari,4.0,2.0,H,2.0,1.0,H,15.0,12.0,6.0,4.0,4.0,5.0,18.0,17.0,3.0,0.0,0.0,0.0,1.6,3.6,6.0
1011,26/09/10,Palermo,Lecce,2.0,2.0,D,0.0,1.0,A,19.0,10.0,10.0,3.0,10.0,4.0,13.0,29.0,2.0,4.0,0.0,1.0,1.53,3.5,6.5
1011,26/09/10,Sampdoria,Udinese,0.0,0.0,D,0.0,0.0,D,7.0,13.0,2.0,2.0,7.0,2.0,14.0,18.0,1.0,2.0,0.0,0.0,1.75,3.3,4.5
1011,02/10/10,Parma,Milan,0.0,1.0,A,0.0,1.0,A,7.0,18.0,3.0,10.0,4.0,5.0,15.0,22.0,2.0,5.0,0.0,0.0,3.8,3.3,2.0
1011,02/10/10,Udinese,Cesena,1.0,0.0,H,0.0,0.0,D,18.0,3.0,6.0,0.0,8.0,1.0,17.0,22.0,2.0,2.0,0.0,0.0,1.75,3.5,4.75
1011,03/10/10,Bologna,Sampdoria,1.0,1.0,D,0.0,1.0,A,18.0,10.0,6.0,4.0,7.0,5.0,16.0,17.0,2.0,1.0,0.0,0.0,2.6,3.1,2.8
1011,03/10/10,Chievo,Cagliari,0.0,0.0,D,0.0,0.0,D,21.0,8.0,4.0,3.0,13.0,3.0,17.0,15.0,4.0,2.0,0.0,0.0,2.25,3.1,3.4
1011,03/10/10,Fiorentina,Palermo,1.0,2.0,A,0.0,2.0,A,18.0,14.0,6.0,6.0,7.0,4.0,11.0,13.0,1.0,1.0,1.0,0.0,2.0,3.25,3.9
1011,03/10/10,Genoa,Bari,2.0,1.0,H,1.0,0.0,H,29.0,7.0,7.0,3.0,4.0,0.0,12.0,16.0,2.0,3.0,1.0,0.0,1.91,3.25,4.33
1011,03/10/10,Inter,Juventus,0.0,0.0,D,0.0,0.0,D,20.0,16.0,4.0,8.0,13.0,9.0,11.0,13.0,1.0,2.0,0.0,0.0,1.75,3.4,5.0
1011,03/10/10,Lazio,Brescia,1.0,0.0,H,1.0,0.0,H,23.0,8.0,8.0,2.0,7.0,5.0,11.0,16.0,1.0,1.0,0.0,1.0,1.67,3.5,5.5
1011,03/10/10,Lecce,Catania,1.0,0.0,H,1.0,0.0,H,4.0,9.0,3.0,1.0,3.0,7.0,23.0,15.0,1.0,0.0,0.0,0.0,2.38,3.1,3.1
1011,03/10/10,Napoli,Roma,2.0,0.0,H,0.0,0.0,D,16.0,15.0,6.0,2.0,7.0,5.0,22.0,9.0,4.0,2.0,0.0,0.0,2.4,3.1,3.1
1011,16/10/10,Milan,Chievo,3.0,1.0,H,2.0,0.0,H,14.0,18.0,11.0,7.0,4.0,8.0,10.0,13.0,1.0,3.0,0.0,0.0,1.44,4.0,8.0
1011,16/10/10,Roma,Genoa,2.0,1.0,H,1.0,0.0,H,11.0,12.0,4.0,2.0,4.0,6.0,20.0,26.0,1.0,3.0,0.0,0.0,1.91,3.25,4.33
1011,17/10/10,Bari,Lazio,0.0,2.0,A,0.0,0.0,D,16.0,8.0,5.0,3.0,6.0,1.0,15.0,5.0,2.0,0.0,0.0,0.0,2.7,3.0,2.8
1011,17/10/10,Brescia,Udinese,0.0,1.0,A,0.0,0.0,D,18.0,6.0,5.0,1.0,8.0,5.0,18.0,19.0,2.0,1.0,0.0,0.0,2.7,3.0,2.8
1011,17/10/10,Cagliari,Inter,0.0,1.0,A,0.0,1.0,A,11.0,21.0,3.0,4.0,5.0,9.0,8.0,16.0,3.0,1.0,0.0,0.0,4.0,3.2,2.0
1011,17/10/10,Catania,Napoli,1.0,1.0,D,0.0,1.0,A,16.0,8.0,6.0,2.0,13.0,5.0,13.0,18.0,1.0,2.0,0.0,1.0,2.88,3.0,2.63
1011,17/10/10,Cesena,Parma,1.0,1.0,D,1.0,1.0,D,7.0,10.0,3.0,2.0,5.0,7.0,17.0,13.0,2.0,3.0,0.0,0.0,2.5,3.0,3.0
1011,17/10/10,Juventus,Lecce,4.0,0.0,H,3.0,0.0,H,12.0,10.0,5.0,3.0,2.0,5.0,12.0,19.0,0.0,5.0,0.0,0.0,1.36,4.5,9.0
1011,17/10/10,Palermo,Bologna,4.0,1.0,H,2.0,0.0,H,29.0,6.0,11.0,2.0,9.0,6.0,14.0,10.0,2.0,4.0,0.0,0.0,1.62,3.6,6.0
1011,17/10/10,Sampdoria,Fiorentina,2.0,1.0,H,0.0,1.0,A,15.0,7.0,6.0,2.0,6.0,5.0,13.0,21.0,4.0,4.0,0.0,0.0,2.1,3.2,3.6
1011,23/10/10,Fiorentina,Bari,2.0,1.0,H,1.0,0.0,H,15.0,9.0,7.0,2.0,3.0,7.0,9.0,12.0,4.0,2.0,0.0,0.0,1.75,3.4,5.0
1011,24/10/10,Bologna,Juventus,0.0,0.0,D,0.0,0.0,D,6.0,21.0,1.0,5.0,2.0,6.0,20.0,15.0,3.0,1.0,0.0,0.0,4.2,3.5,1.85
1011,24/10/10,Chievo,Cesena,2.0,1.0,H,1.0,1.0,D,16.0,14.0,12.0,5.0,10.0,8.0,12.0,16.0,3.0,1.0,0.0,1.0,1.85,3.25,4.6
1011,24/10/10,Genoa,Catania,1.0,0.0,H,0.0,0.0,D,11.0,10.0,4.0,3.0,2.0,3.0,24.0,21.0,2.0,3.0,0.0,0.0,1.8,3.2,5.0
1011,24/10/10,Inter,Sampdoria,1.0,1.0,D,0.0,0.0,D,21.0,8.0,7.0,3.0,9.0,1.0,14.0,13.0,0.0,5.0,0.0,0.0,1.57,3.75,6.0
1011,24/10/10,Lazio,Cagliari,2.0,1.0,H,1.0,0.0,H,17.0,10.0,4.0,4.0,4.0,3.0,18.0,15.0,0.0,3.0,0.0,0.0,1.73,3.5,5.0
1011,24/10/10,Lecce,Brescia,2.0,1.0,H,0.0,1.0,A,19.0,15.0,6.0,7.0,5.0,8.0,20.0,12.0,3.0,3.0,0.0,0.0,2.38,2.88,3.4
1011,24/10/10,Parma,Roma,0.0,0.0,D,0.0,0.0,D,11.0,17.0,1.0,1.0,7.0,6.0,15.0,13.0,4.0,3.0,0.0,0.0,3.0,3.2,2.38
1011,24/10/10,Udinese,Palermo,2.0,1.0,H,1.0,0.0,H,17.0,20.0,7.0,7.0,6.0,4.0,14.0,17.0,2.0,5.0,1.0,0.0,2.38,3.0,3.2
1011,25/10/10,Napoli,Milan,1.0,2.0,A,0.0,1.0,A,18.0,16.0,5.0,9.0,8.0,6.0,10.0,19.0,1.0,4.0,1.0,0.0,2.9,3.1,2.5
1011,29/10/10,Genoa,Inter,0.0,1.0,A,0.0,1.0,A,17.0,11.0,6.0,5.0,5.0,5.0,10.0,9.0,2.0,2.0,0.0,0.0,4.0,3.2,2.0
1011,30/10/10,Milan,Juventus,1.0,2.0,A,0.0,1.0,A,23.0,10.0,5.0,6.0,8.0,1.0,14.0,19.0,2.0,2.0,0.0,0.0,1.85,3.3,4.5
1011,30/10/10,Roma,Lecce,2.0,0.0,H,0.0,0.0,D,24.0,14.0,10.0,2.0,11.0,5.0,10.0,16.0,2.0,1.0,1.0,1.0,1.36,4.6,8.5
1011,31/10/10,Bari,Udinese,0.0,2.0,A,0.0,1.0,A,16.0,10.0,2.0,6.0,7.0,2.0,15.0,11.0,2.0,2.0,0.0,0.0,2.55,3.1,2.88
1011,31/10/10,Brescia,Napoli,0.0,1.0,A,0.0,0.0,D,13.0,22.0,2.0,5.0,6.0,7.0,12.0,13.0,1.0,1.0,0.0,0.0,3.2,3.0,2.4
1011,31/10/10,Cagliari,Bologna,2.0,0.0,H,0.0,0.0,D,15.0,7.0,6.0,2.0,5.0,5.0,27.0,20.0,0.0,4.0,0.0,0.0,1.85,3.4,4.33
1011,31/10/10,Catania,Fiorentina,0.0,0.0,D,0.0,0.0,D,16.0,9.0,3.0,3.0,5.0,3.0,11.0,17.0,1.0,2.0,0.0,0.0,2.63,3.1,2.75
1011,31/10/10,Cesena,Sampdoria,0.0,1.0,A,0.0,0.0,D,12.0,15.0,4.0,3.0,12.0,5.0,17.0,17.0,2.0,1.0,0.0,0.0,3.2,3.0,2.4
1011,31/10/10,Palermo,Lazio,0.0,1.0,A,0.0,1.0,A,28.0,7.0,8.0,3.0,7.0,5.0,19.0,16.0,2.0,2.0,0.0,1.0,2.2,3.2,3.4
1011,31/10/10,Parma,Chievo,0.0,0.0,D,0.0,0.0,D,16.0,16.0,4.0,4.0,8.0,10.0,12.0,17.0,1.0,1.0,1.0,1.0,2.1,3.2,3.6
1011,06/11/10,Bologna,Lecce,2.0,0.0,H,0.0,0.0,D,18.0,13.0,5.0,4.0,3.0,1.0,12.0,13.0,0.0,3.0,0.0,0.0,1.91,3.25,4.33
1011,06/11/10,Inter,Brescia,1.0,1.0,D,0.0,1.0,A,32.0,12.0,6.0,4.0,6.0,3.0,12.0,8.0,1.0,3.0,0.0,0.0,1.25,5.0,15.0
1011,07/11/10,Bari,Milan,2.0,3.0,A,0.0,2.0,A,8.0,10.0,3.0,6.0,4.0,2.0,16.0,17.0,1.0,1.0,0.0,0.0,4.33,3.25,1.91
1011,07/11/10,Fiorentina,Chievo,1.0,0.0,H,0.0,0.0,D,19.0,12.0,7.0,5.0,5.0,7.0,15.0,18.0,1.0,2.0,0.0,0.0,1.73,3.5,5.0
1011,07/11/10,Juventus,Cesena,3.0,1.0,H,2.0,1.0,H,20.0,10.0,8.0,2.0,7.0,3.0,14.0,11.0,2.0,2.0,0.0,1.0,1.36,4.5,9.0
1011,07/11/10,Lazio,Roma,0.0,2.0,A,0.0,0.0,D,15.0,21.0,2.0,6.0,3.0,7.0,16.0,14.0,4.0,3.0,0.0,0.0,2.5,3.1,2.9
1011,07/11/10,Napoli,Parma,2.0,0.0,H,1.0,0.0,H,11.0,6.0,5.0,1.0,4.0,7.0,13.0,14.0,2.0,1.0,0.0,0.0,1.62,3.75,5.5
1011,07/11/10,Palermo,Genoa,1.0,0.0,H,1.0,0.0,H,17.0,17.0,4.0,7.0,10.0,4.0,8.0,13.0,1.0,0.0,0.0,0.0,2.0,3.2,4.0
1011,07/11/10,Sampdoria,Catania,0.0,0.0,D,0.0,0.0,D,11.0,10.0,4.0,2.0,10.0,6.0,14.0,21.0,1.0,2.0,0.0,0.0,1.83,3.4,4.5
1011,07/11/10,Udinese,Cagliari,1.0,1.0,D,1.0,1.0,D,20.0,6.0,6.0,3.0,4.0,7.0,15.0,21.0,1.0,3.0,0.0,0.0,1.85,3.3,4.5
1011,10/11/10,Brescia,Juventus,1.0,1.0,D,0.0,0.0,D,14.0,9.0,4.0,4.0,6.0,2.0,14.0,19.0,2.0,3.0,0.0,0.0,4.75,3.3,1.8
1011,10/11/10,Cagliari,Napoli,0.0,1.0,A,0.0,0.0,D,5.0,11.0,2.0,7.0,2.0,4.0,19.0,17.0,4.0,2.0,0.0,0.0,2.5,3.1,2.9
1011,10/11/10,Catania,Udinese,1.0,0.0,H,0.0,0.0,D,9.0,12.0,2.0,0.0,6.0,5.0,19.0,17.0,1.0,3.0,1.0,1.0,2.6,3.1,2.8
1011,10/11/10,Cesena,Lazio,1.0,0.0,H,0.0,0.0,D,11.0,9.0,4.0,1.0,6.0,3.0,15.0,13.0,2.0,1.0,0.0,0.0,3.5,3.1,2.2
1011,10/11/10,Chievo,Bari,0.0,0.0,D,0.0,0.0,D,9.0,6.0,1.0,3.0,8.0,3.0,16.0,10.0,3.0,1.0,0.0,0.0,2.05,3.2,3.75
1011,10/11/10,Genoa,Bologna,1.0,0.0,H,0.0,0.0,D,19.0,6.0,4.0,3.0,11.0,3.0,14.0,17.0,1.0,3.0,0.0,0.0,1.73,3.5,5.0
1011,10/11/10,Lecce,Inter,1.0,1.0,D,0.0,0.0,D,6.0,14.0,3.0,5.0,3.0,7.0,20.0,9.0,3.0,1.0,0.0,0.0,5.5,3.3,1.73
1011,10/11/10,Milan,Palermo,3.0,1.0,H,1.0,0.0,H,17.0,19.0,4.0,8.0,5.0,11.0,17.0,5.0,1.0,1.0,0.0,0.0,1.57,3.6,6.5
1011,10/11/10,Roma,Fiorentina,3.0,2.0,H,1.0,0.0,H,22.0,9.0,8.0,4.0,6.0,5.0,9.0,11.0,1.0,3.0,0.0,0.0,1.83,3.4,4.5
1011,11/11/10,Parma,Sampdoria,1.0,0.0,H,0.0,0.0,D,21.0,10.0,6.0,3.0,10.0,0.0,24.0,14.0,1.0,3.0,0.0,0.0,2.38,3.1,3.1
1011,13/11/10,Fiorentina,Cesena,1.0,0.0,H,0.0,0.0,D,14.0,11.0,3.0,1.0,5.0,8.0,12.0,19.0,2.0,1.0,0.0,0.0,1.44,4.0,8.0
1011,13/11/10,Juventus,Roma,1.0,1.0,D,1.0,1.0,D,14.0,12.0,3.0,2.0,2.0,5.0,12.0,7.0,1.0,3.0,0.0,0.0,2.2,3.2,3.4
1011,14/11/10,Bari,Parma,0.0,1.0,A,0.0,1.0,A,18.0,9.0,4.0,2.0,6.0,2.0,22.0,18.0,1.0,2.0,2.0,0.0,2.3,3.2,3.1
1011,14/11/10,Bologna,Brescia,1.0,0.0,H,0.0,0.0,D,5.0,12.0,2.0,3.0,4.0,6.0,18.0,12.0,1.0,2.0,1.0,0.0,2.05,3.25,3.75
1011,14/11/10,Cagliari,Genoa,0.0,1.0,A,0.0,0.0,D,15.0,12.0,5.0,4.0,7.0,5.0,13.0,17.0,1.0,0.0,0.0,0.0,2.2,3.2,3.3
1011,14/11/10,Inter,Milan,0.0,1.0,A,0.0,1.0,A,9.0,8.0,2.0,1.0,4.0,4.0,13.0,21.0,1.0,3.0,0.0,1.0,2.6,3.2,2.75
1011,14/11/10,Lazio,Napoli,2.0,0.0,H,1.0,0.0,H,16.0,15.0,6.0,1.0,5.0,6.0,11.0,16.0,1.0,3.0,0.0,0.0,2.1,3.25,3.5
1011,14/11/10,Palermo,Catania,3.0,1.0,H,1.0,0.0,H,16.0,16.0,8.0,6.0,6.0,4.0,19.0,21.0,2.0,1.0,0.0,0.0,1.8,3.3,5.0
1011,14/11/10,Sampdoria,Chievo,0.0,0.0,D,0.0,0.0,D,9.0,15.0,3.0,3.0,5.0,7.0,12.0,24.0,1.0,3.0,0.0,0.0,1.91,3.3,4.2
1011,14/11/10,Udinese,Lecce,4.0,0.0,H,3.0,0.0,H,18.0,16.0,7.0,3.0,7.0,7.0,10.0,16.0,0.0,1.0,0.0,0.0,1.6,3.6,6.0
1011,20/11/10,Milan,Fiorentina,1.0,0.0,H,1.0,0.0,H,18.0,10.0,6.0,6.0,7.0,2.0,14.0,10.0,2.0,0.0,0.0,1.0,1.57,3.75,6.0
1011,20/11/10,Roma,Udinese,2.0,0.0,H,1.0,0.0,H,13.0,25.0,5.0,6.0,6.0,6.0,23.0,18.0,2.0,2.0,1.0,0.0,1.8,3.25,5.0
1011,21/11/10,Brescia,Cagliari,1.0,2.0,A,1.0,0.0,H,16.0,14.0,6.0,7.0,7.0,2.0,20.0,15.0,3.0,4.0,0.0,0.0,2.2,3.1,3.5
1011,21/11/10,Catania,Bari,1.0,0.0,H,0.0,0.0,D,16.0,7.0,6.0,0.0,11.0,2.0,15.0,19.0,2.0,4.0,1.0,0.0,1.57,3.6,6.5
1011,21/11/10,Cesena,Palermo,1.0,2.0,A,1.0,1.0,D,16.0,20.0,8.0,6.0,7.0,6.0,14.0,10.0,2.0,0.0,0.0,0.0,3.5,3.1,2.2
1011,21/11/10,Chievo,Inter,2.0,1.0,H,1.0,0.0,H,17.0,24.0,5.0,7.0,6.0,7.0,15.0,12.0,3.0,2.0,0.0,0.0,4.2,3.2,1.95
1011,21/11/10,Genoa,Juventus,0.0,2.0,A,0.0,2.0,A,14.0,12.0,4.0,4.0,11.0,2.0,16.0,12.0,5.0,2.0,0.0,0.0,2.8,3.0,2.7
1011,21/11/10,Lecce,Sampdoria,2.0,3.0,A,0.0,2.0,A,16.0,13.0,7.0,6.0,9.0,7.0,17.0,12.0,3.0,3.0,1.0,0.0,3.0,3.0,2.5
1011,21/11/10,Napoli,Bologna,4.0,1.0,H,2.0,0.0,H,17.0,13.0,12.0,3.0,4.0,7.0,20.0,7.0,0.0,0.0,0.0,0.0,1.5,3.75,7.5
1011,21/11/10,Parma,Lazio,1.0,1.0,D,1.0,1.0,D,14.0,24.0,4.0,5.0,8.0,5.0,16.0,11.0,0.0,0.0,0.0,0.0,2.63,3.0,2.88
1011,27/11/10,Juventus,Fiorentina,1.0,1.0,D,0.0,1.0,A,24.0,9.0,6.0,1.0,9.0,6.0,10.0,18.0,3.0,2.0,0.0,1.0,1.67,3.6,5.5
1011,27/11/10,Sampdoria,Milan,1.0,1.0,D,0.0,1.0,A,7.0,19.0,4.0,9.0,6.0,10.0,17.0,12.0,0.0,0.0,0.0,0.0,3.6,3.1,2.15
1011,28/11/10,Bari,Cesena,1.0,1.0,D,0.0,0.0,D,14.0,15.0,4.0,3.0,2.0,7.0,15.0,14.0,3.0,2.0,0.0,0.0,1.91,3.3,4.2
1011,28/11/10,Brescia,Genoa,0.0,0.0,D,0.0,0.0,D,15.0,8.0,4.0,0.0,3.0,3.0,19.0,21.0,2.0,1.0,0.0,0.0,3.0,3.0,2.5
1011,28/11/10,Cagliari,Lecce,3.0,2.0,H,3.0,0.0,H,9.0,14.0,4.0,9.0,4.0,7.0,18.0,19.0,3.0,2.0,0.0,0.0,1.62,3.6,6.0
1011,28/11/10,Inter,Parma,5.0,2.0,H,3.0,2.0,H,15.0,22.0,6.0,7.0,5.0,6.0,3.0,11.0,0.0,0.0,0.0,0.0,1.67,3.5,5.5
1011,28/11/10,Lazio,Catania,1.0,1.0,D,1.0,1.0,D,17.0,8.0,6.0,5.0,11.0,2.0,13.0,13.0,1.0,2.0,0.0,0.0,1.67,3.5,5.5
1011,28/11/10,Palermo,Roma,3.0,1.0,H,1.0,0.0,H,15.0,20.0,5.0,5.0,5.0,5.0,19.0,9.0,0.0,1.0,0.0,0.0,2.6,3.0,2.9
1011,28/11/10,Udinese,Napoli,3.0,1.0,H,2.0,0.0,H,8.0,15.0,4.0,5.0,5.0,5.0,18.0,13.0,3.0,4.0,0.0,0.0,2.5,3.0,3.0
1011,03/12/10,Lazio,Inter,3.0,1.0,H,1.0,0.0,H,22.0,20.0,8.0,5.0,5.0,7.0,15.0,15.0,2.0,1.0,0.0,0.0,2.7,3.1,2.7
1011,04/12/10,Chievo,Roma,2.0,2.0,D,0.0,2.0,A,20.0,10.0,8.0,4.0,2.0,1.0,18.0,15.0,2.0,1.0,0.0,1.0,3.2,3.1,2.3
1011,04/12/10,Milan,Brescia,3.0,0.0,H,3.0,0.0,H,17.0,8.0,6.0,3.0,0.0,4.0,12.0,15.0,0.0,2.0,0.0,0.0,1.25,5.5,12.0
1011,05/12/10,Catania,Juventus,1.0,3.0,A,1.0,2.0,A,15.0,14.0,4.0,6.0,10.0,2.0,17.0,16.0,0.0,1.0,0.0,0.0,3.4,3.2,2.2
1011,05/12/10,Cesena,Bologna,0.0,2.0,A,0.0,1.0,A,14.0,14.0,4.0,4.0,10.0,6.0,14.0,16.0,3.0,3.0,0.0,0.0,2.2,3.0,3.6
1011,05/12/10,Fiorentina,Cagliari,1.0,0.0,H,0.0,0.0,D,12.0,13.0,5.0,3.0,7.0,6.0,15.0,19.0,3.0,1.0,0.0,0.0,1.91,3.1,4.5
1011,05/12/10,Lecce,Genoa,1.0,3.0,A,1.0,0.0,H,13.0,15.0,3.0,4.0,4.0,12.0,20.0,14.0,2.0,1.0,0.0,0.0,3.5,3.1,2.2
1011,05/12/10,Parma,Udinese,2.0,1.0,H,1.0,1.0,D,11.0,18.0,5.0,4.0,6.0,7.0,15.0,16.0,1.0,2.0,0.0,0.0,2.5,3.0,3.0
1011,05/12/10,Sampdoria,Bari,3.0,0.0,H,1.0,0.0,H,23.0,5.0,6.0,1.0,8.0,2.0,11.0,14.0,1.0,0.0,0.0,1.0,1.73,3.25,5.5
1011,06/12/10,Napoli,Palermo,1.0,0.0,H,0.0,0.0,D,18.0,8.0,9.0,1.0,16.0,2.0,13.0,11.0,2.0,2.0,0.0,0.0,2.1,3.2,3.6
1011,08/12/10,Bologna,Chievo,2.0,1.0,H,1.0,0.0,H,16.0,7.0,5.0,2.0,8.0,5.0,12.0,24.0,1.0,3.0,0.0,0.0,2.4,3.1,3.1
1011,11/12/10,Genoa,Napoli,0.0,1.0,A,0.0,1.0,A,15.0,4.0,1.0,2.0,6.0,2.0,19.0,15.0,1.0,3.0,0.0,1.0,2.4,3.1,3.1
1011,11/12/10,Palermo,Parma,3.0,1.0,H,0.0,1.0,A,22.0,10.0,4.0,4.0,3.0,4.0,15.0,9.0,0.0,3.0,0.0,0.0,1.65,3.6,5.5
1011,11/12/10,Udinese,Fiorentina,2.0,1.0,H,0.0,1.0,A,21.0,7.0,5.0,2.0,5.0,5.0,7.0,16.0,2.0,6.0,0.0,0.0,2.0,3.2,4.0
1011,12/12/10,Bologna,Milan,0.0,3.0,A,0.0,2.0,A,9.0,16.0,3.0,6.0,8.0,8.0,12.0,16.0,2.0,1.0,0.0,0.0,6.0,3.8,1.57
1011,12/12/10,Brescia,Sampdoria,1.0,0.0,H,1.0,0.0,H,5.0,18.0,2.0,4.0,1.0,8.0,22.0,13.0,2.0,1.0,0.0,0.0,2.9,3.1,2.55
1011,12/12/10,Cagliari,Catania,3.0,0.0,H,2.0,0.0,H,11.0,4.0,5.0,0.0,3.0,0.0,16.0,22.0,1.0,2.0,0.0,2.0,2.05,3.1,4.0
1011,12/12/10,Juventus,Lazio,2.0,1.0,H,1.0,1.0,D,23.0,11.0,6.0,3.0,7.0,5.0,7.0,9.0,1.0,2.0,0.0,0.0,1.85,3.3,4.5
1011,12/12/10,Lecce,Chievo,3.0,2.0,H,2.0,0.0,H,12.0,11.0,7.0,4.0,9.0,4.0,18.0,13.0,3.0,3.0,0.0,0.0,3.0,3.0,2.5
1011,12/12/10,Roma,Bari,1.0,0.0,H,1.0,0.0,H,18.0,7.0,6.0,1.0,8.0,3.0,16.0,20.0,3.0,2.0,0.0,0.0,1.4,4.5,7.5
1011,18/12/10,Cesena,Cagliari,1.0,0.0,H,1.0,0.0,H,13.0,11.0,3.0,0.0,4.0,6.0,17.0,19.0,2.0,1.0,0.0,0.0,2.63,3.0,2.88
1011,18/12/10,Milan,Roma,0.0,1.0,A,0.0,0.0,D,15.0,10.0,4.0,2.0,2.0,3.0,19.0,15.0,1.0,3.0,0.0,0.0,1.83,3.4,4.5
1011,19/12/10,Bari,Palermo,1.0,1.0,D,0.0,1.0,A,5.0,23.0,3.0,6.0,3.0,4.0,6.0,9.0,1.0,3.0,1.0,0.0,3.5,3.1,2.2
1011,19/12/10,Catania,Brescia,1.0,0.0,H,1.0,0.0,H,13.0,11.0,8.0,2.0,3.0,4.0,12.0,26.0,2.0,4.0,0.0,0.0,1.91,3.2,4.33
1011,19/12/10,Chievo,Juventus,1.0,1.0,D,0.0,1.0,A,18.0,9.0,4.0,5.0,6.0,4.0,21.0,14.0,4.0,2.0,0.0,1.0,4.0,3.2,2.0
1011,19/12/10,Lazio,Udinese,3.0,2.0,H,1.0,0.0,H,23.0,14.0,8.0,4.0,8.0,2.0,11.0,14.0,0.0,3.0,0.0,0.0,2.0,3.2,4.0
1011,19/12/10,Napoli,Lecce,1.0,0.0,H,0.0,0.0,D,14.0,6.0,5.0,2.0,13.0,2.0,14.0,15.0,3.0,1.0,0.0,0.0,1.36,4.5,9.0
1011,19/12/10,Parma,Bologna,0.0,0.0,D,0.0,0.0,D,11.0,6.0,2.0,2.0,9.0,3.0,25.0,23.0,2.0,3.0,0.0,0.0,1.75,3.4,5.0
1011,06/01/11,Bologna,Fiorentina,1.0,1.0,D,1.0,0.0,H,10.0,13.0,1.0,4.0,5.0,5.0,17.0,14.0,1.0,2.0,0.0,0.0,2.88,2.9,2.7
1011,06/01/11,Brescia,Cesena,1.0,2.0,A,0.0,2.0,A,19.0,14.0,5.0,4.0,6.0,3.0,18.0,12.0,5.0,3.0,0.0,0.0,1.91,3.2,4.33
1011,06/01/11,Cagliari,Milan,0.0,1.0,A,0.0,0.0,D,12.0,11.0,3.0,3.0,9.0,11.0,21.0,15.0,1.0,1.0,0.0,0.0,4.33,3.25,1.91
1011,06/01/11,Genoa,Lazio,0.0,0.0,D,0.0,0.0,D,17.0,13.0,3.0,2.0,5.0,6.0,12.0,15.0,0.0,1.0,0.0,0.0,2.38,3.0,3.25
1011,06/01/11,Inter,Napoli,3.0,1.0,H,2.0,1.0,H,16.0,12.0,4.0,5.0,3.0,8.0,9.0,13.0,3.0,2.0,0.0,0.0,1.8,3.4,4.6
1011,06/01/11,Juventus,Parma,1.0,4.0,A,0.0,1.0,A,10.0,20.0,2.0,9.0,4.0,4.0,13.0,19.0,0.0,2.0,1.0,0.0,1.44,4.0,8.0
1011,06/01/11,Lecce,Bari,0.0,1.0,A,0.0,0.0,D,21.0,10.0,5.0,5.0,8.0,6.0,18.0,8.0,1.0,1.0,1.0,0.0,2.3,3.1,3.3
1011,06/01/11,Palermo,Sampdoria,3.0,0.0,H,1.0,0.0,H,17.0,20.0,6.0,3.0,3.0,8.0,15.0,5.0,2.0,0.0,0.0,0.0,1.91,3.3,4.2
1011,06/01/11,Roma,Catania,4.0,2.0,H,1.0,2.0,A,17.0,17.0,9.0,2.0,5.0,7.0,17.0,17.0,1.0,4.0,0.0,0.0,1.5,4.0,7.0
1011,06/01/11,Udinese,Chievo,2.0,0.0,H,2.0,0.0,H,13.0,20.0,5.0,0.0,3.0,6.0,8.0,19.0,1.0,3.0,1.0,0.0,1.75,3.4,5.0
1011,09/01/11,Bari,Bologna,0.0,2.0,A,0.0,1.0,A,9.0,15.0,3.0,6.0,2.0,5.0,13.0,12.0,1.0,1.0,0.0,0.0,2.15,3.2,3.5
1011,09/01/11,Catania,Inter,1.0,2.0,A,0.0,0.0,D,16.0,10.0,6.0,7.0,5.0,3.0,15.0,14.0,2.0,2.0,0.0,0.0,3.75,3.3,2.0
1011,09/01/11,Cesena,Genoa,0.0,0.0,D,0.0,0.0,D,9.0,12.0,0.0,1.0,6.0,9.0,13.0,10.0,0.0,1.0,0.0,0.0,3.1,3.1,2.4
1011,09/01/11,Chievo,Palermo,0.0,0.0,D,0.0,0.0,D,15.0,16.0,4.0,4.0,4.0,8.0,10.0,9.0,2.0,1.0,0.0,0.0,2.5,3.2,2.88
1011,09/01/11,Fiorentina,Brescia,3.0,2.0,H,0.0,2.0,A,20.0,18.0,11.0,4.0,4.0,3.0,13.0,14.0,0.0,1.0,0.0,0.0,1.5,3.9,7.0
1011,09/01/11,Lazio,Lecce,1.0,2.0,A,0.0,1.0,A,21.0,16.0,7.0,7.0,7.0,11.0,9.0,24.0,2.0,3.0,0.0,0.0,1.36,4.6,8.5
1011,09/01/11,Milan,Udinese,4.0,4.0,D,1.0,1.0,D,20.0,14.0,9.0,5.0,10.0,6.0,13.0,9.0,1.0,2.0,0.0,0.0,1.44,4.2,7.5
1011,09/01/11,Napoli,Juventus,3.0,0.0,H,2.0,0.0,H,12.0,10.0,7.0,3.0,6.0,7.0,21.0,17.0,3.0,2.0,0.0,0.0,2.25,3.25,3.2
1011,09/01/11,Parma,Cagliari,1.0,2.0,A,0.0,2.0,A,12.0,12.0,5.0,6.0,12.0,6.0,22.0,25.0,4.0,3.0,0.0,0.0,2.1,3.1,3.75
1011,09/01/11,Sampdoria,Roma,2.0,1.0,H,0.0,1.0,A,14.0,10.0,3.0,4.0,4.0,5.0,15.0,16.0,2.0,1.0,2.0,1.0,3.1,3.1,2.4
1011,15/01/11,Inter,Bologna,4.0,1.0,H,2.0,0.0,H,16.0,18.0,6.0,4.0,5.0,6.0,10.0,14.0,0.0,0.0,0.0,0.0,1.3,4.75,12.0
1011,15/01/11,Napoli,Fiorentina,0.0,0.0,D,0.0,0.0,D,9.0,9.0,3.0,2.0,4.0,2.0,9.0,12.0,1.0,0.0,0.0,0.0,1.7,3.4,5.5
1011,16/01/11,Brescia,Parma,2.0,0.0,H,1.0,0.0,H,20.0,7.0,6.0,0.0,5.0,5.0,14.0,20.0,3.0,4.0,0.0,1.0,2.5,3.0,3.0
1011,16/01/11,Cagliari,Palermo,3.0,1.0,H,1.0,0.0,H,17.0,7.0,6.0,2.0,4.0,6.0,19.0,9.0,1.0,4.0,0.0,0.0,2.5,3.0,3.0
1011,16/01/11,Catania,Chievo,1.0,1.0,D,1.0,0.0,H,10.0,7.0,4.0,3.0,2.0,5.0,14.0,22.0,1.0,2.0,0.0,0.0,2.0,3.1,4.2
1011,16/01/11,Cesena,Roma,0.0,1.0,A,0.0,0.0,D,11.0,15.0,2.0,5.0,7.0,5.0,15.0,13.0,2.0,2.0,0.0,0.0,3.75,3.4,2.0
1011,16/01/11,Genoa,Udinese,2.0,4.0,A,1.0,1.0,D,21.0,9.0,6.0,5.0,8.0,4.0,11.0,14.0,1.0,2.0,0.0,0.0,2.38,3.0,3.2
1011,16/01/11,Juventus,Bari,2.0,1.0,H,1.0,0.0,H,17.0,5.0,3.0,3.0,9.0,5.0,12.0,14.0,2.0,2.0,0.0,0.0,1.36,4.5,9.0
1011,16/01/11,Lazio,Sampdoria,1.0,0.0,H,0.0,0.0,D,13.0,13.0,3.0,4.0,2.0,4.0,15.0,13.0,1.0,3.0,0.0,0.0,1.8,3.25,5.0
1011,16/01/11,Lecce,Milan,1.0,1.0,D,0.0,0.0,D,7.0,16.0,2.0,3.0,6.0,7.0,12.0,12.0,2.0,2.0,0.0,0.0,6.5,3.8,1.53
1011,19/01/11,Inter,Cesena,3.0,2.0,H,3.0,2.0,H,18.0,8.0,6.0,3.0,5.0,3.0,10.0,11.0,1.0,1.0,0.0,1.0,1.22,6.0,12.0
1011,22/01/11,Chievo,Genoa,0.0,0.0,D,0.0,0.0,D,9.0,12.0,1.0,2.0,2.0,2.0,16.0,10.0,0.0,2.0,1.0,0.0,2.5,3.1,2.9
1011,22/01/11,Palermo,Brescia,1.0,0.0,H,0.0,0.0,D,32.0,5.0,8.0,1.0,19.0,1.0,11.0,17.0,1.0,5.0,0.0,0.0,1.44,4.2,7.5
1011,22/01/11,Parma,Catania,2.0,0.0,H,0.0,0.0,D,13.0,19.0,2.0,5.0,3.0,4.0,22.0,18.0,4.0,1.0,0.0,0.0,1.95,3.1,4.33
1011,22/01/11,Roma,Cagliari,3.0,0.0,H,1.0,0.0,H,14.0,18.0,8.0,4.0,6.0,8.0,21.0,13.0,1.0,3.0,0.0,0.0,1.53,3.7,7.0
1011,23/01/11,Bari,Napoli,0.0,2.0,A,0.0,1.0,A,5.0,10.0,1.0,3.0,3.0,6.0,15.0,13.0,1.0,1.0,1.0,0.0,3.9,3.1,2.05
1011,23/01/11,Bologna,Lazio,3.0,1.0,H,2.0,1.0,H,18.0,12.0,6.0,4.0,11.0,4.0,19.0,13.0,3.0,4.0,1.0,1.0,3.0,3.0,2.5
1011,23/01/11,Fiorentina,Lecce,1.0,1.0,D,0.0,1.0,A,17.0,8.0,5.0,4.0,6.0,4.0,8.0,20.0,2.0,3.0,0.0,0.0,1.44,4.2,7.5
1011,23/01/11,Milan,Cesena,2.0,0.0,H,1.0,0.0,H,25.0,12.0,10.0,3.0,6.0,3.0,14.0,14.0,3.0,1.0,0.0,0.0,1.22,5.5,15.0
1011,23/01/11,Sampdoria,Juventus,0.0,0.0,D,0.0,0.0,D,5.0,13.0,0.0,3.0,5.0,2.0,13.0,28.0,2.0,5.0,0.0,0.0,2.7,3.0,2.75
1011,23/01/11,Udinese,Inter,3.0,1.0,H,2.0,1.0,H,12.0,11.0,7.0,6.0,6.0,6.0,10.0,19.0,0.0,4.0,0.0,0.0,3.2,3.25,2.25
1011,29/01/11,Catania,Milan,0.0,2.0,A,0.0,0.0,D,15.0,11.0,1.0,8.0,8.0,5.0,21.0,21.0,2.0,3.0,0.0,1.0,4.75,3.3,1.8
1011,29/01/11,Lazio,Fiorentina,2.0,0.0,H,0.0,0.0,D,16.0,7.0,8.0,2.0,4.0,2.0,18.0,12.0,2.0,4.0,0.0,0.0,2.1,3.1,3.75
1011,30/01/11,Brescia,Chievo,0.0,3.0,A,0.0,1.0,A,15.0,11.0,1.0,5.0,5.0,5.0,12.0,18.0,2.0,4.0,0.0,0.0,2.4,3.0,3.2
1011,30/01/11,Cagliari,Bari,2.0,1.0,H,2.0,1.0,H,13.0,14.0,5.0,7.0,4.0,5.0,11.0,16.0,0.0,4.0,0.0,0.0,1.67,3.5,5.5
1011,30/01/11,Genoa,Parma,3.0,1.0,H,3.0,1.0,H,15.0,14.0,5.0,4.0,4.0,3.0,16.0,14.0,2.0,0.0,0.0,0.0,1.91,3.3,4.2
1011,30/01/11,Inter,Palermo,3.0,2.0,H,0.0,2.0,A,32.0,14.0,10.0,6.0,12.0,5.0,13.0,12.0,3.0,3.0,0.0,0.0,1.67,3.5,5.5
1011,30/01/11,Juventus,Udinese,1.0,2.0,A,0.0,0.0,D,14.0,13.0,4.0,6.0,3.0,6.0,17.0,22.0,2.0,2.0,1.0,1.0,2.1,3.3,3.5
1011,30/01/11,Lecce,Cesena,1.0,1.0,D,1.0,0.0,H,12.0,10.0,4.0,3.0,4.0,7.0,22.0,15.0,1.0,2.0,0.0,0.0,2.1,3.1,3.75
1011,30/01/11,Napoli,Sampdoria,4.0,0.0,H,2.0,0.0,H,17.0,10.0,9.0,1.0,5.0,5.0,14.0,11.0,2.0,5.0,0.0,0.0,1.57,3.6,6.5
1011,01/02/11,Milan,Lazio,0.0,0.0,D,0.0,0.0,D,19.0,7.0,2.0,1.0,9.0,5.0,14.0,19.0,1.0,2.0,0.0,0.0,1.57,3.6,6.5
1011,02/02/11,Cesena,Catania,1.0,1.0,D,1.0,1.0,D,6.0,12.0,2.0,2.0,5.0,4.0,15.0,17.0,1.0,2.0,0.0,0.0,2.5,2.9,3.1
1011,02/02/11,Chievo,Napoli,2.0,0.0,H,1.0,0.0,H,15.0,8.0,4.0,3.0,4.0,4.0,13.0,13.0,2.0,3.0,0.0,0.0,3.2,3.0,2.4
1011,02/02/11,Fiorentina,Genoa,1.0,0.0,H,1.0,0.0,H,11.0,14.0,4.0,5.0,6.0,6.0,20.0,14.0,2.0,2.0,0.0,0.0,2.1,3.1,3.75
1011,02/02/11,Palermo,Juventus,2.0,1.0,H,2.0,1.0,H,6.0,15.0,3.0,5.0,3.0,8.0,15.0,15.0,1.0,2.0,0.0,0.0,2.2,3.2,3.4
1011,02/02/11,Parma,Lecce,0.0,1.0,A,0.0,0.0,D,15.0,11.0,6.0,5.0,6.0,3.0,14.0,12.0,3.0,1.0,0.0,0.0,1.67,3.5,5.5
1011,02/02/11,Roma,Brescia,1.0,1.0,D,0.0,0.0,D,22.0,11.0,5.0,4.0,11.0,5.0,11.0,16.0,1.0,3.0,0.0,0.0,1.25,5.25,12.0
1011,02/02/11,Sampdoria,Cagliari,0.0,1.0,A,0.0,1.0,A,9.0,11.0,1.0,2.0,6.0,5.0,8.0,27.0,2.0,3.0,0.0,0.0,2.3,3.0,3.4
1011,02/02/11,Udinese,Bologna,1.0,1.0,D,0.0,0.0,D,17.0,14.0,4.0,4.0,6.0,4.0,18.0,19.0,1.0,2.0,0.0,0.0,1.44,4.0,8.0
1011,03/02/11,Bari,Inter,0.0,3.0,A,0.0,0.0,D,10.0,14.0,4.0,7.0,2.0,3.0,15.0,8.0,2.0,4.0,0.0,0.0,8.0,4.0,1.44
1011,05/02/11,Cagliari,Juventus,1.0,3.0,A,0.0,1.0,A,14.0,14.0,3.0,5.0,4.0,6.0,15.0,23.0,3.0,3.0,0.0,0.0,3.0,3.0,2.5
1011,05/02/11,Udinese,Sampdoria,2.0,0.0,H,2.0,0.0,H,13.0,11.0,3.0,4.0,4.0,4.0,17.0,13.0,2.0,2.0,0.0,0.0,1.62,3.6,6.0
1011,06/02/11,Bologna,Catania,1.0,0.0,H,1.0,0.0,H,11.0,12.0,6.0,2.0,5.0,6.0,18.0,29.0,3.0,4.0,0.0,1.0,2.1,3.25,3.5
1011,06/02/11,Brescia,Bari,2.0,0.0,H,1.0,0.0,H,8.0,16.0,4.0,4.0,2.0,2.0,13.0,7.0,1.0,1.0,0.0,0.0,2.0,3.1,4.2
1011,06/02/11,Genoa,Milan,1.0,1.0,D,1.0,1.0,D,15.0,13.0,3.0,2.0,5.0,8.0,20.0,14.0,1.0,3.0,0.0,0.0,3.75,3.3,2.0
1011,06/02/11,Inter,Roma,5.0,3.0,H,2.0,1.0,H,24.0,23.0,14.0,8.0,4.0,1.0,11.0,12.0,1.0,2.0,0.0,1.0,1.91,3.4,4.0
1011,06/02/11,Lazio,Chievo,1.0,1.0,D,1.0,0.0,H,15.0,8.0,3.0,3.0,8.0,4.0,22.0,25.0,2.0,4.0,0.0,0.0,1.75,3.5,4.75
1011,06/02/11,Lecce,Palermo,2.0,4.0,A,1.0,1.0,D,15.0,10.0,5.0,6.0,11.0,6.0,18.0,10.0,1.0,4.0,0.0,0.0,3.2,3.25,2.25
1011,06/02/11,Napoli,Cesena,2.0,0.0,H,1.0,0.0,H,10.0,8.0,5.0,0.0,2.0,3.0,18.0,21.0,2.0,2.0,0.0,0.0,1.29,5.0,11.0
1011,06/02/11,Parma,Fiorentina,1.0,1.0,D,1.0,0.0,H,13.0,13.0,3.0,3.0,4.0,2.0,26.0,22.0,7.0,3.0,0.0,0.0,2.38,3.0,3.2
1011,12/02/11,Milan,Parma,4.0,0.0,H,2.0,0.0,H,13.0,16.0,7.0,4.0,6.0,6.0,10.0,7.0,0.0,0.0,0.0,0.0,1.36,4.5,9.0
1011,12/02/11,Roma,Napoli,0.0,2.0,A,0.0,0.0,D,10.0,12.0,2.0,4.0,6.0,8.0,17.0,17.0,5.0,4.0,0.0,0.0,2.25,3.1,3.4
1011,13/02/11,Bari,Genoa,0.0,0.0,D,0.0,0.0,D,10.0,14.0,2.0,1.0,1.0,9.0,14.0,15.0,2.0,1.0,0.0,0.0,3.2,3.0,2.38
1011,13/02/11,Brescia,Lazio,0.0,2.0,A,0.0,1.0,A,15.0,14.0,5.0,6.0,8.0,7.0,13.0,18.0,3.0,2.0,0.0,0.0,3.25,3.0,2.38
1011,13/02/11,Cagliari,Chievo,4.0,1.0,H,3.0,0.0,H,16.0,16.0,8.0,6.0,4.0,2.0,16.0,26.0,1.0,3.0,0.0,0.0,2.1,2.88,4.2
1011,13/02/11,Catania,Lecce,3.0,2.0,H,1.0,0.0,H,18.0,11.0,6.0,6.0,11.0,2.0,15.0,19.0,1.0,6.0,0.0,1.0,1.73,3.5,5.0
1011,13/02/11,Cesena,Udinese,0.0,3.0,A,0.0,1.0,A,18.0,11.0,4.0,8.0,8.0,10.0,13.0,18.0,5.0,2.0,0.0,0.0,3.6,3.2,2.1
1011,13/02/11,Juventus,Inter,1.0,0.0,H,1.0,0.0,H,12.0,12.0,1.0,3.0,2.0,2.0,10.0,12.0,1.0,2.0,0.0,0.0,2.88,3.0,2.6
1011,13/02/11,Palermo,Fiorentina,2.0,4.0,A,1.0,1.0,D,17.0,17.0,5.0,4.0,7.0,3.0,18.0,11.0,3.0,1.0,0.0,0.0,1.75,3.4,5.0
1011,13/02/11,Sampdoria,Bologna,3.0,1.0,H,3.0,0.0,H,10.0,11.0,5.0,5.0,3.0,0.0,24.0,19.0,0.0,2.0,0.0,0.0,2.1,3.1,3.8
1011,16/02/11,Fiorentina,Inter,1.0,2.0,A,1.0,1.0,D,22.0,16.0,5.0,3.0,10.0,4.0,16.0,11.0,1.0,0.0,0.0,0.0,3.1,3.2,2.3
1011,16/02/11,Sampdoria,Genoa,0.0,1.0,A,0.0,0.0,D,10.0,12.0,4.0,3.0,7.0,4.0,18.0,20.0,2.0,1.0,0.0,0.0,2.63,3.0,2.88
1011,19/02/11,Bologna,Palermo,1.0,0.0,H,0.0,0.0,D,18.0,8.0,2.0,4.0,11.0,5.0,12.0,21.0,0.0,4.0,0.0,1.0,2.7,3.1,2.7
1011,19/02/11,Inter,Cagliari,1.0,0.0,H,1.0,0.0,H,9.0,16.0,4.0,4.0,9.0,7.0,11.0,17.0,2.0,1.0,0.0,0.0,1.4,4.5,8.0
1011,20/02/11,Chievo,Milan,1.0,2.0,A,0.0,1.0,A,8.0,13.0,3.0,6.0,4.0,9.0,17.0,16.0,2.0,1.0,1.0,0.0,4.5,3.4,1.83
1011,20/02/11,Fiorentina,Sampdoria,0.0,0.0,D,0.0,0.0,D,15.0,15.0,2.0,2.0,10.0,6.0,11.0,14.0,1.0,2.0,0.0,0.0,1.75,3.4,5.0
1011,20/02/11,Genoa,Roma,4.0,3.0,H,0.0,2.0,A,20.0,12.0,9.0,4.0,5.0,5.0,15.0,15.0,1.0,4.0,1.0,0.0,2.5,3.1,2.9
1011,20/02/11,Lazio,Bari,1.0,0.0,H,1.0,0.0,H,21.0,3.0,10.0,1.0,5.0,1.0,15.0,23.0,1.0,4.0,0.0,0.0,1.4,4.33,8.0
1011,20/02/11,Lecce,Juventus,2.0,0.0,H,1.0,0.0,H,15.0,11.0,6.0,1.0,5.0,2.0,15.0,14.0,1.0,0.0,1.0,1.0,5.5,3.75,1.62
1011,20/02/11,Napoli,Catania,1.0,0.0,H,1.0,0.0,H,14.0,13.0,5.0,4.0,5.0,2.0,24.0,21.0,3.0,3.0,0.0,0.0,1.4,4.33,8.0
1011,20/02/11,Parma,Cesena,2.0,2.0,D,0.0,1.0,A,19.0,9.0,8.0,4.0,9.0,2.0,21.0,19.0,1.0,3.0,0.0,0.0,1.67,3.5,5.5
1011,20/02/11,Udinese,Brescia,0.0,0.0,D,0.0,0.0,D,15.0,10.0,3.0,4.0,3.0,1.0,16.0,26.0,2.0,4.0,0.0,0.0,1.4,4.33,8.0
1011,23/02/11,Bologna,Roma,0.0,1.0,A,0.0,1.0,A,5.0,9.0,2.0,3.0,6.0,4.0,16.0,14.0,2.0,2.0,0.0,0.0,4.75,3.4,1.8
1011,26/02/11,Juventus,Bologna,0.0,2.0,A,0.0,0.0,D,22.0,4.0,3.0,2.0,9.0,3.0,13.0,19.0,1.0,2.0,0.0,0.0,1.44,4.2,7.5
1011,27/02/11,Bari,Fiorentina,1.0,1.0,D,0.0,1.0,A,15.0,10.0,2.0,2.0,10.0,3.0,20.0,20.0,1.0,2.0,0.0,0.0,3.6,3.2,2.1
1011,27/02/11,Brescia,Lecce,2.0,2.0,D,2.0,1.0,H,14.0,6.0,4.0,4.0,7.0,1.0,14.0,13.0,2.0,3.0,0.0,0.0,1.91,3.25,4.33
1011,27/02/11,Cagliari,Lazio,1.0,0.0,H,1.0,0.0,H,13.0,12.0,3.0,6.0,1.0,5.0,13.0,19.0,5.0,3.0,0.0,0.0,2.38,3.0,3.2
1011,27/02/11,Catania,Genoa,2.0,1.0,H,0.0,1.0,A,20.0,13.0,7.0,5.0,1.0,7.0,19.0,14.0,3.0,2.0,1.0,2.0,2.5,3.0,3.0
1011,27/02/11,Cesena,Chievo,1.0,0.0,H,0.0,0.0,D,22.0,5.0,7.0,3.0,7.0,0.0,21.0,22.0,2.0,2.0,0.0,0.0,2.6,3.0,2.88
1011,27/02/11,Palermo,Udinese,0.0,7.0,A,0.0,5.0,A,11.0,21.0,3.0,14.0,3.0,5.0,9.0,8.0,1.0,0.0,2.0,0.0,2.3,3.2,3.2
1011,27/02/11,Roma,Parma,2.0,2.0,D,2.0,0.0,H,17.0,11.0,5.0,3.0,6.0,5.0,13.0,16.0,2.0,2.0,0.0,1.0,1.53,3.8,6.5
1011,27/02/11,Sampdoria,Inter,0.0,2.0,A,0.0,0.0,D,16.0,18.0,4.0,11.0,5.0,3.0,16.0,20.0,3.0,2.0,0.0,0.0,3.8,3.3,2.0
1011,28/02/11,Milan,Napoli,3.0,0.0,H,0.0,0.0,D,17.0,7.0,6.0,0.0,8.0,3.0,17.0,12.0,2.0,2.0,0.0,0.0,1.8,3.5,4.5
1011,04/03/11,Lecce,Roma,1.0,2.0,A,0.0,1.0,A,16.0,16.0,4.0,4.0,5.0,2.0,15.0,18.0,2.0,3.0,0.0,0.0,4.0,3.3,1.95
1011,05/03/11,Juventus,Milan,0.0,1.0,A,0.0,0.0,D,12.0,10.0,0.0,3.0,4.0,4.0,12.0,16.0,0.0,3.0,0.0,0.0,3.0,3.0,2.5
1011,06/03/11,Bologna,Cagliari,2.0,2.0,D,1.0,0.0,H,13.0,10.0,4.0,4.0,5.0,5.0,12.0,17.0,2.0,3.0,0.0,0.0,2.3,3.0,3.4
1011,06/03/11,Chievo,Parma,0.0,0.0,D,0.0,0.0,D,19.0,10.0,8.0,5.0,8.0,3.0,21.0,16.0,2.0,3.0,0.0,1.0,2.38,3.0,3.2
1011,06/03/11,Fiorentina,Catania,3.0,0.0,H,2.0,0.0,H,15.0,15.0,5.0,2.0,4.0,4.0,15.0,14.0,3.0,1.0,0.0,0.0,1.67,3.4,6.0
1011,06/03/11,Inter,Genoa,5.0,2.0,H,0.0,1.0,A,21.0,15.0,12.0,2.0,8.0,2.0,7.0,16.0,0.0,1.0,0.0,0.0,1.4,4.33,8.5
1011,06/03/11,Lazio,Palermo,2.0,0.0,H,2.0,0.0,H,7.0,8.0,4.0,2.0,5.0,3.0,16.0,11.0,3.0,2.0,0.0,0.0,1.95,3.3,4.0
1011,06/03/11,Napoli,Brescia,0.0,0.0,D,0.0,0.0,D,14.0,10.0,5.0,2.0,12.0,5.0,15.0,25.0,3.0,4.0,0.0,0.0,1.36,4.33,10.0
1011,06/03/11,Sampdoria,Cesena,2.0,3.0,A,0.0,1.0,A,19.0,8.0,4.0,4.0,6.0,3.0,19.0,21.0,3.0,4.0,0.0,0.0,1.75,3.4,5.0
1011,06/03/11,Udinese,Bari,1.0,0.0,H,0.0,0.0,D,16.0,7.0,6.0,3.0,5.0,4.0,12.0,26.0,1.0,5.0,0.0,0.0,1.29,5.5,10.0
1011,11/03/11,Brescia,Inter,1.0,1.0,D,0.0,1.0,A,18.0,16.0,7.0,7.0,6.0,6.0,21.0,11.0,4.0,1.0,1.0,1.0,5.5,3.5,1.67
1011,12/03/11,Cesena,Juventus,2.0,2.0,D,1.0,2.0,A,15.0,15.0,7.0,3.0,5.0,4.0,15.0,16.0,2.0,3.0,0.0,1.0,3.6,3.0,2.2
1011,13/03/11,Cagliari,Udinese,0.0,4.0,A,0.0,2.0,A,11.0,8.0,2.0,6.0,7.0,9.0,13.0,9.0,3.0,0.0,0.0,0.0,2.75,3.1,2.63
1011,13/03/11,Catania,Sampdoria,1.0,0.0,H,0.0,0.0,D,13.0,3.0,2.0,1.0,6.0,0.0,24.0,21.0,4.0,2.0,0.0,1.0,2.05,3.1,4.0
1011,13/03/11,Chievo,Fiorentina,0.0,1.0,A,0.0,0.0,D,14.0,20.0,5.0,7.0,6.0,3.0,15.0,13.0,5.0,1.0,0.0,0.0,2.7,2.9,2.88
1011,13/03/11,Genoa,Palermo,1.0,0.0,H,0.0,0.0,D,22.0,12.0,6.0,3.0,9.0,3.0,14.0,7.0,1.0,1.0,0.0,0.0,1.91,3.25,4.2
1011,13/03/11,Lecce,Bologna,0.0,1.0,A,0.0,1.0,A,10.0,7.0,3.0,3.0,11.0,1.0,21.0,12.0,2.0,1.0,0.0,0.0,2.3,3.1,3.3
1011,13/03/11,Milan,Bari,1.0,1.0,D,0.0,1.0,A,24.0,9.0,7.0,3.0,9.0,1.0,9.0,17.0,2.0,3.0,1.0,0.0,1.2,6.0,15.0
1011,13/03/11,Parma,Napoli,1.0,3.0,A,1.0,0.0,H,7.0,17.0,2.0,5.0,6.0,7.0,26.0,16.0,3.0,2.0,1.0,0.0,2.88,3.0,2.63
1011,13/03/11,Roma,Lazio,2.0,0.0,H,0.0,0.0,D,10.0,6.0,2.0,1.0,4.0,7.0,19.0,18.0,4.0,1.0,0.0,2.0,2.38,3.1,3.1
1011,19/03/11,Lazio,Cesena,1.0,0.0,H,1.0,0.0,H,17.0,8.0,5.0,3.0,3.0,5.0,14.0,13.0,2.0,1.0,0.0,0.0,1.73,3.4,5.25
1011,19/03/11,Palermo,Milan,1.0,0.0,H,1.0,0.0,H,11.0,13.0,6.0,4.0,3.0,7.0,17.0,14.0,1.0,2.0,0.0,0.0,3.5,3.3,2.1
1011,20/03/11,Bari,Chievo,1.0,2.0,A,1.0,1.0,D,16.0,12.0,5.0,4.0,5.0,4.0,18.0,25.0,1.0,3.0,0.0,0.0,2.7,3.0,2.8
1011,20/03/11,Bologna,Genoa,1.0,1.0,D,1.0,1.0,D,9.0,15.0,4.0,5.0,0.0,6.0,15.0,21.0,3.0,1.0,0.0,0.0,2.6,2.8,3.1
1011,20/03/11,Fiorentina,Roma,2.0,2.0,D,2.0,1.0,H,15.0,13.0,5.0,5.0,6.0,4.0,23.0,16.0,2.0,2.0,0.0,0.0,2.45,3.1,3.0
1011,20/03/11,Inter,Lecce,1.0,0.0,H,0.0,0.0,D,12.0,9.0,4.0,1.0,4.0,6.0,7.0,24.0,3.0,3.0,0.0,0.0,1.25,5.75,11.0
1011,20/03/11,Juventus,Brescia,2.0,1.0,H,1.0,1.0,D,14.0,10.0,5.0,2.0,9.0,2.0,18.0,10.0,0.0,0.0,0.0,1.0,1.44,4.2,8.0
1011,20/03/11,Napoli,Cagliari,2.0,1.0,H,0.0,0.0,D,15.0,11.0,3.0,2.0,6.0,1.0,17.0,14.0,1.0,3.0,0.0,0.0,1.57,3.6,6.5
1011,20/03/11,Sampdoria,Parma,0.0,1.0,A,0.0,0.0,D,14.0,8.0,4.0,2.0,6.0,4.0,20.0,28.0,4.0,4.0,0.0,1.0,2.25,3.0,3.5
1011,20/03/11,Udinese,Catania,2.0,0.0,H,1.0,0.0,H,11.0,15.0,4.0,0.0,4.0,4.0,16.0,21.0,1.0,3.0,0.0,0.0,1.45,4.0,8.0
1011,02/04/11,Brescia,Bologna,3.0,1.0,H,2.0,1.0,H,22.0,9.0,13.0,4.0,9.0,2.0,18.0,14.0,1.0,4.0,0.0,0.0,1.45,4.2,6.0
1011,02/04/11,Milan,Inter,3.0,0.0,H,1.0,0.0,H,22.0,13.0,8.0,3.0,6.0,4.0,18.0,15.0,3.0,2.0,1.0,1.0,2.8,3.1,2.6
1011,03/04/11,Catania,Palermo,4.0,0.0,H,0.0,0.0,D,15.0,17.0,3.0,4.0,10.0,4.0,8.0,17.0,1.0,4.0,0.0,0.0,2.3,3.0,3.4
1011,03/04/11,Cesena,Fiorentina,2.0,2.0,D,1.0,1.0,D,19.0,16.0,5.0,8.0,3.0,6.0,15.0,18.0,1.0,3.0,0.0,0.0,3.25,3.0,2.38
1011,03/04/11,Chievo,Sampdoria,0.0,0.0,D,0.0,0.0,D,7.0,6.0,1.0,1.0,3.0,5.0,24.0,9.0,3.0,1.0,0.0,0.0,3.25,1.5,7.5
1011,03/04/11,Genoa,Cagliari,0.0,1.0,A,0.0,1.0,A,8.0,18.0,3.0,5.0,5.0,5.0,24.0,15.0,2.0,2.0,0.0,0.0,2.38,2.0,5.5
1011,03/04/11,Lecce,Udinese,2.0,0.0,H,0.0,0.0,D,12.0,11.0,4.0,4.0,4.0,5.0,23.0,18.0,3.0,5.0,0.0,0.0,5.0,3.4,1.75
1011,03/04/11,Napoli,Lazio,4.0,3.0,H,0.0,1.0,A,11.0,11.0,7.0,4.0,6.0,1.0,12.0,17.0,3.0,3.0,0.0,1.0,1.75,3.3,5.25
1011,03/04/11,Parma,Bari,1.0,2.0,A,0.0,0.0,D,19.0,17.0,7.0,7.0,13.0,3.0,13.0,12.0,2.0,1.0,0.0,0.0,1.44,3.8,9.0
1011,03/04/11,Roma,Juventus,0.0,2.0,A,0.0,0.0,D,17.0,15.0,5.0,6.0,8.0,4.0,12.0,10.0,1.0,2.0,0.0,0.0,1.95,3.3,4.0
1011,09/04/11,Inter,Chievo,2.0,0.0,H,0.0,0.0,D,18.0,18.0,6.0,2.0,4.0,6.0,10.0,19.0,1.0,1.0,0.0,0.0,1.44,4.0,8.0
1011,09/04/11,Udinese,Roma,1.0,2.0,A,0.0,0.0,D,20.0,12.0,5.0,2.0,5.0,5.0,29.0,23.0,5.0,3.0,0.0,0.0,2.2,3.2,3.4
1011,10/04/11,Bari,Catania,1.0,1.0,D,1.0,1.0,D,12.0,11.0,3.0,4.0,6.0,1.0,11.0,18.0,1.0,0.0,0.0,0.0,3.4,2.88,2.38
1011,10/04/11,Bologna,Napoli,0.0,2.0,A,0.0,2.0,A,17.0,9.0,4.0,4.0,5.0,9.0,14.0,20.0,4.0,4.0,0.0,0.0,5.5,3.5,1.67
1011,10/04/11,Cagliari,Brescia,1.0,1.0,D,1.0,0.0,H,11.0,11.0,4.0,2.0,6.0,5.0,19.0,25.0,3.0,0.0,0.0,1.0,3.1,1.91,3.75
1011,10/04/11,Fiorentina,Milan,1.0,2.0,A,0.0,2.0,A,16.0,13.0,5.0,8.0,4.0,3.0,15.0,10.0,3.0,1.0,0.0,1.0,4.0,3.4,1.91
1011,10/04/11,Juventus,Genoa,3.0,2.0,H,0.0,1.0,A,21.0,7.0,9.0,2.0,9.0,3.0,10.0,20.0,3.0,2.0,0.0,0.0,1.57,3.6,6.5
1011,10/04/11,Lazio,Parma,2.0,0.0,H,1.0,0.0,H,15.0,11.0,2.0,5.0,6.0,6.0,16.0,18.0,2.0,1.0,0.0,0.0,1.75,3.4,5.0
1011,10/04/11,Palermo,Cesena,2.0,2.0,D,2.0,0.0,H,14.0,14.0,8.0,3.0,4.0,11.0,17.0,13.0,3.0,3.0,0.0,3.0,2.1,2.1,6.0
1011,10/04/11,Sampdoria,Lecce,1.0,2.0,A,0.0,1.0,A,17.0,11.0,8.0,4.0,11.0,4.0,12.0,21.0,2.0,3.0,1.0,0.0,2.1,2.1,6.0
1011,16/04/11,Milan,Sampdoria,3.0,0.0,H,1.0,0.0,H,13.0,4.0,5.0,1.0,10.0,3.0,12.0,15.0,0.0,0.0,0.0,0.0,1.29,5.0,11.0
1011,16/04/11,Parma,Inter,2.0,0.0,H,1.0,0.0,H,15.0,15.0,3.0,3.0,5.0,3.0,14.0,19.0,2.0,2.0,0.0,0.0,4.5,3.5,1.8
1011,16/04/11,Roma,Palermo,2.0,3.0,A,1.0,1.0,D,14.0,15.0,5.0,4.0,7.0,4.0,8.0,15.0,2.0,2.0,0.0,0.0,1.44,4.33,7.0
1011,17/04/11,Catania,Lazio,1.0,4.0,A,0.0,1.0,A,15.0,16.0,5.0,9.0,2.0,9.0,16.0,15.0,1.0,4.0,0.0,0.0,2.88,2.3,3.2
1011,17/04/11,Cesena,Bari,1.0,0.0,H,0.0,0.0,D,14.0,17.0,4.0,4.0,4.0,4.0,15.0,14.0,5.0,2.0,0.0,0.0,1.5,4.0,7.0
1011,17/04/11,Chievo,Bologna,2.0,0.0,H,1.0,0.0,H,19.0,8.0,6.0,2.0,5.0,5.0,14.0,21.0,2.0,2.0,1.0,0.0,,,
1011,17/04/11,Fiorentina,Juventus,0.0,0.0,D,0.0,0.0,D,24.0,8.0,4.0,2.0,5.0,3.0,14.0,16.0,0.0,1.0,0.0,0.0,2.63,3.25,2.63
1011,17/04/11,Genoa,Brescia,3.0,0.0,H,0.0,0.0,D,13.0,18.0,4.0,6.0,6.0,5.0,18.0,16.0,2.0,3.0,0.0,0.0,,,
1011,17/04/11,Lecce,Cagliari,3.0,3.0,D,0.0,1.0,A,14.0,13.0,5.0,8.0,10.0,4.0,18.0,13.0,2.0,1.0,0.0,0.0,1.5,3.8,7.5
1011,17/04/11,Napoli,Udinese,1.0,2.0,A,0.0,0.0,D,18.0,13.0,3.0,5.0,5.0,3.0,19.0,19.0,3.0,2.0,0.0,1.0,1.6,3.5,5.5
1011,23/04/11,Bari,Sampdoria,0.0,1.0,A,0.0,0.0,D,13.0,12.0,1.0,5.0,6.0,5.0,23.0,15.0,2.0,2.0,0.0,1.0,4.5,4.75,1.5
1011,23/04/11,Bologna,Cesena,0.0,2.0,A,0.0,0.0,D,20.0,13.0,3.0,5.0,3.0,4.0,12.0,21.0,2.0,4.0,0.0,0.0,3.25,1.7,5.0
1011,23/04/11,Brescia,Milan,0.0,1.0,A,0.0,0.0,D,11.0,18.0,5.0,4.0,7.0,4.0,23.0,13.0,4.0,2.0,0.0,0.0,5.75,3.1,1.75
1011,23/04/11,Cagliari,Fiorentina,1.0,2.0,A,0.0,1.0,A,21.0,12.0,6.0,6.0,7.0,7.0,11.0,16.0,0.0,3.0,0.0,0.0,2.4,2.63,3.4
1011,23/04/11,Genoa,Lecce,4.0,2.0,H,2.0,2.0,D,14.0,16.0,8.0,5.0,7.0,6.0,9.0,16.0,3.0,1.0,0.0,0.0,2.2,2.38,4.5
1011,23/04/11,Inter,Lazio,2.0,1.0,H,1.0,1.0,D,14.0,13.0,6.0,3.0,5.0,12.0,9.0,18.0,1.0,3.0,1.0,1.0,1.85,3.3,4.5
1011,23/04/11,Juventus,Catania,2.0,2.0,D,2.0,0.0,H,12.0,17.0,5.0,5.0,3.0,5.0,30.0,21.0,3.0,4.0,0.0,0.0,1.44,4.2,7.5
1011,23/04/11,Palermo,Napoli,2.0,1.0,H,2.0,1.0,H,18.0,8.0,3.0,3.0,5.0,3.0,18.0,19.0,3.0,2.0,0.0,0.0,3.25,3.1,2.3
1011,23/04/11,Roma,Chievo,1.0,0.0,H,1.0,0.0,H,27.0,11.0,9.0,1.0,6.0,10.0,11.0,15.0,1.0,1.0,0.0,0.0,1.4,4.33,8.5
1011,23/04/11,Udinese,Parma,0.0,2.0,A,0.0,1.0,A,12.0,12.0,2.0,3.0,9.0,4.0,16.0,22.0,4.0,4.0,1.0,0.0,1.73,3.4,5.25
1011,30/04/11,Cesena,Inter,1.0,2.0,A,0.0,0.0,D,9.0,14.0,2.0,5.0,9.0,3.0,11.0,11.0,3.0,2.0,0.0,0.0,4.33,3.25,1.91
1011,30/04/11,Napoli,Genoa,1.0,0.0,H,0.0,0.0,D,24.0,9.0,5.0,1.0,14.0,6.0,13.0,13.0,2.0,1.0,0.0,0.0,1.33,5.0,9.0
1011,01/05/11,Bari,Roma,2.0,3.0,A,2.0,1.0,H,9.0,20.0,2.0,5.0,4.0,5.0,16.0,15.0,2.0,1.0,1.0,2.0,9.0,5.5,1.3
1011,01/05/11,Catania,Cagliari,2.0,0.0,H,0.0,0.0,D,16.0,9.0,5.0,1.0,5.0,2.0,13.0,16.0,2.0,2.0,1.0,0.0,1.33,4.75,9.0
1011,01/05/11,Chievo,Lecce,1.0,0.0,H,0.0,0.0,D,9.0,14.0,4.0,5.0,3.0,10.0,12.0,13.0,2.0,1.0,0.0,0.0,2.63,2.05,4.33
1011,01/05/11,Fiorentina,Udinese,5.0,2.0,H,2.0,1.0,H,15.0,15.0,7.0,5.0,3.0,5.0,17.0,21.0,1.0,3.0,0.0,0.0,2.5,3.2,2.8
1011,01/05/11,Milan,Bologna,1.0,0.0,H,1.0,0.0,H,11.0,6.0,5.0,1.0,8.0,3.0,12.0,21.0,1.0,4.0,0.0,1.0,1.2,6.5,13.0
1011,01/05/11,Parma,Palermo,3.0,1.0,H,2.0,0.0,H,9.0,19.0,5.0,6.0,3.0,4.0,8.0,12.0,0.0,0.0,0.0,0.0,1.95,3.0,4.5
1011,01/05/11,Sampdoria,Brescia,3.0,3.0,D,0.0,0.0,D,20.0,7.0,7.0,5.0,9.0,3.0,16.0,24.0,2.0,2.0,0.0,0.0,1.85,3.3,4.5
1011,02/05/11,Lazio,Juventus,0.0,1.0,A,0.0,0.0,D,16.0,5.0,4.0,3.0,3.0,6.0,14.0,19.0,0.0,3.0,1.0,0.0,2.1,3.2,3.6
1011,07/05/11,Palermo,Bari,2.0,1.0,H,1.0,1.0,D,13.0,15.0,4.0,6.0,5.0,4.0,12.0,8.0,1.0,2.0,0.0,0.0,1.44,4.33,7.0
1011,07/05/11,Roma,Milan,0.0,0.0,D,0.0,0.0,D,6.0,8.0,2.0,1.0,5.0,6.0,17.0,15.0,1.0,3.0,0.0,0.0,2.5,3.2,2.88
1011,08/05/11,Bologna,Parma,0.0,0.0,D,0.0,0.0,D,9.0,7.0,4.0,3.0,3.0,2.0,14.0,17.0,2.0,1.0,0.0,0.0,4.5,1.4,6.5
1011,08/05/11,Brescia,Catania,1.0,2.0,A,0.0,1.0,A,14.0,8.0,4.0,4.0,10.0,1.0,16.0,10.0,3.0,0.0,1.0,0.0,1.85,3.3,4.5
1011,08/05/11,Cagliari,Cesena,0.0,2.0,A,0.0,0.0,D,19.0,5.0,1.0,3.0,13.0,1.0,7.0,13.0,2.0,1.0,0.0,0.0,3.6,2.63,2.3
1011,08/05/11,Genoa,Sampdoria,2.0,1.0,H,1.0,0.0,H,9.0,14.0,3.0,2.0,2.0,10.0,20.0,21.0,4.0,2.0,1.0,0.0,2.6,3.2,2.75
1011,08/05/11,Inter,Fiorentina,3.0,1.0,H,2.0,0.0,H,16.0,18.0,7.0,8.0,6.0,3.0,12.0,13.0,0.0,1.0,0.0,0.0,1.67,3.75,5.0
1011,08/05/11,Lecce,Napoli,2.0,1.0,H,0.0,0.0,D,11.0,18.0,4.0,5.0,3.0,5.0,19.0,9.0,2.0,4.0,1.0,1.0,2.2,3.3,3.25
1011,08/05/11,Udinese,Lazio,2.0,1.0,H,2.0,0.0,H,10.0,20.0,6.0,5.0,0.0,6.0,18.0,20.0,2.0,4.0,1.0,0.0,2.25,3.0,3.5
1011,09/05/11,Juventus,Chievo,2.0,2.0,D,1.0,0.0,H,16.0,19.0,3.0,4.0,7.0,6.0,13.0,14.0,3.0,2.0,0.0,0.0,1.29,5.0,12.0
1011,14/05/11,Lazio,Genoa,4.0,2.0,H,1.0,1.0,D,9.0,17.0,6.0,5.0,3.0,6.0,7.0,8.0,0.0,1.0,0.0,0.0,1.4,4.6,7.5
1011,14/05/11,Milan,Cagliari,4.0,1.0,H,3.0,1.0,H,13.0,21.0,9.0,3.0,3.0,4.0,7.0,16.0,0.0,0.0,0.0,0.0,1.53,3.6,7.5
1011,15/05/11,Bari,Lecce,0.0,2.0,A,0.0,0.0,D,9.0,14.0,2.0,6.0,8.0,9.0,8.0,18.0,1.0,1.0,0.0,0.0,5.0,3.6,1.7
1011,15/05/11,Catania,Roma,2.0,1.0,H,0.0,1.0,A,23.0,7.0,7.0,3.0,7.0,4.0,12.0,22.0,1.0,3.0,0.0,0.0,6.0,4.33,1.5
1011,15/05/11,Cesena,Brescia,1.0,0.0,H,0.0,0.0,D,16.0,8.0,5.0,0.0,3.0,3.0,14.0,13.0,2.0,3.0,0.0,0.0,1.22,5.5,11.0
1011,15/05/11,Chievo,Udinese,0.0,2.0,A,0.0,1.0,A,8.0,19.0,4.0,6.0,3.0,12.0,12.0,8.0,1.0,1.0,0.0,0.0,7.5,4.33,1.36
1011,15/05/11,Fiorentina,Bologna,1.0,1.0,D,1.0,0.0,H,16.0,9.0,2.0,3.0,7.0,3.0,15.0,24.0,1.0,3.0,1.0,1.0,1.73,3.0,6.5
1011,15/05/11,Napoli,Inter,1.0,1.0,D,1.0,1.0,D,13.0,6.0,7.0,2.0,1.0,4.0,7.0,7.0,1.0,0.0,0.0,0.0,3.8,1.75,3.8
1011,15/05/11,Parma,Juventus,1.0,0.0,H,0.0,0.0,D,11.0,15.0,3.0,4.0,6.0,6.0,17.0,19.0,2.0,2.0,0.0,0.0,3.6,3.3,2.05
1011,15/05/11,Sampdoria,Palermo,1.0,2.0,A,0.0,1.0,A,15.0,16.0,5.0,5.0,14.0,7.0,16.0,20.0,3.0,3.0,0.0,0.0,1.36,4.75,8.0
1011,22/05/11,Bologna,Bari,0.0,4.0,A,0.0,1.0,A,19.0,13.0,6.0,5.0,8.0,4.0,14.0,10.0,1.0,1.0,0.0,0.0,1.62,3.6,6.0
1011,22/05/11,Brescia,Fiorentina,2.0,2.0,D,1.0,1.0,D,16.0,15.0,4.0,3.0,3.0,3.0,19.0,11.0,2.0,0.0,0.0,0.0,3.0,3.2,2.4
1011,22/05/11,Cagliari,Parma,1.0,1.0,D,0.0,1.0,A,19.0,7.0,4.0,5.0,7.0,6.0,16.0,21.0,0.0,2.0,0.0,0.0,2.1,3.2,3.6
1011,22/05/11,Genoa,Cesena,3.0,2.0,H,3.0,0.0,H,18.0,24.0,7.0,10.0,10.0,10.0,6.0,7.0,1.0,0.0,0.0,0.0,1.65,3.6,5.5
1011,22/05/11,Inter,Catania,3.0,1.0,H,1.0,0.0,H,21.0,9.0,6.0,3.0,6.0,7.0,7.0,10.0,0.0,0.0,0.0,0.0,1.53,3.75,7.0
1011,22/05/11,Juventus,Napoli,2.0,2.0,D,0.0,1.0,A,18.0,8.0,9.0,5.0,8.0,7.0,21.0,17.0,3.0,3.0,0.0,0.0,1.9,3.6,3.8
1011,22/05/11,Lecce,Lazio,2.0,4.0,A,2.0,2.0,D,8.0,19.0,2.0,12.0,7.0,2.0,9.0,5.0,0.0,0.0,1.0,0.0,6.0,3.6,1.6
1011,22/05/11,Palermo,Chievo,1.0,3.0,A,1.0,1.0,D,16.0,17.0,4.0,9.0,9.0,3.0,14.0,8.0,2.0,2.0,0.0,0.0,1.75,3.5,4.75
1011,22/05/11,Roma,Sampdoria,3.0,1.0,H,1.0,1.0,D,18.0,11.0,5.0,3.0,6.0,5.0,12.0,8.0,1.0,1.0,0.0,0.0,1.29,5.0,11.0
1011,22/05/11,Udinese,Milan,0.0,0.0,D,0.0,0.0,D,15.0,11.0,5.0,1.0,4.0,4.0,7.0,13.0,1.0,3.0,0.0,0.0,3.5,1.53,6.5
1112,09/09/11,Milan,Lazio,2.0,2.0,D,2.0,2.0,D,18.0,12.0,8.0,5.0,3.0,1.0,16.0,15.0,2.0,2.0,0.0,0.0,1.62,3.75,5.5
1112,10/09/11,Cesena,Napoli,1.0,3.0,A,1.0,1.0,D,11.0,18.0,3.0,6.0,4.0,6.0,14.0,12.0,2.0,3.0,1.0,0.0,3.25,3.3,2.2
1112,11/09/11,Catania,Siena,0.0,0.0,D,0.0,0.0,D,9.0,4.0,1.0,2.0,4.0,4.0,14.0,25.0,2.0,4.0,0.0,0.0,2.0,3.2,4.0
1112,11/09/11,Chievo,Novara,2.0,2.0,D,2.0,1.0,H,11.0,14.0,4.0,4.0,0.0,6.0,20.0,17.0,1.0,1.0,1.0,0.0,1.91,3.25,4.33
1112,11/09/11,Fiorentina,Bologna,2.0,0.0,H,1.0,0.0,H,15.0,14.0,7.0,2.0,12.0,1.0,22.0,12.0,1.0,1.0,0.0,0.0,1.62,3.4,6.5
1112,11/09/11,Genoa,Atalanta,2.0,2.0,D,1.0,2.0,A,15.0,16.0,4.0,5.0,7.0,3.0,16.0,17.0,2.0,4.0,1.0,0.0,1.73,3.5,5.0
1112,11/09/11,Juventus,Parma,4.0,1.0,H,1.0,0.0,H,12.0,2.0,6.0,1.0,4.0,1.0,15.0,12.0,0.0,2.0,1.0,0.0,1.4,4.5,8.0
1112,11/09/11,Lecce,Udinese,0.0,2.0,A,0.0,2.0,A,18.0,15.0,2.0,4.0,8.0,5.0,19.0,11.0,2.0,1.0,0.0,0.0,3.0,3.2,2.4
1112,11/09/11,Palermo,Inter,4.0,3.0,H,0.0,1.0,A,16.0,18.0,9.0,5.0,4.0,7.0,10.0,20.0,2.0,3.0,0.0,0.0,3.75,3.4,2.0
1112,11/09/11,Roma,Cagliari,1.0,2.0,A,0.0,0.0,D,16.0,10.0,8.0,3.0,5.0,4.0,13.0,16.0,0.0,5.0,1.0,0.0,1.5,4.0,7.0
1112,17/09/11,Cagliari,Novara,2.0,1.0,H,1.0,0.0,H,17.0,7.0,5.0,4.0,4.0,5.0,23.0,18.0,2.0,3.0,0.0,0.0,1.62,3.6,6.0
1112,17/09/11,Inter,Roma,0.0,0.0,D,0.0,0.0,D,18.0,12.0,4.0,3.0,5.0,6.0,12.0,15.0,1.0,1.0,0.0,0.0,1.85,3.5,4.2
1112,18/09/11,Atalanta,Palermo,1.0,0.0,H,1.0,0.0,H,8.0,11.0,1.0,0.0,1.0,8.0,15.0,10.0,4.0,3.0,0.0,0.0,2.4,3.2,3.0
1112,18/09/11,Bologna,Lecce,0.0,2.0,A,0.0,1.0,A,12.0,17.0,4.0,7.0,8.0,3.0,14.0,14.0,3.0,2.0,0.0,0.0,1.85,3.4,4.33
1112,18/09/11,Catania,Cesena,1.0,0.0,H,1.0,0.0,H,10.0,4.0,3.0,2.0,8.0,1.0,16.0,12.0,4.0,2.0,0.0,0.0,2.1,3.1,3.8
1112,18/09/11,Lazio,Genoa,1.0,2.0,A,1.0,0.0,H,11.0,10.0,2.0,4.0,6.0,2.0,13.0,16.0,1.0,2.0,0.0,0.0,1.73,3.5,5.0
1112,18/09/11,Napoli,Milan,3.0,1.0,H,2.0,1.0,H,13.0,11.0,4.0,4.0,2.0,3.0,17.0,10.0,3.0,4.0,0.0,0.0,2.63,3.1,2.75
1112,18/09/11,Parma,Chievo,2.0,1.0,H,1.0,0.0,H,11.0,10.0,5.0,1.0,0.0,2.0,21.0,13.0,1.0,3.0,1.0,0.0,2.05,3.25,3.75
1112,18/09/11,Siena,Juventus,0.0,1.0,A,0.0,0.0,D,5.0,12.0,1.0,5.0,1.0,5.0,14.0,16.0,2.0,0.0,0.0,0.0,5.0,3.5,1.73
1112,18/09/11,Udinese,Fiorentina,2.0,0.0,H,2.0,0.0,H,8.0,11.0,5.0,2.0,4.0,3.0,11.0,15.0,1.0,4.0,0.0,0.0,2.1,3.3,3.5
1112,20/09/11,Novara,Inter,3.0,1.0,H,1.0,0.0,H,13.0,12.0,9.0,2.0,5.0,5.0,10.0,14.0,1.0,4.0,0.0,1.0,6.0,3.6,1.62
1112,21/09/11,Cesena,Lazio,1.0,2.0,A,1.0,0.0,H,9.0,11.0,1.0,7.0,5.0,4.0,12.0,13.0,3.0,1.0,0.0,0.0,3.4,3.2,2.2
1112,21/09/11,Chievo,Napoli,1.0,0.0,H,0.0,0.0,D,11.0,10.0,5.0,1.0,4.0,3.0,15.0,5.0,2.0,2.0,0.0,0.0,4.0,3.2,2.0
1112,21/09/11,Fiorentina,Parma,3.0,0.0,H,0.0,0.0,D,19.0,7.0,6.0,0.0,5.0,5.0,12.0,17.0,0.0,4.0,0.0,0.0,1.8,3.3,4.75
1112,21/09/11,Genoa,Catania,3.0,0.0,H,2.0,0.0,H,18.0,13.0,10.0,4.0,7.0,5.0,15.0,15.0,2.0,1.0,0.0,0.0,1.8,3.3,4.75
1112,21/09/11,Juventus,Bologna,1.0,1.0,D,1.0,0.0,H,18.0,13.0,6.0,4.0,12.0,5.0,16.0,19.0,3.0,5.0,1.0,0.0,1.4,4.33,8.5
1112,21/09/11,Lecce,Atalanta,1.0,2.0,A,1.0,1.0,D,10.0,12.0,6.0,5.0,5.0,3.0,17.0,15.0,2.0,5.0,1.0,0.0,2.5,3.1,2.9
1112,21/09/11,Milan,Udinese,1.0,1.0,D,0.0,1.0,A,24.0,10.0,6.0,5.0,2.0,3.0,13.0,15.0,3.0,1.0,0.0,0.0,1.67,3.5,5.5
1112,21/09/11,Palermo,Cagliari,3.0,2.0,H,2.0,0.0,H,10.0,14.0,3.0,5.0,1.0,5.0,15.0,13.0,4.0,2.0,0.0,0.0,1.91,3.4,4.0
1112,22/09/11,Roma,Siena,1.0,1.0,D,1.0,0.0,H,14.0,14.0,4.0,4.0,6.0,4.0,12.0,8.0,1.0,1.0,0.0,0.0,1.57,3.75,6.0
1112,24/09/11,Bologna,Inter,1.0,3.0,A,0.0,1.0,A,9.0,13.0,4.0,6.0,9.0,1.0,16.0,21.0,2.0,1.0,1.0,0.0,4.0,3.4,1.91
1112,24/09/11,Milan,Cesena,1.0,0.0,H,1.0,0.0,H,10.0,7.0,4.0,3.0,11.0,3.0,16.0,14.0,3.0,1.0,0.0,0.0,1.33,5.0,8.5
1112,24/09/11,Napoli,Fiorentina,0.0,0.0,D,0.0,0.0,D,8.0,12.0,3.0,4.0,7.0,6.0,6.0,14.0,2.0,3.0,0.0,0.0,1.73,3.5,5.0
1112,25/09/11,Atalanta,Novara,2.0,1.0,H,1.0,0.0,H,12.0,11.0,5.0,3.0,4.0,3.0,20.0,23.0,4.0,1.0,0.0,0.0,1.8,3.3,4.75
1112,25/09/11,Cagliari,Udinese,0.0,0.0,D,0.0,0.0,D,16.0,10.0,6.0,4.0,6.0,3.0,13.0,17.0,1.0,5.0,0.0,0.0,2.5,3.2,2.8
1112,25/09/11,Catania,Juventus,1.0,1.0,D,1.0,0.0,H,13.0,15.0,4.0,5.0,3.0,10.0,20.0,16.0,2.0,3.0,0.0,0.0,4.0,3.2,2.0
1112,25/09/11,Chievo,Genoa,2.0,1.0,H,0.0,0.0,D,21.0,8.0,9.0,4.0,8.0,5.0,12.0,16.0,0.0,2.0,0.0,1.0,2.5,3.2,2.8
1112,25/09/11,Lazio,Palermo,0.0,0.0,D,0.0,0.0,D,24.0,13.0,6.0,5.0,9.0,3.0,15.0,13.0,2.0,1.0,0.0,0.0,1.83,3.4,4.5
1112,25/09/11,Parma,Roma,0.0,1.0,A,0.0,0.0,D,15.0,18.0,4.0,4.0,7.0,5.0,13.0,17.0,2.0,3.0,0.0,0.0,3.0,3.2,2.38
1112,25/09/11,Siena,Lecce,3.0,0.0,H,1.0,0.0,H,9.0,8.0,4.0,3.0,1.0,2.0,19.0,13.0,2.0,1.0,0.0,1.0,1.91,3.25,4.33
1112,01/10/11,Inter,Napoli,0.0,3.0,A,0.0,1.0,A,10.0,14.0,2.0,4.0,2.0,6.0,16.0,9.0,3.0,2.0,1.0,0.0,2.0,3.3,3.75
1112,01/10/11,Roma,Atalanta,3.0,1.0,H,2.0,0.0,H,24.0,11.0,6.0,2.0,6.0,10.0,8.0,11.0,1.0,3.0,0.0,0.0,1.7,3.6,5.0
1112,02/10/11,Cesena,Chievo,0.0,0.0,D,0.0,0.0,D,14.0,6.0,4.0,1.0,3.0,2.0,18.0,16.0,5.0,3.0,0.0,0.0,2.4,3.1,3.1
1112,02/10/11,Fiorentina,Lazio,1.0,2.0,A,1.0,1.0,D,12.0,18.0,6.0,7.0,7.0,3.0,12.0,9.0,3.0,1.0,0.0,0.0,2.0,3.4,3.75
1112,02/10/11,Juventus,Milan,2.0,0.0,H,0.0,0.0,D,20.0,4.0,7.0,1.0,5.0,5.0,13.0,14.0,1.0,1.0,0.0,1.0,2.38,3.2,3.0
1112,02/10/11,Lecce,Cagliari,0.0,2.0,A,0.0,2.0,A,11.0,10.0,4.0,3.0,4.0,7.0,24.0,18.0,6.0,2.0,0.0,0.0,2.63,3.1,2.75
1112,02/10/11,Novara,Catania,3.0,3.0,D,0.0,1.0,A,19.0,20.0,7.0,7.0,8.0,4.0,23.0,26.0,5.0,1.0,0.0,0.0,2.3,3.2,3.1
1112,02/10/11,Palermo,Siena,2.0,0.0,H,1.0,0.0,H,17.0,9.0,5.0,1.0,9.0,1.0,16.0,24.0,3.0,4.0,1.0,0.0,1.91,3.4,4.0
1112,02/10/11,Parma,Genoa,3.0,1.0,H,2.0,0.0,H,19.0,17.0,9.0,9.0,3.0,5.0,21.0,14.0,1.0,1.0,0.0,0.0,2.45,3.1,3.0
1112,02/10/11,Udinese,Bologna,2.0,0.0,H,1.0,0.0,H,26.0,10.0,8.0,3.0,4.0,3.0,24.0,19.0,1.0,3.0,0.0,0.0,1.57,3.8,6.0
1112,15/10/11,Catania,Inter,2.0,1.0,H,0.0,1.0,A,11.0,6.0,4.0,2.0,6.0,5.0,15.0,13.0,3.0,2.0,0.0,0.0,3.6,3.25,2.1
1112,15/10/11,Milan,Palermo,3.0,0.0,H,1.0,0.0,H,20.0,6.0,10.0,0.0,10.0,4.0,11.0,13.0,2.0,1.0,0.0,0.0,1.44,4.2,7.5
1112,15/10/11,Napoli,Parma,1.0,2.0,A,0.0,0.0,D,15.0,8.0,5.0,3.0,8.0,0.0,12.0,16.0,1.0,1.0,0.0,0.0,1.5,3.75,7.5
1112,16/10/11,Atalanta,Udinese,0.0,0.0,D,0.0,0.0,D,18.0,6.0,3.0,1.0,3.0,2.0,18.0,22.0,3.0,1.0,0.0,1.0,2.6,3.1,2.8
1112,16/10/11,Cagliari,Siena,0.0,0.0,D,0.0,0.0,D,12.0,7.0,6.0,2.0,4.0,3.0,14.0,16.0,1.0,3.0,0.0,0.0,1.91,3.25,4.33
1112,16/10/11,Cesena,Fiorentina,0.0,0.0,D,0.0,0.0,D,17.0,15.0,3.0,7.0,9.0,5.0,14.0,10.0,2.0,4.0,1.0,0.0,3.0,3.2,2.4
1112,16/10/11,Chievo,Juventus,0.0,0.0,D,0.0,0.0,D,4.0,13.0,2.0,2.0,3.0,4.0,22.0,12.0,6.0,2.0,0.0,0.0,4.0,3.2,2.0
1112,16/10/11,Genoa,Lecce,0.0,0.0,D,0.0,0.0,D,15.0,7.0,6.0,1.0,11.0,2.0,20.0,22.0,2.0,4.0,1.0,0.0,1.57,3.75,6.0
1112,16/10/11,Lazio,Roma,2.0,1.0,H,0.0,1.0,A,23.0,6.0,4.0,2.0,8.0,2.0,15.0,12.0,2.0,4.0,0.0,1.0,2.6,3.2,2.75
1112,16/10/11,Novara,Bologna,0.0,2.0,A,0.0,1.0,A,15.0,10.0,2.0,6.0,8.0,1.0,9.0,22.0,1.0,2.0,0.0,0.0,2.0,3.3,3.8
1112,22/10/11,Fiorentina,Catania,2.0,2.0,D,1.0,1.0,D,17.0,16.0,5.0,3.0,6.0,10.0,20.0,16.0,1.0,1.0,0.0,0.0,1.67,3.5,5.5
1112,22/10/11,Juventus,Genoa,2.0,2.0,D,1.0,1.0,D,20.0,13.0,7.0,5.0,9.0,8.0,11.0,12.0,2.0,5.0,0.0,0.0,1.62,3.6,6.0
1112,23/10/11,Bologna,Lazio,0.0,2.0,A,0.0,1.0,A,14.0,11.0,5.0,1.0,8.0,2.0,19.0,20.0,4.0,3.0,0.0,0.0,3.5,3.3,2.1
1112,23/10/11,Cagliari,Napoli,0.0,0.0,D,0.0,0.0,D,15.0,11.0,2.0,4.0,7.0,4.0,19.0,13.0,3.0,2.0,0.0,0.0,2.8,3.25,2.5
1112,23/10/11,Inter,Chievo,1.0,0.0,H,1.0,0.0,H,22.0,9.0,6.0,3.0,10.0,4.0,9.0,14.0,2.0,2.0,0.0,0.0,1.55,3.75,6.5
1112,23/10/11,Lecce,Milan,3.0,4.0,A,3.0,0.0,H,12.0,19.0,6.0,6.0,3.0,6.0,22.0,17.0,4.0,0.0,0.0,0.0,7.0,4.0,1.5
1112,23/10/11,Parma,Atalanta,1.0,2.0,A,0.0,0.0,D,18.0,9.0,2.0,3.0,9.0,4.0,13.0,15.0,2.0,2.0,0.0,0.0,2.1,3.2,3.6
1112,23/10/11,Roma,Palermo,1.0,0.0,H,1.0,0.0,H,15.0,22.0,1.0,8.0,7.0,6.0,15.0,17.0,2.0,3.0,0.0,0.0,1.73,3.5,5.0
1112,23/10/11,Siena,Cesena,2.0,0.0,H,1.0,0.0,H,12.0,9.0,4.0,1.0,4.0,5.0,8.0,20.0,1.0,1.0,0.0,0.0,1.83,3.4,4.5
1112,23/10/11,Udinese,Novara,3.0,0.0,H,2.0,0.0,H,12.0,14.0,4.0,5.0,9.0,5.0,13.0,16.0,1.0,2.0,0.0,0.0,1.44,4.2,7.5
1112,25/10/11,Juventus,Fiorentina,2.0,1.0,H,1.0,0.0,H,21.0,9.0,14.0,2.0,8.0,4.0,6.0,17.0,1.0,3.0,0.0,0.0,1.67,3.6,5.5
1112,26/10/11,Atalanta,Inter,1.0,1.0,D,1.0,1.0,D,5.0,13.0,4.0,4.0,4.0,5.0,17.0,14.0,2.0,2.0,0.0,0.0,3.2,3.25,2.25
1112,26/10/11,Cesena,Cagliari,1.0,1.0,D,1.0,1.0,D,14.0,4.0,3.0,3.0,13.0,1.0,21.0,22.0,2.0,3.0,0.0,0.0,2.7,3.1,2.7
1112,26/10/11,Chievo,Bologna,0.0,1.0,A,0.0,0.0,D,17.0,9.0,2.0,3.0,6.0,2.0,17.0,19.0,0.0,3.0,0.0,0.0,1.8,3.25,5.0
1112,26/10/11,Genoa,Roma,2.0,1.0,H,1.0,0.0,H,8.0,16.0,5.0,5.0,7.0,5.0,17.0,11.0,2.0,1.0,0.0,0.0,2.6,3.2,2.75
1112,26/10/11,Lazio,Catania,1.0,1.0,D,1.0,0.0,H,17.0,15.0,4.0,5.0,3.0,8.0,13.0,18.0,1.0,5.0,0.0,0.0,1.67,3.6,5.5
1112,26/10/11,Milan,Parma,4.0,1.0,H,2.0,0.0,H,14.0,10.0,8.0,2.0,6.0,3.0,10.0,11.0,2.0,0.0,0.0,0.0,1.33,4.75,10.0
1112,26/10/11,Napoli,Udinese,2.0,0.0,H,2.0,0.0,H,11.0,12.0,4.0,2.0,3.0,4.0,13.0,22.0,0.0,4.0,0.0,0.0,2.05,3.25,3.75
1112,26/10/11,Novara,Siena,1.0,1.0,D,0.0,1.0,A,15.0,9.0,6.0,4.0,7.0,6.0,16.0,21.0,2.0,3.0,0.0,0.0,2.4,3.2,3.0
1112,27/10/11,Palermo,Lecce,2.0,0.0,H,1.0,0.0,H,20.0,18.0,8.0,3.0,7.0,4.0,16.0,12.0,3.0,2.0,0.0,0.0,1.53,4.0,6.25
1112,29/10/11,Catania,Napoli,2.0,1.0,H,1.0,1.0,D,18.0,11.0,5.0,4.0,5.0,7.0,12.0,13.0,1.0,1.0,0.0,1.0,2.9,3.1,2.5
1112,29/10/11,Inter,Juventus,1.0,2.0,A,1.0,2.0,A,20.0,16.0,4.0,6.0,6.0,4.0,16.0,16.0,2.0,5.0,0.0,0.0,2.5,3.2,2.88
1112,29/10/11,Roma,Milan,2.0,3.0,A,1.0,2.0,A,23.0,15.0,9.0,4.0,13.0,4.0,13.0,14.0,2.0,3.0,0.0,1.0,2.75,3.2,2.6
1112,30/10/11,Bologna,Atalanta,3.0,1.0,H,1.0,1.0,D,9.0,14.0,4.0,5.0,7.0,8.0,20.0,15.0,2.0,3.0,0.0,0.0,2.5,3.2,2.88
1112,30/10/11,Cagliari,Lazio,0.0,3.0,A,0.0,2.0,A,11.0,5.0,2.0,4.0,11.0,3.0,7.0,16.0,0.0,0.0,0.0,0.0,2.5,3.2,2.88
1112,30/10/11,Fiorentina,Genoa,1.0,0.0,H,1.0,0.0,H,19.0,5.0,4.0,2.0,11.0,2.0,14.0,22.0,1.0,1.0,0.0,0.0,2.0,3.2,4.0
1112,30/10/11,Lecce,Novara,1.0,1.0,D,1.0,1.0,D,14.0,10.0,7.0,3.0,9.0,8.0,26.0,10.0,4.0,1.0,0.0,0.0,2.2,3.3,3.3
1112,30/10/11,Parma,Cesena,2.0,0.0,H,1.0,0.0,H,22.0,10.0,7.0,3.0,11.0,2.0,16.0,17.0,2.0,4.0,0.0,0.0,1.8,3.25,5.0
1112,30/10/11,Siena,Chievo,4.0,1.0,H,1.0,0.0,H,12.0,5.0,7.0,2.0,4.0,2.0,16.0,28.0,1.0,5.0,0.0,0.0,2.1,3.2,3.6
1112,30/10/11,Udinese,Palermo,1.0,0.0,H,1.0,0.0,H,21.0,13.0,4.0,7.0,4.0,5.0,12.0,13.0,2.0,1.0,0.0,0.0,1.67,3.6,5.5
1112,05/11/11,Novara,Roma,0.0,2.0,A,0.0,0.0,D,13.0,24.0,2.0,9.0,10.0,8.0,19.0,15.0,2.0,2.0,0.0,0.0,4.0,3.4,1.91
1112,05/11/11,Palermo,Bologna,3.0,1.0,H,1.0,0.0,H,13.0,15.0,6.0,6.0,5.0,10.0,23.0,15.0,3.0,2.0,0.0,0.0,1.67,3.5,5.5
1112,06/11/11,Atalanta,Cagliari,1.0,0.0,H,0.0,0.0,D,11.0,11.0,3.0,5.0,1.0,6.0,18.0,19.0,4.0,2.0,0.0,0.0,2.1,3.25,3.5
1112,06/11/11,Cesena,Lecce,0.0,1.0,A,0.0,0.0,D,27.0,9.0,6.0,2.0,21.0,2.0,17.0,18.0,1.0,2.0,0.0,1.0,2.0,3.2,4.0
1112,06/11/11,Chievo,Fiorentina,1.0,0.0,H,0.0,0.0,D,11.0,12.0,3.0,2.0,6.0,5.0,20.0,10.0,1.0,3.0,0.0,0.0,2.7,3.1,2.7
1112,06/11/11,Lazio,Parma,1.0,0.0,H,0.0,0.0,D,12.0,8.0,6.0,2.0,7.0,5.0,6.0,13.0,1.0,1.0,0.0,0.0,1.57,3.6,6.5
1112,06/11/11,Milan,Catania,4.0,0.0,H,2.0,0.0,H,22.0,16.0,10.0,6.0,5.0,3.0,23.0,14.0,4.0,3.0,0.0,0.0,1.33,4.5,11.0
1112,06/11/11,Udinese,Siena,2.0,1.0,H,1.0,0.0,H,15.0,16.0,7.0,5.0,7.0,3.0,10.0,13.0,0.0,2.0,0.0,0.0,1.62,3.6,6.0
1112,19/11/11,Fiorentina,Milan,0.0,0.0,D,0.0,0.0,D,6.0,12.0,0.0,1.0,2.0,2.0,15.0,8.0,1.0,0.0,0.0,0.0,3.5,3.25,2.1
1112,19/11/11,Inter,Cagliari,2.0,1.0,H,0.0,0.0,D,18.0,6.0,8.0,3.0,5.0,0.0,19.0,19.0,1.0,2.0,0.0,0.0,1.53,3.8,6.5
1112,19/11/11,Napoli,Lazio,0.0,0.0,D,0.0,0.0,D,19.0,4.0,6.0,1.0,7.0,3.0,9.0,17.0,0.0,3.0,0.0,0.0,2.05,3.25,3.75
1112,20/11/11,Bologna,Cesena,0.0,1.0,A,0.0,0.0,D,17.0,14.0,5.0,2.0,4.0,7.0,16.0,13.0,3.0,4.0,0.0,0.0,1.91,3.3,4.2
1112,20/11/11,Catania,Chievo,1.0,2.0,A,0.0,1.0,A,18.0,9.0,5.0,2.0,9.0,5.0,14.0,18.0,2.0,3.0,0.0,0.0,1.91,3.3,4.2
1112,20/11/11,Genoa,Novara,1.0,0.0,H,0.0,0.0,D,13.0,14.0,4.0,2.0,6.0,7.0,15.0,22.0,3.0,4.0,1.0,1.0,1.57,3.75,6.0
1112,20/11/11,Juventus,Palermo,3.0,0.0,H,1.0,0.0,H,15.0,8.0,4.0,2.0,4.0,4.0,14.0,14.0,0.0,2.0,0.0,0.0,1.44,4.2,7.5
1112,20/11/11,Parma,Udinese,2.0,0.0,H,0.0,0.0,D,19.0,14.0,4.0,4.0,3.0,7.0,11.0,14.0,2.0,1.0,0.0,0.0,2.9,3.1,2.5
1112,20/11/11,Roma,Lecce,2.0,1.0,H,1.0,0.0,H,16.0,9.0,6.0,2.0,7.0,1.0,5.0,17.0,1.0,2.0,0.0,0.0,1.36,4.5,9.0
1112,20/11/11,Siena,Atalanta,2.0,2.0,D,1.0,1.0,D,21.0,4.0,9.0,3.0,12.0,2.0,9.0,20.0,3.0,2.0,0.0,0.0,2.1,3.2,3.6
1112,25/11/11,Udinese,Roma,2.0,0.0,H,0.0,0.0,D,13.0,11.0,4.0,1.0,4.0,4.0,20.0,13.0,3.0,2.0,0.0,0.0,2.25,3.2,3.25
1112,26/11/11,Atalanta,Napoli,1.0,1.0,D,0.0,0.0,D,11.0,15.0,3.0,1.0,1.0,6.0,16.0,13.0,3.0,5.0,0.0,0.0,2.63,3.1,2.75
1112,26/11/11,Lazio,Juventus,0.0,1.0,A,0.0,1.0,A,19.0,18.0,8.0,5.0,5.0,4.0,19.0,11.0,2.0,1.0,0.0,0.0,2.75,3.1,2.63
1112,26/11/11,Lecce,Catania,0.0,1.0,A,0.0,0.0,D,11.0,16.0,3.0,7.0,7.0,4.0,18.0,17.0,4.0,2.0,0.0,0.0,2.6,3.1,2.8
1112,26/11/11,Novara,Parma,2.0,1.0,H,0.0,1.0,A,12.0,16.0,6.0,4.0,1.0,6.0,12.0,18.0,0.0,2.0,1.0,0.0,2.5,3.1,2.9
1112,27/11/11,Cagliari,Bologna,1.0,1.0,D,0.0,0.0,D,18.0,6.0,5.0,2.0,11.0,6.0,19.0,25.0,4.0,4.0,0.0,0.0,1.85,3.3,4.5
1112,27/11/11,Cesena,Genoa,2.0,0.0,H,0.0,0.0,D,13.0,6.0,8.0,3.0,4.0,6.0,13.0,13.0,2.0,2.0,1.0,0.0,2.63,3.1,2.75
1112,27/11/11,Milan,Chievo,4.0,0.0,H,4.0,0.0,H,13.0,8.0,5.0,4.0,6.0,1.0,13.0,11.0,0.0,1.0,0.0,0.0,1.33,4.75,10.0
1112,27/11/11,Palermo,Fiorentina,2.0,0.0,H,1.0,0.0,H,8.0,19.0,4.0,5.0,5.0,6.0,19.0,13.0,2.0,0.0,0.0,1.0,2.3,3.1,3.3
1112,27/11/11,Siena,Inter,0.0,1.0,A,0.0,0.0,D,9.0,13.0,0.0,4.0,5.0,6.0,10.0,13.0,1.0,2.0,1.0,0.0,3.0,3.2,2.38
1112,29/11/11,Napoli,Juventus,3.0,3.0,D,2.0,0.0,H,10.0,12.0,7.0,7.0,3.0,5.0,11.0,20.0,3.0,4.0,0.0,0.0,2.4,3.2,3.0
1112,02/12/11,Genoa,Milan,0.0,2.0,A,0.0,0.0,D,8.0,18.0,2.0,6.0,4.0,3.0,14.0,12.0,3.0,3.0,1.0,0.0,4.5,3.5,1.8
1112,03/12/11,Inter,Udinese,0.0,1.0,A,0.0,0.0,D,15.0,12.0,2.0,6.0,6.0,4.0,13.0,12.0,1.0,2.0,1.0,1.0,2.0,3.3,3.75
1112,03/12/11,Napoli,Lecce,4.0,2.0,H,3.0,0.0,H,18.0,10.0,9.0,4.0,6.0,6.0,7.0,14.0,1.0,2.0,0.0,0.0,1.36,4.5,9.0
1112,04/12/11,Bologna,Siena,1.0,0.0,H,1.0,0.0,H,14.0,13.0,5.0,4.0,5.0,6.0,23.0,21.0,1.0,2.0,0.0,0.0,2.5,3.0,3.0
1112,04/12/11,Catania,Cagliari,0.0,1.0,A,0.0,0.0,D,16.0,8.0,7.0,5.0,10.0,3.0,22.0,22.0,2.0,1.0,0.0,0.0,2.0,3.2,4.0
1112,04/12/11,Chievo,Atalanta,0.0,0.0,D,0.0,0.0,D,11.0,7.0,2.0,1.0,3.0,4.0,11.0,21.0,2.0,2.0,0.0,0.0,2.3,3.1,3.25
1112,04/12/11,Fiorentina,Roma,3.0,0.0,H,2.0,0.0,H,20.0,7.0,6.0,2.0,10.0,8.0,15.0,11.0,0.0,0.0,0.0,3.0,2.4,3.1,3.1
1112,04/12/11,Juventus,Cesena,2.0,0.0,H,0.0,0.0,D,29.0,2.0,8.0,1.0,10.0,1.0,8.0,15.0,0.0,2.0,0.0,1.0,1.25,5.5,12.0
1112,04/12/11,Parma,Palermo,0.0,0.0,D,0.0,0.0,D,24.0,5.0,4.0,3.0,6.0,2.0,13.0,17.0,1.0,2.0,0.0,0.0,2.1,3.2,3.6
1112,05/12/11,Lazio,Novara,3.0,0.0,H,2.0,0.0,H,23.0,11.0,8.0,4.0,10.0,5.0,10.0,11.0,1.0,2.0,0.0,0.0,1.36,4.5,9.0
1112,10/12/11,Inter,Fiorentina,2.0,0.0,H,1.0,0.0,H,22.0,8.0,6.0,1.0,6.0,2.0,12.0,12.0,1.0,1.0,0.0,0.0,1.91,3.25,4.33
1112,10/12/11,Lecce,Lazio,2.0,3.0,A,1.0,1.0,D,14.0,10.0,8.0,3.0,3.0,1.0,15.0,16.0,2.0,3.0,0.0,0.0,4.2,3.25,1.91
1112,10/12/11,Palermo,Cesena,0.0,1.0,A,0.0,0.0,D,12.0,20.0,6.0,6.0,6.0,4.0,14.0,14.0,1.0,4.0,1.0,0.0,1.62,3.6,6.0
1112,10/12/11,Siena,Genoa,0.0,2.0,A,0.0,0.0,D,14.0,13.0,0.0,4.0,8.0,6.0,16.0,13.0,4.0,2.0,0.0,0.0,2.1,3.2,3.6
1112,11/12/11,Atalanta,Catania,1.0,1.0,D,0.0,1.0,A,15.0,8.0,4.0,4.0,8.0,2.0,17.0,19.0,3.0,2.0,0.0,1.0,2.0,3.2,4.0
1112,11/12/11,Bologna,Milan,2.0,2.0,D,1.0,1.0,D,12.0,13.0,3.0,4.0,2.0,11.0,17.0,13.0,4.0,3.0,0.0,0.0,8.0,4.0,1.44
1112,11/12/11,Cagliari,Parma,0.0,0.0,D,0.0,0.0,D,9.0,13.0,1.0,5.0,3.0,5.0,15.0,16.0,2.0,3.0,0.0,0.0,2.1,3.1,3.75
1112,11/12/11,Novara,Napoli,1.0,1.0,D,0.0,0.0,D,11.0,14.0,2.0,4.0,4.0,3.0,17.0,9.0,3.0,0.0,0.0,0.0,4.0,3.4,1.91
1112,11/12/11,Udinese,Chievo,2.0,1.0,H,0.0,0.0,D,16.0,9.0,5.0,1.0,6.0,4.0,9.0,14.0,2.0,5.0,0.0,0.0,1.5,3.75,7.5
1112,12/12/11,Roma,Juventus,1.0,1.0,D,1.0,0.0,H,12.0,22.0,4.0,9.0,4.0,10.0,17.0,10.0,3.0,3.0,0.0,0.0,4.0,3.2,2.0
1112,13/12/11,Genoa,Inter,0.0,1.0,A,0.0,0.0,D,4.0,17.0,1.0,7.0,6.0,4.0,11.0,15.0,2.0,1.0,0.0,0.0,3.25,3.2,2.25
1112,17/12/11,Chievo,Cagliari,2.0,0.0,H,1.0,0.0,H,15.0,11.0,7.0,4.0,4.0,6.0,20.0,16.0,2.0,2.0,0.0,0.0,1.91,3.25,4.2
1112,17/12/11,Fiorentina,Atalanta,2.0,2.0,D,1.0,0.0,H,17.0,8.0,5.0,2.0,7.0,6.0,19.0,17.0,1.0,2.0,0.0,0.0,1.91,3.25,4.33
1112,17/12/11,Milan,Siena,2.0,0.0,H,0.0,0.0,D,16.0,7.0,6.0,3.0,10.0,2.0,18.0,5.0,1.0,2.0,0.0,0.0,1.29,5.0,12.0
1112,18/12/11,Catania,Palermo,2.0,0.0,H,1.0,0.0,H,18.0,7.0,7.0,3.0,4.0,3.0,22.0,19.0,3.0,5.0,0.0,0.0,2.1,3.2,3.6
1112,18/12/11,Cesena,Inter,0.0,1.0,A,0.0,0.0,D,16.0,13.0,4.0,2.0,5.0,10.0,12.0,10.0,2.0,0.0,0.0,0.0,4.75,3.25,1.83
1112,18/12/11,Genoa,Bologna,2.0,1.0,H,1.0,0.0,H,12.0,15.0,5.0,4.0,1.0,2.0,13.0,19.0,3.0,3.0,0.0,0.0,1.8,3.4,4.75
1112,18/12/11,Juventus,Novara,2.0,0.0,H,1.0,0.0,H,26.0,14.0,12.0,3.0,12.0,2.0,10.0,21.0,1.0,2.0,0.0,0.0,1.22,6.0,13.0
1112,18/12/11,Lazio,Udinese,2.0,2.0,D,1.0,1.0,D,14.0,8.0,5.0,3.0,5.0,2.0,16.0,12.0,2.0,2.0,0.0,0.0,2.2,3.2,3.4
1112,18/12/11,Napoli,Roma,1.0,3.0,A,0.0,1.0,A,18.0,16.0,6.0,4.0,12.0,2.0,8.0,15.0,0.0,2.0,0.0,0.0,1.83,3.4,4.5
1112,18/12/11,Parma,Lecce,3.0,3.0,D,1.0,0.0,H,12.0,10.0,4.0,4.0,4.0,2.0,14.0,23.0,4.0,3.0,0.0,0.0,1.67,3.6,5.5
1112,20/12/11,Cagliari,Milan,0.0,2.0,A,0.0,1.0,A,16.0,6.0,5.0,3.0,7.0,1.0,9.0,17.0,2.0,2.0,0.0,0.0,6.5,3.6,1.57
1112,20/12/11,Siena,Fiorentina,0.0,0.0,D,0.0,0.0,D,9.0,14.0,3.0,5.0,1.0,9.0,14.0,16.0,5.0,5.0,0.0,0.0,2.5,3.1,2.9
1112,21/12/11,Atalanta,Cesena,4.0,1.0,H,3.0,1.0,H,12.0,13.0,7.0,3.0,5.0,4.0,16.0,13.0,1.0,3.0,0.0,0.0,1.91,3.25,4.33
1112,21/12/11,Bologna,Roma,0.0,2.0,A,0.0,2.0,A,11.0,16.0,5.0,6.0,4.0,2.0,18.0,12.0,3.0,2.0,1.0,0.0,3.4,3.1,2.25
1112,21/12/11,Inter,Lecce,4.0,1.0,H,1.0,1.0,D,26.0,10.0,8.0,3.0,12.0,2.0,7.0,12.0,1.0,2.0,0.0,0.0,1.3,5.0,11.0
1112,21/12/11,Lazio,Chievo,0.0,0.0,D,0.0,0.0,D,9.0,14.0,0.0,6.0,7.0,4.0,10.0,11.0,0.0,0.0,0.0,0.0,1.53,3.75,7.0
1112,21/12/11,Napoli,Genoa,6.0,1.0,H,4.0,1.0,H,18.0,11.0,9.0,5.0,4.0,3.0,5.0,9.0,1.0,1.0,0.0,0.0,1.57,3.75,6.25
1112,21/12/11,Novara,Palermo,2.0,2.0,D,0.0,1.0,A,20.0,15.0,5.0,2.0,5.0,5.0,15.0,11.0,2.0,2.0,0.0,1.0,2.38,3.0,3.2
1112,21/12/11,Parma,Catania,3.0,3.0,D,3.0,1.0,H,10.0,21.0,5.0,5.0,3.0,6.0,18.0,17.0,1.0,3.0,0.0,0.0,2.1,3.2,3.6
1112,21/12/11,Udinese,Juventus,0.0,0.0,D,0.0,0.0,D,9.0,17.0,4.0,5.0,3.0,6.0,21.0,14.0,3.0,1.0,0.0,0.0,2.88,3.2,2.5
1112,07/01/12,Inter,Parma,5.0,0.0,H,3.0,0.0,H,11.0,12.0,6.0,1.0,4.0,5.0,11.0,13.0,1.0,1.0,0.0,0.0,1.4,4.33,8.5
1112,07/01/12,Siena,Lazio,4.0,0.0,H,3.0,0.0,H,15.0,15.0,7.0,3.0,1.0,7.0,15.0,12.0,3.0,1.0,0.0,1.0,3.25,3.1,2.3
1112,08/01/12,Atalanta,Milan,0.0,2.0,A,0.0,1.0,A,8.0,13.0,3.0,3.0,5.0,6.0,17.0,19.0,4.0,2.0,0.0,0.0,5.5,3.25,1.73
1112,08/01/12,Bologna,Catania,2.0,0.0,H,0.0,0.0,D,13.0,8.0,5.0,2.0,2.0,1.0,13.0,29.0,3.0,4.0,0.0,1.0,2.3,3.2,3.2
1112,08/01/12,Cagliari,Genoa,3.0,0.0,H,1.0,0.0,H,20.0,7.0,8.0,2.0,7.0,1.0,18.0,16.0,2.0,3.0,0.0,1.0,2.25,3.1,3.4
1112,08/01/12,Lecce,Juventus,0.0,1.0,A,0.0,1.0,A,15.0,18.0,3.0,8.0,4.0,7.0,19.0,16.0,3.0,2.0,0.0,0.0,7.5,3.8,1.5
1112,08/01/12,Novara,Fiorentina,0.0,3.0,A,0.0,2.0,A,9.0,14.0,0.0,4.0,12.0,1.0,21.0,15.0,1.0,2.0,0.0,0.0,2.9,3.1,2.5
1112,08/01/12,Palermo,Napoli,1.0,3.0,A,0.0,1.0,A,11.0,13.0,3.0,6.0,4.0,3.0,5.0,9.0,0.0,0.0,0.0,0.0,3.0,3.25,2.38
1112,08/01/12,Roma,Chievo,2.0,0.0,H,1.0,0.0,H,20.0,10.0,8.0,2.0,8.0,5.0,18.0,17.0,3.0,2.0,0.0,0.0,1.62,3.6,6.0
1112,08/01/12,Udinese,Cesena,4.0,1.0,H,1.0,1.0,D,19.0,11.0,6.0,3.0,10.0,2.0,11.0,12.0,1.0,1.0,0.0,1.0,1.44,3.8,9.0
1112,15/01/12,Cesena,Novara,3.0,1.0,H,3.0,0.0,H,17.0,16.0,8.0,6.0,7.0,7.0,18.0,19.0,2.0,4.0,0.0,0.0,2.0,3.2,4.0
1112,15/01/12,Chievo,Palermo,1.0,0.0,H,0.0,0.0,D,10.0,8.0,4.0,2.0,4.0,6.0,16.0,25.0,2.0,2.0,0.0,0.0,2.1,3.0,3.9
1112,15/01/12,Fiorentina,Lecce,0.0,1.0,A,0.0,0.0,D,12.0,3.0,5.0,3.0,4.0,5.0,10.0,17.0,3.0,2.0,0.0,0.0,1.4,4.5,8.0
1112,15/01/12,Genoa,Udinese,3.0,2.0,H,0.0,1.0,A,18.0,17.0,12.0,8.0,5.0,3.0,12.0,11.0,1.0,2.0,1.0,0.0,2.9,3.1,2.5
1112,15/01/12,Juventus,Cagliari,1.0,1.0,D,1.0,0.0,H,11.0,9.0,3.0,1.0,6.0,4.0,11.0,19.0,2.0,2.0,0.0,0.0,1.3,4.5,13.0
1112,15/01/12,Lazio,Atalanta,2.0,0.0,H,1.0,0.0,H,11.0,4.0,5.0,4.0,5.0,3.0,26.0,16.0,3.0,1.0,0.0,1.0,1.8,3.4,4.75
1112,15/01/12,Milan,Inter,0.0,1.0,A,0.0,0.0,D,16.0,12.0,3.0,4.0,10.0,2.0,16.0,10.0,3.0,1.0,0.0,0.0,2.1,3.25,3.6
1112,15/01/12,Parma,Siena,3.0,1.0,H,1.0,0.0,H,10.0,11.0,6.0,3.0,1.0,5.0,15.0,11.0,3.0,2.0,0.0,0.0,2.2,3.0,3.6
1112,16/01/12,Napoli,Bologna,1.0,1.0,D,0.0,1.0,A,11.0,7.0,3.0,4.0,9.0,1.0,12.0,16.0,1.0,4.0,0.0,0.0,1.33,5.0,9.0
1112,21/01/12,Atalanta,Juventus,0.0,2.0,A,0.0,0.0,D,8.0,18.0,5.0,8.0,6.0,7.0,15.0,9.0,2.0,1.0,0.0,0.0,4.33,3.25,1.91
1112,21/01/12,Roma,Cesena,5.0,1.0,H,3.0,0.0,H,23.0,8.0,11.0,5.0,9.0,4.0,8.0,7.0,0.0,1.0,0.0,0.0,1.4,4.2,9.0
1112,22/01/12,Bologna,Parma,0.0,0.0,D,0.0,0.0,D,9.0,9.0,2.0,2.0,5.0,3.0,15.0,26.0,1.0,4.0,0.0,0.0,2.5,3.0,3.0
1112,22/01/12,Cagliari,Fiorentina,0.0,0.0,D,0.0,0.0,D,14.0,6.0,3.0,1.0,5.0,2.0,16.0,17.0,3.0,5.0,0.0,0.0,2.38,3.1,3.1
1112,22/01/12,Inter,Lazio,2.0,1.0,H,1.0,1.0,D,10.0,10.0,4.0,2.0,5.0,5.0,14.0,16.0,0.0,1.0,0.0,0.0,1.62,3.6,6.0
1112,22/01/12,Lecce,Chievo,2.0,2.0,D,1.0,2.0,A,14.0,10.0,6.0,4.0,6.0,3.0,13.0,17.0,3.0,2.0,0.0,0.0,2.4,3.2,3.0
1112,22/01/12,Novara,Milan,0.0,3.0,A,0.0,0.0,D,10.0,24.0,2.0,9.0,6.0,5.0,14.0,13.0,4.0,1.0,0.0,0.0,8.5,4.33,1.4
1112,22/01/12,Palermo,Genoa,5.0,3.0,H,3.0,1.0,H,22.0,17.0,8.0,6.0,10.0,6.0,17.0,19.0,2.0,2.0,0.0,0.0,2.05,3.25,3.75
1112,22/01/12,Siena,Napoli,1.0,1.0,D,0.0,0.0,D,7.0,14.0,1.0,7.0,6.0,9.0,23.0,14.0,4.0,2.0,0.0,0.0,3.5,3.3,2.1
1112,22/01/12,Udinese,Catania,2.0,1.0,H,1.0,0.0,H,11.0,14.0,3.0,4.0,1.0,5.0,18.0,10.0,2.0,2.0,0.0,0.0,1.62,3.6,6.0
1112,28/01/12,Catania,Parma,1.0,1.0,D,1.0,1.0,D,11.0,9.0,3.0,1.0,7.0,2.0,10.0,16.0,1.0,1.0,0.0,0.0,2.1,3.25,3.6
1112,28/01/12,Juventus,Udinese,2.0,1.0,H,1.0,0.0,H,23.0,11.0,5.0,3.0,4.0,6.0,7.0,21.0,2.0,4.0,0.0,0.0,1.62,3.75,5.5
1112,29/01/12,Cesena,Atalanta,0.0,1.0,A,0.0,0.0,D,14.0,13.0,3.0,6.0,12.0,10.0,23.0,15.0,2.0,3.0,0.0,1.0,2.6,3.1,2.8
1112,29/01/12,Chievo,Lazio,0.0,3.0,A,0.0,1.0,A,13.0,15.0,4.0,7.0,6.0,3.0,17.0,20.0,0.0,4.0,0.0,0.0,2.88,3.2,2.5
1112,29/01/12,Fiorentina,Siena,2.0,1.0,H,1.0,0.0,H,13.0,7.0,8.0,4.0,3.0,2.0,19.0,20.0,1.0,2.0,0.0,0.0,1.83,3.25,4.75
1112,29/01/12,Genoa,Napoli,3.0,2.0,H,2.0,0.0,H,10.0,12.0,4.0,5.0,5.0,7.0,14.0,17.0,4.0,3.0,0.0,0.0,3.2,3.25,2.25
1112,29/01/12,Lecce,Inter,1.0,0.0,H,1.0,0.0,H,6.0,22.0,3.0,6.0,5.0,7.0,17.0,5.0,3.0,0.0,0.0,0.0,6.0,3.6,1.62
1112,29/01/12,Milan,Cagliari,3.0,0.0,H,2.0,0.0,H,13.0,11.0,7.0,0.0,4.0,7.0,15.0,17.0,2.0,0.0,0.0,0.0,1.3,5.0,10.0
1112,29/01/12,Palermo,Novara,2.0,0.0,H,1.0,0.0,H,13.0,9.0,6.0,2.0,3.0,9.0,20.0,10.0,4.0,1.0,0.0,0.0,1.53,3.75,7.0
1112,29/01/12,Roma,Bologna,1.0,1.0,D,0.0,0.0,D,24.0,11.0,8.0,5.0,7.0,3.0,12.0,13.0,1.0,2.0,0.0,0.0,1.4,4.2,9.0
1112,01/02/12,Cagliari,Roma,4.0,2.0,H,2.0,2.0,D,13.0,17.0,5.0,6.0,4.0,7.0,8.0,13.0,3.0,3.0,0.0,0.0,2.88,3.2,2.5
1112,01/02/12,Inter,Palermo,4.0,4.0,D,1.0,1.0,D,16.0,11.0,4.0,5.0,5.0,6.0,6.0,17.0,2.0,1.0,0.0,0.0,1.44,4.2,7.5
1112,01/02/12,Lazio,Milan,2.0,0.0,H,0.0,0.0,D,10.0,10.0,4.0,2.0,6.0,9.0,14.0,11.0,2.0,1.0,0.0,0.0,3.2,3.2,2.3
1112,01/02/12,Napoli,Cesena,0.0,0.0,D,0.0,0.0,D,18.0,9.0,10.0,3.0,9.0,2.0,15.0,22.0,5.0,4.0,0.0,0.0,1.29,5.0,11.0
1112,01/02/12,Udinese,Lecce,2.0,1.0,H,2.0,1.0,H,8.0,14.0,6.0,3.0,3.0,3.0,13.0,15.0,2.0,1.0,0.0,0.0,1.44,4.2,7.0
1112,02/02/12,Novara,Chievo,1.0,2.0,A,0.0,1.0,A,14.0,13.0,4.0,6.0,2.0,3.0,11.0,20.0,2.0,2.0,0.0,0.0,2.63,3.1,2.75
1112,04/02/12,Roma,Inter,4.0,0.0,H,2.0,0.0,H,12.0,4.0,6.0,2.0,5.0,3.0,19.0,12.0,3.0,2.0,0.0,0.0,2.4,3.2,3.0
1112,05/02/12,Chievo,Parma,1.0,2.0,A,0.0,0.0,D,11.0,8.0,7.0,5.0,9.0,3.0,16.0,25.0,0.0,2.0,0.0,0.0,2.3,3.1,3.3
1112,05/02/12,Fiorentina,Udinese,3.0,2.0,H,1.0,1.0,D,17.0,14.0,6.0,7.0,3.0,6.0,19.0,16.0,2.0,0.0,0.0,0.0,2.4,3.2,3.0
1112,05/02/12,Genoa,Lazio,3.0,2.0,H,2.0,0.0,H,10.0,15.0,5.0,8.0,4.0,11.0,20.0,15.0,4.0,2.0,0.0,1.0,2.5,3.25,2.8
1112,05/02/12,Juventus,Siena,0.0,0.0,D,0.0,0.0,D,20.0,10.0,7.0,2.0,9.0,3.0,11.0,14.0,3.0,2.0,0.0,0.0,1.3,5.0,11.0
1112,05/02/12,Lecce,Bologna,0.0,0.0,D,0.0,0.0,D,12.0,7.0,3.0,2.0,6.0,4.0,23.0,19.0,3.0,5.0,1.0,0.0,2.3,3.2,3.2
1112,05/02/12,Milan,Napoli,0.0,0.0,D,0.0,0.0,D,16.0,9.0,5.0,1.0,12.0,8.0,15.0,8.0,4.0,3.0,1.0,0.0,1.73,3.5,5.0
1112,05/02/12,Novara,Cagliari,0.0,0.0,D,0.0,0.0,D,9.0,17.0,4.0,2.0,4.0,5.0,19.0,17.0,2.0,0.0,0.0,0.0,2.8,3.1,2.63
1112,05/02/12,Palermo,Atalanta,2.0,1.0,H,1.0,0.0,H,25.0,7.0,11.0,2.0,6.0,1.0,24.0,13.0,2.0,3.0,0.0,1.0,1.83,3.4,4.5
1112,08/02/12,Catania,Roma,1.0,1.0,D,1.0,1.0,D,20.0,15.0,6.0,4.0,4.0,4.0,18.0,13.0,5.0,4.0,0.0,0.0,3.25,3.2,2.25
1112,09/02/12,Lazio,Cesena,3.0,2.0,H,0.0,2.0,A,12.0,9.0,5.0,4.0,6.0,0.0,13.0,23.0,2.0,4.0,1.0,0.0,1.5,3.75,7.5
1112,11/02/12,Cagliari,Palermo,2.0,1.0,H,0.0,0.0,D,20.0,15.0,9.0,5.0,3.0,8.0,14.0,16.0,3.0,3.0,0.0,0.0,2.1,3.2,3.6
1112,11/02/12,Udinese,Milan,1.0,2.0,A,1.0,0.0,H,16.0,15.0,6.0,6.0,11.0,3.0,19.0,15.0,2.0,2.0,0.0,0.0,2.5,3.2,2.88
1112,12/02/12,Atalanta,Lecce,0.0,0.0,D,0.0,0.0,D,13.0,9.0,5.0,1.0,6.0,3.0,8.0,19.0,1.0,2.0,0.0,0.0,1.83,3.4,4.5
1112,12/02/12,Catania,Genoa,4.0,0.0,H,1.0,0.0,H,16.0,16.0,6.0,4.0,4.0,5.0,18.0,11.0,0.0,5.0,0.0,0.0,2.1,3.25,3.5
1112,12/02/12,Inter,Novara,0.0,1.0,A,0.0,0.0,D,30.0,6.0,6.0,3.0,8.0,7.0,8.0,21.0,0.0,2.0,0.0,1.0,1.25,5.5,13.0
1112,13/02/12,Napoli,Chievo,2.0,0.0,H,2.0,0.0,H,12.0,10.0,5.0,3.0,9.0,4.0,7.0,21.0,3.0,3.0,0.0,0.0,1.53,4.0,6.0
1112,13/02/12,Siena,Roma,1.0,0.0,H,0.0,0.0,D,8.0,11.0,3.0,2.0,3.0,3.0,20.0,19.0,1.0,2.0,0.0,0.0,3.1,3.25,2.3
1112,15/02/12,Atalanta,Genoa,1.0,0.0,H,0.0,0.0,D,9.0,10.0,2.0,0.0,5.0,7.0,15.0,23.0,2.0,1.0,0.0,0.0,2.1,3.3,3.5
1112,15/02/12,Parma,Juventus,0.0,0.0,D,0.0,0.0,D,6.0,17.0,1.0,4.0,4.0,7.0,18.0,10.0,1.0,3.0,0.0,0.0,4.75,3.4,1.8
1112,17/02/12,Fiorentina,Napoli,0.0,3.0,A,0.0,1.0,A,16.0,14.0,2.0,5.0,5.0,4.0,17.0,11.0,2.0,3.0,0.0,0.0,2.38,3.0,3.25
1112,17/02/12,Inter,Bologna,0.0,3.0,A,0.0,2.0,A,15.0,10.0,5.0,4.0,6.0,2.0,21.0,12.0,1.0,1.0,0.0,0.0,1.44,4.0,8.0
1112,18/02/12,Juventus,Catania,3.0,1.0,H,1.0,1.0,D,29.0,8.0,11.0,6.0,8.0,1.0,12.0,15.0,2.0,2.0,0.0,1.0,1.33,5.0,9.0
1112,19/02/12,Cesena,Milan,1.0,3.0,A,0.0,2.0,A,14.0,17.0,3.0,7.0,4.0,7.0,15.0,11.0,3.0,1.0,0.0,0.0,6.5,3.8,1.53
1112,19/02/12,Genoa,Chievo,0.0,1.0,A,0.0,1.0,A,15.0,10.0,4.0,6.0,11.0,5.0,14.0,23.0,3.0,5.0,0.0,0.0,1.91,3.4,4.0
1112,19/02/12,Lecce,Siena,4.0,1.0,H,1.0,1.0,D,11.0,9.0,6.0,4.0,4.0,5.0,10.0,23.0,3.0,5.0,1.0,0.0,2.4,3.2,3.0
1112,19/02/12,Novara,Atalanta,0.0,0.0,D,0.0,0.0,D,14.0,15.0,4.0,5.0,9.0,7.0,13.0,17.0,0.0,0.0,1.0,0.0,2.6,3.2,2.75
1112,19/02/12,Palermo,Lazio,5.0,1.0,H,3.0,0.0,H,12.0,19.0,6.0,10.0,3.0,5.0,13.0,16.0,0.0,2.0,0.0,1.0,2.4,3.2,3.0
1112,19/02/12,Roma,Parma,1.0,0.0,H,1.0,0.0,H,17.0,6.0,8.0,3.0,5.0,3.0,14.0,25.0,1.0,3.0,0.0,0.0,1.57,3.75,6.0
1112,19/02/12,Udinese,Cagliari,0.0,0.0,D,0.0,0.0,D,13.0,6.0,3.0,2.0,3.0,2.0,19.0,16.0,2.0,3.0,0.0,0.0,1.95,3.4,4.0
1112,21/02/12,Bologna,Fiorentina,2.0,0.0,H,2.0,0.0,H,10.0,11.0,5.0,3.0,5.0,7.0,19.0,25.0,1.0,3.0,0.0,1.0,2.5,3.0,3.0
1112,22/02/12,Siena,Catania,0.0,1.0,A,0.0,1.0,A,15.0,12.0,8.0,2.0,10.0,1.0,16.0,12.0,2.0,2.0,0.0,0.0,2.1,3.2,3.6
1112,25/02/12,Genoa,Parma,2.0,2.0,D,0.0,1.0,A,20.0,10.0,5.0,4.0,7.0,6.0,15.0,15.0,2.0,4.0,0.0,1.0,2.1,3.2,3.6
1112,25/02/12,Milan,Juventus,1.0,1.0,D,1.0,0.0,H,10.0,15.0,3.0,3.0,10.0,2.0,11.0,12.0,3.0,3.0,0.0,1.0,2.2,3.25,3.3
1112,26/02/12,Atalanta,Roma,4.0,1.0,H,2.0,1.0,H,9.0,17.0,6.0,1.0,2.0,3.0,18.0,23.0,4.0,2.0,0.0,2.0,3.0,3.25,2.38
1112,26/02/12,Bologna,Udinese,1.0,3.0,A,0.0,1.0,A,10.0,9.0,1.0,5.0,2.0,2.0,24.0,23.0,3.0,4.0,0.0,0.0,2.5,3.0,3.0
1112,26/02/12,Cagliari,Lecce,1.0,2.0,A,0.0,1.0,A,17.0,9.0,6.0,3.0,8.0,0.0,17.0,19.0,3.0,2.0,1.0,0.0,1.8,3.4,4.75
1112,26/02/12,Catania,Novara,3.0,1.0,H,1.0,0.0,H,23.0,17.0,9.0,4.0,7.0,3.0,12.0,15.0,0.0,2.0,0.0,0.0,1.53,3.8,6.5
1112,26/02/12,Chievo,Cesena,1.0,0.0,H,0.0,0.0,D,18.0,11.0,3.0,2.0,1.0,3.0,13.0,18.0,3.0,3.0,0.0,1.0,2.0,3.2,4.0
1112,26/02/12,Lazio,Fiorentina,1.0,0.0,H,1.0,0.0,H,6.0,10.0,2.0,3.0,2.0,5.0,10.0,18.0,1.0,1.0,0.0,0.0,2.1,3.25,3.6
1112,26/02/12,Napoli,Inter,1.0,0.0,H,0.0,0.0,D,17.0,8.0,5.0,1.0,11.0,0.0,13.0,18.0,1.0,5.0,1.0,0.0,1.83,3.4,4.33
1112,26/02/12,Siena,Palermo,4.0,1.0,H,2.0,1.0,H,12.0,7.0,7.0,5.0,6.0,7.0,18.0,12.0,2.0,5.0,0.0,1.0,2.2,3.2,3.4
1112,03/03/12,Juventus,Chievo,1.0,1.0,D,1.0,0.0,H,20.0,14.0,5.0,4.0,12.0,0.0,7.0,13.0,0.0,1.0,0.0,0.0,1.29,5.25,10.0
1112,03/03/12,Palermo,Milan,0.0,4.0,A,0.0,3.0,A,15.0,19.0,4.0,12.0,6.0,10.0,5.0,15.0,0.0,0.0,0.0,0.0,4.75,3.6,1.73
1112,04/03/12,Bologna,Novara,1.0,0.0,H,0.0,0.0,D,23.0,6.0,8.0,0.0,10.0,4.0,8.0,17.0,2.0,3.0,0.0,1.0,1.73,3.5,5.0
1112,04/03/12,Fiorentina,Cesena,2.0,0.0,H,0.0,0.0,D,13.0,6.0,4.0,2.0,5.0,3.0,22.0,20.0,2.0,2.0,0.0,0.0,1.5,3.75,7.5
1112,04/03/12,Inter,Catania,2.0,2.0,D,0.0,2.0,A,17.0,12.0,7.0,5.0,7.0,3.0,12.0,16.0,1.0,1.0,0.0,0.0,1.67,3.5,5.5
1112,04/03/12,Lecce,Genoa,2.0,2.0,D,0.0,1.0,A,13.0,14.0,2.0,8.0,3.0,8.0,11.0,16.0,5.0,2.0,0.0,0.0,2.15,3.3,3.4
1112,04/03/12,Parma,Napoli,1.0,2.0,A,0.0,1.0,A,20.0,9.0,4.0,4.0,12.0,1.0,19.0,16.0,4.0,4.0,0.0,0.0,3.6,3.2,2.1
1112,04/03/12,Roma,Lazio,1.0,2.0,A,1.0,1.0,D,11.0,12.0,1.0,6.0,2.0,3.0,12.0,27.0,4.0,4.0,1.0,1.0,2.1,3.3,3.5
1112,04/03/12,Siena,Cagliari,3.0,0.0,H,1.0,0.0,H,10.0,13.0,5.0,2.0,4.0,6.0,23.0,10.0,2.0,1.0,0.0,0.0,2.1,3.2,3.6
1112,04/03/12,Udinese,Atalanta,0.0,0.0,D,0.0,0.0,D,19.0,3.0,7.0,0.0,5.0,1.0,12.0,18.0,2.0,3.0,0.0,0.0,1.67,3.5,5.5
1112,07/03/12,Bologna,Juventus,1.0,1.0,D,1.0,0.0,H,9.0,13.0,2.0,4.0,1.0,6.0,20.0,19.0,3.0,2.0,0.0,1.0,5.0,3.5,1.73
1112,07/03/12,Cesena,Catania,0.0,0.0,D,0.0,0.0,D,8.0,21.0,0.0,5.0,5.0,10.0,20.0,7.0,4.0,1.0,1.0,1.0,2.7,3.0,2.8
1112,07/03/12,Parma,Fiorentina,2.0,2.0,D,1.0,0.0,H,15.0,9.0,7.0,2.0,7.0,2.0,14.0,13.0,2.0,5.0,0.0,0.0,2.1,3.1,3.75
1112,09/03/12,Chievo,Inter,0.0,2.0,A,0.0,0.0,D,6.0,21.0,1.0,7.0,2.0,8.0,19.0,11.0,0.0,0.0,0.0,0.0,2.75,3.2,2.6
1112,09/03/12,Napoli,Cagliari,6.0,3.0,H,3.0,1.0,H,14.0,10.0,6.0,5.0,2.0,8.0,17.0,16.0,0.0,3.0,0.0,0.0,1.53,3.75,7.0
1112,10/03/12,Palermo,Roma,0.0,1.0,A,0.0,1.0,A,23.0,14.0,6.0,4.0,10.0,6.0,15.0,7.0,4.0,2.0,0.0,0.0,2.63,3.3,2.63
1112,11/03/12,Atalanta,Parma,1.0,1.0,D,1.0,0.0,H,16.0,10.0,4.0,3.0,13.0,6.0,16.0,18.0,1.0,2.0,0.0,0.0,2.1,3.1,3.75
1112,11/03/12,Catania,Fiorentina,1.0,0.0,H,0.0,0.0,D,15.0,13.0,5.0,6.0,6.0,5.0,11.0,13.0,0.0,2.0,0.0,0.0,2.0,3.3,3.8
1112,11/03/12,Cesena,Siena,0.0,2.0,A,0.0,0.0,D,15.0,9.0,5.0,3.0,4.0,3.0,17.0,29.0,2.0,1.0,1.0,0.0,2.9,3.1,2.5
1112,11/03/12,Genoa,Juventus,0.0,0.0,D,0.0,0.0,D,13.0,30.0,4.0,5.0,6.0,17.0,15.0,13.0,3.0,2.0,0.0,0.0,4.33,3.5,1.83
1112,11/03/12,Lazio,Bologna,1.0,3.0,A,0.0,2.0,A,11.0,16.0,5.0,6.0,7.0,4.0,16.0,16.0,0.0,1.0,2.0,0.0,1.67,3.5,5.5
1112,11/03/12,Milan,Lecce,2.0,0.0,H,1.0,0.0,H,19.0,6.0,10.0,1.0,13.0,3.0,15.0,7.0,1.0,1.0,0.0,0.0,1.2,6.0,15.0
1112,11/03/12,Novara,Udinese,1.0,0.0,H,1.0,0.0,H,8.0,19.0,5.0,3.0,2.0,3.0,15.0,15.0,4.0,3.0,0.0,0.0,4.2,3.3,1.91
1112,17/03/12,Fiorentina,Juventus,0.0,5.0,A,0.0,2.0,A,8.0,15.0,1.0,7.0,6.0,5.0,13.0,8.0,1.0,1.0,1.0,0.0,4.0,3.2,2.0
1112,17/03/12,Parma,Milan,0.0,2.0,A,0.0,1.0,A,19.0,15.0,4.0,6.0,8.0,2.0,12.0,11.0,2.0,2.0,0.0,0.0,5.5,3.5,1.67
1112,18/03/12,Bologna,Chievo,2.0,2.0,D,0.0,1.0,A,14.0,11.0,6.0,4.0,8.0,1.0,15.0,24.0,1.0,4.0,0.0,0.0,2.2,2.8,4.0
1112,18/03/12,Cagliari,Cesena,3.0,0.0,H,2.0,0.0,H,15.0,7.0,4.0,4.0,9.0,5.0,17.0,12.0,2.0,0.0,0.0,2.0,1.53,3.75,7.0
1112,18/03/12,Catania,Lazio,1.0,0.0,H,0.0,0.0,D,10.0,9.0,3.0,2.0,4.0,0.0,17.0,23.0,2.0,3.0,0.0,0.0,2.38,3.25,3.0
1112,18/03/12,Inter,Atalanta,0.0,0.0,D,0.0,0.0,D,16.0,7.0,4.0,2.0,5.0,3.0,14.0,20.0,2.0,4.0,0.0,0.0,1.62,3.8,5.5
1112,18/03/12,Lecce,Palermo,1.0,1.0,D,1.0,1.0,D,11.0,10.0,6.0,5.0,3.0,6.0,18.0,11.0,3.0,3.0,1.0,1.0,2.05,3.4,3.6
1112,18/03/12,Siena,Novara,0.0,2.0,A,0.0,0.0,D,13.0,10.0,0.0,3.0,5.0,4.0,15.0,18.0,1.0,1.0,0.0,0.0,1.57,3.6,6.5
1112,18/03/12,Udinese,Napoli,2.0,2.0,D,1.0,0.0,H,7.0,19.0,2.0,7.0,4.0,7.0,21.0,16.0,3.0,2.0,1.0,0.0,2.5,3.2,2.88
1112,19/03/12,Roma,Genoa,1.0,0.0,H,1.0,0.0,H,20.0,13.0,8.0,4.0,7.0,3.0,9.0,10.0,1.0,2.0,0.0,0.0,1.5,4.0,7.0
1112,24/03/12,Milan,Roma,2.0,1.0,H,0.0,1.0,A,24.0,14.0,10.0,3.0,9.0,4.0,25.0,10.0,3.0,2.0,0.0,0.0,1.67,3.5,5.5
1112,24/03/12,Palermo,Udinese,1.0,1.0,D,1.0,0.0,H,9.0,23.0,3.0,5.0,2.0,5.0,18.0,14.0,2.0,1.0,0.0,0.0,2.4,3.3,2.88
1112,25/03/12,Atalanta,Bologna,2.0,0.0,H,0.0,0.0,D,16.0,13.0,9.0,5.0,8.0,2.0,18.0,20.0,1.0,4.0,0.0,0.0,2.38,2.63,3.75
1112,25/03/12,Cesena,Parma,2.0,2.0,D,0.0,1.0,A,15.0,25.0,5.0,7.0,2.0,11.0,15.0,16.0,2.0,2.0,0.0,0.0,3.8,3.3,2.0
1112,25/03/12,Chievo,Siena,1.0,1.0,D,1.0,0.0,H,17.0,8.0,5.0,2.0,4.0,3.0,17.0,7.0,3.0,3.0,0.0,0.0,2.5,2.4,4.0
1112,25/03/12,Genoa,Fiorentina,2.0,2.0,D,1.0,1.0,D,12.0,17.0,3.0,6.0,4.0,4.0,20.0,21.0,0.0,4.0,0.0,0.0,2.4,3.0,3.2
1112,25/03/12,Juventus,Inter,2.0,0.0,H,0.0,0.0,D,19.0,12.0,12.0,6.0,8.0,5.0,8.0,11.0,1.0,2.0,0.0,0.0,1.62,3.75,5.5
1112,25/03/12,Lazio,Cagliari,1.0,0.0,H,0.0,0.0,D,15.0,6.0,5.0,2.0,7.0,2.0,21.0,16.0,2.0,4.0,0.0,0.0,1.8,3.25,5.0
1112,25/03/12,Napoli,Catania,2.0,2.0,D,0.0,0.0,D,18.0,11.0,5.0,5.0,5.0,7.0,11.0,14.0,1.0,3.0,0.0,0.0,1.57,3.75,6.0
1112,25/03/12,Novara,Lecce,0.0,0.0,D,0.0,0.0,D,18.0,7.0,4.0,1.0,7.0,9.0,16.0,18.0,3.0,4.0,0.0,0.0,2.38,3.1,3.1
1112,31/03/12,Catania,Milan,1.0,1.0,D,0.0,1.0,A,19.0,14.0,1.0,9.0,4.0,8.0,10.0,14.0,0.0,2.0,0.0,0.0,3.5,3.25,2.1
1112,31/03/12,Parma,Lazio,3.0,1.0,H,2.0,1.0,H,15.0,8.0,6.0,2.0,5.0,4.0,23.0,25.0,2.0,2.0,0.0,0.0,2.5,3.0,3.0
1112,01/04/12,Bologna,Palermo,1.0,3.0,A,0.0,0.0,D,16.0,10.0,3.0,3.0,5.0,4.0,19.0,19.0,2.0,4.0,0.0,1.0,2.4,2.5,4.0
1112,01/04/12,Cagliari,Atalanta,2.0,0.0,H,1.0,0.0,H,12.0,15.0,7.0,7.0,4.0,9.0,20.0,15.0,0.0,2.0,0.0,0.0,2.25,2.5,4.5
1112,01/04/12,Fiorentina,Chievo,1.0,2.0,A,0.0,1.0,A,15.0,8.0,2.0,4.0,9.0,4.0,18.0,23.0,3.0,3.0,0.0,0.0,1.75,3.4,5.0
1112,01/04/12,Inter,Genoa,5.0,4.0,H,3.0,1.0,H,22.0,15.0,9.0,8.0,2.0,10.0,12.0,17.0,2.0,4.0,1.0,1.0,1.57,3.8,6.0
1112,01/04/12,Juventus,Napoli,3.0,0.0,H,0.0,0.0,D,27.0,7.0,9.0,0.0,3.0,6.0,19.0,18.0,4.0,2.0,0.0,1.0,1.8,3.5,4.5
1112,01/04/12,Lecce,Cesena,0.0,0.0,D,0.0,0.0,D,20.0,16.0,6.0,7.0,7.0,2.0,12.0,17.0,3.0,3.0,0.0,0.0,1.53,3.75,7.0
1112,01/04/12,Roma,Novara,5.0,2.0,H,2.0,1.0,H,18.0,14.0,8.0,6.0,3.0,2.0,6.0,14.0,1.0,1.0,0.0,0.0,1.3,5.0,11.0
1112,01/04/12,Siena,Udinese,1.0,0.0,H,0.0,0.0,D,13.0,15.0,3.0,2.0,5.0,5.0,15.0,15.0,3.0,3.0,0.0,0.0,2.63,3.0,2.88
1112,07/04/12,Atalanta,Siena,1.0,2.0,A,1.0,1.0,D,15.0,8.0,1.0,4.0,9.0,4.0,15.0,15.0,2.0,2.0,0.0,0.0,2.4,2.5,4.0
1112,07/04/12,Cagliari,Inter,2.0,2.0,D,1.0,1.0,D,11.0,14.0,3.0,6.0,4.0,9.0,15.0,15.0,2.0,3.0,1.0,0.0,4.0,3.25,2.0
1112,07/04/12,Cesena,Bologna,0.0,0.0,D,0.0,0.0,D,8.0,18.0,3.0,6.0,5.0,6.0,25.0,19.0,4.0,4.0,0.0,0.0,3.6,3.0,2.2
1112,07/04/12,Chievo,Catania,3.0,2.0,H,2.0,1.0,H,16.0,12.0,4.0,2.0,8.0,9.0,15.0,8.0,1.0,1.0,0.0,1.0,2.63,2.7,3.2
1112,07/04/12,Lazio,Napoli,3.0,1.0,H,1.0,1.0,D,15.0,8.0,6.0,2.0,4.0,1.0,15.0,19.0,2.0,3.0,0.0,0.0,2.75,3.0,2.7
1112,07/04/12,Lecce,Roma,4.0,2.0,H,2.0,0.0,H,7.0,16.0,4.0,7.0,3.0,6.0,19.0,11.0,4.0,2.0,0.0,0.0,4.0,3.5,1.91
1112,07/04/12,Milan,Fiorentina,1.0,2.0,A,1.0,0.0,H,21.0,11.0,5.0,5.0,9.0,4.0,10.0,14.0,3.0,4.0,0.0,0.0,1.29,5.0,12.0
1112,07/04/12,Novara,Genoa,1.0,1.0,D,0.0,1.0,A,14.0,6.0,3.0,1.0,9.0,5.0,15.0,20.0,2.0,3.0,1.0,0.0,2.6,3.3,2.63
1112,07/04/12,Palermo,Juventus,0.0,2.0,A,0.0,0.0,D,6.0,22.0,1.0,8.0,0.0,8.0,14.0,5.0,0.0,1.0,0.0,0.0,6.0,3.8,1.57
1112,07/04/12,Udinese,Parma,3.0,1.0,H,1.0,0.0,H,12.0,17.0,6.0,4.0,4.0,7.0,13.0,11.0,3.0,3.0,0.0,0.0,1.8,3.5,4.5
1112,10/04/12,Chievo,Milan,0.0,1.0,A,0.0,1.0,A,12.0,5.0,2.0,2.0,7.0,2.0,20.0,13.0,4.0,2.0,0.0,0.0,6.0,3.8,1.57
1112,11/04/12,Catania,Lecce,1.0,2.0,A,0.0,0.0,D,20.0,12.0,7.0,3.0,8.0,2.0,13.0,18.0,3.0,2.0,1.0,0.0,2.05,3.4,3.6
1112,11/04/12,Fiorentina,Palermo,0.0,0.0,D,0.0,0.0,D,20.0,14.0,7.0,2.0,14.0,1.0,16.0,16.0,2.0,2.0,0.0,0.0,1.7,3.6,5.0
1112,11/04/12,Genoa,Cesena,1.0,1.0,D,1.0,0.0,H,11.0,15.0,3.0,5.0,9.0,3.0,22.0,17.0,3.0,1.0,0.0,0.0,1.44,4.0,8.0
1112,11/04/12,Inter,Siena,2.0,1.0,H,1.0,1.0,D,19.0,8.0,6.0,4.0,9.0,4.0,7.0,20.0,1.0,4.0,0.0,1.0,1.62,3.8,5.5
1112,11/04/12,Juventus,Lazio,2.0,1.0,H,1.0,1.0,D,27.0,7.0,9.0,3.0,12.0,2.0,17.0,17.0,3.0,4.0,0.0,1.0,1.44,4.0,8.5
1112,11/04/12,Napoli,Atalanta,1.0,3.0,A,1.0,1.0,D,10.0,13.0,4.0,7.0,5.0,6.0,14.0,19.0,2.0,5.0,1.0,0.0,1.44,4.0,8.5
1112,11/04/12,Parma,Novara,2.0,0.0,H,2.0,0.0,H,24.0,10.0,7.0,4.0,9.0,8.0,19.0,13.0,3.0,1.0,0.0,0.0,1.57,3.8,6.0
1112,11/04/12,Roma,Udinese,3.0,1.0,H,1.0,1.0,D,23.0,9.0,9.0,2.0,12.0,5.0,11.0,9.0,2.0,1.0,0.0,0.0,1.95,3.3,4.0
1112,12/04/12,Bologna,Cagliari,1.0,0.0,H,0.0,0.0,D,15.0,11.0,7.0,2.0,4.0,13.0,14.0,18.0,3.0,5.0,0.0,0.0,2.75,2.38,3.6
1112,21/04/12,Catania,Atalanta,2.0,0.0,H,1.0,0.0,H,8.0,7.0,4.0,1.0,5.0,4.0,18.0,14.0,3.0,2.0,0.0,0.0,2.1,2.8,4.33
1112,21/04/12,Chievo,Udinese,0.0,0.0,D,0.0,0.0,D,17.0,6.0,3.0,2.0,6.0,2.0,16.0,16.0,0.0,1.0,0.0,0.0,3.1,3.1,2.4
1112,21/04/12,Napoli,Novara,2.0,0.0,H,2.0,0.0,H,25.0,8.0,8.0,2.0,7.0,5.0,14.0,13.0,1.0,1.0,0.0,0.0,1.22,6.0,12.0
1112,21/04/12,Parma,Cagliari,3.0,0.0,H,1.0,0.0,H,12.0,9.0,4.0,2.0,1.0,8.0,17.0,16.0,3.0,2.0,0.0,0.0,2.25,2.7,4.0
1112,22/04/12,Cesena,Palermo,2.0,2.0,D,2.0,2.0,D,10.0,16.0,2.0,5.0,4.0,4.0,18.0,21.0,3.0,1.0,0.0,0.0,3.4,3.1,2.25
1112,22/04/12,Fiorentina,Inter,0.0,0.0,D,0.0,0.0,D,9.0,13.0,1.0,4.0,4.0,5.0,14.0,12.0,4.0,4.0,0.0,0.0,2.8,3.25,2.5
1112,22/04/12,Genoa,Siena,1.0,4.0,A,0.0,3.0,A,21.0,12.0,4.0,8.0,7.0,0.0,17.0,19.0,3.0,2.0,0.0,0.0,2.1,3.2,3.6
1112,22/04/12,Juventus,Roma,4.0,0.0,H,3.0,0.0,H,19.0,4.0,9.0,1.0,3.0,4.0,12.0,11.0,1.0,1.0,0.0,1.0,1.44,4.2,7.5
1112,22/04/12,Lazio,Lecce,1.0,1.0,D,0.0,0.0,D,16.0,16.0,7.0,4.0,7.0,4.0,15.0,18.0,2.0,2.0,0.0,0.0,1.62,3.75,5.5
1112,22/04/12,Milan,Bologna,1.0,1.0,D,0.0,1.0,A,21.0,11.0,6.0,5.0,8.0,1.0,16.0,9.0,1.0,2.0,1.0,0.0,1.2,6.5,13.0
1112,24/04/12,Atalanta,Chievo,1.0,0.0,H,0.0,0.0,D,14.0,9.0,3.0,0.0,8.0,4.0,15.0,16.0,2.0,2.0,0.0,0.0,2.1,2.63,4.75
1112,24/04/12,Cagliari,Catania,3.0,0.0,H,1.0,0.0,H,28.0,16.0,6.0,5.0,8.0,2.0,18.0,15.0,1.0,1.0,0.0,0.0,1.91,3.4,4.0
1112,25/04/12,Cesena,Juventus,0.0,1.0,A,0.0,0.0,D,9.0,26.0,0.0,7.0,3.0,15.0,13.0,17.0,4.0,3.0,0.0,0.0,13.0,6.0,1.22
1112,25/04/12,Lecce,Napoli,0.0,2.0,A,0.0,1.0,A,5.0,9.0,1.0,4.0,1.0,2.0,16.0,18.0,3.0,3.0,0.0,0.0,3.1,3.3,2.3
1112,25/04/12,Milan,Genoa,1.0,0.0,H,0.0,0.0,D,15.0,5.0,2.0,1.0,9.0,1.0,12.0,14.0,3.0,1.0,0.0,1.0,1.2,6.5,13.0
1112,25/04/12,Novara,Lazio,2.0,1.0,H,1.0,1.0,D,14.0,19.0,6.0,5.0,2.0,5.0,17.0,21.0,3.0,4.0,0.0,0.0,5.0,3.5,1.73
1112,25/04/12,Palermo,Parma,1.0,2.0,A,1.0,0.0,H,14.0,10.0,7.0,4.0,3.0,4.0,22.0,19.0,3.0,1.0,0.0,0.0,2.38,2.8,3.5
1112,25/04/12,Roma,Fiorentina,1.0,2.0,A,0.0,1.0,A,15.0,12.0,4.0,7.0,6.0,3.0,17.0,12.0,3.0,4.0,1.0,0.0,1.62,3.75,5.5
1112,25/04/12,Siena,Bologna,1.0,1.0,D,0.0,0.0,D,9.0,4.0,4.0,1.0,8.0,2.0,18.0,8.0,3.0,0.0,0.0,0.0,2.25,2.5,4.5
1112,25/04/12,Udinese,Inter,1.0,3.0,A,1.0,3.0,A,18.0,13.0,5.0,5.0,6.0,4.0,10.0,14.0,2.0,1.0,0.0,0.0,2.3,3.4,3.0
1112,28/04/12,Cagliari,Chievo,0.0,0.0,D,0.0,0.0,D,15.0,8.0,4.0,1.0,8.0,4.0,18.0,16.0,0.0,2.0,0.0,0.0,1.91,3.1,4.5
1112,28/04/12,Palermo,Catania,1.0,1.0,D,0.0,1.0,A,13.0,14.0,3.0,6.0,4.0,6.0,20.0,13.0,2.0,3.0,0.0,0.0,2.2,2.88,3.75
1112,28/04/12,Roma,Napoli,2.0,2.0,D,1.0,0.0,H,24.0,14.0,8.0,6.0,7.0,8.0,15.0,21.0,6.0,1.0,0.0,0.0,2.8,3.2,2.5
1112,29/04/12,Atalanta,Fiorentina,2.0,0.0,H,1.0,0.0,H,16.0,18.0,8.0,3.0,3.0,2.0,13.0,14.0,4.0,2.0,0.0,0.0,2.7,2.5,3.4
1112,29/04/12,Bologna,Genoa,3.0,2.0,H,2.0,0.0,H,9.0,13.0,4.0,6.0,3.0,11.0,12.0,23.0,1.0,4.0,0.0,0.0,2.6,3.2,2.75
1112,29/04/12,Inter,Cesena,2.0,1.0,H,0.0,0.0,D,30.0,10.0,9.0,2.0,11.0,2.0,11.0,11.0,0.0,2.0,0.0,0.0,1.25,5.5,12.0
1112,29/04/12,Lecce,Parma,1.0,2.0,A,0.0,0.0,D,16.0,14.0,4.0,2.0,6.0,7.0,9.0,20.0,1.0,2.0,1.0,0.0,2.0,3.5,3.6
1112,29/04/12,Novara,Juventus,0.0,4.0,A,0.0,2.0,A,9.0,26.0,2.0,10.0,3.0,5.0,17.0,9.0,1.0,0.0,0.0,0.0,12.0,5.5,1.25
1112,29/04/12,Siena,Milan,1.0,4.0,A,0.0,2.0,A,7.0,10.0,4.0,8.0,2.0,7.0,11.0,7.0,2.0,2.0,0.0,0.0,5.5,4.0,1.57
1112,29/04/12,Udinese,Lazio,2.0,0.0,H,0.0,0.0,D,14.0,7.0,6.0,1.0,4.0,3.0,17.0,23.0,5.0,3.0,0.0,1.0,2.2,3.3,3.25
1112,01/05/12,Chievo,Roma,0.0,0.0,D,0.0,0.0,D,7.0,13.0,2.0,4.0,2.0,4.0,18.0,11.0,4.0,3.0,0.0,0.0,3.5,3.3,2.1
1112,01/05/12,Napoli,Palermo,2.0,0.0,H,2.0,0.0,H,13.0,11.0,2.0,4.0,3.0,5.0,17.0,15.0,2.0,1.0,0.0,0.0,1.3,5.25,9.5
1112,02/05/12,Catania,Bologna,0.0,1.0,A,0.0,0.0,D,13.0,12.0,4.0,3.0,6.0,4.0,19.0,16.0,1.0,3.0,0.0,0.0,1.95,3.2,4.2
1112,02/05/12,Cesena,Udinese,0.0,1.0,A,0.0,1.0,A,9.0,16.0,1.0,3.0,0.0,4.0,26.0,10.0,2.0,1.0,0.0,0.0,5.0,3.5,1.73
1112,02/05/12,Fiorentina,Novara,2.0,2.0,D,0.0,2.0,A,17.0,7.0,5.0,2.0,8.0,2.0,21.0,19.0,4.0,4.0,0.0,0.0,1.5,4.0,7.0
1112,02/05/12,Genoa,Cagliari,2.0,1.0,H,1.0,1.0,D,8.0,15.0,3.0,3.0,7.0,4.0,14.0,14.0,1.0,0.0,0.0,0.0,1.73,3.5,5.0
1112,02/05/12,Juventus,Lecce,1.0,1.0,D,1.0,0.0,H,17.0,3.0,7.0,1.0,6.0,2.0,15.0,13.0,1.0,4.0,0.0,1.0,1.17,7.5,13.0
1112,02/05/12,Lazio,Siena,1.0,1.0,D,0.0,1.0,A,25.0,7.0,8.0,2.0,10.0,3.0,11.0,13.0,2.0,2.0,0.0,0.0,1.57,3.75,6.0
1112,02/05/12,Milan,Atalanta,2.0,0.0,H,1.0,0.0,H,22.0,9.0,9.0,2.0,4.0,2.0,12.0,5.0,0.0,0.0,0.0,0.0,1.22,6.0,12.0
1112,02/05/12,Parma,Inter,3.0,1.0,H,0.0,1.0,A,20.0,11.0,4.0,4.0,6.0,7.0,11.0,9.0,3.0,2.0,0.0,0.0,3.75,3.6,1.91
1112,05/05/12,Lecce,Fiorentina,0.0,1.0,A,0.0,1.0,A,17.0,6.0,3.0,3.0,8.0,5.0,18.0,13.0,3.0,3.0,0.0,0.0,1.95,3.4,3.8
1112,05/05/12,Roma,Catania,2.0,2.0,D,0.0,0.0,D,30.0,12.0,11.0,6.0,15.0,4.0,19.0,11.0,4.0,2.0,0.0,0.0,1.62,3.75,5.5
1112,06/05/12,Atalanta,Lazio,0.0,2.0,A,0.0,1.0,A,13.0,8.0,2.0,5.0,6.0,4.0,15.0,22.0,3.0,2.0,1.0,0.0,2.3,3.2,3.1
1112,06/05/12,Bologna,Napoli,2.0,0.0,H,1.0,0.0,H,10.0,18.0,6.0,3.0,4.0,5.0,22.0,16.0,3.0,7.0,1.0,1.0,5.0,4.0,1.62
1112,06/05/12,Cagliari,Juventus,0.0,2.0,A,0.0,1.0,A,4.0,15.0,0.0,7.0,2.0,6.0,18.0,14.0,3.0,3.0,0.0,0.0,13.0,5.25,1.25
1112,06/05/12,Inter,Milan,4.0,2.0,H,1.0,1.0,D,20.0,16.0,10.0,6.0,10.0,4.0,10.0,18.0,4.0,3.0,0.0,0.0,3.75,3.6,1.91
1112,06/05/12,Novara,Cesena,3.0,0.0,H,1.0,0.0,H,19.0,18.0,6.0,3.0,2.0,3.0,12.0,22.0,2.0,2.0,0.0,0.0,2.0,3.3,3.8
1112,06/05/12,Palermo,Chievo,4.0,4.0,D,2.0,2.0,D,25.0,16.0,10.0,7.0,8.0,3.0,18.0,15.0,4.0,1.0,0.0,0.0,2.0,3.3,3.75
1112,06/05/12,Siena,Parma,0.0,2.0,A,0.0,0.0,D,8.0,12.0,0.0,2.0,3.0,8.0,14.0,8.0,2.0,0.0,0.0,0.0,2.3,3.25,3.1
1112,06/05/12,Udinese,Genoa,2.0,0.0,H,1.0,0.0,H,25.0,3.0,8.0,1.0,9.0,1.0,11.0,8.0,2.0,0.0,0.0,2.0,1.62,3.75,5.5
1112,13/05/12,Catania,Udinese,0.0,2.0,A,0.0,1.0,A,15.0,17.0,3.0,6.0,4.0,4.0,14.0,21.0,0.0,5.0,0.0,0.0,4.0,2.15,2.88
1112,13/05/12,Cesena,Roma,2.0,3.0,A,1.0,2.0,A,13.0,19.0,5.0,8.0,4.0,12.0,12.0,5.0,1.0,0.0,0.0,0.0,4.5,3.75,1.73
1112,13/05/12,Chievo,Lecce,1.0,0.0,H,0.0,0.0,D,13.0,15.0,6.0,5.0,2.0,8.0,18.0,14.0,2.0,3.0,0.0,1.0,2.25,3.5,3.0
1112,13/05/12,Fiorentina,Cagliari,0.0,0.0,D,0.0,0.0,D,4.0,11.0,0.0,3.0,2.0,12.0,17.0,11.0,1.0,2.0,0.0,0.0,2.0,3.3,3.75
1112,13/05/12,Genoa,Palermo,2.0,0.0,H,0.0,0.0,D,7.0,12.0,2.0,4.0,6.0,1.0,9.0,9.0,1.0,1.0,0.0,0.0,2.0,2.3,6.0
1112,13/05/12,Juventus,Atalanta,3.0,1.0,H,2.0,0.0,H,12.0,10.0,6.0,2.0,4.0,5.0,11.0,7.0,0.0,0.0,0.0,0.0,1.3,5.0,10.0
1112,13/05/12,Lazio,Inter,3.0,1.0,H,0.0,1.0,A,12.0,11.0,6.0,4.0,4.0,10.0,12.0,16.0,3.0,0.0,0.0,0.0,2.88,3.4,2.38
1112,13/05/12,Milan,Novara,2.0,1.0,H,0.0,1.0,A,19.0,13.0,3.0,3.0,11.0,4.0,15.0,11.0,1.0,0.0,0.0,0.0,1.25,5.5,12.0
1112,13/05/12,Napoli,Siena,2.0,1.0,H,2.0,1.0,H,14.0,10.0,5.0,4.0,10.0,5.0,8.0,19.0,4.0,4.0,0.0,0.0,1.33,4.5,11.0
1112,13/05/12,Parma,Bologna,1.0,0.0,H,1.0,0.0,H,18.0,7.0,6.0,0.0,10.0,7.0,14.0,16.0,2.0,2.0,0.0,0.0,1.91,3.4,4.0
1213,25/08/12,Fiorentina,Udinese,2.0,1.0,H,0.0,1.0,A,23.0,7.0,8.0,2.0,10.0,0.0,12.0,14.0,2.0,1.0,0.0,0.0,2.05,3.2,3.75
1213,25/08/12,Juventus,Parma,2.0,0.0,H,0.0,0.0,D,15.0,6.0,6.0,5.0,5.0,8.0,12.0,21.0,2.0,6.0,0.0,0.0,1.3,5.0,10.5
1213,26/08/12,Atalanta,Lazio,0.0,1.0,A,0.0,1.0,A,10.0,13.0,3.0,4.0,8.0,5.0,14.0,19.0,1.0,4.0,0.0,0.0,2.4,3.2,3.0
1213,26/08/12,Chievo,Bologna,2.0,0.0,H,0.0,0.0,D,6.0,4.0,3.0,1.0,1.0,1.0,17.0,18.0,3.0,3.0,0.0,1.0,2.1,3.2,3.6
1213,26/08/12,Genoa,Cagliari,2.0,0.0,H,0.0,0.0,D,15.0,17.0,4.0,4.0,3.0,6.0,19.0,12.0,0.0,3.0,0.0,0.0,1.95,3.3,4.0
1213,26/08/12,Milan,Sampdoria,0.0,1.0,A,0.0,0.0,D,23.0,10.0,6.0,3.0,7.0,2.0,16.0,11.0,2.0,5.0,0.0,0.0,1.4,4.5,8.0
1213,26/08/12,Palermo,Napoli,0.0,3.0,A,0.0,1.0,A,16.0,12.0,6.0,3.0,6.0,5.0,11.0,13.0,3.0,3.0,0.0,0.0,3.0,3.25,2.38
1213,26/08/12,Pescara,Inter,0.0,3.0,A,0.0,2.0,A,13.0,14.0,5.0,6.0,10.0,2.0,7.0,12.0,3.0,1.0,0.0,0.0,4.33,3.6,1.8
1213,26/08/12,Roma,Catania,2.0,2.0,D,0.0,1.0,A,18.0,11.0,5.0,4.0,10.0,2.0,15.0,15.0,3.0,2.0,0.0,0.0,1.4,4.5,8.0
1213,26/08/12,Siena,Torino,0.0,0.0,D,0.0,0.0,D,5.0,8.0,0.0,1.0,4.0,5.0,10.0,17.0,0.0,1.0,0.0,0.0,2.25,3.1,3.4
1213,01/09/12,Bologna,Milan,1.0,3.0,A,1.0,1.0,D,15.0,17.0,3.0,6.0,1.0,8.0,18.0,21.0,1.0,5.0,0.0,0.0,3.6,3.2,2.1
1213,01/09/12,Torino,Pescara,3.0,0.0,H,1.0,0.0,H,16.0,1.0,9.0,0.0,5.0,0.0,12.0,20.0,1.0,2.0,0.0,1.0,1.83,3.4,4.5
1213,02/09/12,Cagliari,Atalanta,1.0,1.0,D,0.0,0.0,D,25.0,10.0,6.0,5.0,13.0,3.0,24.0,19.0,3.0,1.0,0.0,1.0,2.3,3.0,3.4
1213,02/09/12,Catania,Genoa,3.0,2.0,H,0.0,1.0,A,20.0,16.0,5.0,6.0,9.0,5.0,20.0,24.0,3.0,2.0,0.0,0.0,2.05,3.25,3.75
1213,02/09/12,Inter,Roma,1.0,3.0,A,1.0,1.0,D,21.0,12.0,6.0,3.0,11.0,2.0,17.0,17.0,2.0,2.0,0.0,1.0,1.95,3.6,3.75
1213,02/09/12,Lazio,Palermo,3.0,0.0,H,1.0,0.0,H,21.0,9.0,6.0,2.0,7.0,4.0,14.0,10.0,3.0,2.0,0.0,0.0,1.67,3.75,5.0
1213,02/09/12,Napoli,Fiorentina,2.0,1.0,H,0.0,0.0,D,5.0,16.0,1.0,3.0,7.0,9.0,17.0,10.0,2.0,2.0,0.0,0.0,1.73,3.5,5.0
1213,02/09/12,Parma,Chievo,2.0,0.0,H,1.0,0.0,H,11.0,14.0,3.0,4.0,3.0,4.0,22.0,17.0,3.0,3.0,0.0,0.0,2.05,3.2,3.8
1213,02/09/12,Sampdoria,Siena,2.0,1.0,H,1.0,0.0,H,12.0,9.0,5.0,3.0,11.0,1.0,16.0,22.0,3.0,3.0,0.0,1.0,1.83,3.4,4.5
1213,02/09/12,Udinese,Juventus,1.0,4.0,A,0.0,2.0,A,10.0,21.0,1.0,10.0,3.0,5.0,11.0,19.0,3.0,3.0,1.0,0.0,5.0,3.5,1.73
1213,15/09/12,Milan,Atalanta,0.0,1.0,A,0.0,0.0,D,17.0,10.0,7.0,4.0,8.0,5.0,12.0,19.0,2.0,4.0,0.0,0.0,1.5,4.0,7.0
1213,15/09/12,Palermo,Cagliari,1.0,1.0,D,1.0,0.0,H,7.0,12.0,3.0,4.0,0.0,1.0,16.0,27.0,3.0,2.0,0.0,0.0,2.2,3.2,3.4
1213,16/09/12,Chievo,Lazio,1.0,3.0,A,0.0,2.0,A,11.0,12.0,2.0,6.0,10.0,1.0,11.0,20.0,3.0,2.0,0.0,0.0,2.8,3.1,2.6
1213,16/09/12,Fiorentina,Catania,2.0,0.0,H,1.0,0.0,H,15.0,8.0,7.0,4.0,5.0,3.0,15.0,16.0,3.0,2.0,0.0,0.0,1.91,3.3,4.2
1213,16/09/12,Genoa,Juventus,1.0,3.0,A,1.0,0.0,H,13.0,19.0,4.0,5.0,1.0,9.0,15.0,18.0,2.0,3.0,0.0,0.0,5.5,3.75,1.62
1213,16/09/12,Napoli,Parma,3.0,1.0,H,2.0,1.0,H,12.0,21.0,6.0,5.0,1.0,6.0,17.0,20.0,1.0,4.0,0.0,0.0,1.55,3.8,6.5
1213,16/09/12,Pescara,Sampdoria,2.0,3.0,A,0.0,1.0,A,15.0,10.0,6.0,5.0,7.0,2.0,18.0,18.0,3.0,2.0,0.0,0.0,2.8,3.1,2.6
1213,16/09/12,Roma,Bologna,2.0,3.0,A,2.0,0.0,H,14.0,15.0,7.0,6.0,3.0,8.0,17.0,23.0,5.0,3.0,0.0,0.0,1.4,4.75,7.5
1213,16/09/12,Siena,Udinese,2.0,2.0,D,0.0,2.0,A,14.0,9.0,6.0,4.0,3.0,2.0,20.0,15.0,2.0,2.0,0.0,1.0,2.5,3.2,2.88
1213,16/09/12,Torino,Inter,0.0,2.0,A,0.0,1.0,A,11.0,8.0,3.0,3.0,6.0,1.0,14.0,7.0,4.0,4.0,0.0,0.0,3.1,3.3,2.3
1213,22/09/12,Juventus,Chievo,2.0,0.0,H,0.0,0.0,D,27.0,6.0,9.0,2.0,6.0,3.0,13.0,9.0,0.0,1.0,0.0,0.0,1.29,5.25,10.0
1213,22/09/12,Parma,Fiorentina,1.0,1.0,D,0.0,1.0,A,12.0,12.0,3.0,3.0,2.0,4.0,24.0,11.0,4.0,3.0,1.0,0.0,2.4,3.2,3.0
1213,23/09/12,Atalanta,Palermo,1.0,0.0,H,0.0,0.0,D,10.0,11.0,2.0,2.0,6.0,5.0,12.0,21.0,4.0,3.0,0.0,0.0,1.83,3.4,4.5
1213,23/09/12,Bologna,Pescara,1.0,1.0,D,1.0,1.0,D,22.0,13.0,8.0,6.0,15.0,4.0,24.0,8.0,1.0,3.0,0.0,1.0,1.73,3.5,5.0
1213,23/09/12,Cagliari,Roma,0.0,3.0,A,,,,,,,,,,,,,,,,3.1,3.5,2.2
1213,23/09/12,Catania,Napoli,0.0,0.0,D,0.0,0.0,D,7.0,21.0,1.0,6.0,3.0,14.0,15.0,12.0,3.0,4.0,1.0,0.0,2.9,3.3,2.38
1213,23/09/12,Inter,Siena,0.0,2.0,A,0.0,0.0,D,23.0,8.0,11.0,3.0,10.0,8.0,15.0,8.0,1.0,4.0,0.0,0.0,1.4,4.33,8.5
1213,23/09/12,Lazio,Genoa,0.0,1.0,A,0.0,0.0,D,23.0,7.0,7.0,3.0,10.0,1.0,13.0,8.0,1.0,1.0,0.0,0.0,1.53,4.0,6.0
1213,23/09/12,Sampdoria,Torino,1.0,1.0,D,0.0,0.0,D,16.0,13.0,4.0,2.0,6.0,3.0,16.0,21.0,4.0,4.0,0.0,0.0,2.1,3.2,3.6
1213,23/09/12,Udinese,Milan,2.0,1.0,H,1.0,0.0,H,15.0,14.0,8.0,4.0,9.0,5.0,13.0,11.0,2.0,1.0,0.0,2.0,2.7,3.4,2.5
1213,25/09/12,Fiorentina,Juventus,0.0,0.0,D,0.0,0.0,D,17.0,8.0,2.0,2.0,2.0,2.0,16.0,10.0,3.0,1.0,0.0,0.0,3.6,3.25,2.1
1213,26/09/12,Catania,Atalanta,2.0,1.0,H,0.0,0.0,D,15.0,9.0,5.0,3.0,7.0,4.0,21.0,15.0,2.0,2.0,0.0,0.0,2.1,3.25,3.6
1213,26/09/12,Chievo,Inter,0.0,2.0,A,0.0,1.0,A,17.0,10.0,5.0,3.0,5.0,0.0,16.0,14.0,3.0,1.0,0.0,0.0,3.0,3.2,2.4
1213,26/09/12,Genoa,Parma,1.0,1.0,D,0.0,1.0,A,11.0,10.0,5.0,4.0,5.0,7.0,10.0,13.0,2.0,4.0,0.0,0.0,2.3,3.2,3.2
1213,26/09/12,Milan,Cagliari,2.0,0.0,H,1.0,0.0,H,17.0,19.0,3.0,2.0,8.0,4.0,22.0,12.0,3.0,2.0,0.0,1.0,1.62,3.6,6.0
1213,26/09/12,Napoli,Lazio,3.0,0.0,H,2.0,0.0,H,13.0,12.0,7.0,4.0,7.0,8.0,7.0,19.0,3.0,4.0,0.0,0.0,1.91,3.5,4.0
1213,26/09/12,Pescara,Palermo,1.0,0.0,H,0.0,0.0,D,11.0,15.0,4.0,7.0,4.0,3.0,12.0,13.0,4.0,2.0,0.0,1.0,2.5,3.25,2.8
1213,26/09/12,Roma,Sampdoria,1.0,1.0,D,1.0,0.0,H,22.0,7.0,7.0,2.0,12.0,3.0,17.0,21.0,3.0,0.0,0.0,1.0,1.62,4.1,5.0
1213,26/09/12,Torino,Udinese,0.0,0.0,D,0.0,0.0,D,13.0,6.0,2.0,3.0,5.0,5.0,11.0,16.0,1.0,0.0,0.0,0.0,2.3,3.2,3.2
1213,27/09/12,Siena,Bologna,1.0,0.0,H,0.0,0.0,D,8.0,14.0,3.0,7.0,6.0,11.0,18.0,20.0,4.0,2.0,0.0,0.0,2.2,3.1,3.5
1213,29/09/12,Juventus,Roma,4.0,1.0,H,3.0,0.0,H,20.0,12.0,8.0,3.0,5.0,3.0,18.0,14.0,3.0,4.0,0.0,0.0,1.67,4.0,4.75
1213,29/09/12,Parma,Milan,1.0,1.0,D,0.0,0.0,D,11.0,17.0,2.0,9.0,4.0,5.0,19.0,7.0,2.0,3.0,0.0,0.0,3.0,3.25,2.38
1213,30/09/12,Atalanta,Torino,1.0,5.0,A,1.0,1.0,D,16.0,18.0,2.0,9.0,7.0,7.0,14.0,17.0,2.0,1.0,0.0,0.0,2.1,3.2,3.6
1213,30/09/12,Bologna,Catania,4.0,0.0,H,2.0,0.0,H,16.0,16.0,9.0,7.0,6.0,9.0,25.0,23.0,1.0,2.0,0.0,1.0,2.4,3.3,2.9
1213,30/09/12,Cagliari,Pescara,1.0,2.0,A,0.0,0.0,D,20.0,9.0,11.0,4.0,8.0,0.0,22.0,22.0,2.0,5.0,1.0,0.0,1.73,3.5,5.0
1213,30/09/12,Inter,Fiorentina,2.0,1.0,H,2.0,1.0,H,15.0,14.0,6.0,5.0,7.0,10.0,19.0,15.0,4.0,3.0,0.0,1.0,2.1,3.3,3.5
1213,30/09/12,Lazio,Siena,2.0,1.0,H,2.0,0.0,H,10.0,9.0,4.0,3.0,5.0,4.0,19.0,11.0,2.0,2.0,0.0,0.0,1.57,3.8,6.0
1213,30/09/12,Palermo,Chievo,4.0,1.0,H,1.0,1.0,D,17.0,14.0,8.0,4.0,12.0,5.0,13.0,16.0,1.0,4.0,1.0,0.0,2.2,3.3,3.25
1213,30/09/12,Sampdoria,Napoli,0.0,1.0,A,0.0,0.0,D,9.0,15.0,2.0,4.0,6.0,5.0,18.0,14.0,4.0,3.0,1.0,0.0,3.4,3.4,2.1
1213,30/09/12,Udinese,Genoa,0.0,0.0,D,0.0,0.0,D,13.0,6.0,3.0,3.0,10.0,4.0,16.0,15.0,1.0,2.0,0.0,0.0,1.91,3.5,4.0
1213,06/10/12,Chievo,Sampdoria,2.0,1.0,H,1.0,0.0,H,12.0,8.0,7.0,2.0,3.0,4.0,25.0,14.0,2.0,2.0,0.0,0.0,2.5,3.1,2.9
1213,06/10/12,Genoa,Palermo,1.0,1.0,D,0.0,1.0,A,19.0,16.0,7.0,5.0,8.0,6.0,10.0,15.0,3.0,2.0,0.0,0.0,2.1,3.4,3.4
1213,07/10/12,Catania,Parma,2.0,0.0,H,1.0,0.0,H,12.0,17.0,6.0,1.0,2.0,10.0,15.0,25.0,1.0,5.0,0.0,1.0,2.1,3.4,3.4
1213,07/10/12,Fiorentina,Bologna,1.0,0.0,H,1.0,0.0,H,17.0,8.0,7.0,1.0,6.0,4.0,16.0,20.0,4.0,3.0,0.0,0.0,1.62,3.6,6.0
1213,07/10/12,Milan,Inter,0.0,1.0,A,0.0,1.0,A,20.0,7.0,5.0,3.0,6.0,3.0,20.0,9.0,5.0,2.0,0.0,1.0,2.38,3.3,2.9
1213,07/10/12,Napoli,Udinese,2.0,1.0,H,2.0,1.0,H,12.0,13.0,6.0,1.0,1.0,4.0,10.0,21.0,2.0,3.0,0.0,0.0,1.5,4.0,7.0
1213,07/10/12,Pescara,Lazio,0.0,3.0,A,0.0,3.0,A,13.0,15.0,4.0,6.0,8.0,2.0,12.0,14.0,2.0,0.0,0.0,0.0,4.2,3.3,1.91
1213,07/10/12,Roma,Atalanta,2.0,0.0,H,1.0,0.0,H,25.0,16.0,7.0,4.0,6.0,5.0,11.0,13.0,2.0,3.0,0.0,0.0,1.5,4.33,6.0
1213,07/10/12,Siena,Juventus,1.0,2.0,A,1.0,1.0,D,6.0,16.0,3.0,8.0,2.0,8.0,24.0,19.0,7.0,3.0,0.0,0.0,6.5,3.8,1.53
1213,07/10/12,Torino,Cagliari,0.0,1.0,A,0.0,0.0,D,9.0,14.0,2.0,2.0,10.0,5.0,9.0,19.0,1.0,3.0,0.0,0.0,1.85,3.4,4.33
1213,20/10/12,Juventus,Napoli,2.0,0.0,H,0.0,0.0,D,14.0,4.0,5.0,1.0,7.0,4.0,19.0,22.0,4.0,3.0,0.0,0.0,1.7,3.6,5.0
1213,20/10/12,Lazio,Milan,3.0,2.0,H,2.0,0.0,H,11.0,12.0,8.0,6.0,6.0,5.0,14.0,6.0,2.0,3.0,0.0,0.0,2.25,3.4,3.1
1213,21/10/12,Atalanta,Siena,2.0,1.0,H,0.0,0.0,D,9.0,3.0,4.0,1.0,4.0,4.0,17.0,20.0,2.0,3.0,1.0,0.0,2.0,3.2,4.0
1213,21/10/12,Cagliari,Bologna,1.0,0.0,H,0.0,0.0,D,8.0,16.0,2.0,1.0,5.0,4.0,21.0,15.0,1.0,2.0,0.0,0.0,2.0,3.3,3.8
1213,21/10/12,Chievo,Fiorentina,1.0,1.0,D,1.0,1.0,D,8.0,16.0,2.0,2.0,2.0,9.0,12.0,17.0,2.0,3.0,0.0,0.0,3.1,3.1,2.38
1213,21/10/12,Genoa,Roma,2.0,4.0,A,2.0,2.0,D,10.0,17.0,4.0,7.0,5.0,9.0,15.0,13.0,4.0,1.0,0.0,0.0,3.3,3.6,2.05
1213,21/10/12,Inter,Catania,2.0,0.0,H,1.0,0.0,H,14.0,9.0,8.0,2.0,5.0,4.0,15.0,12.0,0.0,1.0,0.0,0.0,1.57,3.8,6.0
1213,21/10/12,Palermo,Torino,0.0,0.0,D,0.0,0.0,D,23.0,12.0,7.0,6.0,7.0,2.0,12.0,19.0,1.0,4.0,0.0,0.0,2.1,3.3,3.5
1213,21/10/12,Parma,Sampdoria,2.0,1.0,H,1.0,0.0,H,19.0,7.0,8.0,1.0,4.0,4.0,20.0,17.0,2.0,3.0,0.0,1.0,2.15,3.25,3.4
1213,21/10/12,Udinese,Pescara,1.0,0.0,H,0.0,0.0,D,18.0,12.0,5.0,6.0,5.0,8.0,9.0,18.0,0.0,3.0,1.0,0.0,1.5,4.0,7.0
1213,27/10/12,Milan,Genoa,1.0,0.0,H,0.0,0.0,D,12.0,7.0,2.0,3.0,9.0,0.0,8.0,17.0,1.0,2.0,0.0,0.0,1.5,4.0,7.0
1213,27/10/12,Siena,Palermo,0.0,0.0,D,0.0,0.0,D,9.0,15.0,1.0,5.0,4.0,4.0,13.0,9.0,3.0,2.0,0.0,0.0,2.2,3.2,3.4
1213,28/10/12,Bologna,Inter,1.0,3.0,A,0.0,1.0,A,13.0,13.0,3.0,6.0,6.0,2.0,16.0,14.0,3.0,3.0,0.0,0.0,3.6,3.2,2.1
1213,28/10/12,Catania,Juventus,0.0,1.0,A,0.0,0.0,D,9.0,19.0,0.0,9.0,3.0,7.0,20.0,16.0,4.0,3.0,1.0,0.0,5.0,3.5,1.73
1213,28/10/12,Fiorentina,Lazio,2.0,0.0,H,1.0,0.0,H,16.0,8.0,8.0,2.0,4.0,3.0,17.0,19.0,3.0,3.0,0.0,2.0,2.1,3.25,3.5
1213,28/10/12,Napoli,Chievo,1.0,0.0,H,0.0,0.0,D,21.0,4.0,6.0,0.0,4.0,6.0,5.0,17.0,1.0,2.0,0.0,1.0,1.4,4.33,8.5
1213,28/10/12,Pescara,Atalanta,0.0,0.0,D,0.0,0.0,D,18.0,15.0,4.0,4.0,4.0,8.0,19.0,15.0,3.0,2.0,0.0,1.0,2.9,3.1,2.5
1213,28/10/12,Roma,Udinese,2.0,3.0,A,2.0,1.0,H,23.0,14.0,5.0,7.0,4.0,2.0,13.0,15.0,3.0,4.0,1.0,0.0,1.57,4.33,5.0
1213,28/10/12,Sampdoria,Cagliari,0.0,1.0,A,0.0,0.0,D,21.0,11.0,3.0,4.0,10.0,6.0,14.0,25.0,2.0,6.0,0.0,0.0,2.1,3.2,3.6
1213,28/10/12,Torino,Parma,1.0,3.0,A,0.0,0.0,D,11.0,13.0,4.0,5.0,4.0,4.0,12.0,10.0,1.0,3.0,1.0,0.0,2.2,3.1,3.5
1213,30/10/12,Palermo,Milan,2.0,2.0,D,1.0,0.0,H,13.0,16.0,4.0,8.0,1.0,7.0,15.0,15.0,2.0,4.0,0.0,0.0,3.2,3.3,2.25
1213,31/10/12,Atalanta,Napoli,1.0,0.0,H,1.0,0.0,H,9.0,18.0,1.0,7.0,2.0,9.0,11.0,8.0,2.0,3.0,0.0,0.0,3.5,3.3,2.1
1213,31/10/12,Cagliari,Siena,4.0,2.0,H,3.0,1.0,H,20.0,9.0,8.0,4.0,6.0,4.0,11.0,12.0,2.0,2.0,0.0,1.0,1.91,3.3,4.2
1213,31/10/12,Chievo,Pescara,2.0,0.0,H,0.0,0.0,D,18.0,5.0,7.0,3.0,2.0,1.0,15.0,17.0,1.0,3.0,0.0,1.0,1.73,3.5,5.0
1213,31/10/12,Inter,Sampdoria,3.0,2.0,H,0.0,1.0,A,17.0,6.0,5.0,2.0,1.0,2.0,15.0,11.0,1.0,1.0,0.0,2.0,1.5,4.0,7.0
1213,31/10/12,Juventus,Bologna,2.0,1.0,H,0.0,0.0,D,25.0,9.0,12.0,1.0,10.0,5.0,12.0,17.0,1.0,3.0,0.0,0.0,1.25,5.5,12.0
1213,31/10/12,Lazio,Torino,1.0,1.0,D,0.0,1.0,A,16.0,12.0,4.0,4.0,5.0,1.0,22.0,19.0,3.0,1.0,0.0,0.0,1.73,3.6,4.75
1213,31/10/12,Parma,Roma,3.0,2.0,H,2.0,1.0,H,18.0,12.0,6.0,7.0,8.0,4.0,23.0,7.0,1.0,1.0,1.0,0.0,2.8,3.5,2.38
1213,31/10/12,Udinese,Catania,2.0,2.0,D,1.0,0.0,H,15.0,16.0,6.0,5.0,3.0,1.0,17.0,15.0,2.0,3.0,0.0,0.0,1.85,3.5,4.2
1213,01/11/12,Genoa,Fiorentina,0.0,1.0,A,0.0,1.0,A,8.0,13.0,3.0,6.0,4.0,6.0,23.0,13.0,5.0,3.0,0.0,0.0,3.1,3.25,2.3
1213,03/11/12,Juventus,Inter,1.0,3.0,A,1.0,0.0,H,14.0,16.0,7.0,6.0,3.0,3.0,22.0,10.0,4.0,2.0,0.0,0.0,1.65,3.6,5.5
1213,03/11/12,Milan,Chievo,5.0,1.0,H,3.0,1.0,H,20.0,8.0,8.0,3.0,3.0,3.0,9.0,13.0,0.0,2.0,0.0,0.0,1.44,4.33,7.0
1213,04/11/12,Bologna,Udinese,1.0,1.0,D,0.0,0.0,D,6.0,11.0,2.0,2.0,3.0,4.0,18.0,24.0,4.0,3.0,0.0,0.0,2.25,3.2,3.3
1213,04/11/12,Catania,Lazio,4.0,0.0,H,3.0,0.0,H,18.0,12.0,5.0,3.0,7.0,6.0,19.0,16.0,1.0,0.0,0.0,0.0,2.4,3.2,3.0
1213,04/11/12,Fiorentina,Cagliari,4.0,1.0,H,1.0,1.0,D,11.0,7.0,4.0,3.0,4.0,1.0,20.0,25.0,2.0,1.0,0.0,0.0,1.57,3.6,6.5
1213,04/11/12,Napoli,Torino,1.0,1.0,D,1.0,0.0,H,12.0,10.0,2.0,4.0,5.0,11.0,19.0,15.0,3.0,5.0,0.0,0.0,1.5,4.0,7.0
1213,04/11/12,Pescara,Parma,2.0,0.0,H,0.0,0.0,D,9.0,19.0,3.0,5.0,7.0,7.0,15.0,15.0,2.0,3.0,0.0,0.0,3.4,3.1,2.25
1213,04/11/12,Roma,Palermo,4.0,1.0,H,2.0,0.0,H,20.0,11.0,11.0,7.0,15.0,6.0,13.0,12.0,1.0,2.0,1.0,0.0,1.5,4.33,6.0
1213,04/11/12,Sampdoria,Atalanta,1.0,2.0,A,0.0,1.0,A,15.0,15.0,5.0,3.0,6.0,2.0,17.0,19.0,3.0,3.0,0.0,0.0,2.2,3.2,3.4
1213,04/11/12,Siena,Genoa,1.0,0.0,H,0.0,0.0,D,6.0,10.0,2.0,3.0,5.0,3.0,15.0,15.0,4.0,3.0,0.0,0.0,2.15,3.25,3.4
1213,10/11/12,Cagliari,Catania,0.0,0.0,D,0.0,0.0,D,12.0,6.0,4.0,0.0,5.0,2.0,25.0,20.0,4.0,2.0,0.0,0.0,2.1,3.2,3.6
1213,10/11/12,Pescara,Juventus,1.0,6.0,A,1.0,5.0,A,19.0,24.0,6.0,9.0,9.0,3.0,7.0,14.0,2.0,1.0,0.0,0.0,8.5,4.75,1.36
1213,11/11/12,Atalanta,Inter,3.0,2.0,H,1.0,0.0,H,16.0,17.0,5.0,6.0,7.0,7.0,16.0,11.0,2.0,1.0,1.0,0.0,3.25,3.25,2.25
1213,11/11/12,Chievo,Udinese,2.0,2.0,D,1.0,1.0,D,17.0,10.0,5.0,4.0,5.0,2.0,16.0,15.0,2.0,5.0,0.0,1.0,2.38,3.1,3.1
1213,11/11/12,Genoa,Napoli,2.0,4.0,A,1.0,0.0,H,14.0,20.0,5.0,9.0,2.0,3.0,17.0,18.0,2.0,3.0,0.0,0.0,3.8,3.3,2.0
1213,11/11/12,Lazio,Roma,3.0,2.0,H,2.0,1.0,H,16.0,9.0,8.0,4.0,7.0,7.0,15.0,23.0,3.0,4.0,1.0,1.0,2.63,3.5,2.5
1213,11/11/12,Milan,Fiorentina,1.0,3.0,A,0.0,2.0,A,11.0,9.0,1.0,4.0,6.0,4.0,18.0,9.0,3.0,4.0,0.0,0.0,2.0,3.25,4.0
1213,11/11/12,Palermo,Sampdoria,2.0,0.0,H,0.0,0.0,D,19.0,10.0,8.0,4.0,8.0,5.0,23.0,14.0,1.0,2.0,0.0,0.0,2.1,3.25,3.6
1213,11/11/12,Parma,Siena,0.0,0.0,D,0.0,0.0,D,19.0,8.0,7.0,2.0,6.0,4.0,13.0,9.0,3.0,1.0,0.0,0.0,1.75,3.4,5.0
1213,11/11/12,Torino,Bologna,1.0,0.0,H,0.0,0.0,D,10.0,11.0,3.0,0.0,6.0,3.0,13.0,15.0,2.0,5.0,0.0,0.0,2.0,3.1,4.2
1213,17/11/12,Juventus,Lazio,0.0,0.0,D,0.0,0.0,D,21.0,5.0,4.0,0.0,11.0,1.0,12.0,18.0,2.0,2.0,0.0,0.0,1.5,4.2,6.5
1213,17/11/12,Napoli,Milan,2.0,2.0,D,2.0,1.0,H,12.0,28.0,5.0,5.0,4.0,5.0,13.0,16.0,3.0,2.0,0.0,0.0,1.83,3.5,4.2
1213,18/11/12,Bologna,Palermo,3.0,0.0,H,2.0,0.0,H,19.0,8.0,8.0,1.0,2.0,5.0,17.0,14.0,4.0,2.0,1.0,3.0,2.2,3.2,3.4
1213,18/11/12,Catania,Chievo,2.0,1.0,H,0.0,0.0,D,15.0,11.0,4.0,2.0,10.0,6.0,12.0,20.0,2.0,3.0,0.0,0.0,1.83,3.4,4.5
1213,18/11/12,Fiorentina,Atalanta,4.0,1.0,H,3.0,1.0,H,23.0,7.0,8.0,2.0,6.0,4.0,12.0,15.0,1.0,4.0,0.0,1.0,1.57,3.75,6.0
1213,18/11/12,Inter,Cagliari,2.0,2.0,D,1.0,1.0,D,23.0,17.0,7.0,7.0,12.0,6.0,8.0,23.0,2.0,5.0,0.0,0.0,1.57,3.8,6.0
1213,18/11/12,Sampdoria,Genoa,3.0,1.0,H,2.0,0.0,H,12.0,23.0,4.0,7.0,0.0,5.0,22.0,24.0,2.0,4.0,0.0,0.0,2.38,3.0,3.2
1213,18/11/12,Siena,Pescara,1.0,0.0,H,1.0,0.0,H,16.0,17.0,5.0,4.0,6.0,5.0,16.0,22.0,1.0,3.0,0.0,2.0,1.73,3.4,5.25
1213,18/11/12,Udinese,Parma,2.0,2.0,D,1.0,0.0,H,10.0,14.0,3.0,7.0,6.0,5.0,20.0,14.0,4.0,3.0,0.0,0.0,2.1,3.2,3.6
1213,19/11/12,Roma,Torino,2.0,0.0,H,0.0,0.0,D,25.0,8.0,9.0,4.0,9.0,4.0,8.0,17.0,3.0,4.0,0.0,0.0,1.6,4.2,5.0
1213,24/11/12,Palermo,Catania,3.0,1.0,H,1.0,0.0,H,23.0,14.0,10.0,8.0,3.0,7.0,13.0,16.0,3.0,4.0,0.0,0.0,2.4,3.2,3.0
1213,25/11/12,Atalanta,Genoa,0.0,1.0,A,0.0,1.0,A,16.0,6.0,6.0,2.0,9.0,2.0,8.0,15.0,1.0,2.0,0.0,1.0,1.8,3.4,4.75
1213,25/11/12,Chievo,Siena,0.0,0.0,D,0.0,0.0,D,6.0,8.0,0.0,1.0,7.0,4.0,26.0,8.0,2.0,2.0,1.0,0.0,2.05,3.25,3.75
1213,25/11/12,Milan,Juventus,1.0,0.0,H,1.0,0.0,H,15.0,13.0,6.0,2.0,5.0,6.0,16.0,10.0,2.0,4.0,0.0,0.0,3.2,3.25,2.25
1213,25/11/12,Pescara,Roma,0.0,1.0,A,0.0,1.0,A,7.0,20.0,0.0,6.0,4.0,3.0,19.0,17.0,3.0,3.0,0.0,0.0,5.5,4.33,1.53
1213,25/11/12,Sampdoria,Bologna,1.0,0.0,H,0.0,0.0,D,14.0,12.0,5.0,2.0,5.0,8.0,17.0,15.0,4.0,2.0,0.0,1.0,2.3,3.1,3.3
1213,25/11/12,Torino,Fiorentina,2.0,2.0,D,1.0,0.0,H,9.0,15.0,4.0,4.0,5.0,3.0,19.0,15.0,1.0,1.0,0.0,0.0,3.2,3.1,2.3
1213,26/11/12,Cagliari,Napoli,0.0,1.0,A,0.0,0.0,D,18.0,13.0,3.0,4.0,10.0,3.0,18.0,16.0,3.0,1.0,0.0,0.0,2.88,3.0,2.6
1213,26/11/12,Parma,Inter,1.0,0.0,H,0.0,0.0,D,16.0,12.0,5.0,5.0,8.0,7.0,9.0,18.0,2.0,2.0,0.0,0.0,2.8,3.25,2.5
1213,27/11/12,Lazio,Udinese,3.0,0.0,H,2.0,0.0,H,16.0,7.0,6.0,2.0,4.0,3.0,21.0,16.0,2.0,2.0,0.0,0.0,1.91,3.4,4.0
1213,30/11/12,Catania,Milan,1.0,3.0,A,1.0,0.0,H,3.0,13.0,2.0,6.0,3.0,3.0,12.0,12.0,2.0,2.0,1.0,1.0,3.2,3.25,2.25
1213,01/12/12,Juventus,Torino,3.0,0.0,H,0.0,0.0,D,26.0,5.0,10.0,2.0,15.0,2.0,14.0,13.0,4.0,1.0,0.0,1.0,1.33,5.0,9.0
1213,02/12/12,Bologna,Atalanta,2.0,1.0,H,1.0,0.0,H,13.0,10.0,6.0,3.0,5.0,7.0,22.0,18.0,2.0,4.0,0.0,0.0,2.25,3.2,3.25
1213,02/12/12,Fiorentina,Sampdoria,2.0,2.0,D,1.0,0.0,H,16.0,8.0,5.0,3.0,8.0,2.0,8.0,16.0,1.0,3.0,0.0,1.0,1.44,4.2,7.5
1213,02/12/12,Genoa,Chievo,2.0,4.0,A,1.0,3.0,A,16.0,11.0,3.0,7.0,8.0,2.0,17.0,17.0,4.0,4.0,0.0,1.0,2.1,3.25,3.6
1213,02/12/12,Inter,Palermo,1.0,0.0,H,0.0,0.0,D,16.0,8.0,4.0,1.0,7.0,1.0,11.0,17.0,2.0,3.0,0.0,0.0,1.44,4.33,7.0
1213,02/12/12,Lazio,Parma,2.0,1.0,H,2.0,0.0,H,6.0,14.0,3.0,4.0,3.0,7.0,13.0,11.0,3.0,0.0,0.0,0.0,1.73,3.6,4.75
1213,02/12/12,Napoli,Pescara,5.0,1.0,H,2.0,1.0,H,28.0,5.0,11.0,1.0,7.0,5.0,12.0,15.0,2.0,2.0,0.0,1.0,1.2,6.0,15.0
1213,02/12/12,Siena,Roma,1.0,3.0,A,1.0,0.0,H,5.0,22.0,2.0,7.0,3.0,9.0,21.0,13.0,1.0,2.0,0.0,0.0,3.5,3.6,2.0
1213,02/12/12,Udinese,Cagliari,4.0,1.0,H,2.0,0.0,H,15.0,7.0,8.0,2.0,6.0,5.0,15.0,22.0,1.0,5.0,0.0,0.0,1.95,3.2,4.2
1213,08/12/12,Atalanta,Parma,2.0,1.0,H,2.0,1.0,H,12.0,12.0,7.0,1.0,4.0,3.0,15.0,15.0,5.0,2.0,0.0,0.0,2.25,3.25,3.25
1213,08/12/12,Roma,Fiorentina,4.0,2.0,H,3.0,1.0,H,19.0,11.0,9.0,8.0,9.0,5.0,12.0,19.0,1.0,5.0,0.0,0.0,1.95,3.75,3.5
1213,09/12/12,Cagliari,Chievo,0.0,2.0,A,0.0,0.0,D,23.0,5.0,7.0,2.0,12.0,1.0,11.0,23.0,4.0,4.0,0.0,0.0,1.85,3.3,4.5
1213,09/12/12,Inter,Napoli,2.0,1.0,H,2.0,0.0,H,8.0,21.0,2.0,6.0,4.0,9.0,13.0,15.0,2.0,3.0,0.0,0.0,2.3,3.3,3.1
1213,09/12/12,Palermo,Juventus,0.0,1.0,A,0.0,0.0,D,4.0,16.0,1.0,4.0,3.0,9.0,17.0,12.0,0.0,3.0,1.0,0.0,5.5,3.8,1.62
1213,09/12/12,Pescara,Genoa,2.0,0.0,H,0.0,0.0,D,10.0,13.0,5.0,6.0,3.0,5.0,12.0,15.0,2.0,4.0,0.0,0.0,3.0,3.2,2.4
1213,09/12/12,Siena,Catania,1.0,3.0,A,1.0,0.0,H,8.0,23.0,5.0,6.0,3.0,11.0,13.0,10.0,2.0,2.0,0.0,0.0,2.3,3.1,3.3
1213,09/12/12,Torino,Milan,2.0,4.0,A,1.0,1.0,D,13.0,15.0,3.0,5.0,4.0,4.0,11.0,13.0,4.0,2.0,0.0,0.0,3.6,3.25,2.1
1213,10/12/12,Bologna,Lazio,0.0,0.0,D,0.0,0.0,D,18.0,15.0,3.0,8.0,3.0,5.0,17.0,17.0,2.0,1.0,0.0,1.0,2.88,3.2,2.5
1213,10/12/12,Sampdoria,Udinese,0.0,2.0,A,0.0,2.0,A,16.0,10.0,4.0,5.0,5.0,3.0,10.0,16.0,2.0,1.0,0.0,0.0,2.5,3.2,2.88
1213,15/12/12,Lazio,Inter,1.0,0.0,H,0.0,0.0,D,15.0,14.0,3.0,2.0,7.0,6.0,18.0,12.0,2.0,2.0,0.0,0.0,2.4,3.2,3.0
1213,15/12/12,Udinese,Palermo,1.0,1.0,D,0.0,1.0,A,13.0,23.0,6.0,9.0,4.0,7.0,10.0,21.0,4.0,2.0,1.0,0.0,1.8,3.5,4.5
1213,16/12/12,Catania,Sampdoria,3.0,1.0,H,0.0,1.0,A,18.0,8.0,4.0,2.0,5.0,1.0,15.0,14.0,3.0,2.0,0.0,0.0,1.83,3.5,4.33
1213,16/12/12,Chievo,Roma,1.0,0.0,H,0.0,0.0,D,9.0,14.0,5.0,2.0,5.0,8.0,10.0,7.0,1.0,2.0,0.0,0.0,3.6,3.75,1.91
1213,16/12/12,Fiorentina,Siena,4.0,1.0,H,3.0,0.0,H,16.0,12.0,5.0,4.0,7.0,4.0,15.0,18.0,2.0,4.0,0.0,1.0,1.44,4.0,8.5
1213,16/12/12,Genoa,Torino,1.0,1.0,D,1.0,1.0,D,15.0,12.0,6.0,3.0,8.0,7.0,18.0,15.0,3.0,3.0,0.0,0.0,2.4,3.2,3.0
1213,16/12/12,Juventus,Atalanta,3.0,0.0,H,3.0,0.0,H,30.0,6.0,12.0,2.0,7.0,8.0,9.0,9.0,0.0,0.0,0.0,1.0,1.29,5.0,11.0
1213,16/12/12,Milan,Pescara,4.0,1.0,H,1.0,0.0,H,15.0,12.0,8.0,5.0,9.0,5.0,13.0,13.0,2.0,2.0,0.0,0.0,1.2,6.0,15.0
1213,16/12/12,Napoli,Bologna,2.0,3.0,A,0.0,1.0,A,25.0,11.0,9.0,4.0,8.0,5.0,13.0,16.0,2.0,3.0,0.0,0.0,1.36,4.5,9.0
1213,16/12/12,Parma,Cagliari,4.0,1.0,H,1.0,1.0,D,14.0,6.0,8.0,5.0,3.0,6.0,15.0,15.0,4.0,6.0,0.0,0.0,2.0,3.2,4.0
1213,21/12/12,Cagliari,Juventus,1.0,3.0,A,1.0,0.0,H,5.0,30.0,2.0,10.0,1.0,6.0,23.0,15.0,4.0,2.0,1.0,0.0,8.5,4.33,1.4
1213,21/12/12,Pescara,Catania,2.0,1.0,H,1.0,1.0,D,11.0,19.0,3.0,4.0,5.0,7.0,13.0,18.0,1.0,2.0,0.0,0.0,3.1,3.2,2.3
1213,22/12/12,Atalanta,Udinese,1.0,1.0,D,1.0,1.0,D,13.0,7.0,5.0,3.0,4.0,2.0,16.0,15.0,2.0,4.0,0.0,0.0,2.15,3.2,3.5
1213,22/12/12,Bologna,Parma,1.0,2.0,A,0.0,0.0,D,12.0,16.0,4.0,8.0,7.0,3.0,10.0,25.0,2.0,4.0,0.0,0.0,2.25,3.25,3.25
1213,22/12/12,Inter,Genoa,1.0,1.0,D,0.0,0.0,D,15.0,8.0,4.0,2.0,7.0,2.0,11.0,19.0,2.0,2.0,0.0,0.0,1.33,5.0,8.5
1213,22/12/12,Palermo,Fiorentina,0.0,3.0,A,0.0,0.0,D,7.0,18.0,1.0,10.0,2.0,10.0,14.0,15.0,3.0,4.0,0.0,0.0,3.2,3.2,2.3
1213,22/12/12,Roma,Milan,4.0,2.0,H,3.0,0.0,H,13.0,20.0,7.0,10.0,4.0,8.0,15.0,19.0,2.0,3.0,1.0,0.0,2.25,3.75,2.8
1213,22/12/12,Sampdoria,Lazio,0.0,1.0,A,0.0,1.0,A,11.0,9.0,2.0,1.0,7.0,3.0,12.0,22.0,2.0,3.0,0.0,0.0,3.25,3.25,2.25
1213,22/12/12,Siena,Napoli,0.0,2.0,A,0.0,0.0,D,2.0,11.0,0.0,5.0,2.0,7.0,12.0,14.0,1.0,0.0,1.0,0.0,4.2,3.3,1.91
1213,22/12/12,Torino,Chievo,2.0,0.0,H,2.0,0.0,H,8.0,4.0,2.0,1.0,2.0,3.0,11.0,11.0,4.0,2.0,0.0,0.0,2.0,3.3,3.8
1213,05/01/13,Catania,Torino,0.0,0.0,D,0.0,0.0,D,13.0,11.0,6.0,2.0,5.0,4.0,15.0,25.0,2.0,5.0,1.0,0.0,1.95,3.3,4.0
1213,05/01/13,Lazio,Cagliari,2.0,1.0,H,0.0,0.0,D,19.0,10.0,8.0,4.0,7.0,1.0,14.0,17.0,1.0,2.0,0.0,2.0,1.53,3.9,6.5
1213,06/01/13,Chievo,Atalanta,1.0,0.0,H,1.0,0.0,H,9.0,10.0,2.0,3.0,4.0,7.0,19.0,14.0,1.0,3.0,0.0,0.0,2.2,3.1,3.5
1213,06/01/13,Fiorentina,Pescara,0.0,2.0,A,0.0,0.0,D,29.0,6.0,15.0,3.0,9.0,2.0,14.0,23.0,1.0,5.0,0.0,0.0,1.25,5.5,12.0
1213,06/01/13,Genoa,Bologna,2.0,0.0,H,0.0,0.0,D,10.0,11.0,4.0,2.0,1.0,3.0,16.0,12.0,3.0,5.0,0.0,1.0,2.3,3.2,3.2
1213,06/01/13,Juventus,Sampdoria,1.0,2.0,A,1.0,0.0,H,18.0,10.0,7.0,4.0,14.0,3.0,16.0,12.0,4.0,4.0,0.0,1.0,1.18,6.5,16.0
1213,06/01/13,Milan,Siena,2.0,1.0,H,0.0,0.0,D,11.0,4.0,3.0,3.0,5.0,3.0,14.0,22.0,2.0,5.0,0.0,0.0,1.3,5.0,11.0
1213,06/01/13,Napoli,Roma,4.0,1.0,H,1.0,0.0,H,8.0,25.0,6.0,8.0,7.0,10.0,17.0,14.0,3.0,1.0,0.0,1.0,2.05,3.75,3.25
1213,06/01/13,Parma,Palermo,2.0,1.0,H,0.0,0.0,D,10.0,17.0,4.0,6.0,4.0,9.0,18.0,10.0,4.0,4.0,0.0,0.0,1.83,3.4,4.5
1213,06/01/13,Udinese,Inter,3.0,0.0,H,0.0,0.0,D,14.0,13.0,5.0,4.0,4.0,9.0,15.0,11.0,3.0,2.0,0.0,1.0,3.0,3.2,2.4
1213,12/01/13,Bologna,Chievo,4.0,0.0,H,2.0,0.0,H,10.0,11.0,5.0,2.0,4.0,5.0,18.0,19.0,2.0,5.0,0.0,0.0,2.0,3.2,4.0
1213,12/01/13,Inter,Pescara,2.0,0.0,H,1.0,0.0,H,17.0,10.0,4.0,2.0,5.0,4.0,9.0,9.0,2.0,2.0,0.0,0.0,1.25,5.5,12.0
1213,13/01/13,Cagliari,Genoa,2.0,1.0,H,0.0,0.0,D,20.0,9.0,5.0,5.0,6.0,5.0,19.0,22.0,3.0,3.0,0.0,1.0,2.0,3.4,3.8
1213,13/01/13,Catania,Roma,1.0,0.0,H,0.0,0.0,D,15.0,14.0,4.0,2.0,6.0,4.0,19.0,19.0,4.0,3.0,0.0,0.0,2.88,3.75,2.2
1213,13/01/13,Lazio,Atalanta,2.0,0.0,H,0.0,0.0,D,13.0,7.0,4.0,1.0,8.0,4.0,15.0,14.0,2.0,4.0,0.0,1.0,1.57,3.8,6.0
1213,13/01/13,Napoli,Palermo,3.0,0.0,H,2.0,0.0,H,13.0,10.0,4.0,3.0,8.0,3.0,14.0,16.0,0.0,2.0,0.0,0.0,1.3,5.0,10.0
1213,13/01/13,Parma,Juventus,1.0,1.0,D,0.0,0.0,D,10.0,18.0,2.0,9.0,3.0,9.0,14.0,8.0,2.0,1.0,0.0,0.0,5.0,3.5,1.73
1213,13/01/13,Sampdoria,Milan,0.0,0.0,D,0.0,0.0,D,12.0,14.0,5.0,5.0,10.0,9.0,12.0,12.0,1.0,2.0,0.0,0.0,3.6,3.25,2.1
1213,13/01/13,Torino,Siena,3.0,2.0,H,3.0,1.0,H,6.0,15.0,3.0,7.0,0.0,12.0,13.0,17.0,1.0,4.0,0.0,0.0,2.2,3.2,3.4
1213,13/01/13,Udinese,Fiorentina,3.0,1.0,H,1.0,1.0,D,12.0,21.0,5.0,2.0,5.0,5.0,7.0,13.0,3.0,3.0,0.0,0.0,3.1,3.3,2.3
1213,19/01/13,Juventus,Udinese,4.0,0.0,H,1.0,0.0,H,20.0,10.0,8.0,2.0,8.0,5.0,7.0,9.0,1.0,2.0,0.0,0.0,1.36,4.5,9.5
1213,19/01/13,Milan,Bologna,2.0,1.0,H,0.0,0.0,D,24.0,6.0,7.0,2.0,9.0,1.0,16.0,9.0,1.0,3.0,0.0,0.0,1.4,4.5,8.0
1213,19/01/13,Palermo,Lazio,2.0,2.0,D,0.0,1.0,A,13.0,14.0,3.0,6.0,6.0,2.0,14.0,12.0,3.0,3.0,0.0,0.0,2.88,3.2,2.5
1213,20/01/13,Atalanta,Cagliari,1.0,1.0,D,0.0,1.0,A,15.0,8.0,3.0,1.0,7.0,2.0,12.0,14.0,1.0,2.0,1.0,0.0,2.05,3.2,3.8
1213,20/01/13,Chievo,Parma,1.0,1.0,D,0.0,1.0,A,10.0,7.0,6.0,1.0,11.0,2.0,12.0,10.0,2.0,2.0,0.0,0.0,2.6,3.0,2.9
1213,20/01/13,Fiorentina,Napoli,1.0,1.0,D,1.0,1.0,D,14.0,10.0,3.0,5.0,4.0,3.0,20.0,17.0,3.0,3.0,0.0,0.0,2.5,3.2,2.9
1213,20/01/13,Genoa,Catania,0.0,2.0,A,0.0,1.0,A,14.0,10.0,4.0,4.0,6.0,3.0,14.0,19.0,1.0,1.0,0.0,0.0,2.25,3.2,3.3
1213,20/01/13,Pescara,Torino,0.0,2.0,A,0.0,2.0,A,11.0,12.0,2.0,5.0,2.0,3.0,24.0,15.0,3.0,3.0,1.0,0.0,2.7,3.1,2.7
1213,20/01/13,Roma,Inter,1.0,1.0,D,1.0,1.0,D,16.0,16.0,3.0,2.0,2.0,6.0,10.0,14.0,3.0,6.0,0.0,0.0,1.91,4.0,3.4
1213,20/01/13,Siena,Sampdoria,1.0,0.0,H,0.0,0.0,D,9.0,6.0,3.0,1.0,8.0,2.0,17.0,9.0,3.0,0.0,0.0,0.0,2.4,3.2,3.0
1213,26/01/13,Juventus,Genoa,1.0,1.0,D,0.0,0.0,D,16.0,8.0,6.0,1.0,8.0,1.0,10.0,17.0,2.0,4.0,0.0,0.0,1.17,6.5,17.0
1213,26/01/13,Lazio,Chievo,0.0,1.0,A,0.0,0.0,D,17.0,6.0,6.0,2.0,6.0,3.0,15.0,11.0,3.0,1.0,0.0,0.0,1.57,3.8,6.0
1213,27/01/13,Atalanta,Milan,0.0,1.0,A,0.0,1.0,A,8.0,15.0,1.0,3.0,7.0,7.0,14.0,13.0,5.0,4.0,1.0,0.0,3.5,3.3,2.1
1213,27/01/13,Bologna,Roma,3.0,3.0,D,2.0,2.0,D,13.0,14.0,9.0,7.0,7.0,3.0,23.0,21.0,5.0,3.0,0.0,0.0,2.9,3.5,2.3
1213,27/01/13,Cagliari,Palermo,1.0,1.0,D,0.0,1.0,A,18.0,9.0,7.0,2.0,12.0,4.0,14.0,20.0,3.0,5.0,0.0,1.0,1.91,3.4,4.0
1213,27/01/13,Catania,Fiorentina,2.0,1.0,H,0.0,1.0,A,5.0,14.0,3.0,3.0,1.0,4.0,26.0,12.0,6.0,2.0,0.0,1.0,3.0,3.25,2.38
1213,27/01/13,Inter,Torino,2.0,2.0,D,1.0,1.0,D,14.0,12.0,4.0,5.0,7.0,3.0,16.0,10.0,1.0,1.0,0.0,0.0,1.62,3.75,5.75
1213,27/01/13,Parma,Napoli,1.0,2.0,A,0.0,1.0,A,19.0,16.0,4.0,8.0,13.0,6.0,17.0,12.0,5.0,3.0,0.0,0.0,3.0,3.25,2.38
1213,27/01/13,Sampdoria,Pescara,6.0,0.0,H,2.0,0.0,H,20.0,2.0,10.0,0.0,8.0,0.0,11.0,23.0,1.0,2.0,0.0,0.0,1.62,3.75,5.5
1213,27/01/13,Udinese,Siena,1.0,0.0,H,1.0,0.0,H,8.0,9.0,3.0,1.0,4.0,4.0,20.0,22.0,5.0,2.0,0.0,0.0,1.57,3.75,6.0
1213,01/02/13,Roma,Cagliari,2.0,4.0,A,1.0,1.0,D,31.0,10.0,8.0,4.0,7.0,2.0,10.0,16.0,3.0,2.0,0.0,0.0,1.5,4.33,6.0
1213,02/02/13,Napoli,Catania,2.0,0.0,H,2.0,0.0,H,14.0,14.0,3.0,2.0,4.0,10.0,16.0,20.0,3.0,1.0,0.0,0.0,1.5,4.2,6.5
1213,02/02/13,Torino,Sampdoria,0.0,0.0,D,0.0,0.0,D,10.0,7.0,2.0,0.0,5.0,3.0,14.0,17.0,1.0,1.0,0.0,0.0,2.1,3.25,3.5
1213,03/02/13,Chievo,Juventus,1.0,2.0,A,0.0,2.0,A,9.0,18.0,3.0,6.0,0.0,4.0,20.0,12.0,2.0,1.0,0.0,0.0,5.5,3.8,1.62
1213,03/02/13,Fiorentina,Parma,2.0,0.0,H,1.0,0.0,H,13.0,14.0,7.0,4.0,9.0,4.0,8.0,13.0,1.0,3.0,0.0,0.0,1.73,3.5,5.0
1213,03/02/13,Genoa,Lazio,3.0,2.0,H,2.0,0.0,H,9.0,11.0,4.0,3.0,3.0,6.0,21.0,18.0,3.0,2.0,0.0,0.0,2.8,3.25,2.5
1213,03/02/13,Milan,Udinese,2.0,1.0,H,1.0,0.0,H,22.0,6.0,9.0,1.0,10.0,1.0,15.0,17.0,1.0,4.0,0.0,0.0,1.53,4.0,6.0
1213,03/02/13,Palermo,Atalanta,1.0,2.0,A,0.0,0.0,D,17.0,10.0,6.0,5.0,4.0,2.0,19.0,14.0,1.0,3.0,0.0,0.0,2.15,3.2,3.5
1213,03/02/13,Pescara,Bologna,2.0,3.0,A,2.0,1.0,H,9.0,20.0,2.0,6.0,4.0,5.0,27.0,18.0,4.0,1.0,0.0,0.0,3.0,3.2,2.4
1213,03/02/13,Siena,Inter,3.0,1.0,H,2.0,1.0,H,14.0,17.0,6.0,7.0,4.0,8.0,13.0,11.0,2.0,1.0,0.0,1.0,3.5,3.3,2.1
1213,09/02/13,Juventus,Fiorentina,2.0,0.0,H,2.0,0.0,H,17.0,12.0,7.0,4.0,4.0,5.0,16.0,17.0,2.0,3.0,0.0,0.0,1.62,3.8,5.5
1213,09/02/13,Lazio,Napoli,1.0,1.0,D,1.0,0.0,H,20.0,14.0,6.0,7.0,8.0,5.0,15.0,14.0,5.0,3.0,0.0,0.0,2.88,3.2,2.5
1213,10/02/13,Atalanta,Catania,0.0,0.0,D,0.0,0.0,D,10.0,11.0,1.0,4.0,5.0,3.0,17.0,22.0,5.0,3.0,0.0,0.0,2.2,3.2,3.4
1213,10/02/13,Bologna,Siena,1.0,1.0,D,1.0,1.0,D,13.0,8.0,3.0,1.0,5.0,3.0,14.0,22.0,2.0,3.0,0.0,0.0,1.85,3.3,4.5
1213,10/02/13,Cagliari,Milan,1.0,1.0,D,1.0,0.0,H,11.0,16.0,2.0,7.0,4.0,4.0,17.0,15.0,3.0,3.0,1.0,0.0,5.25,3.6,1.67
1213,10/02/13,Inter,Chievo,3.0,1.0,H,2.0,1.0,H,14.0,10.0,9.0,1.0,8.0,3.0,12.0,11.0,2.0,1.0,0.0,0.0,1.57,4.0,5.5
1213,10/02/13,Palermo,Pescara,1.0,1.0,D,0.0,0.0,D,15.0,11.0,3.0,4.0,7.0,3.0,9.0,14.0,1.0,2.0,0.0,0.0,1.57,3.75,6.0
1213,10/02/13,Parma,Genoa,0.0,0.0,D,0.0,0.0,D,16.0,10.0,4.0,3.0,9.0,3.0,27.0,14.0,2.0,1.0,0.0,0.0,1.8,3.5,4.5
1213,10/02/13,Sampdoria,Roma,3.0,1.0,H,0.0,0.0,D,10.0,18.0,6.0,5.0,7.0,4.0,5.0,9.0,1.0,2.0,0.0,0.0,3.2,3.5,2.15
1213,10/02/13,Udinese,Torino,1.0,0.0,H,1.0,0.0,H,15.0,9.0,5.0,1.0,2.0,6.0,16.0,14.0,0.0,3.0,0.0,0.0,2.0,3.3,3.8
1213,15/02/13,Milan,Parma,2.0,1.0,H,1.0,0.0,H,13.0,11.0,6.0,2.0,3.0,7.0,18.0,18.0,1.0,1.0,0.0,0.0,1.5,4.0,7.0
1213,16/02/13,Chievo,Palermo,1.0,1.0,D,0.0,1.0,A,7.0,4.0,2.0,1.0,4.0,5.0,23.0,17.0,2.0,2.0,0.0,0.0,2.2,3.2,3.4
1213,16/02/13,Roma,Juventus,1.0,0.0,H,0.0,0.0,D,10.0,5.0,5.0,3.0,4.0,7.0,11.0,19.0,2.0,3.0,0.0,0.0,3.4,3.4,2.1
1213,17/02/13,Catania,Bologna,1.0,0.0,H,1.0,0.0,H,11.0,10.0,8.0,4.0,6.0,4.0,20.0,12.0,1.0,2.0,0.0,0.0,2.0,3.3,3.8
1213,17/02/13,Fiorentina,Inter,4.0,1.0,H,2.0,0.0,H,18.0,6.0,11.0,2.0,6.0,3.0,11.0,15.0,3.0,4.0,0.0,0.0,2.0,3.4,3.75
1213,17/02/13,Genoa,Udinese,1.0,0.0,H,1.0,0.0,H,9.0,12.0,5.0,4.0,3.0,5.0,17.0,11.0,2.0,2.0,0.0,0.0,2.4,3.2,3.0
1213,17/02/13,Napoli,Sampdoria,0.0,0.0,D,0.0,0.0,D,12.0,7.0,6.0,4.0,6.0,2.0,17.0,14.0,2.0,1.0,0.0,0.0,1.36,4.75,8.0
1213,17/02/13,Pescara,Cagliari,0.0,2.0,A,0.0,0.0,D,6.0,11.0,2.0,8.0,0.0,3.0,24.0,25.0,4.0,2.0,0.0,0.0,3.0,3.2,2.4
1213,17/02/13,Torino,Atalanta,2.0,1.0,H,1.0,0.0,H,17.0,2.0,9.0,1.0,7.0,2.0,13.0,17.0,1.0,3.0,0.0,0.0,2.1,3.1,3.75
1213,18/02/13,Siena,Lazio,3.0,0.0,H,2.0,0.0,H,4.0,15.0,3.0,8.0,3.0,5.0,17.0,14.0,0.0,2.0,0.0,0.0,3.1,3.1,2.4
1213,23/02/13,Palermo,Genoa,0.0,0.0,D,0.0,0.0,D,11.0,9.0,2.0,5.0,3.0,5.0,19.0,18.0,3.0,5.0,1.0,0.0,2.1,3.3,3.5
1213,24/02/13,Atalanta,Roma,2.0,3.0,A,2.0,2.0,D,9.0,11.0,4.0,5.0,3.0,5.0,17.0,16.0,3.0,1.0,1.0,0.0,2.88,3.4,2.38
1213,24/02/13,Cagliari,Torino,4.0,3.0,H,1.0,0.0,H,12.0,10.0,5.0,6.0,4.0,6.0,13.0,21.0,2.0,2.0,0.0,2.0,2.2,3.2,3.4
1213,24/02/13,Inter,Milan,1.0,1.0,D,0.0,1.0,A,13.0,19.0,4.0,6.0,1.0,4.0,17.0,17.0,2.0,4.0,0.0,0.0,3.1,3.3,2.3
1213,24/02/13,Juventus,Siena,3.0,0.0,H,1.0,0.0,H,19.0,5.0,6.0,2.0,6.0,2.0,7.0,5.0,1.0,1.0,0.0,0.0,1.2,6.5,13.0
1213,24/02/13,Parma,Catania,1.0,2.0,A,0.0,2.0,A,11.0,11.0,3.0,4.0,8.0,3.0,20.0,16.0,1.0,1.0,0.0,1.0,2.05,3.25,3.75
1213,24/02/13,Sampdoria,Chievo,2.0,0.0,H,1.0,0.0,H,14.0,11.0,4.0,3.0,7.0,6.0,9.0,17.0,2.0,3.0,0.0,0.0,2.0,3.2,4.0
1213,25/02/13,Lazio,Pescara,2.0,0.0,H,2.0,0.0,H,13.0,5.0,4.0,1.0,3.0,3.0,11.0,8.0,0.0,0.0,0.0,0.0,1.25,5.5,12.0
1213,25/02/13,Udinese,Napoli,0.0,0.0,D,0.0,0.0,D,9.0,8.0,1.0,1.0,4.0,3.0,13.0,21.0,1.0,4.0,0.0,0.0,3.0,3.2,2.4
1213,26/02/13,Bologna,Fiorentina,2.0,1.0,H,0.0,1.0,A,14.0,17.0,6.0,3.0,4.0,1.0,19.0,12.0,3.0,2.0,0.0,0.0,3.3,3.3,2.2
1213,01/03/13,Napoli,Juventus,1.0,1.0,D,1.0,1.0,D,20.0,13.0,8.0,5.0,10.0,4.0,13.0,8.0,4.0,2.0,0.0,0.0,3.0,3.2,2.38
1213,02/03/13,Milan,Lazio,3.0,0.0,H,2.0,0.0,H,22.0,9.0,7.0,3.0,7.0,3.0,12.0,14.0,3.0,2.0,0.0,1.0,1.62,3.6,6.0
1213,03/03/13,Bologna,Cagliari,3.0,0.0,H,2.0,0.0,H,16.0,4.0,7.0,1.0,4.0,6.0,16.0,14.0,2.0,5.0,0.0,1.0,2.1,3.2,3.6
1213,03/03/13,Catania,Inter,2.0,3.0,A,2.0,0.0,H,14.0,16.0,4.0,6.0,0.0,4.0,24.0,13.0,4.0,2.0,0.0,0.0,2.4,3.2,3.0
1213,03/03/13,Fiorentina,Chievo,2.0,1.0,H,1.0,1.0,D,26.0,11.0,5.0,1.0,5.0,3.0,9.0,16.0,2.0,1.0,0.0,0.0,1.44,4.2,7.5
1213,03/03/13,Pescara,Udinese,0.0,1.0,A,0.0,1.0,A,19.0,11.0,4.0,5.0,6.0,5.0,16.0,17.0,2.0,2.0,0.0,0.0,3.4,3.3,2.15
1213,03/03/13,Roma,Genoa,3.0,1.0,H,1.0,1.0,D,10.0,19.0,3.0,7.0,5.0,14.0,9.0,18.0,4.0,2.0,0.0,1.0,1.5,4.33,6.0
1213,03/03/13,Sampdoria,Parma,1.0,0.0,H,0.0,0.0,D,11.0,9.0,3.0,2.0,8.0,3.0,15.0,20.0,3.0,5.0,0.0,0.0,2.25,3.1,3.4
1213,03/03/13,Siena,Atalanta,0.0,2.0,A,0.0,1.0,A,12.0,11.0,1.0,3.0,5.0,6.0,15.0,18.0,0.0,3.0,0.0,0.0,2.2,3.2,3.4
1213,03/03/13,Torino,Palermo,0.0,0.0,D,0.0,0.0,D,9.0,12.0,1.0,2.0,8.0,2.0,14.0,17.0,3.0,2.0,0.0,0.0,2.1,3.2,3.6
1213,08/03/13,Genoa,Milan,0.0,2.0,A,0.0,1.0,A,19.0,8.0,7.0,5.0,7.0,2.0,15.0,14.0,3.0,2.0,0.0,1.0,4.0,3.4,1.91
1213,09/03/13,Udinese,Roma,1.0,1.0,D,0.0,1.0,A,5.0,9.0,3.0,4.0,2.0,5.0,16.0,14.0,2.0,3.0,1.0,0.0,2.8,3.4,2.4
1213,10/03/13,Atalanta,Pescara,2.0,1.0,H,1.0,1.0,D,9.0,5.0,3.0,1.0,3.0,3.0,10.0,20.0,4.0,2.0,0.0,0.0,1.44,4.0,8.0
1213,10/03/13,Cagliari,Sampdoria,3.0,1.0,H,1.0,0.0,H,11.0,12.0,6.0,3.0,3.0,6.0,22.0,14.0,1.0,1.0,1.0,0.0,2.25,3.1,3.4
1213,10/03/13,Chievo,Napoli,2.0,0.0,H,2.0,0.0,H,10.0,15.0,5.0,4.0,3.0,14.0,20.0,14.0,2.0,1.0,0.0,0.0,3.5,3.5,2.05
1213,10/03/13,Inter,Bologna,0.0,1.0,A,0.0,0.0,D,15.0,11.0,4.0,3.0,11.0,4.0,14.0,10.0,2.0,2.0,0.0,0.0,1.73,3.5,5.0
1213,10/03/13,Juventus,Catania,1.0,0.0,H,0.0,0.0,D,16.0,6.0,5.0,1.0,6.0,1.0,16.0,23.0,1.0,3.0,0.0,0.0,1.29,5.25,11.0
1213,10/03/13,Lazio,Fiorentina,0.0,2.0,A,0.0,1.0,A,16.0,8.0,6.0,3.0,6.0,2.0,20.0,10.0,4.0,1.0,0.0,0.0,2.5,3.25,2.8
1213,10/03/13,Palermo,Siena,1.0,2.0,A,1.0,0.0,H,16.0,10.0,3.0,3.0,10.0,7.0,14.0,15.0,4.0,3.0,0.0,0.0,1.91,3.3,4.2
1213,10/03/13,Parma,Torino,4.0,1.0,H,0.0,0.0,D,21.0,12.0,10.0,3.0,8.0,0.0,16.0,5.0,2.0,0.0,0.0,0.0,2.0,3.3,3.8
1213,16/03/13,Bologna,Juventus,0.0,2.0,A,0.0,0.0,D,12.0,16.0,3.0,5.0,4.0,3.0,18.0,17.0,3.0,3.0,0.0,0.0,5.5,3.75,1.62
1213,16/03/13,Catania,Udinese,3.0,1.0,H,0.0,0.0,D,12.0,15.0,5.0,3.0,1.0,4.0,16.0,15.0,2.0,1.0,1.0,0.0,1.91,3.4,4.0
1213,17/03/13,Fiorentina,Genoa,3.0,2.0,H,1.0,0.0,H,21.0,9.0,6.0,3.0,12.0,3.0,15.0,17.0,2.0,3.0,0.0,1.0,1.44,4.2,7.5
1213,17/03/13,Milan,Palermo,2.0,0.0,H,1.0,0.0,H,12.0,9.0,4.0,3.0,6.0,5.0,16.0,15.0,1.0,1.0,0.0,0.0,1.29,5.25,11.0
1213,17/03/13,Napoli,Atalanta,3.0,2.0,H,1.0,1.0,D,28.0,6.0,9.0,2.0,14.0,1.0,15.0,17.0,2.0,3.0,0.0,0.0,1.44,4.2,7.5
1213,17/03/13,Pescara,Chievo,0.0,2.0,A,0.0,0.0,D,14.0,14.0,2.0,3.0,2.0,3.0,12.0,21.0,4.0,1.0,0.0,0.0,2.9,3.1,2.5
1213,17/03/13,Roma,Parma,2.0,0.0,H,1.0,0.0,H,13.0,12.0,5.0,3.0,7.0,13.0,6.0,21.0,0.0,3.0,0.0,0.0,1.5,4.33,6.0
1213,17/03/13,Siena,Cagliari,0.0,0.0,D,0.0,0.0,D,7.0,8.0,2.0,1.0,2.0,2.0,16.0,10.0,1.0,1.0,0.0,0.0,2.2,3.2,3.4
1213,17/03/13,Torino,Lazio,1.0,0.0,H,0.0,0.0,D,11.0,5.0,4.0,2.0,2.0,2.0,21.0,18.0,2.0,0.0,0.0,1.0,2.4,3.1,3.1
1213,30/03/13,Atalanta,Sampdoria,0.0,0.0,D,0.0,0.0,D,9.0,13.0,2.0,1.0,4.0,4.0,22.0,12.0,1.0,3.0,1.0,0.0,2.25,3.0,3.5
1213,30/03/13,Cagliari,Fiorentina,2.0,1.0,H,2.0,0.0,H,9.0,23.0,5.0,3.0,5.0,11.0,19.0,13.0,3.0,2.0,0.0,0.0,3.3,3.2,2.25
1213,30/03/13,Chievo,Milan,0.0,1.0,A,0.0,1.0,A,7.0,14.0,2.0,9.0,4.0,4.0,17.0,11.0,4.0,1.0,1.0,0.0,5.0,3.5,1.73
1213,30/03/13,Genoa,Siena,2.0,2.0,D,1.0,1.0,D,16.0,5.0,8.0,3.0,5.0,2.0,17.0,16.0,6.0,2.0,0.0,0.0,1.91,3.25,4.33
1213,30/03/13,Inter,Juventus,1.0,2.0,A,0.0,1.0,A,12.0,10.0,6.0,5.0,11.0,3.0,19.0,11.0,3.0,3.0,1.0,0.0,3.25,3.3,2.2
1213,30/03/13,Lazio,Catania,2.0,1.0,H,0.0,0.0,D,17.0,4.0,5.0,1.0,16.0,5.0,13.0,21.0,2.0,3.0,0.0,0.0,1.95,3.3,4.0
1213,30/03/13,Palermo,Roma,2.0,0.0,H,2.0,0.0,H,18.0,19.0,4.0,8.0,6.0,6.0,16.0,11.0,3.0,2.0,0.0,0.0,3.5,3.5,2.05
1213,30/03/13,Parma,Pescara,3.0,0.0,H,1.0,0.0,H,20.0,6.0,8.0,1.0,9.0,1.0,18.0,11.0,1.0,1.0,0.0,0.0,1.36,4.5,9.0
1213,30/03/13,Torino,Napoli,3.0,5.0,A,1.0,1.0,D,12.0,15.0,4.0,8.0,10.0,8.0,16.0,15.0,4.0,1.0,0.0,0.0,3.3,3.25,2.2
1213,30/03/13,Udinese,Bologna,0.0,0.0,D,0.0,0.0,D,16.0,9.0,5.0,1.0,6.0,2.0,19.0,20.0,1.0,6.0,0.0,0.0,2.0,3.2,4.0
1213,03/04/13,Sampdoria,Inter,0.0,2.0,A,0.0,1.0,A,18.0,9.0,9.0,3.0,9.0,5.0,9.0,20.0,2.0,2.0,0.0,0.0,2.63,3.3,2.88
1213,06/04/13,Bologna,Torino,2.0,2.0,D,0.0,1.0,A,17.0,19.0,5.0,7.0,10.0,7.0,16.0,12.0,2.0,2.0,0.0,0.0,2.1,3.1,3.75
1213,06/04/13,Juventus,Pescara,2.0,1.0,H,0.0,0.0,D,31.0,4.0,13.0,2.0,6.0,2.0,9.0,17.0,2.0,2.0,0.0,1.0,1.14,8.0,15.0
1213,07/04/13,Catania,Cagliari,0.0,0.0,D,0.0,0.0,D,18.0,12.0,3.0,0.0,6.0,4.0,17.0,19.0,1.0,5.0,0.0,0.0,1.91,3.3,4.2
1213,07/04/13,Fiorentina,Milan,2.0,2.0,D,0.0,1.0,A,9.0,14.0,4.0,7.0,2.0,3.0,23.0,14.0,3.0,4.0,1.0,0.0,2.88,3.2,2.5
1213,07/04/13,Inter,Atalanta,3.0,4.0,A,1.0,0.0,H,18.0,14.0,6.0,5.0,10.0,3.0,12.0,13.0,2.0,2.0,0.0,1.0,1.75,3.6,4.75
1213,07/04/13,Napoli,Genoa,2.0,0.0,H,2.0,0.0,H,19.0,14.0,9.0,7.0,7.0,5.0,13.0,9.0,1.0,3.0,0.0,0.0,1.36,4.5,9.0
1213,07/04/13,Sampdoria,Palermo,1.0,3.0,A,1.0,1.0,D,9.0,15.0,3.0,5.0,3.0,4.0,16.0,16.0,2.0,1.0,0.0,0.0,2.05,3.25,3.75
1213,07/04/13,Siena,Parma,0.0,0.0,D,0.0,0.0,D,9.0,12.0,0.0,5.0,5.0,5.0,14.0,16.0,2.0,3.0,0.0,0.0,2.4,3.1,3.1
1213,07/04/13,Udinese,Chievo,3.0,1.0,H,2.0,1.0,H,14.0,8.0,8.0,4.0,5.0,4.0,14.0,22.0,3.0,6.0,0.0,0.0,1.8,3.3,4.75
1213,08/04/13,Roma,Lazio,1.0,1.0,D,0.0,1.0,A,14.0,20.0,6.0,5.0,5.0,6.0,17.0,17.0,4.0,3.0,0.0,1.0,1.91,3.6,3.75
1213,13/04/13,Atalanta,Fiorentina,0.0,2.0,A,0.0,0.0,D,7.0,13.0,4.0,6.0,5.0,1.0,20.0,15.0,3.0,3.0,1.0,0.0,3.25,3.25,2.25
1213,13/04/13,Pescara,Siena,2.0,3.0,A,0.0,2.0,A,20.0,25.0,9.0,10.0,8.0,8.0,12.0,12.0,2.0,2.0,0.0,0.0,3.6,3.25,2.1
1213,14/04/13,Cagliari,Inter,2.0,0.0,H,0.0,0.0,D,11.0,19.0,4.0,4.0,2.0,10.0,10.0,16.0,3.0,3.0,0.0,0.0,2.8,3.3,2.5
1213,14/04/13,Chievo,Catania,0.0,0.0,D,0.0,0.0,D,8.0,7.0,2.0,2.0,8.0,2.0,13.0,20.0,1.0,2.0,0.0,0.0,2.25,3.1,3.4
1213,14/04/13,Genoa,Sampdoria,1.0,1.0,D,0.0,1.0,A,9.0,3.0,1.0,1.0,7.0,2.0,21.0,17.0,5.0,3.0,0.0,1.0,2.4,3.2,3.0
1213,14/04/13,Milan,Napoli,1.0,1.0,D,1.0,1.0,D,14.0,11.0,5.0,3.0,4.0,6.0,19.0,11.0,2.0,5.0,1.0,0.0,2.1,3.3,3.5
1213,14/04/13,Palermo,Bologna,1.0,1.0,D,1.0,1.0,D,16.0,9.0,6.0,3.0,8.0,5.0,17.0,15.0,4.0,4.0,0.0,0.0,2.1,3.25,3.6
1213,14/04/13,Parma,Udinese,0.0,3.0,A,0.0,2.0,A,15.0,14.0,3.0,5.0,9.0,1.0,21.0,15.0,1.0,1.0,0.0,0.0,2.0,3.4,3.75
1213,14/04/13,Torino,Roma,1.0,2.0,A,1.0,1.0,D,17.0,11.0,4.0,4.0,8.0,5.0,9.0,15.0,3.0,2.0,0.0,1.0,2.88,3.4,2.38
1213,15/04/13,Lazio,Juventus,0.0,2.0,A,0.0,2.0,A,20.0,17.0,2.0,5.0,9.0,3.0,18.0,11.0,2.0,2.0,0.0,0.0,4.1,3.4,1.91
1213,20/04/13,Genoa,Atalanta,1.0,1.0,D,1.0,1.0,D,17.0,3.0,4.0,2.0,6.0,2.0,17.0,29.0,4.0,5.0,0.0,0.0,2.0,3.3,3.8
1213,20/04/13,Udinese,Lazio,1.0,0.0,H,1.0,0.0,H,12.0,7.0,3.0,3.0,6.0,2.0,15.0,13.0,2.0,3.0,0.0,0.0,2.4,3.1,3.1
1213,21/04/13,Bologna,Sampdoria,1.0,1.0,D,1.0,0.0,H,14.0,13.0,6.0,6.0,6.0,5.0,24.0,20.0,2.0,5.0,0.0,0.0,2.2,2.88,3.8
1213,21/04/13,Catania,Palermo,1.0,1.0,D,0.0,0.0,D,22.0,10.0,7.0,4.0,7.0,5.0,18.0,18.0,2.0,3.0,1.0,0.0,2.1,3.25,3.6
1213,21/04/13,Fiorentina,Torino,4.0,3.0,H,3.0,1.0,H,14.0,9.0,6.0,4.0,3.0,7.0,11.0,15.0,1.0,2.0,0.0,1.0,1.44,4.1,8.0
1213,21/04/13,Inter,Parma,1.0,0.0,H,0.0,0.0,D,9.0,13.0,2.0,5.0,4.0,8.0,8.0,13.0,1.0,2.0,0.0,0.0,1.91,3.4,4.0
1213,21/04/13,Juventus,Milan,1.0,0.0,H,0.0,0.0,D,13.0,11.0,5.0,6.0,7.0,1.0,10.0,19.0,0.0,3.0,0.0,0.0,1.73,3.6,4.75
1213,21/04/13,Napoli,Cagliari,3.0,2.0,H,0.0,1.0,A,21.0,12.0,7.0,3.0,10.0,2.0,14.0,20.0,3.0,5.0,0.0,0.0,1.44,4.2,7.5
1213,21/04/13,Roma,Pescara,1.0,1.0,D,0.0,1.0,A,22.0,15.0,6.0,5.0,17.0,1.0,15.0,15.0,2.0,3.0,0.0,0.0,1.17,7.0,15.0
1213,21/04/13,Siena,Chievo,0.0,1.0,A,0.0,1.0,A,15.0,8.0,4.0,5.0,15.0,4.0,15.0,19.0,5.0,6.0,0.0,0.0,2.15,3.1,3.6
1213,27/04/13,Atalanta,Bologna,1.0,1.0,D,0.0,0.0,D,13.0,9.0,6.0,3.0,9.0,4.0,14.0,19.0,1.0,2.0,0.0,0.0,2.63,2.4,3.8
1213,27/04/13,Cagliari,Udinese,0.0,1.0,A,0.0,0.0,D,10.0,8.0,0.0,2.0,4.0,2.0,25.0,14.0,5.0,3.0,1.0,0.0,3.6,3.2,2.1
1213,27/04/13,Pescara,Napoli,0.0,3.0,A,0.0,0.0,D,11.0,20.0,2.0,10.0,4.0,6.0,13.0,7.0,2.0,1.0,0.0,0.0,9.0,5.0,1.33
1213,28/04/13,Chievo,Genoa,0.0,1.0,A,0.0,0.0,D,9.0,10.0,1.0,3.0,6.0,8.0,15.0,18.0,4.0,1.0,0.0,0.0,2.4,3.2,3.0
1213,28/04/13,Milan,Catania,4.0,2.0,H,1.0,1.0,D,38.0,7.0,13.0,3.0,13.0,2.0,9.0,23.0,3.0,5.0,0.0,0.0,1.33,4.75,9.5
1213,28/04/13,Palermo,Inter,1.0,0.0,H,1.0,0.0,H,14.0,17.0,8.0,4.0,3.0,7.0,6.0,11.0,4.0,3.0,0.0,0.0,2.3,3.4,3.0
1213,28/04/13,Parma,Lazio,0.0,0.0,D,0.0,0.0,D,13.0,10.0,3.0,2.0,5.0,8.0,15.0,15.0,5.0,1.0,0.0,1.0,2.4,3.2,3.0
1213,28/04/13,Roma,Siena,4.0,0.0,H,3.0,0.0,H,14.0,17.0,6.0,3.0,3.0,5.0,8.0,9.0,1.0,1.0,0.0,0.0,1.44,4.2,7.5
1213,28/04/13,Sampdoria,Fiorentina,0.0,3.0,A,0.0,2.0,A,13.0,15.0,2.0,6.0,3.0,8.0,13.0,13.0,2.0,3.0,1.0,0.0,3.8,3.3,2.0
1213,28/04/13,Torino,Juventus,0.0,2.0,A,0.0,0.0,D,3.0,14.0,2.0,4.0,2.0,4.0,25.0,10.0,2.0,1.0,1.0,0.0,5.5,3.8,1.62
1213,04/05/13,Chievo,Cagliari,0.0,0.0,D,0.0,0.0,D,11.0,8.0,1.0,1.0,7.0,2.0,23.0,20.0,2.0,2.0,0.0,0.0,2.7,2.25,4.0
1213,04/05/13,Fiorentina,Roma,0.0,1.0,A,0.0,0.0,D,27.0,11.0,3.0,3.0,12.0,2.0,18.0,23.0,2.0,3.0,0.0,0.0,1.95,3.5,3.75
1213,05/05/13,Catania,Siena,3.0,0.0,H,1.0,0.0,H,13.0,10.0,5.0,3.0,2.0,5.0,11.0,15.0,1.0,1.0,0.0,1.0,2.25,3.25,3.2
1213,05/05/13,Genoa,Pescara,4.0,1.0,H,2.0,1.0,H,20.0,10.0,7.0,1.0,8.0,4.0,11.0,13.0,0.0,1.0,0.0,0.0,1.25,5.5,12.0
1213,05/05/13,Juventus,Palermo,1.0,0.0,H,0.0,0.0,D,18.0,7.0,6.0,1.0,7.0,4.0,12.0,9.0,2.0,0.0,1.0,0.0,1.44,3.75,9.5
1213,05/05/13,Lazio,Bologna,6.0,0.0,H,4.0,0.0,H,20.0,12.0,8.0,2.0,1.0,9.0,13.0,17.0,1.0,3.0,0.0,0.0,1.67,3.8,5.0
1213,05/05/13,Milan,Torino,1.0,0.0,H,0.0,0.0,D,21.0,8.0,7.0,3.0,14.0,3.0,10.0,15.0,4.0,0.0,0.0,0.0,1.25,5.5,12.0
1213,05/05/13,Napoli,Inter,3.0,1.0,H,2.0,1.0,H,16.0,11.0,9.0,5.0,5.0,6.0,12.0,17.0,1.0,3.0,0.0,0.0,1.44,4.2,7.5
1213,05/05/13,Parma,Atalanta,2.0,0.0,H,1.0,0.0,H,17.0,11.0,7.0,4.0,8.0,6.0,20.0,7.0,4.0,1.0,0.0,0.0,2.6,2.1,5.0
1213,05/05/13,Udinese,Sampdoria,3.0,1.0,H,1.0,1.0,D,13.0,12.0,5.0,5.0,0.0,5.0,14.0,19.0,5.0,2.0,0.0,0.0,1.57,3.8,6.0
1213,07/05/13,Roma,Chievo,0.0,1.0,A,0.0,0.0,D,19.0,10.0,4.0,3.0,18.0,2.0,11.0,15.0,1.0,3.0,0.0,0.0,1.25,5.5,12.0
1213,08/05/13,Atalanta,Juventus,0.0,1.0,A,0.0,1.0,A,20.0,14.0,3.0,3.0,3.0,5.0,11.0,10.0,4.0,1.0,0.0,0.0,3.75,3.4,2.0
1213,08/05/13,Bologna,Napoli,0.0,3.0,A,0.0,0.0,D,19.0,10.0,3.0,4.0,3.0,0.0,23.0,14.0,4.0,2.0,0.0,0.0,4.5,3.8,1.73
1213,08/05/13,Cagliari,Parma,0.0,1.0,A,0.0,0.0,D,14.0,16.0,6.0,5.0,9.0,5.0,15.0,15.0,0.0,1.0,0.0,0.0,2.63,2.38,3.2
1213,08/05/13,Inter,Lazio,1.0,3.0,A,1.0,2.0,A,25.0,10.0,8.0,4.0,11.0,6.0,10.0,16.0,3.0,1.0,0.0,0.0,2.75,3.25,2.55
1213,08/05/13,Palermo,Udinese,2.0,3.0,A,1.0,1.0,D,15.0,15.0,4.0,8.0,4.0,8.0,25.0,13.0,5.0,1.0,0.0,0.0,2.2,3.6,3.0
1213,08/05/13,Pescara,Milan,0.0,4.0,A,0.0,2.0,A,3.0,13.0,0.0,5.0,3.0,7.0,20.0,14.0,1.0,0.0,0.0,0.0,15.0,7.0,1.17
1213,08/05/13,Sampdoria,Catania,1.0,1.0,D,1.0,0.0,H,20.0,3.0,6.0,1.0,5.0,1.0,13.0,17.0,1.0,4.0,0.0,0.0,1.95,3.0,4.5
1213,08/05/13,Siena,Fiorentina,0.0,1.0,A,0.0,1.0,A,8.0,14.0,1.0,4.0,4.0,7.0,16.0,11.0,6.0,2.0,0.0,0.0,5.5,4.0,1.57
1213,08/05/13,Torino,Genoa,0.0,0.0,D,0.0,0.0,D,7.0,3.0,2.0,1.0,5.0,1.0,9.0,12.0,0.0,2.0,0.0,0.0,3.0,1.73,5.0
1213,11/05/13,Catania,Pescara,1.0,0.0,H,0.0,0.0,D,21.0,10.0,5.0,2.0,5.0,3.0,9.0,26.0,1.0,4.0,0.0,0.0,1.25,6.0,10.0
1213,11/05/13,Juventus,Cagliari,1.0,1.0,D,0.0,1.0,A,20.0,8.0,5.0,1.0,11.0,3.0,9.0,10.0,1.0,1.0,0.0,0.0,1.29,5.5,9.5
1213,12/05/13,Chievo,Torino,1.0,1.0,D,1.0,1.0,D,8.0,14.0,3.0,6.0,7.0,7.0,11.0,12.0,3.0,1.0,0.0,0.0,3.25,2.1,3.0
1213,12/05/13,Fiorentina,Palermo,1.0,0.0,H,1.0,0.0,H,15.0,16.0,6.0,2.0,7.0,9.0,9.0,19.0,1.0,4.0,0.0,0.0,1.36,4.75,6.5
1213,12/05/13,Genoa,Inter,0.0,0.0,D,0.0,0.0,D,13.0,9.0,4.0,2.0,7.0,2.0,9.0,8.0,1.0,1.0,0.0,0.0,1.73,3.6,4.2
1213,12/05/13,Lazio,Sampdoria,2.0,0.0,H,1.0,0.0,H,12.0,10.0,7.0,3.0,6.0,3.0,15.0,13.0,1.0,3.0,0.0,1.0,1.33,5.0,8.5
1213,12/05/13,Milan,Roma,0.0,0.0,D,0.0,0.0,D,14.0,17.0,4.0,8.0,4.0,8.0,16.0,14.0,3.0,3.0,1.0,1.0,1.62,3.75,5.5
1213,12/05/13,Napoli,Siena,2.0,1.0,H,0.0,1.0,A,18.0,12.0,10.0,3.0,6.0,7.0,7.0,18.0,1.0,0.0,0.0,0.0,1.3,5.25,9.5
1213,12/05/13,Parma,Bologna,0.0,2.0,A,0.0,1.0,A,15.0,10.0,7.0,2.0,13.0,2.0,23.0,14.0,2.0,3.0,0.0,0.0,1.73,3.3,4.75
1213,12/05/13,Udinese,Atalanta,2.0,1.0,H,1.0,1.0,D,19.0,14.0,6.0,5.0,2.0,1.0,7.0,18.0,0.0,1.0,0.0,0.0,1.36,4.75,8.0
1213,18/05/13,Sampdoria,Juventus,3.0,2.0,H,1.0,1.0,D,10.0,26.0,4.0,12.0,5.0,8.0,9.0,8.0,1.0,0.0,0.0,0.0,4.75,3.6,1.73
1213,19/05/13,Atalanta,Chievo,2.0,2.0,D,1.0,0.0,H,12.0,18.0,6.0,4.0,3.0,5.0,22.0,18.0,6.0,1.0,0.0,0.0,2.0,3.0,4.33
1213,19/05/13,Bologna,Genoa,0.0,0.0,D,0.0,0.0,D,34.0,7.0,6.0,2.0,11.0,4.0,17.0,15.0,1.0,2.0,0.0,0.0,2.15,3.2,3.5
1213,19/05/13,Cagliari,Lazio,1.0,0.0,H,0.0,0.0,D,13.0,11.0,5.0,3.0,3.0,6.0,14.0,14.0,1.0,1.0,0.0,0.0,5.25,3.75,1.65
1213,19/05/13,Inter,Udinese,2.0,5.0,A,1.0,3.0,A,18.0,12.0,6.0,6.0,5.0,4.0,9.0,17.0,2.0,1.0,0.0,0.0,3.25,3.5,2.1
1213,19/05/13,Palermo,Parma,1.0,3.0,A,0.0,3.0,A,22.0,12.0,10.0,8.0,5.0,5.0,12.0,16.0,1.0,2.0,0.0,0.0,2.25,3.2,3.3
1213,19/05/13,Pescara,Fiorentina,1.0,5.0,A,0.0,3.0,A,23.0,12.0,5.0,8.0,2.0,1.0,14.0,10.0,0.0,0.0,0.0,0.0,15.0,7.0,1.17
1213,19/05/13,Roma,Napoli,2.0,1.0,H,0.0,0.0,D,13.0,11.0,8.0,3.0,4.0,6.0,21.0,11.0,1.0,3.0,0.0,0.0,2.5,3.4,2.7
1213,19/05/13,Siena,Milan,1.0,2.0,A,1.0,0.0,H,8.0,21.0,2.0,9.0,7.0,9.0,26.0,12.0,3.0,0.0,1.0,1.0,13.0,6.5,1.2
1213,19/05/13,Torino,Catania,2.0,2.0,D,0.0,1.0,A,16.0,13.0,5.0,4.0,5.0,0.0,14.0,16.0,0.0,2.0,0.0,0.0,2.1,3.2,3.6
1314,24/08/13,Sampdoria,Juventus,0.0,1.0,A,0.0,0.0,D,4.0,11.0,1.0,4.0,4.0,10.0,21.0,21.0,2.0,3.0,1.0,0.0,8.0,4.0,1.45
1314,24/08/13,Verona,Milan,2.0,1.0,H,1.0,1.0,D,14.0,15.0,8.0,5.0,6.0,5.0,11.0,14.0,2.0,3.0,0.0,0.0,4.75,3.6,1.75
1314,25/08/13,Cagliari,Atalanta,2.0,1.0,H,1.0,1.0,D,23.0,11.0,7.0,2.0,10.0,3.0,19.0,17.0,2.0,4.0,0.0,0.0,2.5,3.0,3.0
1314,25/08/13,Inter,Genoa,2.0,0.0,H,0.0,0.0,D,20.0,4.0,5.0,0.0,12.0,2.0,15.0,9.0,2.0,3.0,0.0,0.0,1.62,3.75,5.5
1314,25/08/13,Lazio,Udinese,2.0,1.0,H,2.0,0.0,H,20.0,7.0,6.0,3.0,4.0,4.0,15.0,13.0,4.0,3.0,0.0,0.0,2.0,3.4,3.75
1314,25/08/13,Livorno,Roma,0.0,2.0,A,0.0,0.0,D,5.0,17.0,3.0,6.0,2.0,8.0,12.0,18.0,1.0,2.0,0.0,0.0,3.6,3.5,2.0
1314,25/08/13,Napoli,Bologna,3.0,0.0,H,2.0,0.0,H,16.0,8.0,6.0,2.0,0.0,5.0,10.0,14.0,1.0,3.0,0.0,0.0,1.36,4.75,8.5
1314,25/08/13,Parma,Chievo,0.0,0.0,D,0.0,0.0,D,14.0,16.0,4.0,3.0,7.0,3.0,17.0,17.0,2.0,3.0,0.0,0.0,1.85,3.5,4.2
1314,25/08/13,Torino,Sassuolo,2.0,0.0,H,1.0,0.0,H,14.0,14.0,5.0,4.0,4.0,5.0,15.0,13.0,3.0,2.0,0.0,0.0,2.0,3.3,3.8
1314,26/08/13,Fiorentina,Catania,2.0,1.0,H,2.0,1.0,H,16.0,13.0,6.0,4.0,3.0,3.0,16.0,20.0,2.0,4.0,0.0,0.0,1.44,4.2,7.5
1314,31/08/13,Chievo,Napoli,2.0,4.0,A,2.0,2.0,D,13.0,18.0,6.0,8.0,3.0,4.0,10.0,10.0,1.0,1.0,0.0,0.0,4.75,3.5,1.75
1314,31/08/13,Juventus,Lazio,4.0,1.0,H,2.0,1.0,H,12.0,17.0,5.0,11.0,4.0,5.0,12.0,15.0,1.0,0.0,0.0,1.0,1.36,4.5,9.0
1314,01/09/13,Atalanta,Torino,2.0,0.0,H,0.0,0.0,D,10.0,14.0,3.0,2.0,6.0,4.0,15.0,16.0,3.0,2.0,0.0,0.0,2.1,3.2,3.6
1314,01/09/13,Bologna,Sampdoria,2.0,2.0,D,1.0,1.0,D,10.0,13.0,6.0,5.0,4.0,4.0,20.0,13.0,3.0,3.0,0.0,0.0,2.2,3.25,3.3
1314,01/09/13,Catania,Inter,0.0,3.0,A,0.0,1.0,A,13.0,17.0,3.0,7.0,4.0,3.0,16.0,10.0,3.0,1.0,0.0,0.0,2.75,3.2,2.6
1314,01/09/13,Genoa,Fiorentina,2.0,5.0,A,0.0,3.0,A,14.0,16.0,7.0,8.0,11.0,2.0,13.0,7.0,1.0,2.0,1.0,0.0,4.0,3.3,1.95
1314,01/09/13,Milan,Cagliari,3.0,1.0,H,2.0,1.0,H,17.0,10.0,8.0,2.0,3.0,5.0,25.0,13.0,1.0,1.0,0.0,0.0,1.4,4.5,7.5
1314,01/09/13,Roma,Verona,3.0,0.0,H,0.0,0.0,D,25.0,13.0,11.0,1.0,9.0,3.0,9.0,12.0,2.0,2.0,0.0,0.0,1.4,4.5,8.0
1314,01/09/13,Sassuolo,Livorno,1.0,4.0,A,0.0,1.0,A,11.0,10.0,4.0,5.0,10.0,3.0,17.0,18.0,1.0,1.0,0.0,0.0,1.95,3.2,4.2
1314,01/09/13,Udinese,Parma,3.0,1.0,H,1.0,0.0,H,15.0,12.0,6.0,1.0,5.0,6.0,12.0,14.0,0.0,4.0,0.0,0.0,2.1,3.25,3.6
1314,14/09/13,Inter,Juventus,1.0,1.0,D,0.0,0.0,D,8.0,12.0,4.0,5.0,6.0,1.0,16.0,14.0,2.0,2.0,0.0,0.0,3.5,3.3,2.1
1314,14/09/13,Napoli,Atalanta,2.0,0.0,H,0.0,0.0,D,29.0,11.0,11.0,5.0,8.0,2.0,7.0,11.0,1.0,0.0,0.0,1.0,1.36,4.75,8.5
1314,14/09/13,Torino,Milan,2.0,2.0,D,0.0,0.0,D,10.0,14.0,3.0,5.0,4.0,4.0,13.0,16.0,2.0,2.0,0.0,0.0,4.75,3.6,1.73
1314,15/09/13,Fiorentina,Cagliari,1.0,1.0,D,0.0,0.0,D,16.0,6.0,2.0,1.0,4.0,9.0,12.0,17.0,1.0,3.0,1.0,0.0,1.44,4.33,7.0
1314,15/09/13,Lazio,Chievo,3.0,0.0,H,3.0,0.0,H,14.0,14.0,6.0,5.0,3.0,11.0,14.0,10.0,2.0,6.0,0.0,0.0,1.67,3.75,5.0
1314,15/09/13,Livorno,Catania,2.0,0.0,H,0.0,0.0,D,16.0,15.0,4.0,2.0,2.0,8.0,21.0,20.0,4.0,3.0,0.0,0.0,2.5,3.2,2.88
1314,15/09/13,Sampdoria,Genoa,0.0,3.0,A,0.0,1.0,A,20.0,4.0,2.0,3.0,6.0,3.0,21.0,21.0,5.0,3.0,0.0,0.0,2.4,3.1,3.1
1314,15/09/13,Udinese,Bologna,1.0,1.0,D,0.0,0.0,D,12.0,8.0,3.0,3.0,4.0,4.0,14.0,17.0,1.0,4.0,0.0,0.0,1.8,3.5,4.5
1314,15/09/13,Verona,Sassuolo,2.0,0.0,H,1.0,0.0,H,10.0,18.0,3.0,2.0,5.0,10.0,18.0,11.0,3.0,1.0,0.0,0.0,2.25,3.2,3.25
1314,16/09/13,Parma,Roma,1.0,3.0,A,1.0,0.0,H,11.0,14.0,2.0,8.0,5.0,2.0,18.0,10.0,4.0,0.0,0.0,0.0,3.1,3.3,2.3
1314,21/09/13,Cagliari,Sampdoria,2.0,2.0,D,1.0,0.0,H,13.0,15.0,4.0,4.0,3.0,3.0,15.0,17.0,3.0,3.0,0.0,0.0,2.1,3.2,3.6
1314,21/09/13,Chievo,Udinese,2.0,1.0,H,2.0,1.0,H,13.0,14.0,5.0,3.0,9.0,4.0,17.0,18.0,5.0,3.0,0.0,0.0,2.75,3.2,2.6
1314,21/09/13,Genoa,Livorno,0.0,0.0,D,0.0,0.0,D,10.0,9.0,4.0,4.0,6.0,5.0,16.0,16.0,4.0,1.0,0.0,0.0,1.75,3.5,4.75
1314,22/09/13,Atalanta,Fiorentina,0.0,2.0,A,0.0,1.0,A,16.0,12.0,2.0,5.0,9.0,3.0,19.0,15.0,3.0,1.0,0.0,0.0,2.8,3.4,2.4
1314,22/09/13,Bologna,Torino,1.0,2.0,A,1.0,2.0,A,13.0,10.0,3.0,6.0,1.0,5.0,18.0,20.0,5.0,6.0,1.0,0.0,2.15,3.2,3.5
1314,22/09/13,Catania,Parma,0.0,0.0,D,0.0,0.0,D,12.0,12.0,2.0,3.0,8.0,2.0,20.0,27.0,0.0,3.0,0.0,0.0,2.05,3.25,3.75
1314,22/09/13,Juventus,Verona,2.0,1.0,H,2.0,1.0,H,35.0,4.0,15.0,1.0,5.0,2.0,17.0,11.0,4.0,1.0,0.0,0.0,1.17,7.0,15.0
1314,22/09/13,Milan,Napoli,1.0,2.0,A,0.0,1.0,A,22.0,9.0,8.0,3.0,8.0,3.0,11.0,9.0,3.0,1.0,1.0,0.0,2.5,3.4,2.7
1314,22/09/13,Roma,Lazio,2.0,0.0,H,0.0,0.0,D,18.0,8.0,5.0,0.0,8.0,3.0,14.0,16.0,4.0,3.0,0.0,1.0,2.1,3.4,3.4
1314,22/09/13,Sassuolo,Inter,0.0,7.0,A,0.0,3.0,A,7.0,23.0,4.0,11.0,2.0,7.0,8.0,13.0,3.0,1.0,0.0,0.0,4.5,3.75,1.75
1314,24/09/13,Udinese,Genoa,1.0,0.0,H,0.0,0.0,D,14.0,7.0,3.0,1.0,10.0,2.0,10.0,16.0,1.0,3.0,0.0,0.0,1.83,3.4,4.5
1314,25/09/13,Bologna,Milan,3.0,3.0,D,1.0,1.0,D,15.0,16.0,6.0,8.0,5.0,9.0,22.0,13.0,4.0,2.0,0.0,0.0,3.4,3.4,2.1
1314,25/09/13,Chievo,Juventus,1.0,2.0,A,1.0,0.0,H,5.0,18.0,3.0,8.0,2.0,4.0,14.0,16.0,3.0,0.0,0.0,0.0,7.5,4.2,1.44
1314,25/09/13,Lazio,Catania,3.0,1.0,H,2.0,1.0,H,29.0,10.0,13.0,1.0,8.0,3.0,13.0,12.0,2.0,2.0,0.0,1.0,1.57,3.75,6.0
1314,25/09/13,Livorno,Cagliari,1.0,1.0,D,1.0,0.0,H,10.0,20.0,3.0,5.0,6.0,5.0,8.0,15.0,2.0,4.0,0.0,0.0,2.75,3.1,2.63
1314,25/09/13,Napoli,Sassuolo,1.0,1.0,D,1.0,1.0,D,19.0,17.0,8.0,6.0,8.0,6.0,11.0,18.0,2.0,2.0,0.0,0.0,1.17,7.0,15.0
1314,25/09/13,Parma,Atalanta,4.0,3.0,H,4.0,2.0,H,14.0,12.0,6.0,4.0,3.0,4.0,18.0,23.0,3.0,4.0,1.0,0.0,1.91,3.3,4.2
1314,25/09/13,Sampdoria,Roma,0.0,2.0,A,0.0,0.0,D,13.0,10.0,3.0,4.0,5.0,1.0,15.0,16.0,2.0,3.0,1.0,0.0,3.6,3.3,2.05
1314,25/09/13,Torino,Verona,2.0,2.0,D,1.0,1.0,D,11.0,7.0,7.0,6.0,9.0,3.0,11.0,17.0,1.0,0.0,0.0,0.0,1.91,3.4,4.0
1314,26/09/13,Inter,Fiorentina,2.0,1.0,H,0.0,0.0,D,15.0,18.0,5.0,6.0,6.0,6.0,15.0,7.0,4.0,1.0,0.0,0.0,1.91,3.4,4.0
1314,28/09/13,Genoa,Napoli,0.0,2.0,A,0.0,2.0,A,10.0,11.0,2.0,3.0,5.0,7.0,17.0,10.0,2.0,2.0,0.0,0.0,4.75,3.5,1.75
1314,28/09/13,Milan,Sampdoria,1.0,0.0,H,0.0,0.0,D,16.0,14.0,5.0,1.0,7.0,2.0,10.0,11.0,0.0,3.0,0.0,0.0,1.5,4.0,7.0
1314,29/09/13,Atalanta,Udinese,2.0,0.0,H,1.0,0.0,H,12.0,11.0,5.0,3.0,8.0,4.0,17.0,16.0,1.0,4.0,0.0,0.0,2.5,3.2,2.88
1314,29/09/13,Cagliari,Inter,1.0,1.0,D,0.0,0.0,D,9.0,15.0,3.0,5.0,2.0,6.0,14.0,14.0,4.0,2.0,0.0,0.0,3.8,3.3,2.0
1314,29/09/13,Catania,Chievo,2.0,0.0,H,1.0,0.0,H,8.0,14.0,5.0,3.0,1.0,9.0,14.0,17.0,2.0,3.0,0.0,0.0,2.05,3.3,3.6
1314,29/09/13,Roma,Bologna,5.0,0.0,H,3.0,0.0,H,11.0,11.0,7.0,3.0,2.0,7.0,12.0,13.0,1.0,3.0,0.0,0.0,1.33,5.0,9.0
1314,29/09/13,Sassuolo,Lazio,2.0,2.0,D,0.0,0.0,D,20.0,12.0,6.0,4.0,12.0,4.0,12.0,11.0,3.0,1.0,0.0,0.0,4.5,3.4,1.83
1314,29/09/13,Torino,Juventus,0.0,1.0,A,0.0,0.0,D,6.0,17.0,0.0,6.0,2.0,8.0,12.0,16.0,3.0,3.0,0.0,0.0,6.5,4.1,1.5
1314,29/09/13,Verona,Livorno,2.0,1.0,H,1.0,1.0,D,16.0,19.0,5.0,8.0,5.0,5.0,15.0,8.0,3.0,2.0,0.0,0.0,1.91,3.3,4.2
1314,30/09/13,Fiorentina,Parma,2.0,2.0,D,0.0,1.0,A,11.0,7.0,3.0,5.0,6.0,5.0,10.0,20.0,3.0,2.0,0.0,0.0,1.57,3.8,6.0
1314,05/10/13,Chievo,Atalanta,0.0,1.0,A,0.0,1.0,A,20.0,8.0,3.0,2.0,11.0,5.0,12.0,10.0,2.0,1.0,0.0,0.0,2.2,3.2,3.4
1314,05/10/13,Inter,Roma,0.0,3.0,A,0.0,3.0,A,18.0,9.0,3.0,5.0,10.0,2.0,15.0,22.0,2.0,5.0,0.0,1.0,2.25,3.5,3.0
1314,06/10/13,Bologna,Verona,1.0,4.0,A,0.0,2.0,A,24.0,13.0,8.0,5.0,6.0,5.0,12.0,9.0,2.0,2.0,0.0,0.0,2.1,3.3,3.5
1314,06/10/13,Catania,Genoa,1.0,1.0,D,0.0,0.0,D,14.0,8.0,4.0,3.0,3.0,4.0,22.0,15.0,3.0,3.0,0.0,0.0,2.1,3.4,3.4
1314,06/10/13,Juventus,Milan,3.0,2.0,H,1.0,1.0,D,20.0,8.0,6.0,5.0,9.0,5.0,12.0,13.0,1.0,3.0,0.0,1.0,1.57,4.0,5.5
1314,06/10/13,Lazio,Fiorentina,0.0,0.0,D,0.0,0.0,D,20.0,3.0,4.0,0.0,6.0,1.0,15.0,17.0,4.0,4.0,0.0,0.0,2.25,3.4,3.1
1314,06/10/13,Napoli,Livorno,4.0,0.0,H,2.0,0.0,H,10.0,10.0,6.0,2.0,4.0,4.0,19.0,17.0,0.0,2.0,0.0,0.0,1.22,5.25,17.0
1314,06/10/13,Parma,Sassuolo,3.0,1.0,H,1.0,1.0,D,10.0,16.0,3.0,7.0,3.0,6.0,18.0,16.0,2.0,2.0,1.0,1.0,1.57,3.75,6.0
1314,06/10/13,Sampdoria,Torino,2.0,2.0,D,1.0,0.0,H,14.0,10.0,6.0,3.0,4.0,11.0,21.0,22.0,3.0,6.0,0.0,0.0,2.4,3.2,3.0
1314,06/10/13,Udinese,Cagliari,2.0,0.0,H,1.0,0.0,H,12.0,15.0,4.0,2.0,5.0,4.0,14.0,17.0,1.0,1.0,0.0,0.0,1.83,3.5,4.33
1314,18/10/13,Roma,Napoli,2.0,0.0,H,1.0,0.0,H,13.0,15.0,4.0,3.0,2.0,5.0,13.0,11.0,2.0,3.0,0.0,1.0,2.1,3.3,3.5
1314,19/10/13,Cagliari,Catania,2.0,1.0,H,1.0,1.0,D,29.0,7.0,10.0,4.0,11.0,5.0,12.0,18.0,3.0,1.0,0.0,1.0,1.91,3.3,4.2
1314,19/10/13,Milan,Udinese,1.0,0.0,H,1.0,0.0,H,12.0,7.0,3.0,2.0,3.0,10.0,13.0,12.0,3.0,3.0,0.0,0.0,1.67,3.6,5.25
1314,20/10/13,Atalanta,Lazio,2.0,1.0,H,1.0,0.0,H,14.0,16.0,5.0,4.0,8.0,2.0,7.0,17.0,0.0,2.0,0.0,0.0,2.7,3.2,2.6
1314,20/10/13,Fiorentina,Juventus,4.0,2.0,H,0.0,2.0,A,12.0,18.0,7.0,8.0,4.0,5.0,11.0,25.0,3.0,6.0,0.0,0.0,3.5,3.3,2.1
1314,20/10/13,Genoa,Chievo,2.0,1.0,H,1.0,0.0,H,9.0,15.0,5.0,7.0,4.0,2.0,15.0,20.0,1.0,4.0,0.0,0.0,2.0,3.4,3.75
1314,20/10/13,Livorno,Sampdoria,1.0,2.0,A,0.0,1.0,A,17.0,11.0,5.0,2.0,5.0,2.0,14.0,18.0,5.0,2.0,0.0,0.0,2.3,3.2,3.1
1314,20/10/13,Sassuolo,Bologna,2.0,1.0,H,2.0,1.0,H,8.0,20.0,5.0,6.0,1.0,13.0,18.0,11.0,4.0,2.0,0.0,0.0,2.38,3.2,3.0
1314,20/10/13,Torino,Inter,3.0,3.0,D,1.0,1.0,D,23.0,8.0,5.0,5.0,11.0,2.0,9.0,13.0,3.0,2.0,0.0,1.0,3.4,3.5,2.05
1314,20/10/13,Verona,Parma,3.0,2.0,H,1.0,2.0,A,14.0,14.0,7.0,6.0,6.0,3.0,16.0,21.0,0.0,7.0,0.0,0.0,2.3,3.2,3.1
1314,26/10/13,Inter,Verona,4.0,2.0,H,3.0,1.0,H,21.0,9.0,8.0,4.0,9.0,1.0,11.0,10.0,3.0,3.0,1.0,1.0,1.44,4.2,7.5
1314,26/10/13,Sampdoria,Atalanta,1.0,0.0,H,0.0,0.0,D,14.0,8.0,6.0,0.0,3.0,5.0,22.0,18.0,4.0,2.0,0.0,1.0,2.3,3.2,3.2
1314,27/10/13,Bologna,Livorno,1.0,0.0,H,1.0,0.0,H,9.0,13.0,4.0,2.0,5.0,6.0,20.0,13.0,2.0,2.0,0.0,0.0,2.0,3.3,3.8
1314,27/10/13,Catania,Sassuolo,0.0,0.0,D,0.0,0.0,D,14.0,12.0,4.0,1.0,5.0,2.0,19.0,12.0,1.0,2.0,0.0,0.0,1.83,3.5,4.33
1314,27/10/13,Chievo,Fiorentina,1.0,2.0,A,1.0,1.0,D,9.0,15.0,2.0,4.0,3.0,6.0,15.0,8.0,4.0,3.0,0.0,0.0,3.8,3.4,2.0
1314,27/10/13,Juventus,Genoa,2.0,0.0,H,2.0,0.0,H,24.0,6.0,9.0,0.0,6.0,2.0,15.0,9.0,1.0,1.0,0.0,0.0,1.2,6.0,15.0
1314,27/10/13,Lazio,Cagliari,2.0,0.0,H,0.0,0.0,D,12.0,12.0,3.0,4.0,4.0,5.0,17.0,14.0,1.0,1.0,0.0,0.0,1.83,3.4,4.5
1314,27/10/13,Napoli,Torino,2.0,0.0,H,2.0,0.0,H,21.0,9.0,7.0,3.0,7.0,4.0,13.0,9.0,1.0,0.0,0.0,1.0,1.33,5.0,8.5
1314,27/10/13,Parma,Milan,3.0,2.0,H,2.0,0.0,H,16.0,16.0,8.0,5.0,3.0,6.0,14.0,10.0,3.0,3.0,0.0,0.0,3.3,3.3,2.2
1314,27/10/13,Udinese,Roma,0.0,1.0,A,0.0,0.0,D,13.0,15.0,3.0,5.0,4.0,8.0,16.0,12.0,4.0,3.0,0.0,1.0,3.3,3.4,2.15
1314,29/10/13,Atalanta,Inter,1.0,1.0,D,1.0,1.0,D,12.0,13.0,8.0,4.0,8.0,7.0,11.0,14.0,3.0,1.0,0.0,0.0,3.8,3.3,2.0
1314,30/10/13,Cagliari,Bologna,0.0,3.0,A,0.0,1.0,A,11.0,17.0,2.0,5.0,7.0,3.0,17.0,21.0,2.0,3.0,1.0,0.0,1.75,3.5,4.75
1314,30/10/13,Fiorentina,Napoli,1.0,2.0,A,1.0,2.0,A,11.0,4.0,3.0,2.0,9.0,3.0,22.0,16.0,2.0,3.0,1.0,1.0,2.5,3.3,2.8
1314,30/10/13,Genoa,Parma,1.0,0.0,H,0.0,0.0,D,5.0,10.0,5.0,3.0,2.0,3.0,14.0,12.0,3.0,2.0,0.0,0.0,2.4,3.2,3.0
1314,30/10/13,Juventus,Catania,4.0,0.0,H,2.0,0.0,H,23.0,7.0,10.0,1.0,9.0,5.0,14.0,11.0,2.0,0.0,0.0,1.0,1.18,6.25,17.0
1314,30/10/13,Livorno,Torino,3.0,3.0,D,2.0,2.0,D,19.0,13.0,6.0,7.0,8.0,8.0,13.0,18.0,6.0,5.0,0.0,0.0,2.8,3.1,2.6
1314,30/10/13,Milan,Lazio,1.0,1.0,D,0.0,0.0,D,18.0,5.0,5.0,3.0,4.0,3.0,12.0,19.0,4.0,2.0,0.0,0.0,1.73,3.5,5.0
1314,30/10/13,Sassuolo,Udinese,1.0,2.0,A,1.0,1.0,D,15.0,9.0,7.0,4.0,6.0,4.0,16.0,22.0,3.0,2.0,1.0,0.0,2.88,3.3,2.4
1314,30/10/13,Verona,Sampdoria,2.0,0.0,H,0.0,0.0,D,12.0,15.0,5.0,5.0,7.0,3.0,12.0,13.0,0.0,1.0,0.0,0.0,2.0,3.4,3.75
1314,31/10/13,Roma,Chievo,1.0,0.0,H,0.0,0.0,D,18.0,2.0,3.0,1.0,10.0,1.0,12.0,19.0,3.0,5.0,0.0,0.0,1.22,6.0,12.0
1314,02/11/13,Milan,Fiorentina,0.0,2.0,A,0.0,1.0,A,18.0,4.0,1.0,2.0,10.0,3.0,19.0,12.0,1.0,2.0,0.0,0.0,2.05,3.5,3.5
1314,02/11/13,Napoli,Catania,2.0,1.0,H,2.0,1.0,H,21.0,13.0,8.0,2.0,12.0,0.0,14.0,13.0,0.0,0.0,0.0,0.0,1.22,6.0,13.0
1314,02/11/13,Parma,Juventus,0.0,1.0,A,0.0,0.0,D,5.0,12.0,1.0,5.0,6.0,3.0,15.0,14.0,2.0,4.0,0.0,0.0,4.5,3.75,1.73
1314,03/11/13,Lazio,Genoa,0.0,2.0,A,0.0,0.0,D,17.0,7.0,4.0,3.0,5.0,4.0,16.0,18.0,2.0,1.0,0.0,0.0,1.57,3.8,6.0
1314,03/11/13,Livorno,Atalanta,1.0,0.0,H,1.0,0.0,H,18.0,5.0,6.0,1.0,3.0,4.0,15.0,17.0,4.0,3.0,0.0,1.0,2.7,3.1,2.7
1314,03/11/13,Sampdoria,Sassuolo,3.0,4.0,A,1.0,0.0,H,13.0,19.0,5.0,10.0,4.0,3.0,17.0,14.0,2.0,2.0,1.0,0.0,1.95,3.5,3.8
1314,03/11/13,Torino,Roma,1.0,1.0,D,0.0,1.0,A,14.0,12.0,5.0,3.0,5.0,5.0,12.0,11.0,2.0,3.0,0.0,0.0,4.0,3.5,1.91
1314,03/11/13,Udinese,Inter,0.0,3.0,A,0.0,2.0,A,9.0,13.0,3.0,5.0,6.0,4.0,12.0,13.0,0.0,3.0,0.0,0.0,2.63,3.3,2.63
1314,03/11/13,Verona,Cagliari,2.0,1.0,H,1.0,0.0,H,6.0,18.0,4.0,3.0,4.0,6.0,8.0,21.0,0.0,3.0,0.0,0.0,2.05,3.4,3.5
1314,04/11/13,Bologna,Chievo,0.0,0.0,D,0.0,0.0,D,12.0,3.0,3.0,1.0,2.0,2.0,14.0,24.0,2.0,1.0,0.0,0.0,2.05,3.3,3.6
1314,09/11/13,Catania,Udinese,1.0,0.0,H,1.0,0.0,H,11.0,17.0,4.0,1.0,5.0,6.0,24.0,15.0,2.0,3.0,0.0,0.0,2.9,3.1,2.5
1314,09/11/13,Inter,Livorno,2.0,0.0,H,1.0,0.0,H,12.0,9.0,4.0,1.0,6.0,0.0,15.0,10.0,3.0,3.0,0.0,0.0,1.3,5.0,10.0
1314,10/11/13,Atalanta,Bologna,2.0,1.0,H,0.0,0.0,D,13.0,11.0,3.0,4.0,8.0,1.0,17.0,17.0,3.0,2.0,0.0,0.0,2.05,3.3,3.6
1314,10/11/13,Cagliari,Torino,2.0,1.0,H,1.0,0.0,H,10.0,9.0,5.0,4.0,4.0,4.0,19.0,11.0,4.0,4.0,0.0,0.0,2.0,3.3,3.8
1314,10/11/13,Chievo,Milan,0.0,0.0,D,0.0,0.0,D,6.0,23.0,2.0,3.0,2.0,8.0,15.0,9.0,2.0,0.0,1.0,1.0,3.8,3.3,2.0
1314,10/11/13,Fiorentina,Sampdoria,2.0,1.0,H,2.0,0.0,H,14.0,13.0,5.0,3.0,9.0,1.0,7.0,15.0,0.0,4.0,0.0,0.0,1.4,4.5,8.0
1314,10/11/13,Genoa,Verona,2.0,0.0,H,2.0,0.0,H,12.0,25.0,3.0,4.0,5.0,4.0,8.0,8.0,1.0,2.0,0.0,0.0,2.25,3.25,3.25
1314,10/11/13,Juventus,Napoli,3.0,0.0,H,1.0,0.0,H,14.0,13.0,10.0,5.0,4.0,4.0,16.0,16.0,2.0,1.0,1.0,0.0,1.73,3.6,4.75
1314,10/11/13,Parma,Lazio,1.0,1.0,D,0.0,0.0,D,10.0,13.0,4.0,4.0,4.0,10.0,7.0,12.0,2.0,2.0,1.0,0.0,2.3,3.2,3.2
1314,10/11/13,Roma,Sassuolo,1.0,1.0,D,1.0,0.0,H,16.0,11.0,6.0,7.0,10.0,3.0,10.0,18.0,3.0,4.0,0.0,0.0,1.22,6.0,13.0
1314,23/11/13,Milan,Genoa,1.0,1.0,D,1.0,1.0,D,39.0,2.0,10.0,1.0,12.0,0.0,10.0,18.0,3.0,2.0,0.0,1.0,1.44,4.2,7.5
1314,23/11/13,Napoli,Parma,0.0,1.0,A,0.0,0.0,D,10.0,12.0,4.0,4.0,5.0,6.0,9.0,13.0,2.0,2.0,0.0,0.0,1.44,4.5,6.5
1314,23/11/13,Verona,Chievo,0.0,1.0,A,0.0,0.0,D,6.0,12.0,0.0,3.0,11.0,7.0,16.0,17.0,4.0,1.0,0.0,0.0,2.1,3.3,3.5
1314,24/11/13,Bologna,Inter,1.0,1.0,D,1.0,0.0,H,9.0,22.0,4.0,6.0,2.0,15.0,10.0,9.0,4.0,1.0,0.0,0.0,4.0,3.4,1.91
1314,24/11/13,Livorno,Juventus,0.0,2.0,A,0.0,0.0,D,9.0,21.0,1.0,6.0,3.0,11.0,14.0,19.0,4.0,1.0,0.0,0.0,8.5,4.75,1.36
1314,24/11/13,Sampdoria,Lazio,1.0,1.0,D,0.0,0.0,D,10.0,12.0,5.0,2.0,3.0,4.0,16.0,17.0,3.0,3.0,1.0,0.0,3.0,3.2,2.38
1314,24/11/13,Sassuolo,Atalanta,2.0,0.0,H,0.0,0.0,D,17.0,13.0,6.0,4.0,5.0,2.0,21.0,25.0,1.0,2.0,1.0,0.0,2.2,3.2,3.4
1314,24/11/13,Torino,Catania,4.0,1.0,H,2.0,0.0,H,22.0,15.0,7.0,5.0,7.0,6.0,10.0,21.0,3.0,5.0,0.0,0.0,1.8,3.5,4.5
1314,24/11/13,Udinese,Fiorentina,1.0,0.0,H,1.0,0.0,H,22.0,15.0,11.0,5.0,6.0,6.0,22.0,8.0,2.0,2.0,0.0,0.0,2.8,3.1,2.6
1314,25/11/13,Roma,Cagliari,0.0,0.0,D,0.0,0.0,D,19.0,8.0,5.0,2.0,19.0,7.0,9.0,11.0,2.0,4.0,0.0,0.0,1.44,4.33,7.0
1314,30/11/13,Genoa,Torino,1.0,1.0,D,0.0,1.0,A,16.0,21.0,7.0,10.0,5.0,9.0,15.0,15.0,3.0,2.0,0.0,0.0,2.38,3.2,3.1
1314,30/11/13,Parma,Bologna,1.0,1.0,D,1.0,1.0,D,18.0,7.0,8.0,4.0,11.0,2.0,17.0,14.0,6.0,2.0,0.0,1.0,1.8,3.5,4.5
1314,01/12/13,Atalanta,Roma,1.0,1.0,D,0.0,0.0,D,7.0,17.0,3.0,7.0,2.0,7.0,10.0,21.0,3.0,2.0,0.0,0.0,4.0,3.4,1.91
1314,01/12/13,Cagliari,Sassuolo,2.0,2.0,D,0.0,2.0,A,16.0,12.0,7.0,4.0,6.0,2.0,12.0,15.0,2.0,1.0,0.0,0.0,1.83,3.5,4.33
1314,01/12/13,Catania,Milan,1.0,3.0,A,1.0,1.0,D,12.0,13.0,3.0,7.0,2.0,5.0,18.0,15.0,3.0,3.0,1.0,0.0,4.75,3.6,1.75
1314,01/12/13,Chievo,Livorno,3.0,0.0,H,1.0,0.0,H,19.0,14.0,6.0,4.0,11.0,6.0,21.0,4.0,4.0,2.0,0.0,0.0,1.91,3.4,4.0
1314,01/12/13,Inter,Sampdoria,1.0,1.0,D,1.0,0.0,H,11.0,14.0,2.0,5.0,4.0,5.0,17.0,17.0,3.0,3.0,0.0,0.0,1.4,4.5,8.0
1314,01/12/13,Juventus,Udinese,1.0,0.0,H,0.0,0.0,D,27.0,9.0,5.0,4.0,12.0,4.0,10.0,9.0,2.0,1.0,0.0,0.0,1.3,5.0,10.0
1314,02/12/13,Fiorentina,Verona,4.0,3.0,H,3.0,2.0,H,23.0,11.0,7.0,7.0,5.0,1.0,9.0,13.0,2.0,3.0,0.0,1.0,1.44,4.33,7.0
1314,02/12/13,Lazio,Napoli,2.0,4.0,A,1.0,1.0,D,12.0,13.0,4.0,7.0,1.0,3.0,21.0,13.0,2.0,2.0,0.0,0.0,3.1,3.3,2.3
1314,06/12/13,Bologna,Juventus,0.0,2.0,A,0.0,1.0,A,10.0,19.0,4.0,6.0,7.0,6.0,16.0,16.0,1.0,4.0,0.0,0.0,8.5,4.33,1.4
1314,07/12/13,Livorno,Milan,2.0,2.0,D,1.0,1.0,D,17.0,11.0,7.0,5.0,7.0,2.0,15.0,11.0,5.0,2.0,0.0,0.0,5.5,3.75,1.62
1314,07/12/13,Napoli,Udinese,3.0,3.0,D,2.0,1.0,H,12.0,17.0,6.0,7.0,10.0,8.0,13.0,13.0,4.0,2.0,0.0,0.0,1.57,3.75,6.0
1314,08/12/13,Cagliari,Genoa,2.0,1.0,H,0.0,1.0,A,30.0,4.0,7.0,3.0,8.0,3.0,15.0,11.0,5.0,1.0,0.0,1.0,1.95,3.3,4.0
1314,08/12/13,Inter,Parma,3.0,3.0,D,1.0,2.0,A,15.0,17.0,6.0,8.0,3.0,11.0,14.0,13.0,2.0,1.0,0.0,0.0,1.65,3.75,5.5
1314,08/12/13,Roma,Fiorentina,2.0,1.0,H,1.0,1.0,D,21.0,15.0,9.0,5.0,8.0,6.0,11.0,13.0,3.0,4.0,1.0,0.0,1.91,3.4,4.0
1314,08/12/13,Sampdoria,Catania,2.0,0.0,H,0.0,0.0,D,17.0,5.0,7.0,0.0,7.0,3.0,17.0,13.0,3.0,2.0,0.0,0.0,1.73,3.6,4.75
1314,08/12/13,Sassuolo,Chievo,0.0,1.0,A,0.0,0.0,D,6.0,9.0,2.0,5.0,4.0,4.0,19.0,26.0,2.0,2.0,0.0,0.0,2.1,3.2,3.6
1314,08/12/13,Torino,Lazio,1.0,0.0,H,1.0,0.0,H,5.0,21.0,3.0,3.0,1.0,15.0,8.0,19.0,3.0,2.0,0.0,0.0,2.38,3.2,3.0
1314,08/12/13,Verona,Atalanta,2.0,1.0,H,0.0,1.0,A,15.0,11.0,6.0,5.0,9.0,5.0,13.0,15.0,1.0,3.0,0.0,1.0,1.95,3.3,4.0
1314,14/12/13,Catania,Verona,0.0,0.0,D,0.0,0.0,D,16.0,8.0,6.0,1.0,6.0,2.0,17.0,19.0,2.0,1.0,0.0,0.0,2.7,3.0,2.75
1314,15/12/13,Chievo,Sampdoria,0.0,1.0,A,0.0,1.0,A,11.0,9.0,6.0,2.0,7.0,3.0,15.0,23.0,4.0,5.0,0.0,0.0,2.25,3.0,3.5
1314,15/12/13,Fiorentina,Bologna,3.0,0.0,H,2.0,0.0,H,18.0,8.0,8.0,4.0,6.0,6.0,10.0,11.0,2.0,1.0,0.0,0.0,1.44,4.33,7.0
1314,15/12/13,Genoa,Atalanta,1.0,1.0,D,0.0,0.0,D,13.0,15.0,3.0,4.0,10.0,8.0,10.0,13.0,0.0,2.0,0.0,0.0,2.15,3.25,3.4
1314,15/12/13,Juventus,Sassuolo,4.0,0.0,H,3.0,0.0,H,20.0,12.0,8.0,0.0,5.0,2.0,12.0,15.0,1.0,1.0,0.0,0.0,1.17,6.5,17.0
1314,15/12/13,Lazio,Livorno,2.0,0.0,H,2.0,0.0,H,17.0,10.0,5.0,1.0,1.0,5.0,22.0,17.0,2.0,5.0,0.0,0.0,1.5,4.0,7.0
1314,15/12/13,Napoli,Inter,4.0,2.0,H,3.0,2.0,H,13.0,11.0,9.0,5.0,5.0,6.0,12.0,9.0,2.0,1.0,0.0,1.0,1.91,3.5,4.0
1314,15/12/13,Parma,Cagliari,0.0,0.0,D,0.0,0.0,D,10.0,18.0,2.0,4.0,5.0,3.0,13.0,17.0,4.0,4.0,0.0,0.0,1.8,3.6,4.33
1314,15/12/13,Udinese,Torino,0.0,2.0,A,0.0,0.0,D,20.0,7.0,3.0,3.0,6.0,2.0,12.0,13.0,2.0,3.0,0.0,0.0,1.91,3.4,4.0
1314,16/12/13,Milan,Roma,2.0,2.0,D,1.0,1.0,D,11.0,14.0,4.0,4.0,4.0,7.0,13.0,13.0,4.0,2.0,0.0,0.0,2.3,3.3,3.1
1314,21/12/13,Cagliari,Napoli,1.0,1.0,D,1.0,1.0,D,10.0,10.0,4.0,2.0,4.0,6.0,13.0,14.0,2.0,2.0,0.0,0.0,3.5,3.4,2.05
1314,21/12/13,Livorno,Udinese,1.0,2.0,A,1.0,1.0,D,14.0,14.0,4.0,4.0,3.0,4.0,11.0,20.0,3.0,2.0,0.0,0.0,3.1,3.1,2.4
1314,22/12/13,Atalanta,Juventus,1.0,4.0,A,1.0,1.0,D,7.0,16.0,3.0,4.0,1.0,4.0,14.0,16.0,1.0,2.0,0.0,0.0,7.5,4.2,1.44
1314,22/12/13,Bologna,Genoa,1.0,0.0,H,0.0,0.0,D,19.0,5.0,3.0,1.0,8.0,4.0,23.0,21.0,5.0,1.0,0.0,0.0,2.1,3.25,3.5
1314,22/12/13,Inter,Milan,1.0,0.0,H,0.0,0.0,D,15.0,18.0,7.0,5.0,5.0,7.0,13.0,15.0,3.0,4.0,0.0,1.0,2.63,3.3,2.63
1314,22/12/13,Roma,Catania,4.0,0.0,H,1.0,0.0,H,21.0,10.0,10.0,1.0,9.0,3.0,11.0,19.0,1.0,4.0,0.0,0.0,1.22,6.5,11.0
1314,22/12/13,Sampdoria,Parma,1.0,1.0,D,1.0,0.0,H,8.0,15.0,3.0,5.0,4.0,4.0,16.0,18.0,2.0,4.0,0.0,0.0,2.5,3.2,2.88
1314,22/12/13,Sassuolo,Fiorentina,0.0,1.0,A,0.0,0.0,D,9.0,10.0,3.0,5.0,2.0,3.0,18.0,10.0,5.0,3.0,0.0,0.0,4.33,3.4,1.85
1314,22/12/13,Torino,Chievo,4.0,1.0,H,1.0,1.0,D,12.0,9.0,6.0,3.0,6.0,7.0,12.0,13.0,2.0,2.0,0.0,0.0,1.83,3.3,4.75
1314,22/12/13,Verona,Lazio,4.0,1.0,H,2.0,1.0,H,13.0,18.0,7.0,9.0,1.0,10.0,7.0,13.0,1.0,2.0,0.0,0.0,2.7,3.2,2.63
1314,05/01/14,Chievo,Cagliari,0.0,0.0,D,0.0,0.0,D,1.0,6.0,0.0,1.0,1.0,1.0,24.0,19.0,3.0,2.0,0.0,0.0,2.38,3.0,3.25
1314,05/01/14,Fiorentina,Livorno,1.0,0.0,H,0.0,0.0,D,19.0,8.0,7.0,3.0,5.0,3.0,13.0,21.0,4.0,5.0,0.0,0.0,1.33,4.75,10.0
1314,05/01/14,Juventus,Roma,3.0,0.0,H,1.0,0.0,H,13.0,8.0,5.0,4.0,5.0,3.0,15.0,17.0,3.0,2.0,0.0,2.0,1.67,3.75,5.0
1314,06/01/14,Catania,Bologna,2.0,0.0,H,1.0,0.0,H,19.0,12.0,2.0,2.0,3.0,4.0,18.0,19.0,4.0,4.0,0.0,0.0,2.1,3.2,3.6
1314,06/01/14,Genoa,Sassuolo,2.0,0.0,H,2.0,0.0,H,17.0,10.0,8.0,1.0,9.0,4.0,19.0,23.0,3.0,4.0,0.0,0.0,2.1,3.3,3.5
1314,06/01/14,Lazio,Inter,1.0,0.0,H,0.0,0.0,D,8.0,10.0,3.0,1.0,6.0,4.0,11.0,16.0,3.0,2.0,0.0,0.0,2.4,3.3,2.88
1314,06/01/14,Milan,Atalanta,3.0,0.0,H,1.0,0.0,H,15.0,12.0,8.0,4.0,3.0,7.0,20.0,13.0,1.0,1.0,0.0,0.0,1.44,4.2,7.5
1314,06/01/14,Napoli,Sampdoria,2.0,0.0,H,0.0,0.0,D,19.0,15.0,6.0,4.0,7.0,1.0,13.0,14.0,3.0,3.0,0.0,0.0,1.36,4.75,8.0
1314,06/01/14,Parma,Torino,3.0,1.0,H,2.0,1.0,H,17.0,14.0,5.0,4.0,9.0,4.0,17.0,6.0,1.0,2.0,0.0,0.0,2.05,3.3,3.6
1314,06/01/14,Udinese,Verona,1.0,3.0,A,1.0,2.0,A,23.0,8.0,3.0,3.0,4.0,4.0,10.0,13.0,0.0,2.0,0.0,0.0,1.8,3.4,4.75
1314,11/01/14,Bologna,Lazio,0.0,0.0,D,0.0,0.0,D,12.0,2.0,4.0,0.0,1.0,3.0,8.0,13.0,2.0,2.0,0.0,0.0,3.1,3.1,2.38
1314,11/01/14,Livorno,Parma,0.0,3.0,A,0.0,1.0,A,19.0,9.0,5.0,5.0,6.0,6.0,13.0,21.0,1.0,1.0,0.0,0.0,3.0,3.2,2.38
1314,12/01/14,Atalanta,Catania,2.0,1.0,H,0.0,0.0,D,17.0,12.0,8.0,4.0,8.0,10.0,13.0,13.0,2.0,3.0,0.0,0.0,1.85,3.4,4.33
1314,12/01/14,Cagliari,Juventus,1.0,4.0,A,1.0,1.0,D,8.0,15.0,3.0,9.0,4.0,4.0,10.0,13.0,2.0,1.0,1.0,0.0,7.0,4.33,1.44
1314,12/01/14,Roma,Genoa,4.0,0.0,H,3.0,0.0,H,22.0,0.0,8.0,0.0,4.0,1.0,13.0,7.0,0.0,2.0,0.0,1.0,1.36,4.5,9.0
1314,12/01/14,Sassuolo,Milan,4.0,3.0,H,3.0,2.0,H,12.0,16.0,8.0,7.0,4.0,3.0,23.0,18.0,5.0,3.0,0.0,0.0,5.0,3.6,1.7
1314,12/01/14,Torino,Fiorentina,0.0,0.0,D,0.0,0.0,D,6.0,16.0,5.0,2.0,7.0,5.0,9.0,10.0,0.0,1.0,0.0,0.0,2.8,3.3,2.5
1314,12/01/14,Verona,Napoli,0.0,3.0,A,0.0,1.0,A,11.0,15.0,2.0,8.0,4.0,3.0,21.0,19.0,1.0,1.0,0.0,0.0,3.8,3.5,1.95
1314,13/01/14,Inter,Chievo,1.0,1.0,D,1.0,1.0,D,9.0,9.0,5.0,1.0,6.0,3.0,10.0,13.0,1.0,1.0,0.0,0.0,1.44,4.33,7.0
1314,13/01/14,Sampdoria,Udinese,3.0,0.0,H,1.0,0.0,H,20.0,4.0,6.0,1.0,5.0,6.0,22.0,21.0,3.0,3.0,1.0,2.0,2.38,3.2,3.0
1314,18/01/14,Juventus,Sampdoria,4.0,2.0,H,3.0,1.0,H,18.0,17.0,5.0,5.0,3.0,10.0,8.0,12.0,1.0,3.0,0.0,0.0,1.17,6.5,17.0
1314,18/01/14,Roma,Livorno,3.0,0.0,H,2.0,0.0,H,22.0,4.0,10.0,0.0,8.0,0.0,16.0,11.0,1.0,0.0,0.0,0.0,1.18,6.5,15.0
1314,19/01/14,Atalanta,Cagliari,1.0,0.0,H,0.0,0.0,D,12.0,16.0,5.0,1.0,4.0,5.0,9.0,8.0,3.0,0.0,0.0,1.0,2.45,3.1,3.0
1314,19/01/14,Bologna,Napoli,2.0,2.0,D,1.0,0.0,H,10.0,11.0,2.0,4.0,5.0,5.0,23.0,14.0,4.0,2.0,1.0,0.0,5.0,3.75,1.67
1314,19/01/14,Catania,Fiorentina,0.0,3.0,A,0.0,3.0,A,9.0,12.0,3.0,4.0,3.0,3.0,16.0,9.0,2.0,1.0,0.0,0.0,3.6,3.4,2.05
1314,19/01/14,Chievo,Parma,1.0,2.0,A,1.0,1.0,D,8.0,10.0,2.0,4.0,3.0,1.0,17.0,16.0,2.0,3.0,0.0,0.0,2.8,3.1,2.6
1314,19/01/14,Genoa,Inter,1.0,0.0,H,0.0,0.0,D,14.0,11.0,6.0,5.0,11.0,5.0,14.0,13.0,5.0,1.0,0.0,0.0,3.9,3.4,1.95
1314,19/01/14,Milan,Verona,1.0,0.0,H,0.0,0.0,D,25.0,13.0,7.0,3.0,5.0,10.0,11.0,12.0,2.0,1.0,0.0,0.0,1.44,4.33,7.0
1314,19/01/14,Sassuolo,Torino,0.0,2.0,A,0.0,1.0,A,15.0,6.0,2.0,5.0,10.0,4.0,18.0,17.0,3.0,2.0,0.0,0.0,2.7,3.2,2.6
1314,19/01/14,Udinese,Lazio,2.0,3.0,A,1.0,0.0,H,10.0,20.0,3.0,5.0,3.0,2.0,10.0,15.0,2.0,3.0,0.0,1.0,2.5,3.1,2.9
1314,25/01/14,Lazio,Juventus,1.0,1.0,D,1.0,0.0,H,11.0,11.0,3.0,3.0,0.0,7.0,13.0,15.0,1.0,1.0,0.0,1.0,4.75,3.6,1.73
1314,25/01/14,Napoli,Chievo,1.0,1.0,D,0.0,1.0,A,23.0,3.0,4.0,1.0,11.0,2.0,12.0,15.0,1.0,2.0,0.0,0.0,1.29,5.25,10.0
1314,26/01/14,Cagliari,Milan,1.0,2.0,A,1.0,0.0,H,7.0,21.0,1.0,8.0,4.0,9.0,21.0,19.0,3.0,1.0,0.0,0.0,3.8,3.3,2.0
1314,26/01/14,Fiorentina,Genoa,3.0,3.0,D,2.0,2.0,D,18.0,10.0,4.0,3.0,8.0,2.0,11.0,18.0,1.0,2.0,0.0,0.0,1.33,4.75,10.0
1314,26/01/14,Inter,Catania,0.0,0.0,D,0.0,0.0,D,13.0,5.0,3.0,0.0,14.0,4.0,13.0,15.0,1.0,2.0,0.0,0.0,1.33,4.75,9.5
1314,26/01/14,Livorno,Sassuolo,3.0,1.0,H,3.0,1.0,H,10.0,12.0,3.0,3.0,4.0,5.0,19.0,16.0,3.0,6.0,0.0,0.0,2.4,3.1,3.1
1314,26/01/14,Parma,Udinese,1.0,0.0,H,1.0,0.0,H,12.0,7.0,5.0,2.0,8.0,5.0,12.0,11.0,3.0,3.0,0.0,0.0,2.0,3.3,3.8
1314,26/01/14,Sampdoria,Bologna,1.0,1.0,D,0.0,0.0,D,15.0,17.0,5.0,5.0,6.0,5.0,16.0,11.0,4.0,1.0,0.0,0.0,1.75,3.4,5.0
1314,26/01/14,Torino,Atalanta,1.0,0.0,H,0.0,0.0,D,18.0,12.0,4.0,2.0,10.0,3.0,12.0,11.0,4.0,4.0,0.0,1.0,1.75,3.4,5.0
1314,26/01/14,Verona,Roma,1.0,3.0,A,0.0,1.0,A,6.0,19.0,3.0,5.0,4.0,6.0,18.0,11.0,3.0,2.0,0.0,0.0,4.75,3.6,1.75
1314,01/02/14,Bologna,Udinese,0.0,2.0,A,0.0,1.0,A,16.0,6.0,1.0,3.0,5.0,5.0,8.0,18.0,3.0,4.0,0.0,0.0,2.5,3.1,2.9
1314,01/02/14,Cagliari,Fiorentina,1.0,0.0,H,1.0,0.0,H,13.0,14.0,6.0,3.0,2.0,7.0,22.0,17.0,2.0,1.0,0.0,0.0,3.25,3.2,2.25
1314,01/02/14,Milan,Torino,1.0,1.0,D,0.0,1.0,A,23.0,6.0,6.0,2.0,13.0,3.0,14.0,12.0,2.0,2.0,0.0,0.0,1.6,3.8,5.75
1314,02/02/14,Atalanta,Napoli,3.0,0.0,H,0.0,0.0,D,10.0,16.0,3.0,3.0,1.0,6.0,14.0,17.0,0.0,2.0,0.0,0.0,4.33,3.4,1.85
1314,02/02/14,Catania,Livorno,3.0,3.0,D,0.0,0.0,D,15.0,17.0,6.0,7.0,4.0,2.0,26.0,16.0,5.0,5.0,0.0,0.0,1.91,3.4,4.0
1314,02/02/14,Chievo,Lazio,0.0,2.0,A,0.0,1.0,A,11.0,12.0,0.0,6.0,5.0,6.0,14.0,9.0,2.0,1.0,0.0,0.0,3.1,3.1,2.4
1314,02/02/14,Juventus,Inter,3.0,1.0,H,1.0,0.0,H,20.0,7.0,9.0,2.0,8.0,4.0,11.0,13.0,1.0,2.0,0.0,0.0,1.4,4.5,7.5
1314,02/02/14,Sassuolo,Verona,1.0,2.0,A,0.0,0.0,D,12.0,13.0,2.0,1.0,6.0,5.0,15.0,19.0,2.0,3.0,0.0,0.0,2.38,3.2,3.0
1314,03/02/14,Genoa,Sampdoria,0.0,1.0,A,0.0,1.0,A,12.0,12.0,4.0,7.0,5.0,5.0,14.0,22.0,4.0,1.0,0.0,0.0,2.5,3.2,2.88
1314,08/02/14,Fiorentina,Atalanta,2.0,0.0,H,1.0,0.0,H,19.0,11.0,5.0,3.0,11.0,6.0,13.0,14.0,1.0,2.0,0.0,1.0,1.44,4.33,7.0
1314,08/02/14,Napoli,Milan,3.0,1.0,H,1.0,1.0,D,27.0,8.0,14.0,6.0,5.0,0.0,10.0,17.0,3.0,2.0,0.0,0.0,2.0,3.4,3.75
1314,08/02/14,Udinese,Chievo,3.0,0.0,H,0.0,0.0,D,10.0,9.0,5.0,3.0,1.0,6.0,12.0,10.0,0.0,2.0,0.0,0.0,1.83,3.4,4.5
1314,09/02/14,Inter,Sassuolo,1.0,0.0,H,0.0,0.0,D,16.0,3.0,7.0,1.0,10.0,3.0,13.0,14.0,1.0,1.0,0.0,0.0,1.33,4.75,10.0
1314,09/02/14,Lazio,Roma,0.0,0.0,D,0.0,0.0,D,3.0,14.0,0.0,4.0,6.0,6.0,20.0,10.0,3.0,2.0,0.0,0.0,3.75,3.4,2.0
1314,09/02/14,Livorno,Genoa,0.0,1.0,A,0.0,1.0,A,19.0,6.0,5.0,2.0,10.0,1.0,20.0,20.0,4.0,3.0,0.0,0.0,2.4,3.2,3.0
1314,09/02/14,Parma,Catania,0.0,0.0,D,0.0,0.0,D,5.0,19.0,1.0,2.0,6.0,6.0,21.0,12.0,2.0,3.0,0.0,0.0,1.57,3.6,6.5
1314,09/02/14,Sampdoria,Cagliari,1.0,0.0,H,1.0,0.0,H,10.0,14.0,3.0,3.0,5.0,4.0,26.0,24.0,4.0,5.0,0.0,0.0,2.1,3.25,3.5
1314,09/02/14,Torino,Bologna,1.0,2.0,A,1.0,2.0,A,19.0,11.0,5.0,6.0,13.0,1.0,18.0,16.0,0.0,0.0,0.0,0.0,1.57,3.75,6.0
1314,09/02/14,Verona,Juventus,2.0,2.0,D,0.0,2.0,A,11.0,14.0,3.0,4.0,3.0,9.0,10.0,19.0,2.0,0.0,0.0,0.0,8.0,4.5,1.4
1314,14/02/14,Milan,Bologna,1.0,0.0,H,0.0,0.0,D,13.0,11.0,4.0,4.0,8.0,2.0,17.0,22.0,1.0,3.0,0.0,0.0,1.33,5.0,9.0
1314,15/02/14,Fiorentina,Inter,1.0,2.0,A,0.0,1.0,A,15.0,9.0,5.0,4.0,9.0,6.0,11.0,16.0,1.0,6.0,0.0,0.0,2.1,3.4,3.4
1314,16/02/14,Atalanta,Parma,0.0,4.0,A,0.0,1.0,A,14.0,17.0,5.0,7.0,8.0,4.0,11.0,12.0,2.0,4.0,0.0,0.0,2.5,3.25,2.8
1314,16/02/14,Cagliari,Livorno,1.0,2.0,A,0.0,1.0,A,12.0,15.0,5.0,3.0,1.0,5.0,19.0,23.0,2.0,4.0,1.0,2.0,1.75,3.4,5.0
1314,16/02/14,Catania,Lazio,3.0,1.0,H,1.0,1.0,D,16.0,10.0,8.0,3.0,1.0,1.0,18.0,23.0,2.0,4.0,0.0,0.0,3.3,3.2,2.25
1314,16/02/14,Genoa,Udinese,3.0,3.0,D,1.0,2.0,A,23.0,10.0,6.0,7.0,8.0,8.0,12.0,16.0,3.0,5.0,0.0,0.0,2.75,3.1,2.63
1314,16/02/14,Juventus,Chievo,3.0,1.0,H,2.0,0.0,H,14.0,9.0,5.0,2.0,7.0,2.0,14.0,16.0,3.0,2.0,0.0,0.0,1.14,7.5,17.0
1314,16/02/14,Roma,Sampdoria,3.0,0.0,H,1.0,0.0,H,16.0,9.0,6.0,2.0,6.0,2.0,10.0,15.0,2.0,1.0,0.0,1.0,1.33,5.0,9.0
1314,16/02/14,Sassuolo,Napoli,0.0,2.0,A,0.0,1.0,A,8.0,20.0,2.0,7.0,3.0,4.0,9.0,15.0,4.0,3.0,0.0,0.0,6.0,3.8,1.57
1314,17/02/14,Verona,Torino,1.0,3.0,A,1.0,0.0,H,16.0,15.0,4.0,5.0,6.0,6.0,10.0,17.0,1.0,3.0,0.0,0.0,2.3,3.3,3.1
1314,22/02/14,Bologna,Roma,0.0,1.0,A,0.0,1.0,A,12.0,17.0,1.0,2.0,5.0,1.0,10.0,15.0,1.0,3.0,0.0,0.0,7.0,4.0,1.5
1314,23/02/14,Chievo,Catania,2.0,0.0,H,1.0,0.0,H,13.0,12.0,6.0,5.0,4.0,9.0,23.0,18.0,4.0,4.0,1.0,0.0,2.15,3.1,3.6
1314,23/02/14,Inter,Cagliari,1.0,1.0,D,0.0,1.0,A,16.0,6.0,5.0,1.0,5.0,3.0,11.0,15.0,1.0,4.0,0.0,0.0,1.44,4.2,7.5
1314,23/02/14,Juventus,Torino,1.0,0.0,H,1.0,0.0,H,15.0,15.0,6.0,3.0,4.0,2.0,12.0,15.0,2.0,2.0,0.0,0.0,1.22,6.0,12.0
1314,23/02/14,Lazio,Sassuolo,3.0,2.0,H,1.0,0.0,H,11.0,7.0,4.0,4.0,4.0,4.0,16.0,12.0,1.0,3.0,0.0,0.0,1.44,4.2,7.5
1314,23/02/14,Livorno,Verona,2.0,3.0,A,0.0,3.0,A,21.0,16.0,4.0,7.0,6.0,8.0,19.0,13.0,4.0,2.0,0.0,0.0,2.38,3.25,3.0
1314,23/02/14,Sampdoria,Milan,0.0,2.0,A,0.0,1.0,A,8.0,14.0,3.0,8.0,4.0,4.0,12.0,12.0,4.0,3.0,1.0,0.0,3.2,3.2,2.3
1314,23/02/14,Udinese,Atalanta,1.0,1.0,D,0.0,1.0,A,11.0,8.0,6.0,4.0,6.0,7.0,15.0,17.0,2.0,2.0,0.0,0.0,1.75,3.4,5.0
1314,24/02/14,Napoli,Genoa,1.0,1.0,D,1.0,0.0,H,9.0,11.0,3.0,5.0,5.0,5.0,19.0,15.0,5.0,2.0,0.0,0.0,1.29,5.0,12.0
1314,24/02/14,Parma,Fiorentina,2.0,2.0,D,1.0,1.0,D,11.0,17.0,5.0,2.0,1.0,6.0,18.0,13.0,3.0,3.0,1.0,2.0,2.4,3.2,3.0
1314,01/03/14,Roma,Inter,0.0,0.0,D,0.0,0.0,D,10.0,11.0,4.0,1.0,5.0,6.0,14.0,19.0,0.0,1.0,0.0,0.0,1.62,3.8,5.5
1314,02/03/14,Atalanta,Chievo,2.0,1.0,H,1.0,0.0,H,12.0,12.0,5.0,4.0,6.0,8.0,12.0,10.0,1.0,3.0,0.0,1.0,2.05,3.25,3.75
1314,02/03/14,Cagliari,Udinese,3.0,0.0,H,1.0,0.0,H,9.0,16.0,4.0,5.0,2.0,9.0,15.0,13.0,3.0,1.0,0.0,0.0,2.38,3.2,3.0
1314,02/03/14,Fiorentina,Lazio,0.0,1.0,A,0.0,1.0,A,18.0,10.0,2.0,3.0,7.0,6.0,12.0,13.0,3.0,3.0,0.0,0.0,1.91,3.3,4.2
1314,02/03/14,Genoa,Catania,2.0,0.0,H,1.0,0.0,H,17.0,10.0,7.0,2.0,4.0,0.0,28.0,20.0,3.0,0.0,0.0,1.0,2.1,3.25,3.6
1314,02/03/14,Livorno,Napoli,1.0,1.0,D,1.0,1.0,D,10.0,16.0,4.0,7.0,4.0,4.0,20.0,10.0,2.0,2.0,0.0,0.0,6.0,4.0,1.53
1314,02/03/14,Milan,Juventus,0.0,2.0,A,0.0,1.0,A,22.0,10.0,9.0,5.0,7.0,1.0,15.0,7.0,1.0,2.0,0.0,0.0,3.6,3.5,2.0
1314,02/03/14,Sassuolo,Parma,0.0,1.0,A,0.0,1.0,A,8.0,16.0,3.0,6.0,6.0,6.0,22.0,23.0,2.0,1.0,1.0,0.0,3.5,3.4,2.05
1314,02/03/14,Torino,Sampdoria,0.0,2.0,A,0.0,1.0,A,21.0,11.0,6.0,4.0,12.0,4.0,13.0,20.0,3.0,3.0,0.0,0.0,1.83,3.25,4.75
1314,02/03/14,Verona,Bologna,0.0,0.0,D,0.0,0.0,D,9.0,14.0,2.0,6.0,8.0,3.0,18.0,15.0,1.0,5.0,0.0,1.0,1.91,3.5,4.0
1314,08/03/14,Catania,Cagliari,1.0,1.0,D,0.0,0.0,D,18.0,9.0,3.0,3.0,12.0,2.0,19.0,18.0,3.0,2.0,0.0,1.0,2.2,3.25,3.3
1314,08/03/14,Udinese,Milan,1.0,0.0,H,0.0,0.0,D,14.0,15.0,3.0,5.0,2.0,8.0,13.0,13.0,1.0,3.0,0.0,0.0,3.0,3.25,2.38
1314,09/03/14,Bologna,Sassuolo,0.0,0.0,D,0.0,0.0,D,9.0,12.0,4.0,3.0,1.0,2.0,23.0,19.0,1.0,2.0,0.0,0.0,1.91,3.4,4.0
1314,09/03/14,Chievo,Genoa,2.0,1.0,H,1.0,0.0,H,17.0,19.0,5.0,6.0,6.0,10.0,20.0,21.0,1.0,4.0,0.0,0.0,2.1,3.2,3.6
1314,09/03/14,Inter,Torino,1.0,0.0,H,1.0,0.0,H,15.0,6.0,3.0,2.0,2.0,5.0,8.0,15.0,0.0,4.0,0.0,0.0,1.57,4.0,5.5
1314,09/03/14,Juventus,Fiorentina,1.0,0.0,H,1.0,0.0,H,13.0,11.0,2.0,0.0,6.0,2.0,13.0,14.0,2.0,4.0,0.0,0.0,1.4,4.6,7.5
1314,09/03/14,Lazio,Atalanta,0.0,1.0,A,0.0,0.0,D,15.0,11.0,4.0,5.0,10.0,2.0,17.0,13.0,1.0,1.0,1.0,0.0,1.57,3.8,6.0
1314,09/03/14,Napoli,Roma,1.0,0.0,H,0.0,0.0,D,13.0,14.0,4.0,6.0,3.0,5.0,13.0,8.0,1.0,2.0,0.0,0.0,2.2,3.3,3.3
1314,09/03/14,Parma,Verona,2.0,0.0,H,1.0,0.0,H,17.0,11.0,6.0,3.0,8.0,5.0,16.0,14.0,3.0,2.0,0.0,0.0,1.73,3.7,4.6
1314,09/03/14,Sampdoria,Livorno,4.0,2.0,H,0.0,2.0,A,18.0,15.0,7.0,6.0,12.0,4.0,22.0,14.0,2.0,3.0,0.0,0.0,1.75,3.4,5.0
1314,15/03/14,Verona,Inter,0.0,2.0,A,0.0,1.0,A,10.0,18.0,4.0,8.0,3.0,5.0,6.0,7.0,2.0,1.0,0.0,0.0,3.25,3.4,2.15
1314,16/03/14,Atalanta,Sampdoria,3.0,0.0,H,2.0,0.0,H,12.0,15.0,4.0,4.0,9.0,3.0,12.0,15.0,1.0,1.0,0.0,0.0,2.25,3.2,3.3
1314,16/03/14,Cagliari,Lazio,0.0,2.0,A,0.0,1.0,A,8.0,17.0,3.0,5.0,3.0,3.0,13.0,14.0,4.0,2.0,1.0,0.0,2.75,3.1,2.63
1314,16/03/14,Fiorentina,Chievo,3.0,1.0,H,2.0,0.0,H,10.0,16.0,5.0,4.0,4.0,7.0,10.0,25.0,0.0,3.0,0.0,0.0,1.53,4.0,6.0
1314,16/03/14,Genoa,Juventus,0.0,1.0,A,0.0,0.0,D,14.0,6.0,4.0,1.0,3.0,3.0,23.0,18.0,4.0,2.0,0.0,0.0,7.0,4.33,1.44
1314,16/03/14,Livorno,Bologna,2.0,1.0,H,0.0,0.0,D,8.0,15.0,4.0,4.0,2.0,5.0,19.0,17.0,3.0,3.0,2.0,0.0,2.2,3.2,3.4
1314,16/03/14,Milan,Parma,2.0,4.0,A,0.0,1.0,A,13.0,20.0,3.0,6.0,4.0,6.0,14.0,16.0,3.0,2.0,1.0,0.0,1.8,3.6,4.33
1314,16/03/14,Sassuolo,Catania,3.0,1.0,H,0.0,1.0,A,21.0,9.0,10.0,3.0,10.0,2.0,21.0,24.0,5.0,2.0,0.0,0.0,2.2,3.2,3.4
1314,17/03/14,Roma,Udinese,3.0,2.0,H,2.0,0.0,H,20.0,14.0,9.0,8.0,5.0,11.0,8.0,13.0,1.0,1.0,0.0,0.0,1.36,4.5,9.5
1314,17/03/14,Torino,Napoli,0.0,1.0,A,0.0,0.0,D,12.0,13.0,4.0,4.0,5.0,5.0,14.0,8.0,2.0,2.0,0.0,0.0,3.4,3.3,2.15
1314,22/03/14,Chievo,Roma,0.0,2.0,A,0.0,2.0,A,9.0,16.0,4.0,4.0,5.0,1.0,14.0,13.0,1.0,1.0,0.0,0.0,6.5,3.6,1.57
1314,22/03/14,Torino,Livorno,3.0,1.0,H,1.0,0.0,H,18.0,10.0,11.0,3.0,12.0,6.0,11.0,15.0,0.0,1.0,0.0,0.0,1.62,3.6,6.0
1314,23/03/14,Bologna,Cagliari,1.0,0.0,H,0.0,0.0,D,12.0,10.0,5.0,3.0,7.0,6.0,15.0,20.0,2.0,3.0,0.0,1.0,2.3,3.1,3.25
1314,23/03/14,Catania,Juventus,0.0,1.0,A,0.0,0.0,D,8.0,13.0,0.0,2.0,7.0,6.0,17.0,20.0,2.0,1.0,1.0,0.0,8.0,4.5,1.4
1314,23/03/14,Inter,Atalanta,1.0,2.0,A,1.0,1.0,D,23.0,10.0,6.0,6.0,10.0,3.0,17.0,15.0,0.0,4.0,0.0,0.0,1.44,4.2,7.5
1314,23/03/14,Lazio,Milan,1.0,1.0,D,0.0,1.0,A,14.0,10.0,2.0,0.0,6.0,3.0,19.0,13.0,3.0,2.0,0.0,0.0,2.5,3.2,2.88
1314,23/03/14,Napoli,Fiorentina,0.0,1.0,A,0.0,0.0,D,12.0,13.0,5.0,4.0,5.0,4.0,14.0,10.0,1.0,1.0,1.0,0.0,1.83,3.5,4.33
1314,23/03/14,Parma,Genoa,1.0,1.0,D,1.0,1.0,D,16.0,5.0,3.0,2.0,5.0,6.0,16.0,25.0,2.0,3.0,0.0,0.0,1.57,3.75,6.0
1314,23/03/14,Sampdoria,Verona,5.0,0.0,H,3.0,0.0,H,15.0,20.0,9.0,7.0,1.0,9.0,14.0,19.0,2.0,2.0,0.0,0.0,2.0,3.3,3.8
1314,23/03/14,Udinese,Sassuolo,1.0,0.0,H,1.0,0.0,H,13.0,14.0,2.0,1.0,7.0,11.0,13.0,21.0,2.0,3.0,0.0,0.0,1.62,3.6,6.0
1314,25/03/14,Roma,Torino,2.0,1.0,H,1.0,0.0,H,23.0,12.0,9.0,2.0,7.0,2.0,15.0,10.0,2.0,4.0,0.0,0.0,1.4,4.5,8.0
1314,26/03/14,Atalanta,Livorno,2.0,0.0,H,1.0,0.0,H,13.0,11.0,4.0,3.0,5.0,3.0,15.0,19.0,0.0,1.0,0.0,0.0,1.83,3.4,4.5
1314,26/03/14,Cagliari,Verona,1.0,0.0,H,1.0,0.0,H,17.0,9.0,4.0,1.0,10.0,5.0,13.0,12.0,4.0,2.0,0.0,0.0,2.1,3.25,3.5
1314,26/03/14,Catania,Napoli,2.0,4.0,A,0.0,4.0,A,18.0,17.0,9.0,8.0,6.0,0.0,12.0,10.0,1.0,0.0,0.0,0.0,4.75,3.6,1.75
1314,26/03/14,Chievo,Bologna,3.0,0.0,H,1.0,0.0,H,17.0,11.0,8.0,1.0,5.0,0.0,22.0,19.0,2.0,3.0,0.0,0.0,2.1,3.0,4.0
1314,26/03/14,Fiorentina,Milan,0.0,2.0,A,0.0,1.0,A,10.0,15.0,0.0,6.0,10.0,4.0,16.0,30.0,3.0,7.0,0.0,0.0,2.2,3.3,3.25
1314,26/03/14,Genoa,Lazio,2.0,0.0,H,0.0,0.0,D,13.0,15.0,6.0,5.0,5.0,3.0,16.0,19.0,2.0,2.0,0.0,1.0,3.0,3.2,2.4
1314,26/03/14,Juventus,Parma,2.0,1.0,H,2.0,0.0,H,10.0,9.0,7.0,3.0,6.0,2.0,14.0,8.0,3.0,3.0,0.0,1.0,1.33,5.0,9.0
1314,26/03/14,Sassuolo,Sampdoria,1.0,2.0,A,1.0,1.0,D,16.0,17.0,6.0,8.0,6.0,1.0,17.0,21.0,1.0,0.0,0.0,1.0,2.6,3.2,2.75
1314,27/03/14,Inter,Udinese,0.0,0.0,D,0.0,0.0,D,20.0,10.0,3.0,2.0,11.0,3.0,11.0,8.0,1.0,1.0,0.0,0.0,1.67,3.75,5.0
1314,29/03/14,Bologna,Atalanta,0.0,2.0,A,0.0,2.0,A,23.0,4.0,11.0,3.0,10.0,0.0,16.0,15.0,2.0,2.0,0.0,0.0,2.3,3.1,3.25
1314,29/03/14,Milan,Chievo,3.0,0.0,H,2.0,0.0,H,17.0,8.0,5.0,1.0,11.0,4.0,16.0,11.0,0.0,0.0,0.0,0.0,1.4,4.5,8.0
1314,30/03/14,Lazio,Parma,3.0,2.0,H,1.0,1.0,D,16.0,15.0,6.0,3.0,8.0,2.0,17.0,16.0,4.0,3.0,0.0,0.0,2.1,3.3,3.5
1314,30/03/14,Napoli,Juventus,2.0,0.0,H,1.0,0.0,H,13.0,9.0,7.0,2.0,7.0,4.0,9.0,11.0,2.0,3.0,0.0,0.0,2.8,3.3,2.5
1314,30/03/14,Sampdoria,Fiorentina,0.0,0.0,D,0.0,0.0,D,20.0,16.0,7.0,4.0,4.0,3.0,20.0,17.0,2.0,3.0,0.0,0.0,2.88,3.2,2.5
1314,30/03/14,Sassuolo,Roma,0.0,2.0,A,0.0,1.0,A,9.0,15.0,2.0,4.0,7.0,5.0,16.0,8.0,1.0,1.0,0.0,0.0,7.0,3.75,1.53
1314,30/03/14,Torino,Cagliari,2.0,1.0,H,1.0,0.0,H,17.0,9.0,5.0,1.0,6.0,0.0,11.0,19.0,1.0,2.0,0.0,0.0,1.85,3.4,4.33
1314,30/03/14,Verona,Genoa,3.0,0.0,H,1.0,0.0,H,15.0,12.0,6.0,3.0,7.0,8.0,10.0,18.0,1.0,2.0,1.0,0.0,2.2,3.2,3.4
1314,31/03/14,Livorno,Inter,2.0,2.0,D,0.0,2.0,A,9.0,19.0,4.0,6.0,5.0,4.0,23.0,12.0,1.0,3.0,0.0,0.0,4.0,3.5,1.91
1314,31/03/14,Udinese,Catania,1.0,0.0,H,0.0,0.0,D,13.0,20.0,7.0,7.0,4.0,11.0,9.0,11.0,2.0,5.0,0.0,0.0,1.73,3.5,5.0
1314,02/04/14,Roma,Parma,4.0,2.0,H,2.0,1.0,H,12.0,16.0,6.0,3.0,1.0,2.0,15.0,13.0,1.0,1.0,0.0,0.0,1.4,4.75,7.0
1314,05/04/14,Chievo,Verona,0.0,1.0,A,0.0,0.0,D,18.0,13.0,6.0,5.0,5.0,4.0,12.0,15.0,2.0,2.0,0.0,0.0,2.38,3.1,3.1
1314,05/04/14,Inter,Bologna,2.0,2.0,D,1.0,1.0,D,17.0,12.0,6.0,8.0,5.0,5.0,15.0,16.0,1.0,2.0,0.0,0.0,1.36,4.5,9.0
1314,06/04/14,Atalanta,Sassuolo,0.0,2.0,A,0.0,1.0,A,8.0,12.0,4.0,4.0,6.0,4.0,16.0,24.0,4.0,3.0,0.0,0.0,1.8,3.6,4.33
1314,06/04/14,Cagliari,Roma,1.0,3.0,A,0.0,1.0,A,18.0,6.0,5.0,3.0,4.0,4.0,7.0,17.0,1.0,4.0,0.0,0.0,6.0,3.6,1.62
1314,06/04/14,Catania,Torino,1.0,2.0,A,1.0,0.0,H,9.0,14.0,4.0,6.0,3.0,5.0,20.0,13.0,2.0,4.0,0.0,0.0,2.5,3.2,2.88
1314,06/04/14,Fiorentina,Udinese,2.0,1.0,H,1.0,0.0,H,22.0,13.0,4.0,3.0,10.0,6.0,16.0,13.0,1.0,5.0,0.0,0.0,1.65,3.75,5.25
1314,06/04/14,Lazio,Sampdoria,2.0,0.0,H,1.0,0.0,H,8.0,15.0,3.0,5.0,4.0,12.0,23.0,22.0,2.0,2.0,1.0,0.0,1.75,3.5,4.75
1314,06/04/14,Parma,Napoli,1.0,0.0,H,0.0,0.0,D,6.0,12.0,1.0,1.0,3.0,3.0,20.0,15.0,5.0,2.0,0.0,0.0,3.0,3.25,2.38
1314,07/04/14,Genoa,Milan,1.0,2.0,A,0.0,1.0,A,20.0,5.0,6.0,3.0,8.0,1.0,17.0,16.0,1.0,1.0,0.0,0.0,3.8,3.3,2.0
1314,07/04/14,Juventus,Livorno,2.0,0.0,H,2.0,0.0,H,17.0,8.0,4.0,3.0,10.0,2.0,13.0,8.0,0.0,1.0,0.0,0.0,1.14,7.5,17.0
1314,12/04/14,Roma,Atalanta,3.0,1.0,H,2.0,0.0,H,22.0,10.0,7.0,4.0,4.0,5.0,4.0,8.0,0.0,3.0,0.0,0.0,1.33,4.75,10.0
1314,12/04/14,Sassuolo,Cagliari,1.0,1.0,D,1.0,0.0,H,16.0,8.0,3.0,2.0,4.0,1.0,15.0,19.0,2.0,2.0,0.0,0.0,2.5,3.1,2.9
1314,13/04/14,Bologna,Parma,1.0,1.0,D,1.0,0.0,H,13.0,10.0,4.0,2.0,7.0,9.0,12.0,20.0,3.0,1.0,0.0,0.0,3.1,3.3,2.3
1314,13/04/14,Livorno,Chievo,2.0,4.0,A,2.0,3.0,A,19.0,15.0,5.0,10.0,8.0,8.0,15.0,20.0,2.0,4.0,0.0,0.0,2.3,3.1,3.2
1314,13/04/14,Milan,Catania,1.0,0.0,H,1.0,0.0,H,18.0,12.0,3.0,4.0,7.0,7.0,18.0,18.0,0.0,4.0,0.0,1.0,1.33,5.25,8.0
1314,13/04/14,Napoli,Lazio,4.0,2.0,H,1.0,1.0,D,16.0,17.0,7.0,7.0,4.0,1.0,10.0,13.0,5.0,1.0,0.0,1.0,1.62,4.0,5.25
1314,13/04/14,Sampdoria,Inter,0.0,4.0,A,0.0,1.0,A,14.0,16.0,6.0,6.0,11.0,4.0,20.0,19.0,5.0,3.0,1.0,0.0,3.2,3.3,2.25
1314,13/04/14,Torino,Genoa,2.0,1.0,H,0.0,0.0,D,11.0,10.0,5.0,4.0,3.0,5.0,18.0,14.0,3.0,4.0,0.0,0.0,1.83,3.4,4.5
1314,13/04/14,Verona,Fiorentina,3.0,5.0,A,1.0,2.0,A,8.0,29.0,6.0,11.0,3.0,7.0,11.0,12.0,2.0,3.0,1.0,0.0,3.2,3.3,2.25
1314,14/04/14,Udinese,Juventus,0.0,2.0,A,0.0,2.0,A,12.0,11.0,1.0,3.0,3.0,5.0,12.0,15.0,1.0,3.0,0.0,0.0,5.5,3.8,1.62
1314,19/04/14,Atalanta,Verona,1.0,2.0,A,0.0,0.0,D,17.0,18.0,6.0,6.0,1.0,5.0,17.0,12.0,4.0,2.0,0.0,0.0,2.05,3.1,4.0
1314,19/04/14,Catania,Sampdoria,2.0,1.0,H,1.0,0.0,H,20.0,7.0,11.0,2.0,6.0,3.0,12.0,23.0,2.0,2.0,0.0,0.0,2.2,3.4,3.2
1314,19/04/14,Chievo,Sassuolo,0.0,1.0,A,0.0,1.0,A,9.0,17.0,4.0,5.0,5.0,4.0,21.0,27.0,4.0,4.0,0.0,0.0,2.0,3.3,3.75
1314,19/04/14,Fiorentina,Roma,0.0,1.0,A,0.0,1.0,A,24.0,11.0,3.0,4.0,5.0,1.0,15.0,18.0,3.0,4.0,0.0,0.0,3.1,3.4,2.25
1314,19/04/14,Genoa,Cagliari,1.0,2.0,A,1.0,1.0,D,12.0,10.0,3.0,4.0,7.0,3.0,10.0,17.0,2.0,4.0,0.0,0.0,2.2,3.1,3.5
1314,19/04/14,Juventus,Bologna,1.0,0.0,H,0.0,0.0,D,17.0,8.0,7.0,2.0,6.0,1.0,15.0,9.0,0.0,2.0,0.0,0.0,1.17,7.0,15.0
1314,19/04/14,Lazio,Torino,3.0,3.0,D,1.0,0.0,H,17.0,18.0,6.0,8.0,4.0,7.0,16.0,10.0,2.0,3.0,1.0,0.0,1.8,3.3,4.75
1314,19/04/14,Milan,Livorno,3.0,0.0,H,1.0,0.0,H,20.0,13.0,4.0,1.0,8.0,6.0,17.0,13.0,3.0,2.0,0.0,0.0,1.25,5.5,12.0
1314,19/04/14,Parma,Inter,0.0,2.0,A,0.0,0.0,D,12.0,15.0,3.0,6.0,6.0,5.0,14.0,15.0,1.0,3.0,1.0,0.0,2.4,3.3,2.88
1314,19/04/14,Udinese,Napoli,1.0,1.0,D,0.0,1.0,A,11.0,11.0,4.0,3.0,3.0,0.0,12.0,14.0,2.0,2.0,0.0,1.0,3.5,3.5,2.05
1314,25/04/14,Roma,Milan,2.0,0.0,H,1.0,0.0,H,14.0,13.0,4.0,5.0,8.0,6.0,13.0,18.0,3.0,3.0,0.0,0.0,1.8,3.75,4.2
1314,26/04/14,Bologna,Fiorentina,0.0,3.0,A,0.0,2.0,A,16.0,14.0,6.0,8.0,5.0,7.0,14.0,10.0,1.0,1.0,0.0,0.0,3.4,3.4,2.1
1314,26/04/14,Inter,Napoli,0.0,0.0,D,0.0,0.0,D,14.0,14.0,6.0,1.0,2.0,4.0,7.0,10.0,1.0,3.0,0.0,0.0,2.25,3.4,3.1
1314,27/04/14,Atalanta,Genoa,1.0,1.0,D,0.0,1.0,A,24.0,3.0,6.0,2.0,8.0,2.0,15.0,14.0,2.0,4.0,0.0,1.0,2.2,3.25,3.3
1314,27/04/14,Cagliari,Parma,1.0,0.0,H,1.0,0.0,H,8.0,20.0,3.0,4.0,5.0,9.0,8.0,16.0,1.0,1.0,0.0,1.0,3.0,3.25,2.38
1314,27/04/14,Livorno,Lazio,0.0,2.0,A,0.0,1.0,A,17.0,19.0,4.0,11.0,14.0,7.0,16.0,12.0,4.0,1.0,0.0,0.0,3.1,3.4,2.25
1314,27/04/14,Sampdoria,Chievo,2.0,1.0,H,0.0,0.0,D,13.0,6.0,5.0,2.0,5.0,4.0,12.0,15.0,1.0,5.0,1.0,0.0,2.4,3.1,3.1
1314,27/04/14,Torino,Udinese,2.0,0.0,H,1.0,0.0,H,14.0,10.0,3.0,1.0,1.0,2.0,9.0,7.0,0.0,3.0,0.0,0.0,1.91,3.25,4.33
1314,27/04/14,Verona,Catania,4.0,0.0,H,3.0,0.0,H,18.0,11.0,8.0,2.0,6.0,3.0,18.0,16.0,0.0,3.0,0.0,0.0,2.2,3.5,3.1
1314,28/04/14,Sassuolo,Juventus,1.0,3.0,A,1.0,1.0,D,12.0,14.0,4.0,6.0,8.0,3.0,20.0,23.0,1.0,1.0,0.0,0.0,7.0,4.75,1.4
1314,04/05/14,Catania,Roma,4.0,1.0,H,2.0,1.0,H,13.0,12.0,8.0,4.0,6.0,6.0,11.0,8.0,2.0,5.0,0.0,0.0,6.5,4.5,1.44
1314,04/05/14,Chievo,Torino,0.0,1.0,A,0.0,0.0,D,8.0,20.0,1.0,3.0,3.0,8.0,10.0,9.0,4.0,1.0,1.0,0.0,2.75,3.2,2.6
1314,04/05/14,Genoa,Bologna,0.0,0.0,D,0.0,0.0,D,6.0,14.0,1.0,3.0,2.0,5.0,19.0,23.0,3.0,4.0,0.0,0.0,2.5,3.2,2.88
1314,04/05/14,Milan,Inter,1.0,0.0,H,0.0,0.0,D,14.0,7.0,4.0,0.0,5.0,5.0,16.0,15.0,3.0,3.0,0.0,0.0,2.4,3.4,2.8
1314,04/05/14,Parma,Sampdoria,2.0,0.0,H,1.0,0.0,H,12.0,10.0,7.0,4.0,5.0,5.0,17.0,17.0,3.0,1.0,0.0,0.0,1.5,3.75,7.5
1314,04/05/14,Udinese,Livorno,5.0,3.0,H,5.0,2.0,H,15.0,19.0,7.0,6.0,6.0,11.0,14.0,12.0,1.0,3.0,0.0,0.0,1.83,3.6,4.2
1314,05/05/14,Juventus,Atalanta,1.0,0.0,H,0.0,0.0,D,19.0,9.0,4.0,2.0,3.0,5.0,18.0,11.0,0.0,1.0,0.0,0.0,1.17,7.0,15.0
1314,05/05/14,Lazio,Verona,3.0,3.0,D,1.0,1.0,D,16.0,18.0,6.0,6.0,9.0,7.0,18.0,19.0,1.0,6.0,1.0,1.0,1.62,4.0,5.25
1314,06/05/14,Fiorentina,Sassuolo,3.0,4.0,A,0.0,3.0,A,24.0,16.0,7.0,6.0,7.0,3.0,8.0,14.0,3.0,3.0,0.0,0.0,1.65,4.0,4.75
1314,06/05/14,Napoli,Cagliari,3.0,0.0,H,2.0,0.0,H,27.0,4.0,16.0,2.0,5.0,2.0,13.0,8.0,3.0,3.0,0.0,1.0,1.44,4.33,7.0
1314,10/05/14,Inter,Lazio,4.0,1.0,H,3.0,1.0,H,9.0,17.0,7.0,9.0,3.0,8.0,13.0,15.0,1.0,1.0,0.0,0.0,1.73,3.75,4.5
1314,10/05/14,Verona,Udinese,2.0,2.0,D,1.0,0.0,H,10.0,16.0,4.0,7.0,4.0,7.0,14.0,14.0,2.0,4.0,0.0,0.0,2.2,3.5,3.1
1314,11/05/14,Atalanta,Milan,2.0,1.0,H,0.0,0.0,D,17.0,20.0,3.0,2.0,4.0,5.0,7.0,10.0,2.0,2.0,0.0,0.0,5.5,3.8,1.62
1314,11/05/14,Bologna,Catania,1.0,2.0,A,0.0,1.0,A,29.0,11.0,6.0,3.0,13.0,1.0,16.0,19.0,3.0,2.0,1.0,1.0,2.0,3.5,3.6
1314,11/05/14,Cagliari,Chievo,0.0,1.0,A,0.0,0.0,D,11.0,12.0,3.0,3.0,8.0,3.0,13.0,19.0,2.0,2.0,0.0,0.0,3.6,3.25,2.1
1314,11/05/14,Livorno,Fiorentina,0.0,1.0,A,0.0,0.0,D,6.0,9.0,2.0,3.0,5.0,3.0,25.0,17.0,6.0,3.0,1.0,0.0,4.33,3.6,1.8
1314,11/05/14,Roma,Juventus,0.0,1.0,A,0.0,0.0,D,18.0,11.0,7.0,5.0,5.0,5.0,21.0,14.0,4.0,1.0,0.0,0.0,2.4,3.4,2.8
1314,11/05/14,Sampdoria,Napoli,2.0,5.0,A,1.0,3.0,A,28.0,9.0,10.0,5.0,6.0,3.0,11.0,12.0,1.0,0.0,0.0,0.0,3.3,3.4,2.15
1314,11/05/14,Sassuolo,Genoa,4.0,2.0,H,1.0,1.0,D,20.0,8.0,10.0,3.0,8.0,2.0,12.0,20.0,2.0,5.0,0.0,0.0,1.53,3.8,6.5
1314,11/05/14,Torino,Parma,1.0,1.0,D,1.0,0.0,H,16.0,18.0,1.0,4.0,5.0,3.0,7.0,14.0,2.0,2.0,1.0,1.0,2.1,3.5,3.3
1314,17/05/14,Udinese,Sampdoria,3.0,3.0,D,2.0,1.0,H,22.0,15.0,12.0,4.0,6.0,5.0,15.0,11.0,3.0,2.0,0.0,0.0,1.73,3.8,4.5
1314,18/05/14,Catania,Atalanta,2.0,1.0,H,0.0,0.0,D,23.0,19.0,9.0,9.0,5.0,4.0,9.0,8.0,1.0,2.0,0.0,0.0,2.25,3.4,3.1
1314,18/05/14,Chievo,Inter,2.0,1.0,H,0.0,1.0,A,13.0,14.0,4.0,3.0,7.0,3.0,16.0,14.0,2.0,1.0,0.0,0.0,4.0,3.3,1.95
1314,18/05/14,Fiorentina,Torino,2.0,2.0,D,0.0,0.0,D,15.0,15.0,8.0,5.0,7.0,6.0,15.0,11.0,5.0,2.0,0.0,0.0,3.6,3.6,1.95
1314,18/05/14,Genoa,Roma,1.0,0.0,H,0.0,0.0,D,7.0,11.0,3.0,4.0,4.0,5.0,15.0,9.0,0.0,1.0,0.0,0.0,4.5,3.8,1.73
1314,18/05/14,Juventus,Cagliari,3.0,0.0,H,3.0,0.0,H,13.0,7.0,8.0,2.0,9.0,2.0,13.0,11.0,0.0,0.0,0.0,0.0,1.22,6.5,11.0
1314,18/05/14,Lazio,Bologna,1.0,0.0,H,0.0,0.0,D,18.0,8.0,6.0,1.0,8.0,2.0,11.0,10.0,2.0,1.0,0.0,0.0,1.44,4.33,7.0
1314,18/05/14,Milan,Sassuolo,2.0,1.0,H,2.0,0.0,H,16.0,16.0,9.0,5.0,7.0,6.0,17.0,13.0,0.0,1.0,2.0,1.0,1.29,5.75,9.0
1314,18/05/14,Napoli,Verona,5.0,1.0,H,3.0,0.0,H,20.0,10.0,11.0,5.0,2.0,2.0,9.0,5.0,2.0,1.0,0.0,0.0,1.44,4.5,6.5
1314,18/05/14,Parma,Livorno,2.0,0.0,H,0.0,0.0,D,19.0,6.0,4.0,1.0,7.0,1.0,15.0,7.0,0.0,1.0,0.0,0.0,1.22,6.0,12.0
1415,30/08/14,Chievo,Juventus,0.0,1.0,A,0.0,1.0,A,7.0,21.0,2.0,3.0,4.0,11.0,13.0,14.0,2.0,1.0,0.0,0.0,7.0,4.0,1.5
1415,30/08/14,Roma,Fiorentina,2.0,0.0,H,1.0,0.0,H,20.0,10.0,5.0,4.0,2.0,0.0,15.0,17.0,4.0,4.0,0.0,0.0,1.67,3.8,5.0
1415,31/08/14,Atalanta,Verona,0.0,0.0,D,0.0,0.0,D,11.0,9.0,1.0,3.0,6.0,2.0,17.0,16.0,2.0,3.0,0.0,0.0,2.05,3.4,3.6
1415,31/08/14,Cesena,Parma,1.0,0.0,H,1.0,0.0,H,9.0,12.0,5.0,1.0,4.0,7.0,10.0,19.0,2.0,1.0,0.0,0.0,3.1,3.2,2.35
1415,31/08/14,Genoa,Napoli,1.0,2.0,A,1.0,1.0,D,11.0,15.0,5.0,5.0,7.0,5.0,10.0,10.0,3.0,1.0,0.0,0.0,3.9,3.4,1.95
1415,31/08/14,Milan,Lazio,3.0,1.0,H,1.0,0.0,H,7.0,19.0,4.0,4.0,0.0,10.0,10.0,20.0,2.0,3.0,0.0,0.0,2.0,3.4,3.75
1415,31/08/14,Palermo,Sampdoria,1.0,1.0,D,1.0,0.0,H,8.0,10.0,1.0,3.0,1.0,7.0,15.0,18.0,1.0,2.0,0.0,1.0,2.2,3.25,3.3
1415,31/08/14,Sassuolo,Cagliari,1.0,1.0,D,1.0,1.0,D,13.0,10.0,5.0,4.0,4.0,4.0,22.0,26.0,3.0,2.0,0.0,0.0,2.3,3.4,3.0
1415,31/08/14,Torino,Inter,0.0,0.0,D,0.0,0.0,D,11.0,14.0,2.0,2.0,6.0,10.0,9.0,10.0,1.0,1.0,0.0,1.0,3.1,3.3,2.3
1415,31/08/14,Udinese,Empoli,2.0,0.0,H,0.0,0.0,D,15.0,13.0,5.0,2.0,3.0,9.0,10.0,9.0,2.0,2.0,0.0,0.0,1.8,3.5,4.5
1415,13/09/14,Empoli,Roma,0.0,1.0,A,0.0,1.0,A,17.0,5.0,3.0,2.0,7.0,0.0,4.0,10.0,0.0,1.0,0.0,0.0,5.5,3.75,1.62
1415,13/09/14,Juventus,Udinese,2.0,0.0,H,1.0,0.0,H,18.0,9.0,7.0,1.0,4.0,6.0,13.0,14.0,0.0,1.0,0.0,0.0,1.4,4.5,8.0
1415,14/09/14,Cagliari,Atalanta,1.0,2.0,A,0.0,1.0,A,19.0,7.0,9.0,3.0,7.0,7.0,14.0,21.0,4.0,4.0,0.0,0.0,2.25,3.4,3.1
1415,14/09/14,Fiorentina,Genoa,0.0,0.0,D,0.0,0.0,D,22.0,6.0,7.0,1.0,12.0,3.0,13.0,18.0,1.0,3.0,0.0,1.0,1.57,3.8,6.0
1415,14/09/14,Inter,Sassuolo,7.0,0.0,H,4.0,0.0,H,22.0,14.0,11.0,2.0,6.0,1.0,16.0,12.0,0.0,1.0,0.0,1.0,1.44,4.33,7.0
1415,14/09/14,Lazio,Cesena,3.0,0.0,H,1.0,0.0,H,17.0,7.0,6.0,1.0,7.0,1.0,26.0,10.0,3.0,1.0,0.0,0.0,1.33,5.0,9.0
1415,14/09/14,Napoli,Chievo,0.0,1.0,A,0.0,0.0,D,33.0,8.0,9.0,1.0,15.0,2.0,14.0,12.0,2.0,2.0,0.0,0.0,1.36,4.75,8.0
1415,14/09/14,Parma,Milan,4.0,5.0,A,1.0,3.0,A,11.0,11.0,3.0,7.0,5.0,4.0,24.0,12.0,3.0,1.0,1.0,1.0,2.7,3.2,2.6
1415,14/09/14,Sampdoria,Torino,2.0,0.0,H,1.0,0.0,H,8.0,10.0,4.0,0.0,3.0,5.0,18.0,17.0,3.0,4.0,0.0,0.0,2.4,3.1,3.1
1415,15/09/14,Verona,Palermo,2.0,1.0,H,1.0,1.0,D,14.0,18.0,5.0,4.0,10.0,5.0,9.0,12.0,4.0,2.0,0.0,0.0,2.2,3.3,3.3
1415,20/09/14,Cesena,Empoli,2.0,2.0,D,2.0,0.0,H,8.0,18.0,5.0,6.0,3.0,7.0,20.0,9.0,4.0,1.0,0.0,0.0,2.8,3.0,2.7
1415,20/09/14,Milan,Juventus,0.0,1.0,A,0.0,0.0,D,9.0,14.0,3.0,4.0,3.0,4.0,9.0,18.0,2.0,3.0,0.0,0.0,3.2,3.3,2.25
1415,21/09/14,Atalanta,Fiorentina,0.0,1.0,A,0.0,0.0,D,23.0,16.0,6.0,6.0,4.0,7.0,10.0,23.0,1.0,4.0,0.0,0.0,3.25,3.1,2.3
1415,21/09/14,Chievo,Parma,2.0,3.0,A,1.0,0.0,H,11.0,12.0,4.0,4.0,4.0,5.0,17.0,21.0,1.0,4.0,0.0,0.0,2.9,3.1,2.5
1415,21/09/14,Genoa,Lazio,1.0,0.0,H,0.0,0.0,D,9.0,17.0,4.0,7.0,3.0,7.0,11.0,19.0,2.0,1.0,0.0,1.0,3.0,3.0,2.5
1415,21/09/14,Palermo,Inter,1.0,1.0,D,1.0,1.0,D,13.0,13.0,2.0,3.0,5.0,2.0,16.0,9.0,2.0,4.0,0.0,0.0,3.75,3.4,2.0
1415,21/09/14,Roma,Cagliari,2.0,0.0,H,2.0,0.0,H,7.0,9.0,3.0,2.0,0.0,6.0,16.0,13.0,1.0,1.0,0.0,0.0,1.3,5.0,11.0
1415,21/09/14,Sassuolo,Sampdoria,0.0,0.0,D,0.0,0.0,D,14.0,12.0,5.0,3.0,3.0,7.0,19.0,23.0,3.0,2.0,0.0,0.0,2.63,3.2,2.7
1415,21/09/14,Torino,Verona,0.0,1.0,A,0.0,0.0,D,22.0,11.0,4.0,2.0,11.0,1.0,15.0,8.0,3.0,1.0,0.0,0.0,1.91,3.5,4.0
1415,21/09/14,Udinese,Napoli,1.0,0.0,H,0.0,0.0,D,9.0,10.0,3.0,3.0,0.0,9.0,12.0,12.0,1.0,3.0,0.0,0.0,3.3,3.25,2.2
1415,23/09/14,Empoli,Milan,2.0,2.0,D,2.0,1.0,H,13.0,15.0,6.0,6.0,3.0,5.0,13.0,21.0,2.0,3.0,1.0,0.0,4.5,3.3,1.85
1415,24/09/14,Cagliari,Torino,1.0,2.0,A,1.0,2.0,A,11.0,12.0,5.0,4.0,3.0,6.0,14.0,11.0,2.0,2.0,0.0,0.0,2.55,3.3,2.7
1415,24/09/14,Fiorentina,Sassuolo,0.0,0.0,D,0.0,0.0,D,18.0,5.0,2.0,0.0,11.0,3.0,13.0,12.0,2.0,2.0,0.0,0.0,1.44,4.33,7.0
1415,24/09/14,Inter,Atalanta,2.0,0.0,H,1.0,0.0,H,21.0,14.0,6.0,2.0,6.0,13.0,13.0,14.0,1.0,3.0,0.0,0.0,1.44,4.33,7.0
1415,24/09/14,Juventus,Cesena,3.0,0.0,H,1.0,0.0,H,29.0,1.0,13.0,1.0,6.0,2.0,10.0,14.0,0.0,3.0,0.0,0.0,1.13,8.0,19.0
1415,24/09/14,Napoli,Palermo,3.0,3.0,D,3.0,2.0,H,16.0,10.0,8.0,6.0,6.0,4.0,11.0,10.0,1.0,4.0,0.0,0.0,1.44,4.33,7.0
1415,24/09/14,Parma,Roma,1.0,2.0,A,0.0,1.0,A,6.0,13.0,4.0,4.0,6.0,9.0,15.0,12.0,2.0,3.0,0.0,0.0,3.75,3.4,2.0
1415,24/09/14,Sampdoria,Chievo,2.0,1.0,H,1.0,0.0,H,16.0,5.0,5.0,3.0,6.0,1.0,25.0,27.0,1.0,3.0,0.0,0.0,1.91,3.3,4.2
1415,24/09/14,Verona,Genoa,2.0,2.0,D,0.0,1.0,A,16.0,16.0,7.0,9.0,7.0,4.0,13.0,15.0,2.0,2.0,0.0,0.0,2.05,3.4,3.5
1415,25/09/14,Lazio,Udinese,0.0,1.0,A,0.0,1.0,A,18.0,5.0,8.0,2.0,7.0,3.0,18.0,12.0,3.0,1.0,0.0,0.0,1.8,3.5,4.5
1415,27/09/14,Atalanta,Juventus,0.0,3.0,A,0.0,1.0,A,10.0,16.0,1.0,7.0,2.0,3.0,17.0,15.0,2.0,3.0,0.0,0.0,6.5,3.8,1.55
1415,27/09/14,Roma,Verona,2.0,0.0,H,0.0,0.0,D,23.0,9.0,6.0,3.0,10.0,2.0,13.0,4.0,1.0,1.0,0.0,0.0,1.33,5.0,9.0
1415,28/09/14,Cesena,Milan,1.0,1.0,D,1.0,1.0,D,10.0,11.0,2.0,4.0,4.0,9.0,14.0,12.0,4.0,2.0,0.0,1.0,5.5,3.75,1.62
1415,28/09/14,Chievo,Empoli,1.0,1.0,D,0.0,0.0,D,18.0,6.0,5.0,3.0,11.0,1.0,20.0,14.0,3.0,1.0,0.0,0.0,2.25,3.25,3.25
1415,28/09/14,Genoa,Sampdoria,0.0,1.0,A,0.0,0.0,D,7.0,10.0,4.0,1.0,3.0,5.0,22.0,23.0,3.0,4.0,0.0,0.0,2.9,3.0,2.6
1415,28/09/14,Inter,Cagliari,1.0,4.0,A,1.0,4.0,A,15.0,16.0,5.0,7.0,10.0,3.0,23.0,8.0,1.0,3.0,1.0,0.0,1.44,4.33,7.0
1415,28/09/14,Sassuolo,Napoli,0.0,1.0,A,0.0,1.0,A,11.0,11.0,1.0,3.0,6.0,6.0,19.0,12.0,4.0,2.0,0.0,0.0,4.5,3.5,1.8
1415,28/09/14,Torino,Fiorentina,1.0,1.0,D,0.0,0.0,D,15.0,19.0,3.0,7.0,6.0,4.0,14.0,15.0,3.0,2.0,0.0,0.0,2.88,3.2,2.5
1415,29/09/14,Palermo,Lazio,0.0,4.0,A,0.0,1.0,A,17.0,15.0,4.0,10.0,4.0,1.0,12.0,16.0,2.0,4.0,0.0,0.0,2.9,3.25,2.4
1415,29/09/14,Udinese,Parma,4.0,2.0,H,2.0,2.0,D,12.0,18.0,5.0,6.0,6.0,4.0,8.0,11.0,2.0,0.0,0.0,1.0,2.2,3.2,3.4
1415,04/10/14,Milan,Chievo,2.0,0.0,H,0.0,0.0,D,22.0,10.0,4.0,2.0,9.0,2.0,10.0,25.0,2.0,5.0,0.0,0.0,1.4,4.75,7.0
1415,04/10/14,Verona,Cagliari,1.0,0.0,H,0.0,0.0,D,13.0,19.0,5.0,7.0,5.0,11.0,13.0,17.0,1.0,3.0,0.0,0.0,2.0,3.3,3.75
1415,05/10/14,Empoli,Palermo,3.0,0.0,H,2.0,0.0,H,20.0,7.0,11.0,2.0,12.0,4.0,18.0,25.0,0.0,4.0,0.0,0.0,2.38,3.2,3.0
1415,05/10/14,Fiorentina,Inter,3.0,0.0,H,2.0,0.0,H,15.0,14.0,8.0,4.0,2.0,5.0,12.0,17.0,2.0,3.0,0.0,0.0,2.38,3.3,2.9
1415,05/10/14,Juventus,Roma,3.0,2.0,H,2.0,2.0,D,20.0,8.0,5.0,2.0,5.0,5.0,14.0,15.0,4.0,3.0,1.0,1.0,1.8,3.5,4.5
1415,05/10/14,Lazio,Sassuolo,3.0,2.0,H,3.0,1.0,H,13.0,12.0,9.0,6.0,4.0,1.0,22.0,12.0,2.0,1.0,1.0,1.0,1.5,4.0,7.0
1415,05/10/14,Napoli,Torino,2.0,1.0,H,0.0,1.0,A,24.0,5.0,9.0,2.0,9.0,2.0,17.0,16.0,3.0,3.0,0.0,0.0,1.5,4.0,7.0
1415,05/10/14,Parma,Genoa,1.0,2.0,A,0.0,0.0,D,12.0,13.0,3.0,5.0,6.0,3.0,26.0,12.0,2.0,2.0,0.0,1.0,1.91,3.4,4.0
1415,05/10/14,Sampdoria,Atalanta,1.0,0.0,H,1.0,0.0,H,16.0,8.0,3.0,1.0,3.0,4.0,19.0,14.0,3.0,3.0,0.0,0.0,1.83,3.4,4.5
1415,05/10/14,Udinese,Cesena,1.0,1.0,D,0.0,0.0,D,14.0,7.0,3.0,5.0,7.0,1.0,10.0,12.0,3.0,3.0,0.0,0.0,1.45,4.2,7.5
1415,18/10/14,Roma,Chievo,3.0,0.0,H,3.0,0.0,H,14.0,11.0,8.0,3.0,6.0,2.0,12.0,13.0,1.0,1.0,0.0,0.0,1.3,5.5,9.0
1415,18/10/14,Sassuolo,Juventus,1.0,1.0,D,1.0,1.0,D,7.0,19.0,2.0,7.0,2.0,6.0,14.0,15.0,2.0,2.0,0.0,1.0,7.5,4.5,1.4
1415,19/10/14,Atalanta,Parma,1.0,0.0,H,0.0,0.0,D,18.0,6.0,3.0,1.0,3.0,1.0,11.0,18.0,2.0,3.0,0.0,0.0,2.5,3.2,2.88
1415,19/10/14,Cagliari,Sampdoria,2.0,2.0,D,0.0,2.0,A,13.0,13.0,4.0,8.0,8.0,0.0,19.0,15.0,3.0,5.0,0.0,1.0,2.5,3.3,2.75
1415,19/10/14,Fiorentina,Lazio,0.0,2.0,A,0.0,1.0,A,15.0,10.0,2.0,5.0,6.0,4.0,11.0,24.0,1.0,5.0,0.0,0.0,2.05,3.3,3.6
1415,19/10/14,Inter,Napoli,2.0,2.0,D,0.0,0.0,D,22.0,12.0,5.0,4.0,6.0,4.0,8.0,12.0,2.0,3.0,0.0,0.0,2.5,3.25,2.8
1415,19/10/14,Palermo,Cesena,2.0,1.0,H,1.0,0.0,H,12.0,4.0,4.0,2.0,12.0,3.0,16.0,16.0,5.0,3.0,0.0,1.0,1.65,3.6,5.5
1415,19/10/14,Torino,Udinese,1.0,0.0,H,0.0,0.0,D,23.0,11.0,5.0,3.0,8.0,5.0,16.0,8.0,3.0,2.0,0.0,0.0,2.15,3.2,3.4
1415,19/10/14,Verona,Milan,1.0,3.0,A,0.0,2.0,A,22.0,12.0,8.0,5.0,8.0,5.0,10.0,15.0,2.0,1.0,1.0,0.0,3.4,3.4,2.1
1415,20/10/14,Genoa,Empoli,1.0,1.0,D,1.0,0.0,H,13.0,9.0,3.0,4.0,10.0,4.0,16.0,13.0,3.0,1.0,0.0,0.0,2.1,3.3,3.5
1415,25/10/14,Empoli,Cagliari,0.0,4.0,A,0.0,4.0,A,9.0,15.0,5.0,6.0,6.0,6.0,10.0,23.0,2.0,2.0,0.0,0.0,2.0,3.4,3.75
1415,25/10/14,Parma,Sassuolo,1.0,3.0,A,0.0,2.0,A,11.0,8.0,4.0,3.0,7.0,3.0,19.0,16.0,4.0,2.0,0.0,0.0,1.73,3.6,4.75
1415,25/10/14,Sampdoria,Roma,0.0,0.0,D,0.0,0.0,D,9.0,20.0,2.0,4.0,6.0,14.0,14.0,12.0,2.0,3.0,0.0,0.0,3.6,3.5,2.0
1415,26/10/14,Cesena,Inter,0.0,1.0,A,0.0,1.0,A,8.0,18.0,2.0,6.0,2.0,3.0,20.0,15.0,5.0,1.0,1.0,0.0,6.5,3.6,1.57
1415,26/10/14,Chievo,Genoa,1.0,2.0,A,1.0,0.0,H,13.0,13.0,5.0,4.0,4.0,7.0,23.0,22.0,2.0,3.0,1.0,0.0,2.38,3.1,3.1
1415,26/10/14,Juventus,Palermo,2.0,0.0,H,1.0,0.0,H,20.0,6.0,5.0,1.0,6.0,1.0,8.0,10.0,2.0,1.0,0.0,0.0,1.22,5.5,15.0
1415,26/10/14,Lazio,Torino,2.0,1.0,H,1.0,0.0,H,12.0,15.0,7.0,4.0,3.0,6.0,13.0,9.0,2.0,1.0,0.0,0.0,1.75,3.5,4.75
1415,26/10/14,Milan,Fiorentina,1.0,1.0,D,1.0,0.0,H,15.0,12.0,2.0,2.0,5.0,4.0,13.0,13.0,2.0,2.0,0.0,0.0,2.05,3.4,3.6
1415,26/10/14,Napoli,Verona,6.0,2.0,H,1.0,1.0,D,26.0,8.0,16.0,6.0,14.0,3.0,11.0,7.0,1.0,1.0,0.0,0.0,1.4,4.5,8.0
1415,26/10/14,Udinese,Atalanta,2.0,0.0,H,2.0,0.0,H,15.0,14.0,4.0,3.0,5.0,7.0,16.0,15.0,2.0,1.0,0.0,0.0,1.91,3.4,4.0
1415,28/10/14,Sassuolo,Empoli,3.0,1.0,H,0.0,1.0,A,23.0,16.0,6.0,6.0,6.0,3.0,9.0,12.0,2.0,3.0,0.0,0.0,2.2,3.25,3.3
1415,29/10/14,Atalanta,Napoli,1.0,1.0,D,0.0,0.0,D,7.0,18.0,2.0,6.0,4.0,5.0,18.0,12.0,3.0,2.0,1.0,0.0,4.0,3.4,1.91
1415,29/10/14,Cagliari,Milan,1.0,1.0,D,1.0,1.0,D,16.0,13.0,5.0,3.0,6.0,4.0,13.0,13.0,3.0,2.0,0.0,0.0,3.4,3.4,2.1
1415,29/10/14,Fiorentina,Udinese,3.0,0.0,H,1.0,0.0,H,27.0,5.0,9.0,1.0,4.0,2.0,15.0,14.0,2.0,3.0,0.0,0.0,1.65,3.6,5.5
1415,29/10/14,Genoa,Juventus,1.0,0.0,H,0.0,0.0,D,4.0,16.0,3.0,4.0,1.0,13.0,22.0,17.0,2.0,4.0,0.0,0.0,7.0,4.0,1.5
1415,29/10/14,Inter,Sampdoria,1.0,0.0,H,0.0,0.0,D,17.0,10.0,5.0,4.0,4.0,4.0,11.0,19.0,2.0,2.0,0.0,0.0,1.8,3.6,4.33
1415,29/10/14,Palermo,Chievo,1.0,0.0,H,0.0,0.0,D,16.0,15.0,6.0,3.0,4.0,3.0,15.0,17.0,2.0,1.0,0.0,0.0,1.91,3.4,4.0
1415,29/10/14,Roma,Cesena,2.0,0.0,H,1.0,0.0,H,16.0,4.0,6.0,1.0,7.0,3.0,11.0,13.0,1.0,1.0,0.0,0.0,1.18,6.5,15.0
1415,29/10/14,Torino,Parma,1.0,0.0,H,1.0,0.0,H,15.0,10.0,5.0,2.0,4.0,7.0,11.0,17.0,1.0,3.0,0.0,1.0,1.83,3.4,4.33
1415,30/10/14,Verona,Lazio,1.0,1.0,D,0.0,1.0,A,11.0,10.0,3.0,3.0,2.0,3.0,13.0,14.0,2.0,2.0,0.0,1.0,3.2,3.3,2.25
1415,01/11/14,Empoli,Juventus,0.0,2.0,A,0.0,0.0,D,12.0,18.0,4.0,7.0,6.0,6.0,15.0,16.0,2.0,1.0,1.0,0.0,7.5,4.2,1.44
1415,01/11/14,Napoli,Roma,2.0,0.0,H,1.0,0.0,H,15.0,8.0,6.0,2.0,6.0,5.0,13.0,11.0,2.0,3.0,0.0,0.0,2.4,3.3,2.9
1415,01/11/14,Parma,Inter,2.0,0.0,H,1.0,0.0,H,11.0,14.0,4.0,1.0,5.0,2.0,18.0,19.0,3.0,1.0,0.0,0.0,3.4,3.4,2.1
1415,02/11/14,Chievo,Sassuolo,0.0,0.0,D,0.0,0.0,D,12.0,9.0,1.0,3.0,5.0,5.0,20.0,16.0,1.0,6.0,0.0,0.0,2.4,3.2,3.0
1415,02/11/14,Milan,Palermo,0.0,2.0,A,0.0,2.0,A,14.0,13.0,3.0,7.0,4.0,4.0,10.0,15.0,3.0,3.0,0.0,0.0,1.5,4.0,7.0
1415,02/11/14,Sampdoria,Fiorentina,3.0,1.0,H,2.0,1.0,H,12.0,16.0,6.0,5.0,3.0,10.0,17.0,26.0,3.0,4.0,0.0,0.0,3.0,3.2,2.4
1415,02/11/14,Torino,Atalanta,0.0,0.0,D,0.0,0.0,D,20.0,7.0,2.0,1.0,10.0,6.0,12.0,23.0,0.0,5.0,0.0,0.0,1.85,3.5,4.2
1415,02/11/14,Udinese,Genoa,2.0,4.0,A,2.0,2.0,D,15.0,13.0,2.0,6.0,7.0,5.0,10.0,14.0,2.0,3.0,0.0,0.0,2.05,3.3,3.6
1415,03/11/14,Cesena,Verona,1.0,1.0,D,1.0,0.0,H,8.0,11.0,4.0,2.0,4.0,4.0,14.0,19.0,1.0,4.0,0.0,0.0,2.88,3.2,2.5
1415,03/11/14,Lazio,Cagliari,4.0,2.0,H,3.0,0.0,H,11.0,9.0,5.0,4.0,4.0,7.0,24.0,15.0,2.0,3.0,0.0,1.0,1.53,3.8,6.5
1415,08/11/14,Sampdoria,Milan,2.0,2.0,D,1.0,1.0,D,19.0,10.0,8.0,3.0,5.0,5.0,13.0,23.0,1.0,3.0,0.0,1.0,2.6,3.2,2.7
1415,08/11/14,Sassuolo,Atalanta,0.0,0.0,D,0.0,0.0,D,14.0,10.0,5.0,0.0,8.0,4.0,19.0,22.0,3.0,1.0,0.0,0.0,2.1,3.4,3.4
1415,09/11/14,Cagliari,Genoa,1.0,1.0,D,1.0,0.0,H,13.0,9.0,5.0,5.0,6.0,2.0,19.0,24.0,5.0,4.0,0.0,1.0,2.2,3.4,3.2
1415,09/11/14,Chievo,Cesena,2.0,1.0,H,0.0,0.0,D,19.0,9.0,6.0,3.0,5.0,2.0,16.0,18.0,4.0,4.0,0.0,0.0,1.85,3.4,4.33
1415,09/11/14,Empoli,Lazio,2.0,1.0,H,0.0,0.0,D,7.0,7.0,2.0,1.0,3.0,4.0,13.0,24.0,1.0,2.0,0.0,0.0,3.75,3.25,2.05
1415,09/11/14,Fiorentina,Napoli,0.0,1.0,A,0.0,0.0,D,14.0,19.0,2.0,5.0,7.0,5.0,9.0,13.0,3.0,3.0,0.0,0.0,2.5,3.3,2.75
1415,09/11/14,Inter,Verona,2.0,2.0,D,1.0,1.0,D,18.0,17.0,4.0,5.0,5.0,8.0,9.0,13.0,0.0,2.0,1.0,0.0,1.45,4.5,6.5
1415,09/11/14,Juventus,Parma,7.0,0.0,H,3.0,0.0,H,22.0,4.0,11.0,1.0,5.0,0.0,3.0,11.0,0.0,1.0,0.0,0.0,1.2,6.0,15.0
1415,09/11/14,Palermo,Udinese,1.0,1.0,D,1.0,1.0,D,20.0,12.0,4.0,6.0,7.0,5.0,14.0,22.0,1.0,5.0,0.0,0.0,2.15,3.3,3.4
1415,09/11/14,Roma,Torino,3.0,0.0,H,2.0,0.0,H,14.0,12.0,8.0,4.0,2.0,5.0,12.0,11.0,1.0,2.0,0.0,0.0,1.44,4.33,7.0
1415,22/11/14,Atalanta,Roma,1.0,2.0,A,1.0,2.0,A,9.0,6.0,1.0,2.0,3.0,3.0,27.0,16.0,2.0,5.0,1.0,0.0,4.5,3.4,1.83
1415,22/11/14,Lazio,Juventus,0.0,3.0,A,0.0,1.0,A,14.0,10.0,4.0,4.0,6.0,4.0,23.0,13.0,2.0,2.0,0.0,1.0,3.75,3.4,2.0
1415,23/11/14,Cesena,Sampdoria,1.0,1.0,D,0.0,0.0,D,8.0,19.0,3.0,6.0,4.0,4.0,21.0,14.0,2.0,0.0,0.0,0.0,4.0,3.3,1.95
1415,23/11/14,Milan,Inter,1.0,1.0,D,1.0,0.0,H,10.0,8.0,2.0,3.0,7.0,4.0,17.0,12.0,2.0,2.0,0.0,0.0,2.63,3.2,2.7
1415,23/11/14,Napoli,Cagliari,3.0,3.0,D,2.0,1.0,H,14.0,11.0,6.0,8.0,6.0,4.0,17.0,9.0,1.0,2.0,0.0,0.0,1.36,4.75,8.5
1415,23/11/14,Parma,Empoli,0.0,2.0,A,0.0,1.0,A,10.0,6.0,2.0,5.0,6.0,10.0,19.0,17.0,4.0,1.0,0.0,0.0,2.15,3.4,3.3
1415,23/11/14,Torino,Sassuolo,0.0,1.0,A,0.0,0.0,D,12.0,14.0,5.0,6.0,6.0,4.0,16.0,13.0,2.0,3.0,0.0,0.0,1.83,3.5,4.33
1415,23/11/14,Udinese,Chievo,1.0,1.0,D,1.0,0.0,H,9.0,14.0,3.0,5.0,3.0,5.0,8.0,11.0,3.0,2.0,0.0,0.0,1.85,3.4,4.33
1415,23/11/14,Verona,Fiorentina,1.0,2.0,A,1.0,1.0,D,10.0,14.0,3.0,6.0,6.0,10.0,17.0,18.0,2.0,4.0,0.0,0.0,3.4,3.4,2.1
1415,24/11/14,Genoa,Palermo,1.0,1.0,D,1.0,1.0,D,15.0,11.0,2.0,5.0,3.0,3.0,10.0,11.0,2.0,0.0,0.0,0.0,2.15,3.3,3.4
1415,29/11/14,Chievo,Lazio,0.0,0.0,D,0.0,0.0,D,8.0,12.0,2.0,4.0,1.0,13.0,9.0,8.0,1.0,0.0,0.0,0.0,3.75,3.3,2.1
1415,29/11/14,Sassuolo,Verona,2.0,1.0,H,0.0,1.0,A,17.0,11.0,4.0,1.0,9.0,5.0,18.0,18.0,4.0,3.0,0.0,0.0,2.0,3.5,3.6
1415,30/11/14,Cagliari,Fiorentina,0.0,4.0,A,0.0,1.0,A,14.0,17.0,5.0,7.0,6.0,6.0,17.0,22.0,2.0,2.0,0.0,0.0,3.8,3.5,2.0
1415,30/11/14,Cesena,Genoa,0.0,3.0,A,0.0,3.0,A,11.0,15.0,3.0,5.0,4.0,10.0,14.0,18.0,3.0,2.0,0.0,0.0,3.4,3.2,2.25
1415,30/11/14,Empoli,Atalanta,0.0,0.0,D,0.0,0.0,D,21.0,6.0,4.0,1.0,11.0,2.0,14.0,23.0,2.0,3.0,0.0,0.0,2.1,3.4,3.6
1415,30/11/14,Juventus,Torino,2.0,1.0,H,1.0,1.0,D,16.0,16.0,3.0,5.0,8.0,4.0,17.0,13.0,1.0,4.0,1.0,0.0,1.3,5.0,13.0
1415,30/11/14,Milan,Udinese,2.0,0.0,H,0.0,0.0,D,18.0,6.0,6.0,0.0,7.0,0.0,8.0,10.0,0.0,2.0,1.0,1.0,1.62,3.75,6.0
1415,30/11/14,Palermo,Parma,2.0,1.0,H,1.0,1.0,D,15.0,14.0,4.0,5.0,9.0,2.0,18.0,17.0,1.0,1.0,1.0,1.0,1.85,3.6,4.5
1415,30/11/14,Roma,Inter,4.0,2.0,H,1.0,1.0,D,18.0,10.0,6.0,4.0,7.0,4.0,11.0,14.0,1.0,3.0,0.0,0.0,1.75,3.75,4.75
1415,01/12/14,Sampdoria,Napoli,1.0,1.0,D,0.0,0.0,D,14.0,14.0,3.0,2.0,10.0,6.0,18.0,20.0,3.0,2.0,0.0,1.0,3.3,3.4,2.2
1415,05/12/14,Fiorentina,Juventus,0.0,0.0,D,0.0,0.0,D,9.0,10.0,1.0,3.0,4.0,5.0,11.0,17.0,2.0,3.0,0.0,0.0,3.8,3.4,2.05
1415,06/12/14,Roma,Sassuolo,2.0,2.0,D,0.0,2.0,A,21.0,6.0,5.0,3.0,11.0,1.0,17.0,15.0,2.0,2.0,1.0,1.0,1.33,5.25,9.0
1415,06/12/14,Torino,Palermo,2.0,2.0,D,1.0,2.0,A,20.0,7.0,6.0,3.0,6.0,1.0,10.0,16.0,1.0,3.0,0.0,0.0,1.91,3.3,4.5
1415,07/12/14,Atalanta,Cesena,3.0,2.0,H,1.0,2.0,A,20.0,8.0,6.0,3.0,4.0,3.0,23.0,27.0,3.0,5.0,0.0,0.0,1.62,3.6,6.5
1415,07/12/14,Genoa,Milan,1.0,0.0,H,1.0,0.0,H,13.0,15.0,4.0,6.0,12.0,10.0,16.0,13.0,3.0,2.0,0.0,0.0,3.1,3.25,2.4
1415,07/12/14,Inter,Udinese,1.0,2.0,A,1.0,0.0,H,16.0,16.0,2.0,6.0,9.0,4.0,11.0,8.0,2.0,1.0,0.0,0.0,1.5,4.0,7.5
1415,07/12/14,Napoli,Empoli,2.0,2.0,D,0.0,1.0,A,20.0,10.0,10.0,4.0,9.0,2.0,14.0,15.0,2.0,2.0,0.0,0.0,1.33,5.0,10.0
1415,07/12/14,Parma,Lazio,1.0,2.0,A,1.0,1.0,D,8.0,15.0,1.0,5.0,1.0,3.0,16.0,26.0,4.0,4.0,0.0,0.0,3.6,3.4,2.1
1415,08/12/14,Cagliari,Chievo,0.0,2.0,A,0.0,2.0,A,10.0,10.0,1.0,5.0,6.0,3.0,20.0,26.0,6.0,3.0,0.0,0.0,1.85,3.6,4.33
1415,08/12/14,Verona,Sampdoria,1.0,3.0,A,1.0,1.0,D,15.0,13.0,6.0,7.0,10.0,4.0,16.0,17.0,2.0,3.0,1.0,0.0,2.7,3.25,2.7
1415,13/12/14,Lazio,Atalanta,3.0,0.0,H,0.0,0.0,D,23.0,6.0,9.0,1.0,10.0,3.0,14.0,13.0,0.0,2.0,0.0,0.0,1.57,3.8,6.5
1415,13/12/14,Palermo,Sassuolo,2.0,1.0,H,1.0,0.0,H,13.0,14.0,4.0,7.0,5.0,4.0,17.0,8.0,1.0,3.0,0.0,2.0,2.05,3.5,3.6
1415,14/12/14,Cesena,Fiorentina,1.0,4.0,A,0.0,1.0,A,5.0,15.0,0.0,6.0,3.0,5.0,17.0,13.0,2.0,1.0,1.0,0.0,7.5,3.8,1.53
1415,14/12/14,Genoa,Roma,0.0,1.0,A,0.0,1.0,A,7.0,19.0,1.0,6.0,5.0,6.0,7.0,14.0,2.0,3.0,1.0,0.0,3.6,3.5,2.05
1415,14/12/14,Juventus,Sampdoria,1.0,1.0,D,1.0,0.0,H,19.0,10.0,8.0,3.0,8.0,4.0,18.0,11.0,2.0,5.0,0.0,0.0,1.36,4.75,9.0
1415,14/12/14,Milan,Napoli,2.0,0.0,H,1.0,0.0,H,11.0,14.0,3.0,7.0,3.0,5.0,12.0,17.0,3.0,2.0,0.0,0.0,2.8,3.4,2.5
1415,14/12/14,Parma,Cagliari,0.0,0.0,D,0.0,0.0,D,6.0,12.0,0.0,3.0,4.0,3.0,22.0,20.0,4.0,4.0,0.0,0.0,2.25,3.5,3.1
1415,14/12/14,Udinese,Verona,1.0,2.0,A,1.0,1.0,D,13.0,9.0,6.0,4.0,1.0,6.0,13.0,10.0,2.0,5.0,0.0,0.0,1.95,3.6,3.8
1415,15/12/14,Chievo,Inter,0.0,2.0,A,0.0,1.0,A,8.0,18.0,3.0,8.0,7.0,12.0,15.0,23.0,4.0,1.0,1.0,0.0,4.2,3.4,1.95
1415,15/12/14,Empoli,Torino,0.0,0.0,D,0.0,0.0,D,17.0,10.0,3.0,3.0,10.0,2.0,13.0,17.0,2.0,3.0,0.0,1.0,2.4,3.1,3.2
1415,18/12/14,Cagliari,Juventus,1.0,3.0,A,0.0,2.0,A,16.0,13.0,2.0,7.0,8.0,7.0,16.0,7.0,4.0,0.0,0.0,0.0,8.0,4.5,1.4
1415,18/12/14,Napoli,Parma,2.0,0.0,H,2.0,0.0,H,18.0,3.0,7.0,0.0,3.0,2.0,11.0,17.0,1.0,4.0,0.0,0.0,1.33,5.0,9.0
1415,20/12/14,Roma,Milan,0.0,0.0,D,0.0,0.0,D,16.0,9.0,5.0,7.0,10.0,2.0,17.0,21.0,4.0,2.0,0.0,1.0,1.75,3.8,4.75
1415,20/12/14,Sassuolo,Cesena,1.0,1.0,D,0.0,0.0,D,17.0,6.0,9.0,2.0,12.0,6.0,15.0,17.0,4.0,1.0,0.0,0.0,1.53,4.0,7.0
1415,21/12/14,Atalanta,Palermo,3.0,3.0,D,1.0,3.0,A,13.0,15.0,5.0,5.0,3.0,6.0,20.0,17.0,5.0,2.0,0.0,0.0,2.3,3.2,3.3
1415,21/12/14,Fiorentina,Empoli,1.0,1.0,D,1.0,0.0,H,18.0,9.0,6.0,4.0,11.0,3.0,11.0,16.0,3.0,4.0,0.0,0.0,1.45,4.2,8.0
1415,21/12/14,Inter,Lazio,2.0,2.0,D,0.0,2.0,A,16.0,5.0,6.0,2.0,9.0,0.0,7.0,14.0,1.0,4.0,0.0,0.0,2.15,3.4,3.5
1415,21/12/14,Sampdoria,Udinese,2.0,2.0,D,1.0,2.0,A,20.0,8.0,5.0,4.0,13.0,5.0,14.0,23.0,3.0,4.0,0.0,1.0,1.85,3.5,4.5
1415,21/12/14,Torino,Genoa,2.0,1.0,H,0.0,1.0,A,10.0,12.0,4.0,4.0,3.0,4.0,24.0,19.0,1.0,4.0,0.0,0.0,2.0,3.3,3.8
1415,21/12/14,Verona,Chievo,0.0,1.0,A,0.0,0.0,D,12.0,10.0,1.0,4.0,6.0,4.0,15.0,16.0,3.0,2.0,0.0,0.0,2.38,3.2,3.2
1415,05/01/15,Lazio,Sampdoria,3.0,0.0,H,2.0,0.0,H,21.0,2.0,8.0,1.0,12.0,1.0,20.0,9.0,2.0,2.0,0.0,0.0,1.85,3.4,4.33
1415,06/01/15,Cesena,Napoli,1.0,4.0,A,0.0,2.0,A,10.0,16.0,3.0,6.0,2.0,6.0,7.0,14.0,2.0,2.0,0.0,0.0,9.5,4.75,1.36
1415,06/01/15,Chievo,Torino,0.0,0.0,D,0.0,0.0,D,18.0,8.0,6.0,3.0,9.0,0.0,18.0,17.0,2.0,3.0,0.0,0.0,3.1,3.1,2.5
1415,06/01/15,Empoli,Verona,0.0,0.0,D,0.0,0.0,D,19.0,10.0,5.0,5.0,11.0,1.0,17.0,20.0,0.0,3.0,1.0,1.0,1.91,3.5,4.2
1415,06/01/15,Genoa,Atalanta,2.0,2.0,D,0.0,1.0,A,17.0,7.0,7.0,6.0,12.0,2.0,13.0,14.0,4.0,4.0,0.0,0.0,1.95,3.3,4.33
1415,06/01/15,Juventus,Inter,1.0,1.0,D,1.0,0.0,H,11.0,13.0,5.0,2.0,11.0,3.0,10.0,12.0,2.0,5.0,0.0,1.0,1.44,4.33,8.0
1415,06/01/15,Milan,Sassuolo,1.0,2.0,A,1.0,1.0,D,13.0,8.0,4.0,2.0,9.0,1.0,19.0,17.0,3.0,3.0,0.0,0.0,1.62,3.8,6.0
1415,06/01/15,Palermo,Cagliari,5.0,0.0,H,3.0,0.0,H,16.0,11.0,7.0,2.0,7.0,1.0,16.0,17.0,3.0,3.0,0.0,1.0,1.95,3.5,4.0
1415,06/01/15,Parma,Fiorentina,1.0,0.0,H,1.0,0.0,H,6.0,17.0,2.0,7.0,3.0,2.0,20.0,15.0,6.0,1.0,0.0,2.0,4.0,3.5,1.95
1415,06/01/15,Udinese,Roma,0.0,1.0,A,0.0,1.0,A,8.0,13.0,2.0,7.0,5.0,4.0,12.0,16.0,1.0,5.0,0.0,0.0,4.2,3.5,1.91
1415,10/01/15,Sassuolo,Udinese,1.0,1.0,D,1.0,1.0,D,18.0,6.0,2.0,3.0,10.0,4.0,13.0,22.0,3.0,2.0,0.0,0.0,2.05,3.2,4.0
1415,10/01/15,Torino,Milan,1.0,1.0,D,0.0,1.0,A,26.0,8.0,5.0,1.0,9.0,0.0,15.0,15.0,1.0,3.0,0.0,1.0,2.63,3.2,2.7
1415,11/01/15,Atalanta,Chievo,1.0,1.0,D,0.0,0.0,D,16.0,11.0,6.0,4.0,9.0,7.0,13.0,20.0,3.0,0.0,1.0,0.0,2.05,3.2,4.0
1415,11/01/15,Cagliari,Cesena,2.0,1.0,H,2.0,0.0,H,9.0,16.0,6.0,5.0,4.0,11.0,20.0,17.0,1.0,3.0,0.0,0.0,1.67,3.75,5.5
1415,11/01/15,Fiorentina,Palermo,4.0,3.0,H,1.0,0.0,H,22.0,7.0,8.0,5.0,7.0,3.0,10.0,12.0,4.0,2.0,0.0,0.0,1.73,3.75,4.75
1415,11/01/15,Inter,Genoa,3.0,1.0,H,2.0,0.0,H,16.0,13.0,7.0,6.0,5.0,5.0,18.0,13.0,1.0,2.0,0.0,0.0,1.62,3.8,6.0
1415,11/01/15,Napoli,Juventus,1.0,3.0,A,0.0,1.0,A,10.0,8.0,2.0,5.0,9.0,2.0,14.0,12.0,4.0,2.0,0.0,0.0,2.9,3.25,2.5
1415,11/01/15,Roma,Lazio,2.0,2.0,D,0.0,2.0,A,11.0,13.0,4.0,7.0,3.0,5.0,14.0,13.0,4.0,4.0,0.0,0.0,2.1,3.3,3.75
1415,11/01/15,Sampdoria,Empoli,1.0,0.0,H,0.0,0.0,D,17.0,7.0,6.0,2.0,8.0,2.0,19.0,15.0,1.0,2.0,0.0,0.0,1.85,3.4,4.75
1415,11/01/15,Verona,Parma,3.0,1.0,H,1.0,0.0,H,11.0,9.0,6.0,2.0,2.0,4.0,13.0,12.0,1.0,0.0,0.0,0.0,2.38,3.25,3.1
1415,17/01/15,Empoli,Inter,0.0,0.0,D,0.0,0.0,D,18.0,8.0,5.0,1.0,10.0,3.0,12.0,15.0,1.0,2.0,0.0,0.0,3.5,3.25,2.2
1415,17/01/15,Palermo,Roma,1.0,1.0,D,1.0,0.0,H,6.0,12.0,3.0,3.0,1.0,3.0,15.0,18.0,2.0,3.0,0.0,0.0,3.6,3.3,2.15
1415,18/01/15,Cesena,Torino,2.0,3.0,A,1.0,2.0,A,13.0,8.0,4.0,4.0,1.0,1.0,22.0,17.0,5.0,5.0,0.0,0.0,4.75,3.3,1.85
1415,18/01/15,Chievo,Fiorentina,1.0,2.0,A,0.0,1.0,A,18.0,21.0,7.0,6.0,4.0,10.0,17.0,13.0,2.0,1.0,0.0,0.0,4.0,3.3,2.0
1415,18/01/15,Genoa,Sassuolo,3.0,3.0,D,1.0,1.0,D,13.0,15.0,7.0,9.0,4.0,5.0,16.0,22.0,1.0,4.0,0.0,0.0,2.3,3.2,3.3
1415,18/01/15,Juventus,Verona,4.0,0.0,H,2.0,0.0,H,18.0,5.0,8.0,1.0,6.0,0.0,11.0,9.0,0.0,2.0,0.0,0.0,1.18,7.0,17.0
1415,18/01/15,Lazio,Napoli,0.0,1.0,A,0.0,1.0,A,21.0,9.0,3.0,5.0,5.0,2.0,10.0,15.0,3.0,3.0,0.0,0.0,2.5,3.2,3.0
1415,18/01/15,Milan,Atalanta,0.0,1.0,A,0.0,1.0,A,15.0,15.0,4.0,5.0,11.0,4.0,10.0,17.0,2.0,5.0,0.0,0.0,1.53,4.0,7.0
1415,18/01/15,Parma,Sampdoria,0.0,2.0,A,0.0,0.0,D,8.0,14.0,1.0,5.0,3.0,2.0,15.0,12.0,2.0,1.0,0.0,0.0,2.6,3.1,2.88
1415,18/01/15,Udinese,Cagliari,2.0,2.0,D,0.0,1.0,A,12.0,12.0,3.0,6.0,5.0,7.0,18.0,18.0,1.0,4.0,0.0,0.0,2.2,3.3,3.4
1415,24/01/15,Cagliari,Sassuolo,2.0,1.0,H,1.0,0.0,H,10.0,13.0,4.0,3.0,4.0,6.0,21.0,13.0,4.0,2.0,0.0,1.0,2.3,3.25,3.25
1415,24/01/15,Lazio,Milan,3.0,1.0,H,0.0,1.0,A,18.0,2.0,6.0,2.0,5.0,1.0,19.0,17.0,4.0,3.0,0.0,1.0,1.85,3.4,4.33
1415,25/01/15,Fiorentina,Roma,1.0,1.0,D,1.0,0.0,H,18.0,15.0,3.0,6.0,6.0,4.0,19.0,17.0,2.0,2.0,0.0,0.0,2.4,3.2,3.1
1415,25/01/15,Inter,Torino,0.0,1.0,A,0.0,0.0,D,14.0,9.0,2.0,2.0,8.0,5.0,16.0,18.0,2.0,2.0,0.0,0.0,1.8,3.5,4.75
1415,25/01/15,Juventus,Chievo,2.0,0.0,H,0.0,0.0,D,29.0,8.0,8.0,1.0,9.0,1.0,19.0,14.0,2.0,4.0,0.0,0.0,1.17,7.0,19.0
1415,25/01/15,Parma,Cesena,1.0,2.0,A,0.0,1.0,A,18.0,10.0,2.0,5.0,5.0,3.0,26.0,19.0,4.0,3.0,0.0,0.0,1.62,3.6,6.5
1415,25/01/15,Sampdoria,Palermo,1.0,1.0,D,1.0,0.0,H,14.0,16.0,6.0,6.0,11.0,8.0,20.0,17.0,3.0,3.0,0.0,1.0,2.0,3.3,4.0
1415,25/01/15,Verona,Atalanta,1.0,0.0,H,0.0,0.0,D,17.0,16.0,6.0,3.0,0.0,3.0,10.0,14.0,2.0,2.0,0.0,0.0,2.5,3.2,3.0
1415,26/01/15,Empoli,Udinese,1.0,2.0,A,1.0,1.0,D,17.0,10.0,4.0,3.0,6.0,4.0,14.0,17.0,2.0,2.0,0.0,1.0,2.0,3.3,3.8
1415,26/01/15,Napoli,Genoa,2.0,1.0,H,1.0,0.0,H,16.0,12.0,5.0,5.0,6.0,7.0,14.0,17.0,3.0,4.0,0.0,0.0,1.4,5.0,7.5
1415,31/01/15,Genoa,Fiorentina,1.0,1.0,D,1.0,0.0,H,14.0,9.0,4.0,5.0,8.0,3.0,19.0,17.0,1.0,1.0,1.0,0.0,3.4,3.4,2.15
1415,31/01/15,Roma,Empoli,1.0,1.0,D,0.0,1.0,A,20.0,7.0,3.0,1.0,7.0,3.0,18.0,10.0,3.0,2.0,1.0,1.0,1.44,4.2,8.5
1415,01/02/15,Atalanta,Cagliari,2.0,1.0,H,1.0,1.0,D,14.0,13.0,6.0,6.0,13.0,4.0,10.0,13.0,2.0,2.0,0.0,0.0,2.2,3.2,3.5
1415,01/02/15,Cesena,Lazio,2.0,1.0,H,0.0,0.0,D,13.0,10.0,4.0,6.0,2.0,5.0,15.0,14.0,1.0,3.0,0.0,0.0,7.5,3.8,1.53
1415,01/02/15,Chievo,Napoli,1.0,2.0,A,1.0,1.0,D,16.0,12.0,3.0,4.0,2.0,6.0,12.0,14.0,1.0,0.0,0.0,0.0,5.25,3.6,1.73
1415,01/02/15,Milan,Parma,3.0,1.0,H,1.0,1.0,D,17.0,13.0,9.0,5.0,1.0,6.0,19.0,23.0,2.0,3.0,0.0,0.0,1.53,4.0,7.0
1415,01/02/15,Palermo,Verona,2.0,1.0,H,1.0,1.0,D,14.0,11.0,5.0,4.0,10.0,4.0,16.0,12.0,1.0,2.0,0.0,0.0,1.8,3.5,4.75
1415,01/02/15,Sassuolo,Inter,3.0,1.0,H,2.0,0.0,H,10.0,15.0,4.0,4.0,5.0,8.0,15.0,14.0,3.0,4.0,1.0,1.0,3.1,3.3,2.38
1415,01/02/15,Torino,Sampdoria,5.0,1.0,H,2.0,0.0,H,18.0,12.0,9.0,1.0,4.0,7.0,12.0,20.0,1.0,2.0,0.0,0.0,2.05,3.1,4.2
1415,01/02/15,Udinese,Juventus,0.0,0.0,D,0.0,0.0,D,11.0,13.0,2.0,2.0,5.0,9.0,13.0,16.0,2.0,1.0,0.0,0.0,8.0,4.33,1.44
1415,07/02/15,Juventus,Milan,3.0,1.0,H,2.0,1.0,H,20.0,11.0,8.0,3.0,7.0,6.0,20.0,14.0,2.0,1.0,0.0,0.0,1.33,5.0,10.0
1415,07/02/15,Verona,Torino,1.0,3.0,A,0.0,1.0,A,17.0,13.0,5.0,5.0,8.0,4.0,15.0,16.0,1.0,3.0,0.0,0.0,3.1,3.1,2.5
1415,08/02/15,Cagliari,Roma,1.0,2.0,A,0.0,1.0,A,17.0,11.0,6.0,6.0,5.0,6.0,10.0,13.0,2.0,3.0,0.0,0.0,4.0,3.4,2.0
1415,08/02/15,Empoli,Cesena,2.0,0.0,H,1.0,0.0,H,14.0,10.0,5.0,2.0,4.0,3.0,14.0,22.0,2.0,4.0,0.0,0.0,1.53,4.0,7.0
1415,08/02/15,Fiorentina,Atalanta,3.0,2.0,H,1.0,1.0,D,18.0,12.0,8.0,4.0,7.0,7.0,11.0,19.0,1.0,1.0,0.0,0.0,1.5,4.2,7.0
1415,08/02/15,Inter,Palermo,3.0,0.0,H,1.0,0.0,H,17.0,8.0,5.0,1.0,8.0,3.0,19.0,16.0,2.0,3.0,0.0,0.0,1.8,3.5,4.75
1415,08/02/15,Napoli,Udinese,3.0,1.0,H,2.0,1.0,H,10.0,11.0,4.0,3.0,1.0,7.0,11.0,14.0,2.0,4.0,0.0,0.0,1.36,5.0,8.5
1415,08/02/15,Sampdoria,Sassuolo,1.0,1.0,D,1.0,1.0,D,10.0,19.0,5.0,4.0,4.0,5.0,29.0,20.0,4.0,5.0,0.0,0.0,1.8,3.5,4.75
1415,09/02/15,Lazio,Genoa,0.0,1.0,A,0.0,1.0,A,7.0,9.0,1.0,5.0,4.0,1.0,27.0,12.0,4.0,5.0,1.0,0.0,1.57,4.0,6.0
1415,11/02/15,Parma,Chievo,0.0,1.0,A,0.0,0.0,D,10.0,14.0,2.0,3.0,3.0,5.0,29.0,21.0,3.0,3.0,1.0,0.0,2.6,3.1,2.9
1415,14/02/15,Palermo,Napoli,3.0,1.0,H,2.0,0.0,H,7.0,8.0,4.0,3.0,1.0,7.0,18.0,18.0,3.0,2.0,0.0,0.0,4.0,3.3,2.0
1415,14/02/15,Sassuolo,Fiorentina,1.0,3.0,A,0.0,2.0,A,15.0,15.0,6.0,10.0,8.0,5.0,17.0,21.0,3.0,2.0,0.0,0.0,3.3,3.3,2.25
1415,15/02/15,Atalanta,Inter,1.0,4.0,A,1.0,2.0,A,9.0,18.0,2.0,7.0,6.0,9.0,9.0,13.0,4.0,2.0,1.0,0.0,3.4,3.25,2.25
1415,15/02/15,Cesena,Juventus,2.0,2.0,D,1.0,2.0,A,12.0,15.0,6.0,4.0,4.0,3.0,11.0,18.0,2.0,2.0,0.0,0.0,15.0,6.0,1.22
1415,15/02/15,Chievo,Sampdoria,2.0,1.0,H,2.0,0.0,H,8.0,13.0,4.0,3.0,2.0,11.0,17.0,14.0,3.0,3.0,0.0,0.0,2.63,3.1,2.75
1415,15/02/15,Genoa,Verona,5.0,2.0,H,3.0,1.0,H,11.0,12.0,6.0,6.0,4.0,5.0,26.0,30.0,2.0,4.0,0.0,0.0,1.85,3.6,4.33
1415,15/02/15,Milan,Empoli,1.0,1.0,D,1.0,0.0,H,7.0,16.0,2.0,3.0,2.0,3.0,23.0,17.0,3.0,2.0,1.0,0.0,1.75,3.6,5.0
1415,15/02/15,Roma,Parma,0.0,0.0,D,0.0,0.0,D,19.0,5.0,4.0,0.0,10.0,5.0,7.0,14.0,0.0,4.0,0.0,0.0,1.29,5.5,11.0
1415,15/02/15,Torino,Cagliari,1.0,1.0,D,1.0,1.0,D,17.0,11.0,7.0,3.0,4.0,5.0,19.0,15.0,3.0,3.0,0.0,0.0,1.73,3.6,5.0
1415,15/02/15,Udinese,Lazio,0.0,1.0,A,0.0,1.0,A,12.0,12.0,6.0,2.0,3.0,2.0,15.0,20.0,2.0,5.0,0.0,0.0,3.1,3.25,2.38
1415,20/02/15,Juventus,Atalanta,2.0,1.0,H,2.0,1.0,H,13.0,11.0,6.0,3.0,6.0,5.0,13.0,15.0,5.0,3.0,0.0,0.0,1.17,7.0,19.0
1415,22/02/15,Empoli,Chievo,3.0,0.0,H,1.0,0.0,H,15.0,10.0,5.0,3.0,9.0,3.0,11.0,14.0,0.0,2.0,0.0,0.0,2.0,3.2,4.2
1415,22/02/15,Fiorentina,Torino,1.0,1.0,D,0.0,0.0,D,23.0,11.0,4.0,5.0,8.0,1.0,19.0,12.0,1.0,4.0,0.0,0.0,1.75,3.6,5.0
1415,22/02/15,Lazio,Palermo,2.0,1.0,H,1.0,1.0,D,16.0,9.0,8.0,6.0,6.0,2.0,19.0,19.0,3.0,3.0,0.0,1.0,1.6,3.8,6.0
1415,22/02/15,Milan,Cesena,2.0,0.0,H,1.0,0.0,H,14.0,10.0,2.0,2.0,7.0,4.0,13.0,26.0,1.0,5.0,0.0,0.0,1.44,4.33,8.0
1415,22/02/15,Verona,Roma,1.0,1.0,D,1.0,1.0,D,8.0,16.0,2.0,7.0,6.0,8.0,11.0,8.0,2.0,3.0,0.0,0.0,5.0,3.6,1.75
1415,23/02/15,Cagliari,Inter,1.0,2.0,A,0.0,0.0,D,13.0,19.0,5.0,9.0,8.0,7.0,18.0,21.0,2.0,2.0,0.0,0.0,3.3,3.25,2.3
1415,23/02/15,Napoli,Sassuolo,2.0,0.0,H,0.0,0.0,D,14.0,10.0,3.0,1.0,7.0,3.0,20.0,15.0,3.0,2.0,1.0,0.0,1.5,4.0,7.5
1415,24/02/15,Sampdoria,Genoa,1.0,1.0,D,1.0,1.0,D,9.0,17.0,3.0,4.0,3.0,8.0,18.0,19.0,4.0,1.0,0.0,0.0,2.38,3.2,3.2
1415,28/02/15,Chievo,Milan,0.0,0.0,D,0.0,0.0,D,11.0,11.0,3.0,2.0,6.0,4.0,16.0,14.0,1.0,3.0,0.0,0.0,3.0,3.1,2.5
1415,01/03/15,Atalanta,Sampdoria,1.0,2.0,A,1.0,0.0,H,14.0,21.0,3.0,7.0,5.0,8.0,18.0,19.0,2.0,4.0,0.0,0.0,2.5,3.1,3.0
1415,01/03/15,Cagliari,Verona,1.0,2.0,A,0.0,1.0,A,22.0,5.0,5.0,3.0,10.0,1.0,15.0,21.0,3.0,3.0,0.0,0.0,1.95,3.5,4.0
1415,01/03/15,Cesena,Udinese,1.0,0.0,H,0.0,0.0,D,17.0,10.0,3.0,3.0,5.0,7.0,14.0,16.0,4.0,3.0,0.0,0.0,3.0,3.1,2.5
1415,01/03/15,Inter,Fiorentina,0.0,1.0,A,0.0,0.0,D,12.0,8.0,5.0,4.0,5.0,1.0,15.0,12.0,3.0,2.0,0.0,0.0,2.15,3.4,3.4
1415,01/03/15,Palermo,Empoli,0.0,0.0,D,0.0,0.0,D,17.0,15.0,3.0,3.0,9.0,3.0,14.0,16.0,3.0,3.0,0.0,0.0,2.3,3.1,3.3
1415,01/03/15,Sassuolo,Lazio,0.0,3.0,A,0.0,1.0,A,10.0,18.0,4.0,6.0,0.0,3.0,16.0,17.0,4.0,2.0,0.0,0.0,3.25,3.25,2.2
1415,01/03/15,Torino,Napoli,1.0,0.0,H,0.0,0.0,D,10.0,15.0,4.0,3.0,2.0,6.0,11.0,10.0,2.0,3.0,0.0,0.0,3.2,3.3,2.3
1415,02/03/15,Roma,Juventus,1.0,1.0,D,0.0,0.0,D,8.0,10.0,3.0,1.0,1.0,5.0,11.0,16.0,,5.0,1.0,0.0,3.3,3.3,2.25
1415,07/03/15,Milan,Verona,2.0,2.0,D,1.0,1.0,D,18.0,13.0,4.0,4.0,9.0,3.0,11.0,20.0,1.0,3.0,0.0,0.0,1.55,4.0,6.5
1415,07/03/15,Sampdoria,Cagliari,2.0,0.0,H,1.0,0.0,H,17.0,10.0,5.0,4.0,7.0,1.0,19.0,13.0,2.0,1.0,0.0,1.0,1.85,3.5,4.5
1415,08/03/15,Cesena,Palermo,0.0,0.0,D,0.0,0.0,D,3.0,7.0,2.0,1.0,5.0,3.0,17.0,15.0,1.0,2.0,0.0,0.0,3.4,3.25,2.25
1415,08/03/15,Chievo,Roma,0.0,0.0,D,0.0,0.0,D,11.0,11.0,2.0,3.0,4.0,8.0,19.0,16.0,4.0,2.0,0.0,0.0,4.75,3.4,1.85
1415,08/03/15,Empoli,Genoa,1.0,1.0,D,0.0,1.0,A,6.0,15.0,2.0,2.0,9.0,6.0,15.0,15.0,2.0,2.0,0.0,0.0,2.15,3.3,3.6
1415,08/03/15,Napoli,Inter,2.0,2.0,D,0.0,0.0,D,17.0,13.0,7.0,5.0,5.0,5.0,16.0,19.0,1.0,3.0,1.0,0.0,1.95,3.5,4.0
1415,08/03/15,Parma,Atalanta,0.0,0.0,D,0.0,0.0,D,14.0,8.0,4.0,2.0,5.0,4.0,24.0,18.0,1.0,2.0,1.0,0.0,3.75,3.2,2.15
1415,08/03/15,Udinese,Torino,3.0,2.0,H,2.0,1.0,H,12.0,14.0,3.0,7.0,3.0,4.0,14.0,16.0,3.0,2.0,0.0,0.0,2.6,3.0,2.88
1415,09/03/15,Juventus,Sassuolo,1.0,0.0,H,0.0,0.0,D,16.0,2.0,4.0,1.0,13.0,1.0,21.0,18.0,2.0,4.0,0.0,0.0,1.2,6.5,15.0
1415,09/03/15,Lazio,Fiorentina,4.0,0.0,H,1.0,0.0,H,16.0,6.0,13.0,0.0,3.0,5.0,12.0,10.0,2.0,3.0,0.0,0.0,2.0,3.3,4.0
1415,14/03/15,Cagliari,Empoli,1.0,1.0,D,1.0,0.0,H,16.0,13.0,5.0,2.0,4.0,5.0,11.0,12.0,2.0,1.0,0.0,0.0,2.4,3.3,3.0
1415,14/03/15,Palermo,Juventus,0.0,1.0,A,0.0,0.0,D,7.0,12.0,0.0,3.0,5.0,4.0,10.0,19.0,3.0,4.0,0.0,0.0,4.75,3.4,1.8
1415,15/03/15,Atalanta,Udinese,0.0,0.0,D,0.0,0.0,D,19.0,8.0,5.0,0.0,5.0,3.0,17.0,16.0,2.0,3.0,1.0,0.0,2.4,3.1,3.2
1415,15/03/15,Genoa,Chievo,0.0,2.0,A,0.0,0.0,D,19.0,15.0,3.0,6.0,3.0,5.0,17.0,18.0,4.0,3.0,0.0,0.0,1.91,3.4,4.33
1415,15/03/15,Inter,Cesena,1.0,1.0,D,0.0,1.0,A,20.0,9.0,4.0,1.0,7.0,2.0,15.0,18.0,1.0,1.0,0.0,0.0,1.36,4.75,9.5
1415,15/03/15,Sassuolo,Parma,4.0,1.0,H,2.0,1.0,H,15.0,8.0,7.0,3.0,4.0,3.0,15.0,32.0,2.0,4.0,0.0,1.0,1.62,3.75,6.25
1415,15/03/15,Verona,Napoli,2.0,0.0,H,1.0,0.0,H,12.0,16.0,5.0,7.0,5.0,6.0,16.0,10.0,5.0,5.0,1.0,0.0,4.5,3.5,1.85
1415,16/03/15,Fiorentina,Milan,2.0,1.0,H,0.0,0.0,D,18.0,6.0,5.0,2.0,8.0,8.0,11.0,15.0,3.0,4.0,0.0,0.0,1.91,3.5,4.2
1415,16/03/15,Roma,Sampdoria,0.0,2.0,A,0.0,0.0,D,17.0,8.0,9.0,2.0,12.0,3.0,11.0,17.0,2.0,3.0,1.0,0.0,1.65,3.6,6.0
1415,16/03/15,Torino,Lazio,0.0,2.0,A,0.0,0.0,D,9.0,16.0,2.0,6.0,5.0,6.0,7.0,15.0,3.0,2.0,0.0,0.0,3.1,3.1,2.5
1415,21/03/15,Chievo,Palermo,1.0,0.0,H,1.0,0.0,H,14.0,19.0,5.0,4.0,5.0,8.0,16.0,17.0,1.0,1.0,0.0,1.0,2.5,3.1,3.0
1415,21/03/15,Milan,Cagliari,3.0,1.0,H,1.0,0.0,H,14.0,11.0,7.0,1.0,10.0,5.0,15.0,13.0,1.0,4.0,0.0,0.0,1.8,3.75,4.33
1415,22/03/15,Cesena,Roma,0.0,1.0,A,0.0,1.0,A,7.0,15.0,1.0,4.0,7.0,3.0,17.0,14.0,3.0,2.0,0.0,0.0,5.25,3.75,1.67
1415,22/03/15,Empoli,Sassuolo,3.0,1.0,H,0.0,0.0,D,14.0,10.0,6.0,1.0,10.0,4.0,12.0,14.0,0.0,2.0,0.0,0.0,2.0,3.3,4.0
1415,22/03/15,Juventus,Genoa,1.0,0.0,H,1.0,0.0,H,13.0,9.0,4.0,1.0,5.0,4.0,11.0,19.0,1.0,4.0,0.0,0.0,1.33,5.0,10.0
1415,22/03/15,Lazio,Verona,2.0,0.0,H,2.0,0.0,H,21.0,2.0,6.0,0.0,12.0,1.0,10.0,9.0,0.0,1.0,0.0,0.0,1.4,4.5,9.0
1415,22/03/15,Napoli,Atalanta,1.0,1.0,D,0.0,0.0,D,20.0,9.0,9.0,3.0,8.0,5.0,17.0,16.0,4.0,4.0,0.0,1.0,1.44,4.5,7.5
1415,22/03/15,Parma,Torino,0.0,2.0,A,0.0,1.0,A,16.0,15.0,1.0,5.0,8.0,5.0,16.0,11.0,4.0,2.0,1.0,0.0,4.33,3.4,1.91
1415,22/03/15,Sampdoria,Inter,1.0,0.0,H,0.0,0.0,D,10.0,12.0,2.0,2.0,5.0,7.0,9.0,17.0,3.0,6.0,0.0,0.0,2.63,3.25,2.75
1415,22/03/15,Udinese,Fiorentina,2.0,2.0,D,1.0,0.0,H,11.0,13.0,5.0,5.0,8.0,6.0,12.0,11.0,3.0,3.0,0.0,0.0,3.3,3.3,2.25
1415,04/04/15,Atalanta,Torino,1.0,2.0,A,0.0,2.0,A,12.0,11.0,4.0,7.0,6.0,6.0,17.0,29.0,3.0,5.0,1.0,1.0,2.8,3.1,2.7
1415,04/04/15,Cagliari,Lazio,1.0,3.0,A,0.0,1.0,A,10.0,14.0,3.0,10.0,3.0,1.0,20.0,19.0,4.0,4.0,1.0,0.0,4.5,3.6,1.83
1415,04/04/15,Fiorentina,Sampdoria,2.0,0.0,H,0.0,0.0,D,20.0,9.0,5.0,0.0,6.0,3.0,7.0,12.0,2.0,1.0,0.0,0.0,1.73,3.6,5.25
1415,04/04/15,Genoa,Udinese,1.0,1.0,D,1.0,0.0,H,13.0,14.0,5.0,6.0,9.0,5.0,18.0,17.0,2.0,3.0,0.0,0.0,1.95,3.4,4.2
1415,04/04/15,Inter,Parma,1.0,1.0,D,1.0,1.0,D,18.0,13.0,6.0,2.0,5.0,2.0,10.0,12.0,2.0,0.0,0.0,0.0,1.2,6.5,15.0
1415,04/04/15,Juventus,Empoli,2.0,0.0,H,1.0,0.0,H,16.0,12.0,7.0,4.0,5.0,4.0,11.0,8.0,2.0,2.0,0.0,0.0,1.36,5.0,8.5
1415,04/04/15,Palermo,Milan,1.0,2.0,A,0.0,1.0,A,16.0,13.0,3.0,5.0,5.0,6.0,14.0,12.0,2.0,3.0,0.0,0.0,2.5,3.2,3.0
1415,04/04/15,Roma,Napoli,1.0,0.0,H,1.0,0.0,H,7.0,13.0,2.0,5.0,2.0,5.0,18.0,10.0,4.0,1.0,0.0,0.0,2.2,3.3,3.4
1415,04/04/15,Sassuolo,Chievo,1.0,0.0,H,1.0,0.0,H,7.0,14.0,2.0,3.0,4.0,9.0,17.0,11.0,3.0,2.0,1.0,0.0,2.15,3.1,3.75
1415,04/04/15,Verona,Cesena,3.0,3.0,D,2.0,0.0,H,15.0,20.0,5.0,8.0,7.0,4.0,16.0,12.0,3.0,3.0,0.0,0.0,1.91,3.5,4.2
1415,08/04/15,Parma,Udinese,1.0,0.0,H,0.0,0.0,D,17.0,7.0,7.0,0.0,2.0,4.0,8.0,16.0,2.0,1.0,0.0,0.0,4.0,3.2,2.05
1415,11/04/15,Genoa,Cagliari,2.0,0.0,H,0.0,0.0,D,19.0,14.0,6.0,6.0,7.0,8.0,16.0,21.0,2.0,3.0,0.0,0.0,1.91,3.4,4.0
1415,11/04/15,Parma,Juventus,1.0,0.0,H,0.0,0.0,D,9.0,19.0,1.0,3.0,4.0,4.0,17.0,12.0,3.0,3.0,0.0,0.0,9.0,5.0,1.33
1415,11/04/15,Verona,Inter,0.0,3.0,A,0.0,1.0,A,18.0,12.0,5.0,2.0,4.0,5.0,6.0,13.0,2.0,4.0,0.0,0.0,3.4,3.3,2.2
1415,12/04/15,Atalanta,Sassuolo,2.0,1.0,H,1.0,0.0,H,11.0,7.0,5.0,2.0,2.0,1.0,21.0,18.0,2.0,1.0,1.0,1.0,2.1,3.2,3.6
1415,12/04/15,Cesena,Chievo,0.0,1.0,A,0.0,0.0,D,16.0,16.0,1.0,5.0,3.0,5.0,19.0,16.0,2.0,1.0,0.0,0.0,2.63,3.0,2.8
1415,12/04/15,Lazio,Empoli,4.0,0.0,H,3.0,0.0,H,9.0,12.0,6.0,5.0,2.0,7.0,24.0,12.0,3.0,0.0,1.0,0.0,1.45,4.2,7.5
1415,12/04/15,Milan,Sampdoria,1.0,1.0,D,0.0,0.0,D,26.0,11.0,6.0,3.0,7.0,5.0,11.0,17.0,3.0,2.0,0.0,0.0,1.91,3.3,4.2
1415,12/04/15,Napoli,Fiorentina,3.0,0.0,H,1.0,0.0,H,11.0,6.0,6.0,0.0,4.0,4.0,22.0,16.0,3.0,1.0,0.0,0.0,2.0,3.4,3.75
1415,12/04/15,Torino,Roma,1.0,1.0,D,0.0,0.0,D,14.0,22.0,2.0,6.0,4.0,7.0,11.0,9.0,5.0,3.0,0.0,0.0,2.75,3.2,2.6
1415,12/04/15,Udinese,Palermo,1.0,3.0,A,0.0,2.0,A,11.0,11.0,1.0,5.0,7.0,3.0,16.0,15.0,3.0,0.0,0.0,0.0,2.25,3.1,3.4
1415,15/04/15,Genoa,Parma,2.0,0.0,H,1.0,0.0,H,15.0,9.0,4.0,3.0,7.0,2.0,15.0,23.0,3.0,5.0,0.0,0.0,1.62,3.8,6.0
1415,18/04/15,Juventus,Lazio,2.0,0.0,H,2.0,0.0,H,8.0,17.0,4.0,4.0,2.0,9.0,12.0,22.0,3.0,4.0,0.0,1.0,1.95,3.4,4.33
1415,18/04/15,Sampdoria,Cesena,0.0,0.0,D,0.0,0.0,D,18.0,5.0,3.0,3.0,13.0,4.0,8.0,19.0,2.0,3.0,0.0,0.0,1.57,3.8,6.5
1415,19/04/15,Cagliari,Napoli,0.0,3.0,A,0.0,2.0,A,7.0,14.0,3.0,5.0,6.0,5.0,13.0,14.0,4.0,1.0,0.0,1.0,3.8,3.6,1.95
1415,19/04/15,Chievo,Udinese,1.0,1.0,D,1.0,0.0,H,15.0,8.0,7.0,1.0,4.0,3.0,18.0,15.0,3.0,4.0,0.0,0.0,2.25,3.1,3.6
1415,19/04/15,Empoli,Parma,2.0,2.0,D,2.0,1.0,H,12.0,15.0,5.0,5.0,13.0,2.0,11.0,16.0,0.0,1.0,0.0,0.0,1.53,3.8,6.5
1415,19/04/15,Inter,Milan,0.0,0.0,D,0.0,0.0,D,17.0,7.0,3.0,3.0,9.0,3.0,16.0,10.0,4.0,2.0,0.0,0.0,2.25,3.3,3.3
1415,19/04/15,Palermo,Genoa,2.0,1.0,H,2.0,0.0,H,14.0,10.0,7.0,1.0,6.0,5.0,21.0,18.0,4.0,3.0,0.0,0.0,2.2,3.25,3.5
1415,19/04/15,Roma,Atalanta,1.0,1.0,D,1.0,1.0,D,17.0,5.0,7.0,3.0,11.0,1.0,15.0,19.0,4.0,5.0,0.0,0.0,1.44,4.5,7.5
1415,19/04/15,Sassuolo,Torino,1.0,1.0,D,1.0,0.0,H,9.0,21.0,1.0,8.0,4.0,6.0,16.0,16.0,2.0,3.0,0.0,0.0,3.2,3.2,2.38
1415,20/04/15,Fiorentina,Verona,0.0,1.0,A,0.0,0.0,D,21.0,12.0,3.0,4.0,11.0,7.0,16.0,21.0,2.0,5.0,0.0,0.0,1.44,4.5,7.5
1415,25/04/15,Inter,Roma,2.0,1.0,H,1.0,0.0,H,11.0,11.0,3.0,4.0,4.0,4.0,17.0,14.0,5.0,4.0,0.0,0.0,2.4,3.25,3.1
1415,25/04/15,Udinese,Milan,2.0,1.0,H,0.0,0.0,D,20.0,6.0,5.0,1.0,9.0,1.0,26.0,16.0,2.0,1.0,0.0,0.0,3.1,3.25,2.38
1415,26/04/15,Atalanta,Empoli,2.0,2.0,D,1.0,1.0,D,16.0,21.0,5.0,10.0,7.0,1.0,17.0,15.0,3.0,1.0,0.0,0.0,2.5,3.0,3.2
1415,26/04/15,Fiorentina,Cagliari,1.0,3.0,A,0.0,1.0,A,19.0,15.0,2.0,7.0,10.0,3.0,14.0,15.0,1.0,5.0,0.0,0.0,1.44,4.75,7.5
1415,26/04/15,Genoa,Cesena,3.0,1.0,H,2.0,0.0,H,19.0,13.0,5.0,4.0,11.0,7.0,13.0,18.0,2.0,3.0,0.0,1.0,1.57,4.0,6.0
1415,26/04/15,Lazio,Chievo,1.0,1.0,D,1.0,0.0,H,23.0,7.0,7.0,1.0,8.0,2.0,16.0,16.0,2.0,5.0,0.0,0.0,1.4,4.75,8.0
1415,26/04/15,Napoli,Sampdoria,4.0,2.0,H,2.0,1.0,H,27.0,9.0,11.0,2.0,8.0,4.0,11.0,13.0,1.0,2.0,0.0,0.0,1.5,4.2,7.0
1415,26/04/15,Parma,Palermo,1.0,0.0,H,1.0,0.0,H,8.0,13.0,5.0,3.0,3.0,5.0,19.0,11.0,4.0,0.0,0.0,0.0,3.3,3.3,2.25
1415,26/04/15,Torino,Juventus,2.0,1.0,H,1.0,1.0,D,11.0,19.0,3.0,5.0,3.0,2.0,17.0,16.0,3.0,1.0,0.0,0.0,4.33,3.25,1.95
1415,26/04/15,Verona,Sassuolo,3.0,2.0,H,1.0,1.0,D,15.0,18.0,9.0,7.0,6.0,4.0,10.0,17.0,3.0,2.0,1.0,0.0,2.2,3.3,3.4
1415,28/04/15,Udinese,Inter,1.0,2.0,A,0.0,0.0,D,9.0,22.0,1.0,11.0,5.0,5.0,12.0,20.0,4.0,4.0,2.0,0.0,3.3,3.3,2.25
1415,29/04/15,Cesena,Atalanta,2.0,2.0,D,0.0,0.0,D,10.0,16.0,5.0,7.0,2.0,3.0,21.0,18.0,3.0,4.0,0.0,0.0,2.88,3.1,2.63
1415,29/04/15,Chievo,Cagliari,1.0,0.0,H,1.0,0.0,H,10.0,10.0,3.0,1.0,3.0,6.0,23.0,21.0,2.0,4.0,0.0,2.0,2.1,3.5,3.5
1415,29/04/15,Juventus,Fiorentina,3.0,2.0,H,2.0,1.0,H,12.0,14.0,5.0,2.0,5.0,9.0,11.0,16.0,1.0,3.0,0.0,0.0,1.67,3.75,5.5
1415,29/04/15,Lazio,Parma,4.0,0.0,H,3.0,0.0,H,11.0,11.0,7.0,3.0,9.0,2.0,10.0,8.0,1.0,3.0,0.0,0.0,1.25,5.5,15.0
1415,29/04/15,Milan,Genoa,1.0,3.0,A,0.0,1.0,A,11.0,17.0,5.0,9.0,7.0,9.0,16.0,20.0,2.0,4.0,1.0,0.0,1.95,3.6,3.8
1415,29/04/15,Palermo,Torino,2.0,2.0,D,2.0,1.0,H,16.0,14.0,3.0,4.0,8.0,4.0,9.0,17.0,2.0,3.0,0.0,0.0,2.6,3.2,2.8
1415,29/04/15,Sampdoria,Verona,1.0,1.0,D,0.0,0.0,D,20.0,11.0,5.0,4.0,6.0,7.0,11.0,14.0,2.0,4.0,1.0,0.0,1.67,3.75,5.5
1415,29/04/15,Sassuolo,Roma,0.0,3.0,A,0.0,2.0,A,11.0,8.0,6.0,5.0,5.0,2.0,17.0,13.0,3.0,3.0,0.0,0.0,4.33,3.75,1.8
1415,30/04/15,Empoli,Napoli,4.0,2.0,H,3.0,0.0,H,10.0,14.0,4.0,5.0,6.0,4.0,13.0,17.0,3.0,2.0,0.0,0.0,4.5,3.6,1.8
1415,02/05/15,Sampdoria,Juventus,0.0,1.0,A,0.0,1.0,A,18.0,14.0,2.0,5.0,4.0,4.0,14.0,14.0,4.0,1.0,0.0,0.0,3.0,3.3,2.4
1415,02/05/15,Sassuolo,Palermo,0.0,0.0,D,0.0,0.0,D,6.0,13.0,2.0,2.0,6.0,6.0,12.0,22.0,2.0,3.0,0.0,0.0,2.7,3.25,2.7
1415,03/05/15,Atalanta,Lazio,1.0,1.0,D,0.0,0.0,D,16.0,13.0,6.0,5.0,9.0,5.0,12.0,21.0,2.0,6.0,0.0,0.0,5.0,3.75,1.73
1415,03/05/15,Fiorentina,Cesena,3.0,1.0,H,2.0,0.0,H,23.0,13.0,12.0,1.0,9.0,5.0,11.0,17.0,1.0,1.0,0.0,0.0,1.36,5.0,8.5
1415,03/05/15,Inter,Chievo,0.0,0.0,D,0.0,0.0,D,23.0,11.0,3.0,4.0,11.0,5.0,15.0,10.0,3.0,1.0,0.0,0.0,1.4,4.75,8.0
1415,03/05/15,Napoli,Milan,3.0,0.0,H,0.0,0.0,D,27.0,2.0,7.0,1.0,15.0,1.0,13.0,9.0,2.0,0.0,0.0,1.0,1.5,4.33,6.5
1415,03/05/15,Roma,Genoa,2.0,0.0,H,1.0,0.0,H,15.0,10.0,6.0,3.0,7.0,8.0,19.0,21.0,3.0,3.0,0.0,0.0,1.57,4.0,6.0
1415,03/05/15,Verona,Udinese,0.0,1.0,A,0.0,0.0,D,15.0,20.0,3.0,5.0,6.0,5.0,14.0,16.0,1.0,4.0,2.0,0.0,2.1,3.6,3.4
1415,04/05/15,Cagliari,Parma,4.0,0.0,H,3.0,0.0,H,11.0,21.0,7.0,3.0,4.0,4.0,10.0,12.0,3.0,1.0,0.0,0.0,1.67,3.8,5.25
1415,06/05/15,Torino,Empoli,0.0,1.0,A,0.0,1.0,A,19.0,20.0,5.0,6.0,5.0,6.0,14.0,13.0,3.0,1.0,0.0,0.0,1.83,3.5,4.5
1415,09/05/15,Juventus,Cagliari,1.0,1.0,D,1.0,0.0,H,13.0,15.0,4.0,6.0,8.0,3.0,15.0,7.0,1.0,1.0,0.0,0.0,1.53,4.1,6.5
1415,09/05/15,Milan,Roma,2.0,1.0,H,1.0,0.0,H,11.0,15.0,4.0,3.0,6.0,5.0,15.0,16.0,4.0,3.0,0.0,0.0,3.8,3.5,2.0
1415,10/05/15,Cesena,Sassuolo,2.0,3.0,A,2.0,0.0,H,12.0,12.0,6.0,7.0,3.0,4.0,15.0,18.0,2.0,0.0,0.0,0.0,2.55,3.4,2.75
1415,10/05/15,Chievo,Verona,2.0,2.0,D,2.0,2.0,D,18.0,14.0,3.0,3.0,11.0,3.0,15.0,15.0,3.0,5.0,0.0,0.0,2.25,3.3,3.3
1415,10/05/15,Empoli,Fiorentina,2.0,3.0,A,1.0,1.0,D,16.0,11.0,3.0,5.0,8.0,4.0,8.0,10.0,1.0,2.0,0.0,0.0,2.63,3.3,2.63
1415,10/05/15,Lazio,Inter,1.0,2.0,A,1.0,1.0,D,12.0,14.0,6.0,7.0,8.0,3.0,14.0,14.0,3.0,3.0,2.0,0.0,1.8,3.75,4.33
1415,10/05/15,Palermo,Atalanta,2.0,3.0,A,1.0,2.0,A,24.0,10.0,8.0,7.0,13.0,3.0,17.0,14.0,1.0,2.0,0.0,1.0,2.15,3.4,3.5
1415,10/05/15,Parma,Napoli,2.0,2.0,D,2.0,1.0,H,13.0,23.0,5.0,12.0,4.0,10.0,9.0,11.0,2.0,1.0,0.0,0.0,9.0,5.25,1.33
1415,10/05/15,Udinese,Sampdoria,1.0,4.0,A,0.0,1.0,A,15.0,20.0,3.0,11.0,5.0,6.0,9.0,18.0,1.0,4.0,0.0,0.0,2.6,3.2,2.75
1415,11/05/15,Genoa,Torino,5.0,1.0,H,1.0,0.0,H,13.0,9.0,8.0,4.0,5.0,2.0,13.0,15.0,2.0,4.0,0.0,0.0,2.4,3.3,3.0
1415,16/05/15,Inter,Juventus,1.0,2.0,A,1.0,1.0,D,20.0,14.0,7.0,4.0,9.0,3.0,21.0,7.0,5.0,2.0,0.0,0.0,2.25,3.3,3.3
1415,16/05/15,Sampdoria,Lazio,0.0,1.0,A,0.0,0.0,D,8.0,14.0,1.0,2.0,5.0,6.0,13.0,20.0,2.0,0.0,0.0,0.0,3.25,3.25,2.25
1415,17/05/15,Atalanta,Genoa,1.0,4.0,A,1.0,1.0,D,17.0,13.0,6.0,7.0,9.0,7.0,11.0,22.0,3.0,1.0,0.0,0.0,2.55,3.3,2.8
1415,17/05/15,Cagliari,Palermo,0.0,1.0,A,0.0,1.0,A,19.0,17.0,7.0,6.0,4.0,3.0,14.0,20.0,3.0,3.0,0.0,0.0,2.05,3.6,3.5
1415,17/05/15,Roma,Udinese,2.0,1.0,H,1.0,1.0,D,19.0,8.0,6.0,3.0,10.0,5.0,13.0,12.0,3.0,2.0,0.0,0.0,1.3,5.5,10.0
1415,17/05/15,Sassuolo,Milan,3.0,2.0,H,2.0,1.0,H,6.0,11.0,5.0,3.0,3.0,4.0,14.0,20.0,2.0,4.0,0.0,2.0,3.25,3.4,2.2
1415,17/05/15,Torino,Chievo,2.0,0.0,H,0.0,0.0,D,25.0,7.0,9.0,1.0,6.0,1.0,8.0,9.0,3.0,0.0,0.0,0.0,1.7,3.6,5.5
1415,17/05/15,Verona,Empoli,2.0,1.0,H,1.0,1.0,D,14.0,16.0,4.0,6.0,5.0,4.0,12.0,14.0,1.0,2.0,0.0,0.0,2.6,3.3,2.75
1415,18/05/15,Fiorentina,Parma,3.0,0.0,H,2.0,0.0,H,22.0,17.0,10.0,4.0,12.0,4.0,9.0,10.0,1.0,1.0,0.0,0.0,1.22,6.5,13.0
1415,18/05/15,Napoli,Cesena,3.0,2.0,H,2.0,2.0,D,15.0,7.0,4.0,4.0,6.0,1.0,9.0,17.0,2.0,2.0,0.0,0.0,1.18,7.0,17.0
1415,23/05/15,Genoa,Inter,3.0,2.0,H,2.0,2.0,D,17.0,16.0,7.0,5.0,13.0,5.0,14.0,10.0,3.0,4.0,0.0,0.0,2.55,3.5,2.7
1415,23/05/15,Juventus,Napoli,3.0,1.0,H,1.0,0.0,H,13.0,19.0,5.0,7.0,3.0,8.0,15.0,12.0,1.0,1.0,0.0,1.0,3.0,3.3,2.4
1415,24/05/15,Cesena,Cagliari,0.0,1.0,A,0.0,0.0,D,11.0,13.0,2.0,4.0,4.0,8.0,21.0,15.0,3.0,0.0,0.0,0.0,2.55,3.5,2.7
1415,24/05/15,Chievo,Atalanta,1.0,1.0,D,0.0,0.0,D,14.0,11.0,8.0,3.0,6.0,5.0,17.0,13.0,1.0,0.0,0.0,0.0,2.1,3.4,3.5
1415,24/05/15,Empoli,Sampdoria,1.0,1.0,D,0.0,0.0,D,18.0,11.0,4.0,5.0,4.0,5.0,12.0,13.0,3.0,3.0,0.0,0.0,2.4,3.4,2.9
1415,24/05/15,Milan,Torino,3.0,0.0,H,1.0,0.0,H,15.0,14.0,5.0,3.0,5.0,5.0,9.0,18.0,4.0,2.0,1.0,1.0,2.5,3.3,2.88
1415,24/05/15,Palermo,Fiorentina,2.0,3.0,A,1.0,2.0,A,9.0,10.0,5.0,4.0,7.0,8.0,16.0,17.0,2.0,3.0,0.0,1.0,3.4,3.5,2.15
1415,24/05/15,Parma,Verona,2.0,2.0,D,2.0,1.0,H,10.0,8.0,7.0,4.0,6.0,3.0,11.0,11.0,1.0,2.0,0.0,0.0,2.63,3.5,2.63
1415,24/05/15,Udinese,Sassuolo,0.0,1.0,A,0.0,0.0,D,15.0,12.0,3.0,3.0,11.0,4.0,13.0,12.0,1.0,1.0,1.0,0.0,2.05,3.5,3.6
1415,25/05/15,Lazio,Roma,1.0,2.0,A,0.0,0.0,D,16.0,6.0,3.0,2.0,4.0,8.0,16.0,12.0,4.0,4.0,0.0,0.0,2.4,3.3,3.0
1415,30/05/15,Atalanta,Milan,1.0,3.0,A,1.0,2.0,A,16.0,9.0,1.0,5.0,5.0,6.0,19.0,19.0,3.0,0.0,0.0,0.0,2.75,3.5,2.5
1415,30/05/15,Verona,Juventus,2.0,2.0,D,0.0,1.0,A,15.0,16.0,4.0,4.0,6.0,4.0,17.0,10.0,3.0,1.0,0.0,1.0,5.0,3.75,1.7
1415,31/05/15,Cagliari,Udinese,4.0,3.0,H,2.0,1.0,H,14.0,11.0,5.0,6.0,4.0,5.0,11.0,13.0,1.0,4.0,0.0,0.0,2.25,3.5,3.1
1415,31/05/15,Fiorentina,Chievo,3.0,0.0,H,1.0,0.0,H,26.0,13.0,13.0,2.0,3.0,3.0,10.0,9.0,2.0,1.0,0.0,1.0,1.4,5.0,7.5
1415,31/05/15,Inter,Empoli,4.0,3.0,H,0.0,0.0,D,32.0,11.0,9.0,5.0,6.0,0.0,13.0,13.0,1.0,2.0,0.0,0.0,1.53,4.33,6.0
1415,31/05/15,Napoli,Lazio,2.0,4.0,A,0.0,2.0,A,17.0,7.0,7.0,5.0,4.0,2.0,16.0,15.0,0.0,4.0,1.0,1.0,2.1,3.5,3.5
1415,31/05/15,Roma,Palermo,1.0,2.0,A,0.0,1.0,A,7.0,12.0,2.0,3.0,2.0,5.0,13.0,13.0,2.0,3.0,0.0,0.0,1.4,5.0,7.5
1415,31/05/15,Sampdoria,Parma,2.0,2.0,D,0.0,0.0,D,17.0,10.0,7.0,3.0,7.0,4.0,12.0,13.0,0.0,1.0,0.0,0.0,1.36,5.25,8.0
1415,31/05/15,Sassuolo,Genoa,3.0,1.0,H,3.0,1.0,H,16.0,17.0,6.0,7.0,5.0,7.0,12.0,22.0,3.0,4.0,0.0,1.0,2.9,3.5,2.4
1415,31/05/15,Torino,Cesena,5.0,0.0,H,3.0,0.0,H,18.0,7.0,9.0,1.0,5.0,1.0,6.0,10.0,0.0,2.0,0.0,0.0,1.36,5.0,8.5
1516,22/08/15,Lazio,Bologna,2.0,1.0,H,2.0,1.0,H,21.0,9.0,9.0,4.0,10.0,3.0,18.0,8.0,2.0,1.0,0.0,0.0,1.5,4.2,7.0
1516,22/08/15,Verona,Roma,1.0,1.0,D,0.0,0.0,D,12.0,21.0,7.0,8.0,3.0,7.0,9.0,11.0,2.0,1.0,0.0,0.0,5.5,3.75,1.67
1516,23/08/15,Empoli,Chievo,1.0,3.0,A,1.0,0.0,H,15.0,12.0,5.0,3.0,8.0,5.0,15.0,19.0,1.0,2.0,0.0,0.0,2.15,3.25,3.6
1516,23/08/15,Fiorentina,Milan,2.0,0.0,H,1.0,0.0,H,13.0,8.0,7.0,0.0,4.0,5.0,18.0,16.0,3.0,2.0,0.0,1.0,2.15,3.4,3.5
1516,23/08/15,Frosinone,Torino,1.0,2.0,A,1.0,0.0,H,13.0,26.0,3.0,7.0,3.0,12.0,10.0,11.0,2.0,2.0,0.0,0.0,3.5,3.25,2.2
1516,23/08/15,Inter,Atalanta,1.0,0.0,H,0.0,0.0,D,21.0,4.0,7.0,0.0,9.0,1.0,14.0,12.0,2.0,2.0,0.0,1.0,1.45,4.33,7.5
1516,23/08/15,Juventus,Udinese,0.0,1.0,A,0.0,0.0,D,21.0,6.0,5.0,2.0,10.0,2.0,14.0,22.0,1.0,3.0,0.0,0.0,1.29,5.5,11.0
1516,23/08/15,Palermo,Genoa,1.0,0.0,H,0.0,0.0,D,19.0,11.0,6.0,3.0,5.0,6.0,10.0,13.0,1.0,1.0,0.0,0.0,2.2,3.4,3.3
1516,23/08/15,Sampdoria,Carpi,5.0,2.0,H,5.0,1.0,H,10.0,24.0,7.0,7.0,4.0,8.0,15.0,16.0,1.0,3.0,1.0,0.0,1.8,3.5,4.75
1516,23/08/15,Sassuolo,Napoli,2.0,1.0,H,1.0,1.0,D,16.0,15.0,6.0,3.0,5.0,1.0,13.0,21.0,4.0,2.0,0.0,0.0,4.33,3.75,1.8
1516,29/08/15,Bologna,Sassuolo,0.0,1.0,A,0.0,0.0,D,6.0,9.0,2.0,2.0,11.0,5.0,15.0,13.0,3.0,1.0,0.0,0.0,2.25,3.3,3.3
1516,29/08/15,Milan,Empoli,2.0,1.0,H,1.0,1.0,D,6.0,18.0,4.0,3.0,6.0,5.0,20.0,16.0,0.0,2.0,0.0,0.0,1.5,4.2,7.0
1516,30/08/15,Atalanta,Frosinone,2.0,0.0,H,1.0,0.0,H,25.0,14.0,11.0,4.0,9.0,2.0,9.0,13.0,1.0,4.0,0.0,0.0,1.75,3.5,5.25
1516,30/08/15,Carpi,Inter,1.0,2.0,A,0.0,1.0,A,10.0,12.0,5.0,5.0,2.0,6.0,11.0,17.0,3.0,4.0,0.0,0.0,4.5,3.5,1.85
1516,30/08/15,Chievo,Lazio,4.0,0.0,H,3.0,0.0,H,8.0,13.0,5.0,2.0,2.0,8.0,11.0,14.0,0.0,1.0,0.0,0.0,3.4,3.3,2.2
1516,30/08/15,Genoa,Verona,2.0,0.0,H,0.0,0.0,D,20.0,12.0,6.0,2.0,4.0,4.0,19.0,13.0,2.0,2.0,0.0,0.0,2.0,3.5,3.8
1516,30/08/15,Napoli,Sampdoria,2.0,2.0,D,2.0,0.0,H,27.0,9.0,7.0,4.0,4.0,1.0,9.0,8.0,0.0,2.0,0.0,0.0,1.44,4.5,7.5
1516,30/08/15,Roma,Juventus,2.0,1.0,H,0.0,0.0,D,18.0,10.0,7.0,2.0,6.0,6.0,15.0,16.0,3.0,2.0,0.0,2.0,2.6,3.2,2.8
1516,30/08/15,Torino,Fiorentina,3.0,1.0,H,0.0,1.0,A,10.0,9.0,6.0,5.0,4.0,2.0,15.0,10.0,2.0,3.0,0.0,0.0,2.5,3.2,3.0
1516,30/08/15,Udinese,Palermo,0.0,1.0,A,0.0,1.0,A,25.0,5.0,7.0,1.0,10.0,0.0,16.0,15.0,4.0,2.0,0.0,1.0,2.15,3.3,3.6
1516,12/09/15,Fiorentina,Genoa,1.0,0.0,H,0.0,0.0,D,11.0,12.0,3.0,1.0,4.0,2.0,19.0,21.0,2.0,4.0,1.0,0.0,1.67,3.75,5.5
1516,12/09/15,Frosinone,Roma,0.0,2.0,A,0.0,1.0,A,18.0,20.0,5.0,3.0,3.0,8.0,16.0,15.0,4.0,3.0,0.0,0.0,9.5,4.75,1.36
1516,12/09/15,Juventus,Chievo,1.0,1.0,D,0.0,1.0,A,26.0,6.0,7.0,3.0,5.0,3.0,21.0,20.0,3.0,5.0,0.0,0.0,1.4,4.5,9.0
1516,13/09/15,Empoli,Napoli,2.0,2.0,D,2.0,1.0,H,16.0,17.0,3.0,4.0,5.0,5.0,12.0,14.0,2.0,4.0,0.0,0.0,5.0,3.6,1.75
1516,13/09/15,Inter,Milan,1.0,0.0,H,0.0,0.0,D,16.0,19.0,4.0,3.0,6.0,7.0,19.0,16.0,2.0,3.0,0.0,0.0,2.2,3.3,3.4
1516,13/09/15,Lazio,Udinese,2.0,0.0,H,0.0,0.0,D,14.0,10.0,8.0,4.0,6.0,4.0,17.0,13.0,0.0,1.0,0.0,0.0,1.62,3.75,6.0
1516,13/09/15,Palermo,Carpi,2.0,2.0,D,1.0,1.0,D,13.0,9.0,6.0,2.0,3.0,3.0,16.0,18.0,3.0,3.0,0.0,0.0,1.53,4.0,7.0
1516,13/09/15,Sassuolo,Atalanta,2.0,2.0,D,2.0,2.0,D,10.0,10.0,9.0,4.0,4.0,2.0,21.0,19.0,3.0,4.0,1.0,1.0,2.2,3.3,3.4
1516,13/09/15,Verona,Torino,2.0,2.0,D,0.0,0.0,D,12.0,10.0,3.0,5.0,3.0,3.0,17.0,20.0,5.0,2.0,0.0,0.0,3.2,3.3,2.3
1516,14/09/15,Sampdoria,Bologna,2.0,0.0,H,0.0,0.0,D,12.0,9.0,4.0,2.0,2.0,5.0,11.0,16.0,1.0,3.0,0.0,1.0,1.83,3.6,4.5
1516,19/09/15,Milan,Palermo,3.0,2.0,H,2.0,1.0,H,18.0,13.0,8.0,3.0,7.0,3.0,8.0,8.0,1.0,2.0,0.0,0.0,1.73,3.75,5.0
1516,19/09/15,Udinese,Empoli,1.0,2.0,A,1.0,0.0,H,7.0,12.0,2.0,6.0,2.0,5.0,26.0,14.0,4.0,3.0,1.0,0.0,2.25,3.3,3.3
1516,20/09/15,Atalanta,Verona,1.0,1.0,D,0.0,0.0,D,14.0,9.0,2.0,3.0,8.0,2.0,21.0,19.0,3.0,3.0,0.0,1.0,2.0,3.5,3.75
1516,20/09/15,Bologna,Frosinone,1.0,0.0,H,1.0,0.0,H,12.0,20.0,2.0,6.0,6.0,5.0,19.0,17.0,4.0,5.0,0.0,0.0,1.95,3.4,4.0
1516,20/09/15,Carpi,Fiorentina,0.0,1.0,A,0.0,1.0,A,11.0,8.0,3.0,2.0,4.0,3.0,21.0,15.0,3.0,4.0,0.0,0.0,4.33,3.4,1.91
1516,20/09/15,Chievo,Inter,0.0,1.0,A,0.0,1.0,A,15.0,14.0,2.0,3.0,8.0,8.0,16.0,13.0,3.0,1.0,0.0,0.0,3.75,3.3,2.1
1516,20/09/15,Genoa,Juventus,0.0,2.0,A,0.0,1.0,A,7.0,13.0,0.0,4.0,1.0,2.0,21.0,23.0,1.0,4.0,1.0,0.0,4.5,3.5,1.83
1516,20/09/15,Napoli,Lazio,5.0,0.0,H,2.0,0.0,H,19.0,9.0,10.0,1.0,7.0,1.0,12.0,12.0,1.0,2.0,0.0,0.0,1.91,3.6,4.0
1516,20/09/15,Roma,Sassuolo,2.0,2.0,D,1.0,2.0,A,21.0,12.0,7.0,4.0,11.0,4.0,15.0,15.0,2.0,3.0,0.0,0.0,1.4,4.5,8.5
1516,20/09/15,Torino,Sampdoria,2.0,0.0,H,2.0,0.0,H,19.0,13.0,8.0,5.0,7.0,7.0,9.0,10.0,2.0,3.0,0.0,0.0,1.83,3.6,4.33
1516,22/09/15,Udinese,Milan,2.0,3.0,A,0.0,3.0,A,11.0,9.0,3.0,3.0,7.0,1.0,24.0,21.0,4.0,3.0,1.0,0.0,3.3,3.3,2.25
1516,23/09/15,Carpi,Napoli,0.0,0.0,D,0.0,0.0,D,11.0,22.0,1.0,4.0,4.0,4.0,13.0,16.0,3.0,3.0,0.0,0.0,6.5,4.0,1.55
1516,23/09/15,Chievo,Torino,1.0,0.0,H,0.0,0.0,D,10.0,4.0,5.0,1.0,0.0,4.0,12.0,13.0,3.0,3.0,0.0,0.0,2.8,3.25,2.6
1516,23/09/15,Fiorentina,Bologna,2.0,0.0,H,0.0,0.0,D,18.0,3.0,4.0,1.0,6.0,0.0,15.0,12.0,1.0,2.0,0.0,0.0,1.5,4.0,7.5
1516,23/09/15,Inter,Verona,1.0,0.0,H,0.0,0.0,D,17.0,7.0,4.0,1.0,11.0,2.0,12.0,8.0,4.0,4.0,0.0,0.0,1.33,5.0,10.0
1516,23/09/15,Juventus,Frosinone,1.0,1.0,D,0.0,0.0,D,36.0,9.0,7.0,1.0,10.0,5.0,16.0,10.0,2.0,3.0,0.0,0.0,1.17,7.0,19.0
1516,23/09/15,Lazio,Genoa,2.0,0.0,H,1.0,0.0,H,10.0,9.0,3.0,3.0,10.0,3.0,19.0,11.0,4.0,2.0,0.0,2.0,1.75,3.75,4.75
1516,23/09/15,Palermo,Sassuolo,0.0,1.0,A,0.0,1.0,A,9.0,13.0,2.0,4.0,2.0,5.0,21.0,15.0,0.0,6.0,1.0,0.0,2.15,3.4,3.4
1516,23/09/15,Sampdoria,Roma,2.0,1.0,H,0.0,0.0,D,6.0,24.0,3.0,8.0,4.0,19.0,14.0,15.0,6.0,3.0,0.0,0.0,4.5,3.6,1.83
1516,24/09/15,Empoli,Atalanta,0.0,1.0,A,0.0,1.0,A,10.0,13.0,1.0,3.0,4.0,5.0,12.0,19.0,2.0,4.0,0.0,0.0,2.15,3.3,3.5
1516,26/09/15,Napoli,Juventus,2.0,1.0,H,1.0,0.0,H,13.0,12.0,5.0,3.0,4.0,4.0,18.0,16.0,2.0,4.0,0.0,0.0,2.2,3.3,3.4
1516,26/09/15,Roma,Carpi,5.0,1.0,H,3.0,1.0,H,17.0,13.0,10.0,6.0,6.0,6.0,13.0,14.0,1.0,1.0,0.0,0.0,1.25,6.0,12.0
1516,27/09/15,Bologna,Udinese,1.0,2.0,A,1.0,0.0,H,12.0,12.0,3.0,3.0,6.0,4.0,12.0,13.0,4.0,3.0,0.0,0.0,2.4,3.1,3.2
1516,27/09/15,Genoa,Milan,1.0,0.0,H,1.0,0.0,H,11.0,12.0,2.0,3.0,7.0,4.0,24.0,29.0,4.0,4.0,0.0,1.0,3.3,3.2,2.3
1516,27/09/15,Inter,Fiorentina,1.0,4.0,A,0.0,3.0,A,5.0,12.0,2.0,8.0,2.0,3.0,10.0,15.0,4.0,2.0,1.0,0.0,1.8,3.6,4.5
1516,27/09/15,Sassuolo,Chievo,1.0,1.0,D,1.0,1.0,D,13.0,12.0,5.0,2.0,4.0,2.0,16.0,22.0,3.0,1.0,0.0,0.0,2.2,3.2,3.5
1516,27/09/15,Torino,Palermo,2.0,1.0,H,1.0,0.0,H,10.0,11.0,3.0,3.0,5.0,1.0,15.0,20.0,2.0,5.0,2.0,0.0,1.75,3.6,5.0
1516,27/09/15,Verona,Lazio,1.0,2.0,A,1.0,0.0,H,6.0,13.0,1.0,3.0,3.0,10.0,18.0,13.0,2.0,2.0,0.0,1.0,3.75,3.4,2.05
1516,28/09/15,Atalanta,Sampdoria,2.0,1.0,H,1.0,0.0,H,18.0,8.0,5.0,4.0,5.0,4.0,22.0,15.0,3.0,3.0,0.0,0.0,2.1,3.4,3.6
1516,28/09/15,Frosinone,Empoli,2.0,0.0,H,0.0,0.0,D,10.0,13.0,4.0,5.0,4.0,5.0,28.0,18.0,3.0,4.0,0.0,1.0,3.0,3.3,2.4
1516,03/10/15,Carpi,Torino,2.0,1.0,H,0.0,0.0,D,7.0,13.0,3.0,3.0,2.0,5.0,10.0,19.0,2.0,1.0,0.0,0.0,3.5,3.2,2.2
1516,03/10/15,Chievo,Verona,1.0,1.0,D,0.0,0.0,D,17.0,10.0,7.0,3.0,5.0,5.0,22.0,12.0,3.0,0.0,0.0,0.0,2.1,3.3,3.75
1516,04/10/15,Empoli,Sassuolo,1.0,0.0,H,0.0,0.0,D,18.0,7.0,4.0,1.0,5.0,2.0,21.0,25.0,2.0,3.0,1.0,0.0,2.4,3.2,3.1
1516,04/10/15,Fiorentina,Atalanta,3.0,0.0,H,2.0,0.0,H,29.0,5.0,9.0,1.0,8.0,4.0,12.0,15.0,0.0,2.0,0.0,1.0,1.67,3.6,5.75
1516,04/10/15,Juventus,Bologna,3.0,1.0,H,1.0,1.0,D,19.0,2.0,8.0,1.0,5.0,2.0,8.0,9.0,1.0,5.0,0.0,0.0,1.22,6.0,16.0
1516,04/10/15,Lazio,Frosinone,2.0,0.0,H,0.0,0.0,D,27.0,12.0,10.0,6.0,10.0,6.0,15.0,14.0,4.0,1.0,0.0,0.0,1.29,5.5,11.0
1516,04/10/15,Milan,Napoli,0.0,4.0,A,0.0,1.0,A,12.0,11.0,2.0,4.0,5.0,1.0,12.0,11.0,3.0,3.0,0.0,0.0,3.0,3.4,2.38
1516,04/10/15,Palermo,Roma,2.0,4.0,A,0.0,3.0,A,14.0,13.0,5.0,8.0,6.0,3.0,15.0,16.0,4.0,3.0,0.0,0.0,4.0,3.5,1.95
1516,04/10/15,Sampdoria,Inter,1.0,1.0,D,0.0,0.0,D,15.0,17.0,6.0,7.0,9.0,9.0,14.0,12.0,2.0,4.0,0.0,0.0,4.0,3.5,1.95
1516,04/10/15,Udinese,Genoa,1.0,1.0,D,0.0,0.0,D,9.0,19.0,3.0,7.0,2.0,10.0,12.0,17.0,2.0,1.0,0.0,0.0,2.5,3.1,3.1
1516,17/10/15,Roma,Empoli,3.0,1.0,H,0.0,0.0,D,9.0,13.0,5.0,6.0,6.0,4.0,17.0,9.0,1.0,1.0,0.0,0.0,1.4,4.75,8.0
1516,17/10/15,Torino,Milan,1.0,1.0,D,0.0,0.0,D,6.0,8.0,2.0,3.0,7.0,1.0,28.0,11.0,3.0,4.0,0.0,0.0,2.35,3.2,3.2
1516,18/10/15,Atalanta,Carpi,3.0,0.0,H,2.0,0.0,H,15.0,13.0,7.0,5.0,8.0,7.0,16.0,13.0,1.0,3.0,0.0,0.0,1.75,3.6,5.0
1516,18/10/15,Bologna,Palermo,0.0,1.0,A,0.0,1.0,A,17.0,9.0,6.0,4.0,6.0,6.0,8.0,15.0,1.0,4.0,0.0,0.0,2.5,3.2,3.0
1516,18/10/15,Frosinone,Sampdoria,2.0,0.0,H,0.0,0.0,D,15.0,19.0,4.0,2.0,8.0,12.0,11.0,16.0,2.0,4.0,0.0,0.0,3.1,3.2,2.4
1516,18/10/15,Genoa,Chievo,3.0,2.0,H,2.0,1.0,H,12.0,21.0,6.0,3.0,7.0,7.0,14.0,17.0,2.0,2.0,1.0,0.0,2.05,3.3,3.8
1516,18/10/15,Inter,Juventus,0.0,0.0,D,0.0,0.0,D,8.0,15.0,2.0,4.0,4.0,9.0,14.0,14.0,3.0,5.0,0.0,0.0,2.63,3.2,2.8
1516,18/10/15,Napoli,Fiorentina,2.0,1.0,H,0.0,0.0,D,13.0,10.0,6.0,3.0,4.0,5.0,11.0,18.0,3.0,4.0,0.0,0.0,1.73,3.75,5.0
1516,18/10/15,Sassuolo,Lazio,2.0,1.0,H,1.0,0.0,H,15.0,12.0,4.0,3.0,3.0,9.0,7.0,21.0,1.0,3.0,0.0,1.0,3.0,3.2,2.45
1516,18/10/15,Verona,Udinese,1.0,1.0,D,1.0,0.0,H,8.0,15.0,2.0,5.0,8.0,8.0,14.0,11.0,2.0,2.0,0.0,0.0,2.3,3.3,3.2
1516,24/10/15,Carpi,Bologna,1.0,2.0,A,1.0,0.0,H,7.0,15.0,1.0,4.0,3.0,8.0,16.0,9.0,2.0,2.0,1.0,0.0,2.1,3.2,3.8
1516,24/10/15,Empoli,Genoa,2.0,0.0,H,1.0,0.0,H,15.0,14.0,5.0,3.0,3.0,8.0,11.0,25.0,3.0,3.0,0.0,0.0,2.4,3.2,3.1
1516,24/10/15,Palermo,Inter,1.0,1.0,D,0.0,0.0,D,10.0,19.0,2.0,7.0,3.0,10.0,11.0,11.0,3.0,1.0,0.0,1.0,4.0,3.3,2.0
1516,25/10/15,Chievo,Napoli,0.0,1.0,A,0.0,0.0,D,7.0,17.0,1.0,4.0,2.0,8.0,19.0,12.0,1.0,2.0,0.0,0.0,4.5,3.6,1.83
1516,25/10/15,Fiorentina,Roma,1.0,2.0,A,0.0,2.0,A,21.0,6.0,4.0,4.0,8.0,1.0,9.0,17.0,2.0,4.0,0.0,1.0,2.5,3.4,2.8
1516,25/10/15,Juventus,Atalanta,2.0,0.0,H,1.0,0.0,H,19.0,5.0,10.0,0.0,4.0,3.0,9.0,16.0,2.0,2.0,0.0,1.0,1.33,5.0,10.0
1516,25/10/15,Lazio,Torino,3.0,0.0,H,1.0,0.0,H,10.0,7.0,3.0,3.0,0.0,7.0,13.0,23.0,2.0,3.0,0.0,0.0,1.91,3.5,4.2
1516,25/10/15,Milan,Sassuolo,2.0,1.0,H,1.0,0.0,H,21.0,4.0,3.0,2.0,7.0,2.0,21.0,13.0,1.0,3.0,0.0,1.0,1.75,3.6,5.0
1516,25/10/15,Sampdoria,Verona,4.0,1.0,H,3.0,0.0,H,10.0,11.0,6.0,1.0,2.0,8.0,18.0,11.0,2.0,2.0,0.0,0.0,2.0,3.3,4.0
1516,25/10/15,Udinese,Frosinone,1.0,0.0,H,1.0,0.0,H,19.0,12.0,7.0,2.0,6.0,3.0,13.0,23.0,4.0,2.0,0.0,0.0,1.67,3.75,5.5
1516,27/10/15,Bologna,Inter,0.0,1.0,A,0.0,0.0,D,7.0,11.0,3.0,6.0,2.0,2.0,11.0,15.0,1.0,2.0,0.0,1.0,5.0,3.5,1.75
1516,28/10/15,Atalanta,Lazio,2.0,1.0,H,0.0,1.0,A,8.0,6.0,3.0,3.0,5.0,6.0,17.0,15.0,2.0,4.0,0.0,0.0,2.9,3.3,2.38
1516,28/10/15,Frosinone,Carpi,2.0,1.0,H,0.0,0.0,D,8.0,13.0,3.0,3.0,5.0,4.0,19.0,19.0,1.0,3.0,1.0,1.0,2.2,3.4,3.2
1516,28/10/15,Milan,Chievo,1.0,0.0,H,0.0,0.0,D,24.0,4.0,4.0,3.0,10.0,3.0,10.0,15.0,0.0,2.0,0.0,0.0,1.67,3.6,5.5
1516,28/10/15,Napoli,Palermo,2.0,0.0,H,1.0,0.0,H,23.0,8.0,8.0,0.0,8.0,2.0,9.0,4.0,0.0,0.0,0.0,0.0,1.29,5.5,10.0
1516,28/10/15,Roma,Udinese,3.0,1.0,H,2.0,0.0,H,19.0,6.0,9.0,2.0,3.0,4.0,12.0,10.0,1.0,3.0,0.0,0.0,1.4,4.33,8.0
1516,28/10/15,Sassuolo,Juventus,1.0,0.0,H,1.0,0.0,H,7.0,14.0,3.0,3.0,1.0,11.0,20.0,21.0,5.0,2.0,0.0,1.0,4.75,3.6,1.75
1516,28/10/15,Torino,Genoa,3.0,3.0,D,2.0,1.0,H,17.0,10.0,6.0,4.0,4.0,2.0,10.0,19.0,2.0,1.0,0.0,0.0,2.0,3.3,3.75
1516,28/10/15,Verona,Fiorentina,0.0,2.0,A,0.0,1.0,A,2.0,9.0,0.0,2.0,5.0,2.0,17.0,11.0,5.0,2.0,0.0,0.0,4.2,3.5,1.85
1516,29/10/15,Sampdoria,Empoli,1.0,1.0,D,0.0,0.0,D,14.0,17.0,3.0,5.0,6.0,5.0,19.0,15.0,2.0,3.0,0.0,1.0,2.2,3.25,3.3
1516,31/10/15,Inter,Roma,1.0,0.0,H,1.0,0.0,H,10.0,19.0,3.0,9.0,4.0,9.0,10.0,10.0,4.0,1.0,0.0,1.0,2.9,3.3,2.5
1516,31/10/15,Juventus,Torino,2.0,1.0,H,1.0,0.0,H,17.0,10.0,6.0,5.0,7.0,3.0,17.0,14.0,2.0,5.0,0.0,0.0,1.57,3.8,6.5
1516,01/11/15,Bologna,Atalanta,3.0,0.0,H,0.0,0.0,D,10.0,8.0,5.0,2.0,0.0,4.0,23.0,14.0,5.0,3.0,0.0,0.0,2.9,3.1,2.6
1516,01/11/15,Carpi,Verona,0.0,0.0,D,0.0,0.0,D,11.0,11.0,6.0,3.0,5.0,6.0,19.0,17.0,2.0,3.0,0.0,0.0,2.3,3.25,3.25
1516,01/11/15,Fiorentina,Frosinone,4.0,1.0,H,4.0,0.0,H,31.0,6.0,9.0,1.0,8.0,1.0,11.0,11.0,0.0,1.0,0.0,0.0,1.22,6.0,15.0
1516,01/11/15,Genoa,Napoli,0.0,0.0,D,0.0,0.0,D,9.0,18.0,1.0,8.0,1.0,6.0,12.0,16.0,3.0,2.0,0.0,0.0,4.5,3.6,1.83
1516,01/11/15,Lazio,Milan,1.0,3.0,A,0.0,1.0,A,10.0,9.0,4.0,3.0,7.0,3.0,21.0,11.0,2.0,2.0,0.0,0.0,2.0,3.3,4.0
1516,01/11/15,Udinese,Sassuolo,0.0,0.0,D,0.0,0.0,D,14.0,6.0,2.0,2.0,10.0,1.0,14.0,12.0,1.0,2.0,0.0,0.0,2.25,3.3,3.3
1516,02/11/15,Chievo,Sampdoria,1.0,1.0,D,1.0,1.0,D,14.0,10.0,2.0,3.0,4.0,3.0,19.0,10.0,3.0,2.0,0.0,0.0,2.05,3.3,3.8
1516,02/11/15,Palermo,Empoli,0.0,1.0,A,0.0,0.0,D,16.0,11.0,4.0,5.0,7.0,4.0,25.0,15.0,6.0,3.0,0.0,0.0,2.25,3.2,3.4
1516,07/11/15,Milan,Atalanta,0.0,0.0,D,0.0,0.0,D,8.0,15.0,3.0,4.0,4.0,6.0,15.0,19.0,4.0,4.0,0.0,0.0,1.67,3.75,5.5
1516,07/11/15,Verona,Bologna,0.0,2.0,A,0.0,2.0,A,11.0,10.0,2.0,4.0,9.0,4.0,15.0,10.0,1.0,1.0,0.0,0.0,2.2,3.3,3.4
1516,08/11/15,Empoli,Juventus,1.0,3.0,A,1.0,2.0,A,12.0,11.0,4.0,4.0,4.0,3.0,14.0,23.0,2.0,3.0,0.0,0.0,5.25,3.5,1.75
1516,08/11/15,Frosinone,Genoa,2.0,2.0,D,2.0,1.0,H,18.0,10.0,5.0,3.0,6.0,5.0,16.0,23.0,2.0,3.0,0.0,1.0,3.4,3.3,2.2
1516,08/11/15,Napoli,Udinese,1.0,0.0,H,0.0,0.0,D,15.0,8.0,5.0,2.0,7.0,5.0,15.0,10.0,3.0,3.0,0.0,0.0,1.22,6.5,13.0
1516,08/11/15,Palermo,Chievo,1.0,0.0,H,0.0,0.0,D,14.0,13.0,3.0,3.0,10.0,8.0,11.0,15.0,4.0,3.0,0.0,0.0,2.3,3.2,3.3
1516,08/11/15,Roma,Lazio,2.0,0.0,H,1.0,0.0,H,14.0,7.0,2.0,2.0,2.0,6.0,20.0,12.0,3.0,4.0,0.0,0.0,1.91,3.5,4.2
1516,08/11/15,Sampdoria,Fiorentina,0.0,2.0,A,0.0,1.0,A,3.0,20.0,2.0,7.0,1.0,8.0,23.0,10.0,3.0,3.0,0.0,0.0,3.75,3.4,2.05
1516,08/11/15,Sassuolo,Carpi,1.0,0.0,H,1.0,0.0,H,9.0,7.0,4.0,2.0,6.0,7.0,13.0,21.0,4.0,5.0,0.0,0.0,1.73,3.6,5.25
1516,08/11/15,Torino,Inter,0.0,1.0,A,0.0,1.0,A,16.0,7.0,8.0,2.0,5.0,2.0,12.0,7.0,2.0,1.0,0.0,0.0,2.75,3.2,2.7
1516,21/11/15,Bologna,Roma,2.0,2.0,D,1.0,0.0,H,9.0,14.0,3.0,5.0,5.0,5.0,22.0,18.0,5.0,4.0,0.0,0.0,5.0,3.6,1.75
1516,21/11/15,Juventus,Milan,1.0,0.0,H,0.0,0.0,D,16.0,9.0,5.0,2.0,3.0,1.0,15.0,14.0,2.0,2.0,0.0,0.0,1.62,3.6,6.5
1516,22/11/15,Atalanta,Torino,0.0,1.0,A,0.0,0.0,D,15.0,14.0,1.0,4.0,10.0,3.0,13.0,22.0,2.0,1.0,0.0,0.0,2.6,3.2,2.88
1516,22/11/15,Carpi,Chievo,1.0,2.0,A,0.0,2.0,A,19.0,9.0,3.0,3.0,9.0,6.0,18.0,26.0,4.0,3.0,0.0,0.0,2.8,3.0,2.75
1516,22/11/15,Fiorentina,Empoli,2.0,2.0,D,0.0,2.0,A,18.0,15.0,5.0,4.0,6.0,3.0,20.0,12.0,5.0,3.0,0.0,0.0,1.5,4.2,7.0
1516,22/11/15,Genoa,Sassuolo,2.0,1.0,H,0.0,0.0,D,14.0,9.0,3.0,4.0,6.0,6.0,21.0,18.0,3.0,0.0,1.0,1.0,2.05,3.3,3.8
1516,22/11/15,Inter,Frosinone,4.0,0.0,H,1.0,0.0,H,22.0,11.0,10.0,4.0,6.0,7.0,15.0,18.0,1.0,3.0,0.0,0.0,1.2,6.5,17.0
1516,22/11/15,Lazio,Palermo,1.0,1.0,D,0.0,1.0,A,18.0,13.0,3.0,8.0,10.0,2.0,18.0,18.0,3.0,3.0,0.0,0.0,1.45,4.33,7.5
1516,22/11/15,Udinese,Sampdoria,1.0,0.0,H,1.0,0.0,H,9.0,10.0,4.0,0.0,6.0,1.0,18.0,14.0,3.0,1.0,0.0,1.0,2.15,3.3,3.6
1516,22/11/15,Verona,Napoli,0.0,2.0,A,0.0,0.0,D,3.0,22.0,3.0,10.0,3.0,6.0,8.0,9.0,3.0,2.0,0.0,0.0,8.0,4.75,1.4
1516,28/11/15,Milan,Sampdoria,4.0,1.0,H,2.0,0.0,H,23.0,10.0,10.0,2.0,4.0,2.0,18.0,14.0,1.0,2.0,0.0,0.0,1.57,4.0,6.0
1516,28/11/15,Torino,Bologna,2.0,0.0,H,0.0,0.0,D,14.0,3.0,6.0,0.0,7.0,2.0,8.0,10.0,0.0,1.0,0.0,0.0,1.62,3.8,6.0
1516,29/11/15,Chievo,Udinese,2.0,3.0,A,1.0,1.0,D,12.0,14.0,6.0,5.0,3.0,6.0,21.0,17.0,5.0,2.0,0.0,0.0,2.1,3.2,3.8
1516,29/11/15,Empoli,Lazio,1.0,0.0,H,1.0,0.0,H,5.0,16.0,1.0,5.0,3.0,8.0,15.0,18.0,4.0,0.0,0.0,0.0,2.9,3.3,2.5
1516,29/11/15,Frosinone,Verona,3.0,2.0,H,2.0,0.0,H,16.0,16.0,6.0,8.0,6.0,4.0,24.0,27.0,2.0,4.0,0.0,1.0,2.6,3.2,2.8
1516,29/11/15,Genoa,Carpi,1.0,2.0,A,1.0,0.0,H,9.0,15.0,3.0,5.0,9.0,7.0,9.0,19.0,0.0,3.0,1.0,0.0,1.62,3.8,6.0
1516,29/11/15,Palermo,Juventus,0.0,3.0,A,0.0,0.0,D,11.0,16.0,0.0,4.0,1.0,7.0,13.0,15.0,2.0,3.0,0.0,0.0,7.0,3.75,1.57
1516,29/11/15,Roma,Atalanta,0.0,2.0,A,0.0,1.0,A,17.0,4.0,3.0,3.0,9.0,3.0,23.0,22.0,1.0,2.0,1.0,2.0,1.5,4.33,6.5
1516,30/11/15,Napoli,Inter,2.0,1.0,H,1.0,0.0,H,12.0,11.0,4.0,2.0,4.0,5.0,8.0,7.0,4.0,1.0,0.0,1.0,1.67,3.75,5.5
1516,30/11/15,Sassuolo,Fiorentina,1.0,1.0,D,1.0,1.0,D,16.0,17.0,2.0,4.0,7.0,4.0,16.0,16.0,2.0,1.0,0.0,0.0,3.75,3.3,2.1
1516,04/12/15,Lazio,Juventus,0.0,2.0,A,0.0,2.0,A,11.0,7.0,3.0,1.0,6.0,1.0,18.0,15.0,5.0,3.0,0.0,0.0,3.6,3.25,2.15
1516,05/12/15,Inter,Genoa,1.0,0.0,H,0.0,0.0,D,15.0,4.0,5.0,2.0,5.0,3.0,13.0,16.0,1.0,3.0,1.0,0.0,1.62,4.0,5.5
1516,05/12/15,Torino,Roma,1.0,1.0,D,0.0,0.0,D,11.0,5.0,5.0,3.0,2.0,5.0,18.0,13.0,3.0,4.0,0.0,0.0,2.75,3.1,2.7
1516,06/12/15,Atalanta,Palermo,3.0,0.0,H,2.0,0.0,H,12.0,17.0,4.0,4.0,3.0,8.0,15.0,20.0,1.0,3.0,1.0,0.0,1.83,3.5,4.5
1516,06/12/15,Bologna,Napoli,3.0,2.0,H,2.0,0.0,H,11.0,16.0,4.0,7.0,4.0,7.0,19.0,11.0,2.0,0.0,0.0,0.0,8.0,4.33,1.44
1516,06/12/15,Carpi,Milan,0.0,0.0,D,0.0,0.0,D,11.0,20.0,3.0,7.0,2.0,12.0,15.0,22.0,0.0,2.0,0.0,0.0,5.0,3.6,1.75
1516,06/12/15,Fiorentina,Udinese,3.0,0.0,H,1.0,0.0,H,14.0,8.0,5.0,0.0,7.0,1.0,16.0,14.0,2.0,5.0,0.0,0.0,1.44,4.5,7.5
1516,06/12/15,Frosinone,Chievo,0.0,2.0,A,0.0,0.0,D,14.0,10.0,3.0,3.0,9.0,6.0,18.0,21.0,3.0,5.0,0.0,1.0,3.1,3.2,2.4
1516,06/12/15,Sampdoria,Sassuolo,1.0,3.0,A,0.0,3.0,A,8.0,16.0,2.0,10.0,11.0,6.0,19.0,18.0,2.0,3.0,0.0,0.0,2.38,3.2,3.2
1516,06/12/15,Verona,Empoli,0.0,1.0,A,0.0,0.0,D,18.0,11.0,4.0,5.0,12.0,0.0,18.0,7.0,1.0,4.0,0.0,0.0,3.0,3.1,2.5
1516,12/12/15,Genoa,Bologna,0.0,1.0,A,0.0,0.0,D,19.0,10.0,4.0,2.0,10.0,7.0,13.0,19.0,0.0,2.0,1.0,1.0,1.91,3.4,4.33
1516,12/12/15,Palermo,Frosinone,4.0,1.0,H,2.0,1.0,H,20.0,15.0,6.0,3.0,6.0,4.0,18.0,16.0,2.0,3.0,0.0,0.0,1.7,3.8,5.0
1516,12/12/15,Udinese,Inter,0.0,4.0,A,0.0,2.0,A,22.0,13.0,7.0,7.0,9.0,2.0,12.0,15.0,3.0,3.0,0.0,0.0,4.0,3.3,2.0
1516,13/12/15,Chievo,Atalanta,1.0,0.0,H,0.0,0.0,D,15.0,6.0,3.0,2.0,5.0,1.0,14.0,17.0,3.0,2.0,0.0,2.0,2.4,3.1,3.2
1516,13/12/15,Empoli,Carpi,3.0,0.0,H,0.0,0.0,D,13.0,14.0,4.0,4.0,2.0,4.0,7.0,13.0,0.0,2.0,0.0,0.0,1.67,3.75,5.5
1516,13/12/15,Juventus,Fiorentina,3.0,1.0,H,1.0,1.0,D,16.0,6.0,6.0,1.0,3.0,1.0,17.0,20.0,3.0,5.0,0.0,0.0,1.67,3.75,5.5
1516,13/12/15,Milan,Verona,1.0,1.0,D,0.0,0.0,D,17.0,11.0,6.0,2.0,9.0,7.0,11.0,16.0,3.0,6.0,1.0,0.0,1.36,4.75,9.0
1516,13/12/15,Napoli,Roma,0.0,0.0,D,0.0,0.0,D,12.0,5.0,4.0,0.0,7.0,1.0,13.0,17.0,2.0,3.0,0.0,0.0,1.57,4.33,5.5
1516,14/12/15,Lazio,Sampdoria,1.0,1.0,D,0.0,0.0,D,14.0,10.0,2.0,4.0,7.0,0.0,16.0,15.0,2.0,4.0,0.0,0.0,1.45,4.2,8.0
1516,19/12/15,Bologna,Empoli,2.0,3.0,A,2.0,2.0,D,13.0,18.0,4.0,7.0,9.0,6.0,17.0,15.0,2.0,4.0,0.0,0.0,2.5,3.1,3.1
1516,20/12/15,Atalanta,Napoli,1.0,3.0,A,0.0,0.0,D,16.0,16.0,5.0,5.0,7.0,4.0,13.0,15.0,1.0,1.0,1.0,1.0,6.0,3.8,1.62
1516,20/12/15,Carpi,Juventus,2.0,3.0,A,1.0,2.0,A,11.0,10.0,3.0,6.0,3.0,3.0,16.0,15.0,1.0,0.0,0.0,0.0,11.0,4.5,1.36
1516,20/12/15,Fiorentina,Chievo,2.0,0.0,H,2.0,0.0,H,13.0,6.0,8.0,0.0,7.0,2.0,19.0,14.0,1.0,2.0,0.0,0.0,1.44,4.33,8.0
1516,20/12/15,Frosinone,Milan,2.0,4.0,A,1.0,0.0,H,15.0,23.0,5.0,10.0,2.0,11.0,14.0,11.0,5.0,3.0,0.0,0.0,5.5,3.8,1.67
1516,20/12/15,Inter,Lazio,1.0,2.0,A,0.0,1.0,A,7.0,7.0,1.0,3.0,5.0,4.0,16.0,25.0,1.0,2.0,1.0,1.0,1.75,3.6,5.0
1516,20/12/15,Roma,Genoa,2.0,0.0,H,1.0,0.0,H,7.0,12.0,3.0,4.0,5.0,8.0,13.0,5.0,3.0,1.0,1.0,0.0,1.5,4.33,6.5
1516,20/12/15,Sampdoria,Palermo,2.0,0.0,H,0.0,0.0,D,16.0,11.0,6.0,5.0,6.0,3.0,12.0,25.0,2.0,4.0,0.0,0.0,2.15,3.3,3.5
1516,20/12/15,Torino,Udinese,0.0,1.0,A,0.0,1.0,A,10.0,12.0,1.0,6.0,7.0,7.0,22.0,16.0,2.0,1.0,0.0,1.0,1.67,3.75,5.5
1516,20/12/15,Verona,Sassuolo,1.0,1.0,D,1.0,1.0,D,10.0,16.0,6.0,5.0,6.0,8.0,15.0,14.0,2.0,1.0,0.0,0.0,2.7,3.3,2.63
1516,05/01/16,Genoa,Sampdoria,2.0,3.0,A,0.0,2.0,A,18.0,11.0,10.0,5.0,12.0,5.0,18.0,16.0,6.0,1.0,0.0,0.0,2.25,3.2,3.4
1516,06/01/16,Chievo,Roma,3.0,3.0,D,1.0,2.0,A,12.0,14.0,6.0,5.0,8.0,2.0,12.0,13.0,3.0,2.0,0.0,0.0,3.4,3.3,2.2
1516,06/01/16,Empoli,Inter,0.0,1.0,A,0.0,1.0,A,16.0,14.0,4.0,3.0,8.0,5.0,9.0,10.0,2.0,2.0,0.0,0.0,3.4,3.2,2.25
1516,06/01/16,Juventus,Verona,3.0,0.0,H,2.0,0.0,H,15.0,7.0,6.0,1.0,9.0,3.0,17.0,11.0,3.0,2.0,0.0,0.0,1.17,7.0,19.0
1516,06/01/16,Lazio,Carpi,0.0,0.0,D,0.0,0.0,D,15.0,5.0,0.0,2.0,9.0,7.0,12.0,9.0,2.0,1.0,0.0,0.0,1.4,4.75,8.0
1516,06/01/16,Milan,Bologna,0.0,1.0,A,0.0,0.0,D,17.0,7.0,4.0,3.0,10.0,0.0,16.0,12.0,6.0,5.0,0.0,0.0,1.5,4.2,7.0
1516,06/01/16,Napoli,Torino,2.0,1.0,H,2.0,1.0,H,17.0,9.0,8.0,4.0,7.0,5.0,12.0,21.0,2.0,4.0,0.0,0.0,1.36,5.0,9.0
1516,06/01/16,Palermo,Fiorentina,1.0,3.0,A,0.0,2.0,A,11.0,11.0,3.0,5.0,4.0,3.0,23.0,16.0,3.0,3.0,0.0,0.0,4.33,3.6,1.83
1516,06/01/16,Sassuolo,Frosinone,2.0,2.0,D,1.0,2.0,A,30.0,5.0,3.0,2.0,8.0,1.0,14.0,21.0,1.0,2.0,1.0,0.0,1.53,4.0,7.0
1516,06/01/16,Udinese,Atalanta,2.0,1.0,H,2.0,0.0,H,18.0,22.0,6.0,7.0,4.0,5.0,18.0,18.0,3.0,3.0,0.0,0.0,2.2,3.25,3.5
1516,09/01/16,Carpi,Udinese,2.0,1.0,H,1.0,0.0,H,13.0,10.0,6.0,5.0,6.0,5.0,17.0,10.0,1.0,1.0,0.0,0.0,3.1,3.1,2.5
1516,09/01/16,Fiorentina,Lazio,1.0,3.0,A,0.0,1.0,A,17.0,10.0,7.0,6.0,6.0,2.0,15.0,23.0,3.0,4.0,0.0,0.0,1.8,3.5,4.75
1516,09/01/16,Roma,Milan,1.0,1.0,D,1.0,0.0,H,12.0,17.0,5.0,6.0,4.0,8.0,9.0,15.0,3.0,3.0,0.0,0.0,2.0,3.5,3.8
1516,10/01/16,Atalanta,Genoa,0.0,2.0,A,0.0,0.0,D,14.0,12.0,0.0,2.0,4.0,5.0,14.0,18.0,2.0,2.0,0.0,0.0,2.38,3.1,3.3
1516,10/01/16,Bologna,Chievo,0.0,1.0,A,0.0,0.0,D,16.0,8.0,2.0,2.0,5.0,4.0,20.0,16.0,2.0,2.0,0.0,0.0,2.3,3.1,3.4
1516,10/01/16,Frosinone,Napoli,1.0,5.0,A,0.0,2.0,A,9.0,24.0,3.0,10.0,3.0,9.0,12.0,10.0,2.0,1.0,0.0,0.0,13.0,6.5,1.22
1516,10/01/16,Inter,Sassuolo,0.0,1.0,A,0.0,0.0,D,21.0,15.0,6.0,6.0,9.0,7.0,16.0,19.0,3.0,3.0,0.0,0.0,1.57,4.0,6.5
1516,10/01/16,Sampdoria,Juventus,1.0,2.0,A,0.0,1.0,A,9.0,13.0,2.0,5.0,5.0,8.0,18.0,16.0,2.0,4.0,1.0,0.0,7.5,4.0,1.5
1516,10/01/16,Torino,Empoli,0.0,1.0,A,0.0,0.0,D,19.0,11.0,6.0,4.0,7.0,1.0,21.0,22.0,3.0,6.0,0.0,0.0,1.95,3.3,4.33
1516,10/01/16,Verona,Palermo,0.0,1.0,A,0.0,1.0,A,30.0,9.0,7.0,2.0,10.0,3.0,16.0,25.0,2.0,4.0,0.0,0.0,2.2,3.3,3.4
1516,16/01/16,Atalanta,Inter,1.0,1.0,D,1.0,1.0,D,19.0,13.0,5.0,2.0,8.0,8.0,14.0,19.0,4.0,5.0,0.0,0.0,3.75,3.4,2.05
1516,16/01/16,Napoli,Sassuolo,3.0,1.0,H,2.0,1.0,H,20.0,9.0,6.0,3.0,3.0,5.0,10.0,18.0,0.0,1.0,0.0,0.0,1.29,5.75,10.0
1516,16/01/16,Torino,Frosinone,4.0,2.0,H,3.0,1.0,H,21.0,18.0,9.0,5.0,6.0,7.0,14.0,14.0,1.0,1.0,0.0,0.0,1.3,5.5,10.0
1516,17/01/16,Bologna,Lazio,2.0,2.0,D,2.0,0.0,H,8.0,9.0,3.0,3.0,2.0,7.0,16.0,17.0,1.0,2.0,1.0,0.0,3.75,3.3,2.1
1516,17/01/16,Carpi,Sampdoria,2.0,1.0,H,1.0,1.0,D,9.0,12.0,5.0,4.0,2.0,4.0,23.0,15.0,1.0,1.0,1.0,0.0,2.6,3.25,2.8
1516,17/01/16,Chievo,Empoli,1.0,1.0,D,1.0,0.0,H,15.0,14.0,5.0,5.0,3.0,6.0,18.0,13.0,3.0,3.0,0.0,0.0,2.5,3.2,3.0
1516,17/01/16,Genoa,Palermo,4.0,0.0,H,1.0,0.0,H,18.0,11.0,10.0,3.0,1.0,2.0,14.0,20.0,2.0,2.0,0.0,1.0,1.8,3.5,4.75
1516,17/01/16,Milan,Fiorentina,2.0,0.0,H,1.0,0.0,H,4.0,14.0,3.0,1.0,4.0,10.0,20.0,19.0,2.0,4.0,0.0,0.0,2.4,3.2,3.1
1516,17/01/16,Roma,Verona,1.0,1.0,D,1.0,0.0,H,16.0,10.0,4.0,3.0,8.0,2.0,14.0,16.0,0.0,2.0,0.0,0.0,1.33,5.25,9.5
1516,17/01/16,Udinese,Juventus,0.0,4.0,A,0.0,4.0,A,8.0,13.0,3.0,8.0,3.0,4.0,10.0,16.0,1.0,1.0,1.0,0.0,6.5,3.75,1.57
1516,20/01/16,Sassuolo,Torino,1.0,1.0,D,1.0,1.0,D,13.0,8.0,3.0,5.0,8.0,5.0,12.0,11.0,2.0,4.0,0.0,0.0,2.5,3.1,3.1
1516,23/01/16,Empoli,Milan,2.0,2.0,D,1.0,1.0,D,15.0,10.0,6.0,5.0,2.0,3.0,12.0,22.0,2.0,4.0,0.0,0.0,3.1,3.25,2.4
1516,23/01/16,Frosinone,Atalanta,0.0,0.0,D,0.0,0.0,D,11.0,16.0,1.0,3.0,5.0,1.0,15.0,19.0,2.0,1.0,0.0,0.0,3.5,3.4,2.1
1516,24/01/16,Fiorentina,Torino,2.0,0.0,H,1.0,0.0,H,13.0,10.0,2.0,2.0,3.0,8.0,13.0,25.0,1.0,4.0,0.0,0.0,1.8,3.5,4.75
1516,24/01/16,Inter,Carpi,1.0,1.0,D,1.0,0.0,H,18.0,12.0,7.0,4.0,7.0,6.0,8.0,17.0,3.0,3.0,0.0,1.0,1.36,4.75,9.5
1516,24/01/16,Juventus,Roma,1.0,0.0,H,0.0,0.0,D,15.0,6.0,7.0,1.0,1.0,2.0,9.0,16.0,2.0,4.0,0.0,0.0,1.62,3.8,6.0
1516,24/01/16,Lazio,Chievo,4.0,1.0,H,0.0,1.0,A,24.0,7.0,7.0,5.0,8.0,5.0,13.0,8.0,2.0,0.0,1.0,1.0,1.67,3.6,5.75
1516,24/01/16,Palermo,Udinese,4.0,1.0,H,1.0,0.0,H,16.0,20.0,8.0,9.0,7.0,7.0,9.0,6.0,2.0,3.0,0.0,0.0,2.8,3.1,2.7
1516,24/01/16,Sampdoria,Napoli,2.0,4.0,A,1.0,2.0,A,8.0,23.0,4.0,9.0,7.0,3.0,14.0,12.0,1.0,1.0,1.0,0.0,6.5,4.33,1.5
1516,24/01/16,Sassuolo,Bologna,0.0,2.0,A,0.0,0.0,D,13.0,16.0,2.0,7.0,4.0,5.0,9.0,15.0,0.0,2.0,1.0,0.0,1.8,3.5,4.75
1516,24/01/16,Verona,Genoa,1.0,1.0,D,1.0,1.0,D,17.0,10.0,9.0,2.0,3.0,3.0,19.0,20.0,2.0,2.0,0.0,0.0,2.9,3.25,2.5
1516,30/01/16,Atalanta,Sassuolo,1.0,1.0,D,1.0,1.0,D,6.0,9.0,5.0,1.0,3.0,5.0,24.0,17.0,2.0,4.0,0.0,0.0,2.5,3.2,3.0
1516,30/01/16,Carpi,Palermo,1.0,1.0,D,0.0,1.0,A,13.0,5.0,1.0,1.0,7.0,4.0,22.0,13.0,2.0,3.0,0.0,0.0,2.15,3.2,3.75
1516,30/01/16,Roma,Frosinone,3.0,1.0,H,1.0,1.0,D,22.0,13.0,6.0,3.0,11.0,8.0,17.0,13.0,1.0,2.0,0.0,0.0,1.22,6.0,15.0
1516,31/01/16,Bologna,Sampdoria,3.0,2.0,H,2.0,0.0,H,7.0,14.0,5.0,6.0,3.0,4.0,13.0,14.0,3.0,5.0,0.0,0.0,2.05,3.3,3.8
1516,31/01/16,Chievo,Juventus,0.0,4.0,A,0.0,2.0,A,6.0,30.0,2.0,10.0,0.0,4.0,12.0,7.0,3.0,2.0,0.0,0.0,7.5,3.8,1.53
1516,31/01/16,Genoa,Fiorentina,0.0,0.0,D,0.0,0.0,D,11.0,11.0,2.0,3.0,7.0,6.0,13.0,15.0,2.0,3.0,0.0,0.0,3.1,3.4,2.3
1516,31/01/16,Milan,Inter,3.0,0.0,H,1.0,0.0,H,14.0,12.0,5.0,3.0,5.0,6.0,18.0,16.0,3.0,1.0,0.0,0.0,2.3,3.3,3.2
1516,31/01/16,Napoli,Empoli,5.0,1.0,H,2.0,1.0,H,20.0,7.0,6.0,2.0,4.0,3.0,11.0,15.0,3.0,3.0,0.0,0.0,1.25,6.0,12.0
1516,31/01/16,Torino,Verona,0.0,0.0,D,0.0,0.0,D,16.0,10.0,6.0,3.0,5.0,2.0,13.0,18.0,0.0,4.0,0.0,0.0,1.5,4.0,7.5
1516,31/01/16,Udinese,Lazio,0.0,0.0,D,0.0,0.0,D,11.0,17.0,1.0,1.0,5.0,5.0,8.0,19.0,2.0,4.0,1.0,1.0,3.3,3.3,2.25
1516,02/02/16,Sassuolo,Roma,0.0,2.0,A,0.0,1.0,A,17.0,13.0,6.0,5.0,8.0,7.0,12.0,15.0,1.0,2.0,0.0,1.0,3.1,3.25,2.38
1516,03/02/16,Empoli,Udinese,1.0,1.0,D,0.0,1.0,A,19.0,5.0,4.0,2.0,7.0,3.0,11.0,27.0,3.0,6.0,0.0,0.0,2.1,3.3,3.75
1516,03/02/16,Fiorentina,Carpi,2.0,1.0,H,1.0,0.0,H,11.0,7.0,5.0,2.0,10.0,3.0,11.0,22.0,5.0,3.0,0.0,0.0,1.4,4.5,9.0
1516,03/02/16,Frosinone,Bologna,1.0,0.0,H,0.0,0.0,D,20.0,15.0,7.0,3.0,7.0,4.0,16.0,15.0,2.0,4.0,0.0,1.0,3.1,3.25,2.4
1516,03/02/16,Inter,Chievo,1.0,0.0,H,0.0,0.0,D,24.0,6.0,8.0,0.0,11.0,1.0,17.0,20.0,3.0,5.0,0.0,0.0,1.57,3.8,6.5
1516,03/02/16,Juventus,Genoa,1.0,0.0,H,1.0,0.0,H,11.0,7.0,2.0,2.0,3.0,0.0,14.0,30.0,1.0,3.0,1.0,0.0,1.22,6.0,15.0
1516,03/02/16,Lazio,Napoli,0.0,2.0,A,0.0,2.0,A,8.0,10.0,0.0,5.0,4.0,3.0,17.0,13.0,4.0,2.0,0.0,0.0,4.0,3.6,1.91
1516,03/02/16,Palermo,Milan,0.0,2.0,A,0.0,2.0,A,12.0,16.0,2.0,8.0,6.0,6.0,16.0,15.0,3.0,0.0,0.0,0.0,4.0,3.6,1.91
1516,03/02/16,Sampdoria,Torino,2.0,2.0,D,0.0,0.0,D,9.0,14.0,4.0,6.0,2.0,6.0,12.0,21.0,3.0,3.0,0.0,0.0,2.75,3.2,2.7
1516,03/02/16,Verona,Atalanta,2.0,1.0,H,1.0,1.0,D,13.0,18.0,5.0,4.0,7.0,5.0,21.0,18.0,2.0,3.0,0.0,1.0,2.4,3.3,3.0
1516,06/02/16,Bologna,Fiorentina,1.0,1.0,D,0.0,0.0,D,12.0,12.0,6.0,2.0,8.0,4.0,13.0,10.0,2.0,2.0,0.0,1.0,3.6,3.4,2.1
1516,06/02/16,Genoa,Lazio,0.0,0.0,D,0.0,0.0,D,4.0,10.0,1.0,2.0,2.0,9.0,12.0,18.0,3.0,3.0,0.0,0.0,2.63,3.2,2.8
1516,07/02/16,Atalanta,Empoli,0.0,0.0,D,0.0,0.0,D,11.0,9.0,2.0,3.0,5.0,3.0,19.0,14.0,3.0,4.0,0.0,0.0,2.38,3.2,3.2
1516,07/02/16,Frosinone,Juventus,0.0,2.0,A,0.0,0.0,D,5.0,25.0,0.0,9.0,2.0,6.0,23.0,15.0,3.0,1.0,0.0,0.0,13.0,6.5,1.22
1516,07/02/16,Milan,Udinese,1.0,1.0,D,0.0,1.0,A,22.0,9.0,5.0,5.0,9.0,0.0,14.0,14.0,1.0,3.0,0.0,0.0,1.55,3.8,7.0
1516,07/02/16,Napoli,Carpi,1.0,0.0,H,0.0,0.0,D,22.0,2.0,7.0,0.0,13.0,1.0,9.0,13.0,1.0,4.0,0.0,1.0,1.14,8.0,21.0
1516,07/02/16,Roma,Sampdoria,2.0,1.0,H,1.0,0.0,H,13.0,10.0,4.0,4.0,4.0,5.0,12.0,12.0,2.0,3.0,0.0,0.0,1.44,4.33,8.0
1516,07/02/16,Sassuolo,Palermo,2.0,2.0,D,1.0,1.0,D,23.0,7.0,6.0,2.0,7.0,3.0,21.0,23.0,3.0,0.0,0.0,1.0,1.85,3.5,4.5
1516,07/02/16,Torino,Chievo,1.0,2.0,A,1.0,1.0,D,12.0,8.0,4.0,3.0,6.0,2.0,25.0,18.0,3.0,3.0,0.0,0.0,1.67,3.75,5.75
1516,07/02/16,Verona,Inter,3.0,3.0,D,2.0,1.0,H,10.0,15.0,4.0,7.0,7.0,10.0,20.0,12.0,3.0,2.0,0.0,0.0,4.33,3.75,1.83
1516,11/02/16,Lazio,Verona,5.0,2.0,H,1.0,0.0,H,18.0,8.0,7.0,4.0,9.0,3.0,8.0,8.0,1.0,0.0,0.0,0.0,1.5,4.33,6.0
1516,12/02/16,Carpi,Roma,1.0,3.0,A,0.0,0.0,D,7.0,19.0,2.0,6.0,4.0,6.0,14.0,8.0,5.0,0.0,0.0,0.0,4.33,3.6,1.83
1516,13/02/16,Chievo,Sassuolo,1.0,1.0,D,1.0,1.0,D,11.0,16.0,4.0,2.0,5.0,7.0,16.0,14.0,3.0,2.0,0.0,0.0,2.7,3.0,2.9
1516,13/02/16,Empoli,Frosinone,1.0,2.0,A,0.0,1.0,A,29.0,10.0,6.0,2.0,16.0,1.0,11.0,25.0,2.0,6.0,0.0,0.0,1.53,4.2,6.0
1516,13/02/16,Juventus,Napoli,1.0,0.0,H,0.0,0.0,D,13.0,7.0,4.0,1.0,4.0,3.0,10.0,13.0,2.0,2.0,0.0,0.0,2.05,3.3,3.8
1516,14/02/16,Fiorentina,Inter,2.0,1.0,H,0.0,1.0,A,13.0,6.0,8.0,1.0,7.0,4.0,13.0,14.0,2.0,5.0,1.0,2.0,2.25,3.2,3.4
1516,14/02/16,Milan,Genoa,2.0,1.0,H,1.0,0.0,H,14.0,7.0,6.0,2.0,5.0,3.0,14.0,15.0,1.0,1.0,0.0,0.0,1.62,3.8,6.0
1516,14/02/16,Palermo,Torino,1.0,3.0,A,1.0,2.0,A,18.0,20.0,5.0,8.0,9.0,3.0,12.0,22.0,1.0,2.0,0.0,0.0,3.2,3.2,2.38
1516,14/02/16,Sampdoria,Atalanta,0.0,0.0,D,0.0,0.0,D,10.0,9.0,2.0,2.0,7.0,6.0,10.0,15.0,2.0,4.0,0.0,0.0,2.1,3.25,3.75
1516,14/02/16,Udinese,Bologna,0.0,1.0,A,0.0,0.0,D,10.0,11.0,2.0,2.0,8.0,6.0,15.0,11.0,0.0,1.0,0.0,0.0,2.1,3.2,3.8
1516,19/02/16,Bologna,Juventus,0.0,0.0,D,0.0,0.0,D,8.0,10.0,1.0,0.0,1.0,8.0,15.0,11.0,2.0,2.0,0.0,0.0,7.5,3.6,1.57
1516,20/02/16,Inter,Sampdoria,3.0,1.0,H,1.0,0.0,H,6.0,19.0,3.0,3.0,7.0,7.0,16.0,11.0,3.0,2.0,0.0,0.0,1.55,4.0,6.5
1516,20/02/16,Verona,Chievo,3.0,1.0,H,1.0,0.0,H,20.0,14.0,8.0,2.0,8.0,3.0,13.0,21.0,1.0,3.0,1.0,1.0,2.38,3.2,3.2
1516,21/02/16,Atalanta,Fiorentina,2.0,3.0,A,0.0,0.0,D,13.0,15.0,5.0,8.0,4.0,2.0,13.0,13.0,3.0,2.0,1.0,0.0,3.75,3.3,2.1
1516,21/02/16,Frosinone,Lazio,0.0,0.0,D,0.0,0.0,D,8.0,18.0,1.0,2.0,6.0,6.0,13.0,12.0,2.0,0.0,0.0,0.0,5.5,3.6,1.7
1516,21/02/16,Genoa,Udinese,2.0,1.0,H,0.0,1.0,A,21.0,13.0,8.0,6.0,3.0,3.0,14.0,13.0,3.0,3.0,0.0,0.0,1.95,3.3,4.2
1516,21/02/16,Roma,Palermo,5.0,0.0,H,1.0,0.0,H,25.0,4.0,5.0,1.0,6.0,3.0,17.0,10.0,0.0,1.0,0.0,0.0,1.29,5.5,10.5
1516,21/02/16,Sassuolo,Empoli,3.0,2.0,H,1.0,1.0,D,13.0,10.0,7.0,4.0,8.0,5.0,17.0,13.0,1.0,1.0,1.0,1.0,2.0,3.2,4.2
1516,21/02/16,Torino,Carpi,0.0,0.0,D,0.0,0.0,D,11.0,5.0,4.0,0.0,5.0,3.0,22.0,22.0,4.0,4.0,0.0,0.0,1.53,3.8,6.5
1516,22/02/16,Napoli,Milan,1.0,1.0,D,1.0,1.0,D,19.0,7.0,4.0,2.0,6.0,3.0,12.0,14.0,0.0,2.0,0.0,0.0,1.57,4.0,6.0
1516,27/02/16,Empoli,Roma,1.0,3.0,A,1.0,2.0,A,8.0,15.0,3.0,6.0,4.0,4.0,12.0,15.0,1.0,2.0,1.0,0.0,4.5,3.5,1.8
1516,27/02/16,Milan,Torino,1.0,0.0,H,1.0,0.0,H,19.0,11.0,3.0,4.0,5.0,6.0,9.0,12.0,2.0,1.0,0.0,0.0,1.73,3.5,5.0
1516,28/02/16,Carpi,Atalanta,1.0,1.0,D,0.0,0.0,D,10.0,12.0,4.0,5.0,6.0,2.0,26.0,25.0,3.0,3.0,0.0,0.0,2.3,3.1,3.3
1516,28/02/16,Chievo,Genoa,1.0,0.0,H,0.0,0.0,D,16.0,11.0,6.0,4.0,5.0,7.0,9.0,16.0,2.0,3.0,0.0,0.0,3.0,3.0,2.5
1516,28/02/16,Juventus,Inter,2.0,0.0,H,0.0,0.0,D,9.0,8.0,6.0,3.0,3.0,3.0,12.0,17.0,3.0,1.0,0.0,0.0,1.57,3.8,6.0
1516,28/02/16,Palermo,Bologna,0.0,0.0,D,0.0,0.0,D,7.0,17.0,4.0,5.0,7.0,4.0,15.0,12.0,3.0,1.0,0.0,0.0,2.63,3.2,2.7
1516,28/02/16,Sampdoria,Frosinone,2.0,0.0,H,1.0,0.0,H,25.0,15.0,6.0,1.0,12.0,10.0,15.0,16.0,5.0,2.0,0.0,0.0,1.62,3.75,5.5
1516,28/02/16,Udinese,Verona,2.0,0.0,H,1.0,0.0,H,13.0,10.0,4.0,2.0,7.0,4.0,15.0,18.0,1.0,3.0,0.0,0.0,1.95,3.5,3.8
1516,29/02/16,Fiorentina,Napoli,1.0,1.0,D,1.0,1.0,D,11.0,6.0,1.0,5.0,5.0,3.0,8.0,16.0,0.0,1.0,0.0,0.0,3.2,3.3,2.25
1516,29/02/16,Lazio,Sassuolo,0.0,2.0,A,0.0,1.0,A,15.0,8.0,3.0,6.0,6.0,3.0,15.0,20.0,1.0,2.0,0.0,0.0,1.65,3.75,5.25
1516,04/03/16,Roma,Fiorentina,4.0,1.0,H,3.0,1.0,H,14.0,11.0,7.0,1.0,5.0,4.0,19.0,18.0,3.0,3.0,0.0,0.0,2.05,3.4,3.75
1516,05/03/16,Napoli,Chievo,3.0,1.0,H,2.0,1.0,H,25.0,8.0,10.0,2.0,7.0,2.0,6.0,13.0,0.0,3.0,0.0,0.0,1.17,7.5,17.0
1516,05/03/16,Verona,Sampdoria,0.0,3.0,A,0.0,3.0,A,11.0,14.0,4.0,8.0,6.0,4.0,12.0,14.0,2.0,3.0,0.0,0.0,2.5,3.3,2.9
1516,06/03/16,Atalanta,Juventus,0.0,2.0,A,0.0,1.0,A,13.0,9.0,3.0,5.0,7.0,4.0,18.0,13.0,3.0,2.0,0.0,0.0,7.5,3.8,1.53
1516,06/03/16,Bologna,Carpi,0.0,0.0,D,0.0,0.0,D,17.0,6.0,4.0,2.0,12.0,4.0,17.0,17.0,1.0,3.0,0.0,0.0,1.95,3.2,4.5
1516,06/03/16,Frosinone,Udinese,2.0,0.0,H,1.0,0.0,H,23.0,6.0,4.0,2.0,5.0,4.0,16.0,11.0,2.0,3.0,0.0,0.0,3.4,3.3,2.2
1516,06/03/16,Genoa,Empoli,1.0,0.0,H,0.0,0.0,D,15.0,10.0,5.0,2.0,5.0,1.0,18.0,18.0,1.0,4.0,0.0,0.0,2.0,3.3,4.0
1516,06/03/16,Inter,Palermo,3.0,1.0,H,2.0,1.0,H,10.0,9.0,5.0,4.0,8.0,5.0,13.0,12.0,1.0,1.0,0.0,0.0,1.29,5.5,11.0
1516,06/03/16,Sassuolo,Milan,2.0,0.0,H,1.0,0.0,H,16.0,13.0,4.0,5.0,4.0,9.0,17.0,11.0,1.0,2.0,1.0,0.0,3.0,3.25,2.45
1516,06/03/16,Torino,Lazio,1.0,1.0,D,1.0,0.0,H,13.0,12.0,4.0,5.0,3.0,4.0,19.0,18.0,3.0,2.0,0.0,0.0,2.3,3.1,3.4
1516,11/03/16,Juventus,Sassuolo,1.0,0.0,H,1.0,0.0,H,16.0,7.0,7.0,2.0,7.0,2.0,12.0,15.0,0.0,3.0,0.0,0.0,1.3,5.0,12.0
1516,12/03/16,Empoli,Sampdoria,1.0,1.0,D,0.0,1.0,A,15.0,13.0,5.0,5.0,7.0,2.0,16.0,16.0,2.0,3.0,0.0,0.0,2.2,3.25,3.5
1516,12/03/16,Inter,Bologna,2.0,1.0,H,0.0,0.0,D,17.0,6.0,3.0,1.0,13.0,3.0,14.0,12.0,2.0,0.0,0.0,0.0,1.55,4.0,6.5
1516,13/03/16,Carpi,Frosinone,2.0,1.0,H,1.0,0.0,H,12.0,13.0,3.0,4.0,3.0,5.0,18.0,12.0,3.0,3.0,0.0,0.0,1.95,3.3,4.33
1516,13/03/16,Chievo,Milan,0.0,0.0,D,0.0,0.0,D,20.0,10.0,5.0,1.0,7.0,3.0,18.0,15.0,4.0,3.0,0.0,0.0,4.0,3.25,2.05
1516,13/03/16,Fiorentina,Verona,1.0,1.0,D,1.0,0.0,H,10.0,12.0,4.0,4.0,9.0,3.0,12.0,15.0,2.0,1.0,0.0,0.0,1.3,5.25,11.0
1516,13/03/16,Genoa,Torino,3.0,2.0,H,2.0,2.0,D,13.0,9.0,6.0,5.0,9.0,3.0,10.0,20.0,1.0,5.0,0.0,0.0,2.6,3.0,3.0
1516,13/03/16,Lazio,Atalanta,2.0,0.0,H,0.0,0.0,D,5.0,11.0,2.0,1.0,4.0,8.0,13.0,23.0,2.0,4.0,0.0,0.0,1.62,3.75,6.0
1516,13/03/16,Palermo,Napoli,0.0,1.0,A,0.0,1.0,A,5.0,18.0,1.0,7.0,4.0,9.0,12.0,9.0,2.0,2.0,0.0,0.0,11.0,5.25,1.3
1516,13/03/16,Udinese,Roma,1.0,2.0,A,0.0,1.0,A,10.0,15.0,3.0,7.0,3.0,6.0,16.0,16.0,2.0,3.0,0.0,0.0,4.5,3.5,1.85
1516,19/03/16,Empoli,Palermo,0.0,0.0,D,0.0,0.0,D,11.0,13.0,3.0,2.0,8.0,6.0,15.0,18.0,1.0,2.0,0.0,0.0,1.7,3.75,5.0
1516,19/03/16,Roma,Inter,1.0,1.0,D,0.0,0.0,D,16.0,6.0,6.0,2.0,8.0,2.0,15.0,14.0,2.0,2.0,0.0,0.0,1.73,3.75,5.0
1516,20/03/16,Atalanta,Bologna,2.0,0.0,H,2.0,0.0,H,14.0,9.0,7.0,2.0,6.0,9.0,15.0,16.0,1.0,2.0,0.0,2.0,2.2,3.0,3.8
1516,20/03/16,Frosinone,Fiorentina,0.0,0.0,D,0.0,0.0,D,12.0,22.0,4.0,6.0,4.0,4.0,22.0,10.0,3.0,4.0,0.0,0.0,7.0,4.0,1.53
1516,20/03/16,Milan,Lazio,1.0,1.0,D,1.0,1.0,D,20.0,9.0,4.0,2.0,12.0,5.0,9.0,24.0,1.0,1.0,0.0,1.0,2.0,3.3,4.0
1516,20/03/16,Napoli,Genoa,3.0,1.0,H,0.0,1.0,A,22.0,9.0,11.0,2.0,11.0,1.0,8.0,11.0,3.0,2.0,0.0,0.0,1.29,5.5,11.0
1516,20/03/16,Sampdoria,Chievo,0.0,1.0,A,0.0,1.0,A,16.0,12.0,7.0,6.0,5.0,7.0,19.0,18.0,4.0,3.0,0.0,0.0,1.91,3.3,4.5
1516,20/03/16,Sassuolo,Udinese,1.0,1.0,D,0.0,1.0,A,13.0,8.0,1.0,3.0,3.0,3.0,12.0,23.0,2.0,4.0,0.0,0.0,1.91,3.4,4.33
1516,20/03/16,Torino,Juventus,1.0,4.0,A,0.0,2.0,A,10.0,14.0,6.0,7.0,2.0,3.0,26.0,19.0,4.0,3.0,0.0,1.0,4.75,3.1,1.95
1516,20/03/16,Verona,Carpi,1.0,2.0,A,0.0,1.0,A,8.0,11.0,3.0,5.0,9.0,6.0,22.0,15.0,1.0,3.0,1.0,0.0,2.15,3.25,3.6
1516,02/04/16,Carpi,Sassuolo,1.0,3.0,A,1.0,2.0,A,11.0,9.0,1.0,7.0,7.0,5.0,10.0,19.0,3.0,3.0,0.0,0.0,3.1,3.1,2.5
1516,02/04/16,Juventus,Empoli,1.0,0.0,H,1.0,0.0,H,19.0,9.0,9.0,3.0,7.0,4.0,20.0,14.0,2.0,2.0,0.0,0.0,1.3,5.0,12.0
1516,03/04/16,Atalanta,Milan,2.0,1.0,H,1.0,1.0,D,10.0,12.0,4.0,3.0,8.0,7.0,22.0,13.0,1.0,3.0,0.0,0.0,3.3,3.3,2.25
1516,03/04/16,Chievo,Palermo,3.0,1.0,H,1.0,1.0,D,9.0,14.0,4.0,4.0,0.0,2.0,22.0,16.0,2.0,3.0,0.0,0.0,2.1,3.4,3.6
1516,03/04/16,Fiorentina,Sampdoria,1.0,1.0,D,1.0,1.0,D,20.0,8.0,8.0,4.0,10.0,3.0,9.0,19.0,1.0,2.0,0.0,1.0,1.62,3.8,6.0
1516,03/04/16,Genoa,Frosinone,4.0,0.0,H,1.0,0.0,H,21.0,9.0,9.0,2.0,11.0,4.0,18.0,13.0,1.0,4.0,0.0,0.0,1.53,4.0,6.5
1516,03/04/16,Inter,Torino,1.0,2.0,A,1.0,0.0,H,10.0,12.0,2.0,3.0,9.0,2.0,13.0,13.0,1.0,5.0,2.0,0.0,1.8,3.75,4.33
1516,03/04/16,Lazio,Roma,1.0,4.0,A,0.0,1.0,A,18.0,17.0,3.0,6.0,10.0,5.0,14.0,9.0,4.0,2.0,1.0,0.0,3.3,3.4,2.2
1516,03/04/16,Udinese,Napoli,3.0,1.0,H,2.0,1.0,H,11.0,11.0,6.0,2.0,2.0,6.0,22.0,16.0,4.0,4.0,0.0,1.0,6.5,4.33,1.5
1516,04/04/16,Bologna,Verona,0.0,1.0,A,0.0,1.0,A,9.0,4.0,1.0,1.0,10.0,7.0,17.0,14.0,3.0,1.0,0.0,0.0,1.85,3.5,4.5
1516,09/04/16,Chievo,Carpi,1.0,0.0,H,0.0,0.0,D,17.0,12.0,3.0,3.0,10.0,6.0,15.0,15.0,2.0,3.0,0.0,0.0,2.0,3.2,4.0
1516,09/04/16,Frosinone,Inter,0.0,1.0,A,0.0,0.0,D,15.0,20.0,2.0,3.0,4.0,6.0,19.0,14.0,5.0,2.0,1.0,0.0,6.0,3.75,1.57
1516,09/04/16,Milan,Juventus,1.0,2.0,A,1.0,1.0,D,11.0,9.0,5.0,4.0,2.0,2.0,20.0,21.0,4.0,3.0,0.0,0.0,4.0,3.1,2.05
1516,09/04/16,Sassuolo,Genoa,0.0,1.0,A,0.0,1.0,A,17.0,9.0,5.0,4.0,11.0,2.0,13.0,20.0,2.0,1.0,0.0,0.0,2.0,3.3,3.8
1516,10/04/16,Empoli,Fiorentina,2.0,0.0,H,1.0,0.0,H,7.0,22.0,4.0,5.0,2.0,6.0,17.0,21.0,3.0,4.0,0.0,0.0,3.0,3.2,2.4
1516,10/04/16,Napoli,Verona,3.0,0.0,H,2.0,0.0,H,19.0,8.0,6.0,1.0,7.0,7.0,6.0,13.0,2.0,2.0,0.0,1.0,1.2,6.5,13.0
1516,10/04/16,Palermo,Lazio,0.0,3.0,A,0.0,2.0,A,7.0,18.0,2.0,8.0,5.0,7.0,13.0,14.0,2.0,3.0,0.0,0.0,3.4,3.4,2.1
1516,10/04/16,Sampdoria,Udinese,2.0,0.0,H,0.0,0.0,D,15.0,16.0,5.0,2.0,3.0,12.0,13.0,11.0,4.0,1.0,0.0,0.0,2.0,3.4,3.75
1516,10/04/16,Torino,Atalanta,2.0,1.0,H,1.0,0.0,H,5.0,16.0,3.0,7.0,4.0,6.0,18.0,19.0,2.0,3.0,0.0,1.0,1.83,3.4,4.5
1516,11/04/16,Roma,Bologna,1.0,1.0,D,0.0,1.0,A,14.0,7.0,5.0,2.0,15.0,3.0,15.0,9.0,1.0,2.0,0.0,0.0,1.33,4.75,10.0
1516,16/04/16,Bologna,Torino,0.0,1.0,A,0.0,0.0,D,8.0,6.0,1.0,3.0,4.0,3.0,14.0,16.0,4.0,1.0,0.0,0.0,2.8,3.1,2.7
1516,16/04/16,Carpi,Genoa,4.0,1.0,H,2.0,1.0,H,15.0,16.0,10.0,3.0,3.0,7.0,16.0,22.0,4.0,1.0,0.0,1.0,2.75,3.1,2.75
1516,16/04/16,Inter,Napoli,2.0,0.0,H,2.0,0.0,H,11.0,10.0,4.0,2.0,6.0,6.0,17.0,11.0,4.0,3.0,0.0,0.0,3.0,3.2,2.5
1516,17/04/16,Atalanta,Roma,3.0,3.0,D,2.0,2.0,D,12.0,17.0,4.0,7.0,7.0,6.0,13.0,8.0,4.0,4.0,0.0,0.0,5.0,3.6,1.75
1516,17/04/16,Fiorentina,Sassuolo,3.0,1.0,H,1.0,0.0,H,13.0,9.0,4.0,1.0,7.0,6.0,16.0,14.0,1.0,3.0,0.0,0.0,1.85,3.6,4.33
1516,17/04/16,Juventus,Palermo,4.0,0.0,H,1.0,0.0,H,16.0,10.0,6.0,4.0,9.0,5.0,14.0,18.0,2.0,3.0,0.0,0.0,1.14,8.0,21.0
1516,17/04/16,Lazio,Empoli,2.0,0.0,H,2.0,0.0,H,19.0,6.0,7.0,1.0,5.0,2.0,10.0,9.0,3.0,2.0,0.0,0.0,1.73,3.75,5.0
1516,17/04/16,Sampdoria,Milan,0.0,1.0,A,0.0,0.0,D,10.0,14.0,3.0,3.0,5.0,7.0,16.0,14.0,3.0,2.0,0.0,0.0,3.0,3.3,2.4
1516,17/04/16,Udinese,Chievo,0.0,0.0,D,0.0,0.0,D,15.0,5.0,3.0,2.0,4.0,2.0,17.0,19.0,2.0,4.0,1.0,1.0,1.95,3.4,4.2
1516,17/04/16,Verona,Frosinone,1.0,2.0,A,0.0,1.0,A,14.0,13.0,4.0,2.0,4.0,5.0,23.0,22.0,3.0,3.0,0.0,0.0,1.8,3.8,4.33
1516,19/04/16,Napoli,Bologna,6.0,0.0,H,2.0,0.0,H,20.0,5.0,14.0,0.0,8.0,3.0,8.0,13.0,1.0,2.0,0.0,0.0,1.22,6.0,15.0
1516,20/04/16,Chievo,Frosinone,5.0,1.0,H,1.0,1.0,D,23.0,9.0,8.0,2.0,6.0,1.0,12.0,13.0,2.0,3.0,0.0,2.0,1.85,3.6,4.0
1516,20/04/16,Empoli,Verona,1.0,0.0,H,0.0,0.0,D,12.0,20.0,7.0,6.0,5.0,5.0,16.0,19.0,1.0,3.0,0.0,1.0,1.83,3.6,4.5
1516,20/04/16,Genoa,Inter,1.0,0.0,H,0.0,0.0,D,16.0,17.0,5.0,4.0,6.0,5.0,15.0,7.0,2.0,2.0,0.0,0.0,3.6,3.5,2.05
1516,20/04/16,Juventus,Lazio,3.0,0.0,H,1.0,0.0,H,19.0,7.0,12.0,1.0,10.0,1.0,7.0,12.0,1.0,1.0,0.0,1.0,1.5,4.2,7.0
1516,20/04/16,Palermo,Atalanta,2.0,2.0,D,1.0,1.0,D,15.0,10.0,3.0,4.0,9.0,2.0,23.0,21.0,3.0,3.0,1.0,0.0,2.7,3.2,2.75
1516,20/04/16,Roma,Torino,3.0,2.0,H,0.0,1.0,A,20.0,13.0,6.0,5.0,10.0,4.0,13.0,16.0,1.0,3.0,0.0,0.0,1.45,4.33,7.0
1516,20/04/16,Sassuolo,Sampdoria,0.0,0.0,D,0.0,0.0,D,23.0,4.0,8.0,2.0,13.0,2.0,13.0,14.0,4.0,3.0,0.0,1.0,1.91,3.6,4.0
1516,20/04/16,Udinese,Fiorentina,2.0,1.0,H,1.0,1.0,D,10.0,9.0,3.0,3.0,6.0,4.0,19.0,14.0,2.0,4.0,0.0,0.0,3.3,3.4,2.2
1516,21/04/16,Milan,Carpi,0.0,0.0,D,0.0,0.0,D,20.0,6.0,3.0,2.0,4.0,3.0,17.0,15.0,2.0,3.0,0.0,0.0,1.44,4.5,7.5
1516,23/04/16,Inter,Udinese,3.0,1.0,H,1.0,1.0,D,25.0,12.0,9.0,5.0,14.0,6.0,7.0,13.0,3.0,2.0,0.0,0.0,1.44,4.2,8.5
1516,24/04/16,Atalanta,Chievo,1.0,0.0,H,0.0,0.0,D,11.0,10.0,5.0,2.0,8.0,6.0,12.0,18.0,3.0,2.0,1.0,0.0,1.95,3.5,4.0
1516,24/04/16,Bologna,Genoa,2.0,0.0,H,1.0,0.0,H,11.0,5.0,5.0,3.0,7.0,3.0,16.0,17.0,1.0,2.0,0.0,0.0,2.25,3.2,3.4
1516,24/04/16,Fiorentina,Juventus,1.0,2.0,A,0.0,1.0,A,21.0,6.0,7.0,3.0,5.0,3.0,10.0,15.0,1.0,3.0,0.0,0.0,3.5,3.3,2.15
1516,24/04/16,Frosinone,Palermo,0.0,2.0,A,0.0,0.0,D,16.0,7.0,4.0,2.0,9.0,4.0,17.0,19.0,3.0,3.0,0.0,0.0,2.38,3.4,3.0
1516,24/04/16,Sampdoria,Lazio,2.0,1.0,H,1.0,1.0,D,13.0,20.0,7.0,4.0,4.0,12.0,9.0,14.0,2.0,6.0,0.0,0.0,2.8,3.2,2.6
1516,24/04/16,Torino,Sassuolo,1.0,3.0,A,1.0,1.0,D,15.0,12.0,3.0,4.0,4.0,4.0,18.0,7.0,2.0,1.0,0.0,0.0,2.05,3.5,3.6
1516,25/04/16,Carpi,Empoli,1.0,0.0,H,0.0,0.0,D,16.0,8.0,3.0,3.0,7.0,3.0,23.0,13.0,3.0,4.0,1.0,1.0,1.83,3.6,4.5
1516,25/04/16,Roma,Napoli,1.0,0.0,H,0.0,0.0,D,9.0,9.0,3.0,4.0,4.0,5.0,10.0,12.0,2.0,4.0,0.0,0.0,2.45,3.4,2.9
1516,25/04/16,Verona,Milan,2.0,1.0,H,0.0,1.0,A,28.0,11.0,12.0,6.0,13.0,6.0,19.0,11.0,1.0,2.0,0.0,0.0,5.0,3.6,1.75
1516,30/04/16,Chievo,Fiorentina,0.0,0.0,D,0.0,0.0,D,9.0,21.0,4.0,5.0,2.0,6.0,20.0,13.0,4.0,4.0,0.0,0.0,3.8,3.3,2.05
1516,30/04/16,Udinese,Torino,1.0,5.0,A,0.0,2.0,A,13.0,15.0,4.0,6.0,8.0,4.0,14.0,9.0,2.0,2.0,0.0,0.0,1.95,3.4,4.2
1516,01/05/16,Empoli,Bologna,0.0,0.0,D,0.0,0.0,D,5.0,16.0,1.0,6.0,0.0,3.0,7.0,14.0,0.0,2.0,0.0,0.0,2.25,3.2,3.3
1516,01/05/16,Juventus,Carpi,2.0,0.0,H,1.0,0.0,H,19.0,11.0,3.0,1.0,5.0,2.0,19.0,12.0,6.0,2.0,0.0,0.0,1.25,5.5,13.0
1516,01/05/16,Lazio,Inter,2.0,0.0,H,1.0,0.0,H,9.0,15.0,4.0,4.0,1.0,5.0,17.0,11.0,5.0,0.0,0.0,1.0,2.5,3.3,2.9
1516,01/05/16,Milan,Frosinone,3.0,3.0,D,0.0,2.0,A,24.0,9.0,11.0,4.0,12.0,2.0,21.0,22.0,2.0,7.0,0.0,0.0,1.22,6.0,15.0
1516,01/05/16,Palermo,Sampdoria,2.0,0.0,H,1.0,0.0,H,10.0,8.0,4.0,4.0,3.0,5.0,21.0,23.0,1.0,5.0,0.0,0.0,1.95,3.5,4.0
1516,01/05/16,Sassuolo,Verona,1.0,0.0,H,0.0,0.0,D,6.0,16.0,1.0,2.0,2.0,9.0,11.0,21.0,0.0,1.0,0.0,0.0,1.5,4.0,7.5
1516,02/05/16,Genoa,Roma,2.0,3.0,A,1.0,1.0,D,14.0,20.0,5.0,8.0,6.0,9.0,9.0,9.0,3.0,3.0,0.0,0.0,5.5,3.75,1.67
1516,02/05/16,Napoli,Atalanta,2.0,1.0,H,1.0,0.0,H,18.0,3.0,10.0,1.0,5.0,3.0,13.0,10.0,0.0,2.0,0.0,0.0,1.17,7.5,17.0
1516,07/05/16,Bologna,Milan,0.0,1.0,A,0.0,1.0,A,8.0,15.0,1.0,5.0,5.0,9.0,11.0,18.0,3.0,5.0,1.0,0.0,3.6,3.4,2.1
1516,07/05/16,Inter,Empoli,2.0,1.0,H,2.0,1.0,H,13.0,14.0,5.0,2.0,4.0,8.0,17.0,10.0,3.0,1.0,0.0,0.0,1.36,5.0,8.5
1516,08/05/16,Atalanta,Udinese,1.0,1.0,D,1.0,1.0,D,8.0,4.0,2.0,2.0,3.0,0.0,11.0,18.0,1.0,2.0,0.0,0.0,3.8,3.3,2.05
1516,08/05/16,Carpi,Lazio,1.0,3.0,A,0.0,2.0,A,27.0,16.0,9.0,7.0,9.0,5.0,19.0,11.0,5.0,2.0,0.0,2.0,2.4,3.4,2.88
1516,08/05/16,Fiorentina,Palermo,0.0,0.0,D,0.0,0.0,D,21.0,4.0,4.0,0.0,7.0,1.0,16.0,20.0,3.0,4.0,0.0,0.0,2.0,3.5,3.75
1516,08/05/16,Frosinone,Sassuolo,0.0,1.0,A,0.0,0.0,D,18.0,21.0,4.0,5.0,2.0,8.0,16.0,20.0,4.0,4.0,0.0,0.0,3.8,3.8,1.91
1516,08/05/16,Roma,Chievo,3.0,0.0,H,2.0,0.0,H,23.0,11.0,11.0,4.0,7.0,2.0,15.0,8.0,1.0,3.0,0.0,0.0,1.22,6.5,13.0
1516,08/05/16,Sampdoria,Genoa,0.0,3.0,A,0.0,2.0,A,12.0,18.0,3.0,7.0,4.0,4.0,20.0,20.0,5.0,4.0,0.0,0.0,2.38,3.25,3.1
1516,08/05/16,Torino,Napoli,1.0,2.0,A,0.0,2.0,A,7.0,15.0,2.0,6.0,1.0,3.0,23.0,5.0,3.0,1.0,1.0,0.0,7.5,5.0,1.4
1516,08/05/16,Verona,Juventus,2.0,1.0,H,1.0,0.0,H,12.0,16.0,4.0,5.0,3.0,6.0,21.0,13.0,3.0,2.0,0.0,1.0,6.0,4.33,1.53
1516,14/05/16,Juventus,Sampdoria,5.0,0.0,H,3.0,0.0,H,24.0,7.0,12.0,1.0,13.0,2.0,16.0,4.0,3.0,1.0,0.0,1.0,1.25,6.0,10.0
1516,14/05/16,Milan,Roma,1.0,3.0,A,0.0,1.0,A,14.0,16.0,6.0,9.0,4.0,1.0,13.0,7.0,4.0,0.0,0.0,0.0,3.25,3.6,2.1
1516,14/05/16,Napoli,Frosinone,4.0,0.0,H,1.0,0.0,H,33.0,9.0,12.0,2.0,16.0,0.0,9.0,7.0,1.0,1.0,0.0,1.0,1.1,10.0,26.0
1516,14/05/16,Sassuolo,Inter,3.0,1.0,H,3.0,1.0,H,9.0,10.0,3.0,6.0,5.0,7.0,8.0,12.0,3.0,3.0,0.0,1.0,1.85,3.8,4.0
1516,15/05/16,Chievo,Bologna,0.0,0.0,D,0.0,0.0,D,5.0,16.0,0.0,4.0,5.0,7.0,16.0,15.0,2.0,1.0,0.0,0.0,2.15,3.4,3.4
1516,15/05/16,Empoli,Torino,2.0,1.0,H,1.0,0.0,H,10.0,18.0,3.0,5.0,3.0,4.0,12.0,12.0,2.0,1.0,0.0,0.0,2.55,3.5,2.7
1516,15/05/16,Genoa,Atalanta,1.0,2.0,A,0.0,0.0,D,11.0,13.0,2.0,4.0,8.0,5.0,19.0,14.0,3.0,3.0,0.0,0.0,1.85,3.6,4.2
1516,15/05/16,Lazio,Fiorentina,2.0,4.0,A,1.0,3.0,A,16.0,16.0,6.0,5.0,6.0,4.0,8.0,10.0,0.0,1.0,0.0,0.0,2.1,3.4,3.5
1516,15/05/16,Palermo,Verona,3.0,2.0,H,1.0,0.0,H,5.0,14.0,3.0,4.0,4.0,4.0,18.0,19.0,2.0,2.0,1.0,1.0,1.2,7.0,13.0
1516,15/05/16,Udinese,Carpi,1.0,2.0,A,0.0,2.0,A,15.0,10.0,5.0,5.0,6.0,3.0,14.0,17.0,3.0,3.0,1.0,0.0,2.3,3.4,3.1
1617,20/08/16,Juventus,Fiorentina,2.0,1.0,H,1.0,0.0,H,19.0,4.0,4.0,1.0,3.0,1.0,11.0,16.0,1.0,3.0,0.0,0.0,1.5,4.2,7.0
1617,20/08/16,Roma,Udinese,4.0,0.0,H,0.0,0.0,D,25.0,11.0,9.0,1.0,10.0,5.0,8.0,14.0,0.0,2.0,0.0,0.0,1.44,4.5,7.5
1617,21/08/16,Atalanta,Lazio,3.0,4.0,A,0.0,3.0,A,19.0,11.0,6.0,6.0,7.0,2.0,5.0,16.0,2.0,2.0,0.0,0.0,3.1,3.25,2.4
1617,21/08/16,Bologna,Crotone,1.0,0.0,H,0.0,0.0,D,20.0,5.0,6.0,0.0,5.0,3.0,7.0,17.0,1.0,1.0,0.0,0.0,1.85,3.5,5.0
1617,21/08/16,Chievo,Inter,2.0,0.0,H,0.0,0.0,D,12.0,13.0,4.0,3.0,4.0,8.0,15.0,13.0,2.0,4.0,0.0,0.0,3.75,3.3,2.1
1617,21/08/16,Empoli,Sampdoria,0.0,1.0,A,0.0,1.0,A,8.0,15.0,3.0,5.0,2.0,5.0,17.0,32.0,3.0,4.0,1.0,0.0,2.3,3.2,3.3
1617,21/08/16,Genoa,Cagliari,3.0,1.0,H,0.0,0.0,D,22.0,4.0,6.0,3.0,6.0,1.0,13.0,10.0,4.0,3.0,0.0,0.0,2.05,3.3,3.8
1617,21/08/16,Milan,Torino,3.0,2.0,H,1.0,0.0,H,11.0,20.0,5.0,4.0,10.0,10.0,13.0,20.0,0.0,3.0,1.0,0.0,1.85,3.5,4.33
1617,21/08/16,Palermo,Sassuolo,0.0,1.0,A,0.0,1.0,A,7.0,22.0,2.0,8.0,4.0,8.0,19.0,15.0,1.0,2.0,1.0,0.0,3.0,3.2,2.5
1617,21/08/16,Pescara,Napoli,2.0,2.0,D,2.0,0.0,H,9.0,22.0,3.0,4.0,3.0,9.0,10.0,12.0,3.0,2.0,0.0,0.0,7.5,4.5,1.44
1617,27/08/16,Lazio,Juventus,0.0,1.0,A,0.0,0.0,D,6.0,13.0,1.0,5.0,4.0,2.0,16.0,5.0,1.0,2.0,0.0,0.0,4.75,3.5,1.8
1617,27/08/16,Napoli,Milan,4.0,2.0,H,2.0,0.0,H,17.0,12.0,8.0,3.0,9.0,4.0,13.0,15.0,5.0,4.0,0.0,2.0,1.67,4.0,5.0
1617,28/08/16,Cagliari,Roma,2.0,2.0,D,0.0,1.0,A,17.0,21.0,5.0,7.0,4.0,3.0,21.0,9.0,3.0,1.0,0.0,0.0,4.75,3.75,1.7
1617,28/08/16,Crotone,Genoa,1.0,3.0,A,1.0,0.0,H,11.0,18.0,3.0,8.0,1.0,6.0,16.0,17.0,2.0,2.0,0.0,0.0,4.0,3.4,1.91
1617,28/08/16,Fiorentina,Chievo,1.0,0.0,H,1.0,0.0,H,13.0,9.0,3.0,2.0,4.0,4.0,8.0,16.0,0.0,2.0,0.0,0.0,1.67,3.75,5.5
1617,28/08/16,Inter,Palermo,1.0,1.0,D,0.0,0.0,D,22.0,7.0,5.0,3.0,8.0,4.0,16.0,24.0,1.0,5.0,0.0,0.0,1.33,4.75,10.0
1617,28/08/16,Sampdoria,Atalanta,2.0,1.0,H,2.0,1.0,H,8.0,7.0,4.0,1.0,3.0,1.0,13.0,16.0,1.0,4.0,0.0,1.0,2.25,3.2,3.4
1617,28/08/16,Sassuolo,Pescara,0.0,3.0,A,,,,13.0,15.0,3.0,5.0,2.0,7.0,12.0,21.0,2.0,2.0,0.0,0.0,1.62,3.75,6.0
1617,28/08/16,Torino,Bologna,5.0,1.0,H,2.0,1.0,H,20.0,10.0,11.0,2.0,6.0,3.0,14.0,12.0,1.0,2.0,0.0,0.0,1.85,3.5,4.5
1617,28/08/16,Udinese,Empoli,2.0,0.0,H,1.0,0.0,H,11.0,13.0,3.0,4.0,4.0,5.0,15.0,19.0,3.0,3.0,0.0,1.0,2.05,3.4,3.75
1617,10/09/16,Juventus,Sassuolo,3.0,1.0,H,3.0,1.0,H,23.0,9.0,10.0,3.0,14.0,5.0,10.0,12.0,1.0,2.0,0.0,0.0,1.3,5.0,12.0
1617,10/09/16,Palermo,Napoli,0.0,3.0,A,0.0,0.0,D,5.0,17.0,1.0,7.0,2.0,4.0,14.0,7.0,0.0,0.0,0.0,0.0,9.0,5.0,1.33
1617,11/09/16,Atalanta,Torino,2.0,1.0,H,0.0,0.0,D,22.0,14.0,3.0,7.0,4.0,4.0,16.0,20.0,2.0,2.0,0.0,0.0,2.6,3.2,2.8
1617,11/09/16,Bologna,Cagliari,2.0,1.0,H,1.0,0.0,H,17.0,11.0,10.0,5.0,9.0,4.0,13.0,9.0,1.0,3.0,0.0,1.0,2.1,3.25,3.75
1617,11/09/16,Chievo,Lazio,1.0,1.0,D,0.0,0.0,D,7.0,11.0,4.0,3.0,2.0,1.0,14.0,15.0,2.0,5.0,0.0,0.0,3.0,3.2,2.5
1617,11/09/16,Milan,Udinese,0.0,1.0,A,0.0,0.0,D,14.0,10.0,2.0,2.0,8.0,8.0,10.0,9.0,1.0,5.0,0.0,0.0,1.67,4.0,5.0
1617,11/09/16,Pescara,Inter,1.0,2.0,A,0.0,0.0,D,10.0,22.0,5.0,7.0,3.0,13.0,14.0,10.0,1.0,1.0,0.0,0.0,4.75,3.75,1.75
1617,11/09/16,Roma,Sampdoria,3.0,2.0,H,1.0,2.0,A,24.0,12.0,8.0,7.0,11.0,7.0,12.0,13.0,3.0,2.0,0.0,0.0,1.33,5.25,9.0
1617,12/09/16,Empoli,Crotone,2.0,1.0,H,1.0,1.0,D,13.0,6.0,5.0,2.0,5.0,0.0,16.0,20.0,1.0,1.0,0.0,1.0,1.57,4.0,6.0
1617,16/09/16,Sampdoria,Milan,0.0,1.0,A,0.0,0.0,D,12.0,10.0,3.0,3.0,8.0,5.0,12.0,16.0,2.0,3.0,0.0,0.0,3.1,3.3,2.3
1617,17/09/16,Lazio,Pescara,3.0,0.0,H,0.0,0.0,D,23.0,10.0,11.0,3.0,11.0,2.0,12.0,14.0,2.0,2.0,0.0,0.0,1.5,4.33,6.5
1617,17/09/16,Napoli,Bologna,3.0,1.0,H,1.0,0.0,H,21.0,9.0,10.0,3.0,6.0,3.0,11.0,7.0,0.0,1.0,0.0,1.0,1.25,6.0,12.0
1617,18/09/16,Cagliari,Atalanta,3.0,0.0,H,1.0,0.0,H,12.0,7.0,9.0,2.0,3.0,4.0,10.0,19.0,2.0,2.0,0.0,0.0,2.6,3.2,2.8
1617,18/09/16,Crotone,Palermo,1.0,1.0,D,1.0,0.0,H,11.0,12.0,1.0,5.0,3.0,7.0,19.0,9.0,3.0,2.0,0.0,0.0,3.0,3.2,2.5
1617,18/09/16,Fiorentina,Roma,1.0,0.0,H,0.0,0.0,D,8.0,14.0,4.0,3.0,5.0,6.0,10.0,11.0,1.0,1.0,0.0,0.0,2.9,3.5,2.4
1617,18/09/16,Inter,Juventus,2.0,1.0,H,0.0,0.0,D,16.0,9.0,3.0,2.0,5.0,4.0,13.0,18.0,2.0,3.0,1.0,0.0,4.0,3.5,1.95
1617,18/09/16,Sassuolo,Genoa,2.0,0.0,H,0.0,0.0,D,11.0,17.0,6.0,5.0,3.0,8.0,15.0,17.0,0.0,2.0,0.0,1.0,2.2,3.2,3.5
1617,18/09/16,Torino,Empoli,0.0,0.0,D,0.0,0.0,D,15.0,5.0,5.0,2.0,8.0,5.0,19.0,7.0,4.0,3.0,0.0,0.0,1.75,3.6,4.75
1617,18/09/16,Udinese,Chievo,1.0,2.0,A,1.0,0.0,H,8.0,20.0,4.0,6.0,5.0,7.0,16.0,9.0,3.0,4.0,0.0,0.0,2.0,3.25,4.0
1617,20/09/16,Milan,Lazio,2.0,0.0,H,1.0,0.0,H,17.0,20.0,8.0,5.0,3.0,8.0,16.0,12.0,1.0,4.0,0.0,0.0,2.15,3.4,3.4
1617,21/09/16,Atalanta,Palermo,0.0,1.0,A,0.0,0.0,D,16.0,7.0,4.0,2.0,7.0,5.0,20.0,12.0,3.0,2.0,0.0,0.0,1.62,3.75,6.0
1617,21/09/16,Bologna,Sampdoria,2.0,0.0,H,1.0,0.0,H,11.0,10.0,4.0,3.0,2.0,4.0,16.0,12.0,1.0,3.0,1.0,1.0,2.4,3.25,3.1
1617,21/09/16,Chievo,Sassuolo,2.0,1.0,H,2.0,1.0,H,5.0,7.0,3.0,2.0,7.0,9.0,14.0,15.0,2.0,1.0,0.0,0.0,2.4,3.2,3.1
1617,21/09/16,Empoli,Inter,0.0,2.0,A,0.0,2.0,A,9.0,13.0,3.0,4.0,5.0,4.0,14.0,15.0,1.0,4.0,0.0,0.0,4.33,3.3,1.95
1617,21/09/16,Genoa,Napoli,0.0,0.0,D,0.0,0.0,D,12.0,14.0,5.0,3.0,5.0,8.0,16.0,11.0,4.0,2.0,0.0,0.0,4.75,3.75,1.75
1617,21/09/16,Juventus,Cagliari,4.0,0.0,H,3.0,0.0,H,28.0,2.0,13.0,0.0,9.0,0.0,19.0,12.0,1.0,3.0,0.0,0.0,1.17,7.5,17.0
1617,21/09/16,Pescara,Torino,0.0,0.0,D,0.0,0.0,D,19.0,11.0,4.0,3.0,9.0,4.0,13.0,15.0,3.0,2.0,0.0,2.0,3.25,3.25,2.3
1617,21/09/16,Roma,Crotone,4.0,0.0,H,2.0,0.0,H,20.0,11.0,7.0,3.0,11.0,5.0,12.0,7.0,0.0,1.0,0.0,0.0,1.13,8.5,23.0
1617,21/09/16,Udinese,Fiorentina,2.0,2.0,D,2.0,1.0,H,15.0,7.0,5.0,3.0,4.0,3.0,16.0,15.0,1.0,3.0,0.0,0.0,3.25,3.25,2.3
1617,24/09/16,Napoli,Chievo,2.0,0.0,H,2.0,0.0,H,13.0,7.0,5.0,2.0,4.0,2.0,12.0,16.0,2.0,4.0,0.0,0.0,1.33,5.0,10.0
1617,24/09/16,Palermo,Juventus,0.0,1.0,A,0.0,0.0,D,4.0,15.0,2.0,7.0,2.0,9.0,16.0,10.0,3.0,3.0,0.0,0.0,11.0,5.5,1.29
1617,25/09/16,Fiorentina,Milan,0.0,0.0,D,0.0,0.0,D,20.0,12.0,5.0,1.0,6.0,3.0,10.0,12.0,2.0,4.0,0.0,0.0,2.3,3.1,3.4
1617,25/09/16,Genoa,Pescara,1.0,1.0,D,0.0,0.0,D,8.0,12.0,4.0,4.0,1.0,5.0,22.0,10.0,2.0,3.0,2.0,0.0,1.65,4.0,5.25
1617,25/09/16,Inter,Bologna,1.0,1.0,D,1.0,1.0,D,22.0,8.0,6.0,3.0,8.0,4.0,12.0,7.0,0.0,4.0,0.0,0.0,1.45,4.2,8.5
1617,25/09/16,Lazio,Empoli,2.0,0.0,H,1.0,0.0,H,12.0,9.0,3.0,3.0,5.0,6.0,14.0,7.0,2.0,2.0,0.0,0.0,1.44,4.2,8.5
1617,25/09/16,Sassuolo,Udinese,1.0,0.0,H,1.0,0.0,H,12.0,11.0,5.0,3.0,6.0,9.0,14.0,12.0,3.0,2.0,0.0,0.0,2.05,3.3,3.8
1617,25/09/16,Torino,Roma,3.0,1.0,H,1.0,0.0,H,18.0,21.0,9.0,5.0,7.0,13.0,15.0,12.0,1.0,4.0,0.0,0.0,3.75,3.5,2.0
1617,26/09/16,Cagliari,Sampdoria,2.0,1.0,H,1.0,0.0,H,9.0,18.0,3.0,2.0,3.0,10.0,16.0,15.0,2.0,3.0,0.0,0.0,2.2,3.2,3.5
1617,26/09/16,Crotone,Atalanta,1.0,3.0,A,0.0,3.0,A,10.0,12.0,3.0,8.0,6.0,3.0,21.0,14.0,3.0,1.0,0.0,1.0,4.5,3.3,1.91
1617,01/10/16,Pescara,Chievo,0.0,2.0,A,0.0,0.0,D,11.0,15.0,2.0,4.0,11.0,5.0,11.0,14.0,1.0,3.0,0.0,0.0,2.55,3.2,2.9
1617,01/10/16,Udinese,Lazio,0.0,3.0,A,0.0,1.0,A,15.0,15.0,3.0,5.0,5.0,9.0,4.0,12.0,2.0,1.0,0.0,0.0,3.0,3.3,2.4
1617,02/10/16,Atalanta,Napoli,1.0,0.0,H,1.0,0.0,H,10.0,13.0,4.0,3.0,4.0,12.0,11.0,13.0,3.0,3.0,0.0,0.0,6.0,4.0,1.55
1617,02/10/16,Bologna,Genoa,0.0,1.0,A,0.0,0.0,D,6.0,13.0,3.0,4.0,7.0,3.0,8.0,22.0,1.0,3.0,2.0,1.0,2.2,3.1,3.6
1617,02/10/16,Cagliari,Crotone,2.0,1.0,H,1.0,0.0,H,14.0,22.0,9.0,8.0,6.0,14.0,14.0,14.0,0.0,4.0,0.0,0.0,1.44,4.33,8.0
1617,02/10/16,Empoli,Juventus,0.0,3.0,A,0.0,0.0,D,6.0,26.0,3.0,11.0,5.0,7.0,21.0,20.0,2.0,1.0,0.0,0.0,10.0,5.0,1.3
1617,02/10/16,Milan,Sassuolo,4.0,3.0,H,1.0,1.0,D,15.0,7.0,6.0,5.0,5.0,4.0,10.0,10.0,1.0,5.0,0.0,0.0,1.62,3.8,6.0
1617,02/10/16,Roma,Inter,2.0,1.0,H,1.0,0.0,H,19.0,17.0,8.0,5.0,3.0,10.0,9.0,17.0,1.0,2.0,0.0,0.0,2.0,3.5,3.8
1617,02/10/16,Sampdoria,Palermo,1.0,1.0,D,0.0,0.0,D,23.0,4.0,7.0,2.0,7.0,1.0,9.0,18.0,2.0,5.0,0.0,1.0,1.65,3.75,5.5
1617,02/10/16,Torino,Fiorentina,2.0,1.0,H,1.0,0.0,H,18.0,13.0,5.0,5.0,6.0,8.0,15.0,12.0,1.0,2.0,0.0,0.0,2.4,3.2,3.1
1617,15/10/16,Juventus,Udinese,2.0,1.0,H,1.0,1.0,D,15.0,8.0,5.0,4.0,4.0,7.0,11.0,11.0,1.0,2.0,0.0,0.0,1.2,7.0,13.0
1617,15/10/16,Napoli,Roma,1.0,3.0,A,0.0,1.0,A,21.0,14.0,5.0,6.0,9.0,1.0,5.0,16.0,2.0,3.0,0.0,0.0,2.0,3.5,3.8
1617,15/10/16,Pescara,Sampdoria,1.0,1.0,D,1.0,1.0,D,10.0,22.0,7.0,9.0,8.0,8.0,9.0,12.0,1.0,1.0,1.0,0.0,2.38,3.3,3.1
1617,16/10/16,Chievo,Milan,1.0,3.0,A,0.0,1.0,A,8.0,16.0,5.0,5.0,7.0,2.0,17.0,13.0,3.0,2.0,0.0,0.0,2.8,3.0,2.75
1617,16/10/16,Fiorentina,Atalanta,0.0,0.0,D,0.0,0.0,D,17.0,13.0,6.0,3.0,7.0,6.0,14.0,17.0,3.0,3.0,0.0,0.0,1.75,3.6,5.0
1617,16/10/16,Genoa,Empoli,0.0,0.0,D,0.0,0.0,D,8.0,2.0,3.0,1.0,3.0,2.0,17.0,17.0,0.0,4.0,1.0,0.0,1.75,3.6,5.0
1617,16/10/16,Inter,Cagliari,1.0,2.0,A,0.0,0.0,D,17.0,11.0,4.0,6.0,10.0,6.0,10.0,12.0,1.0,5.0,0.0,0.0,1.4,4.75,8.5
1617,16/10/16,Lazio,Bologna,1.0,1.0,D,0.0,1.0,A,25.0,9.0,8.0,4.0,18.0,0.0,13.0,16.0,4.0,3.0,0.0,0.0,1.5,4.0,7.5
1617,16/10/16,Sassuolo,Crotone,2.0,1.0,H,0.0,1.0,A,22.0,8.0,9.0,1.0,15.0,1.0,10.0,22.0,1.0,3.0,0.0,0.0,1.4,4.5,8.5
1617,17/10/16,Palermo,Torino,1.0,4.0,A,1.0,3.0,A,16.0,15.0,3.0,7.0,10.0,6.0,15.0,23.0,4.0,2.0,0.0,0.0,3.8,3.5,2.0
1617,22/10/16,Milan,Juventus,1.0,0.0,H,0.0,0.0,D,8.0,22.0,2.0,3.0,5.0,9.0,19.0,14.0,4.0,3.0,0.0,0.0,4.5,3.7,1.8
1617,22/10/16,Sampdoria,Genoa,2.0,1.0,H,1.0,1.0,D,14.0,10.0,7.0,5.0,5.0,6.0,12.0,15.0,2.0,3.0,0.0,0.0,3.1,3.25,2.4
1617,23/10/16,Atalanta,Inter,2.0,1.0,H,1.0,0.0,H,11.0,7.0,8.0,4.0,4.0,0.0,19.0,11.0,2.0,1.0,0.0,0.0,3.3,3.4,2.2
1617,23/10/16,Bologna,Sassuolo,1.0,1.0,D,1.0,0.0,H,14.0,8.0,4.0,3.0,7.0,11.0,11.0,13.0,0.0,1.0,0.0,0.0,2.5,3.2,3.0
1617,23/10/16,Cagliari,Fiorentina,3.0,5.0,A,1.0,4.0,A,10.0,16.0,5.0,8.0,4.0,7.0,19.0,7.0,2.0,2.0,0.0,0.0,3.0,3.3,2.4
1617,23/10/16,Crotone,Napoli,1.0,2.0,A,0.0,2.0,A,12.0,13.0,4.0,8.0,7.0,7.0,20.0,8.0,2.0,0.0,0.0,1.0,15.0,6.0,1.22
1617,23/10/16,Empoli,Chievo,0.0,0.0,D,0.0,0.0,D,8.0,13.0,3.0,2.0,6.0,3.0,16.0,28.0,3.0,3.0,0.0,1.0,2.55,3.0,3.1
1617,23/10/16,Roma,Palermo,4.0,1.0,H,1.0,0.0,H,18.0,7.0,7.0,3.0,4.0,4.0,11.0,14.0,3.0,2.0,0.0,0.0,1.18,7.0,17.0
1617,23/10/16,Torino,Lazio,2.0,2.0,D,1.0,0.0,H,16.0,14.0,4.0,6.0,4.0,6.0,12.0,14.0,2.0,2.0,0.0,0.0,2.2,3.3,3.4
1617,23/10/16,Udinese,Pescara,3.0,1.0,H,1.0,0.0,H,9.0,16.0,4.0,3.0,6.0,3.0,12.0,9.0,2.0,1.0,0.0,0.0,1.85,3.5,4.5
1617,25/10/16,Genoa,Milan,3.0,0.0,H,1.0,0.0,H,8.0,13.0,3.0,3.0,5.0,4.0,15.0,9.0,3.0,0.0,0.0,1.0,2.75,3.25,2.6
1617,26/10/16,Chievo,Bologna,1.0,1.0,D,0.0,0.0,D,10.0,8.0,3.0,4.0,6.0,4.0,18.0,14.0,0.0,4.0,0.0,0.0,2.1,3.1,4.0
1617,26/10/16,Fiorentina,Crotone,1.0,1.0,D,0.0,1.0,A,26.0,4.0,11.0,2.0,14.0,1.0,15.0,16.0,1.0,2.0,0.0,0.0,1.22,6.0,15.0
1617,26/10/16,Inter,Torino,2.0,1.0,H,1.0,0.0,H,22.0,7.0,6.0,2.0,2.0,10.0,14.0,18.0,0.0,4.0,0.0,0.0,2.0,3.5,3.75
1617,26/10/16,Juventus,Sampdoria,4.0,1.0,H,2.0,0.0,H,13.0,8.0,7.0,3.0,5.0,2.0,6.0,16.0,0.0,3.0,0.0,0.0,1.17,7.5,17.0
1617,26/10/16,Lazio,Cagliari,4.0,1.0,H,3.0,0.0,H,19.0,14.0,12.0,5.0,4.0,10.0,6.0,6.0,2.0,3.0,0.0,0.0,1.44,4.5,7.5
1617,26/10/16,Napoli,Empoli,2.0,0.0,H,0.0,0.0,D,35.0,7.0,10.0,2.0,11.0,8.0,7.0,9.0,1.0,2.0,0.0,0.0,1.29,5.5,11.0
1617,26/10/16,Pescara,Atalanta,0.0,1.0,A,0.0,0.0,D,5.0,13.0,0.0,3.0,2.0,8.0,18.0,22.0,3.0,3.0,0.0,0.0,2.9,3.25,2.5
1617,26/10/16,Sassuolo,Roma,1.0,3.0,A,1.0,0.0,H,16.0,16.0,3.0,5.0,5.0,11.0,12.0,10.0,3.0,0.0,0.0,0.0,4.2,3.5,1.91
1617,27/10/16,Palermo,Udinese,1.0,3.0,A,1.0,1.0,D,11.0,11.0,2.0,7.0,3.0,4.0,15.0,15.0,2.0,2.0,1.0,0.0,2.9,3.25,2.5
1617,29/10/16,Bologna,Fiorentina,0.0,1.0,A,0.0,1.0,A,5.0,12.0,2.0,5.0,2.0,5.0,8.0,17.0,3.0,3.0,1.0,0.0,3.25,3.25,2.3
1617,29/10/16,Juventus,Napoli,2.0,1.0,H,0.0,0.0,D,10.0,12.0,3.0,2.0,3.0,4.0,11.0,10.0,4.0,1.0,0.0,0.0,1.8,3.5,4.75
1617,30/10/16,Atalanta,Genoa,3.0,0.0,H,2.0,0.0,H,15.0,10.0,9.0,2.0,3.0,3.0,12.0,14.0,1.0,2.0,0.0,0.0,2.3,3.2,3.3
1617,30/10/16,Crotone,Chievo,2.0,0.0,H,1.0,0.0,H,9.0,16.0,7.0,3.0,4.0,5.0,19.0,21.0,1.0,2.0,0.0,0.0,3.5,3.2,2.2
1617,30/10/16,Empoli,Roma,0.0,0.0,D,0.0,0.0,D,8.0,23.0,3.0,5.0,4.0,8.0,18.0,13.0,6.0,3.0,0.0,0.0,6.0,4.2,1.55
1617,30/10/16,Lazio,Sassuolo,2.0,1.0,H,0.0,0.0,D,14.0,14.0,6.0,5.0,10.0,4.0,17.0,11.0,2.0,1.0,0.0,0.0,1.67,3.75,5.5
1617,30/10/16,Milan,Pescara,1.0,0.0,H,0.0,0.0,D,18.0,14.0,9.0,6.0,5.0,5.0,11.0,14.0,1.0,2.0,0.0,0.0,1.4,4.75,8.0
1617,30/10/16,Sampdoria,Inter,1.0,0.0,H,1.0,0.0,H,9.0,14.0,3.0,3.0,4.0,5.0,15.0,14.0,1.0,3.0,0.0,0.0,3.6,3.5,2.05
1617,31/10/16,Cagliari,Palermo,2.0,1.0,H,0.0,0.0,D,8.0,12.0,4.0,3.0,2.0,4.0,19.0,16.0,5.0,3.0,0.0,0.0,1.73,3.5,5.0
1617,31/10/16,Udinese,Torino,2.0,2.0,D,0.0,1.0,A,16.0,13.0,5.0,3.0,4.0,4.0,13.0,19.0,2.0,3.0,0.0,0.0,2.88,3.25,2.45
1617,05/11/16,Napoli,Lazio,1.0,1.0,D,0.0,0.0,D,18.0,7.0,8.0,3.0,9.0,2.0,12.0,15.0,0.0,2.0,0.0,0.0,1.67,4.0,5.0
1617,05/11/16,Torino,Cagliari,5.0,1.0,H,3.0,1.0,H,23.0,10.0,9.0,7.0,5.0,4.0,15.0,10.0,1.0,2.0,0.0,1.0,1.55,4.33,5.75
1617,06/11/16,Chievo,Juventus,1.0,2.0,A,0.0,0.0,D,9.0,17.0,2.0,6.0,2.0,4.0,20.0,14.0,5.0,4.0,0.0,0.0,9.0,4.0,1.44
1617,06/11/16,Fiorentina,Sampdoria,1.0,1.0,D,1.0,0.0,H,20.0,17.0,5.0,6.0,11.0,2.0,18.0,14.0,3.0,2.0,0.0,0.0,1.57,3.8,6.5
1617,06/11/16,Genoa,Udinese,1.0,1.0,D,1.0,1.0,D,16.0,10.0,4.0,3.0,3.0,1.0,15.0,12.0,2.0,1.0,0.0,0.0,1.85,3.6,4.33
1617,06/11/16,Inter,Crotone,3.0,0.0,H,0.0,0.0,D,25.0,4.0,9.0,0.0,18.0,4.0,9.0,10.0,1.0,2.0,0.0,0.0,1.25,5.75,13.0
1617,06/11/16,Palermo,Milan,1.0,2.0,A,0.0,1.0,A,15.0,12.0,7.0,6.0,6.0,5.0,23.0,14.0,2.0,1.0,0.0,0.0,5.5,3.75,1.67
1617,06/11/16,Pescara,Empoli,0.0,4.0,A,0.0,3.0,A,22.0,9.0,7.0,6.0,8.0,1.0,15.0,11.0,2.0,2.0,0.0,0.0,2.4,3.2,3.1
1617,06/11/16,Roma,Bologna,3.0,0.0,H,1.0,0.0,H,22.0,13.0,8.0,5.0,3.0,6.0,18.0,9.0,1.0,0.0,0.0,0.0,1.25,6.0,12.0
1617,06/11/16,Sassuolo,Atalanta,0.0,3.0,A,0.0,3.0,A,15.0,15.0,3.0,8.0,3.0,7.0,10.0,19.0,4.0,2.0,0.0,0.0,2.5,3.2,3.0
1617,19/11/16,Chievo,Cagliari,1.0,0.0,H,0.0,0.0,D,12.0,11.0,2.0,2.0,5.0,9.0,17.0,18.0,3.0,3.0,0.0,0.0,1.91,3.5,4.2
1617,19/11/16,Juventus,Pescara,3.0,0.0,H,1.0,0.0,H,14.0,9.0,5.0,3.0,5.0,1.0,11.0,15.0,0.0,2.0,0.0,0.0,1.14,8.0,19.0
1617,19/11/16,Udinese,Napoli,1.0,2.0,A,0.0,0.0,D,7.0,10.0,3.0,4.0,4.0,7.0,9.0,7.0,1.0,0.0,0.0,0.0,4.75,3.75,1.75
1617,20/11/16,Atalanta,Roma,2.0,1.0,H,0.0,1.0,A,21.0,9.0,6.0,5.0,10.0,6.0,15.0,14.0,1.0,2.0,0.0,0.0,4.0,3.5,1.95
1617,20/11/16,Bologna,Palermo,3.0,1.0,H,1.0,1.0,D,8.0,8.0,4.0,4.0,4.0,6.0,15.0,15.0,1.0,1.0,0.0,0.0,1.75,3.6,5.0
1617,20/11/16,Crotone,Torino,0.0,2.0,A,0.0,0.0,D,15.0,16.0,5.0,4.0,6.0,5.0,11.0,6.0,1.0,1.0,0.0,0.0,5.0,3.75,1.73
1617,20/11/16,Empoli,Fiorentina,0.0,4.0,A,0.0,1.0,A,13.0,24.0,6.0,13.0,5.0,4.0,7.0,12.0,1.0,3.0,0.0,0.0,3.9,3.4,2.0
1617,20/11/16,Lazio,Genoa,3.0,1.0,H,1.0,0.0,H,16.0,12.0,4.0,3.0,3.0,5.0,14.0,20.0,1.0,3.0,0.0,1.0,1.7,3.8,5.0
1617,20/11/16,Milan,Inter,2.0,2.0,D,1.0,0.0,H,10.0,21.0,4.0,6.0,1.0,8.0,16.0,14.0,2.0,4.0,0.0,0.0,2.8,3.2,2.6
1617,20/11/16,Sampdoria,Sassuolo,3.0,2.0,H,0.0,0.0,D,22.0,11.0,8.0,5.0,9.0,1.0,17.0,17.0,4.0,3.0,0.0,0.0,2.05,3.4,3.75
1617,26/11/16,Empoli,Milan,1.0,4.0,A,1.0,1.0,D,15.0,16.0,4.0,6.0,2.0,6.0,11.0,17.0,2.0,3.0,0.0,0.0,3.8,3.3,2.05
1617,26/11/16,Torino,Chievo,2.0,1.0,H,2.0,0.0,H,16.0,10.0,4.0,3.0,10.0,2.0,13.0,10.0,2.0,1.0,0.0,1.0,1.73,3.6,5.25
1617,27/11/16,Bologna,Atalanta,0.0,2.0,A,0.0,1.0,A,9.0,14.0,2.0,2.0,6.0,9.0,15.0,12.0,5.0,2.0,0.0,0.0,3.0,3.2,2.5
1617,27/11/16,Cagliari,Udinese,2.0,1.0,H,1.0,0.0,H,7.0,20.0,3.0,5.0,3.0,4.0,16.0,19.0,4.0,3.0,0.0,0.0,2.38,3.4,3.0
1617,27/11/16,Crotone,Sampdoria,1.0,1.0,D,1.0,0.0,H,9.0,15.0,3.0,6.0,2.0,6.0,17.0,15.0,3.0,0.0,0.0,0.0,3.3,3.4,2.2
1617,27/11/16,Genoa,Juventus,3.0,1.0,H,3.0,0.0,H,12.0,12.0,6.0,2.0,3.0,6.0,26.0,8.0,3.0,2.0,0.0,0.0,6.0,3.75,1.62
1617,27/11/16,Palermo,Lazio,0.0,1.0,A,0.0,1.0,A,17.0,18.0,4.0,6.0,4.0,5.0,11.0,18.0,3.0,1.0,1.0,0.0,5.5,4.0,1.62
1617,27/11/16,Roma,Pescara,3.0,2.0,H,2.0,0.0,H,14.0,14.0,7.0,7.0,8.0,7.0,20.0,21.0,3.0,3.0,0.0,0.0,1.2,7.5,12.0
1617,28/11/16,Inter,Fiorentina,4.0,2.0,H,3.0,1.0,H,22.0,12.0,9.0,6.0,7.0,2.0,28.0,15.0,5.0,3.0,0.0,1.0,2.0,3.4,3.9
1617,28/11/16,Napoli,Sassuolo,1.0,1.0,D,1.0,0.0,H,20.0,4.0,6.0,1.0,9.0,3.0,14.0,12.0,3.0,4.0,0.0,0.0,1.25,6.0,12.0
1617,02/12/16,Napoli,Inter,3.0,0.0,H,2.0,0.0,H,19.0,18.0,11.0,6.0,5.0,7.0,7.0,12.0,2.0,3.0,0.0,0.0,1.75,3.75,4.75
1617,03/12/16,Juventus,Atalanta,3.0,1.0,H,2.0,0.0,H,12.0,7.0,7.0,2.0,6.0,4.0,25.0,18.0,3.0,2.0,0.0,0.0,1.4,4.5,9.0
1617,04/12/16,Fiorentina,Palermo,2.0,1.0,H,1.0,0.0,H,19.0,7.0,7.0,2.0,7.0,6.0,16.0,22.0,2.0,2.0,0.0,0.0,1.29,5.5,11.0
1617,04/12/16,Lazio,Roma,0.0,2.0,A,0.0,0.0,D,11.0,7.0,2.0,4.0,6.0,3.0,21.0,14.0,4.0,3.0,1.0,0.0,2.9,3.4,2.4
1617,04/12/16,Milan,Crotone,2.0,1.0,H,1.0,1.0,D,12.0,9.0,4.0,5.0,7.0,4.0,22.0,19.0,4.0,4.0,0.0,0.0,1.33,5.0,10.0
1617,04/12/16,Pescara,Cagliari,1.0,1.0,D,0.0,1.0,A,19.0,6.0,2.0,2.0,8.0,2.0,20.0,18.0,2.0,2.0,0.0,1.0,2.38,3.4,3.0
1617,04/12/16,Sampdoria,Torino,2.0,0.0,H,0.0,0.0,D,13.0,14.0,2.0,3.0,5.0,2.0,10.0,20.0,1.0,4.0,0.0,0.0,2.75,3.25,2.63
1617,04/12/16,Sassuolo,Empoli,3.0,0.0,H,2.0,0.0,H,12.0,14.0,6.0,3.0,2.0,7.0,20.0,10.0,4.0,6.0,0.0,0.0,1.83,3.4,4.75
1617,05/12/16,Chievo,Genoa,0.0,0.0,D,0.0,0.0,D,7.0,9.0,2.0,0.0,5.0,8.0,9.0,19.0,2.0,3.0,0.0,0.0,2.5,3.1,3.1
1617,05/12/16,Udinese,Bologna,1.0,0.0,H,0.0,0.0,D,19.0,7.0,9.0,1.0,5.0,0.0,10.0,17.0,3.0,0.0,0.0,1.0,2.0,3.2,4.2
1617,10/12/16,Crotone,Pescara,2.0,1.0,H,1.0,0.0,H,8.0,6.0,4.0,3.0,1.0,4.0,18.0,20.0,1.0,3.0,1.0,1.0,2.63,3.25,2.8
1617,10/12/16,Sampdoria,Lazio,1.0,2.0,A,0.0,2.0,A,10.0,10.0,5.0,7.0,2.0,5.0,9.0,15.0,2.0,4.0,0.0,0.0,3.0,3.4,2.38
1617,11/12/16,Atalanta,Udinese,1.0,3.0,A,0.0,1.0,A,18.0,6.0,9.0,3.0,11.0,0.0,11.0,12.0,1.0,2.0,0.0,0.0,1.75,3.6,5.0
1617,11/12/16,Bologna,Empoli,0.0,0.0,D,0.0,0.0,D,22.0,3.0,3.0,1.0,7.0,2.0,14.0,17.0,2.0,4.0,0.0,0.0,2.1,3.25,3.8
1617,11/12/16,Cagliari,Napoli,0.0,5.0,A,0.0,2.0,A,6.0,23.0,3.0,11.0,2.0,10.0,17.0,10.0,4.0,3.0,0.0,0.0,6.0,4.33,1.53
1617,11/12/16,Inter,Genoa,2.0,0.0,H,1.0,0.0,H,13.0,10.0,3.0,4.0,5.0,5.0,13.0,18.0,1.0,2.0,0.0,0.0,1.67,3.75,5.5
1617,11/12/16,Palermo,Chievo,0.0,2.0,A,0.0,1.0,A,15.0,9.0,3.0,3.0,8.0,3.0,10.0,16.0,1.0,1.0,0.0,0.0,2.9,3.1,2.6
1617,11/12/16,Torino,Juventus,1.0,3.0,A,1.0,1.0,D,9.0,17.0,2.0,8.0,4.0,3.0,23.0,19.0,1.0,2.0,0.0,0.0,4.33,3.6,1.85
1617,12/12/16,Fiorentina,Sassuolo,2.0,1.0,H,2.0,0.0,H,14.0,16.0,6.0,5.0,5.0,5.0,23.0,12.0,3.0,1.0,0.0,0.0,1.62,4.0,5.5
1617,12/12/16,Roma,Milan,1.0,0.0,H,0.0,0.0,D,14.0,8.0,4.0,4.0,8.0,4.0,13.0,23.0,1.0,2.0,0.0,0.0,1.62,4.2,5.25
1617,15/12/16,Genoa,Fiorentina,1.0,0.0,H,1.0,0.0,H,9.0,9.0,4.0,3.0,4.0,3.0,24.0,14.0,3.0,2.0,0.0,0.0,2.6,3.2,2.8
1617,17/12/16,Empoli,Cagliari,2.0,0.0,H,1.0,0.0,H,7.0,9.0,2.0,2.0,3.0,2.0,23.0,17.0,6.0,5.0,0.0,0.0,2.05,3.25,3.75
1617,17/12/16,Juventus,Roma,1.0,0.0,H,1.0,0.0,H,7.0,10.0,6.0,2.0,5.0,8.0,16.0,17.0,3.0,5.0,0.0,0.0,1.7,3.6,5.0
1617,17/12/16,Milan,Atalanta,0.0,0.0,D,0.0,0.0,D,11.0,14.0,3.0,4.0,6.0,3.0,23.0,28.0,3.0,6.0,0.0,0.0,1.95,3.4,3.9
1617,18/12/16,Chievo,Sampdoria,2.0,1.0,H,2.0,0.0,H,13.0,21.0,5.0,6.0,3.0,10.0,10.0,15.0,1.0,2.0,0.0,0.0,2.2,3.25,3.3
1617,18/12/16,Genoa,Palermo,3.0,4.0,A,1.0,1.0,D,14.0,13.0,6.0,4.0,5.0,5.0,14.0,18.0,3.0,5.0,1.0,0.0,1.57,3.75,6.0
1617,18/12/16,Lazio,Fiorentina,3.0,1.0,H,2.0,0.0,H,11.0,13.0,5.0,6.0,5.0,5.0,16.0,20.0,1.0,5.0,0.0,0.0,2.0,3.4,3.75
1617,18/12/16,Napoli,Torino,5.0,3.0,H,3.0,0.0,H,21.0,10.0,10.0,5.0,4.0,3.0,6.0,14.0,0.0,3.0,0.0,0.0,1.45,4.2,7.5
1617,18/12/16,Pescara,Bologna,0.0,3.0,A,0.0,2.0,A,7.0,18.0,1.0,8.0,1.0,7.0,13.0,16.0,1.0,2.0,1.0,0.0,2.4,3.0,3.2
1617,18/12/16,Sassuolo,Inter,0.0,1.0,A,0.0,0.0,D,11.0,20.0,4.0,6.0,3.0,8.0,14.0,18.0,1.0,3.0,0.0,1.0,3.4,3.6,2.05
1617,18/12/16,Udinese,Crotone,2.0,0.0,H,1.0,0.0,H,14.0,9.0,8.0,4.0,5.0,4.0,10.0,19.0,0.0,4.0,0.0,1.0,1.57,3.8,6.0
1617,20/12/16,Atalanta,Empoli,2.0,1.0,H,0.0,0.0,D,30.0,3.0,10.0,1.0,14.0,2.0,16.0,10.0,3.0,4.0,0.0,0.0,1.53,3.9,7.0
1617,21/12/16,Inter,Lazio,3.0,0.0,H,0.0,0.0,D,11.0,10.0,6.0,4.0,6.0,3.0,15.0,11.0,2.0,2.0,0.0,0.0,2.15,3.5,3.3
1617,22/12/16,Cagliari,Sassuolo,4.0,3.0,H,1.0,2.0,A,18.0,12.0,10.0,4.0,5.0,4.0,13.0,18.0,3.0,3.0,0.0,1.0,2.5,3.4,2.8
1617,22/12/16,Fiorentina,Napoli,3.0,3.0,D,0.0,1.0,A,15.0,9.0,5.0,8.0,3.0,2.0,14.0,7.0,5.0,3.0,0.0,0.0,3.5,3.5,2.1
1617,22/12/16,Palermo,Pescara,1.0,1.0,D,1.0,0.0,H,5.0,11.0,2.0,2.0,1.0,8.0,14.0,16.0,4.0,5.0,0.0,0.0,2.2,3.3,3.4
1617,22/12/16,Roma,Chievo,3.0,1.0,H,1.0,1.0,D,25.0,6.0,9.0,2.0,9.0,1.0,9.0,13.0,0.0,2.0,0.0,0.0,1.33,5.5,8.0
1617,22/12/16,Sampdoria,Udinese,0.0,0.0,D,0.0,0.0,D,14.0,11.0,3.0,3.0,6.0,2.0,11.0,10.0,1.0,1.0,0.0,0.0,2.2,3.4,3.3
1617,22/12/16,Torino,Genoa,1.0,0.0,H,0.0,0.0,D,10.0,15.0,5.0,4.0,5.0,13.0,19.0,13.0,2.0,4.0,0.0,0.0,1.83,3.6,4.5
1617,07/01/17,Empoli,Palermo,1.0,0.0,H,0.0,0.0,D,6.0,13.0,2.0,4.0,6.0,2.0,13.0,17.0,1.0,3.0,0.0,0.0,2.05,3.3,3.8
1617,07/01/17,Napoli,Sampdoria,2.0,1.0,H,0.0,1.0,A,23.0,9.0,9.0,2.0,9.0,3.0,15.0,16.0,1.0,0.0,0.0,1.0,1.29,5.5,10.0
1617,08/01/17,Chievo,Atalanta,1.0,4.0,A,0.0,3.0,A,7.0,18.0,2.0,7.0,4.0,3.0,21.0,14.0,1.0,1.0,0.0,0.0,2.75,3.2,2.7
1617,08/01/17,Genoa,Roma,0.0,1.0,A,0.0,1.0,A,10.0,16.0,4.0,3.0,2.0,8.0,12.0,13.0,2.0,4.0,0.0,0.0,3.8,3.6,1.95
1617,08/01/17,Juventus,Bologna,3.0,0.0,H,2.0,0.0,H,12.0,7.0,4.0,2.0,6.0,2.0,11.0,13.0,1.0,2.0,0.0,0.0,1.18,7.0,17.0
1617,08/01/17,Lazio,Crotone,1.0,0.0,H,0.0,0.0,D,22.0,2.0,5.0,1.0,14.0,0.0,15.0,11.0,2.0,2.0,0.0,0.0,1.29,5.25,12.0
1617,08/01/17,Milan,Cagliari,1.0,0.0,H,0.0,0.0,D,29.0,7.0,4.0,1.0,11.0,3.0,6.0,12.0,0.0,1.0,0.0,1.0,1.4,4.75,8.0
1617,08/01/17,Sassuolo,Torino,0.0,0.0,D,0.0,0.0,D,7.0,24.0,2.0,1.0,1.0,8.0,17.0,18.0,2.0,3.0,0.0,0.0,2.7,3.4,2.6
1617,08/01/17,Udinese,Inter,1.0,2.0,A,1.0,1.0,D,12.0,9.0,3.0,4.0,3.0,7.0,19.0,12.0,3.0,2.0,0.0,0.0,3.75,3.5,2.0
1617,14/01/17,Crotone,Bologna,0.0,1.0,A,0.0,0.0,D,17.0,14.0,6.0,7.0,6.0,5.0,14.0,14.0,2.0,4.0,0.0,0.0,3.0,3.0,2.6
1617,14/01/17,Inter,Chievo,3.0,1.0,H,0.0,1.0,A,31.0,5.0,14.0,4.0,12.0,2.0,12.0,16.0,0.0,3.0,0.0,0.0,1.44,4.33,8.0
1617,15/01/17,Cagliari,Genoa,4.0,1.0,H,2.0,1.0,H,19.0,12.0,12.0,4.0,3.0,14.0,8.0,13.0,3.0,2.0,1.0,0.0,2.8,3.4,2.5
1617,15/01/17,Fiorentina,Juventus,2.0,1.0,H,1.0,0.0,H,17.0,11.0,6.0,4.0,3.0,7.0,22.0,20.0,3.0,5.0,0.0,0.0,4.75,3.4,1.83
1617,15/01/17,Lazio,Atalanta,2.0,1.0,H,1.0,1.0,D,21.0,9.0,5.0,3.0,7.0,3.0,17.0,18.0,5.0,2.0,0.0,0.0,2.0,3.4,3.9
1617,15/01/17,Napoli,Pescara,3.0,1.0,H,0.0,0.0,D,23.0,8.0,10.0,2.0,6.0,2.0,10.0,14.0,1.0,3.0,0.0,0.0,1.14,8.0,19.0
1617,15/01/17,Sampdoria,Empoli,0.0,0.0,D,0.0,0.0,D,16.0,14.0,2.0,2.0,6.0,8.0,8.0,9.0,3.0,3.0,0.0,0.0,1.75,3.5,5.25
1617,15/01/17,Sassuolo,Palermo,4.0,1.0,H,2.0,1.0,H,14.0,14.0,7.0,3.0,8.0,3.0,14.0,11.0,2.0,2.0,0.0,0.0,1.73,3.6,5.25
1617,15/01/17,Udinese,Roma,0.0,1.0,A,0.0,1.0,A,10.0,13.0,5.0,4.0,4.0,7.0,16.0,17.0,2.0,1.0,0.0,0.0,4.2,3.5,1.91
1617,16/01/17,Torino,Milan,2.0,2.0,D,2.0,0.0,H,17.0,23.0,7.0,8.0,6.0,6.0,11.0,11.0,5.0,1.0,0.0,1.0,2.38,3.3,3.1
1617,21/01/17,Chievo,Fiorentina,0.0,3.0,A,0.0,1.0,A,17.0,10.0,6.0,6.0,2.0,8.0,18.0,18.0,3.0,2.0,0.0,0.0,3.4,3.25,2.25
1617,21/01/17,Milan,Napoli,1.0,2.0,A,1.0,2.0,A,13.0,9.0,4.0,5.0,7.0,1.0,15.0,16.0,4.0,4.0,0.0,0.0,4.0,3.3,2.0
1617,22/01/17,Atalanta,Sampdoria,1.0,0.0,H,0.0,0.0,D,13.0,13.0,6.0,3.0,5.0,5.0,13.0,20.0,1.0,3.0,0.0,0.0,1.67,3.75,5.5
1617,22/01/17,Bologna,Torino,2.0,0.0,H,1.0,0.0,H,9.0,9.0,5.0,2.0,2.0,9.0,11.0,11.0,2.0,2.0,0.0,0.0,2.9,3.3,2.5
1617,22/01/17,Empoli,Udinese,1.0,0.0,H,0.0,0.0,D,5.0,9.0,1.0,2.0,7.0,3.0,18.0,17.0,4.0,4.0,0.0,0.0,2.6,3.2,2.8
1617,22/01/17,Genoa,Crotone,2.0,2.0,D,1.0,0.0,H,10.0,14.0,4.0,6.0,7.0,5.0,18.0,9.0,1.0,2.0,0.0,0.0,1.57,4.0,6.0
1617,22/01/17,Juventus,Lazio,2.0,0.0,H,2.0,0.0,H,7.0,11.0,2.0,2.0,0.0,4.0,10.0,19.0,0.0,3.0,0.0,0.0,1.5,4.2,7.0
1617,22/01/17,Palermo,Inter,0.0,1.0,A,0.0,0.0,D,6.0,16.0,0.0,6.0,7.0,12.0,23.0,13.0,5.0,1.0,1.0,1.0,6.5,4.0,1.55
1617,22/01/17,Pescara,Sassuolo,1.0,3.0,A,0.0,1.0,A,19.0,16.0,5.0,5.0,5.0,6.0,12.0,23.0,4.0,5.0,0.0,0.0,2.9,3.3,2.5
1617,22/01/17,Roma,Cagliari,1.0,0.0,H,0.0,0.0,D,18.0,8.0,6.0,0.0,5.0,4.0,8.0,15.0,1.0,3.0,0.0,1.0,1.25,6.5,11.0
1617,28/01/17,Inter,Pescara,3.0,0.0,H,2.0,0.0,H,17.0,10.0,7.0,4.0,11.0,3.0,13.0,12.0,1.0,1.0,0.0,0.0,1.2,7.0,13.0
1617,28/01/17,Lazio,Chievo,0.0,1.0,A,0.0,0.0,D,28.0,7.0,8.0,2.0,10.0,3.0,16.0,8.0,2.0,2.0,0.0,0.0,1.5,4.0,7.5
1617,29/01/17,Cagliari,Bologna,1.0,1.0,D,0.0,0.0,D,19.0,8.0,6.0,2.0,3.0,2.0,15.0,18.0,2.0,3.0,0.0,2.0,2.45,3.25,3.0
1617,29/01/17,Crotone,Empoli,4.0,1.0,H,1.0,1.0,D,14.0,5.0,7.0,3.0,8.0,1.0,13.0,14.0,3.0,1.0,0.0,0.0,2.38,3.1,3.25
1617,29/01/17,Fiorentina,Genoa,3.0,3.0,D,1.0,0.0,H,22.0,7.0,8.0,3.0,5.0,0.0,10.0,20.0,3.0,4.0,1.0,0.0,1.62,4.0,5.5
1617,29/01/17,Napoli,Palermo,1.0,1.0,D,0.0,1.0,A,19.0,3.0,10.0,2.0,14.0,2.0,6.0,9.0,0.0,3.0,0.0,1.0,1.13,9.0,21.0
1617,29/01/17,Sampdoria,Roma,3.0,2.0,H,1.0,1.0,D,18.0,16.0,7.0,10.0,7.0,7.0,19.0,14.0,2.0,3.0,0.0,0.0,4.75,3.8,1.75
1617,29/01/17,Sassuolo,Juventus,0.0,2.0,A,0.0,2.0,A,7.0,14.0,3.0,5.0,5.0,6.0,18.0,13.0,3.0,1.0,0.0,0.0,6.5,4.33,1.5
1617,29/01/17,Torino,Atalanta,1.0,1.0,D,1.0,0.0,H,12.0,17.0,4.0,8.0,2.0,6.0,19.0,18.0,1.0,2.0,0.0,0.0,2.4,3.25,3.1
1617,29/01/17,Udinese,Milan,2.0,1.0,H,1.0,1.0,D,12.0,12.0,5.0,5.0,2.0,7.0,9.0,13.0,3.0,2.0,0.0,0.0,3.2,3.3,2.3
1617,01/02/17,Pescara,Fiorentina,1.0,2.0,A,1.0,0.0,H,4.0,22.0,3.0,4.0,1.0,14.0,10.0,15.0,4.0,3.0,0.0,0.0,4.5,3.6,1.83
1617,04/02/17,Bologna,Napoli,1.0,7.0,A,1.0,4.0,A,17.0,14.0,7.0,9.0,3.0,0.0,10.0,9.0,2.0,3.0,1.0,1.0,7.5,4.5,1.44
1617,05/02/17,Atalanta,Cagliari,2.0,0.0,H,2.0,0.0,H,13.0,4.0,5.0,0.0,6.0,4.0,18.0,18.0,4.0,2.0,0.0,0.0,1.44,4.33,8.0
1617,05/02/17,Chievo,Udinese,0.0,0.0,D,0.0,0.0,D,6.0,12.0,0.0,1.0,5.0,6.0,20.0,21.0,2.0,1.0,1.0,0.0,2.38,3.2,3.2
1617,05/02/17,Empoli,Torino,1.0,1.0,D,1.0,1.0,D,10.0,9.0,2.0,4.0,2.0,3.0,17.0,23.0,6.0,4.0,0.0,0.0,3.6,3.3,2.15
1617,05/02/17,Genoa,Sassuolo,0.0,1.0,A,0.0,1.0,A,15.0,7.0,4.0,3.0,8.0,9.0,14.0,7.0,2.0,1.0,0.0,0.0,2.05,3.4,3.75
1617,05/02/17,Juventus,Inter,1.0,0.0,H,1.0,0.0,H,14.0,12.0,6.0,2.0,6.0,8.0,14.0,16.0,5.0,3.0,0.0,1.0,1.57,4.0,6.5
1617,05/02/17,Milan,Sampdoria,0.0,1.0,A,0.0,0.0,D,20.0,7.0,6.0,3.0,8.0,3.0,16.0,12.0,3.0,2.0,1.0,0.0,1.67,4.0,5.0
1617,05/02/17,Palermo,Crotone,1.0,0.0,H,1.0,0.0,H,12.0,9.0,4.0,1.0,3.0,2.0,12.0,25.0,2.0,2.0,0.0,1.0,2.3,3.25,3.3
1617,05/02/17,Pescara,Lazio,2.0,6.0,A,2.0,2.0,D,14.0,17.0,6.0,10.0,2.0,4.0,13.0,16.0,0.0,1.0,0.0,0.0,6.0,3.9,1.57
1617,07/02/17,Roma,Fiorentina,4.0,0.0,H,1.0,0.0,H,23.0,13.0,8.0,2.0,6.0,3.0,10.0,15.0,2.0,3.0,0.0,0.0,1.62,4.0,5.5
1617,08/02/17,Bologna,Milan,0.0,1.0,A,0.0,0.0,D,20.0,5.0,5.0,4.0,7.0,9.0,13.0,14.0,5.0,2.0,0.0,2.0,3.4,3.25,2.25
1617,08/02/17,Crotone,Juventus,0.0,2.0,A,0.0,0.0,D,5.0,17.0,2.0,11.0,0.0,1.0,13.0,11.0,0.0,1.0,0.0,0.0,13.0,6.0,1.22
1617,10/02/17,Napoli,Genoa,2.0,0.0,H,0.0,0.0,D,20.0,6.0,8.0,3.0,12.0,4.0,7.0,11.0,1.0,2.0,0.0,0.0,1.29,5.75,10.0
1617,11/02/17,Fiorentina,Udinese,3.0,0.0,H,1.0,0.0,H,14.0,9.0,6.0,4.0,4.0,3.0,13.0,15.0,2.0,2.0,0.0,0.0,1.67,3.8,5.25
1617,12/02/17,Cagliari,Juventus,0.0,2.0,A,0.0,1.0,A,14.0,13.0,3.0,3.0,6.0,1.0,20.0,14.0,2.0,5.0,1.0,0.0,10.0,5.0,1.33
1617,12/02/17,Crotone,Roma,0.0,2.0,A,0.0,1.0,A,13.0,15.0,4.0,3.0,2.0,5.0,15.0,14.0,0.0,0.0,0.0,0.0,8.5,5.0,1.36
1617,12/02/17,Inter,Empoli,2.0,0.0,H,1.0,0.0,H,19.0,6.0,8.0,3.0,9.0,2.0,21.0,12.0,1.0,2.0,0.0,0.0,1.33,5.0,10.0
1617,12/02/17,Palermo,Atalanta,1.0,3.0,A,1.0,2.0,A,13.0,21.0,5.0,5.0,6.0,3.0,15.0,12.0,3.0,1.0,0.0,0.0,5.0,3.6,1.75
1617,12/02/17,Sampdoria,Bologna,3.0,1.0,H,0.0,1.0,A,18.0,10.0,5.0,2.0,11.0,4.0,12.0,14.0,2.0,4.0,0.0,0.0,1.91,3.5,4.2
1617,12/02/17,Sassuolo,Chievo,1.0,3.0,A,1.0,1.0,D,13.0,19.0,5.0,7.0,6.0,3.0,16.0,7.0,0.0,3.0,1.0,0.0,1.91,3.4,4.33
1617,12/02/17,Torino,Pescara,5.0,3.0,H,3.0,0.0,H,19.0,8.0,9.0,5.0,7.0,5.0,20.0,12.0,1.0,3.0,0.0,0.0,1.36,5.0,8.5
1617,13/02/17,Lazio,Milan,1.0,1.0,D,1.0,0.0,H,23.0,9.0,10.0,4.0,5.0,8.0,14.0,14.0,2.0,2.0,0.0,0.0,1.7,3.8,5.0
1617,17/02/17,Juventus,Palermo,4.0,1.0,H,2.0,0.0,H,14.0,8.0,7.0,3.0,8.0,3.0,12.0,12.0,1.0,1.0,0.0,0.0,1.14,8.0,21.0
1617,18/02/17,Atalanta,Crotone,1.0,0.0,H,0.0,0.0,D,14.0,5.0,3.0,2.0,4.0,3.0,15.0,18.0,2.0,5.0,0.0,0.0,1.25,5.5,15.0
1617,18/02/17,Empoli,Lazio,1.0,2.0,A,0.0,0.0,D,6.0,21.0,2.0,8.0,1.0,9.0,14.0,7.0,3.0,1.0,0.0,0.0,5.5,3.75,1.67
1617,19/02/17,Bologna,Inter,0.0,1.0,A,0.0,0.0,D,8.0,16.0,1.0,5.0,1.0,7.0,18.0,18.0,1.0,4.0,0.0,0.0,4.75,3.5,1.8
1617,19/02/17,Chievo,Napoli,1.0,3.0,A,0.0,2.0,A,13.0,17.0,3.0,6.0,6.0,5.0,11.0,13.0,1.0,0.0,0.0,0.0,8.5,4.2,1.44
1617,19/02/17,Milan,Fiorentina,2.0,1.0,H,2.0,1.0,H,6.0,18.0,4.0,7.0,3.0,7.0,11.0,13.0,3.0,2.0,0.0,0.0,2.15,3.3,3.5
1617,19/02/17,Pescara,Genoa,5.0,0.0,H,3.0,0.0,H,8.0,13.0,6.0,2.0,5.0,9.0,14.0,15.0,2.0,1.0,0.0,0.0,3.5,3.4,2.1
1617,19/02/17,Roma,Torino,4.0,1.0,H,2.0,0.0,H,20.0,12.0,7.0,4.0,5.0,6.0,14.0,9.0,0.0,2.0,0.0,0.0,1.44,4.5,7.5
1617,19/02/17,Sampdoria,Cagliari,1.0,1.0,D,1.0,1.0,D,13.0,10.0,2.0,4.0,4.0,4.0,21.0,23.0,4.0,6.0,0.0,0.0,1.67,3.75,5.5
1617,19/02/17,Udinese,Sassuolo,1.0,2.0,A,1.0,0.0,H,10.0,14.0,5.0,6.0,7.0,8.0,8.0,10.0,3.0,2.0,0.0,0.0,2.1,3.3,3.7
1617,25/02/17,Juventus,Empoli,2.0,0.0,H,0.0,0.0,D,24.0,6.0,6.0,1.0,3.0,1.0,12.0,11.0,0.0,1.0,0.0,0.0,1.14,8.5,19.0
1617,25/02/17,Napoli,Atalanta,0.0,2.0,A,0.0,1.0,A,20.0,8.0,8.0,5.0,7.0,10.0,8.0,10.0,1.0,1.0,0.0,1.0,1.57,4.0,6.0
1617,26/02/17,Chievo,Pescara,2.0,0.0,H,1.0,0.0,H,20.0,13.0,8.0,3.0,6.0,6.0,12.0,16.0,3.0,3.0,0.0,0.0,1.83,3.6,4.5
1617,26/02/17,Crotone,Cagliari,1.0,2.0,A,1.0,1.0,D,19.0,7.0,1.0,2.0,6.0,1.0,14.0,11.0,3.0,1.0,0.0,0.0,2.5,3.3,2.88
1617,26/02/17,Genoa,Bologna,1.0,1.0,D,0.0,0.0,D,20.0,13.0,6.0,4.0,6.0,2.0,15.0,6.0,1.0,1.0,0.0,1.0,2.0,3.3,4.2
1617,26/02/17,Inter,Roma,1.0,3.0,A,0.0,1.0,A,13.0,12.0,3.0,5.0,10.0,2.0,12.0,22.0,2.0,2.0,0.0,0.0,2.5,3.4,2.8
1617,26/02/17,Lazio,Udinese,1.0,0.0,H,0.0,0.0,D,8.0,13.0,2.0,3.0,5.0,6.0,13.0,17.0,2.0,3.0,0.0,0.0,1.44,4.5,7.5
1617,26/02/17,Palermo,Sampdoria,1.0,1.0,D,1.0,0.0,H,16.0,11.0,6.0,3.0,7.0,5.0,11.0,15.0,2.0,2.0,0.0,0.0,3.2,3.1,2.4
1617,26/02/17,Sassuolo,Milan,0.0,1.0,A,0.0,1.0,A,12.0,13.0,5.0,6.0,14.0,8.0,20.0,17.0,6.0,3.0,0.0,0.0,2.88,3.3,2.55
1617,27/02/17,Fiorentina,Torino,2.0,2.0,D,2.0,0.0,H,19.0,13.0,7.0,5.0,9.0,6.0,17.0,11.0,1.0,2.0,0.0,0.0,1.85,3.75,4.2
1617,04/03/17,Milan,Chievo,3.0,1.0,H,1.0,1.0,D,22.0,9.0,6.0,3.0,11.0,7.0,17.0,15.0,2.0,1.0,0.0,0.0,1.57,4.0,6.25
1617,04/03/17,Roma,Napoli,1.0,2.0,A,0.0,1.0,A,22.0,13.0,4.0,4.0,6.0,6.0,11.0,12.0,3.0,2.0,0.0,0.0,2.05,3.5,3.6
1617,04/03/17,Sampdoria,Pescara,3.0,1.0,H,1.0,1.0,D,19.0,11.0,7.0,4.0,7.0,2.0,18.0,12.0,0.0,2.0,0.0,0.0,1.67,4.2,4.75
1617,05/03/17,Atalanta,Fiorentina,0.0,0.0,D,0.0,0.0,D,16.0,9.0,4.0,2.0,9.0,5.0,18.0,15.0,2.0,4.0,0.0,0.0,1.91,3.6,4.0
1617,05/03/17,Bologna,Lazio,0.0,2.0,A,0.0,1.0,A,9.0,13.0,3.0,6.0,1.0,6.0,9.0,19.0,2.0,1.0,0.0,0.0,4.33,3.75,1.8
1617,05/03/17,Cagliari,Inter,1.0,5.0,A,1.0,2.0,A,7.0,22.0,4.0,10.0,6.0,11.0,10.0,13.0,2.0,0.0,0.0,0.0,6.0,4.0,1.57
1617,05/03/17,Crotone,Sassuolo,0.0,0.0,D,0.0,0.0,D,16.0,9.0,1.0,1.0,8.0,9.0,15.0,11.0,3.0,1.0,0.0,0.0,3.4,3.25,2.25
1617,05/03/17,Empoli,Genoa,0.0,2.0,A,0.0,0.0,D,7.0,8.0,2.0,4.0,3.0,1.0,7.0,23.0,3.0,2.0,0.0,0.0,2.63,3.0,3.0
1617,05/03/17,Torino,Palermo,3.0,1.0,H,0.0,1.0,A,25.0,7.0,6.0,3.0,10.0,1.0,14.0,12.0,0.0,2.0,0.0,1.0,1.5,4.2,7.0
1617,05/03/17,Udinese,Juventus,1.0,1.0,D,1.0,0.0,H,10.0,9.0,5.0,3.0,3.0,7.0,17.0,20.0,2.0,2.0,0.0,0.0,7.5,4.0,1.5
1617,10/03/17,Juventus,Milan,2.0,1.0,H,1.0,1.0,D,24.0,6.0,11.0,2.0,10.0,2.0,8.0,21.0,3.0,4.0,0.0,1.0,1.4,4.5,9.0
1617,11/03/17,Genoa,Sampdoria,0.0,1.0,A,0.0,0.0,D,7.0,13.0,3.0,4.0,5.0,2.0,16.0,6.0,4.0,4.0,0.0,0.0,2.63,3.2,2.8
1617,12/03/17,Chievo,Empoli,4.0,0.0,H,2.0,0.0,H,13.0,12.0,9.0,4.0,2.0,6.0,16.0,18.0,0.0,1.0,0.0,0.0,2.05,3.25,4.0
1617,12/03/17,Fiorentina,Cagliari,1.0,0.0,H,0.0,0.0,D,26.0,12.0,9.0,5.0,8.0,3.0,8.0,8.0,2.0,1.0,0.0,0.0,1.44,4.75,7.0
1617,12/03/17,Inter,Atalanta,7.0,1.0,H,5.0,1.0,H,12.0,10.0,8.0,3.0,6.0,7.0,19.0,16.0,3.0,4.0,0.0,0.0,1.85,3.6,4.5
1617,12/03/17,Napoli,Crotone,3.0,0.0,H,1.0,0.0,H,15.0,6.0,6.0,2.0,10.0,2.0,10.0,10.0,1.0,3.0,0.0,0.0,1.14,8.0,21.0
1617,12/03/17,Palermo,Roma,0.0,3.0,A,0.0,1.0,A,9.0,15.0,3.0,5.0,5.0,4.0,12.0,12.0,2.0,3.0,0.0,0.0,8.0,4.75,1.4
1617,12/03/17,Pescara,Udinese,1.0,3.0,A,0.0,1.0,A,12.0,10.0,3.0,6.0,4.0,3.0,12.0,14.0,2.0,3.0,0.0,0.0,2.9,3.5,2.4
1617,12/03/17,Sassuolo,Bologna,0.0,1.0,A,0.0,0.0,D,13.0,11.0,5.0,1.0,7.0,7.0,20.0,15.0,3.0,5.0,0.0,0.0,1.91,3.5,4.2
1617,13/03/17,Lazio,Torino,3.0,1.0,H,0.0,0.0,D,23.0,6.0,5.0,2.0,6.0,2.0,20.0,11.0,3.0,1.0,0.0,0.0,1.57,4.2,5.75
1617,18/03/17,Milan,Genoa,1.0,0.0,H,1.0,0.0,H,20.0,8.0,5.0,2.0,5.0,5.0,7.0,14.0,1.0,2.0,0.0,0.0,1.7,3.8,5.0
1617,18/03/17,Torino,Inter,2.0,2.0,D,1.0,1.0,D,17.0,19.0,5.0,4.0,5.0,8.0,19.0,10.0,1.0,0.0,0.0,0.0,3.7,3.75,1.95
1617,19/03/17,Atalanta,Pescara,3.0,0.0,H,1.0,0.0,H,18.0,6.0,7.0,1.0,7.0,5.0,19.0,15.0,2.0,2.0,0.0,0.0,1.25,6.0,12.0
1617,19/03/17,Bologna,Chievo,4.0,1.0,H,0.0,1.0,A,18.0,11.0,5.0,4.0,8.0,3.0,19.0,16.0,2.0,3.0,0.0,0.0,2.3,3.1,3.4
1617,19/03/17,Cagliari,Lazio,0.0,0.0,D,0.0,0.0,D,4.0,14.0,1.0,4.0,3.0,9.0,11.0,14.0,3.0,2.0,0.0,0.0,6.0,4.2,1.55
1617,19/03/17,Crotone,Fiorentina,0.0,1.0,A,0.0,0.0,D,11.0,27.0,1.0,10.0,2.0,1.0,16.0,14.0,1.0,1.0,0.0,0.0,5.5,3.75,1.67
1617,19/03/17,Empoli,Napoli,2.0,3.0,A,0.0,3.0,A,10.0,11.0,4.0,6.0,2.0,1.0,25.0,16.0,3.0,4.0,0.0,0.0,11.0,5.5,1.29
1617,19/03/17,Roma,Sassuolo,3.0,1.0,H,2.0,1.0,H,22.0,9.0,8.0,4.0,11.0,7.0,6.0,9.0,1.0,2.0,0.0,0.0,1.22,6.0,15.0
1617,19/03/17,Sampdoria,Juventus,0.0,1.0,A,0.0,1.0,A,10.0,9.0,5.0,5.0,2.0,5.0,6.0,10.0,1.0,1.0,0.0,0.0,7.0,4.0,1.53
1617,19/03/17,Udinese,Palermo,4.0,1.0,H,1.0,1.0,D,13.0,6.0,10.0,2.0,5.0,5.0,16.0,20.0,3.0,2.0,0.0,1.0,1.62,3.8,6.0
1617,01/04/17,Roma,Empoli,2.0,0.0,H,1.0,0.0,H,20.0,12.0,5.0,3.0,14.0,4.0,17.0,6.0,0.0,1.0,0.0,0.0,1.17,7.5,17.0
1617,01/04/17,Sassuolo,Lazio,1.0,2.0,A,1.0,1.0,D,9.0,12.0,3.0,4.0,2.0,3.0,13.0,12.0,2.0,4.0,0.0,0.0,4.5,3.75,1.8
1617,02/04/17,Chievo,Crotone,1.0,2.0,A,0.0,0.0,D,16.0,16.0,4.0,7.0,2.0,8.0,9.0,9.0,2.0,2.0,0.0,0.0,1.85,3.5,4.5
1617,02/04/17,Fiorentina,Bologna,1.0,0.0,H,0.0,0.0,D,18.0,5.0,6.0,1.0,11.0,1.0,12.0,13.0,3.0,2.0,0.0,0.0,1.5,4.2,7.0
1617,02/04/17,Genoa,Atalanta,0.0,5.0,A,0.0,2.0,A,8.0,22.0,4.0,13.0,3.0,7.0,14.0,16.0,3.0,1.0,1.0,0.0,3.8,3.4,2.05
1617,02/04/17,Napoli,Juventus,1.0,1.0,D,0.0,1.0,A,17.0,4.0,4.0,1.0,5.0,2.0,11.0,9.0,1.0,0.0,0.0,0.0,2.38,3.3,3.1
1617,02/04/17,Palermo,Cagliari,1.0,3.0,A,1.0,0.0,H,14.0,17.0,5.0,9.0,13.0,4.0,13.0,15.0,3.0,1.0,0.0,0.0,2.25,3.4,3.25
1617,02/04/17,Pescara,Milan,1.0,1.0,D,1.0,1.0,D,8.0,26.0,3.0,5.0,5.0,7.0,26.0,9.0,5.0,3.0,0.0,0.0,6.0,4.33,1.53
1617,02/04/17,Torino,Udinese,2.0,2.0,D,0.0,0.0,D,22.0,8.0,7.0,3.0,13.0,2.0,14.0,16.0,1.0,3.0,0.0,0.0,1.85,3.75,4.2
1617,03/04/17,Inter,Sampdoria,1.0,2.0,A,1.0,0.0,H,18.0,11.0,5.0,3.0,16.0,2.0,14.0,12.0,2.0,0.0,0.0,0.0,1.33,5.5,9.0
1617,08/04/17,Atalanta,Sassuolo,1.0,1.0,D,0.0,1.0,A,18.0,4.0,7.0,2.0,11.0,2.0,13.0,15.0,3.0,4.0,0.0,0.0,1.45,4.5,7.0
1617,08/04/17,Empoli,Pescara,1.0,1.0,D,1.0,1.0,D,14.0,14.0,4.0,4.0,7.0,5.0,15.0,15.0,2.0,3.0,0.0,0.0,1.83,3.75,4.2
1617,08/04/17,Juventus,Chievo,2.0,0.0,H,1.0,0.0,H,17.0,10.0,6.0,3.0,10.0,2.0,8.0,12.0,1.0,2.0,0.0,0.0,1.25,6.0,12.0
1617,09/04/17,Bologna,Roma,0.0,3.0,A,0.0,2.0,A,13.0,11.0,4.0,5.0,6.0,5.0,14.0,9.0,3.0,2.0,0.0,0.0,7.0,4.75,1.44
1617,09/04/17,Cagliari,Torino,2.0,3.0,A,1.0,2.0,A,10.0,13.0,2.0,5.0,5.0,2.0,22.0,13.0,2.0,3.0,0.0,1.0,3.0,3.5,2.3
1617,09/04/17,Crotone,Inter,2.0,1.0,H,2.0,0.0,H,12.0,17.0,7.0,4.0,3.0,7.0,15.0,14.0,4.0,2.0,0.0,0.0,10.0,5.0,1.33
1617,09/04/17,Lazio,Napoli,0.0,3.0,A,0.0,1.0,A,17.0,12.0,5.0,7.0,3.0,4.0,10.0,7.0,3.0,3.0,0.0,0.0,2.7,3.6,2.5
1617,09/04/17,Milan,Palermo,4.0,0.0,H,3.0,0.0,H,14.0,8.0,10.0,2.0,8.0,5.0,10.0,14.0,1.0,2.0,0.0,1.0,1.25,6.0,12.0
1617,09/04/17,Sampdoria,Fiorentina,2.0,2.0,D,1.0,0.0,H,10.0,19.0,4.0,4.0,4.0,10.0,19.0,15.0,2.0,1.0,0.0,0.0,3.0,3.5,2.3
1617,09/04/17,Udinese,Genoa,3.0,0.0,H,2.0,0.0,H,9.0,13.0,3.0,3.0,7.0,5.0,13.0,13.0,2.0,2.0,0.0,0.0,1.8,3.7,4.5
1617,15/04/17,Cagliari,Chievo,4.0,0.0,H,3.0,0.0,H,23.0,16.0,11.0,2.0,1.0,4.0,20.0,16.0,2.0,2.0,0.0,0.0,2.2,3.3,3.3
1617,15/04/17,Fiorentina,Empoli,1.0,2.0,A,0.0,1.0,A,18.0,11.0,7.0,5.0,8.0,7.0,17.0,18.0,4.0,5.0,1.0,0.0,1.33,5.0,9.0
1617,15/04/17,Genoa,Lazio,2.0,2.0,D,1.0,1.0,D,13.0,21.0,6.0,6.0,7.0,7.0,15.0,13.0,4.0,4.0,0.0,0.0,5.0,3.75,1.67
1617,15/04/17,Inter,Milan,2.0,2.0,D,2.0,0.0,H,10.0,14.0,4.0,6.0,2.0,8.0,11.0,10.0,3.0,2.0,0.0,0.0,2.0,3.4,3.75
1617,15/04/17,Napoli,Udinese,3.0,0.0,H,0.0,0.0,D,19.0,7.0,6.0,2.0,15.0,2.0,8.0,8.0,0.0,1.0,0.0,0.0,1.22,6.0,13.0
1617,15/04/17,Palermo,Bologna,0.0,0.0,D,0.0,0.0,D,16.0,7.0,2.0,4.0,3.0,5.0,14.0,10.0,4.0,2.0,0.0,1.0,2.55,3.2,2.8
1617,15/04/17,Pescara,Juventus,0.0,2.0,A,0.0,2.0,A,6.0,14.0,2.0,7.0,2.0,1.0,19.0,12.0,4.0,1.0,0.0,0.0,9.0,5.75,1.29
1617,15/04/17,Roma,Atalanta,1.0,1.0,D,0.0,1.0,A,21.0,6.0,5.0,1.0,11.0,3.0,8.0,21.0,2.0,3.0,0.0,0.0,1.5,4.33,6.0
1617,15/04/17,Sassuolo,Sampdoria,2.0,1.0,H,0.0,1.0,A,8.0,13.0,3.0,3.0,11.0,6.0,13.0,14.0,3.0,2.0,0.0,0.0,2.1,3.5,3.3
1617,15/04/17,Torino,Crotone,1.0,1.0,D,0.0,0.0,D,24.0,8.0,8.0,1.0,11.0,5.0,12.0,12.0,2.0,3.0,0.0,0.0,1.53,4.0,6.0
1617,22/04/17,Atalanta,Bologna,3.0,2.0,H,2.0,1.0,H,5.0,11.0,3.0,6.0,3.0,3.0,17.0,19.0,2.0,3.0,0.0,0.0,1.36,5.0,8.5
1617,22/04/17,Fiorentina,Inter,5.0,4.0,H,1.0,2.0,A,13.0,10.0,9.0,6.0,7.0,10.0,10.0,11.0,3.0,1.0,0.0,0.0,2.7,3.4,2.63
1617,23/04/17,Chievo,Torino,1.0,3.0,A,0.0,0.0,D,13.0,22.0,3.0,5.0,5.0,9.0,12.0,11.0,1.0,1.0,0.0,0.0,3.0,3.5,2.25
1617,23/04/17,Juventus,Genoa,4.0,0.0,H,3.0,0.0,H,18.0,11.0,4.0,2.0,4.0,2.0,10.0,13.0,0.0,1.0,0.0,0.0,1.18,7.0,17.0
1617,23/04/17,Lazio,Palermo,6.0,2.0,H,5.0,0.0,H,17.0,7.0,7.0,2.0,5.0,2.0,10.0,8.0,1.0,1.0,0.0,0.0,1.14,8.0,21.0
1617,23/04/17,Milan,Empoli,1.0,2.0,A,0.0,1.0,A,28.0,11.0,12.0,7.0,10.0,4.0,15.0,17.0,3.0,4.0,0.0,0.0,1.36,4.75,9.5
1617,23/04/17,Sampdoria,Crotone,1.0,2.0,A,1.0,0.0,H,10.0,14.0,5.0,6.0,5.0,9.0,9.0,13.0,2.0,3.0,0.0,0.0,1.91,3.5,4.2
1617,23/04/17,Sassuolo,Napoli,2.0,2.0,D,0.0,0.0,D,8.0,20.0,4.0,6.0,2.0,9.0,9.0,16.0,3.0,1.0,0.0,0.0,9.5,4.75,1.36
1617,23/04/17,Udinese,Cagliari,2.0,1.0,H,0.0,0.0,D,18.0,12.0,5.0,3.0,7.0,2.0,11.0,15.0,1.0,1.0,0.0,0.0,1.85,3.5,4.5
1617,24/04/17,Pescara,Roma,1.0,4.0,A,0.0,2.0,A,16.0,23.0,4.0,6.0,9.0,5.0,10.0,12.0,2.0,0.0,0.0,0.0,11.0,6.5,1.22
1617,28/04/17,Atalanta,Juventus,2.0,2.0,D,1.0,0.0,H,13.0,16.0,7.0,8.0,7.0,10.0,13.0,9.0,3.0,2.0,0.0,0.0,3.75,3.4,2.05
1617,29/04/17,Torino,Sampdoria,1.0,1.0,D,0.0,1.0,A,25.0,7.0,5.0,4.0,4.0,3.0,12.0,9.0,1.0,2.0,0.0,0.0,1.62,4.2,5.25
1617,30/04/17,Bologna,Udinese,4.0,0.0,H,2.0,0.0,H,11.0,6.0,6.0,2.0,5.0,10.0,13.0,13.0,1.0,3.0,0.0,0.0,2.38,3.3,3.0
1617,30/04/17,Cagliari,Pescara,1.0,0.0,H,1.0,0.0,H,15.0,14.0,4.0,8.0,3.0,5.0,16.0,17.0,1.0,4.0,0.0,0.0,1.62,4.2,5.25
1617,30/04/17,Crotone,Milan,1.0,1.0,D,1.0,0.0,H,11.0,13.0,3.0,7.0,6.0,11.0,17.0,14.0,3.0,1.0,0.0,1.0,4.0,3.5,1.95
1617,30/04/17,Empoli,Sassuolo,1.0,3.0,A,1.0,2.0,A,18.0,11.0,9.0,6.0,12.0,4.0,11.0,13.0,2.0,3.0,0.0,0.0,2.1,3.4,3.6
1617,30/04/17,Genoa,Chievo,1.0,2.0,A,1.0,0.0,H,15.0,8.0,1.0,2.0,3.0,4.0,15.0,16.0,1.0,2.0,0.0,1.0,1.67,3.75,5.5
1617,30/04/17,Inter,Napoli,0.0,1.0,A,0.0,1.0,A,14.0,16.0,3.0,4.0,8.0,4.0,9.0,9.0,2.0,2.0,0.0,0.0,3.1,3.4,2.3
1617,30/04/17,Palermo,Fiorentina,2.0,0.0,H,1.0,0.0,H,10.0,13.0,2.0,3.0,1.0,9.0,10.0,9.0,2.0,2.0,0.0,1.0,8.0,4.75,1.4
1617,30/04/17,Roma,Lazio,1.0,3.0,A,1.0,1.0,D,12.0,14.0,6.0,7.0,8.0,5.0,10.0,10.0,0.0,4.0,1.0,0.0,1.85,3.75,4.2
1617,06/05/17,Juventus,Torino,1.0,1.0,D,0.0,0.0,D,22.0,9.0,5.0,2.0,12.0,1.0,15.0,11.0,3.0,2.0,0.0,1.0,1.5,4.33,7.0
1617,06/05/17,Napoli,Cagliari,3.0,1.0,H,1.0,0.0,H,28.0,8.0,9.0,3.0,7.0,2.0,4.0,6.0,1.0,0.0,0.0,0.0,1.13,9.0,21.0
1617,07/05/17,Chievo,Palermo,1.0,1.0,D,0.0,0.0,D,5.0,15.0,2.0,5.0,5.0,7.0,20.0,20.0,3.0,3.0,0.0,0.0,1.67,4.0,5.0
1617,07/05/17,Empoli,Bologna,3.0,1.0,H,2.0,1.0,H,20.0,6.0,8.0,3.0,5.0,1.0,20.0,18.0,1.0,2.0,0.0,0.0,1.7,3.8,5.0
1617,07/05/17,Genoa,Inter,1.0,0.0,H,0.0,0.0,D,10.0,11.0,5.0,4.0,4.0,3.0,16.0,26.0,4.0,2.0,0.0,1.0,4.75,3.8,1.75
1617,07/05/17,Lazio,Sampdoria,7.0,3.0,H,5.0,1.0,H,19.0,8.0,11.0,7.0,11.0,2.0,13.0,6.0,0.0,1.0,0.0,1.0,1.22,6.5,13.0
1617,07/05/17,Milan,Roma,1.0,4.0,A,0.0,2.0,A,13.0,24.0,2.0,10.0,9.0,7.0,12.0,9.0,4.0,1.0,1.0,0.0,3.25,3.8,2.1
1617,07/05/17,Pescara,Crotone,0.0,1.0,A,0.0,0.0,D,10.0,13.0,2.0,3.0,5.0,6.0,15.0,21.0,3.0,2.0,1.0,0.0,5.0,4.4,1.6
1617,07/05/17,Sassuolo,Fiorentina,2.0,2.0,D,0.0,1.0,A,12.0,13.0,8.0,6.0,10.0,6.0,16.0,19.0,5.0,2.0,0.0,1.0,3.1,3.6,2.2
1617,07/05/17,Udinese,Atalanta,1.0,1.0,D,0.0,1.0,A,12.0,9.0,5.0,4.0,3.0,5.0,15.0,19.0,4.0,3.0,0.0,0.0,4.5,3.7,1.8
1617,13/05/17,Atalanta,Milan,1.0,1.0,D,1.0,0.0,H,14.0,13.0,7.0,4.0,10.0,5.0,11.0,8.0,2.0,1.0,0.0,0.0,2.05,3.5,3.6
1617,13/05/17,Fiorentina,Lazio,3.0,2.0,H,0.0,0.0,D,18.0,14.0,9.0,5.0,4.0,6.0,14.0,17.0,2.0,3.0,0.0,0.0,1.95,3.8,3.6
1617,14/05/17,Bologna,Pescara,3.0,1.0,H,1.0,1.0,D,15.0,15.0,7.0,4.0,9.0,5.0,9.0,13.0,2.0,2.0,0.0,0.0,1.5,4.2,6.5
1617,14/05/17,Cagliari,Empoli,3.0,2.0,H,3.0,0.0,H,15.0,12.0,6.0,3.0,1.0,5.0,17.0,11.0,2.0,2.0,0.0,0.0,2.9,3.7,2.3
1617,14/05/17,Crotone,Udinese,1.0,0.0,H,1.0,0.0,H,11.0,13.0,7.0,4.0,4.0,8.0,13.0,10.0,2.0,2.0,0.0,0.0,1.8,3.5,4.75
1617,14/05/17,Inter,Sassuolo,1.0,2.0,A,0.0,1.0,A,23.0,12.0,7.0,4.0,15.0,2.0,13.0,13.0,3.0,1.0,0.0,0.0,1.44,4.75,6.75
1617,14/05/17,Palermo,Genoa,1.0,0.0,H,1.0,0.0,H,10.0,13.0,3.0,3.0,3.0,9.0,18.0,18.0,1.0,1.0,0.0,0.0,5.0,4.0,1.67
1617,14/05/17,Roma,Juventus,3.0,1.0,H,1.0,1.0,D,14.0,16.0,7.0,5.0,5.0,6.0,9.0,6.0,3.0,2.0,0.0,0.0,2.5,3.4,2.88
1617,14/05/17,Sampdoria,Chievo,1.0,1.0,D,1.0,0.0,H,12.0,7.0,3.0,1.0,5.0,1.0,17.0,14.0,2.0,4.0,0.0,0.0,1.8,3.8,4.33
1617,14/05/17,Torino,Napoli,0.0,5.0,A,0.0,1.0,A,10.0,15.0,1.0,6.0,2.0,7.0,12.0,9.0,2.0,1.0,0.0,0.0,6.0,4.5,1.5
1617,20/05/17,Chievo,Roma,3.0,5.0,A,2.0,2.0,D,11.0,19.0,4.0,11.0,3.0,6.0,11.0,11.0,2.0,0.0,0.0,0.0,13.0,6.5,1.22
1617,20/05/17,Napoli,Fiorentina,4.0,1.0,H,2.0,0.0,H,19.0,14.0,9.0,5.0,5.0,6.0,10.0,8.0,2.0,1.0,0.0,0.0,1.25,6.5,10.0
1617,21/05/17,Empoli,Atalanta,0.0,1.0,A,0.0,1.0,A,8.0,13.0,3.0,5.0,6.0,5.0,16.0,17.0,3.0,2.0,0.0,0.0,2.3,3.4,3.1
1617,21/05/17,Genoa,Torino,2.0,1.0,H,1.0,0.0,H,8.0,4.0,4.0,1.0,4.0,5.0,17.0,20.0,2.0,5.0,0.0,0.0,2.05,3.3,3.8
1617,21/05/17,Juventus,Crotone,3.0,0.0,H,2.0,0.0,H,19.0,9.0,7.0,2.0,9.0,2.0,13.0,14.0,1.0,1.0,0.0,0.0,1.17,7.5,17.0
1617,21/05/17,Lazio,Inter,1.0,3.0,A,1.0,2.0,A,7.0,9.0,1.0,3.0,6.0,6.0,18.0,14.0,2.0,2.0,2.0,0.0,2.0,3.5,3.75
1617,21/05/17,Milan,Bologna,3.0,0.0,H,0.0,0.0,D,23.0,8.0,6.0,0.0,10.0,3.0,9.0,8.0,2.0,2.0,0.0,0.0,1.36,5.0,8.5
1617,21/05/17,Sassuolo,Cagliari,6.0,2.0,H,4.0,1.0,H,13.0,14.0,8.0,6.0,4.0,10.0,13.0,22.0,1.0,5.0,0.0,0.0,1.8,3.8,4.33
1617,21/05/17,Udinese,Sampdoria,1.0,1.0,D,1.0,0.0,H,12.0,8.0,3.0,4.0,6.0,5.0,9.0,11.0,1.0,2.0,2.0,1.0,2.1,3.5,3.5
1617,22/05/17,Pescara,Palermo,2.0,0.0,H,1.0,0.0,H,12.0,12.0,4.0,3.0,2.0,2.0,18.0,10.0,2.0,0.0,0.0,0.0,2.3,3.5,3.0
1617,27/05/17,Atalanta,Chievo,1.0,0.0,H,0.0,0.0,D,13.0,6.0,6.0,3.0,6.0,5.0,15.0,8.0,1.0,0.0,0.0,0.0,1.29,6.0,9.5
1617,27/05/17,Bologna,Juventus,1.0,2.0,A,0.0,0.0,D,8.0,17.0,2.0,7.0,3.0,10.0,17.0,8.0,3.0,1.0,0.0,0.0,4.5,4.0,1.73
1617,28/05/17,Cagliari,Milan,2.0,1.0,H,1.0,0.0,H,17.0,18.0,9.0,7.0,6.0,6.0,16.0,13.0,3.0,1.0,0.0,1.0,3.5,4.0,1.95
1617,28/05/17,Crotone,Lazio,3.0,1.0,H,2.0,1.0,H,11.0,9.0,5.0,3.0,3.0,5.0,13.0,13.0,3.0,3.0,0.0,1.0,2.05,4.0,3.25
1617,28/05/17,Fiorentina,Pescara,2.0,2.0,D,0.0,1.0,A,24.0,15.0,8.0,6.0,6.0,10.0,15.0,13.0,2.0,1.0,1.0,0.0,1.14,8.0,19.0
1617,28/05/17,Inter,Udinese,5.0,2.0,H,3.0,0.0,H,17.0,17.0,6.0,4.0,6.0,7.0,15.0,1.0,2.0,1.0,0.0,0.0,1.33,5.5,8.5
1617,28/05/17,Palermo,Empoli,2.0,1.0,H,0.0,0.0,D,10.0,17.0,5.0,4.0,0.0,7.0,18.0,16.0,3.0,4.0,0.0,0.0,6.0,4.33,1.53
1617,28/05/17,Roma,Genoa,3.0,2.0,H,1.0,1.0,D,24.0,13.0,7.0,4.0,6.0,2.0,8.0,14.0,2.0,0.0,0.0,0.0,1.06,15.0,34.0
1617,28/05/17,Sampdoria,Napoli,2.0,4.0,A,0.0,2.0,A,12.0,22.0,2.0,7.0,5.0,10.0,9.0,8.0,1.0,0.0,0.0,0.0,15.0,7.5,1.18
1617,28/05/17,Torino,Sassuolo,5.0,3.0,H,3.0,2.0,H,16.0,21.0,9.0,7.0,6.0,10.0,16.0,6.0,2.0,0.0,0.0,0.0,1.6,4.6,4.75
1718,19/08/17,Juventus,Cagliari,3.0,0.0,H,2.0,0.0,H,17.0,5.0,7.0,2.0,4.0,1.0,13.0,11.0,1.0,0.0,0.0,0.0,1.14,8.0,19.0
1718,19/08/17,Verona,Napoli,1.0,3.0,A,0.0,2.0,A,12.0,22.0,4.0,12.0,3.0,6.0,7.0,9.0,2.0,2.0,0.0,1.0,8.0,4.75,1.4
1718,20/08/17,Atalanta,Roma,0.0,1.0,A,0.0,1.0,A,14.0,6.0,6.0,1.0,4.0,1.0,14.0,16.0,1.0,2.0,0.0,0.0,3.2,3.3,2.3
1718,20/08/17,Bologna,Torino,1.0,1.0,D,1.0,1.0,D,13.0,9.0,3.0,3.0,0.0,8.0,18.0,10.0,2.0,1.0,0.0,0.0,3.1,3.3,2.38
1718,20/08/17,Crotone,Milan,0.0,3.0,A,0.0,3.0,A,6.0,19.0,2.0,10.0,2.0,9.0,9.0,14.0,1.0,3.0,1.0,0.0,6.0,4.0,1.57
1718,20/08/17,Inter,Fiorentina,3.0,0.0,H,2.0,0.0,H,16.0,15.0,6.0,3.0,9.0,7.0,7.0,13.0,0.0,1.0,0.0,0.0,1.57,4.0,6.0
1718,20/08/17,Lazio,Spal,0.0,0.0,D,0.0,0.0,D,23.0,9.0,13.0,2.0,9.0,5.0,20.0,4.0,2.0,2.0,0.0,0.0,1.29,5.5,11.0
1718,20/08/17,Sampdoria,Benevento,2.0,1.0,H,1.0,1.0,D,16.0,18.0,6.0,7.0,6.0,7.0,10.0,10.0,1.0,2.0,0.0,0.0,1.67,3.75,5.5
1718,20/08/17,Sassuolo,Genoa,0.0,0.0,D,0.0,0.0,D,14.0,12.0,3.0,4.0,2.0,5.0,16.0,28.0,2.0,3.0,0.0,0.0,2.2,3.25,3.5
1718,20/08/17,Udinese,Chievo,1.0,2.0,A,1.0,1.0,D,18.0,10.0,5.0,3.0,5.0,4.0,11.0,10.0,2.0,2.0,0.0,0.0,2.1,3.2,3.8
1718,26/08/17,Benevento,Bologna,0.0,1.0,A,0.0,0.0,D,15.0,14.0,5.0,4.0,6.0,2.0,10.0,13.0,1.0,3.0,0.0,0.0,2.7,3.2,2.75
1718,26/08/17,Genoa,Juventus,2.0,4.0,A,2.0,2.0,D,9.0,17.0,3.0,7.0,1.0,4.0,13.0,8.0,4.0,3.0,0.0,0.0,9.0,4.5,1.4
1718,26/08/17,Roma,Inter,1.0,3.0,A,1.0,0.0,H,18.0,14.0,3.0,8.0,12.0,6.0,12.0,8.0,1.0,1.0,0.0,0.0,2.3,3.5,3.0
1718,27/08/17,Chievo,Lazio,1.0,2.0,A,1.0,1.0,D,13.0,13.0,5.0,3.0,9.0,6.0,8.0,8.0,1.0,1.0,0.0,0.0,3.5,3.2,2.2
1718,27/08/17,Crotone,Verona,0.0,0.0,D,0.0,0.0,D,13.0,5.0,4.0,0.0,1.0,3.0,13.0,11.0,1.0,3.0,0.0,0.0,2.5,3.2,2.88
1718,27/08/17,Fiorentina,Sampdoria,1.0,2.0,A,0.0,2.0,A,25.0,12.0,10.0,5.0,14.0,7.0,20.0,11.0,3.0,4.0,0.0,0.0,1.8,3.5,4.5
1718,27/08/17,Milan,Cagliari,2.0,1.0,H,1.0,0.0,H,15.0,14.0,5.0,4.0,2.0,6.0,20.0,17.0,2.0,1.0,0.0,0.0,1.22,6.5,13.0
1718,27/08/17,Napoli,Atalanta,3.0,1.0,H,0.0,1.0,A,10.0,14.0,4.0,2.0,9.0,6.0,15.0,9.0,1.0,2.0,0.0,0.0,1.4,4.75,8.0
1718,27/08/17,Spal,Udinese,3.0,2.0,H,1.0,0.0,H,10.0,11.0,4.0,3.0,0.0,7.0,9.0,14.0,3.0,1.0,0.0,0.0,2.5,3.1,2.9
1718,27/08/17,Torino,Sassuolo,3.0,0.0,H,1.0,0.0,H,14.0,19.0,5.0,2.0,5.0,11.0,13.0,16.0,1.0,1.0,0.0,0.0,1.75,3.6,5.0
1718,09/09/17,Juventus,Chievo,3.0,0.0,H,1.0,0.0,H,15.0,15.0,4.0,2.0,10.0,6.0,10.0,7.0,2.0,1.0,0.0,0.0,1.17,7.5,17.0
1718,10/09/17,Atalanta,Sassuolo,2.0,1.0,H,1.0,1.0,D,9.0,16.0,3.0,3.0,3.0,7.0,13.0,18.0,0.0,1.0,0.0,0.0,1.55,4.0,6.5
1718,10/09/17,Benevento,Torino,0.0,1.0,A,0.0,0.0,D,15.0,16.0,5.0,6.0,2.0,10.0,13.0,22.0,2.0,2.0,0.0,0.0,4.33,3.75,1.83
1718,10/09/17,Bologna,Napoli,0.0,3.0,A,0.0,0.0,D,5.0,17.0,2.0,7.0,5.0,7.0,10.0,16.0,5.0,1.0,0.0,0.0,10.0,5.0,1.33
1718,10/09/17,Cagliari,Crotone,1.0,0.0,H,1.0,0.0,H,13.0,9.0,4.0,2.0,6.0,4.0,16.0,16.0,2.0,1.0,0.0,0.0,1.67,3.75,5.5
1718,10/09/17,Inter,Spal,2.0,0.0,H,1.0,0.0,H,19.0,9.0,7.0,1.0,8.0,5.0,14.0,13.0,2.0,2.0,0.0,0.0,1.25,6.0,13.0
1718,10/09/17,Lazio,Milan,4.0,1.0,H,2.0,0.0,H,12.0,18.0,7.0,6.0,3.0,5.0,14.0,12.0,1.0,1.0,0.0,0.0,2.45,3.4,2.9
1718,10/09/17,Udinese,Genoa,1.0,0.0,H,1.0,0.0,H,14.0,12.0,5.0,2.0,1.0,8.0,12.0,17.0,4.0,0.0,1.0,1.0,2.38,3.2,3.2
1718,10/09/17,Verona,Fiorentina,0.0,5.0,A,0.0,3.0,A,14.0,20.0,2.0,10.0,8.0,6.0,12.0,11.0,2.0,1.0,0.0,0.0,3.4,3.3,2.2
1718,16/09/17,Crotone,Inter,0.0,2.0,A,0.0,0.0,D,12.0,7.0,4.0,3.0,8.0,6.0,10.0,6.0,1.0,2.0,0.0,0.0,10.0,5.0,1.33
1718,16/09/17,Fiorentina,Bologna,2.0,1.0,H,0.0,0.0,D,14.0,6.0,4.0,2.0,7.0,3.0,16.0,8.0,1.0,3.0,0.0,0.0,1.55,4.2,6.0
1718,16/09/17,Roma,Verona,3.0,0.0,H,2.0,0.0,H,30.0,8.0,10.0,1.0,8.0,1.0,7.0,12.0,1.0,1.0,0.0,1.0,1.17,7.5,17.0
1718,17/09/17,Chievo,Atalanta,1.0,1.0,D,0.0,0.0,D,15.0,10.0,4.0,6.0,6.0,5.0,13.0,11.0,2.0,0.0,0.0,0.0,3.0,3.2,2.5
1718,17/09/17,Genoa,Lazio,2.0,3.0,A,0.0,1.0,A,5.0,18.0,4.0,6.0,2.0,1.0,10.0,12.0,1.0,2.0,0.0,0.0,3.8,3.5,2.0
1718,17/09/17,Milan,Udinese,2.0,1.0,H,2.0,1.0,H,21.0,4.0,7.0,2.0,10.0,3.0,13.0,10.0,1.0,2.0,0.0,0.0,1.4,4.6,8.5
1718,17/09/17,Napoli,Benevento,6.0,0.0,H,4.0,0.0,H,27.0,6.0,14.0,0.0,8.0,1.0,6.0,7.0,0.0,1.0,0.0,0.0,1.11,10.0,19.0
1718,17/09/17,Sassuolo,Juventus,1.0,3.0,A,0.0,1.0,A,13.0,14.0,4.0,6.0,3.0,4.0,15.0,13.0,1.0,2.0,0.0,0.0,7.5,4.33,1.45
1718,17/09/17,Spal,Cagliari,0.0,2.0,A,0.0,1.0,A,12.0,11.0,3.0,3.0,7.0,4.0,12.0,21.0,1.0,3.0,0.0,0.0,2.38,3.3,3.1
1718,17/09/17,Torino,Sampdoria,2.0,2.0,D,2.0,2.0,D,13.0,11.0,3.0,5.0,3.0,6.0,14.0,15.0,2.0,1.0,0.0,0.0,1.67,4.0,5.0
1718,19/09/17,Bologna,Inter,1.0,1.0,D,1.0,0.0,H,14.0,11.0,3.0,3.0,4.0,11.0,12.0,18.0,4.0,3.0,0.0,0.0,5.75,4.0,1.6
1718,20/09/17,Atalanta,Crotone,5.0,1.0,H,3.0,0.0,H,14.0,7.0,11.0,5.0,3.0,3.0,5.0,19.0,0.0,1.0,0.0,0.0,1.33,5.0,10.0
1718,20/09/17,Benevento,Roma,0.0,4.0,A,0.0,2.0,A,16.0,21.0,5.0,7.0,2.0,9.0,10.0,8.0,2.0,0.0,0.0,0.0,8.0,5.25,1.36
1718,20/09/17,Cagliari,Sassuolo,0.0,1.0,A,0.0,0.0,D,17.0,14.0,3.0,6.0,5.0,2.0,21.0,10.0,3.0,3.0,0.0,0.0,2.2,3.4,3.3
1718,20/09/17,Genoa,Chievo,1.0,1.0,D,0.0,0.0,D,11.0,16.0,2.0,7.0,6.0,2.0,19.0,7.0,1.0,2.0,0.0,0.0,2.2,3.3,3.5
1718,20/09/17,Juventus,Fiorentina,1.0,0.0,H,0.0,0.0,D,12.0,9.0,5.0,0.0,3.0,1.0,10.0,23.0,1.0,2.0,0.0,1.0,1.33,5.25,9.0
1718,20/09/17,Lazio,Napoli,1.0,4.0,A,1.0,0.0,H,4.0,17.0,2.0,11.0,3.0,2.0,9.0,13.0,2.0,3.0,0.0,0.0,3.4,3.6,2.1
1718,20/09/17,Milan,Spal,2.0,0.0,H,1.0,0.0,H,20.0,6.0,7.0,0.0,9.0,8.0,19.0,15.0,1.0,2.0,0.0,0.0,1.25,6.5,11.0
1718,20/09/17,Udinese,Torino,2.0,3.0,A,0.0,2.0,A,16.0,13.0,6.0,8.0,12.0,1.0,17.0,13.0,1.0,5.0,0.0,0.0,2.88,3.5,2.4
1718,20/09/17,Verona,Sampdoria,0.0,0.0,D,0.0,0.0,D,14.0,17.0,6.0,5.0,4.0,7.0,17.0,6.0,3.0,1.0,0.0,0.0,3.6,3.5,2.05
1718,23/09/17,Juventus,Torino,4.0,0.0,H,2.0,0.0,H,23.0,6.0,10.0,1.0,6.0,3.0,16.0,12.0,1.0,4.0,0.0,1.0,1.4,4.5,8.5
1718,23/09/17,Roma,Udinese,3.0,1.0,H,3.0,0.0,H,18.0,14.0,8.0,5.0,5.0,8.0,9.0,10.0,0.0,1.0,0.0,0.0,1.25,6.0,12.0
1718,23/09/17,Spal,Napoli,2.0,3.0,A,1.0,1.0,D,6.0,21.0,2.0,12.0,4.0,6.0,9.0,11.0,3.0,1.0,0.0,0.0,15.0,6.0,1.22
1718,24/09/17,Cagliari,Chievo,0.0,2.0,A,0.0,0.0,D,15.0,16.0,3.0,4.0,6.0,2.0,25.0,16.0,2.0,2.0,1.0,0.0,2.25,3.3,3.3
1718,24/09/17,Crotone,Benevento,2.0,0.0,H,1.0,0.0,H,17.0,16.0,4.0,2.0,2.0,7.0,12.0,12.0,0.0,0.0,0.0,0.0,1.91,3.4,4.33
1718,24/09/17,Fiorentina,Atalanta,1.0,1.0,D,1.0,0.0,H,10.0,16.0,2.0,5.0,3.0,8.0,22.0,11.0,2.0,5.0,0.0,0.0,2.2,3.4,3.2
1718,24/09/17,Inter,Genoa,1.0,0.0,H,0.0,0.0,D,14.0,9.0,7.0,3.0,8.0,4.0,10.0,14.0,0.0,2.0,0.0,2.0,1.3,5.5,10.0
1718,24/09/17,Sampdoria,Milan,2.0,0.0,H,0.0,0.0,D,12.0,6.0,4.0,0.0,7.0,4.0,13.0,17.0,0.0,2.0,0.0,0.0,3.5,3.75,2.0
1718,24/09/17,Sassuolo,Bologna,0.0,1.0,A,0.0,0.0,D,8.0,8.0,3.0,4.0,3.0,6.0,11.0,15.0,3.0,4.0,1.0,0.0,2.1,3.3,3.75
1718,24/09/17,Verona,Lazio,0.0,3.0,A,0.0,2.0,A,9.0,12.0,2.0,5.0,3.0,4.0,8.0,13.0,2.0,2.0,0.0,0.0,5.5,4.0,1.62
1718,30/09/17,Genoa,Bologna,0.0,1.0,A,0.0,0.0,D,18.0,8.0,7.0,4.0,10.0,3.0,15.0,9.0,4.0,2.0,0.0,0.0,2.25,3.2,3.3
1718,30/09/17,Udinese,Sampdoria,4.0,0.0,H,1.0,0.0,H,15.0,13.0,7.0,2.0,3.0,4.0,12.0,10.0,4.0,2.0,0.0,1.0,2.7,3.25,2.6
1718,01/10/17,Atalanta,Juventus,2.0,2.0,D,1.0,2.0,A,7.0,16.0,3.0,8.0,0.0,3.0,22.0,11.0,3.0,1.0,0.0,0.0,4.75,3.75,1.7
1718,01/10/17,Benevento,Inter,1.0,2.0,A,1.0,2.0,A,11.0,22.0,2.0,7.0,1.0,11.0,13.0,10.0,2.0,3.0,0.0,0.0,11.0,5.0,1.29
1718,01/10/17,Chievo,Fiorentina,2.0,1.0,H,1.0,1.0,D,13.0,22.0,6.0,4.0,3.0,7.0,10.0,10.0,2.0,1.0,0.0,0.0,2.8,3.25,2.5
1718,01/10/17,Lazio,Sassuolo,6.0,1.0,H,1.0,1.0,D,22.0,8.0,13.0,6.0,5.0,4.0,13.0,8.0,2.0,3.0,0.0,0.0,1.4,4.5,8.0
1718,01/10/17,Milan,Roma,0.0,2.0,A,0.0,0.0,D,17.0,11.0,3.0,6.0,5.0,5.0,15.0,8.0,3.0,1.0,1.0,0.0,2.55,3.4,2.63
1718,01/10/17,Napoli,Cagliari,3.0,0.0,H,2.0,0.0,H,25.0,4.0,6.0,0.0,7.0,2.0,6.0,10.0,0.0,0.0,0.0,0.0,1.13,8.0,21.0
1718,01/10/17,Spal,Crotone,1.0,1.0,D,1.0,0.0,H,17.0,13.0,5.0,4.0,12.0,6.0,12.0,17.0,2.0,1.0,0.0,0.0,1.91,3.4,4.0
1718,01/10/17,Torino,Verona,2.0,2.0,D,2.0,0.0,H,12.0,20.0,5.0,7.0,6.0,5.0,11.0,15.0,1.0,4.0,0.0,1.0,1.33,5.0,9.0
1718,14/10/17,Juventus,Lazio,1.0,2.0,A,1.0,0.0,H,18.0,10.0,6.0,5.0,4.0,2.0,10.0,14.0,2.0,1.0,0.0,0.0,1.53,4.5,5.75
1718,14/10/17,Roma,Napoli,0.0,1.0,A,0.0,1.0,A,10.0,16.0,2.0,6.0,5.0,2.0,12.0,9.0,2.0,2.0,0.0,0.0,3.2,3.4,2.25
1718,15/10/17,Bologna,Spal,2.0,1.0,H,1.0,0.0,H,14.0,7.0,2.0,2.0,2.0,5.0,20.0,14.0,2.0,2.0,0.0,0.0,1.75,3.5,5.25
1718,15/10/17,Cagliari,Genoa,2.0,3.0,A,0.0,2.0,A,12.0,18.0,7.0,11.0,6.0,7.0,13.0,14.0,2.0,0.0,0.0,0.0,2.25,3.3,3.3
1718,15/10/17,Crotone,Torino,2.0,2.0,D,1.0,0.0,H,9.0,21.0,3.0,9.0,3.0,8.0,15.0,7.0,1.0,0.0,0.0,0.0,3.75,3.5,2.0
1718,15/10/17,Fiorentina,Udinese,2.0,1.0,H,1.0,0.0,H,13.0,8.0,6.0,2.0,4.0,4.0,11.0,14.0,1.0,1.0,0.0,0.0,1.67,3.8,5.5
1718,15/10/17,Inter,Milan,3.0,2.0,H,1.0,0.0,H,15.0,21.0,6.0,6.0,2.0,7.0,17.0,12.0,6.0,2.0,0.0,0.0,2.2,3.4,3.4
1718,15/10/17,Sampdoria,Atalanta,3.0,1.0,H,0.0,1.0,A,11.0,21.0,7.0,11.0,4.0,6.0,10.0,14.0,3.0,3.0,0.0,0.0,2.8,3.3,2.6
1718,15/10/17,Sassuolo,Chievo,0.0,0.0,D,0.0,0.0,D,18.0,9.0,4.0,2.0,6.0,8.0,8.0,15.0,2.0,0.0,0.0,0.0,2.25,3.3,3.3
1718,16/10/17,Verona,Benevento,1.0,0.0,H,0.0,0.0,D,13.0,8.0,3.0,1.0,5.0,3.0,15.0,12.0,4.0,3.0,0.0,1.0,1.91,3.5,4.2
1718,21/10/17,Napoli,Inter,0.0,0.0,D,0.0,0.0,D,12.0,11.0,3.0,2.0,5.0,7.0,9.0,9.0,1.0,1.0,0.0,0.0,1.61,4.2,5.0
1718,21/10/17,Sampdoria,Crotone,5.0,0.0,H,3.0,0.0,H,6.0,8.0,5.0,2.0,4.0,0.0,11.0,20.0,1.0,3.0,0.0,0.0,1.53,3.79,7.5
1718,22/10/17,Atalanta,Bologna,1.0,0.0,H,0.0,0.0,D,20.0,6.0,2.0,0.0,10.0,3.0,12.0,15.0,3.0,4.0,0.0,1.0,1.6,3.75,6.5
1718,22/10/17,Benevento,Fiorentina,0.0,3.0,A,0.0,1.0,A,9.0,14.0,1.0,7.0,3.0,5.0,16.0,18.0,2.0,1.0,0.0,0.0,6.0,3.79,1.57
1718,22/10/17,Chievo,Verona,3.0,2.0,H,2.0,1.0,H,22.0,11.0,8.0,3.0,5.0,4.0,8.0,11.0,2.0,3.0,0.0,1.0,1.9,3.39,4.33
1718,22/10/17,Lazio,Cagliari,3.0,0.0,H,2.0,0.0,H,10.0,12.0,3.0,5.0,4.0,5.0,12.0,15.0,1.0,4.0,0.0,0.0,1.28,6.0,9.0
1718,22/10/17,Milan,Genoa,0.0,0.0,D,0.0,0.0,D,18.0,12.0,7.0,2.0,5.0,3.0,14.0,21.0,0.0,2.0,1.0,0.0,1.44,4.33,8.0
1718,22/10/17,Spal,Sassuolo,0.0,1.0,A,0.0,1.0,A,13.0,12.0,2.0,2.0,10.0,3.0,18.0,15.0,3.0,3.0,0.0,1.0,2.6,3.29,2.75
1718,22/10/17,Torino,Roma,0.0,1.0,A,0.0,0.0,D,5.0,16.0,0.0,5.0,0.0,5.0,26.0,14.0,1.0,1.0,0.0,0.0,3.75,3.6,1.95
1718,22/10/17,Udinese,Juventus,2.0,6.0,A,1.0,2.0,A,11.0,13.0,4.0,5.0,1.0,6.0,19.0,9.0,6.0,3.0,0.0,1.0,7.5,4.5,1.44
1718,24/10/17,Inter,Sampdoria,3.0,2.0,H,2.0,0.0,H,24.0,12.0,8.0,2.0,8.0,4.0,12.0,11.0,2.0,2.0,0.0,0.0,1.44,4.75,7.0
1718,25/10/17,Atalanta,Verona,3.0,0.0,H,0.0,0.0,D,23.0,11.0,7.0,4.0,5.0,5.0,7.0,14.0,0.0,0.0,0.0,0.0,1.36,5.0,8.5
1718,25/10/17,Bologna,Lazio,1.0,2.0,A,0.0,2.0,A,7.0,14.0,3.0,3.0,10.0,4.0,12.0,9.0,2.0,2.0,0.0,0.0,5.25,3.75,1.7
1718,25/10/17,Cagliari,Benevento,2.0,1.0,H,1.0,0.0,H,13.0,9.0,5.0,3.0,5.0,2.0,26.0,15.0,5.0,1.0,0.0,0.0,1.44,4.5,7.5
1718,25/10/17,Chievo,Milan,1.0,4.0,A,0.0,2.0,A,9.0,17.0,3.0,4.0,1.0,1.0,12.0,10.0,2.0,3.0,0.0,0.0,3.6,3.25,2.14
1718,25/10/17,Fiorentina,Torino,3.0,0.0,H,1.0,0.0,H,15.0,5.0,7.0,0.0,5.0,6.0,22.0,22.0,1.0,3.0,0.0,1.0,1.85,3.79,4.0
1718,25/10/17,Genoa,Napoli,2.0,3.0,A,1.0,2.0,A,7.0,19.0,4.0,6.0,1.0,4.0,8.0,5.0,1.0,1.0,0.0,0.0,9.0,5.25,1.33
1718,25/10/17,Juventus,Spal,4.0,1.0,H,2.0,1.0,H,16.0,6.0,6.0,2.0,5.0,2.0,16.0,13.0,1.0,0.0,0.0,0.0,1.12,9.0,21.0
1718,25/10/17,Roma,Crotone,1.0,0.0,H,1.0,0.0,H,20.0,3.0,4.0,2.0,10.0,1.0,8.0,9.0,0.0,1.0,0.0,0.0,1.16,8.0,15.0
1718,25/10/17,Sassuolo,Udinese,0.0,1.0,A,0.0,1.0,A,11.0,8.0,3.0,2.0,6.0,3.0,15.0,19.0,2.0,3.0,0.0,0.0,2.0,3.5,3.75
1718,28/10/17,Milan,Juventus,0.0,2.0,A,0.0,1.0,A,11.0,9.0,4.0,4.0,5.0,6.0,21.0,10.0,2.0,0.0,0.0,0.0,4.2,3.5,1.9
1718,28/10/17,Roma,Bologna,1.0,0.0,H,1.0,0.0,H,15.0,10.0,3.0,2.0,7.0,5.0,10.0,13.0,1.0,4.0,0.0,0.0,1.28,5.75,10.0
1718,29/10/17,Benevento,Lazio,1.0,5.0,A,0.0,3.0,A,19.0,12.0,6.0,9.0,2.0,6.0,12.0,10.0,1.0,1.0,0.0,0.0,11.0,5.5,1.28
1718,29/10/17,Crotone,Fiorentina,2.0,1.0,H,2.0,1.0,H,11.0,17.0,5.0,3.0,3.0,5.0,19.0,17.0,3.0,3.0,0.0,0.0,5.5,3.75,1.64
1718,29/10/17,Napoli,Sassuolo,3.0,1.0,H,2.0,1.0,H,26.0,8.0,9.0,1.0,6.0,5.0,14.0,13.0,2.0,2.0,0.0,0.0,1.14,9.0,15.0
1718,29/10/17,Sampdoria,Chievo,4.0,1.0,H,3.0,1.0,H,15.0,13.0,7.0,6.0,8.0,6.0,9.0,11.0,2.0,3.0,0.0,0.0,1.83,3.6,4.5
1718,29/10/17,Spal,Genoa,1.0,0.0,H,0.0,0.0,D,7.0,13.0,3.0,2.0,4.0,5.0,14.0,24.0,4.0,3.0,0.0,0.0,3.1,3.1,2.5
1718,29/10/17,Torino,Cagliari,2.0,1.0,H,1.0,1.0,D,19.0,7.0,6.0,3.0,7.0,6.0,9.0,19.0,4.0,3.0,0.0,0.0,1.6,4.33,5.25
1718,29/10/17,Udinese,Atalanta,2.0,1.0,H,1.0,1.0,D,7.0,7.0,4.0,2.0,5.0,7.0,15.0,15.0,0.0,2.0,0.0,0.0,3.6,3.39,2.1
1718,30/10/17,Verona,Inter,1.0,2.0,A,0.0,1.0,A,10.0,17.0,2.0,4.0,4.0,7.0,12.0,9.0,4.0,2.0,0.0,0.0,7.5,5.0,1.39
1718,04/11/17,Bologna,Crotone,2.0,3.0,A,2.0,1.0,H,15.0,10.0,5.0,6.0,5.0,2.0,14.0,14.0,2.0,3.0,0.0,0.0,1.8,3.5,4.75
1718,04/11/17,Genoa,Sampdoria,0.0,2.0,A,0.0,1.0,A,14.0,11.0,2.0,5.0,5.0,2.0,22.0,8.0,4.0,2.0,0.0,0.0,3.0,3.1,2.54
1718,05/11/17,Atalanta,Spal,1.0,1.0,D,1.0,0.0,H,9.0,11.0,3.0,3.0,3.0,3.0,14.0,13.0,0.0,2.0,1.0,0.0,1.3,5.25,10.0
1718,05/11/17,Cagliari,Verona,2.0,1.0,H,1.0,1.0,D,22.0,9.0,9.0,2.0,8.0,2.0,11.0,15.0,2.0,4.0,0.0,0.0,1.9,3.29,4.5
1718,05/11/17,Chievo,Napoli,0.0,0.0,D,0.0,0.0,D,3.0,19.0,1.0,5.0,2.0,11.0,7.0,7.0,1.0,3.0,0.0,0.0,7.5,5.0,1.39
1718,05/11/17,Fiorentina,Roma,2.0,4.0,A,2.0,2.0,D,20.0,21.0,6.0,10.0,6.0,9.0,15.0,10.0,1.0,1.0,0.0,0.0,3.0,3.5,2.29
1718,05/11/17,Inter,Torino,1.0,1.0,D,0.0,0.0,D,20.0,7.0,5.0,3.0,8.0,3.0,19.0,12.0,3.0,5.0,0.0,0.0,1.5,4.33,6.5
1718,05/11/17,Juventus,Benevento,2.0,1.0,H,0.0,1.0,A,27.0,3.0,8.0,1.0,8.0,2.0,15.0,13.0,3.0,3.0,0.0,0.0,1.06,13.0,34.0
1718,05/11/17,Sassuolo,Milan,0.0,2.0,A,0.0,1.0,A,6.0,14.0,1.0,10.0,7.0,10.0,20.0,15.0,2.0,3.0,0.0,0.0,3.75,3.39,2.04
1718,18/11/17,Napoli,Milan,2.0,1.0,H,1.0,0.0,H,16.0,13.0,10.0,3.0,3.0,1.0,17.0,7.0,2.0,1.0,0.0,0.0,1.44,4.59,7.0
1718,18/11/17,Roma,Lazio,2.0,1.0,H,0.0,0.0,D,16.0,12.0,7.0,2.0,6.0,7.0,11.0,17.0,2.0,4.0,0.0,0.0,2.1,3.5,3.39
1718,19/11/17,Benevento,Sassuolo,1.0,2.0,A,0.0,0.0,D,13.0,15.0,6.0,5.0,6.0,5.0,26.0,11.0,4.0,1.0,1.0,0.0,3.39,3.6,2.04
1718,19/11/17,Crotone,Genoa,0.0,1.0,A,0.0,1.0,A,11.0,10.0,5.0,7.0,5.0,2.0,17.0,15.0,1.0,3.0,0.0,0.0,3.1,3.2,2.45
1718,19/11/17,Inter,Atalanta,2.0,0.0,H,0.0,0.0,D,8.0,8.0,4.0,1.0,1.0,2.0,10.0,13.0,0.0,2.0,0.0,0.0,1.75,3.75,4.75
1718,19/11/17,Sampdoria,Juventus,3.0,2.0,H,0.0,0.0,D,9.0,19.0,5.0,4.0,3.0,4.0,12.0,15.0,4.0,3.0,0.0,0.0,7.0,4.0,1.53
1718,19/11/17,Spal,Fiorentina,1.0,1.0,D,1.0,0.0,H,7.0,20.0,1.0,5.0,1.0,8.0,10.0,17.0,4.0,3.0,1.0,0.0,3.79,3.6,1.95
1718,19/11/17,Torino,Chievo,1.0,1.0,D,1.0,1.0,D,19.0,12.0,5.0,4.0,5.0,1.0,9.0,15.0,1.0,1.0,0.0,1.0,1.83,3.6,4.5
1718,19/11/17,Udinese,Cagliari,0.0,1.0,A,0.0,0.0,D,14.0,12.0,5.0,4.0,6.0,4.0,9.0,11.0,1.0,0.0,1.0,0.0,1.95,3.6,3.79
1718,20/11/17,Verona,Bologna,2.0,3.0,A,2.0,1.0,H,17.0,12.0,5.0,5.0,6.0,4.0,11.0,11.0,2.0,1.0,0.0,0.0,2.87,3.2,2.6
1718,25/11/17,Bologna,Sampdoria,3.0,0.0,H,2.0,0.0,H,11.0,20.0,6.0,7.0,5.0,12.0,5.0,13.0,2.0,2.0,1.0,0.0,2.6,3.29,2.75
1718,25/11/17,Cagliari,Inter,1.0,3.0,A,0.0,1.0,A,15.0,10.0,4.0,4.0,7.0,5.0,12.0,15.0,2.0,2.0,0.0,0.0,5.0,4.0,1.66
1718,25/11/17,Chievo,Spal,2.0,1.0,H,0.0,1.0,A,12.0,14.0,3.0,5.0,2.0,8.0,23.0,24.0,0.0,1.0,0.0,0.0,1.9,3.5,4.2
1718,25/11/17,Sassuolo,Verona,0.0,2.0,A,0.0,2.0,A,20.0,9.0,3.0,6.0,10.0,6.0,10.0,15.0,0.0,3.0,0.0,1.0,1.66,4.0,5.0
1718,26/11/17,Genoa,Roma,1.0,1.0,D,0.0,0.0,D,9.0,14.0,4.0,4.0,1.0,4.0,15.0,16.0,1.0,3.0,0.0,1.0,5.0,3.75,1.72
1718,26/11/17,Juventus,Crotone,3.0,0.0,H,0.0,0.0,D,25.0,4.0,10.0,1.0,7.0,0.0,8.0,9.0,2.0,2.0,0.0,0.0,1.14,8.0,19.0
1718,26/11/17,Lazio,Fiorentina,1.0,1.0,D,1.0,0.0,H,13.0,16.0,7.0,8.0,6.0,5.0,16.0,8.0,2.0,2.0,0.0,0.0,1.64,4.2,5.0
1718,26/11/17,Milan,Torino,0.0,0.0,D,0.0,0.0,D,17.0,8.0,6.0,2.0,5.0,4.0,15.0,20.0,0.0,2.0,0.0,0.0,1.75,3.75,4.75
1718,26/11/17,Udinese,Napoli,0.0,1.0,A,0.0,1.0,A,10.0,9.0,2.0,4.0,3.0,7.0,14.0,7.0,5.0,1.0,0.0,0.0,7.5,5.5,1.36
1718,27/11/17,Atalanta,Benevento,1.0,0.0,H,0.0,0.0,D,14.0,6.0,4.0,2.0,9.0,3.0,11.0,16.0,1.0,2.0,0.0,0.0,1.22,6.0,12.0
1718,01/12/17,Napoli,Juventus,0.0,1.0,A,0.0,1.0,A,21.0,7.0,6.0,4.0,10.0,3.0,9.0,5.0,2.0,1.0,0.0,0.0,2.0,3.39,4.0
1718,01/12/17,Roma,Spal,3.0,1.0,H,2.0,0.0,H,37.0,3.0,15.0,2.0,10.0,0.0,10.0,12.0,1.0,2.0,0.0,1.0,1.22,6.5,12.0
1718,02/12/17,Torino,Atalanta,1.0,1.0,D,1.0,0.0,H,9.0,14.0,4.0,6.0,5.0,7.0,9.0,13.0,2.0,2.0,0.0,0.0,2.45,3.39,2.87
1718,03/12/17,Benevento,Milan,2.0,2.0,D,0.0,1.0,A,17.0,12.0,6.0,7.0,4.0,3.0,16.0,12.0,3.0,5.0,0.0,1.0,9.0,5.0,1.36
1718,03/12/17,Bologna,Cagliari,1.0,1.0,D,0.0,1.0,A,13.0,8.0,3.0,2.0,5.0,3.0,15.0,20.0,6.0,2.0,0.0,0.0,2.0,3.29,4.0
1718,03/12/17,Fiorentina,Sassuolo,3.0,0.0,H,2.0,0.0,H,23.0,8.0,9.0,1.0,13.0,8.0,9.0,9.0,1.0,3.0,0.0,0.0,1.57,4.0,6.0
1718,03/12/17,Inter,Chievo,5.0,0.0,H,2.0,0.0,H,37.0,7.0,13.0,4.0,18.0,2.0,11.0,4.0,1.0,0.0,0.0,0.0,1.39,4.75,8.0
1718,03/12/17,Sampdoria,Lazio,1.0,2.0,A,0.0,0.0,D,16.0,14.0,3.0,3.0,5.0,6.0,10.0,12.0,0.0,1.0,0.0,0.0,3.6,3.6,2.0
1718,04/12/17,Crotone,Udinese,0.0,3.0,A,0.0,1.0,A,9.0,15.0,2.0,6.0,7.0,7.0,8.0,11.0,0.0,0.0,0.0,0.0,2.87,3.1,2.62
1718,04/12/17,Verona,Genoa,0.0,1.0,A,0.0,1.0,A,15.0,9.0,3.0,1.0,2.0,3.0,17.0,19.0,2.0,4.0,0.0,0.0,3.5,3.29,2.14
1718,09/12/17,Cagliari,Sampdoria,2.0,2.0,D,0.0,2.0,A,14.0,16.0,6.0,9.0,6.0,4.0,15.0,11.0,3.0,0.0,0.0,0.0,2.6,3.39,2.7
1718,09/12/17,Juventus,Inter,0.0,0.0,D,0.0,0.0,D,19.0,6.0,8.0,1.0,3.0,4.0,10.0,21.0,2.0,5.0,0.0,0.0,1.7,3.75,5.25
1718,10/12/17,Chievo,Roma,0.0,0.0,D,0.0,0.0,D,9.0,24.0,1.0,8.0,1.0,13.0,10.0,8.0,1.0,2.0,0.0,0.0,5.5,4.0,1.61
1718,10/12/17,Milan,Bologna,2.0,1.0,H,1.0,1.0,D,21.0,10.0,7.0,2.0,12.0,7.0,9.0,7.0,0.0,0.0,0.0,0.0,1.5,4.2,7.0
1718,10/12/17,Napoli,Fiorentina,0.0,0.0,D,0.0,0.0,D,10.0,6.0,4.0,3.0,4.0,2.0,10.0,6.0,3.0,3.0,0.0,0.0,1.36,5.5,7.5
1718,10/12/17,Sassuolo,Crotone,2.0,1.0,H,0.0,0.0,D,16.0,8.0,7.0,2.0,8.0,6.0,10.0,15.0,3.0,2.0,0.0,0.0,1.83,3.6,4.5
1718,10/12/17,Spal,Verona,2.0,2.0,D,0.0,0.0,D,19.0,16.0,10.0,8.0,8.0,6.0,14.0,15.0,3.0,2.0,0.0,0.0,2.04,3.5,3.6
1718,10/12/17,Udinese,Benevento,2.0,0.0,H,2.0,0.0,H,9.0,20.0,2.0,5.0,3.0,9.0,16.0,15.0,1.0,2.0,0.0,0.0,1.5,4.2,7.0
1718,11/12/17,Lazio,Torino,1.0,3.0,A,0.0,0.0,D,20.0,18.0,7.0,6.0,13.0,2.0,7.0,16.0,1.0,1.0,1.0,0.0,1.5,4.75,5.75
1718,12/12/17,Genoa,Atalanta,1.0,2.0,A,1.0,1.0,D,15.0,13.0,4.0,7.0,7.0,5.0,14.0,20.0,3.0,2.0,0.0,0.0,3.1,3.29,2.37
1718,16/12/17,Inter,Udinese,1.0,3.0,A,1.0,1.0,D,26.0,8.0,8.0,5.0,15.0,3.0,9.0,16.0,1.0,4.0,0.0,0.0,1.33,5.25,9.0
1718,16/12/17,Roma,Cagliari,1.0,0.0,H,0.0,0.0,D,21.0,3.0,6.0,0.0,5.0,1.0,14.0,15.0,1.0,3.0,0.0,0.0,1.25,6.0,12.0
1718,16/12/17,Torino,Napoli,1.0,3.0,A,0.0,3.0,A,8.0,12.0,2.0,4.0,4.0,5.0,8.0,8.0,1.0,1.0,0.0,0.0,5.5,3.89,1.61
1718,17/12/17,Atalanta,Lazio,3.0,3.0,D,2.0,2.0,D,13.0,13.0,6.0,4.0,5.0,7.0,5.0,12.0,2.0,2.0,0.0,0.0,2.37,3.39,3.0
1718,17/12/17,Benevento,Spal,1.0,2.0,A,0.0,0.0,D,16.0,14.0,4.0,5.0,6.0,3.0,14.0,11.0,2.0,3.0,0.0,0.0,2.87,3.1,2.62
1718,17/12/17,Bologna,Juventus,0.0,3.0,A,0.0,2.0,A,3.0,11.0,1.0,6.0,3.0,7.0,9.0,9.0,3.0,1.0,0.0,0.0,7.0,4.75,1.44
1718,17/12/17,Crotone,Chievo,1.0,0.0,H,1.0,0.0,H,15.0,15.0,6.0,4.0,6.0,4.0,17.0,13.0,4.0,4.0,0.0,0.0,3.2,3.2,2.37
1718,17/12/17,Fiorentina,Genoa,0.0,0.0,D,0.0,0.0,D,22.0,5.0,4.0,3.0,3.0,4.0,13.0,9.0,2.0,2.0,0.0,0.0,1.57,4.0,6.0
1718,17/12/17,Sampdoria,Sassuolo,0.0,1.0,A,0.0,0.0,D,13.0,15.0,2.0,7.0,7.0,5.0,15.0,16.0,1.0,6.0,0.0,0.0,1.8,4.0,4.2
1718,17/12/17,Verona,Milan,3.0,0.0,H,1.0,0.0,H,6.0,30.0,4.0,8.0,4.0,13.0,12.0,13.0,3.0,2.0,0.0,1.0,5.5,4.33,1.57
1718,22/12/17,Cagliari,Fiorentina,0.0,1.0,A,0.0,0.0,D,8.0,26.0,1.0,7.0,7.0,10.0,14.0,13.0,2.0,2.0,1.0,0.0,3.25,3.29,2.25
1718,22/12/17,Chievo,Bologna,2.0,3.0,A,1.0,1.0,D,21.0,9.0,8.0,5.0,7.0,5.0,13.0,13.0,2.0,2.0,0.0,1.0,2.54,3.0,3.0
1718,23/12/17,Genoa,Benevento,1.0,0.0,H,0.0,0.0,D,15.0,12.0,5.0,3.0,8.0,4.0,14.0,17.0,2.0,5.0,0.0,0.0,1.44,4.33,8.0
1718,23/12/17,Juventus,Roma,1.0,0.0,H,1.0,0.0,H,22.0,13.0,7.0,3.0,3.0,5.0,9.0,13.0,2.0,3.0,0.0,0.0,1.8,3.6,4.75
1718,23/12/17,Lazio,Crotone,4.0,0.0,H,0.0,0.0,D,19.0,8.0,6.0,2.0,10.0,3.0,12.0,7.0,1.0,2.0,0.0,0.0,1.22,6.5,13.0
1718,23/12/17,Milan,Atalanta,0.0,2.0,A,0.0,1.0,A,23.0,11.0,5.0,7.0,7.0,4.0,17.0,11.0,2.0,0.0,0.0,0.0,2.39,3.25,3.0
1718,23/12/17,Napoli,Sampdoria,3.0,2.0,H,3.0,2.0,H,14.0,6.0,9.0,2.0,2.0,2.0,17.0,15.0,4.0,5.0,1.0,0.0,1.25,6.0,12.0
1718,23/12/17,Sassuolo,Inter,1.0,0.0,H,1.0,0.0,H,9.0,16.0,4.0,4.0,1.0,10.0,14.0,18.0,1.0,2.0,0.0,0.0,5.0,3.75,1.72
1718,23/12/17,Spal,Torino,2.0,2.0,D,1.0,2.0,A,15.0,15.0,4.0,5.0,9.0,3.0,12.0,21.0,4.0,2.0,0.0,0.0,3.6,3.39,2.1
1718,23/12/17,Udinese,Verona,4.0,0.0,H,2.0,0.0,H,27.0,3.0,10.0,0.0,7.0,1.0,12.0,15.0,0.0,3.0,0.0,0.0,1.66,3.79,5.25
1718,29/12/17,Crotone,Napoli,0.0,1.0,A,0.0,1.0,A,5.0,23.0,2.0,7.0,2.0,15.0,10.0,6.0,1.0,2.0,0.0,0.0,15.0,6.5,1.19
1718,30/12/17,Atalanta,Cagliari,1.0,2.0,A,0.0,2.0,A,25.0,4.0,6.0,3.0,5.0,3.0,6.0,19.0,0.0,5.0,0.0,1.0,1.44,4.33,8.0
1718,30/12/17,Benevento,Chievo,1.0,0.0,H,0.0,0.0,D,18.0,9.0,9.0,3.0,7.0,1.0,14.0,17.0,1.0,2.0,0.0,0.0,3.2,3.29,2.29
1718,30/12/17,Bologna,Udinese,1.0,2.0,A,1.0,1.0,D,12.0,7.0,3.0,4.0,8.0,0.0,14.0,16.0,2.0,3.0,0.0,0.0,2.39,3.29,3.0
1718,30/12/17,Fiorentina,Milan,1.0,1.0,D,0.0,0.0,D,18.0,8.0,6.0,4.0,2.0,5.0,11.0,12.0,1.0,1.0,0.0,0.0,2.0,3.5,3.79
1718,30/12/17,Inter,Lazio,0.0,0.0,D,0.0,0.0,D,10.0,12.0,3.0,4.0,10.0,8.0,13.0,9.0,2.0,1.0,0.0,0.0,2.29,3.39,3.1
1718,30/12/17,Roma,Sassuolo,1.0,1.0,D,1.0,0.0,H,21.0,15.0,4.0,5.0,7.0,4.0,13.0,12.0,1.0,2.0,0.0,0.0,1.3,5.5,10.0
1718,30/12/17,Sampdoria,Spal,2.0,0.0,H,0.0,0.0,D,20.0,9.0,8.0,2.0,11.0,3.0,16.0,15.0,3.0,4.0,0.0,0.0,1.72,4.0,4.5
1718,30/12/17,Torino,Genoa,0.0,0.0,D,0.0,0.0,D,17.0,3.0,6.0,1.0,8.0,3.0,25.0,23.0,1.0,3.0,0.0,0.0,2.1,3.39,3.6
1718,30/12/17,Verona,Juventus,1.0,3.0,A,0.0,1.0,A,3.0,18.0,1.0,8.0,6.0,6.0,22.0,4.0,2.0,0.0,0.0,0.0,15.0,6.5,1.19
1718,05/01/18,Chievo,Udinese,1.0,1.0,D,1.0,1.0,D,11.0,9.0,6.0,1.0,5.0,5.0,6.0,20.0,0.0,1.0,0.0,0.0,3.0,3.2,2.5
1718,05/01/18,Fiorentina,Inter,1.0,1.0,D,0.0,0.0,D,23.0,13.0,4.0,4.0,7.0,5.0,9.0,11.0,2.0,3.0,0.0,0.0,2.5,3.25,2.87
1718,06/01/18,Benevento,Sampdoria,3.0,2.0,H,0.0,1.0,A,16.0,13.0,4.0,6.0,6.0,7.0,10.0,9.0,1.0,1.0,0.0,1.0,3.5,3.5,2.1
1718,06/01/18,Cagliari,Juventus,0.0,1.0,A,0.0,0.0,D,9.0,16.0,2.0,2.0,5.0,3.0,17.0,13.0,1.0,2.0,0.0,0.0,10.0,5.0,1.33
1718,06/01/18,Genoa,Sassuolo,1.0,0.0,H,0.0,0.0,D,7.0,10.0,3.0,1.0,5.0,5.0,17.0,16.0,3.0,1.0,0.0,0.0,2.2,3.2,3.5
1718,06/01/18,Milan,Crotone,1.0,0.0,H,0.0,0.0,D,26.0,8.0,9.0,2.0,14.0,0.0,17.0,16.0,2.0,2.0,0.0,0.0,1.33,5.25,9.5
1718,06/01/18,Napoli,Verona,2.0,0.0,H,0.0,0.0,D,24.0,3.0,9.0,1.0,5.0,1.0,9.0,8.0,0.0,4.0,0.0,0.0,1.11,10.0,21.0
1718,06/01/18,Roma,Atalanta,1.0,2.0,A,0.0,2.0,A,18.0,11.0,5.0,4.0,12.0,7.0,12.0,6.0,1.0,3.0,0.0,1.0,1.72,3.79,4.75
1718,06/01/18,Spal,Lazio,2.0,5.0,A,2.0,4.0,A,13.0,15.0,4.0,7.0,9.0,4.0,8.0,14.0,2.0,3.0,0.0,0.0,6.5,4.2,1.53
1718,06/01/18,Torino,Bologna,3.0,0.0,H,1.0,0.0,H,19.0,6.0,6.0,1.0,4.0,5.0,13.0,12.0,1.0,2.0,0.0,0.0,2.1,3.39,3.6
1718,21/01/18,Atalanta,Napoli,0.0,1.0,A,0.0,0.0,D,9.0,12.0,3.0,3.0,8.0,7.0,10.0,13.0,0.0,2.0,0.0,0.0,3.6,3.5,2.04
1718,21/01/18,Bologna,Benevento,3.0,0.0,H,1.0,0.0,H,8.0,4.0,6.0,1.0,5.0,3.0,11.0,15.0,4.0,2.0,0.0,0.0,1.7,3.6,5.5
1718,21/01/18,Cagliari,Milan,1.0,2.0,A,1.0,2.0,A,12.0,16.0,3.0,6.0,5.0,8.0,23.0,17.0,5.0,4.0,1.0,1.0,3.75,3.39,2.04
1718,21/01/18,Inter,Roma,1.0,1.0,D,0.0,1.0,A,17.0,7.0,7.0,1.0,6.0,5.0,13.0,13.0,2.0,0.0,0.0,0.0,2.39,3.5,2.89
1718,21/01/18,Lazio,Chievo,5.0,1.0,H,2.0,1.0,H,18.0,9.0,11.0,3.0,2.0,2.0,5.0,3.0,1.0,0.0,0.0,0.0,1.25,6.25,12.0
1718,21/01/18,Sampdoria,Fiorentina,3.0,1.0,H,1.0,0.0,H,14.0,12.0,10.0,5.0,7.0,4.0,5.0,16.0,1.0,2.0,0.0,0.0,3.0,3.39,2.37
1718,21/01/18,Sassuolo,Torino,1.0,1.0,D,0.0,1.0,A,18.0,9.0,6.0,4.0,6.0,7.0,16.0,15.0,4.0,2.0,0.0,0.0,2.62,3.25,2.75
1718,21/01/18,Udinese,Spal,1.0,1.0,D,1.0,0.0,H,6.0,14.0,1.0,4.0,5.0,7.0,23.0,12.0,2.0,3.0,0.0,0.0,1.75,3.39,5.5
1718,21/01/18,Verona,Crotone,0.0,3.0,A,0.0,1.0,A,10.0,9.0,2.0,5.0,5.0,1.0,13.0,15.0,1.0,5.0,1.0,0.0,2.1,3.25,3.75
1718,22/01/18,Juventus,Genoa,1.0,0.0,H,1.0,0.0,H,15.0,3.0,5.0,0.0,4.0,3.0,23.0,17.0,1.0,5.0,0.0,0.0,1.19,6.5,17.0
1718,24/01/18,Lazio,Udinese,3.0,0.0,H,1.0,0.0,H,11.0,12.0,7.0,4.0,3.0,6.0,8.0,5.0,0.0,2.0,0.0,0.0,1.5,4.33,6.5
1718,24/01/18,Sampdoria,Roma,1.0,1.0,D,1.0,0.0,H,13.0,20.0,3.0,4.0,6.0,7.0,10.0,12.0,1.0,3.0,0.0,0.0,4.0,3.6,1.9
1718,27/01/18,Chievo,Juventus,0.0,2.0,A,0.0,0.0,D,1.0,16.0,1.0,7.0,2.0,4.0,9.0,11.0,2.0,2.0,2.0,0.0,10.0,5.0,1.33
1718,27/01/18,Sassuolo,Atalanta,0.0,3.0,A,0.0,1.0,A,10.0,17.0,1.0,10.0,5.0,7.0,11.0,11.0,2.0,0.0,1.0,0.0,3.39,3.29,2.2
1718,28/01/18,Crotone,Cagliari,1.0,1.0,D,1.0,1.0,D,13.0,6.0,6.0,3.0,9.0,4.0,18.0,15.0,2.0,2.0,0.0,1.0,2.39,3.1,3.2
1718,28/01/18,Fiorentina,Verona,1.0,4.0,A,0.0,2.0,A,28.0,8.0,6.0,5.0,11.0,3.0,13.0,16.0,3.0,4.0,0.0,0.0,1.28,5.5,11.0
1718,28/01/18,Genoa,Udinese,0.0,1.0,A,0.0,0.0,D,19.0,6.0,2.0,1.0,10.0,3.0,11.0,17.0,2.0,0.0,0.0,1.0,2.14,3.1,3.79
1718,28/01/18,Milan,Lazio,2.0,1.0,H,2.0,1.0,H,11.0,13.0,5.0,4.0,4.0,3.0,8.0,14.0,2.0,6.0,0.0,0.0,2.39,3.5,2.89
1718,28/01/18,Napoli,Bologna,3.0,1.0,H,2.0,1.0,H,9.0,10.0,4.0,5.0,7.0,3.0,7.0,13.0,1.0,2.0,0.0,0.0,1.18,7.5,15.0
1718,28/01/18,Roma,Sampdoria,0.0,1.0,A,0.0,0.0,D,19.0,15.0,8.0,10.0,10.0,10.0,8.0,7.0,2.0,2.0,0.0,0.0,1.39,5.0,7.5
1718,28/01/18,Spal,Inter,1.0,1.0,D,0.0,0.0,D,12.0,10.0,3.0,6.0,4.0,6.0,7.0,26.0,1.0,0.0,0.0,0.0,5.5,3.79,1.66
1718,28/01/18,Torino,Benevento,3.0,0.0,H,3.0,0.0,H,14.0,6.0,5.0,1.0,6.0,3.0,14.0,10.0,2.0,1.0,0.0,1.0,1.44,4.75,7.0
1718,03/02/18,Inter,Crotone,1.0,1.0,D,1.0,0.0,H,11.0,11.0,2.0,2.0,7.0,4.0,14.0,8.0,1.0,3.0,0.0,0.0,1.3,5.25,11.0
1718,03/02/18,Sampdoria,Torino,1.0,1.0,D,1.0,1.0,D,9.0,14.0,3.0,5.0,6.0,4.0,15.0,19.0,3.0,4.0,0.0,1.0,2.39,3.39,2.89
1718,04/02/18,Atalanta,Chievo,1.0,0.0,H,0.0,0.0,D,24.0,4.0,4.0,0.0,10.0,3.0,11.0,14.0,0.0,1.0,0.0,0.0,1.36,4.75,9.5
1718,04/02/18,Benevento,Napoli,0.0,2.0,A,0.0,1.0,A,14.0,17.0,4.0,5.0,4.0,5.0,4.0,6.0,1.0,0.0,0.0,0.0,17.0,7.0,1.18
1718,04/02/18,Bologna,Fiorentina,1.0,2.0,A,1.0,1.0,D,8.0,11.0,4.0,6.0,4.0,4.0,11.0,12.0,2.0,1.0,0.0,0.0,3.39,3.29,2.2
1718,04/02/18,Cagliari,Spal,2.0,0.0,H,1.0,0.0,H,10.0,10.0,4.0,3.0,6.0,3.0,26.0,16.0,5.0,2.0,0.0,0.0,2.14,3.25,3.6
1718,04/02/18,Juventus,Sassuolo,7.0,0.0,H,4.0,0.0,H,17.0,5.0,10.0,1.0,5.0,1.0,8.0,8.0,0.0,2.0,0.0,0.0,1.22,6.0,15.0
1718,04/02/18,Udinese,Milan,1.0,1.0,D,0.0,1.0,A,13.0,15.0,3.0,4.0,5.0,5.0,18.0,13.0,2.0,2.0,0.0,1.0,3.39,3.29,2.2
1718,04/02/18,Verona,Roma,0.0,1.0,A,0.0,1.0,A,9.0,17.0,1.0,8.0,4.0,6.0,17.0,7.0,3.0,1.0,0.0,1.0,7.0,4.5,1.44
1718,05/02/18,Lazio,Genoa,1.0,2.0,A,0.0,0.0,D,22.0,6.0,5.0,4.0,8.0,1.0,7.0,9.0,0.0,1.0,0.0,0.0,1.5,4.2,7.0
1718,09/02/18,Fiorentina,Juventus,0.0,2.0,A,0.0,0.0,D,12.0,4.0,2.0,3.0,2.0,5.0,12.0,17.0,4.0,3.0,0.0,0.0,4.5,3.5,1.85
1718,10/02/18,Crotone,Atalanta,1.0,1.0,D,0.0,0.0,D,9.0,13.0,4.0,4.0,4.0,9.0,16.0,13.0,4.0,2.0,0.0,0.0,4.5,3.5,1.85
1718,10/02/18,Napoli,Lazio,4.0,1.0,H,1.0,1.0,D,17.0,5.0,7.0,1.0,2.0,2.0,5.0,10.0,0.0,3.0,0.0,0.0,1.61,4.33,5.0
1718,10/02/18,Spal,Milan,0.0,4.0,A,0.0,1.0,A,8.0,21.0,0.0,9.0,3.0,5.0,17.0,16.0,3.0,3.0,0.0,0.0,4.5,3.6,1.83
1718,11/02/18,Chievo,Genoa,0.0,1.0,A,0.0,0.0,D,6.0,10.0,1.0,3.0,3.0,7.0,16.0,17.0,1.0,1.0,0.0,0.0,3.1,3.1,2.5
1718,11/02/18,Inter,Bologna,2.0,1.0,H,1.0,1.0,D,15.0,8.0,5.0,4.0,7.0,2.0,18.0,17.0,1.0,3.0,0.0,2.0,1.5,4.2,7.0
1718,11/02/18,Roma,Benevento,5.0,2.0,H,1.0,1.0,D,20.0,6.0,9.0,3.0,10.0,3.0,9.0,7.0,0.0,0.0,0.0,0.0,1.14,8.0,19.0
1718,11/02/18,Sampdoria,Verona,2.0,0.0,H,0.0,0.0,D,22.0,6.0,10.0,1.0,8.0,4.0,10.0,15.0,1.0,1.0,0.0,0.0,1.44,4.5,7.5
1718,11/02/18,Sassuolo,Cagliari,0.0,0.0,D,0.0,0.0,D,15.0,5.0,1.0,2.0,4.0,2.0,12.0,15.0,0.0,1.0,0.0,0.0,2.1,3.39,3.6
1718,11/02/18,Torino,Udinese,2.0,0.0,H,1.0,0.0,H,14.0,12.0,7.0,0.0,7.0,3.0,12.0,16.0,2.0,1.0,0.0,0.0,1.85,3.6,4.33
1718,17/02/18,Chievo,Cagliari,2.0,1.0,H,0.0,0.0,D,9.0,5.0,5.0,3.0,7.0,1.0,10.0,23.0,2.0,3.0,0.0,0.0,2.45,3.2,3.1
1718,17/02/18,Genoa,Inter,2.0,0.0,H,1.0,0.0,H,9.0,14.0,2.0,5.0,10.0,8.0,11.0,9.0,0.0,1.0,0.0,0.0,3.5,3.1,2.25
1718,17/02/18,Udinese,Roma,0.0,2.0,A,0.0,0.0,D,8.0,18.0,3.0,7.0,2.0,7.0,11.0,10.0,3.0,1.0,0.0,0.0,4.33,3.6,1.85
1718,18/02/18,Atalanta,Fiorentina,1.0,1.0,D,1.0,1.0,D,7.0,17.0,3.0,2.0,2.0,5.0,10.0,18.0,2.0,6.0,0.0,1.0,2.29,3.29,3.1
1718,18/02/18,Benevento,Crotone,3.0,2.0,H,1.0,1.0,D,16.0,19.0,8.0,3.0,7.0,4.0,14.0,10.0,5.0,2.0,0.0,0.0,2.54,3.2,2.89
1718,18/02/18,Bologna,Sassuolo,2.0,1.0,H,1.0,1.0,D,10.0,19.0,6.0,6.0,2.0,9.0,12.0,19.0,1.0,4.0,0.0,1.0,2.54,3.2,2.87
1718,18/02/18,Milan,Sampdoria,1.0,0.0,H,1.0,0.0,H,20.0,9.0,8.0,2.0,11.0,1.0,13.0,15.0,1.0,3.0,0.0,0.0,1.72,4.0,4.5
1718,18/02/18,Napoli,Spal,1.0,0.0,H,1.0,0.0,H,19.0,4.0,5.0,1.0,10.0,1.0,10.0,11.0,1.0,4.0,0.0,0.0,1.14,8.0,23.0
1718,18/02/18,Torino,Juventus,0.0,1.0,A,0.0,1.0,A,6.0,8.0,3.0,3.0,2.0,3.0,14.0,8.0,1.0,1.0,0.0,0.0,4.75,3.75,1.75
1718,19/02/18,Lazio,Verona,2.0,0.0,H,0.0,0.0,D,33.0,5.0,10.0,0.0,11.0,2.0,7.0,10.0,0.0,1.0,0.0,0.0,1.16,7.5,17.0
1718,24/02/18,Bologna,Genoa,2.0,0.0,H,0.0,0.0,D,7.0,16.0,4.0,3.0,2.0,8.0,9.0,12.0,2.0,0.0,0.0,0.0,2.89,3.0,2.7
1718,24/02/18,Inter,Benevento,2.0,0.0,H,0.0,0.0,D,9.0,10.0,4.0,1.0,6.0,2.0,15.0,14.0,2.0,3.0,0.0,1.0,1.25,6.0,11.0
1718,25/02/18,Crotone,Spal,2.0,3.0,A,0.0,1.0,A,17.0,10.0,7.0,6.0,5.0,4.0,19.0,13.0,1.0,4.0,0.0,0.0,2.29,3.1,3.39
1718,25/02/18,Fiorentina,Chievo,1.0,0.0,H,1.0,0.0,H,14.0,5.0,5.0,2.0,9.0,10.0,16.0,17.0,1.0,1.0,0.0,0.0,1.5,4.2,7.0
1718,25/02/18,Roma,Milan,0.0,2.0,A,0.0,0.0,D,18.0,10.0,3.0,5.0,9.0,3.0,11.0,6.0,0.0,0.0,0.0,0.0,1.95,3.6,3.79
1718,25/02/18,Sampdoria,Udinese,2.0,1.0,H,1.0,0.0,H,14.0,16.0,3.0,4.0,5.0,4.0,11.0,16.0,2.0,2.0,0.0,0.0,1.9,3.5,4.2
1718,25/02/18,Sassuolo,Lazio,0.0,3.0,A,0.0,2.0,A,15.0,6.0,4.0,4.0,4.0,0.0,11.0,10.0,3.0,3.0,1.0,1.0,4.0,3.6,1.9
1718,25/02/18,Verona,Torino,2.0,1.0,H,1.0,0.0,H,7.0,12.0,4.0,2.0,7.0,7.0,12.0,19.0,3.0,1.0,0.0,0.0,5.25,3.79,1.66
1718,26/02/18,Cagliari,Napoli,0.0,5.0,A,0.0,2.0,A,7.0,18.0,3.0,8.0,1.0,2.0,12.0,5.0,2.0,1.0,0.0,0.0,10.0,5.0,1.33
1718,03/03/18,Lazio,Juventus,0.0,1.0,A,0.0,0.0,D,4.0,6.0,2.0,1.0,4.0,4.0,16.0,11.0,3.0,2.0,0.0,0.0,3.5,3.29,2.2
1718,03/03/18,Napoli,Roma,2.0,4.0,A,1.0,2.0,A,26.0,11.0,13.0,5.0,10.0,2.0,7.0,8.0,1.0,2.0,0.0,0.0,1.57,4.0,6.0
1718,03/03/18,Spal,Bologna,1.0,0.0,H,0.0,0.0,D,11.0,6.0,1.0,0.0,4.0,4.0,12.0,15.0,5.0,3.0,1.0,1.0,2.39,3.2,3.2
1718,09/03/18,Roma,Torino,3.0,0.0,H,0.0,0.0,D,15.0,10.0,5.0,3.0,13.0,6.0,8.0,21.0,1.0,2.0,0.0,0.0,1.61,4.2,5.25
1718,10/03/18,Verona,Chievo,1.0,0.0,H,0.0,0.0,D,7.0,10.0,2.0,2.0,3.0,4.0,11.0,16.0,4.0,6.0,0.0,0.0,3.39,3.29,2.2
1718,11/03/18,Bologna,Atalanta,0.0,1.0,A,0.0,0.0,D,10.0,21.0,1.0,5.0,5.0,10.0,11.0,12.0,3.0,0.0,0.0,0.0,4.2,3.39,1.95
1718,11/03/18,Cagliari,Lazio,2.0,2.0,D,1.0,1.0,D,5.0,12.0,4.0,4.0,1.0,4.0,13.0,10.0,2.0,4.0,0.0,0.0,5.25,3.75,1.66
1718,11/03/18,Crotone,Sampdoria,4.0,1.0,H,3.0,0.0,H,14.0,11.0,8.0,2.0,3.0,10.0,16.0,20.0,1.0,2.0,0.0,0.0,3.25,3.25,2.29
1718,11/03/18,Fiorentina,Benevento,1.0,0.0,H,1.0,0.0,H,14.0,11.0,5.0,3.0,8.0,9.0,11.0,8.0,2.0,3.0,0.0,0.0,1.36,5.0,8.5
1718,11/03/18,Genoa,Milan,0.0,1.0,A,0.0,0.0,D,9.0,14.0,2.0,7.0,3.0,3.0,5.0,9.0,1.0,0.0,0.0,0.0,3.39,3.0,2.39
1718,11/03/18,Inter,Napoli,0.0,0.0,D,0.0,0.0,D,3.0,11.0,1.0,2.0,2.0,3.0,9.0,10.0,1.0,3.0,0.0,0.0,4.0,3.39,1.95
1718,11/03/18,Juventus,Udinese,2.0,0.0,H,1.0,0.0,H,11.0,5.0,4.0,1.0,5.0,3.0,7.0,9.0,1.0,2.0,0.0,0.0,1.22,6.5,13.0
1718,11/03/18,Sassuolo,Spal,1.0,1.0,D,1.0,1.0,D,15.0,6.0,4.0,2.0,9.0,3.0,13.0,14.0,3.0,3.0,0.0,0.0,2.0,3.2,4.0
1718,14/03/18,Juventus,Atalanta,2.0,0.0,H,1.0,0.0,H,15.0,8.0,3.0,0.0,3.0,8.0,8.0,23.0,3.0,5.0,0.0,1.0,1.39,4.5,8.5
1718,17/03/18,Spal,Juventus,0.0,0.0,D,0.0,0.0,D,3.0,12.0,0.0,3.0,3.0,7.0,15.0,16.0,5.0,2.0,0.0,0.0,13.0,5.0,1.3
1718,17/03/18,Udinese,Sassuolo,1.0,2.0,A,1.0,1.0,D,11.0,12.0,3.0,3.0,4.0,7.0,14.0,15.0,1.0,2.0,0.0,0.0,2.1,3.29,3.75
1718,18/03/18,Benevento,Cagliari,1.0,2.0,A,0.0,0.0,D,15.0,12.0,4.0,3.0,5.0,9.0,11.0,7.0,2.0,2.0,0.0,0.0,2.39,3.39,2.89
1718,18/03/18,Crotone,Roma,0.0,2.0,A,0.0,1.0,A,8.0,20.0,3.0,8.0,4.0,5.0,10.0,11.0,0.0,0.0,0.0,0.0,6.0,4.33,1.53
1718,18/03/18,Lazio,Bologna,1.0,1.0,D,1.0,1.0,D,21.0,10.0,4.0,3.0,5.0,3.0,7.0,9.0,2.0,2.0,0.0,0.0,1.33,4.75,9.5
1718,18/03/18,Milan,Chievo,3.0,2.0,H,1.0,2.0,A,18.0,6.0,6.0,2.0,10.0,1.0,13.0,18.0,3.0,5.0,0.0,0.0,1.36,4.75,9.5
1718,18/03/18,Napoli,Genoa,1.0,0.0,H,0.0,0.0,D,16.0,12.0,4.0,3.0,8.0,3.0,7.0,11.0,1.0,2.0,0.0,0.0,1.19,6.5,13.0
1718,18/03/18,Sampdoria,Inter,0.0,5.0,A,0.0,4.0,A,10.0,15.0,2.0,8.0,7.0,9.0,6.0,9.0,2.0,1.0,0.0,0.0,3.75,3.5,2.0
1718,18/03/18,Torino,Fiorentina,1.0,2.0,A,0.0,0.0,D,10.0,13.0,3.0,5.0,2.0,3.0,14.0,16.0,3.0,3.0,0.0,0.0,2.25,3.39,3.1
1718,18/03/18,Verona,Atalanta,0.0,5.0,A,0.0,2.0,A,6.0,24.0,0.0,11.0,4.0,4.0,11.0,13.0,3.0,2.0,0.0,0.0,7.5,4.0,1.5
1718,31/03/18,Atalanta,Udinese,2.0,0.0,H,0.0,0.0,D,23.0,9.0,7.0,2.0,10.0,6.0,9.0,10.0,1.0,2.0,0.0,0.0,1.44,4.2,7.5
1718,31/03/18,Bologna,Roma,1.0,1.0,D,1.0,0.0,H,6.0,17.0,1.0,5.0,3.0,11.0,14.0,7.0,3.0,1.0,0.0,0.0,4.75,3.75,1.7
1718,31/03/18,Cagliari,Torino,0.0,4.0,A,0.0,0.0,D,9.0,13.0,2.0,6.0,5.0,7.0,10.0,16.0,0.0,1.0,0.0,0.0,3.0,3.39,2.29
1718,31/03/18,Chievo,Sampdoria,2.0,1.0,H,0.0,1.0,A,7.0,15.0,4.0,7.0,2.0,6.0,15.0,11.0,3.0,2.0,0.0,0.0,2.29,3.29,3.1
1718,31/03/18,Fiorentina,Crotone,2.0,0.0,H,1.0,0.0,H,15.0,6.0,6.0,2.0,6.0,3.0,21.0,10.0,4.0,5.0,0.0,1.0,1.44,4.5,6.5
1718,31/03/18,Genoa,Spal,1.0,1.0,D,1.0,0.0,H,15.0,7.0,2.0,4.0,7.0,2.0,26.0,13.0,4.0,2.0,0.0,1.0,1.95,3.29,4.0
1718,31/03/18,Inter,Verona,3.0,0.0,H,2.0,0.0,H,23.0,8.0,4.0,1.0,5.0,3.0,7.0,11.0,1.0,3.0,0.0,1.0,1.14,7.5,17.0
1718,31/03/18,Juventus,Milan,3.0,1.0,H,1.0,1.0,D,7.0,10.0,4.0,5.0,2.0,3.0,9.0,17.0,1.0,3.0,0.0,0.0,1.66,3.6,5.5
1718,31/03/18,Lazio,Benevento,6.0,2.0,H,1.0,1.0,D,27.0,6.0,14.0,3.0,8.0,2.0,14.0,11.0,0.0,4.0,0.0,1.0,1.16,7.0,15.0
1718,31/03/18,Sassuolo,Napoli,1.0,1.0,D,1.0,0.0,H,10.0,12.0,4.0,4.0,4.0,5.0,16.0,10.0,5.0,2.0,0.0,0.0,8.5,4.75,1.36
1718,03/04/18,Atalanta,Sampdoria,1.0,2.0,A,0.0,1.0,A,16.0,10.0,1.0,3.0,10.0,7.0,13.0,11.0,2.0,3.0,0.0,0.0,1.44,4.5,7.5
1718,03/04/18,Genoa,Cagliari,2.0,1.0,H,0.0,0.0,D,8.0,9.0,2.0,4.0,4.0,3.0,22.0,17.0,2.0,4.0,0.0,0.0,1.8,3.39,5.0
1718,03/04/18,Udinese,Fiorentina,0.0,2.0,A,0.0,1.0,A,13.0,15.0,4.0,4.0,5.0,6.0,11.0,15.0,2.0,4.0,0.0,0.0,3.39,3.29,2.2
1718,04/04/18,Benevento,Verona,3.0,0.0,H,1.0,0.0,H,22.0,3.0,15.0,0.0,9.0,2.0,13.0,25.0,2.0,2.0,0.0,0.0,1.8,3.79,4.33
1718,04/04/18,Chievo,Sassuolo,1.0,1.0,D,0.0,0.0,D,6.0,12.0,2.0,4.0,2.0,1.0,22.0,7.0,4.0,2.0,0.0,2.0,2.7,3.0,2.87
1718,04/04/18,Milan,Inter,0.0,0.0,D,0.0,0.0,D,13.0,14.0,3.0,2.0,7.0,4.0,10.0,13.0,1.0,4.0,0.0,0.0,2.75,3.2,2.7
1718,04/04/18,Torino,Crotone,4.0,1.0,H,3.0,0.0,H,9.0,12.0,5.0,2.0,3.0,3.0,14.0,13.0,1.0,1.0,0.0,0.0,1.53,4.0,7.0
1718,07/04/18,Benevento,Juventus,2.0,4.0,A,1.0,2.0,A,16.0,15.0,6.0,5.0,9.0,2.0,10.0,10.0,0.0,1.0,0.0,0.0,17.0,6.0,1.22
1718,07/04/18,Roma,Fiorentina,0.0,2.0,A,0.0,2.0,A,25.0,4.0,9.0,3.0,9.0,1.0,8.0,9.0,4.0,2.0,0.0,0.0,1.75,3.79,4.5
1718,07/04/18,Sampdoria,Genoa,0.0,0.0,D,0.0,0.0,D,18.0,7.0,4.0,2.0,5.0,1.0,10.0,13.0,1.0,2.0,0.0,0.0,2.7,3.2,2.7
1718,07/04/18,Spal,Atalanta,1.0,1.0,D,1.0,0.0,H,8.0,19.0,4.0,6.0,3.0,3.0,10.0,24.0,3.0,2.0,0.0,0.0,4.5,3.5,1.85
1718,08/04/18,Crotone,Bologna,1.0,0.0,H,1.0,0.0,H,6.0,11.0,5.0,1.0,1.0,5.0,16.0,20.0,2.0,4.0,0.0,0.0,2.37,3.1,3.25
1718,08/04/18,Milan,Sassuolo,1.0,1.0,D,0.0,0.0,D,22.0,8.0,8.0,3.0,12.0,3.0,15.0,10.0,3.0,2.0,0.0,0.0,1.44,4.5,6.5
1718,08/04/18,Napoli,Chievo,2.0,1.0,H,0.0,0.0,D,31.0,4.0,12.0,2.0,14.0,0.0,7.0,12.0,2.0,3.0,0.0,0.0,1.16,7.5,17.0
1718,08/04/18,Torino,Inter,1.0,0.0,H,1.0,0.0,H,10.0,15.0,3.0,8.0,1.0,16.0,5.0,16.0,2.0,3.0,0.0,0.0,3.6,3.39,2.1
1718,08/04/18,Udinese,Lazio,1.0,2.0,A,1.0,2.0,A,10.0,14.0,3.0,4.0,5.0,5.0,9.0,7.0,0.0,2.0,0.0,0.0,4.2,3.75,1.83
1718,08/04/18,Verona,Cagliari,1.0,0.0,H,1.0,0.0,H,11.0,10.0,4.0,3.0,2.0,9.0,18.0,13.0,4.0,1.0,0.0,0.0,3.39,3.29,2.2
1718,14/04/18,Atalanta,Inter,0.0,0.0,D,0.0,0.0,D,16.0,10.0,4.0,2.0,8.0,4.0,14.0,5.0,4.0,2.0,0.0,0.0,2.7,3.29,2.62
1718,14/04/18,Cagliari,Udinese,2.0,1.0,H,1.0,1.0,D,12.0,7.0,3.0,1.0,7.0,3.0,11.0,12.0,2.0,3.0,0.0,0.0,2.39,3.2,3.1
1718,14/04/18,Chievo,Torino,0.0,0.0,D,0.0,0.0,D,6.0,12.0,0.0,3.0,4.0,4.0,15.0,11.0,2.0,0.0,1.0,0.0,3.29,3.29,2.25
1718,14/04/18,Genoa,Crotone,1.0,0.0,H,1.0,0.0,H,17.0,10.0,5.0,1.0,5.0,4.0,21.0,15.0,2.0,3.0,0.0,0.0,1.85,3.39,4.75
1718,15/04/18,Bologna,Verona,2.0,0.0,H,1.0,0.0,H,14.0,8.0,6.0,1.0,3.0,4.0,17.0,15.0,3.0,2.0,0.0,0.0,1.61,3.75,6.0
1718,15/04/18,Fiorentina,Spal,0.0,0.0,D,0.0,0.0,D,24.0,4.0,6.0,1.0,8.0,4.0,14.0,8.0,2.0,2.0,0.0,0.0,1.5,4.0,7.5
1718,15/04/18,Juventus,Sampdoria,3.0,0.0,H,1.0,0.0,H,16.0,8.0,5.0,3.0,6.0,8.0,8.0,6.0,2.0,0.0,0.0,0.0,1.19,6.5,15.0
1718,15/04/18,Lazio,Roma,0.0,0.0,D,0.0,0.0,D,7.0,10.0,1.0,1.0,7.0,2.0,14.0,13.0,4.0,2.0,1.0,0.0,2.79,3.39,2.5
1718,15/04/18,Milan,Napoli,0.0,0.0,D,0.0,0.0,D,13.0,15.0,2.0,4.0,11.0,8.0,10.0,6.0,2.0,2.0,0.0,0.0,4.5,3.5,1.85
1718,15/04/18,Sassuolo,Benevento,2.0,2.0,D,1.0,1.0,D,15.0,10.0,3.0,2.0,7.0,1.0,12.0,23.0,3.0,2.0,0.0,0.0,1.66,3.79,5.25
1718,17/04/18,Inter,Cagliari,4.0,0.0,H,1.0,0.0,H,20.0,0.0,9.0,0.0,10.0,2.0,7.0,10.0,1.0,1.0,0.0,0.0,1.19,7.0,15.0
1718,18/04/18,Benevento,Atalanta,0.0,3.0,A,0.0,1.0,A,12.0,12.0,4.0,8.0,6.0,1.0,13.0,21.0,2.0,2.0,0.0,0.0,5.75,4.0,1.61
1718,18/04/18,Crotone,Juventus,1.0,1.0,D,0.0,1.0,A,9.0,13.0,3.0,4.0,2.0,7.0,9.0,12.0,1.0,2.0,0.0,0.0,10.0,5.0,1.33
1718,18/04/18,Fiorentina,Lazio,3.0,4.0,A,2.0,2.0,D,13.0,17.0,6.0,8.0,0.0,8.0,17.0,14.0,3.0,2.0,1.0,1.0,2.79,3.5,2.5
1718,18/04/18,Napoli,Udinese,4.0,2.0,H,1.0,1.0,D,18.0,19.0,9.0,5.0,8.0,7.0,7.0,12.0,1.0,2.0,0.0,0.0,1.18,7.0,17.0
1718,18/04/18,Roma,Genoa,2.0,1.0,H,1.0,0.0,H,15.0,5.0,6.0,1.0,7.0,3.0,10.0,10.0,0.0,1.0,0.0,0.0,1.44,4.5,7.5
1718,18/04/18,Sampdoria,Bologna,1.0,0.0,H,0.0,0.0,D,16.0,11.0,2.0,2.0,6.0,6.0,11.0,12.0,1.0,3.0,0.0,0.0,1.85,3.6,4.33
1718,18/04/18,Spal,Chievo,0.0,0.0,D,0.0,0.0,D,9.0,6.0,1.0,0.0,6.0,2.0,12.0,24.0,1.0,2.0,0.0,0.0,2.2,3.1,3.7
1718,18/04/18,Torino,Milan,1.0,1.0,D,0.0,1.0,A,12.0,9.0,5.0,5.0,6.0,6.0,21.0,13.0,4.0,3.0,1.0,0.0,3.1,3.29,2.37
1718,18/04/18,Verona,Sassuolo,0.0,1.0,A,0.0,1.0,A,9.0,15.0,2.0,5.0,6.0,5.0,19.0,14.0,3.0,4.0,0.0,0.0,4.33,3.39,1.9
1718,21/04/18,Milan,Benevento,0.0,1.0,A,0.0,1.0,A,21.0,5.0,6.0,1.0,4.0,1.0,13.0,7.0,2.0,4.0,0.0,1.0,1.19,6.5,15.0
1718,21/04/18,Sassuolo,Fiorentina,1.0,0.0,H,1.0,0.0,H,10.0,6.0,6.0,1.0,4.0,2.0,22.0,20.0,6.0,4.0,0.0,1.0,3.25,3.29,2.29
1718,21/04/18,Spal,Roma,0.0,3.0,A,0.0,1.0,A,6.0,14.0,3.0,7.0,2.0,3.0,10.0,11.0,4.0,1.0,0.0,0.0,4.75,3.5,1.8
1718,22/04/18,Atalanta,Torino,2.0,1.0,H,0.0,0.0,D,22.0,10.0,8.0,1.0,11.0,4.0,19.0,18.0,2.0,2.0,0.0,0.0,1.57,4.0,6.0
1718,22/04/18,Cagliari,Bologna,0.0,0.0,D,0.0,0.0,D,13.0,5.0,2.0,2.0,7.0,1.0,15.0,13.0,3.0,5.0,0.0,0.0,2.0,3.39,3.89
1718,22/04/18,Chievo,Inter,1.0,2.0,A,0.0,0.0,D,13.0,11.0,6.0,5.0,4.0,10.0,11.0,9.0,1.0,1.0,0.0,0.0,7.5,3.79,1.53
1718,22/04/18,Juventus,Napoli,0.0,1.0,A,0.0,0.0,D,4.0,12.0,0.0,4.0,3.0,3.0,10.0,17.0,3.0,1.0,0.0,0.0,2.1,3.25,3.75
1718,22/04/18,Lazio,Sampdoria,4.0,0.0,H,2.0,0.0,H,15.0,6.0,9.0,2.0,8.0,4.0,11.0,8.0,1.0,2.0,0.0,0.0,1.3,6.0,9.0
1718,22/04/18,Udinese,Crotone,1.0,2.0,A,1.0,1.0,D,15.0,11.0,6.0,2.0,6.0,5.0,21.0,7.0,2.0,0.0,0.0,0.0,1.9,3.39,4.33
1718,23/04/18,Genoa,Verona,3.0,1.0,H,1.0,0.0,H,18.0,13.0,8.0,3.0,8.0,2.0,13.0,10.0,2.0,3.0,0.0,0.0,1.44,4.2,8.5
1718,28/04/18,Inter,Juventus,2.0,3.0,A,0.0,1.0,A,10.0,13.0,5.0,4.0,2.0,8.0,7.0,15.0,2.0,5.0,1.0,0.0,3.25,3.25,2.29
1718,28/04/18,Roma,Chievo,4.0,1.0,H,2.0,0.0,H,15.0,12.0,7.0,6.0,3.0,7.0,12.0,10.0,2.0,2.0,1.0,0.0,1.36,4.75,10.0
1718,29/04/18,Atalanta,Genoa,3.0,1.0,H,2.0,0.0,H,13.0,12.0,6.0,3.0,1.0,7.0,13.0,6.0,3.0,1.0,0.0,0.0,1.33,5.0,10.0
1718,29/04/18,Benevento,Udinese,3.0,3.0,D,1.0,1.0,D,12.0,15.0,6.0,6.0,4.0,4.0,11.0,19.0,4.0,3.0,1.0,0.0,3.6,3.5,2.04
1718,29/04/18,Bologna,Milan,1.0,2.0,A,0.0,2.0,A,12.0,9.0,7.0,4.0,7.0,1.0,14.0,12.0,1.0,1.0,0.0,0.0,5.0,3.75,1.72
1718,29/04/18,Crotone,Sassuolo,4.0,1.0,H,3.0,1.0,H,11.0,14.0,7.0,6.0,4.0,6.0,15.0,8.0,3.0,1.0,0.0,0.0,2.2,3.25,3.5
1718,29/04/18,Fiorentina,Napoli,3.0,0.0,H,1.0,0.0,H,28.0,4.0,10.0,1.0,2.0,3.0,17.0,10.0,3.0,5.0,0.0,1.0,6.5,4.33,1.5
1718,29/04/18,Sampdoria,Cagliari,4.0,1.0,H,3.0,0.0,H,15.0,6.0,6.0,2.0,6.0,2.0,8.0,15.0,1.0,7.0,0.0,1.0,1.85,3.6,4.2
1718,29/04/18,Torino,Lazio,0.0,1.0,A,0.0,0.0,D,8.0,16.0,2.0,6.0,3.0,6.0,13.0,14.0,2.0,3.0,0.0,0.0,5.25,4.0,1.64
1718,29/04/18,Verona,Spal,1.0,3.0,A,1.0,1.0,D,11.0,17.0,5.0,6.0,1.0,8.0,16.0,14.0,2.0,3.0,0.0,0.0,3.29,3.2,2.29
1718,05/05/18,Juventus,Bologna,3.0,1.0,H,0.0,1.0,A,15.0,6.0,6.0,3.0,5.0,2.0,12.0,13.0,2.0,3.0,0.0,0.0,1.14,8.5,19.0
1718,05/05/18,Milan,Verona,4.0,1.0,H,2.0,0.0,H,17.0,8.0,10.0,2.0,5.0,4.0,9.0,10.0,1.0,0.0,0.0,0.0,1.16,7.5,17.0
1718,06/05/18,Cagliari,Roma,0.0,1.0,A,0.0,1.0,A,12.0,9.0,3.0,1.0,9.0,3.0,20.0,9.0,4.0,1.0,0.0,0.0,9.0,4.5,1.39
1718,06/05/18,Chievo,Crotone,2.0,1.0,H,1.0,0.0,H,11.0,13.0,3.0,3.0,8.0,4.0,15.0,14.0,5.0,1.0,0.0,0.0,2.29,3.2,3.25
1718,06/05/18,Genoa,Fiorentina,2.0,3.0,A,0.0,1.0,A,7.0,19.0,3.0,10.0,3.0,7.0,8.0,16.0,2.0,6.0,2.0,0.0,4.0,3.39,2.0
1718,06/05/18,Lazio,Atalanta,1.0,1.0,D,1.0,1.0,D,13.0,20.0,2.0,6.0,6.0,9.0,7.0,8.0,3.0,2.0,0.0,0.0,2.04,3.6,3.5
1718,06/05/18,Napoli,Torino,2.0,2.0,D,1.0,0.0,H,19.0,5.0,5.0,2.0,4.0,2.0,10.0,20.0,1.0,4.0,0.0,0.0,1.22,6.5,13.0
1718,06/05/18,Sassuolo,Sampdoria,1.0,0.0,H,0.0,0.0,D,18.0,2.0,7.0,0.0,9.0,6.0,7.0,21.0,1.0,1.0,0.0,0.0,2.29,3.25,3.25
1718,06/05/18,Spal,Benevento,2.0,0.0,H,1.0,0.0,H,6.0,12.0,4.0,3.0,1.0,4.0,16.0,22.0,2.0,2.0,0.0,0.0,1.5,4.33,6.5
1718,06/05/18,Udinese,Inter,0.0,4.0,A,0.0,3.0,A,9.0,26.0,2.0,12.0,5.0,9.0,13.0,7.0,1.0,0.0,1.0,0.0,6.0,4.0,1.55
1718,12/05/18,Benevento,Genoa,1.0,0.0,H,0.0,0.0,D,14.0,13.0,3.0,5.0,6.0,3.0,17.0,7.0,1.0,1.0,0.0,0.0,2.62,3.5,2.62
1718,12/05/18,Inter,Sassuolo,1.0,2.0,A,0.0,1.0,A,16.0,13.0,8.0,5.0,16.0,2.0,9.0,5.0,1.0,2.0,0.0,0.0,1.16,8.0,15.0
1718,13/05/18,Atalanta,Milan,1.0,1.0,D,0.0,0.0,D,24.0,5.0,5.0,2.0,3.0,8.0,21.0,10.0,6.0,6.0,1.0,1.0,1.9,3.6,4.0
1718,13/05/18,Bologna,Chievo,1.0,2.0,A,1.0,0.0,H,7.0,13.0,3.0,7.0,2.0,7.0,13.0,14.0,1.0,4.0,0.0,0.0,3.1,3.0,2.54
1718,13/05/18,Crotone,Lazio,2.0,2.0,D,1.0,1.0,D,6.0,18.0,3.0,7.0,2.0,9.0,12.0,15.0,1.0,3.0,0.0,0.0,4.0,3.5,1.95
1718,13/05/18,Fiorentina,Cagliari,0.0,1.0,A,0.0,1.0,A,14.0,14.0,0.0,2.0,11.0,5.0,15.0,17.0,3.0,4.0,1.0,0.0,1.5,4.33,6.5
1718,13/05/18,Roma,Juventus,0.0,0.0,D,0.0,0.0,D,9.0,7.0,2.0,0.0,4.0,3.0,10.0,13.0,2.0,2.0,1.0,0.0,2.37,3.0,3.39
1718,13/05/18,Sampdoria,Napoli,0.0,2.0,A,0.0,0.0,D,11.0,17.0,2.0,9.0,3.0,12.0,13.0,6.0,2.0,2.0,0.0,0.0,5.25,4.2,1.61
1718,13/05/18,Torino,Spal,2.0,1.0,H,0.0,1.0,A,18.0,10.0,10.0,4.0,4.0,6.0,16.0,14.0,2.0,5.0,0.0,0.0,2.29,3.29,3.2
1718,13/05/18,Verona,Udinese,0.0,1.0,A,0.0,1.0,A,11.0,13.0,1.0,5.0,3.0,5.0,15.0,17.0,2.0,2.0,0.0,0.0,6.5,4.33,1.5
1718,19/05/18,Juventus,Verona,2.0,1.0,H,0.0,0.0,D,26.0,9.0,13.0,3.0,11.0,5.0,13.0,11.0,0.0,2.0,0.0,0.0,1.1,11.0,21.0
1718,20/05/18,Cagliari,Atalanta,1.0,0.0,H,0.0,0.0,D,6.0,12.0,4.0,4.0,5.0,11.0,17.0,14.0,3.0,1.0,0.0,0.0,3.1,3.6,2.25
1718,20/05/18,Chievo,Benevento,1.0,0.0,H,0.0,0.0,D,8.0,12.0,5.0,1.0,2.0,4.0,13.0,9.0,1.0,0.0,0.0,0.0,1.53,4.5,5.75
1718,20/05/18,Genoa,Torino,1.0,2.0,A,0.0,1.0,A,12.0,4.0,2.0,2.0,7.0,3.0,10.0,11.0,1.0,3.0,0.0,0.0,2.62,3.5,2.62
1718,20/05/18,Lazio,Inter,2.0,3.0,A,2.0,1.0,H,14.0,15.0,4.0,6.0,10.0,4.0,12.0,13.0,5.0,4.0,2.0,0.0,2.4,3.5,2.9
1718,20/05/18,Milan,Fiorentina,5.0,1.0,H,2.0,1.0,H,18.0,9.0,11.0,3.0,6.0,1.0,10.0,5.0,2.0,1.0,0.0,1.0,1.83,3.8,4.2
1718,20/05/18,Napoli,Crotone,2.0,1.0,H,2.0,0.0,H,19.0,9.0,9.0,4.0,6.0,9.0,3.0,9.0,0.0,0.0,0.0,0.0,1.5,4.75,5.75
1718,20/05/18,Sassuolo,Roma,0.0,1.0,A,0.0,1.0,A,16.0,15.0,3.0,6.0,5.0,9.0,14.0,8.0,1.0,1.0,0.0,0.0,4.0,3.8,1.85
1718,20/05/18,Spal,Sampdoria,3.0,1.0,H,1.0,0.0,H,16.0,9.0,6.0,3.0,5.0,3.0,10.0,11.0,1.0,4.0,0.0,0.0,1.61,4.0,5.5
1718,20/05/18,Udinese,Bologna,1.0,0.0,H,1.0,0.0,H,20.0,8.0,5.0,5.0,10.0,2.0,9.0,11.0,0.0,2.0,0.0,0.0,1.53,4.33,6.0
1819,18/08/2018,Chievo,Juventus,2.0,3.0,A,1.0,1.0,D,7.0,23.0,2.0,11.0,0.0,8.0,7.0,9.0,2.0,0.0,0.0,0.0,13.0,5.75,1.25
1819,18/08/2018,Lazio,Napoli,1.0,2.0,A,1.0,1.0,D,9.0,11.0,5.0,6.0,4.0,7.0,8.0,5.0,0.0,0.0,0.0,0.0,2.8,3.4,2.5
1819,19/08/2018,Bologna,Spal,0.0,1.0,A,0.0,0.0,D,8.0,10.0,3.0,5.0,7.0,0.0,16.0,11.0,4.0,2.0,1.0,0.0,2.25,3.2,3.4
1819,19/08/2018,Empoli,Cagliari,2.0,0.0,H,1.0,0.0,H,9.0,12.0,4.0,5.0,6.0,6.0,19.0,19.0,3.0,3.0,0.0,0.0,2.14,3.2,3.6
1819,19/08/2018,Parma,Udinese,2.0,2.0,D,1.0,0.0,H,9.0,16.0,6.0,6.0,4.0,5.0,10.0,13.0,2.0,2.0,0.0,0.0,2.45,3.3,2.9
1819,19/08/2018,Sassuolo,Inter,1.0,0.0,H,1.0,0.0,H,7.0,11.0,5.0,4.0,4.0,4.0,23.0,11.0,3.0,2.0,0.0,0.0,5.5,4.0,1.61
1819,19/08/2018,Torino,Roma,0.0,1.0,A,0.0,0.0,D,8.0,16.0,5.0,13.0,6.0,5.0,10.0,14.0,1.0,3.0,0.0,0.0,3.5,3.5,2.1
1819,20/08/2018,Atalanta,Frosinone,4.0,0.0,H,1.0,0.0,H,16.0,6.0,10.0,1.0,4.0,4.0,14.0,10.0,0.0,2.0,0.0,0.0,1.36,4.5,11.0
1819,25/08/2018,Juventus,Lazio,2.0,0.0,H,1.0,0.0,H,14.0,8.0,9.0,3.0,6.0,2.0,12.0,13.0,3.0,2.0,0.0,0.0,1.36,5.0,8.5
1819,25/08/2018,Napoli,Milan,3.0,2.0,H,0.0,1.0,A,21.0,6.0,13.0,4.0,5.0,1.0,12.0,9.0,2.0,2.0,0.0,0.0,1.61,4.0,5.5
1819,26/08/2018,Cagliari,Sassuolo,2.0,2.0,D,1.0,0.0,H,12.0,12.0,7.0,6.0,7.0,2.0,14.0,14.0,4.0,4.0,0.0,1.0,2.45,3.3,2.9
1819,26/08/2018,Fiorentina,Chievo,6.0,1.0,H,2.0,0.0,H,19.0,5.0,15.0,3.0,2.0,3.0,14.0,8.0,1.0,3.0,0.0,0.0,1.5,4.33,6.5
1819,26/08/2018,Frosinone,Bologna,0.0,0.0,D,0.0,0.0,D,11.0,10.0,7.0,5.0,2.0,5.0,15.0,12.0,2.0,1.0,0.0,0.0,3.3,3.0,2.4
1819,26/08/2018,Genoa,Empoli,2.0,1.0,H,2.0,0.0,H,10.0,12.0,4.0,8.0,3.0,6.0,14.0,15.0,3.0,2.0,0.0,0.0,1.95,3.4,4.0
1819,26/08/2018,Inter,Torino,2.0,2.0,D,2.0,0.0,H,9.0,10.0,6.0,7.0,5.0,4.0,16.0,12.0,1.0,2.0,0.0,0.0,1.5,4.33,7.0
1819,26/08/2018,Spal,Parma,1.0,0.0,H,0.0,0.0,D,15.0,3.0,5.0,0.0,7.0,2.0,13.0,14.0,5.0,2.0,0.0,0.0,2.04,3.3,3.8
1819,26/08/2018,Udinese,Sampdoria,1.0,0.0,H,1.0,0.0,H,13.0,9.0,5.0,4.0,8.0,7.0,6.0,10.0,1.0,3.0,0.0,0.0,2.4,3.25,3.1
1819,27/08/2018,Roma,Atalanta,3.0,3.0,D,1.0,3.0,A,21.0,17.0,11.0,10.0,3.0,11.0,9.0,13.0,1.0,1.0,0.0,0.0,1.72,3.75,5.0
1819,31/08/2018,Milan,Roma,2.0,1.0,H,1.0,0.0,H,18.0,6.0,9.0,3.0,8.0,3.0,8.0,6.0,0.0,2.0,0.0,0.0,2.45,3.4,2.87
1819,01/09/2018,Bologna,Inter,0.0,3.0,A,0.0,0.0,D,7.0,10.0,1.0,4.0,3.0,7.0,7.0,10.0,1.0,1.0,0.0,0.0,7.0,4.0,1.53
1819,01/09/2018,Parma,Juventus,1.0,2.0,A,1.0,1.0,D,8.0,20.0,7.0,10.0,4.0,7.0,15.0,9.0,1.0,3.0,0.0,0.0,17.0,7.0,1.18
1819,02/09/2018,Atalanta,Cagliari,0.0,1.0,A,0.0,1.0,A,8.0,4.0,5.0,3.0,5.0,4.0,16.0,20.0,2.0,2.0,0.0,0.0,1.55,4.2,6.0
1819,02/09/2018,Chievo,Empoli,0.0,0.0,D,0.0,0.0,D,11.0,12.0,5.0,4.0,4.0,6.0,10.0,11.0,1.0,1.0,0.0,0.0,2.3,3.2,3.3
1819,02/09/2018,Fiorentina,Udinese,1.0,0.0,H,0.0,0.0,D,13.0,4.0,4.0,1.0,11.0,4.0,10.0,15.0,3.0,1.0,0.0,0.0,1.57,4.0,6.0
1819,02/09/2018,Lazio,Frosinone,1.0,0.0,H,0.0,0.0,D,17.0,7.0,8.0,5.0,7.0,7.0,11.0,8.0,1.0,2.0,0.0,0.0,1.22,6.5,13.0
1819,02/09/2018,Sampdoria,Napoli,3.0,0.0,H,2.0,0.0,H,7.0,12.0,4.0,6.0,4.0,5.0,13.0,19.0,2.0,4.0,0.0,0.0,6.5,4.1,1.53
1819,02/09/2018,Sassuolo,Genoa,5.0,3.0,H,4.0,1.0,H,10.0,11.0,8.0,8.0,2.0,10.0,12.0,20.0,3.0,3.0,0.0,0.0,2.1,3.3,3.75
1819,02/09/2018,Torino,Spal,1.0,0.0,H,0.0,0.0,D,10.0,8.0,7.0,3.0,9.0,10.0,16.0,16.0,1.0,2.0,0.0,0.0,1.66,3.75,5.5
1819,15/09/2018,Frosinone,Sampdoria,0.0,5.0,A,0.0,1.0,A,6.0,10.0,2.0,7.0,5.0,3.0,12.0,15.0,3.0,1.0,0.0,0.0,3.5,3.4,2.1
1819,15/09/2018,Inter,Parma,0.0,1.0,A,0.0,0.0,D,24.0,8.0,11.0,6.0,10.0,1.0,10.0,8.0,2.0,2.0,0.0,0.0,1.25,6.0,12.0
1819,15/09/2018,Napoli,Fiorentina,1.0,0.0,H,0.0,0.0,D,19.0,7.0,5.0,3.0,10.0,3.0,13.0,15.0,1.0,4.0,0.0,0.0,1.57,4.2,5.75
1819,16/09/2018,Cagliari,Milan,1.0,1.0,D,1.0,0.0,H,7.0,12.0,3.0,7.0,3.0,8.0,12.0,13.0,1.0,1.0,0.0,0.0,5.0,3.6,1.75
1819,16/09/2018,Empoli,Lazio,0.0,1.0,A,0.0,0.0,D,10.0,16.0,3.0,9.0,4.0,7.0,13.0,11.0,2.0,3.0,0.0,0.0,5.0,3.8,1.7
1819,16/09/2018,Genoa,Bologna,1.0,0.0,H,0.0,0.0,D,10.0,8.0,5.0,2.0,5.0,3.0,13.0,19.0,2.0,5.0,0.0,1.0,1.9,3.25,4.5
1819,16/09/2018,Juventus,Sassuolo,2.0,1.0,H,0.0,0.0,D,16.0,10.0,6.0,6.0,10.0,4.0,12.0,13.0,3.0,3.0,1.0,0.0,1.2,7.0,13.0
1819,16/09/2018,Roma,Chievo,2.0,2.0,D,2.0,0.0,H,15.0,10.0,9.0,5.0,9.0,2.0,10.0,15.0,1.0,1.0,0.0,0.0,1.22,6.5,13.0
1819,16/09/2018,Udinese,Torino,1.0,1.0,D,1.0,0.0,H,7.0,9.0,3.0,4.0,3.0,8.0,16.0,14.0,2.0,2.0,0.0,0.0,2.9,3.25,2.5
1819,17/09/2018,Spal,Atalanta,2.0,0.0,H,0.0,0.0,D,13.0,13.0,6.0,4.0,4.0,4.0,14.0,16.0,3.0,5.0,0.0,0.0,4.0,3.5,1.95
1819,19/09/2018,Sampdoria,Fiorentina,1.0,1.0,D,0.0,1.0,A,8.0,14.0,4.0,9.0,4.0,6.0,14.0,15.0,3.0,2.0,0.0,0.0,2.87,3.25,2.54
1819,21/09/2018,Sassuolo,Empoli,3.0,1.0,H,1.0,1.0,D,20.0,16.0,10.0,11.0,5.0,4.0,15.0,9.0,1.0,4.0,0.0,1.0,2.1,3.3,3.6
1819,22/09/2018,Fiorentina,Spal,3.0,0.0,H,2.0,0.0,H,15.0,5.0,5.0,2.0,11.0,1.0,8.0,11.0,1.0,2.0,0.0,0.0,1.61,3.6,6.5
1819,22/09/2018,Parma,Cagliari,2.0,0.0,H,1.0,0.0,H,14.0,9.0,8.0,3.0,4.0,11.0,17.0,5.0,2.0,1.0,0.0,0.0,2.4,3.2,3.1
1819,22/09/2018,Sampdoria,Inter,0.0,1.0,A,0.0,0.0,D,9.0,14.0,4.0,5.0,3.0,12.0,12.0,14.0,3.0,2.0,0.0,0.0,4.33,3.8,1.8
1819,23/09/2018,Bologna,Roma,2.0,0.0,H,1.0,0.0,H,7.0,20.0,2.0,9.0,1.0,10.0,8.0,13.0,2.0,4.0,0.0,0.0,5.5,3.75,1.66
1819,23/09/2018,Chievo,Udinese,0.0,2.0,A,0.0,0.0,D,10.0,9.0,4.0,7.0,7.0,3.0,18.0,10.0,1.0,1.0,0.0,0.0,3.0,3.2,2.5
1819,23/09/2018,Frosinone,Juventus,0.0,2.0,A,0.0,0.0,D,2.0,18.0,0.0,8.0,3.0,5.0,16.0,8.0,3.0,1.0,0.0,0.0,13.0,7.5,1.16
1819,23/09/2018,Lazio,Genoa,4.0,1.0,H,2.0,0.0,H,16.0,8.0,8.0,4.0,5.0,3.0,9.0,7.0,1.0,2.0,0.0,0.0,1.44,4.33,8.0
1819,23/09/2018,Milan,Atalanta,2.0,2.0,D,1.0,0.0,H,14.0,13.0,8.0,8.0,4.0,3.0,7.0,4.0,2.0,1.0,0.0,0.0,2.04,3.5,3.6
1819,23/09/2018,Torino,Napoli,1.0,3.0,A,0.0,2.0,A,9.0,13.0,3.0,8.0,4.0,6.0,14.0,17.0,2.0,3.0,0.0,0.0,4.5,3.8,1.75
1819,25/09/2018,Inter,Fiorentina,2.0,1.0,H,1.0,0.0,H,11.0,11.0,3.0,8.0,6.0,3.0,18.0,20.0,1.0,3.0,0.0,0.0,1.66,3.8,5.5
1819,26/09/2018,Atalanta,Torino,0.0,0.0,D,0.0,0.0,D,11.0,3.0,4.0,0.0,11.0,1.0,13.0,15.0,2.0,1.0,0.0,0.0,1.8,3.6,4.5
1819,26/09/2018,Cagliari,Sampdoria,0.0,0.0,D,0.0,0.0,D,10.0,10.0,2.0,5.0,7.0,3.0,16.0,22.0,1.0,3.0,0.0,0.0,2.5,3.3,2.87
1819,26/09/2018,Genoa,Chievo,2.0,0.0,H,1.0,0.0,H,11.0,8.0,5.0,2.0,7.0,4.0,11.0,17.0,4.0,4.0,0.0,0.0,1.8,3.4,5.0
1819,26/09/2018,Juventus,Bologna,2.0,0.0,H,2.0,0.0,H,15.0,5.0,9.0,2.0,3.0,0.0,10.0,13.0,2.0,3.0,0.0,0.0,1.16,7.5,17.0
1819,26/09/2018,Napoli,Parma,3.0,0.0,H,1.0,0.0,H,20.0,2.0,8.0,0.0,2.0,2.0,9.0,13.0,0.0,3.0,0.0,0.0,1.22,6.0,15.0
1819,26/09/2018,Roma,Frosinone,4.0,0.0,H,3.0,0.0,H,18.0,8.0,13.0,3.0,4.0,3.0,13.0,8.0,0.0,1.0,0.0,0.0,1.2,7.0,13.0
1819,26/09/2018,Udinese,Lazio,1.0,2.0,A,0.0,0.0,D,10.0,5.0,6.0,2.0,6.0,4.0,7.0,17.0,2.0,6.0,0.0,0.0,4.2,3.75,1.85
1819,27/09/2018,Empoli,Milan,1.0,1.0,D,0.0,1.0,A,4.0,16.0,3.0,11.0,3.0,10.0,12.0,9.0,2.0,2.0,0.0,0.0,5.25,3.75,1.7
1819,27/09/2018,Spal,Sassuolo,0.0,2.0,A,0.0,0.0,D,6.0,10.0,2.0,5.0,6.0,7.0,16.0,12.0,1.0,0.0,0.0,0.0,2.54,3.2,2.9
1819,29/09/2018,Inter,Cagliari,2.0,0.0,H,1.0,0.0,H,12.0,4.0,8.0,1.0,9.0,4.0,13.0,11.0,1.0,4.0,0.0,0.0,1.33,5.0,10.0
1819,29/09/2018,Juventus,Napoli,3.0,1.0,H,1.0,1.0,D,14.0,9.0,9.0,6.0,7.0,4.0,14.0,11.0,3.0,5.0,0.0,1.0,1.8,3.6,4.75
1819,29/09/2018,Roma,Lazio,3.0,1.0,H,1.0,0.0,H,10.0,11.0,7.0,5.0,8.0,9.0,11.0,10.0,3.0,1.0,0.0,0.0,2.37,3.5,2.9
1819,30/09/2018,Bologna,Udinese,2.0,1.0,H,1.0,1.0,D,11.0,10.0,6.0,2.0,3.0,4.0,7.0,12.0,2.0,4.0,0.0,0.0,2.5,3.1,3.1
1819,30/09/2018,Chievo,Torino,0.0,1.0,A,0.0,0.0,D,8.0,13.0,3.0,5.0,3.0,8.0,15.0,17.0,3.0,3.0,0.0,0.0,3.75,3.2,2.1
1819,30/09/2018,Fiorentina,Atalanta,2.0,0.0,H,0.0,0.0,D,6.0,11.0,4.0,4.0,5.0,6.0,12.0,10.0,3.0,3.0,0.0,0.0,2.25,3.3,3.25
1819,30/09/2018,Frosinone,Genoa,1.0,2.0,A,1.0,2.0,A,13.0,7.0,6.0,5.0,5.0,2.0,21.0,18.0,3.0,2.0,0.0,0.0,3.5,3.1,2.25
1819,30/09/2018,Parma,Empoli,1.0,0.0,H,1.0,0.0,H,7.0,10.0,3.0,6.0,2.0,12.0,13.0,8.0,2.0,3.0,0.0,0.0,2.3,3.2,3.3
1819,30/09/2018,Sassuolo,Milan,1.0,4.0,A,0.0,1.0,A,8.0,10.0,2.0,10.0,9.0,5.0,14.0,11.0,1.0,1.0,0.0,0.0,3.3,3.4,2.2
1819,01/10/2018,Sampdoria,Spal,2.0,1.0,H,1.0,1.0,D,16.0,10.0,9.0,4.0,6.0,5.0,13.0,18.0,3.0,3.0,0.0,0.0,1.8,3.6,4.33
1819,05/10/2018,Torino,Frosinone,3.0,2.0,H,1.0,0.0,H,15.0,8.0,10.0,4.0,2.0,4.0,16.0,17.0,3.0,3.0,0.0,0.0,1.36,4.75,9.0
1819,06/10/2018,Cagliari,Bologna,2.0,0.0,H,1.0,0.0,H,8.0,10.0,5.0,4.0,4.0,4.0,8.0,16.0,2.0,4.0,0.0,0.0,2.04,3.25,3.8
1819,06/10/2018,Empoli,Roma,0.0,2.0,A,0.0,1.0,A,11.0,7.0,4.0,4.0,4.0,3.0,13.0,10.0,2.0,1.0,0.0,0.0,5.5,4.0,1.61
1819,06/10/2018,Udinese,Juventus,0.0,2.0,A,0.0,2.0,A,5.0,13.0,4.0,7.0,4.0,8.0,14.0,13.0,3.0,1.0,0.0,0.0,9.0,4.75,1.36
1819,07/10/2018,Atalanta,Sampdoria,0.0,1.0,A,0.0,0.0,D,15.0,6.0,6.0,3.0,9.0,4.0,17.0,13.0,2.0,4.0,0.0,0.0,1.6,4.0,5.5
1819,07/10/2018,Genoa,Parma,1.0,3.0,A,1.0,3.0,A,20.0,7.0,13.0,5.0,9.0,7.0,9.0,9.0,1.0,1.0,0.0,0.0,1.75,3.75,4.75
1819,07/10/2018,Lazio,Fiorentina,1.0,0.0,H,1.0,0.0,H,11.0,10.0,5.0,6.0,5.0,6.0,18.0,10.0,5.0,3.0,0.0,0.0,1.85,3.75,4.2
1819,07/10/2018,Milan,Chievo,3.0,1.0,H,2.0,0.0,H,14.0,4.0,7.0,2.0,12.0,7.0,9.0,12.0,1.0,1.0,0.0,0.0,1.25,5.75,12.0
1819,07/10/2018,Napoli,Sassuolo,2.0,0.0,H,1.0,0.0,H,12.0,10.0,7.0,7.0,4.0,4.0,11.0,8.0,2.0,2.0,0.0,1.0,1.33,5.25,9.0
1819,07/10/2018,Spal,Inter,1.0,2.0,A,0.0,1.0,A,9.0,6.0,6.0,4.0,10.0,9.0,13.0,20.0,6.0,2.0,0.0,0.0,6.0,3.8,1.61
1819,20/10/2018,Juventus,Genoa,1.0,1.0,D,1.0,0.0,H,13.0,5.0,4.0,2.0,8.0,2.0,10.0,15.0,1.0,3.0,0.0,0.0,1.2,7.0,13.0
1819,20/10/2018,Roma,Spal,0.0,2.0,A,0.0,1.0,A,13.0,5.0,9.0,5.0,8.0,9.0,14.0,5.0,3.0,5.0,0.0,1.0,1.33,5.5,8.5
1819,20/10/2018,Udinese,Napoli,0.0,3.0,A,0.0,1.0,A,7.0,9.0,4.0,4.0,3.0,5.0,11.0,9.0,3.0,4.0,0.0,0.0,6.0,3.9,1.6
1819,21/10/2018,Bologna,Torino,2.0,2.0,D,0.0,1.0,A,6.0,12.0,3.0,8.0,3.0,4.0,9.0,21.0,2.0,2.0,0.0,0.0,3.4,3.3,2.2
1819,21/10/2018,Chievo,Atalanta,1.0,5.0,A,0.0,2.0,A,3.0,15.0,2.0,8.0,1.0,2.0,12.0,15.0,3.0,1.0,1.0,0.0,6.0,4.0,1.57
1819,21/10/2018,Fiorentina,Cagliari,1.0,1.0,D,0.0,0.0,D,7.0,8.0,3.0,5.0,6.0,7.0,13.0,19.0,0.0,2.0,0.0,0.0,1.5,4.5,6.0
1819,21/10/2018,Frosinone,Empoli,3.0,3.0,D,1.0,1.0,D,5.0,15.0,4.0,10.0,6.0,8.0,13.0,16.0,2.0,3.0,0.0,0.0,2.9,3.25,2.5
1819,21/10/2018,Inter,Milan,1.0,0.0,H,0.0,0.0,D,14.0,9.0,7.0,2.0,9.0,4.0,13.0,7.0,2.0,5.0,0.0,0.0,2.45,3.25,3.0
1819,21/10/2018,Parma,Lazio,0.0,2.0,A,0.0,0.0,D,3.0,15.0,1.0,9.0,2.0,8.0,5.0,11.0,2.0,3.0,0.0,0.0,5.5,3.8,1.66
1819,22/10/2018,Sampdoria,Sassuolo,0.0,0.0,D,0.0,0.0,D,7.0,7.0,2.0,2.0,4.0,3.0,10.0,18.0,2.0,3.0,0.0,0.0,2.2,3.3,3.4
1819,27/10/2018,Atalanta,Parma,3.0,0.0,H,0.0,0.0,D,21.0,9.0,14.0,5.0,6.0,6.0,6.0,8.0,0.0,2.0,0.0,0.0,1.33,5.25,9.0
1819,27/10/2018,Empoli,Juventus,1.0,2.0,A,1.0,0.0,H,6.0,12.0,4.0,7.0,6.0,10.0,13.0,17.0,2.0,3.0,0.0,0.0,12.0,5.75,1.25
1819,27/10/2018,Torino,Fiorentina,1.0,1.0,D,1.0,1.0,D,12.0,8.0,4.0,5.0,4.0,5.0,13.0,20.0,2.0,4.0,0.0,0.0,2.4,3.25,3.1
1819,28/10/2018,Cagliari,Chievo,2.0,1.0,H,1.0,0.0,H,12.0,12.0,4.0,5.0,8.0,2.0,16.0,15.0,1.0,6.0,0.0,0.0,1.61,3.8,6.0
1819,28/10/2018,Genoa,Udinese,2.0,2.0,D,1.0,0.0,H,11.0,11.0,5.0,8.0,4.0,8.0,17.0,18.0,5.0,4.0,1.0,0.0,2.1,3.2,3.8
1819,28/10/2018,Milan,Sampdoria,3.0,2.0,H,2.0,2.0,D,8.0,3.0,7.0,2.0,5.0,1.0,11.0,9.0,3.0,2.0,0.0,0.0,1.5,4.33,6.5
1819,28/10/2018,Napoli,Roma,1.0,1.0,D,0.0,1.0,A,18.0,7.0,6.0,5.0,17.0,3.0,7.0,6.0,0.0,5.0,0.0,0.0,1.72,3.75,4.75
1819,28/10/2018,Sassuolo,Bologna,2.0,2.0,D,1.0,1.0,D,11.0,10.0,6.0,6.0,9.0,5.0,20.0,19.0,2.0,3.0,0.0,0.0,1.9,3.25,4.5
1819,28/10/2018,Spal,Frosinone,0.0,3.0,A,0.0,1.0,A,10.0,5.0,5.0,4.0,9.0,1.0,15.0,11.0,3.0,6.0,0.0,0.0,1.8,3.75,4.5
1819,29/10/2018,Lazio,Inter,0.0,3.0,A,0.0,2.0,A,11.0,13.0,4.0,7.0,7.0,6.0,14.0,10.0,3.0,3.0,0.0,0.0,2.4,3.4,3.0
1819,31/10/2018,Milan,Genoa,2.0,1.0,H,1.0,0.0,H,19.0,7.0,10.0,2.0,7.0,2.0,11.0,17.0,2.0,2.0,0.0,0.0,1.44,4.5,7.5
1819,02/11/2018,Napoli,Empoli,5.0,1.0,H,2.0,0.0,H,19.0,8.0,13.0,4.0,0.0,7.0,8.0,7.0,0.0,2.0,0.0,0.0,1.2,7.0,15.0
1819,03/11/2018,Fiorentina,Roma,1.0,1.0,D,1.0,0.0,H,11.0,11.0,3.0,6.0,3.0,6.0,9.0,20.0,3.0,3.0,0.0,0.0,2.7,3.4,2.6
1819,03/11/2018,Inter,Genoa,5.0,0.0,H,2.0,0.0,H,17.0,8.0,10.0,3.0,11.0,6.0,7.0,15.0,2.0,3.0,0.0,0.0,1.36,5.0,9.0
1819,03/11/2018,Juventus,Cagliari,3.0,1.0,H,2.0,1.0,H,11.0,4.0,5.0,3.0,5.0,4.0,10.0,15.0,1.0,3.0,0.0,0.0,1.16,7.5,17.0
1819,04/11/2018,Bologna,Atalanta,1.0,2.0,A,1.0,0.0,H,9.0,12.0,5.0,6.0,1.0,4.0,7.0,12.0,1.0,2.0,0.0,0.0,5.0,3.7,1.72
1819,04/11/2018,Chievo,Sassuolo,0.0,2.0,A,0.0,1.0,A,1.0,8.0,1.0,4.0,3.0,2.0,20.0,16.0,5.0,2.0,1.0,0.0,3.6,3.4,2.1
1819,04/11/2018,Lazio,Spal,4.0,1.0,H,2.0,1.0,H,18.0,5.0,11.0,3.0,8.0,4.0,7.0,8.0,1.0,3.0,0.0,0.0,1.33,5.25,10.0
1819,04/11/2018,Parma,Frosinone,0.0,0.0,D,0.0,0.0,D,9.0,9.0,1.0,1.0,3.0,7.0,14.0,15.0,1.0,4.0,1.0,0.0,1.95,3.5,4.0
1819,04/11/2018,Sampdoria,Torino,1.0,4.0,A,0.0,2.0,A,10.0,15.0,4.0,8.0,0.0,2.0,13.0,25.0,2.0,2.0,0.0,0.0,2.7,3.2,2.7
1819,04/11/2018,Udinese,Milan,0.0,1.0,A,0.0,0.0,D,11.0,15.0,4.0,9.0,4.0,7.0,11.0,13.0,3.0,3.0,1.0,0.0,4.2,3.5,1.9
1819,09/11/2018,Frosinone,Fiorentina,1.0,1.0,D,0.0,0.0,D,5.0,16.0,3.0,10.0,4.0,5.0,8.0,12.0,3.0,0.0,0.0,0.0,5.25,3.6,1.7
1819,10/11/2018,Genoa,Napoli,1.0,2.0,A,1.0,0.0,H,8.0,13.0,3.0,7.0,2.0,7.0,15.0,6.0,4.0,2.0,0.0,0.0,7.0,4.5,1.44
1819,10/11/2018,Spal,Cagliari,2.0,2.0,D,1.0,0.0,H,8.0,11.0,4.0,3.0,1.0,6.0,13.0,15.0,2.0,4.0,0.0,0.0,2.45,3.1,3.1
1819,10/11/2018,Torino,Parma,1.0,2.0,A,1.0,2.0,A,12.0,11.0,4.0,7.0,7.0,7.0,14.0,17.0,2.0,4.0,0.0,0.0,1.44,4.2,8.5
1819,11/11/2018,Atalanta,Inter,4.0,1.0,H,1.0,0.0,H,16.0,6.0,10.0,2.0,9.0,6.0,11.0,13.0,3.0,5.0,0.0,1.0,2.75,3.3,2.6
1819,11/11/2018,Chievo,Bologna,2.0,2.0,D,2.0,1.0,H,12.0,12.0,6.0,6.0,5.0,6.0,15.0,18.0,3.0,3.0,0.0,0.0,2.9,3.2,2.6
1819,11/11/2018,Empoli,Udinese,2.0,1.0,H,1.0,0.0,H,9.0,22.0,5.0,9.0,4.0,13.0,6.0,11.0,2.0,2.0,0.0,0.0,2.2,3.3,3.5
1819,11/11/2018,Milan,Juventus,0.0,2.0,A,0.0,1.0,A,5.0,12.0,2.0,8.0,2.0,5.0,16.0,9.0,3.0,1.0,1.0,0.0,4.75,3.75,1.72
1819,11/11/2018,Roma,Sampdoria,4.0,1.0,H,1.0,0.0,H,10.0,4.0,6.0,3.0,7.0,7.0,8.0,10.0,1.0,1.0,0.0,0.0,1.44,4.5,7.0
1819,11/11/2018,Sassuolo,Lazio,1.0,1.0,D,1.0,1.0,D,9.0,7.0,4.0,3.0,2.0,6.0,15.0,21.0,4.0,3.0,0.0,0.0,4.0,3.5,1.95
1819,24/11/2018,Inter,Frosinone,3.0,0.0,H,1.0,0.0,H,25.0,5.0,14.0,4.0,11.0,0.0,11.0,11.0,1.0,3.0,0.0,0.0,1.25,6.0,12.0
1819,24/11/2018,Juventus,Spal,2.0,0.0,H,1.0,0.0,H,12.0,8.0,8.0,1.0,6.0,3.0,20.0,11.0,1.0,3.0,0.0,0.0,1.14,8.0,19.0
1819,24/11/2018,Udinese,Roma,1.0,0.0,H,0.0,0.0,D,8.0,23.0,3.0,9.0,0.0,12.0,6.0,10.0,2.0,0.0,0.0,0.0,4.5,3.6,1.83
1819,25/11/2018,Bologna,Fiorentina,0.0,0.0,D,0.0,0.0,D,8.0,11.0,4.0,6.0,4.0,9.0,11.0,21.0,3.0,1.0,0.0,0.0,4.0,3.3,2.04
1819,25/11/2018,Empoli,Atalanta,3.0,2.0,H,1.0,2.0,A,12.0,8.0,8.0,5.0,7.0,3.0,12.0,9.0,2.0,2.0,0.0,1.0,5.25,4.0,1.66
1819,25/11/2018,Genoa,Sampdoria,1.0,1.0,D,1.0,1.0,D,10.0,6.0,5.0,2.0,7.0,6.0,17.0,15.0,2.0,1.0,0.0,0.0,2.6,3.3,2.75
1819,25/11/2018,Lazio,Milan,1.0,1.0,D,0.0,0.0,D,16.0,9.0,6.0,4.0,9.0,4.0,10.0,4.0,1.0,1.0,0.0,0.0,1.85,3.75,4.2
1819,25/11/2018,Napoli,Chievo,0.0,0.0,D,0.0,0.0,D,17.0,7.0,10.0,3.0,20.0,2.0,11.0,13.0,2.0,2.0,0.0,0.0,1.12,9.0,19.0
1819,25/11/2018,Parma,Sassuolo,2.0,1.0,H,2.0,1.0,H,10.0,12.0,4.0,5.0,2.0,3.0,14.0,14.0,3.0,4.0,0.0,0.0,3.1,3.4,2.3
1819,26/11/2018,Cagliari,Torino,0.0,0.0,D,0.0,0.0,D,3.0,8.0,1.0,5.0,3.0,4.0,12.0,13.0,2.0,0.0,0.0,0.0,2.9,3.2,2.54
1819,01/12/2018,Fiorentina,Juventus,0.0,3.0,A,0.0,1.0,A,12.0,9.0,7.0,6.0,4.0,9.0,14.0,8.0,6.0,3.0,0.0,0.0,6.0,3.75,1.61
1819,01/12/2018,Sampdoria,Bologna,4.0,1.0,H,3.0,1.0,H,8.0,8.0,6.0,4.0,1.0,4.0,14.0,10.0,3.0,3.0,0.0,0.0,2.0,3.3,4.0
1819,01/12/2018,Spal,Empoli,2.0,2.0,D,1.0,2.0,A,9.0,13.0,5.0,8.0,4.0,9.0,14.0,14.0,3.0,3.0,1.0,0.0,2.4,3.3,3.0
1819,02/12/2018,Chievo,Lazio,1.0,1.0,D,1.0,0.0,H,5.0,19.0,2.0,7.0,4.0,6.0,11.0,11.0,4.0,2.0,0.0,0.0,8.0,4.2,1.44
1819,02/12/2018,Frosinone,Cagliari,1.0,1.0,D,1.0,0.0,H,25.0,18.0,11.0,7.0,5.0,1.0,13.0,15.0,1.0,7.0,0.0,1.0,3.0,3.3,2.4
1819,02/12/2018,Milan,Parma,2.0,1.0,H,0.0,0.0,D,19.0,7.0,6.0,1.0,8.0,8.0,9.0,15.0,2.0,2.0,0.0,0.0,1.4,5.0,7.5
1819,02/12/2018,Roma,Inter,2.0,2.0,D,0.0,1.0,A,15.0,16.0,6.0,7.0,4.0,7.0,11.0,13.0,1.0,1.0,0.0,0.0,2.8,3.4,2.45
1819,02/12/2018,Sassuolo,Udinese,0.0,0.0,D,0.0,0.0,D,17.0,3.0,3.0,1.0,13.0,2.0,13.0,16.0,3.0,2.0,0.0,0.0,1.9,3.5,4.0
1819,02/12/2018,Torino,Genoa,2.0,1.0,H,2.0,1.0,H,23.0,8.0,10.0,2.0,5.0,5.0,14.0,20.0,3.0,4.0,0.0,1.0,1.75,3.75,4.75
1819,03/12/2018,Atalanta,Napoli,1.0,2.0,A,0.0,1.0,A,9.0,9.0,3.0,5.0,12.0,6.0,8.0,7.0,1.0,2.0,0.0,0.0,3.3,3.6,2.14
1819,07/12/2018,Juventus,Inter,1.0,0.0,H,0.0,0.0,D,14.0,8.0,6.0,4.0,10.0,8.0,13.0,16.0,2.0,2.0,0.0,0.0,1.53,3.8,6.5
1819,08/12/2018,Cagliari,Roma,2.0,2.0,D,0.0,2.0,A,10.0,14.0,5.0,7.0,7.0,5.0,17.0,12.0,3.0,1.0,2.0,0.0,4.5,3.6,1.83
1819,08/12/2018,Lazio,Sampdoria,2.0,2.0,D,0.0,1.0,A,20.0,4.0,11.0,3.0,10.0,6.0,13.0,11.0,3.0,6.0,0.0,1.0,1.44,4.75,7.0
1819,08/12/2018,Napoli,Frosinone,4.0,0.0,H,2.0,0.0,H,18.0,6.0,10.0,2.0,9.0,3.0,6.0,10.0,1.0,2.0,0.0,0.0,1.16,8.0,15.0
1819,09/12/2018,Empoli,Bologna,2.0,1.0,H,1.0,1.0,D,9.0,14.0,5.0,8.0,4.0,8.0,6.0,8.0,2.0,2.0,0.0,0.0,1.95,3.5,4.0
1819,09/12/2018,Genoa,Spal,1.0,1.0,D,1.0,1.0,D,6.0,16.0,3.0,7.0,1.0,6.0,9.0,10.0,1.0,5.0,1.0,0.0,2.0,3.3,4.0
1819,09/12/2018,Milan,Torino,0.0,0.0,D,0.0,0.0,D,11.0,10.0,4.0,4.0,11.0,3.0,10.0,16.0,2.0,3.0,0.0,0.0,1.85,3.6,4.33
1819,09/12/2018,Parma,Chievo,1.0,1.0,D,0.0,0.0,D,12.0,7.0,7.0,1.0,8.0,2.0,17.0,18.0,4.0,4.0,0.0,1.0,2.04,3.3,3.8
1819,09/12/2018,Sassuolo,Fiorentina,3.0,3.0,D,0.0,0.0,D,11.0,11.0,7.0,6.0,6.0,10.0,12.0,12.0,4.0,5.0,1.0,1.0,2.8,3.2,2.6
1819,09/12/2018,Udinese,Atalanta,1.0,3.0,A,1.0,1.0,D,5.0,12.0,2.0,4.0,2.0,7.0,17.0,6.0,1.0,1.0,0.0,0.0,4.33,3.75,1.8
1819,15/12/2018,Inter,Udinese,1.0,0.0,H,0.0,0.0,D,15.0,7.0,4.0,1.0,10.0,0.0,11.0,8.0,3.0,1.0,0.0,0.0,1.3,5.0,11.0
1819,15/12/2018,Torino,Juventus,0.0,1.0,A,0.0,0.0,D,5.0,7.0,3.0,4.0,7.0,5.0,17.0,13.0,2.0,4.0,0.0,0.0,6.5,3.6,1.61
1819,16/12/2018,Cagliari,Napoli,0.0,1.0,A,0.0,0.0,D,6.0,13.0,2.0,5.0,2.0,10.0,15.0,9.0,2.0,2.0,0.0,0.0,7.5,4.5,1.44
1819,16/12/2018,Fiorentina,Empoli,3.0,1.0,H,1.0,1.0,D,15.0,8.0,9.0,4.0,2.0,3.0,20.0,18.0,2.0,1.0,0.0,0.0,1.75,3.75,4.75
1819,16/12/2018,Frosinone,Sassuolo,0.0,2.0,A,0.0,1.0,A,9.0,13.0,3.0,3.0,6.0,5.0,18.0,10.0,3.0,2.0,0.0,0.0,3.6,3.5,2.04
1819,16/12/2018,Roma,Genoa,3.0,2.0,H,2.0,2.0,D,14.0,11.0,7.0,8.0,6.0,4.0,10.0,15.0,2.0,2.0,0.0,0.0,1.44,4.75,7.0
1819,16/12/2018,Sampdoria,Parma,2.0,0.0,H,0.0,0.0,D,12.0,2.0,10.0,0.0,8.0,4.0,10.0,7.0,2.0,1.0,0.0,0.0,1.83,3.6,4.5
1819,16/12/2018,Spal,Chievo,0.0,0.0,D,0.0,0.0,D,10.0,8.0,3.0,6.0,6.0,4.0,14.0,18.0,2.0,4.0,0.0,0.0,2.04,3.3,3.8
1819,17/12/2018,Atalanta,Lazio,1.0,0.0,H,1.0,0.0,H,4.0,11.0,2.0,3.0,7.0,7.0,10.0,17.0,2.0,4.0,0.0,0.0,2.2,3.6,3.1
1819,18/12/2018,Bologna,Milan,0.0,0.0,D,0.0,0.0,D,7.0,11.0,6.0,4.0,2.0,1.0,12.0,12.0,2.0,5.0,0.0,1.0,4.2,3.4,1.95
1819,22/12/2018,Chievo,Inter,1.0,1.0,D,0.0,1.0,A,6.0,9.0,3.0,3.0,5.0,7.0,10.0,10.0,3.0,2.0,0.0,0.0,8.5,4.33,1.4
1819,22/12/2018,Empoli,Sampdoria,2.0,4.0,A,1.0,1.0,D,6.0,15.0,3.0,12.0,8.0,5.0,14.0,9.0,3.0,4.0,0.0,0.0,2.3,3.4,3.1
1819,22/12/2018,Genoa,Atalanta,3.0,1.0,H,1.0,0.0,H,15.0,10.0,7.0,6.0,9.0,6.0,13.0,13.0,3.0,2.0,0.0,2.0,4.0,3.6,1.9
1819,22/12/2018,Juventus,Roma,1.0,0.0,H,1.0,0.0,H,15.0,4.0,7.0,4.0,13.0,2.0,9.0,12.0,0.0,3.0,0.0,0.0,1.44,4.33,8.0
1819,22/12/2018,Lazio,Cagliari,3.0,1.0,H,2.0,0.0,H,15.0,9.0,10.0,5.0,7.0,5.0,16.0,9.0,2.0,1.0,0.0,0.0,1.33,5.0,9.0
1819,22/12/2018,Milan,Fiorentina,0.0,1.0,A,0.0,0.0,D,11.0,7.0,7.0,1.0,9.0,7.0,10.0,18.0,3.0,4.0,0.0,0.0,2.3,3.25,3.25
1819,22/12/2018,Napoli,Spal,1.0,0.0,H,1.0,0.0,H,15.0,10.0,8.0,6.0,3.0,5.0,13.0,8.0,2.0,2.0,0.0,0.0,1.2,7.0,13.0
1819,22/12/2018,Parma,Bologna,0.0,0.0,D,0.0,0.0,D,7.0,5.0,1.0,2.0,4.0,2.0,8.0,9.0,3.0,3.0,0.0,0.0,2.54,3.1,3.0
1819,22/12/2018,Sassuolo,Torino,1.0,1.0,D,0.0,0.0,D,11.0,4.0,6.0,3.0,12.0,2.0,12.0,15.0,2.0,3.0,0.0,0.0,2.62,3.2,2.8
1819,22/12/2018,Udinese,Frosinone,1.0,1.0,D,1.0,0.0,H,9.0,10.0,1.0,6.0,2.0,5.0,11.0,16.0,2.0,4.0,0.0,0.0,1.7,3.7,5.25
1819,26/12/2018,Atalanta,Juventus,2.0,2.0,D,1.0,1.0,D,10.0,10.0,6.0,3.0,5.0,5.0,17.0,16.0,4.0,4.0,0.0,1.0,4.75,3.5,1.8
1819,26/12/2018,Bologna,Lazio,0.0,2.0,A,0.0,1.0,A,6.0,11.0,3.0,7.0,1.0,7.0,15.0,18.0,2.0,0.0,0.0,0.0,5.0,3.8,1.72
1819,26/12/2018,Cagliari,Genoa,1.0,0.0,H,1.0,0.0,H,12.0,10.0,7.0,4.0,4.0,4.0,8.0,9.0,3.0,3.0,0.0,0.0,2.3,3.2,3.3
1819,26/12/2018,Fiorentina,Parma,0.0,1.0,A,0.0,1.0,A,16.0,3.0,7.0,2.0,9.0,2.0,15.0,15.0,4.0,4.0,1.0,0.0,1.6,3.8,6.0
1819,26/12/2018,Frosinone,Milan,0.0,0.0,D,0.0,0.0,D,11.0,16.0,5.0,8.0,3.0,6.0,10.0,12.0,2.0,1.0,0.0,0.0,5.25,3.75,1.7
1819,26/12/2018,Inter,Napoli,1.0,0.0,H,0.0,0.0,D,9.0,9.0,5.0,4.0,5.0,0.0,12.0,8.0,3.0,4.0,0.0,2.0,2.75,3.3,2.62
1819,26/12/2018,Roma,Sassuolo,3.0,1.0,H,2.0,0.0,H,16.0,8.0,10.0,3.0,8.0,5.0,15.0,16.0,1.0,1.0,0.0,0.0,1.61,4.0,5.25
1819,26/12/2018,Sampdoria,Chievo,2.0,0.0,H,0.0,0.0,D,10.0,7.0,6.0,1.0,4.0,1.0,22.0,19.0,2.0,1.0,0.0,0.0,1.75,3.7,5.0
1819,26/12/2018,Spal,Udinese,0.0,0.0,D,0.0,0.0,D,7.0,3.0,4.0,1.0,7.0,2.0,10.0,14.0,1.0,2.0,0.0,0.0,2.5,3.1,3.1
1819,26/12/2018,Torino,Empoli,3.0,0.0,H,1.0,0.0,H,13.0,5.0,10.0,1.0,5.0,1.0,9.0,9.0,1.0,3.0,0.0,1.0,1.7,3.8,5.0
1819,29/12/2018,Chievo,Frosinone,1.0,0.0,H,0.0,0.0,D,9.0,12.0,3.0,4.0,4.0,2.0,16.0,20.0,4.0,6.0,0.0,1.0,2.3,3.0,3.4
1819,29/12/2018,Empoli,Inter,0.0,1.0,A,0.0,0.0,D,7.0,7.0,3.0,6.0,4.0,6.0,14.0,4.0,1.0,1.0,0.0,0.0,6.5,4.2,1.5
1819,29/12/2018,Genoa,Fiorentina,0.0,0.0,D,0.0,0.0,D,7.0,8.0,3.0,6.0,7.0,3.0,21.0,8.0,2.0,1.0,0.0,0.0,2.54,3.25,2.7
1819,29/12/2018,Juventus,Sampdoria,2.0,1.0,H,1.0,1.0,D,15.0,7.0,8.0,3.0,6.0,3.0,13.0,16.0,2.0,2.0,0.0,0.0,1.2,6.5,13.0
1819,29/12/2018,Lazio,Torino,1.0,1.0,D,0.0,1.0,A,10.0,7.0,5.0,6.0,7.0,3.0,20.0,22.0,4.0,4.0,1.0,1.0,1.75,3.6,4.6
1819,29/12/2018,Milan,Spal,2.0,1.0,H,1.0,1.0,D,11.0,9.0,6.0,4.0,11.0,2.0,15.0,10.0,4.0,2.0,1.0,0.0,1.5,4.0,7.0
1819,29/12/2018,Napoli,Bologna,3.0,2.0,H,1.0,1.0,D,14.0,10.0,9.0,4.0,6.0,5.0,14.0,10.0,2.0,2.0,0.0,0.0,1.28,5.5,10.0
1819,29/12/2018,Parma,Roma,0.0,2.0,A,0.0,0.0,D,3.0,19.0,2.0,8.0,2.0,7.0,7.0,11.0,1.0,1.0,0.0,0.0,4.75,3.8,1.7
1819,29/12/2018,Sassuolo,Atalanta,2.0,6.0,A,0.0,2.0,A,13.0,13.0,8.0,9.0,1.0,8.0,10.0,10.0,1.0,2.0,0.0,0.0,3.4,3.5,2.04
1819,29/12/2018,Udinese,Cagliari,2.0,0.0,H,1.0,0.0,H,19.0,4.0,7.0,1.0,6.0,6.0,11.0,15.0,3.0,2.0,1.0,1.0,2.3,3.1,3.2
1819,19/01/2019,Inter,Sassuolo,0.0,0.0,D,0.0,0.0,D,8.0,11.0,4.0,6.0,11.0,0.0,16.0,16.0,1.0,3.0,0.0,0.0,1.4,4.75,8.0
1819,19/01/2019,Roma,Torino,3.0,2.0,H,2.0,0.0,H,11.0,8.0,9.0,3.0,6.0,3.0,17.0,17.0,2.0,3.0,0.0,0.0,1.6,4.0,5.75
1819,19/01/2019,Udinese,Parma,1.0,2.0,A,0.0,1.0,A,17.0,7.0,9.0,4.0,8.0,2.0,17.0,15.0,3.0,1.0,0.0,0.0,2.1,3.1,4.0
1819,20/01/2019,Cagliari,Empoli,2.0,2.0,D,1.0,0.0,H,13.0,9.0,3.0,4.0,4.0,7.0,11.0,10.0,0.0,0.0,0.0,0.0,2.0,3.5,3.8
1819,20/01/2019,Fiorentina,Sampdoria,3.0,3.0,D,1.0,1.0,D,8.0,9.0,4.0,5.0,4.0,7.0,15.0,22.0,6.0,4.0,1.0,0.0,1.8,3.6,4.5
1819,20/01/2019,Frosinone,Atalanta,0.0,5.0,A,0.0,2.0,A,5.0,14.0,3.0,8.0,4.0,8.0,12.0,11.0,2.0,0.0,0.0,0.0,8.5,4.5,1.4
1819,20/01/2019,Napoli,Lazio,2.0,1.0,H,2.0,0.0,H,17.0,13.0,13.0,9.0,7.0,8.0,6.0,12.0,1.0,5.0,0.0,1.0,1.9,3.6,4.0
1819,20/01/2019,Spal,Bologna,1.0,1.0,D,0.0,1.0,A,13.0,12.0,9.0,6.0,7.0,7.0,13.0,18.0,2.0,3.0,0.0,0.0,2.5,3.1,3.1
1819,21/01/2019,Genoa,Milan,0.0,2.0,A,0.0,0.0,D,13.0,9.0,7.0,7.0,5.0,6.0,14.0,17.0,3.0,3.0,0.0,0.0,3.2,3.2,2.37
1819,21/01/2019,Juventus,Chievo,3.0,0.0,H,2.0,0.0,H,19.0,7.0,11.0,3.0,12.0,5.0,10.0,7.0,1.0,2.0,0.0,0.0,1.11,10.0,21.0
1819,26/01/2019,Milan,Napoli,0.0,0.0,D,0.0,0.0,D,12.0,14.0,7.0,8.0,6.0,8.0,7.0,11.0,1.0,3.0,0.0,1.0,3.75,3.5,2.0
1819,26/01/2019,Sampdoria,Udinese,4.0,0.0,H,1.0,0.0,H,14.0,6.0,9.0,0.0,1.0,1.0,14.0,13.0,2.0,4.0,0.0,0.0,1.83,3.5,4.75
1819,26/01/2019,Sassuolo,Cagliari,3.0,0.0,H,2.0,0.0,H,11.0,7.0,9.0,3.0,4.0,12.0,14.0,17.0,1.0,1.0,0.0,0.0,2.0,3.3,4.0
1819,27/01/2019,Atalanta,Roma,3.0,3.0,D,1.0,3.0,A,14.0,7.0,6.0,5.0,9.0,2.0,7.0,13.0,0.0,3.0,0.0,0.0,2.15,3.6,3.25
1819,27/01/2019,Bologna,Frosinone,0.0,4.0,A,0.0,2.0,A,8.0,4.0,2.0,4.0,9.0,2.0,15.0,13.0,3.0,4.0,1.0,0.0,1.65,3.75,5.5
1819,27/01/2019,Chievo,Fiorentina,3.0,4.0,A,1.0,2.0,A,14.0,11.0,8.0,7.0,7.0,5.0,19.0,18.0,3.0,1.0,0.0,1.0,4.5,3.5,1.83
1819,27/01/2019,Lazio,Juventus,1.0,2.0,A,0.0,0.0,D,11.0,4.0,5.0,3.0,8.0,1.0,11.0,13.0,2.0,5.0,0.0,0.0,4.2,3.5,1.9
1819,27/01/2019,Parma,Spal,2.0,3.0,A,1.0,0.0,H,9.0,15.0,5.0,6.0,1.0,10.0,9.0,13.0,2.0,4.0,0.0,0.0,2.4,3.0,3.3
1819,27/01/2019,Torino,Inter,1.0,0.0,H,1.0,0.0,H,7.0,9.0,4.0,4.0,6.0,7.0,19.0,12.0,3.0,3.0,0.0,1.0,3.6,3.3,2.1
1819,28/01/2019,Empoli,Genoa,1.0,3.0,A,0.0,1.0,A,13.0,12.0,7.0,7.0,1.0,3.0,8.0,7.0,1.0,2.0,0.0,0.0,2.37,3.4,3.0
1819,02/02/2019,Empoli,Chievo,2.0,2.0,D,1.0,2.0,A,11.0,10.0,9.0,4.0,10.0,6.0,9.0,12.0,0.0,2.0,0.0,0.0,1.95,3.5,4.0
1819,02/02/2019,Juventus,Parma,3.0,3.0,D,1.0,0.0,H,18.0,11.0,9.0,5.0,12.0,4.0,6.0,11.0,1.0,2.0,0.0,0.0,1.18,7.0,17.0
1819,02/02/2019,Napoli,Sampdoria,3.0,0.0,H,2.0,0.0,H,18.0,8.0,14.0,2.0,5.0,3.0,4.0,12.0,0.0,3.0,0.0,0.0,1.36,5.0,8.5
1819,03/02/2019,Genoa,Sassuolo,1.0,1.0,D,1.0,1.0,D,4.0,11.0,2.0,8.0,4.0,6.0,11.0,15.0,1.0,3.0,0.0,0.0,2.5,3.3,2.87
1819,03/02/2019,Inter,Bologna,0.0,1.0,A,0.0,1.0,A,12.0,8.0,3.0,7.0,6.0,7.0,13.0,17.0,1.0,2.0,0.0,0.0,1.33,5.25,9.0
1819,03/02/2019,Roma,Milan,1.0,1.0,D,0.0,1.0,A,11.0,6.0,9.0,5.0,10.0,2.0,15.0,9.0,3.0,4.0,0.0,0.0,2.15,3.5,3.4
1819,03/02/2019,Spal,Torino,0.0,0.0,D,0.0,0.0,D,8.0,5.0,1.0,1.0,11.0,6.0,24.0,27.0,5.0,5.0,0.0,1.0,3.7,3.25,2.15
1819,03/02/2019,Udinese,Fiorentina,1.0,1.0,D,0.0,0.0,D,7.0,9.0,2.0,4.0,1.0,10.0,13.0,14.0,3.0,3.0,0.0,0.0,3.6,3.3,2.1
1819,04/02/2019,Cagliari,Atalanta,0.0,1.0,A,0.0,0.0,D,8.0,10.0,2.0,6.0,2.0,4.0,18.0,11.0,0.0,2.0,0.0,0.0,5.0,4.1,1.66
1819,04/02/2019,Frosinone,Lazio,0.0,1.0,A,0.0,1.0,A,9.0,11.0,4.0,5.0,2.0,2.0,8.0,14.0,1.0,5.0,0.0,0.0,7.0,4.75,1.44
1819,07/02/2019,Lazio,Empoli,1.0,0.0,H,1.0,0.0,H,8.0,3.0,4.0,1.0,3.0,2.0,13.0,8.0,1.0,1.0,0.0,0.0,1.3,5.25,9.5
1819,08/02/2019,Chievo,Roma,0.0,3.0,A,0.0,2.0,A,11.0,11.0,6.0,9.0,7.0,7.0,6.0,9.0,1.0,2.0,0.0,0.0,5.75,4.33,1.53
1819,09/02/2019,Fiorentina,Napoli,0.0,0.0,D,0.0,0.0,D,10.0,12.0,4.0,4.0,5.0,5.0,9.0,17.0,2.0,4.0,0.0,0.0,4.0,3.6,1.9
1819,09/02/2019,Parma,Inter,0.0,1.0,A,0.0,0.0,D,6.0,13.0,2.0,7.0,2.0,10.0,17.0,12.0,2.0,2.0,0.0,0.0,5.25,3.8,1.66
1819,10/02/2019,Atalanta,Spal,2.0,1.0,H,0.0,1.0,A,8.0,5.0,5.0,3.0,9.0,4.0,14.0,12.0,1.0,3.0,0.0,0.0,1.28,5.5,11.0
1819,10/02/2019,Bologna,Genoa,1.0,1.0,D,1.0,1.0,D,7.0,9.0,4.0,6.0,13.0,3.0,17.0,13.0,2.0,2.0,0.0,0.0,2.25,3.1,3.5
1819,10/02/2019,Milan,Cagliari,3.0,0.0,H,2.0,0.0,H,17.0,7.0,10.0,3.0,2.0,5.0,12.0,11.0,0.0,1.0,0.0,0.0,1.4,4.75,8.5
1819,10/02/2019,Sampdoria,Frosinone,0.0,1.0,A,0.0,1.0,A,11.0,3.0,7.0,1.0,9.0,2.0,10.0,21.0,3.0,3.0,0.0,0.0,1.5,4.0,8.0
1819,10/02/2019,Sassuolo,Juventus,0.0,3.0,A,0.0,1.0,A,9.0,10.0,2.0,5.0,8.0,4.0,17.0,8.0,0.0,0.0,0.0,0.0,7.0,3.75,1.57
1819,10/02/2019,Torino,Udinese,1.0,0.0,H,1.0,0.0,H,12.0,10.0,7.0,6.0,9.0,2.0,21.0,21.0,2.0,4.0,0.0,1.0,1.72,3.6,5.25
1819,15/02/2019,Juventus,Frosinone,3.0,0.0,H,2.0,0.0,H,11.0,7.0,8.0,1.0,5.0,7.0,13.0,19.0,2.0,3.0,0.0,0.0,1.12,9.5,19.0
1819,16/02/2019,Atalanta,Milan,1.0,3.0,A,1.0,1.0,D,12.0,6.0,5.0,3.0,5.0,2.0,10.0,9.0,1.0,2.0,0.0,0.0,2.0,3.4,3.9
1819,16/02/2019,Cagliari,Parma,2.0,1.0,H,0.0,1.0,A,12.0,6.0,3.0,3.0,1.0,4.0,21.0,11.0,5.0,1.0,1.0,0.0,2.0,3.3,4.0
1819,17/02/2019,Empoli,Sassuolo,3.0,0.0,H,2.0,0.0,H,7.0,5.0,6.0,2.0,3.0,3.0,11.0,10.0,1.0,3.0,0.0,0.0,2.7,3.4,2.6
1819,17/02/2019,Genoa,Lazio,2.0,1.0,H,0.0,1.0,A,14.0,6.0,6.0,6.0,7.0,3.0,12.0,12.0,3.0,2.0,0.0,0.0,3.2,3.4,2.25
1819,17/02/2019,Inter,Sampdoria,2.0,1.0,H,0.0,0.0,D,14.0,6.0,7.0,2.0,9.0,5.0,10.0,11.0,3.0,1.0,0.0,0.0,1.61,3.75,6.0
1819,17/02/2019,Napoli,Torino,0.0,0.0,D,0.0,0.0,D,20.0,6.0,10.0,1.0,15.0,4.0,18.0,13.0,5.0,3.0,0.0,0.0,1.44,4.33,8.0
1819,17/02/2019,Spal,Fiorentina,1.0,4.0,A,1.0,1.0,D,6.0,15.0,4.0,9.0,3.0,10.0,14.0,14.0,3.0,4.0,0.0,0.0,3.6,3.2,2.15
1819,17/02/2019,Udinese,Chievo,1.0,0.0,H,0.0,0.0,D,11.0,13.0,7.0,9.0,6.0,4.0,11.0,21.0,5.0,4.0,0.0,0.0,1.83,3.4,4.75
1819,18/02/2019,Roma,Bologna,2.0,1.0,H,0.0,0.0,D,9.0,14.0,4.0,10.0,9.0,7.0,15.0,15.0,3.0,4.0,0.0,0.0,1.44,4.33,8.0
1819,22/02/2019,Milan,Empoli,3.0,0.0,H,0.0,0.0,D,10.0,4.0,7.0,1.0,6.0,2.0,13.0,9.0,1.0,1.0,0.0,0.0,1.44,4.33,7.0
1819,23/02/2019,Frosinone,Roma,2.0,3.0,A,1.0,2.0,A,9.0,7.0,5.0,5.0,4.0,8.0,18.0,11.0,2.0,2.0,0.0,0.0,6.5,4.5,1.45
1819,23/02/2019,Torino,Atalanta,2.0,0.0,H,1.0,0.0,H,11.0,9.0,7.0,4.0,4.0,4.0,17.0,18.0,2.0,1.0,0.0,0.0,3.2,3.3,2.3
1819,24/02/2019,Bologna,Juventus,0.0,1.0,A,0.0,0.0,D,13.0,5.0,4.0,4.0,4.0,5.0,12.0,17.0,2.0,2.0,0.0,0.0,7.5,4.5,1.44
1819,24/02/2019,Chievo,Genoa,0.0,0.0,D,0.0,0.0,D,8.0,6.0,5.0,2.0,4.0,6.0,20.0,22.0,2.0,3.0,0.0,0.0,3.3,3.2,2.3
1819,24/02/2019,Fiorentina,Inter,3.0,3.0,D,1.0,2.0,A,10.0,7.0,2.0,6.0,9.0,6.0,13.0,15.0,2.0,4.0,0.0,0.0,2.7,3.3,2.7
1819,24/02/2019,Parma,Napoli,0.0,4.0,A,0.0,2.0,A,8.0,14.0,2.0,5.0,5.0,2.0,13.0,7.0,2.0,1.0,0.0,0.0,7.0,4.5,1.44
1819,24/02/2019,Sampdoria,Cagliari,1.0,0.0,H,0.0,0.0,D,9.0,8.0,6.0,1.0,3.0,5.0,9.0,17.0,1.0,2.0,0.0,0.0,1.75,3.6,5.0
1819,24/02/2019,Sassuolo,Spal,1.0,1.0,D,1.0,0.0,H,6.0,5.0,2.0,3.0,3.0,5.0,18.0,14.0,4.0,1.0,1.0,0.0,1.95,3.4,4.0
1819,01/03/2019,Cagliari,Inter,2.0,1.0,H,2.0,1.0,H,12.0,19.0,5.0,7.0,1.0,5.0,12.0,8.0,5.0,3.0,0.0,0.0,5.25,3.7,1.7
1819,02/03/2019,Empoli,Parma,3.0,3.0,D,1.0,2.0,A,13.0,7.0,9.0,7.0,8.0,2.0,10.0,17.0,1.0,3.0,0.0,0.0,2.0,3.5,3.75
1819,02/03/2019,Lazio,Roma,3.0,0.0,H,1.0,0.0,H,6.0,7.0,4.0,3.0,5.0,7.0,13.0,15.0,4.0,5.0,0.0,1.0,2.37,3.5,3.0
1819,02/03/2019,Milan,Sassuolo,1.0,0.0,H,1.0,0.0,H,7.0,11.0,4.0,6.0,6.0,6.0,20.0,9.0,3.0,0.0,0.0,1.0,1.5,4.2,7.0
1819,03/03/2019,Atalanta,Fiorentina,3.0,1.0,H,2.0,1.0,H,17.0,7.0,10.0,4.0,8.0,5.0,9.0,16.0,4.0,2.0,0.0,0.0,1.85,3.75,4.2
1819,03/03/2019,Genoa,Frosinone,0.0,0.0,D,0.0,0.0,D,10.0,3.0,6.0,0.0,8.0,2.0,15.0,16.0,2.0,4.0,0.0,1.0,1.66,3.6,5.75
1819,03/03/2019,Napoli,Juventus,1.0,2.0,A,0.0,2.0,A,13.0,4.0,5.0,3.0,12.0,4.0,10.0,14.0,3.0,6.0,1.0,1.0,2.3,3.2,3.2
1819,03/03/2019,Spal,Sampdoria,1.0,2.0,A,0.0,2.0,A,8.0,14.0,2.0,10.0,5.0,4.0,10.0,14.0,2.0,3.0,1.0,0.0,2.8,3.1,2.7
1819,03/03/2019,Torino,Chievo,3.0,0.0,H,0.0,0.0,D,9.0,9.0,6.0,5.0,7.0,4.0,10.0,18.0,1.0,4.0,0.0,0.0,1.44,4.33,8.0
1819,03/03/2019,Udinese,Bologna,2.0,1.0,H,1.0,1.0,D,11.0,11.0,6.0,9.0,6.0,6.0,21.0,20.0,3.0,3.0,0.0,0.0,2.8,3.0,2.8
1819,08/03/2019,Juventus,Udinese,4.0,1.0,H,2.0,0.0,H,15.0,4.0,6.0,2.0,5.0,0.0,7.0,9.0,0.0,3.0,0.0,0.0,1.36,4.75,9.5
1819,09/03/2019,Chievo,Milan,1.0,2.0,A,1.0,1.0,D,5.0,9.0,1.0,3.0,4.0,1.0,20.0,13.0,3.0,1.0,0.0,0.0,6.0,4.0,1.55
1819,09/03/2019,Parma,Genoa,1.0,0.0,H,0.0,0.0,D,8.0,8.0,4.0,1.0,4.0,5.0,12.0,12.0,2.0,1.0,0.0,0.0,2.8,3.1,2.7
1819,10/03/2019,Bologna,Cagliari,2.0,0.0,H,1.0,0.0,H,17.0,7.0,8.0,6.0,8.0,3.0,16.0,21.0,0.0,0.0,0.0,0.0,1.95,3.1,4.75
1819,10/03/2019,Fiorentina,Lazio,1.0,1.0,D,0.0,1.0,A,7.0,7.0,1.0,6.0,4.0,7.0,8.0,14.0,3.0,1.0,0.0,0.0,2.8,3.3,2.55
1819,10/03/2019,Frosinone,Torino,1.0,2.0,A,1.0,0.0,H,9.0,10.0,5.0,7.0,3.0,3.0,14.0,21.0,2.0,4.0,0.0,0.0,4.75,3.3,1.85
1819,10/03/2019,Inter,Spal,2.0,0.0,H,0.0,0.0,D,10.0,2.0,4.0,1.0,4.0,7.0,17.0,17.0,3.0,5.0,0.0,0.0,1.4,4.5,8.5
1819,10/03/2019,Sampdoria,Atalanta,1.0,2.0,A,0.0,0.0,D,11.0,13.0,6.0,6.0,4.0,7.0,13.0,10.0,2.0,2.0,0.0,0.0,3.5,3.4,2.15
1819,10/03/2019,Sassuolo,Napoli,1.0,1.0,D,0.0,0.0,D,7.0,9.0,1.0,4.0,3.0,5.0,11.0,10.0,3.0,2.0,0.0,0.0,6.0,4.0,1.57
1819,11/03/2019,Roma,Empoli,2.0,1.0,H,2.0,1.0,H,7.0,4.0,2.0,2.0,5.0,3.0,12.0,9.0,4.0,1.0,1.0,0.0,1.53,4.5,5.75
1819,15/03/2019,Cagliari,Fiorentina,2.0,1.0,H,0.0,0.0,D,10.0,6.0,6.0,4.0,4.0,4.0,22.0,13.0,3.0,2.0,0.0,0.0,3.3,3.25,2.3
1819,16/03/2019,Sassuolo,Sampdoria,3.0,5.0,A,1.0,3.0,A,12.0,17.0,5.0,11.0,6.0,5.0,9.0,12.0,1.0,1.0,0.0,0.0,2.4,3.2,3.1
1819,16/03/2019,Spal,Roma,2.0,1.0,H,1.0,0.0,H,10.0,10.0,6.0,5.0,3.0,5.0,12.0,19.0,4.0,5.0,0.0,0.0,4.33,3.6,1.83
1819,16/03/2019,Torino,Bologna,2.0,3.0,A,1.0,2.0,A,16.0,8.0,7.0,6.0,4.0,5.0,15.0,16.0,5.0,4.0,1.0,1.0,1.95,3.2,4.5
1819,17/03/2019,Atalanta,Chievo,1.0,1.0,D,0.0,1.0,A,11.0,6.0,6.0,3.0,10.0,1.0,12.0,24.0,0.0,0.0,0.0,0.0,1.22,6.0,15.0
1819,17/03/2019,Empoli,Frosinone,2.0,1.0,H,2.0,0.0,H,8.0,9.0,5.0,3.0,2.0,2.0,16.0,15.0,4.0,2.0,0.0,0.0,1.8,3.5,4.75
1819,17/03/2019,Genoa,Juventus,2.0,0.0,H,0.0,0.0,D,10.0,3.0,5.0,0.0,6.0,6.0,12.0,11.0,2.0,3.0,0.0,0.0,7.0,4.0,1.53
1819,17/03/2019,Lazio,Parma,4.0,1.0,H,4.0,0.0,H,14.0,4.0,8.0,2.0,6.0,5.0,10.0,10.0,0.0,2.0,0.0,0.0,1.33,5.25,9.5
1819,17/03/2019,Milan,Inter,2.0,3.0,A,0.0,1.0,A,9.0,10.0,7.0,6.0,7.0,4.0,19.0,11.0,4.0,3.0,0.0,0.0,2.3,3.1,3.4
1819,17/03/2019,Napoli,Udinese,4.0,2.0,H,2.0,2.0,D,13.0,8.0,5.0,3.0,5.0,2.0,4.0,7.0,1.0,1.0,0.0,0.0,1.22,6.5,13.0
1819,29/03/2019,Chievo,Cagliari,0.0,3.0,A,0.0,3.0,A,10.0,9.0,8.0,3.0,5.0,5.0,13.0,15.0,6.0,3.0,1.0,0.0,2.7,3.0,2.87
1819,30/03/2019,Juventus,Empoli,1.0,0.0,H,0.0,0.0,D,14.0,3.0,6.0,0.0,5.0,4.0,16.0,11.0,0.0,0.0,0.0,0.0,1.25,6.0,12.0
1819,30/03/2019,Sampdoria,Milan,1.0,0.0,H,1.0,0.0,H,14.0,7.0,8.0,5.0,5.0,10.0,12.0,9.0,1.0,4.0,0.0,0.0,3.25,3.1,2.37
1819,30/03/2019,Udinese,Genoa,2.0,0.0,H,1.0,0.0,H,12.0,15.0,5.0,6.0,3.0,5.0,10.0,18.0,3.0,4.0,0.0,0.0,2.5,3.1,3.1
1819,31/03/2019,Bologna,Sassuolo,2.0,1.0,H,0.0,0.0,D,11.0,5.0,8.0,4.0,9.0,4.0,17.0,18.0,2.0,3.0,0.0,0.0,2.05,3.4,3.75
1819,31/03/2019,Fiorentina,Torino,1.0,1.0,D,1.0,1.0,D,16.0,6.0,8.0,2.0,7.0,5.0,15.0,8.0,0.0,2.0,0.0,0.0,2.1,3.2,3.8
1819,31/03/2019,Frosinone,Spal,0.0,1.0,A,0.0,1.0,A,19.0,5.0,9.0,3.0,8.0,3.0,19.0,14.0,3.0,3.0,0.0,0.0,2.9,3.1,2.6
1819,31/03/2019,Inter,Lazio,0.0,1.0,A,0.0,1.0,A,11.0,6.0,6.0,5.0,12.0,3.0,11.0,13.0,0.0,0.0,0.0,0.0,2.25,3.3,3.3
1819,31/03/2019,Parma,Atalanta,1.0,3.0,A,1.0,1.0,D,6.0,18.0,4.0,11.0,4.0,6.0,13.0,10.0,1.0,1.0,0.0,0.0,5.75,4.0,1.6
1819,31/03/2019,Roma,Napoli,1.0,4.0,A,1.0,1.0,D,11.0,12.0,5.0,10.0,4.0,7.0,14.0,14.0,4.0,2.0,0.0,0.0,3.1,3.5,2.3
1819,02/04/2019,Cagliari,Juventus,0.0,2.0,A,0.0,1.0,A,5.0,11.0,1.0,6.0,3.0,5.0,17.0,10.0,3.0,2.0,0.0,0.0,5.25,3.4,1.75
1819,02/04/2019,Milan,Udinese,1.0,1.0,D,1.0,0.0,H,12.0,7.0,9.0,3.0,7.0,5.0,13.0,11.0,0.0,0.0,0.0,0.0,1.44,4.33,8.0
1819,03/04/2019,Empoli,Napoli,2.0,1.0,H,1.0,1.0,D,13.0,11.0,9.0,5.0,8.0,2.0,13.0,5.0,2.0,2.0,0.0,0.0,7.0,4.75,1.44
1819,03/04/2019,Frosinone,Parma,3.0,2.0,H,2.0,1.0,H,14.0,10.0,5.0,6.0,3.0,3.0,14.0,19.0,3.0,4.0,0.0,0.0,2.4,3.2,3.1
1819,03/04/2019,Genoa,Inter,0.0,4.0,A,0.0,2.0,A,5.0,12.0,2.0,9.0,1.0,6.0,9.0,12.0,2.0,1.0,1.0,0.0,4.0,3.25,2.05
1819,03/04/2019,Roma,Fiorentina,2.0,2.0,D,1.0,1.0,D,12.0,10.0,6.0,5.0,4.0,6.0,15.0,15.0,3.0,4.0,0.0,0.0,2.0,3.5,3.75
1819,03/04/2019,Spal,Lazio,1.0,0.0,H,0.0,0.0,D,8.0,9.0,4.0,5.0,2.0,7.0,10.0,17.0,2.0,5.0,0.0,0.0,5.0,3.75,1.72
1819,03/04/2019,Torino,Sampdoria,2.0,1.0,H,2.0,0.0,H,14.0,6.0,6.0,3.0,6.0,3.0,13.0,12.0,3.0,3.0,0.0,0.0,2.15,3.3,3.5
1819,04/04/2019,Atalanta,Bologna,4.0,1.0,H,4.0,0.0,H,12.0,8.0,6.0,4.0,5.0,4.0,11.0,13.0,2.0,3.0,0.0,0.0,1.5,4.2,7.0
1819,04/04/2019,Sassuolo,Chievo,4.0,0.0,H,2.0,0.0,H,13.0,9.0,8.0,5.0,5.0,4.0,14.0,17.0,1.0,1.0,0.0,0.0,1.66,3.75,5.5
1819,06/04/2019,Juventus,Milan,2.0,1.0,H,0.0,1.0,A,10.0,12.0,6.0,5.0,5.0,8.0,21.0,15.0,2.0,2.0,0.0,0.0,1.75,3.5,5.25
1819,06/04/2019,Parma,Torino,0.0,0.0,D,0.0,0.0,D,5.0,12.0,1.0,4.0,3.0,4.0,20.0,21.0,4.0,5.0,0.0,0.0,4.0,3.3,2.0
1819,06/04/2019,Sampdoria,Roma,0.0,1.0,A,0.0,0.0,D,10.0,9.0,2.0,5.0,8.0,3.0,12.0,11.0,2.0,2.0,0.0,0.0,2.9,3.3,2.5
1819,07/04/2019,Cagliari,Spal,2.0,1.0,H,1.0,1.0,D,14.0,5.0,11.0,2.0,9.0,4.0,19.0,4.0,4.0,3.0,0.0,0.0,2.15,3.2,3.6
1819,07/04/2019,Fiorentina,Frosinone,0.0,1.0,A,0.0,0.0,D,14.0,6.0,5.0,3.0,10.0,7.0,19.0,16.0,1.0,4.0,0.0,0.0,1.5,4.0,7.5
1819,07/04/2019,Inter,Atalanta,0.0,0.0,D,0.0,0.0,D,8.0,5.0,6.0,2.0,8.0,4.0,10.0,13.0,1.0,2.0,0.0,0.0,2.0,3.4,3.9
1819,07/04/2019,Lazio,Sassuolo,2.0,2.0,D,0.0,0.0,D,18.0,3.0,7.0,2.0,11.0,1.0,14.0,8.0,2.0,1.0,0.0,0.0,1.36,5.0,8.5
1819,07/04/2019,Napoli,Genoa,1.0,1.0,D,1.0,1.0,D,19.0,12.0,10.0,7.0,11.0,6.0,11.0,10.0,2.0,0.0,0.0,1.0,1.25,5.5,14.0
1819,07/04/2019,Udinese,Empoli,3.0,2.0,H,3.0,2.0,H,14.0,12.0,6.0,6.0,6.0,6.0,8.0,9.0,4.0,4.0,1.0,0.0,2.3,3.1,3.25
1819,08/04/2019,Bologna,Chievo,3.0,0.0,H,0.0,0.0,D,14.0,4.0,11.0,2.0,6.0,3.0,10.0,22.0,1.0,8.0,0.0,1.0,1.5,4.0,7.0
1819,13/04/2019,Milan,Lazio,1.0,0.0,H,0.0,0.0,D,10.0,8.0,5.0,6.0,11.0,4.0,13.0,16.0,1.0,2.0,0.0,0.0,2.6,3.3,2.75
1819,13/04/2019,Roma,Udinese,1.0,0.0,H,0.0,0.0,D,11.0,7.0,5.0,4.0,7.0,6.0,11.0,13.0,2.0,3.0,0.0,0.0,1.44,4.5,7.0
1819,13/04/2019,Spal,Juventus,2.0,1.0,H,0.0,1.0,A,8.0,4.0,3.0,3.0,5.0,4.0,15.0,14.0,5.0,2.0,0.0,0.0,4.0,3.2,2.05
1819,14/04/2019,Chievo,Napoli,1.0,3.0,A,0.0,1.0,A,4.0,12.0,4.0,5.0,3.0,7.0,9.0,10.0,0.0,0.0,0.0,0.0,11.0,5.25,1.3
1819,14/04/2019,Fiorentina,Bologna,0.0,0.0,D,0.0,0.0,D,14.0,5.0,7.0,3.0,10.0,5.0,17.0,11.0,2.0,3.0,0.0,0.0,1.85,3.5,4.5
1819,14/04/2019,Frosinone,Inter,1.0,3.0,A,0.0,2.0,A,10.0,10.0,4.0,5.0,1.0,3.0,19.0,17.0,3.0,1.0,0.0,0.0,7.0,3.75,1.57
1819,14/04/2019,Sampdoria,Genoa,2.0,0.0,H,1.0,0.0,H,13.0,6.0,7.0,1.0,3.0,8.0,15.0,22.0,2.0,5.0,0.0,1.0,2.4,3.1,3.2
1819,14/04/2019,Sassuolo,Parma,0.0,0.0,D,0.0,0.0,D,16.0,3.0,8.0,1.0,7.0,3.0,7.0,11.0,3.0,2.0,0.0,0.0,1.66,4.0,5.0
1819,14/04/2019,Torino,Cagliari,1.0,1.0,D,0.0,0.0,D,14.0,9.0,8.0,6.0,6.0,6.0,12.0,20.0,2.0,7.0,1.0,2.0,1.85,3.4,4.75
1819,15/04/2019,Atalanta,Empoli,0.0,0.0,D,0.0,0.0,D,32.0,2.0,18.0,1.0,9.0,3.0,7.0,11.0,1.0,3.0,0.0,0.0,1.33,5.25,9.0
1819,17/04/2019,Lazio,Udinese,2.0,0.0,H,2.0,0.0,H,15.0,9.0,7.0,4.0,4.0,5.0,13.0,16.0,2.0,0.0,0.0,0.0,1.36,5.0,8.5
1819,20/04/2019,Bologna,Sampdoria,3.0,0.0,H,0.0,0.0,D,12.0,9.0,6.0,3.0,3.0,4.0,19.0,12.0,2.0,4.0,0.0,0.0,2.2,3.3,3.4
1819,20/04/2019,Cagliari,Frosinone,1.0,0.0,H,1.0,0.0,H,12.0,5.0,6.0,2.0,5.0,6.0,19.0,16.0,3.0,1.0,1.0,0.0,1.95,3.2,4.2
1819,20/04/2019,Empoli,Spal,2.0,4.0,A,1.0,2.0,A,11.0,9.0,6.0,7.0,3.0,6.0,15.0,15.0,3.0,5.0,0.0,0.0,2.15,3.25,3.6
1819,20/04/2019,Genoa,Torino,0.0,1.0,A,0.0,0.0,D,8.0,8.0,4.0,4.0,3.0,2.0,21.0,24.0,4.0,4.0,0.0,0.0,2.75,3.0,2.87
1819,20/04/2019,Inter,Roma,1.0,1.0,D,0.0,1.0,A,13.0,9.0,7.0,5.0,7.0,4.0,7.0,13.0,1.0,2.0,0.0,0.0,1.8,3.6,4.5
1819,20/04/2019,Juventus,Fiorentina,2.0,1.0,H,1.0,1.0,D,9.0,9.0,5.0,6.0,10.0,7.0,13.0,8.0,0.0,1.0,0.0,0.0,1.4,4.5,9.0
1819,20/04/2019,Lazio,Chievo,1.0,2.0,A,0.0,0.0,D,16.0,8.0,8.0,6.0,13.0,2.0,8.0,21.0,0.0,4.0,2.0,0.0,1.18,7.0,17.0
1819,20/04/2019,Parma,Milan,1.0,1.0,D,0.0,0.0,D,10.0,8.0,3.0,3.0,8.0,4.0,14.0,13.0,0.0,1.0,0.0,0.0,5.0,3.6,1.75
1819,20/04/2019,Udinese,Sassuolo,1.0,1.0,D,0.0,1.0,A,10.0,6.0,5.0,2.0,6.0,5.0,17.0,14.0,3.0,2.0,0.0,0.0,2.35,3.2,3.2
1819,22/04/2019,Napoli,Atalanta,1.0,2.0,A,1.0,0.0,H,13.0,11.0,9.0,7.0,3.0,3.0,15.0,10.0,3.0,1.0,0.0,0.0,1.85,3.5,4.2
1819,27/04/2019,Bologna,Empoli,3.0,1.0,H,0.0,1.0,A,17.0,4.0,7.0,3.0,13.0,5.0,13.0,15.0,3.0,2.0,0.0,0.0,1.8,3.6,4.33
1819,27/04/2019,Inter,Juventus,1.0,1.0,D,1.0,0.0,H,10.0,10.0,6.0,4.0,10.0,4.0,12.0,12.0,1.0,3.0,0.0,0.0,2.37,3.4,2.9
1819,27/04/2019,Roma,Cagliari,3.0,0.0,H,2.0,0.0,H,15.0,4.0,11.0,1.0,5.0,5.0,6.0,7.0,1.0,2.0,0.0,0.0,1.4,4.2,8.0
1819,28/04/2019,Chievo,Parma,1.0,1.0,D,0.0,1.0,A,6.0,6.0,2.0,2.0,2.0,4.0,15.0,17.0,3.0,3.0,0.0,0.0,3.1,3.1,2.4
1819,28/04/2019,Frosinone,Napoli,0.0,2.0,A,0.0,1.0,A,13.0,19.0,4.0,13.0,2.0,6.0,25.0,16.0,3.0,1.0,0.0,0.0,10.0,4.75,1.33
1819,28/04/2019,Sampdoria,Lazio,1.0,2.0,A,0.0,2.0,A,7.0,10.0,5.0,5.0,1.0,4.0,13.0,11.0,6.0,3.0,1.0,0.0,3.0,3.4,2.3
1819,28/04/2019,Spal,Genoa,1.0,1.0,D,1.0,0.0,H,11.0,11.0,5.0,5.0,2.0,4.0,14.0,15.0,3.0,3.0,0.0,0.0,2.5,2.7,3.4
1819,28/04/2019,Torino,Milan,2.0,0.0,H,0.0,0.0,D,7.0,7.0,3.0,5.0,4.0,9.0,19.0,23.0,2.0,6.0,0.0,1.0,2.75,3.2,2.55
1819,29/04/2019,Atalanta,Udinese,2.0,0.0,H,0.0,0.0,D,13.0,4.0,8.0,2.0,9.0,5.0,7.0,13.0,0.0,2.0,0.0,0.0,1.3,5.0,11.0
1819,29/04/2019,Fiorentina,Sassuolo,0.0,1.0,A,0.0,1.0,A,7.0,9.0,4.0,5.0,7.0,8.0,16.0,7.0,3.0,1.0,0.0,0.0,1.72,3.5,5.0
1819,03/05/2019,Juventus,Torino,1.0,1.0,D,0.0,1.0,A,11.0,9.0,4.0,2.0,7.0,3.0,11.0,9.0,3.0,3.0,0.0,0.0,1.61,3.75,6.0
1819,04/05/2019,Chievo,Spal,0.0,4.0,A,0.0,1.0,A,8.0,14.0,3.0,8.0,1.0,5.0,13.0,12.0,3.0,0.0,0.0,0.0,3.2,3.1,2.45
1819,04/05/2019,Udinese,Inter,0.0,0.0,D,0.0,0.0,D,3.0,11.0,3.0,4.0,2.0,9.0,19.0,11.0,1.0,3.0,0.0,0.0,5.25,3.8,1.66
1819,05/05/2019,Empoli,Fiorentina,1.0,0.0,H,0.0,0.0,D,6.0,20.0,4.0,11.0,4.0,7.0,15.0,17.0,3.0,1.0,0.0,1.0,2.3,3.6,3.0
1819,05/05/2019,Genoa,Roma,1.0,1.0,D,0.0,0.0,D,13.0,11.0,6.0,5.0,4.0,7.0,14.0,11.0,1.0,2.0,0.0,0.0,3.75,3.6,2.0
1819,05/05/2019,Lazio,Atalanta,1.0,3.0,A,1.0,1.0,D,7.0,10.0,5.0,6.0,2.0,5.0,15.0,11.0,4.0,3.0,0.0,0.0,2.15,3.6,3.25
1819,05/05/2019,Napoli,Cagliari,2.0,1.0,H,0.0,0.0,D,17.0,4.0,8.0,2.0,6.0,2.0,11.0,12.0,2.0,3.0,0.0,1.0,1.25,6.25,11.0
1819,05/05/2019,Parma,Sampdoria,3.0,3.0,D,1.0,2.0,A,9.0,14.0,6.0,10.0,2.0,2.0,14.0,7.0,4.0,3.0,1.0,1.0,3.0,3.2,2.45
1819,05/05/2019,Sassuolo,Frosinone,2.0,2.0,D,0.0,2.0,A,14.0,5.0,5.0,3.0,8.0,1.0,14.0,19.0,2.0,3.0,0.0,0.0,1.66,3.8,5.25
1819,06/05/2019,Milan,Bologna,2.0,1.0,H,1.0,0.0,H,13.0,14.0,5.0,7.0,5.0,10.0,9.0,20.0,3.0,5.0,1.0,2.0,1.65,3.75,5.5
1819,11/05/2019,Atalanta,Genoa,2.0,1.0,H,0.0,0.0,D,8.0,13.0,4.0,3.0,0.0,4.0,14.0,21.0,1.0,3.0,0.0,0.0,1.5,4.2,7.0
1819,11/05/2019,Cagliari,Lazio,1.0,2.0,A,0.0,1.0,A,14.0,10.0,6.0,5.0,4.0,2.0,11.0,13.0,2.0,4.0,0.0,0.0,3.75,3.6,1.95
1819,11/05/2019,Fiorentina,Milan,0.0,1.0,A,0.0,1.0,A,8.0,10.0,3.0,5.0,5.0,6.0,15.0,8.0,2.0,1.0,0.0,0.0,3.0,3.3,2.37
1819,12/05/2019,Frosinone,Udinese,1.0,3.0,A,0.0,3.0,A,13.0,11.0,5.0,8.0,14.0,10.0,15.0,17.0,2.0,3.0,0.0,0.0,5.0,3.6,1.75
1819,12/05/2019,Roma,Juventus,2.0,0.0,H,0.0,0.0,D,9.0,5.0,4.0,4.0,3.0,3.0,8.0,7.0,3.0,1.0,0.0,0.0,2.5,3.5,2.75
1819,12/05/2019,Sampdoria,Empoli,1.0,2.0,A,0.0,0.0,D,11.0,5.0,7.0,4.0,8.0,2.0,10.0,15.0,2.0,1.0,0.0,0.0,2.37,3.6,2.87
1819,12/05/2019,Spal,Napoli,1.0,2.0,A,0.0,0.0,D,10.0,17.0,5.0,8.0,1.0,12.0,11.0,20.0,2.0,1.0,0.0,0.0,5.75,4.33,1.53
1819,12/05/2019,Torino,Sassuolo,3.0,2.0,H,0.0,1.0,A,17.0,7.0,11.0,3.0,11.0,1.0,15.0,17.0,1.0,5.0,0.0,1.0,1.53,4.5,5.75
1819,13/05/2019,Bologna,Parma,4.0,1.0,H,0.0,0.0,D,15.0,3.0,10.0,1.0,13.0,3.0,9.0,15.0,1.0,6.0,0.0,1.0,1.83,3.25,5.0
1819,13/05/2019,Inter,Chievo,2.0,0.0,H,1.0,0.0,H,16.0,3.0,11.0,0.0,17.0,0.0,10.0,17.0,2.0,3.0,0.0,1.0,1.14,8.0,19.0
1819,18/05/2019,Genoa,Cagliari,1.0,1.0,D,0.0,1.0,A,16.0,4.0,9.0,3.0,11.0,3.0,13.0,21.0,2.0,1.0,1.0,0.0,1.55,4.0,6.5
1819,18/05/2019,Sassuolo,Roma,0.0,0.0,D,0.0,0.0,D,9.0,17.0,3.0,6.0,5.0,5.0,10.0,10.0,2.0,4.0,0.0,0.0,5.75,5.0,1.45
1819,18/05/2019,Udinese,Spal,3.0,2.0,H,3.0,0.0,H,10.0,12.0,4.0,5.0,8.0,6.0,17.0,13.0,4.0,4.0,0.0,0.0,1.53,4.2,6.0
1819,19/05/2019,Chievo,Sampdoria,0.0,0.0,D,0.0,0.0,D,4.0,9.0,1.0,6.0,4.0,7.0,13.0,9.0,3.0,0.0,1.0,0.0,3.8,3.8,1.9
1819,19/05/2019,Empoli,Torino,4.0,1.0,H,1.0,0.0,H,11.0,10.0,9.0,6.0,7.0,3.0,12.0,19.0,1.0,1.0,0.0,0.0,2.55,3.5,2.62
1819,19/05/2019,Juventus,Atalanta,1.0,1.0,D,0.0,1.0,A,11.0,11.0,4.0,7.0,5.0,8.0,15.0,14.0,3.0,1.0,1.0,0.0,2.45,3.0,3.25
1819,19/05/2019,Milan,Frosinone,2.0,0.0,H,0.0,0.0,D,9.0,6.0,3.0,2.0,5.0,7.0,13.0,7.0,1.0,0.0,0.0,0.0,1.14,9.0,17.0
1819,19/05/2019,Napoli,Inter,4.0,1.0,H,1.0,0.0,H,14.0,10.0,6.0,7.0,3.0,12.0,8.0,10.0,3.0,1.0,0.0,0.0,2.45,3.5,2.75
1819,19/05/2019,Parma,Fiorentina,1.0,0.0,H,0.0,0.0,D,9.0,12.0,5.0,6.0,3.0,7.0,15.0,22.0,0.0,1.0,0.0,0.0,3.1,3.2,2.37
1819,20/05/2019,Lazio,Bologna,3.0,3.0,D,1.0,0.0,H,10.0,13.0,5.0,6.0,4.0,6.0,11.0,11.0,2.0,1.0,0.0,0.0,2.1,3.25,3.8
1819,25/05/2019,Bologna,Napoli,3.0,2.0,H,2.0,0.0,H,10.0,15.0,5.0,8.0,5.0,8.0,11.0,8.0,0.0,1.0,0.0,0.0,4.2,4.2,1.75
1819,25/05/2019,Frosinone,Chievo,0.0,0.0,D,0.0,0.0,D,10.0,2.0,5.0,2.0,8.0,2.0,15.0,18.0,2.0,2.0,0.0,0.0,2.2,3.8,3.0
1819,26/05/2019,Atalanta,Sassuolo,3.0,1.0,H,1.0,1.0,D,13.0,4.0,5.0,3.0,7.0,4.0,10.0,15.0,2.0,4.0,0.0,2.0,1.2,7.0,11.0
1819,26/05/2019,Cagliari,Udinese,1.0,2.0,A,1.0,0.0,H,12.0,9.0,5.0,5.0,12.0,3.0,17.0,12.0,2.0,2.0,0.0,0.0,2.25,3.5,3.0
1819,26/05/2019,Fiorentina,Genoa,0.0,0.0,D,0.0,0.0,D,5.0,2.0,5.0,1.0,4.0,1.0,12.0,9.0,1.0,2.0,0.0,0.0,2.37,2.4,4.33
1819,26/05/2019,Inter,Empoli,2.0,1.0,H,0.0,0.0,D,20.0,9.0,15.0,5.0,8.0,2.0,11.0,9.0,4.0,2.0,1.0,1.0,1.36,5.0,8.0
1819,26/05/2019,Roma,Parma,2.0,1.0,H,1.0,0.0,H,16.0,9.0,8.0,5.0,13.0,8.0,13.0,8.0,2.0,1.0,0.0,0.0,1.18,7.0,13.0
1819,26/05/2019,Sampdoria,Juventus,2.0,0.0,H,0.0,0.0,D,10.0,6.0,3.0,1.0,7.0,6.0,6.0,12.0,0.0,2.0,0.0,0.0,3.8,3.8,1.85
1819,26/05/2019,Spal,Milan,2.0,3.0,A,1.0,2.0,A,7.0,16.0,4.0,8.0,8.0,4.0,17.0,13.0,2.0,2.0,0.0,0.0,6.5,4.75,1.44
1819,26/05/2019,Torino,Lazio,3.0,1.0,H,0.0,0.0,D,9.0,9.0,7.0,4.0,5.0,5.0,9.0,10.0,0.0,1.0,0.0,0.0,2.15,3.75,3.0
1920,24/08/2019,Parma,Juventus,0.0,1.0,A,0.0,1.0,A,5.0,9.0,4.0,4.0,5.0,8.0,12.0,14.0,2.0,3.0,0.0,0.0,9.0,5.25,1.33
1920,24/08/2019,Fiorentina,Napoli,3.0,4.0,A,1.0,2.0,A,10.0,8.0,6.0,6.0,4.0,5.0,21.0,16.0,2.0,4.0,0.0,0.0,4.75,3.75,1.72
1920,25/08/2019,Udinese,Milan,1.0,0.0,H,0.0,0.0,D,11.0,6.0,6.0,0.0,9.0,4.0,14.0,11.0,1.0,3.0,0.0,0.0,3.75,3.3,2.05
1920,25/08/2019,Cagliari,Brescia,0.0,1.0,A,0.0,0.0,D,9.0,8.0,5.0,3.0,8.0,8.0,10.0,11.0,2.0,2.0,0.0,0.0,1.83,3.6,4.33
1920,25/08/2019,Roma,Genoa,3.0,3.0,D,2.0,2.0,D,17.0,6.0,9.0,4.0,5.0,1.0,15.0,13.0,3.0,1.0,0.0,0.0,1.45,4.2,8.0
1920,25/08/2019,Sampdoria,Lazio,0.0,3.0,A,0.0,1.0,A,12.0,16.0,8.0,10.0,5.0,9.0,13.0,11.0,2.0,2.0,0.0,0.0,3.5,3.4,2.05
1920,25/08/2019,Spal,Atalanta,2.0,3.0,A,2.0,1.0,H,8.0,18.0,3.0,14.0,2.0,10.0,13.0,16.0,2.0,1.0,0.0,0.0,4.75,3.75,1.72
1920,25/08/2019,Torino,Sassuolo,2.0,1.0,H,1.0,0.0,H,7.0,13.0,4.0,9.0,6.0,6.0,21.0,15.0,4.0,3.0,0.0,0.0,1.85,3.5,4.33
1920,25/08/2019,Verona,Bologna,1.0,1.0,D,1.0,1.0,D,5.0,14.0,2.0,5.0,1.0,6.0,12.0,13.0,1.0,3.0,1.0,0.0,3.4,3.2,2.25
1920,26/08/2019,Inter,Lecce,4.0,0.0,H,2.0,0.0,H,16.0,10.0,7.0,4.0,7.0,7.0,14.0,8.0,1.0,2.0,0.0,1.0,1.22,6.25,13.0
1920,30/08/2019,Bologna,Spal,1.0,0.0,H,0.0,0.0,D,18.0,7.0,9.0,1.0,11.0,2.0,13.0,13.0,3.0,2.0,0.0,0.0,1.8,3.5,4.6
1920,31/08/2019,Milan,Brescia,1.0,0.0,H,1.0,0.0,H,11.0,4.0,6.0,2.0,5.0,3.0,14.0,18.0,3.0,4.0,0.0,0.0,1.44,4.33,8.0
1920,31/08/2019,Juventus,Napoli,4.0,3.0,H,2.0,0.0,H,10.0,12.0,8.0,7.0,2.0,5.0,13.0,13.0,3.0,3.0,0.0,0.0,1.95,3.4,4.2
1920,01/09/2019,Lazio,Roma,1.0,1.0,D,0.0,1.0,A,21.0,8.0,13.0,5.0,8.0,4.0,15.0,13.0,4.0,3.0,0.0,0.0,2.15,3.6,3.3
1920,01/09/2019,Atalanta,Torino,2.0,3.0,A,1.0,1.0,D,19.0,8.0,12.0,6.0,12.0,5.0,13.0,15.0,2.0,2.0,0.0,0.0,1.57,4.0,5.75
1920,01/09/2019,Cagliari,Inter,1.0,2.0,A,0.0,1.0,A,7.0,9.0,3.0,8.0,5.0,5.0,12.0,11.0,5.0,3.0,0.0,0.0,5.5,3.75,1.66
1920,01/09/2019,Genoa,Fiorentina,2.0,1.0,H,1.0,0.0,H,18.0,15.0,10.0,7.0,9.0,8.0,17.0,15.0,2.0,0.0,0.0,0.0,2.62,3.3,2.75
1920,01/09/2019,Lecce,Verona,0.0,1.0,A,0.0,0.0,D,9.0,11.0,3.0,6.0,2.0,7.0,14.0,14.0,2.0,3.0,0.0,0.0,1.95,3.5,3.8
1920,01/09/2019,Sassuolo,Sampdoria,4.0,1.0,H,3.0,0.0,H,11.0,8.0,8.0,5.0,3.0,5.0,9.0,10.0,1.0,3.0,0.0,1.0,2.25,3.4,3.2
1920,01/09/2019,Udinese,Parma,1.0,3.0,A,1.0,1.0,D,17.0,6.0,12.0,3.0,8.0,1.0,11.0,11.0,1.0,3.0,0.0,0.0,2.05,3.4,3.75
1920,14/09/2019,Fiorentina,Juventus,0.0,0.0,D,0.0,0.0,D,15.0,5.0,8.0,4.0,10.0,0.0,12.0,18.0,3.0,3.0,0.0,0.0,4.75,3.8,1.72
1920,14/09/2019,Napoli,Sampdoria,2.0,0.0,H,1.0,0.0,H,19.0,7.0,9.0,2.0,8.0,7.0,7.0,10.0,2.0,2.0,0.0,0.0,1.25,6.5,10.0
1920,14/09/2019,Inter,Udinese,1.0,0.0,H,1.0,0.0,H,15.0,6.0,10.0,4.0,8.0,3.0,9.0,10.0,2.0,1.0,0.0,1.0,1.33,5.25,9.0
1920,15/09/2019,Genoa,Atalanta,1.0,2.0,A,0.0,0.0,D,8.0,11.0,3.0,6.0,8.0,7.0,12.0,14.0,3.0,3.0,0.0,0.0,3.4,3.8,2.0
1920,15/09/2019,Brescia,Bologna,3.0,4.0,A,3.0,1.0,H,9.0,17.0,7.0,6.0,2.0,10.0,14.0,17.0,2.0,6.0,1.0,0.0,3.0,3.3,2.4
1920,15/09/2019,Parma,Cagliari,1.0,3.0,A,0.0,2.0,A,14.0,6.0,8.0,4.0,12.0,3.0,12.0,16.0,0.0,5.0,0.0,0.0,2.25,3.25,3.3
1920,15/09/2019,Spal,Lazio,2.0,1.0,H,0.0,1.0,A,9.0,11.0,4.0,7.0,8.0,5.0,9.0,11.0,5.0,3.0,0.0,0.0,6.0,4.0,1.57
1920,15/09/2019,Roma,Sassuolo,4.0,2.0,H,4.0,0.0,H,14.0,10.0,10.0,5.0,8.0,2.0,13.0,9.0,1.0,2.0,0.0,0.0,1.65,4.2,4.75
1920,15/09/2019,Verona,Milan,0.0,1.0,A,0.0,0.0,D,6.0,11.0,2.0,6.0,2.0,7.0,13.0,16.0,4.0,3.0,1.0,1.0,5.5,3.8,1.61
1920,16/09/2019,Torino,Lecce,1.0,2.0,A,0.0,1.0,A,12.0,12.0,3.0,5.0,7.0,3.0,11.0,19.0,1.0,6.0,0.0,0.0,1.5,4.33,6.5
1920,20/09/2019,Cagliari,Genoa,3.0,1.0,H,0.0,0.0,D,8.0,7.0,4.0,2.0,4.0,3.0,12.0,8.0,1.0,1.0,0.0,0.0,2.75,3.4,2.55
1920,21/09/2019,Udinese,Brescia,0.0,1.0,A,0.0,0.0,D,6.0,5.0,3.0,3.0,3.0,9.0,22.0,16.0,4.0,4.0,0.0,0.0,1.9,3.5,4.2
1920,21/09/2019,Juventus,Verona,2.0,1.0,H,1.0,1.0,D,12.0,8.0,3.0,8.0,2.0,5.0,12.0,20.0,0.0,4.0,0.0,1.0,1.14,8.0,19.0
1920,21/09/2019,Milan,Inter,0.0,2.0,A,0.0,0.0,D,7.0,11.0,3.0,9.0,2.0,6.0,15.0,22.0,2.0,1.0,0.0,0.0,3.4,3.3,2.2
1920,22/09/2019,Sassuolo,Spal,3.0,0.0,H,2.0,0.0,H,17.0,8.0,8.0,3.0,7.0,9.0,19.0,14.0,3.0,2.0,0.0,0.0,1.95,3.3,4.2
1920,22/09/2019,Bologna,Roma,1.0,2.0,A,0.0,0.0,D,5.0,14.0,3.0,7.0,3.0,4.0,13.0,16.0,3.0,6.0,0.0,1.0,2.87,3.3,2.5
1920,22/09/2019,Lecce,Napoli,1.0,4.0,A,0.0,2.0,A,8.0,12.0,3.0,10.0,4.0,6.0,12.0,9.0,3.0,3.0,0.0,0.0,9.0,5.25,1.33
1920,22/09/2019,Sampdoria,Torino,1.0,0.0,H,0.0,0.0,D,10.0,6.0,6.0,1.0,7.0,8.0,19.0,13.0,2.0,1.0,0.0,0.0,2.6,3.4,2.7
1920,22/09/2019,Atalanta,Fiorentina,2.0,2.0,D,0.0,1.0,A,15.0,6.0,5.0,3.0,9.0,1.0,14.0,11.0,2.0,5.0,0.0,0.0,2.05,3.6,3.5
1920,22/09/2019,Lazio,Parma,2.0,0.0,H,1.0,0.0,H,22.0,3.0,15.0,1.0,10.0,5.0,7.0,9.0,1.0,3.0,0.0,0.0,1.3,5.5,10.0
1920,24/09/2019,Verona,Udinese,0.0,0.0,D,0.0,0.0,D,8.0,5.0,4.0,3.0,6.0,6.0,7.0,18.0,0.0,4.0,0.0,0.0,2.5,3.3,2.87
1920,24/09/2019,Brescia,Juventus,1.0,2.0,A,1.0,1.0,D,13.0,15.0,3.0,7.0,4.0,3.0,11.0,14.0,1.0,3.0,0.0,0.0,6.5,4.1,1.53
1920,25/09/2019,Roma,Atalanta,0.0,2.0,A,0.0,0.0,D,8.0,11.0,4.0,4.0,5.0,1.0,18.0,11.0,2.0,1.0,0.0,0.0,2.2,3.8,3.0
1920,25/09/2019,Fiorentina,Sampdoria,2.0,1.0,H,1.0,0.0,H,12.0,7.0,8.0,4.0,3.0,1.0,11.0,16.0,4.0,5.0,0.0,1.0,1.7,4.0,4.75
1920,25/09/2019,Genoa,Bologna,0.0,0.0,D,0.0,0.0,D,8.0,14.0,4.0,2.0,5.0,4.0,16.0,11.0,5.0,4.0,0.0,0.0,2.37,3.5,2.87
1920,25/09/2019,Inter,Lazio,1.0,0.0,H,1.0,0.0,H,9.0,6.0,4.0,4.0,4.0,6.0,10.0,8.0,2.0,3.0,0.0,0.0,2.0,3.5,3.75
1920,25/09/2019,Napoli,Cagliari,0.0,1.0,A,0.0,0.0,D,17.0,5.0,8.0,1.0,13.0,1.0,9.0,13.0,1.0,1.0,1.0,0.0,1.2,7.0,13.0
1920,25/09/2019,Parma,Sassuolo,1.0,0.0,H,0.0,0.0,D,8.0,8.0,4.0,5.0,5.0,4.0,19.0,9.0,3.0,1.0,0.0,0.0,2.5,3.5,2.75
1920,25/09/2019,Spal,Lecce,1.0,3.0,A,1.0,1.0,D,14.0,9.0,7.0,5.0,10.0,1.0,13.0,11.0,1.0,2.0,0.0,0.0,1.95,3.6,4.0
1920,26/09/2019,Torino,Milan,2.0,1.0,H,0.0,1.0,A,11.0,16.0,5.0,4.0,3.0,5.0,15.0,20.0,4.0,5.0,0.0,1.0,2.3,3.25,3.1
1920,28/09/2019,Juventus,Spal,2.0,0.0,H,1.0,0.0,H,17.0,4.0,10.0,1.0,13.0,2.0,13.0,9.0,2.0,2.0,0.0,0.0,1.22,6.0,13.0
1920,28/09/2019,Sampdoria,Inter,1.0,3.0,A,0.0,2.0,A,15.0,11.0,2.0,7.0,7.0,5.0,11.0,13.0,2.0,4.0,0.0,1.0,5.25,3.8,1.65
1920,28/09/2019,Sassuolo,Atalanta,1.0,4.0,A,0.0,4.0,A,9.0,10.0,7.0,8.0,7.0,3.0,14.0,14.0,2.0,2.0,0.0,0.0,3.5,3.6,2.05
1920,29/09/2019,Napoli,Brescia,2.0,1.0,H,2.0,0.0,H,16.0,7.0,7.0,3.0,7.0,7.0,11.0,8.0,2.0,1.0,0.0,0.0,1.25,6.0,12.0
1920,29/09/2019,Lazio,Genoa,4.0,0.0,H,2.0,0.0,H,13.0,12.0,11.0,6.0,5.0,7.0,8.0,11.0,1.0,2.0,0.0,0.0,1.44,4.75,7.0
1920,29/09/2019,Lecce,Roma,0.0,1.0,A,0.0,0.0,D,10.0,13.0,6.0,6.0,4.0,11.0,7.0,19.0,2.0,4.0,0.0,0.0,4.2,4.0,1.75
1920,29/09/2019,Udinese,Bologna,1.0,0.0,H,1.0,0.0,H,9.0,10.0,4.0,4.0,4.0,5.0,20.0,16.0,4.0,3.0,0.0,1.0,2.87,3.2,2.55
1920,29/09/2019,Cagliari,Verona,1.0,1.0,D,1.0,0.0,H,10.0,11.0,5.0,5.0,3.0,5.0,18.0,18.0,2.0,2.0,0.0,0.0,2.05,3.3,3.75
1920,29/09/2019,Milan,Fiorentina,1.0,3.0,A,0.0,1.0,A,7.0,13.0,3.0,8.0,4.0,6.0,10.0,14.0,2.0,4.0,1.0,0.0,2.25,3.2,3.3
1920,30/09/2019,Parma,Torino,3.0,2.0,H,2.0,2.0,D,13.0,6.0,7.0,5.0,7.0,3.0,17.0,15.0,2.0,3.0,0.0,1.0,3.1,3.4,2.3
1920,05/10/2019,Spal,Parma,1.0,0.0,H,1.0,0.0,H,12.0,5.0,7.0,2.0,5.0,8.0,9.0,13.0,5.0,2.0,1.0,0.0,2.37,3.3,3.1
1920,05/10/2019,Verona,Sampdoria,2.0,0.0,H,1.0,0.0,H,6.0,9.0,4.0,3.0,9.0,4.0,14.0,14.0,1.0,3.0,0.0,0.0,2.4,3.25,3.0
1920,05/10/2019,Genoa,Milan,1.0,2.0,A,1.0,0.0,H,11.0,9.0,6.0,7.0,7.0,0.0,23.0,14.0,4.0,4.0,2.0,2.0,3.0,3.2,2.5
1920,06/10/2019,Fiorentina,Udinese,1.0,0.0,H,0.0,0.0,D,8.0,5.0,4.0,1.0,12.0,3.0,9.0,11.0,1.0,2.0,0.0,0.0,1.55,4.0,6.5
1920,06/10/2019,Atalanta,Lecce,3.0,1.0,H,2.0,0.0,H,26.0,5.0,14.0,2.0,9.0,5.0,15.0,14.0,2.0,3.0,0.0,0.0,1.25,6.0,10.0
1920,06/10/2019,Bologna,Lazio,2.0,2.0,D,2.0,2.0,D,17.0,8.0,10.0,6.0,5.0,4.0,13.0,17.0,5.0,4.0,1.0,1.0,3.3,3.75,2.1
1920,06/10/2019,Roma,Cagliari,1.0,1.0,D,1.0,1.0,D,17.0,6.0,8.0,3.0,7.0,1.0,17.0,11.0,1.0,4.0,0.0,0.0,1.44,4.75,7.0
1920,06/10/2019,Torino,Napoli,0.0,0.0,D,0.0,0.0,D,11.0,10.0,6.0,3.0,4.0,5.0,11.0,12.0,1.0,2.0,0.0,0.0,4.0,3.8,1.83
1920,06/10/2019,Inter,Juventus,1.0,2.0,A,1.0,1.0,D,6.0,8.0,4.0,6.0,7.0,2.0,22.0,8.0,2.0,3.0,0.0,0.0,2.6,3.2,2.8
1920,19/10/2019,Lazio,Atalanta,3.0,3.0,D,0.0,3.0,A,12.0,18.0,5.0,9.0,3.0,1.0,13.0,12.0,5.0,2.0,0.0,0.0,2.2,3.75,3.1
1920,19/10/2019,Napoli,Verona,2.0,0.0,H,1.0,0.0,H,13.0,14.0,7.0,6.0,6.0,8.0,12.0,16.0,3.0,3.0,0.0,0.0,1.22,6.5,13.0
1920,19/10/2019,Juventus,Bologna,2.0,1.0,H,1.0,1.0,D,13.0,7.0,11.0,4.0,8.0,5.0,15.0,18.0,2.0,3.0,0.0,0.0,1.3,5.25,10.0
1920,20/10/2019,Sassuolo,Inter,3.0,4.0,A,1.0,3.0,A,7.0,10.0,4.0,7.0,5.0,7.0,14.0,17.0,4.0,3.0,0.0,0.0,5.25,3.6,1.72
1920,20/10/2019,Cagliari,Spal,2.0,0.0,H,1.0,0.0,H,13.0,8.0,7.0,5.0,6.0,6.0,16.0,15.0,4.0,5.0,0.0,0.0,2.1,3.3,3.75
1920,20/10/2019,Sampdoria,Roma,0.0,0.0,D,0.0,0.0,D,7.0,5.0,2.0,1.0,7.0,9.0,14.0,11.0,3.0,4.0,0.0,1.0,3.3,3.6,2.15
1920,20/10/2019,Udinese,Torino,1.0,0.0,H,1.0,0.0,H,10.0,8.0,6.0,5.0,6.0,4.0,15.0,20.0,3.0,3.0,0.0,0.0,2.87,3.2,2.6
1920,20/10/2019,Parma,Genoa,5.0,1.0,H,3.0,0.0,H,15.0,11.0,7.0,6.0,3.0,7.0,9.0,12.0,1.0,2.0,0.0,0.0,2.45,3.25,3.0
1920,20/10/2019,Milan,Lecce,2.0,2.0,D,1.0,0.0,H,18.0,11.0,8.0,7.0,8.0,2.0,13.0,12.0,1.0,2.0,0.0,0.0,1.4,4.75,8.0
1920,21/10/2019,Brescia,Fiorentina,0.0,0.0,D,0.0,0.0,D,3.0,10.0,1.0,6.0,6.0,9.0,10.0,16.0,0.0,3.0,0.0,0.0,3.75,3.4,2.05
1920,25/10/2019,Verona,Sassuolo,0.0,1.0,A,0.0,0.0,D,7.0,9.0,5.0,5.0,9.0,6.0,18.0,13.0,5.0,5.0,0.0,0.0,2.4,3.4,3.0
1920,26/10/2019,Lecce,Juventus,1.0,1.0,D,0.0,0.0,D,9.0,16.0,5.0,6.0,3.0,14.0,11.0,13.0,4.0,1.0,0.0,0.0,9.0,5.75,1.3
1920,26/10/2019,Inter,Parma,2.0,2.0,D,1.0,2.0,A,16.0,10.0,7.0,5.0,11.0,4.0,9.0,11.0,3.0,2.0,0.0,0.0,1.28,5.5,11.0
1920,26/10/2019,Genoa,Brescia,3.0,1.0,H,0.0,1.0,A,12.0,4.0,11.0,2.0,5.0,3.0,24.0,14.0,6.0,4.0,0.0,0.0,1.9,3.6,4.0
1920,27/10/2019,Bologna,Sampdoria,2.0,1.0,H,0.0,0.0,D,10.0,5.0,6.0,3.0,11.0,5.0,14.0,18.0,1.0,3.0,0.0,0.0,1.9,3.8,3.8
1920,27/10/2019,Atalanta,Udinese,7.0,1.0,H,3.0,1.0,H,23.0,6.0,16.0,3.0,6.0,2.0,10.0,5.0,2.0,3.0,0.0,1.0,1.4,5.0,7.5
1920,27/10/2019,Spal,Napoli,1.0,1.0,D,1.0,1.0,D,5.0,9.0,3.0,4.0,4.0,4.0,16.0,14.0,4.0,1.0,0.0,0.0,7.5,4.5,1.44
1920,27/10/2019,Torino,Cagliari,1.0,1.0,D,0.0,1.0,A,8.0,10.0,5.0,5.0,6.0,11.0,15.0,11.0,2.0,3.0,0.0,0.0,1.75,3.75,4.75
1920,27/10/2019,Roma,Milan,2.0,1.0,H,1.0,0.0,H,10.0,8.0,5.0,4.0,4.0,8.0,12.0,17.0,4.0,5.0,0.0,0.0,2.15,3.4,3.4
1920,27/10/2019,Fiorentina,Lazio,1.0,2.0,A,1.0,1.0,D,9.0,11.0,3.0,8.0,7.0,3.0,12.0,13.0,5.0,3.0,1.0,0.0,2.4,3.5,2.87
1920,29/10/2019,Parma,Verona,0.0,1.0,A,0.0,1.0,A,15.0,6.0,7.0,2.0,12.0,3.0,13.0,16.0,1.0,5.0,0.0,0.0,2.75,3.1,2.75
1920,29/10/2019,Brescia,Inter,1.0,2.0,A,0.0,1.0,A,6.0,6.0,5.0,2.0,9.0,8.0,14.0,18.0,4.0,3.0,0.0,0.0,6.5,4.33,1.5
1920,30/10/2019,Napoli,Atalanta,2.0,2.0,D,1.0,1.0,D,15.0,12.0,11.0,6.0,2.0,3.0,16.0,14.0,3.0,3.0,0.0,0.0,2.0,3.75,3.5
1920,30/10/2019,Cagliari,Bologna,3.0,2.0,H,0.0,1.0,A,12.0,6.0,5.0,3.0,4.0,1.0,15.0,20.0,2.0,1.0,0.0,0.0,2.7,3.3,2.62
1920,30/10/2019,Juventus,Genoa,2.0,1.0,H,1.0,1.0,D,18.0,7.0,11.0,3.0,10.0,2.0,24.0,11.0,5.0,3.0,1.0,2.0,1.28,5.25,12.0
1920,30/10/2019,Lazio,Torino,4.0,0.0,H,2.0,0.0,H,16.0,6.0,8.0,3.0,8.0,0.0,11.0,9.0,2.0,2.0,0.0,1.0,1.57,4.2,5.75
1920,30/10/2019,Sampdoria,Lecce,1.0,1.0,D,0.0,1.0,A,15.0,9.0,6.0,4.0,9.0,5.0,19.0,14.0,4.0,4.0,0.0,1.0,1.66,4.0,4.75
1920,30/10/2019,Sassuolo,Fiorentina,1.0,2.0,A,1.0,0.0,H,6.0,10.0,5.0,8.0,3.0,7.0,15.0,20.0,3.0,4.0,0.0,0.0,2.87,3.5,2.4
1920,30/10/2019,Udinese,Roma,0.0,4.0,A,0.0,1.0,A,8.0,10.0,5.0,6.0,5.0,3.0,16.0,16.0,4.0,2.0,0.0,1.0,4.0,3.5,1.95
1920,31/10/2019,Milan,Spal,1.0,0.0,H,0.0,0.0,D,10.0,5.0,6.0,2.0,7.0,6.0,17.0,21.0,4.0,4.0,0.0,0.0,1.45,4.2,8.0
1920,02/11/2019,Roma,Napoli,2.0,1.0,H,1.0,0.0,H,13.0,12.0,7.0,6.0,10.0,4.0,23.0,14.0,5.0,3.0,1.0,0.0,2.75,3.6,2.45
1920,02/11/2019,Bologna,Inter,1.0,2.0,A,0.0,0.0,D,8.0,11.0,3.0,9.0,2.0,7.0,12.0,24.0,3.0,4.0,0.0,0.0,3.75,3.6,2.0
1920,02/11/2019,Torino,Juventus,0.0,1.0,A,0.0,0.0,D,7.0,14.0,4.0,10.0,11.0,6.0,22.0,16.0,4.0,2.0,0.0,0.0,7.0,4.2,1.5
1920,03/11/2019,Atalanta,Cagliari,0.0,2.0,A,0.0,1.0,A,11.0,12.0,3.0,8.0,13.0,2.0,15.0,18.0,2.0,3.0,1.0,0.0,1.28,5.5,11.0
1920,03/11/2019,Genoa,Udinese,1.0,3.0,A,1.0,1.0,D,10.0,13.0,2.0,5.0,8.0,5.0,11.0,13.0,0.0,2.0,0.0,0.0,1.9,3.4,4.2
1920,03/11/2019,Lecce,Sassuolo,2.0,2.0,D,2.0,1.0,H,7.0,12.0,4.0,5.0,6.0,6.0,14.0,16.0,2.0,3.0,0.0,0.0,2.6,3.4,2.6
1920,03/11/2019,Verona,Brescia,2.0,1.0,H,0.0,0.0,D,11.0,11.0,6.0,5.0,5.0,1.0,17.0,17.0,1.0,4.0,0.0,1.0,2.15,3.3,3.5
1920,03/11/2019,Fiorentina,Parma,1.0,1.0,D,0.0,1.0,A,15.0,7.0,4.0,3.0,5.0,2.0,15.0,20.0,2.0,2.0,0.0,0.0,1.5,4.33,6.5
1920,03/11/2019,Milan,Lazio,1.0,2.0,A,1.0,1.0,D,9.0,8.0,4.0,7.0,8.0,4.0,12.0,13.0,3.0,5.0,0.0,0.0,3.1,3.2,2.37
1920,04/11/2019,Spal,Sampdoria,0.0,1.0,A,0.0,0.0,D,7.0,9.0,2.0,4.0,8.0,5.0,12.0,16.0,3.0,1.0,0.0,0.0,2.62,3.3,2.7
1920,08/11/2019,Sassuolo,Bologna,3.0,1.0,H,1.0,0.0,H,13.0,9.0,8.0,7.0,4.0,4.0,16.0,17.0,2.0,6.0,0.0,0.0,2.7,3.5,2.55
1920,09/11/2019,Brescia,Torino,0.0,4.0,A,0.0,2.0,A,5.0,12.0,3.0,7.0,4.0,4.0,18.0,17.0,5.0,3.0,1.0,0.0,2.8,3.3,2.55
1920,09/11/2019,Inter,Verona,2.0,1.0,H,0.0,1.0,A,19.0,5.0,13.0,2.0,9.0,3.0,14.0,11.0,3.0,1.0,0.0,0.0,1.33,5.25,9.5
1920,09/11/2019,Napoli,Genoa,0.0,0.0,D,0.0,0.0,D,13.0,8.0,8.0,3.0,5.0,2.0,15.0,19.0,1.0,4.0,0.0,0.0,1.4,5.0,7.0
1920,10/11/2019,Cagliari,Fiorentina,5.0,2.0,H,3.0,0.0,H,12.0,10.0,8.0,7.0,5.0,6.0,12.0,15.0,1.0,3.0,0.0,0.0,2.9,3.4,2.37
1920,10/11/2019,Lazio,Lecce,4.0,2.0,H,1.0,1.0,D,17.0,18.0,7.0,10.0,9.0,3.0,8.0,10.0,2.0,3.0,0.0,0.0,1.25,6.5,11.0
1920,10/11/2019,Sampdoria,Atalanta,0.0,0.0,D,0.0,0.0,D,5.0,7.0,2.0,3.0,1.0,7.0,19.0,13.0,2.0,4.0,0.0,1.0,4.0,3.6,1.9
1920,10/11/2019,Udinese,Spal,0.0,0.0,D,0.0,0.0,D,11.0,10.0,4.0,4.0,3.0,7.0,14.0,14.0,3.0,5.0,0.0,0.0,2.1,3.2,3.8
1920,10/11/2019,Parma,Roma,2.0,0.0,H,0.0,0.0,D,13.0,10.0,8.0,7.0,5.0,10.0,16.0,9.0,3.0,2.0,0.0,0.0,4.0,3.6,1.9
1920,10/11/2019,Juventus,Milan,1.0,0.0,H,0.0,0.0,D,11.0,10.0,5.0,7.0,5.0,5.0,13.0,10.0,1.0,5.0,0.0,0.0,1.4,4.75,8.0
1920,23/11/2019,Atalanta,Juventus,1.0,3.0,A,0.0,0.0,D,14.0,11.0,9.0,5.0,8.0,3.0,17.0,13.0,5.0,3.0,0.0,0.0,2.6,3.5,2.6
1920,23/11/2019,Milan,Napoli,1.0,1.0,D,1.0,1.0,D,11.0,12.0,4.0,6.0,3.0,4.0,19.0,15.0,3.0,2.0,0.0,0.0,3.2,3.4,2.25
1920,23/11/2019,Torino,Inter,0.0,3.0,A,0.0,2.0,A,5.0,6.0,2.0,5.0,12.0,4.0,10.0,18.0,2.0,3.0,0.0,0.0,4.5,3.6,1.83
1920,24/11/2019,Bologna,Parma,2.0,2.0,D,1.0,1.0,D,11.0,11.0,7.0,7.0,15.0,2.0,18.0,18.0,1.0,3.0,0.0,0.0,1.75,3.9,4.5
1920,24/11/2019,Roma,Brescia,3.0,0.0,H,0.0,0.0,D,14.0,5.0,6.0,2.0,17.0,6.0,17.0,10.0,1.0,1.0,0.0,0.0,1.33,5.0,9.5
1920,24/11/2019,Sassuolo,Lazio,1.0,2.0,A,1.0,1.0,D,5.0,10.0,2.0,6.0,5.0,8.0,14.0,14.0,1.0,3.0,0.0,0.0,4.5,4.0,1.72
1920,24/11/2019,Verona,Fiorentina,1.0,0.0,H,0.0,0.0,D,13.0,7.0,8.0,2.0,8.0,6.0,18.0,8.0,3.0,2.0,0.0,0.0,3.25,3.25,2.3
1920,24/11/2019,Sampdoria,Udinese,2.0,1.0,H,1.0,1.0,D,19.0,5.0,13.0,2.0,8.0,2.0,8.0,22.0,2.0,3.0,0.0,1.0,2.15,3.25,3.6
1920,25/11/2019,Lecce,Cagliari,2.0,2.0,D,0.0,1.0,A,17.0,6.0,8.0,2.0,11.0,2.0,13.0,19.0,2.0,2.0,1.0,2.0,3.3,3.5,2.15
1920,25/11/2019,Spal,Genoa,1.0,1.0,D,0.0,0.0,D,13.0,13.0,7.0,6.0,5.0,4.0,12.0,13.0,2.0,1.0,0.0,0.0,2.6,3.1,2.9
1920,30/11/2019,Brescia,Atalanta,0.0,3.0,A,0.0,1.0,A,9.0,19.0,5.0,12.0,2.0,11.0,15.0,15.0,1.0,3.0,0.0,0.0,6.5,4.5,1.5
1920,30/11/2019,Genoa,Torino,0.0,1.0,A,0.0,0.0,D,5.0,10.0,3.0,3.0,6.0,4.0,15.0,18.0,2.0,3.0,0.0,1.0,2.37,3.3,3.0
1920,30/11/2019,Fiorentina,Lecce,0.0,1.0,A,0.0,0.0,D,13.0,6.0,6.0,6.0,9.0,2.0,13.0,21.0,1.0,3.0,0.0,0.0,1.4,4.75,7.5
1920,01/12/2019,Juventus,Sassuolo,2.0,2.0,D,1.0,1.0,D,17.0,8.0,9.0,4.0,9.0,2.0,11.0,13.0,1.0,5.0,0.0,0.0,1.22,6.5,11.0
1920,01/12/2019,Inter,Spal,2.0,1.0,H,2.0,0.0,H,16.0,8.0,10.0,3.0,8.0,0.0,15.0,17.0,1.0,4.0,0.0,0.0,1.28,5.75,10.0
1920,01/12/2019,Lazio,Udinese,3.0,0.0,H,3.0,0.0,H,15.0,4.0,6.0,0.0,2.0,2.0,9.0,12.0,0.0,1.0,0.0,0.0,1.3,5.5,10.0
1920,01/12/2019,Parma,Milan,0.0,1.0,A,0.0,0.0,D,6.0,19.0,0.0,8.0,1.0,7.0,13.0,15.0,1.0,3.0,0.0,0.0,3.6,3.4,2.1
1920,01/12/2019,Napoli,Bologna,1.0,2.0,A,1.0,0.0,H,20.0,9.0,5.0,6.0,7.0,0.0,12.0,10.0,1.0,5.0,0.0,0.0,1.45,4.5,7.0
1920,01/12/2019,Verona,Roma,1.0,3.0,A,1.0,2.0,A,7.0,12.0,3.0,5.0,6.0,5.0,11.0,14.0,3.0,3.0,0.0,0.0,4.33,3.5,1.85
1920,02/12/2019,Cagliari,Sampdoria,4.0,3.0,H,0.0,1.0,A,12.0,9.0,8.0,5.0,6.0,4.0,15.0,12.0,3.0,1.0,0.0,0.0,2.1,3.3,3.6
1920,06/12/2019,Inter,Roma,0.0,0.0,D,0.0,0.0,D,9.0,6.0,2.0,2.0,8.0,3.0,12.0,11.0,3.0,1.0,0.0,0.0,1.9,3.8,3.8
1920,07/12/2019,Atalanta,Verona,3.0,2.0,H,1.0,1.0,D,21.0,7.0,10.0,2.0,13.0,4.0,14.0,16.0,1.0,5.0,0.0,1.0,1.33,5.25,9.0
1920,07/12/2019,Udinese,Napoli,1.0,1.0,D,1.0,0.0,H,5.0,12.0,1.0,3.0,3.0,10.0,20.0,15.0,3.0,4.0,0.0,1.0,5.5,3.8,1.65
1920,07/12/2019,Lazio,Juventus,3.0,1.0,H,1.0,1.0,D,12.0,8.0,8.0,5.0,4.0,5.0,14.0,10.0,4.0,3.0,0.0,1.0,2.9,3.3,2.4
1920,08/12/2019,Lecce,Genoa,2.0,2.0,D,0.0,2.0,A,22.0,14.0,5.0,4.0,11.0,3.0,17.0,18.0,5.0,6.0,0.0,2.0,2.7,3.4,2.62
1920,08/12/2019,Sassuolo,Cagliari,2.0,2.0,D,2.0,0.0,H,9.0,4.0,3.0,3.0,8.0,4.0,10.0,19.0,3.0,4.0,0.0,0.0,2.37,3.5,2.9
1920,08/12/2019,Spal,Brescia,0.0,1.0,A,0.0,0.0,D,18.0,12.0,4.0,7.0,3.0,1.0,17.0,18.0,3.0,3.0,0.0,0.0,2.05,3.4,3.8
1920,08/12/2019,Torino,Fiorentina,2.0,1.0,H,1.0,0.0,H,10.0,15.0,5.0,5.0,3.0,9.0,19.0,17.0,4.0,3.0,0.0,0.0,2.4,3.2,3.0
1920,08/12/2019,Sampdoria,Parma,0.0,1.0,A,0.0,1.0,A,18.0,10.0,6.0,2.0,3.0,2.0,15.0,12.0,3.0,2.0,0.0,0.0,2.05,3.3,3.8
1920,08/12/2019,Bologna,Milan,2.0,3.0,A,1.0,2.0,A,11.0,11.0,4.0,7.0,5.0,1.0,17.0,19.0,4.0,2.0,0.0,0.0,2.87,3.3,2.5
1920,14/12/2019,Brescia,Lecce,3.0,0.0,H,2.0,0.0,H,13.0,11.0,9.0,4.0,4.0,6.0,17.0,26.0,4.0,6.0,0.0,0.0,2.0,3.75,3.6
1920,14/12/2019,Napoli,Parma,1.0,2.0,A,0.0,1.0,A,22.0,7.0,9.0,5.0,11.0,1.0,9.0,12.0,2.0,2.0,0.0,0.0,1.3,5.5,10.0
1920,14/12/2019,Genoa,Sampdoria,0.0,1.0,A,0.0,0.0,D,5.0,2.0,1.0,1.0,4.0,2.0,16.0,26.0,5.0,3.0,0.0,0.0,2.62,3.25,2.75
1920,15/12/2019,Verona,Torino,3.0,3.0,D,0.0,1.0,A,12.0,12.0,8.0,8.0,6.0,3.0,20.0,19.0,3.0,1.0,0.0,0.0,2.75,3.2,2.7
1920,15/12/2019,Bologna,Atalanta,2.0,1.0,H,1.0,0.0,H,8.0,15.0,5.0,7.0,4.0,4.0,14.0,18.0,5.0,1.0,1.0,0.0,3.75,3.75,1.95
1920,15/12/2019,Juventus,Udinese,3.0,1.0,H,3.0,0.0,H,14.0,9.0,12.0,7.0,9.0,8.0,10.0,4.0,2.0,1.0,0.0,0.0,1.22,6.0,13.0
1920,15/12/2019,Milan,Sassuolo,0.0,0.0,D,0.0,0.0,D,17.0,10.0,12.0,6.0,8.0,3.0,14.0,16.0,5.0,4.0,0.0,0.0,1.57,4.33,5.5
1920,15/12/2019,Roma,Spal,3.0,1.0,H,0.0,1.0,A,18.0,5.0,13.0,3.0,8.0,3.0,10.0,17.0,1.0,3.0,0.0,0.0,1.28,5.5,11.0
1920,15/12/2019,Fiorentina,Inter,1.0,1.0,D,0.0,1.0,A,10.0,7.0,5.0,5.0,5.0,1.0,15.0,17.0,3.0,4.0,0.0,0.0,3.6,3.5,2.05
1920,16/12/2019,Cagliari,Lazio,1.0,2.0,A,1.0,0.0,H,9.0,13.0,4.0,7.0,2.0,9.0,11.0,11.0,4.0,3.0,0.0,0.0,3.8,4.0,1.85
1920,18/12/2019,Sampdoria,Juventus,1.0,2.0,A,1.0,2.0,A,13.0,10.0,4.0,4.0,5.0,5.0,7.0,17.0,5.0,2.0,1.0,0.0,6.0,4.2,1.55
1920,18/12/2019,Brescia,Sassuolo,0.0,2.0,A,0.0,1.0,A,15.0,11.0,6.0,6.0,4.0,4.0,16.0,17.0,2.0,3.0,0.0,0.0,2.4,3.5,2.87
1920,20/12/2019,Fiorentina,Roma,1.0,4.0,A,1.0,2.0,A,7.0,8.0,4.0,6.0,5.0,4.0,20.0,16.0,4.0,3.0,0.0,0.0,3.1,3.5,2.3
1920,21/12/2019,Udinese,Cagliari,2.0,1.0,H,1.0,0.0,H,9.0,13.0,2.0,2.0,2.0,1.0,13.0,14.0,3.0,4.0,0.0,1.0,2.5,3.4,2.8
1920,21/12/2019,Inter,Genoa,4.0,0.0,H,2.0,0.0,H,12.0,7.0,9.0,4.0,6.0,3.0,11.0,12.0,1.0,4.0,0.0,0.0,1.36,5.0,8.5
1920,21/12/2019,Torino,Spal,1.0,2.0,A,1.0,1.0,D,7.0,7.0,6.0,4.0,10.0,3.0,24.0,16.0,5.0,5.0,1.0,0.0,1.7,3.6,5.5
1920,22/12/2019,Atalanta,Milan,5.0,0.0,H,1.0,0.0,H,14.0,4.0,12.0,1.0,5.0,2.0,7.0,12.0,2.0,4.0,0.0,0.0,1.8,3.75,4.5
1920,22/12/2019,Lecce,Bologna,2.0,3.0,A,0.0,1.0,A,7.0,19.0,3.0,16.0,6.0,2.0,17.0,18.0,3.0,3.0,0.0,0.0,3.2,3.6,2.2
1920,22/12/2019,Parma,Brescia,1.0,1.0,D,0.0,0.0,D,13.0,11.0,6.0,4.0,9.0,5.0,16.0,10.0,3.0,2.0,0.0,0.0,2.05,3.4,3.7
1920,22/12/2019,Sassuolo,Napoli,1.0,2.0,A,1.0,0.0,H,12.0,14.0,5.0,11.0,7.0,11.0,16.0,13.0,2.0,2.0,0.0,0.0,5.0,4.2,1.65
1920,05/01/2020,Brescia,Lazio,1.0,2.0,A,1.0,1.0,D,4.0,15.0,3.0,7.0,2.0,5.0,12.0,24.0,5.0,4.0,1.0,0.0,5.5,4.5,1.55
1920,05/01/2020,Spal,Verona,0.0,2.0,A,0.0,1.0,A,12.0,14.0,2.0,9.0,3.0,4.0,8.0,15.0,1.0,1.0,1.0,0.0,2.4,3.25,3.1
1920,05/01/2020,Genoa,Sassuolo,2.0,1.0,H,1.0,1.0,D,10.0,6.0,7.0,3.0,1.0,6.0,23.0,14.0,4.0,6.0,0.0,0.0,2.2,3.6,3.1
1920,05/01/2020,Roma,Torino,0.0,2.0,A,0.0,1.0,A,25.0,9.0,11.0,6.0,14.0,3.0,10.0,21.0,5.0,2.0,0.0,0.0,1.5,4.33,6.5
1920,06/01/2020,Bologna,Fiorentina,1.0,1.0,D,0.0,1.0,A,12.0,7.0,7.0,4.0,14.0,2.0,14.0,23.0,2.0,4.0,0.0,0.0,2.25,3.4,3.1
1920,06/01/2020,Atalanta,Parma,5.0,0.0,H,3.0,0.0,H,18.0,3.0,11.0,1.0,2.0,2.0,12.0,13.0,2.0,4.0,0.0,0.0,1.28,6.0,9.0
1920,06/01/2020,Juventus,Cagliari,4.0,0.0,H,0.0,0.0,D,15.0,5.0,11.0,3.0,3.0,2.0,9.0,15.0,1.0,1.0,0.0,0.0,1.25,6.0,12.0
1920,06/01/2020,Milan,Sampdoria,0.0,0.0,D,0.0,0.0,D,14.0,6.0,12.0,4.0,7.0,5.0,12.0,20.0,1.0,5.0,0.0,0.0,1.55,3.8,6.5
1920,06/01/2020,Lecce,Udinese,0.0,1.0,A,0.0,0.0,D,10.0,7.0,6.0,4.0,7.0,8.0,17.0,11.0,1.0,1.0,0.0,0.0,2.7,3.4,2.6
1920,06/01/2020,Napoli,Inter,1.0,3.0,A,1.0,2.0,A,18.0,9.0,8.0,8.0,3.0,4.0,10.0,22.0,0.0,6.0,0.0,0.0,2.5,3.4,2.75
1920,11/01/2020,Cagliari,Milan,0.0,2.0,A,0.0,0.0,D,6.0,8.0,2.0,4.0,3.0,6.0,14.0,13.0,3.0,1.0,0.0,0.0,3.1,3.5,2.25
1920,11/01/2020,Lazio,Napoli,1.0,0.0,H,0.0,0.0,D,7.0,11.0,6.0,7.0,6.0,6.0,9.0,7.0,2.0,2.0,0.0,0.0,2.05,3.8,3.3
1920,11/01/2020,Inter,Atalanta,1.0,1.0,D,1.0,0.0,H,8.0,12.0,5.0,7.0,0.0,4.0,21.0,13.0,3.0,4.0,0.0,0.0,2.1,3.6,3.3
1920,12/01/2020,Udinese,Sassuolo,3.0,0.0,H,1.0,0.0,H,13.0,10.0,9.0,5.0,6.0,11.0,13.0,13.0,0.0,0.0,0.0,0.0,2.2,3.4,3.3
1920,12/01/2020,Fiorentina,Spal,1.0,0.0,H,0.0,0.0,D,11.0,9.0,5.0,3.0,3.0,4.0,18.0,10.0,1.0,1.0,0.0,0.0,1.45,4.5,7.0
1920,12/01/2020,Sampdoria,Brescia,5.0,1.0,H,2.0,1.0,H,22.0,9.0,11.0,5.0,4.0,2.0,14.0,7.0,2.0,3.0,0.0,0.0,1.95,3.3,4.2
1920,12/01/2020,Torino,Bologna,1.0,0.0,H,1.0,0.0,H,4.0,10.0,3.0,7.0,3.0,9.0,16.0,14.0,6.0,3.0,0.0,0.0,2.2,3.5,3.25
1920,12/01/2020,Verona,Genoa,2.0,1.0,H,0.0,1.0,A,11.0,3.0,9.0,3.0,4.0,2.0,14.0,22.0,3.0,6.0,0.0,0.0,2.2,3.3,3.4
1920,12/01/2020,Roma,Juventus,1.0,2.0,A,0.0,2.0,A,16.0,5.0,9.0,4.0,13.0,2.0,12.0,13.0,6.0,3.0,0.0,0.0,3.1,3.5,2.25
1920,13/01/2020,Parma,Lecce,2.0,0.0,H,0.0,0.0,D,9.0,11.0,5.0,6.0,6.0,5.0,19.0,10.0,4.0,2.0,0.0,0.0,1.9,3.8,3.8
1920,18/01/2020,Lazio,Sampdoria,5.0,1.0,H,3.0,0.0,H,16.0,6.0,12.0,4.0,6.0,4.0,12.0,13.0,1.0,2.0,0.0,1.0,1.4,4.75,8.0
1920,18/01/2020,Sassuolo,Torino,2.0,1.0,H,0.0,1.0,A,7.0,7.0,6.0,3.0,13.0,6.0,13.0,15.0,2.0,4.0,0.0,0.0,2.55,3.5,2.7
1920,18/01/2020,Napoli,Fiorentina,0.0,2.0,A,0.0,1.0,A,10.0,9.0,5.0,5.0,4.0,5.0,7.0,10.0,2.0,2.0,0.0,0.0,1.61,4.1,5.5
1920,19/01/2020,Milan,Udinese,3.0,2.0,H,0.0,1.0,A,19.0,10.0,10.0,7.0,9.0,3.0,17.0,8.0,5.0,1.0,0.0,0.0,1.53,4.0,7.0
1920,19/01/2020,Bologna,Verona,1.0,1.0,D,1.0,0.0,H,5.0,11.0,3.0,8.0,3.0,8.0,20.0,16.0,6.0,2.0,1.0,0.0,1.9,3.5,4.2
1920,19/01/2020,Brescia,Cagliari,2.0,2.0,D,1.0,1.0,D,9.0,18.0,6.0,10.0,2.0,7.0,10.0,18.0,4.0,4.0,1.0,0.0,2.45,3.6,2.7
1920,19/01/2020,Lecce,Inter,1.0,1.0,D,0.0,0.0,D,8.0,16.0,3.0,10.0,3.0,14.0,11.0,9.0,2.0,2.0,0.0,0.0,11.0,5.25,1.3
1920,19/01/2020,Genoa,Roma,1.0,3.0,A,1.0,2.0,A,9.0,14.0,8.0,7.0,7.0,3.0,12.0,13.0,2.0,3.0,0.0,0.0,4.2,3.4,1.95
1920,19/01/2020,Juventus,Parma,2.0,1.0,H,1.0,0.0,H,14.0,8.0,6.0,7.0,10.0,6.0,12.0,10.0,0.0,1.0,0.0,0.0,1.22,6.5,13.0
1920,20/01/2020,Atalanta,Spal,1.0,2.0,A,1.0,0.0,H,14.0,13.0,8.0,7.0,8.0,4.0,15.0,17.0,2.0,3.0,0.0,0.0,1.2,7.5,12.0
1920,24/01/2020,Brescia,Milan,0.0,1.0,A,0.0,0.0,D,13.0,10.0,7.0,5.0,7.0,3.0,12.0,15.0,2.0,4.0,0.0,0.0,5.0,4.0,1.66
1920,25/01/2020,Spal,Bologna,1.0,3.0,A,1.0,1.0,D,9.0,12.0,5.0,6.0,5.0,9.0,16.0,15.0,4.0,3.0,0.0,0.0,3.0,3.4,2.3
1920,25/01/2020,Fiorentina,Genoa,0.0,0.0,D,0.0,0.0,D,15.0,8.0,6.0,6.0,7.0,6.0,18.0,21.0,4.0,3.0,0.0,0.0,1.72,3.75,5.0
1920,25/01/2020,Torino,Atalanta,0.0,7.0,A,0.0,3.0,A,6.0,17.0,4.0,15.0,4.0,12.0,17.0,12.0,3.0,2.0,2.0,0.0,4.33,4.2,1.7
1920,26/01/2020,Inter,Cagliari,1.0,1.0,D,1.0,0.0,H,14.0,8.0,5.0,3.0,4.0,6.0,10.0,10.0,4.0,1.0,2.0,0.0,1.3,5.5,10.0
1920,26/01/2020,Parma,Udinese,2.0,0.0,H,2.0,0.0,H,10.0,15.0,5.0,5.0,5.0,11.0,12.0,9.0,2.0,3.0,0.0,0.0,2.37,3.25,3.1
1920,26/01/2020,Sampdoria,Sassuolo,0.0,0.0,D,0.0,0.0,D,15.0,6.0,5.0,2.0,6.0,3.0,16.0,9.0,4.0,1.0,0.0,1.0,2.2,3.4,3.3
1920,26/01/2020,Verona,Lecce,3.0,0.0,H,2.0,0.0,H,9.0,3.0,5.0,1.0,5.0,0.0,16.0,11.0,2.0,3.0,0.0,1.0,1.6,4.0,5.5
1920,26/01/2020,Roma,Lazio,1.0,1.0,D,1.0,1.0,D,16.0,3.0,7.0,2.0,7.0,1.0,11.0,12.0,3.0,4.0,0.0,0.0,2.8,3.6,2.4
1920,26/01/2020,Napoli,Juventus,2.0,1.0,H,0.0,0.0,D,11.0,7.0,4.0,5.0,3.0,2.0,14.0,14.0,2.0,5.0,0.0,0.0,3.6,3.6,2.05
1920,01/02/2020,Bologna,Brescia,2.0,1.0,H,1.0,1.0,D,17.0,3.0,7.0,1.0,6.0,3.0,17.0,14.0,3.0,2.0,0.0,0.0,1.66,4.0,5.0
1920,01/02/2020,Cagliari,Parma,2.0,2.0,D,1.0,1.0,D,21.0,17.0,11.0,5.0,8.0,7.0,12.0,15.0,3.0,2.0,0.0,0.0,1.85,3.75,4.0
1920,01/02/2020,Sassuolo,Roma,4.0,2.0,H,3.0,0.0,H,16.0,19.0,9.0,9.0,5.0,11.0,6.0,19.0,1.0,7.0,0.0,1.0,4.0,4.0,1.8
1920,02/02/2020,Juventus,Fiorentina,3.0,0.0,H,1.0,0.0,H,8.0,7.0,8.0,5.0,10.0,5.0,9.0,13.0,1.0,4.0,0.0,0.0,1.33,5.25,9.0
1920,02/02/2020,Atalanta,Genoa,2.0,2.0,D,2.0,2.0,D,17.0,9.0,10.0,5.0,7.0,1.0,19.0,19.0,2.0,6.0,0.0,1.0,1.25,6.0,12.0
1920,02/02/2020,Lazio,Spal,5.0,1.0,H,4.0,0.0,H,12.0,10.0,10.0,5.0,5.0,2.0,9.0,7.0,1.0,2.0,0.0,0.0,1.22,6.5,13.0
1920,02/02/2020,Milan,Verona,1.0,1.0,D,1.0,1.0,D,17.0,8.0,6.0,6.0,9.0,3.0,11.0,12.0,1.0,4.0,0.0,1.0,1.66,3.6,5.75
1920,02/02/2020,Lecce,Torino,4.0,0.0,H,2.0,0.0,H,14.0,11.0,11.0,4.0,5.0,3.0,14.0,23.0,3.0,3.0,0.0,0.0,3.2,3.5,2.2
1920,02/02/2020,Udinese,Inter,0.0,2.0,A,0.0,0.0,D,11.0,14.0,4.0,10.0,3.0,2.0,10.0,16.0,2.0,2.0,0.0,0.0,5.0,3.8,1.7
1920,03/02/2020,Sampdoria,Napoli,2.0,4.0,A,1.0,2.0,A,12.0,12.0,10.0,10.0,4.0,6.0,17.0,6.0,4.0,3.0,0.0,0.0,4.33,3.8,1.8
1920,05/02/2020,Lazio,Verona,0.0,0.0,D,0.0,0.0,D,12.0,12.0,6.0,6.0,6.0,7.0,12.0,15.0,3.0,2.0,0.0,0.0,1.36,5.25,8.0
1920,07/02/2020,Roma,Bologna,2.0,3.0,A,1.0,2.0,A,14.0,12.0,10.0,8.0,6.0,6.0,11.0,16.0,2.0,4.0,1.0,0.0,1.61,4.33,5.0
1920,08/02/2020,Fiorentina,Atalanta,1.0,2.0,A,1.0,0.0,H,5.0,13.0,3.0,7.0,4.0,3.0,20.0,13.0,2.0,2.0,0.0,0.0,4.2,3.8,1.83
1920,08/02/2020,Torino,Sampdoria,1.0,3.0,A,0.0,0.0,D,2.0,8.0,2.0,6.0,2.0,3.0,16.0,19.0,3.0,5.0,1.0,0.0,2.15,3.3,3.5
1920,08/02/2020,Verona,Juventus,2.0,1.0,H,0.0,0.0,D,9.0,10.0,5.0,5.0,3.0,4.0,11.0,18.0,2.0,3.0,0.0,0.0,7.5,4.0,1.5
1920,09/02/2020,Spal,Sassuolo,1.0,2.0,A,1.0,0.0,H,10.0,16.0,5.0,9.0,1.0,6.0,16.0,16.0,2.0,4.0,0.0,0.0,2.7,3.4,2.55
1920,09/02/2020,Brescia,Udinese,1.0,1.0,D,0.0,0.0,D,9.0,16.0,7.0,8.0,4.0,9.0,8.0,17.0,0.0,3.0,0.0,0.0,2.7,3.4,2.62
1920,09/02/2020,Genoa,Cagliari,1.0,0.0,H,1.0,0.0,H,8.0,8.0,5.0,6.0,5.0,3.0,15.0,15.0,3.0,6.0,0.0,0.0,2.37,3.5,2.9
1920,09/02/2020,Napoli,Lecce,2.0,3.0,A,0.0,1.0,A,19.0,13.0,9.0,10.0,10.0,4.0,14.0,10.0,5.0,3.0,0.0,0.0,1.2,6.5,13.0
1920,09/02/2020,Parma,Lazio,0.0,1.0,A,0.0,1.0,A,16.0,17.0,6.0,6.0,7.0,6.0,13.0,10.0,4.0,3.0,0.0,0.0,4.5,4.0,1.72
1920,09/02/2020,Inter,Milan,4.0,2.0,H,0.0,2.0,A,14.0,8.0,11.0,5.0,7.0,6.0,6.0,13.0,4.0,2.0,0.0,0.0,1.95,3.4,4.1
1920,15/02/2020,Lecce,Spal,2.0,1.0,H,1.0,0.0,H,8.0,13.0,4.0,5.0,4.0,8.0,13.0,23.0,5.0,3.0,0.0,0.0,2.2,3.5,3.2
1920,15/02/2020,Bologna,Genoa,0.0,3.0,A,0.0,2.0,A,11.0,5.0,6.0,5.0,4.0,4.0,19.0,13.0,3.0,5.0,2.0,0.0,1.83,3.75,4.2
1920,15/02/2020,Atalanta,Roma,2.0,1.0,H,0.0,1.0,A,11.0,5.0,7.0,1.0,5.0,2.0,11.0,15.0,1.0,5.0,0.0,0.0,1.75,4.2,4.0
1920,16/02/2020,Udinese,Verona,0.0,0.0,D,0.0,0.0,D,10.0,9.0,6.0,6.0,9.0,6.0,13.0,17.0,1.0,2.0,0.0,0.0,2.45,3.25,2.87
1920,16/02/2020,Juventus,Brescia,2.0,0.0,H,1.0,0.0,H,20.0,5.0,11.0,2.0,16.0,2.0,12.0,8.0,3.0,2.0,0.0,1.0,1.16,8.0,15.0
1920,16/02/2020,Sampdoria,Fiorentina,1.0,5.0,A,0.0,3.0,A,13.0,12.0,8.0,9.0,7.0,3.0,13.0,13.0,5.0,4.0,1.0,1.0,2.75,3.1,2.7
1920,16/02/2020,Sassuolo,Parma,0.0,1.0,A,0.0,1.0,A,10.0,6.0,5.0,6.0,5.0,3.0,14.0,19.0,5.0,4.0,0.0,0.0,2.0,3.5,3.75
1920,16/02/2020,Cagliari,Napoli,0.0,1.0,A,0.0,0.0,D,10.0,12.0,4.0,4.0,2.0,3.0,14.0,11.0,3.0,1.0,0.0,0.0,3.75,3.8,1.9
1920,16/02/2020,Lazio,Inter,2.0,1.0,H,0.0,1.0,A,11.0,9.0,6.0,6.0,6.0,6.0,13.0,15.0,5.0,2.0,0.0,0.0,2.3,3.5,3.0
1920,17/02/2020,Milan,Torino,1.0,0.0,H,1.0,0.0,H,9.0,6.0,3.0,1.0,9.0,5.0,16.0,11.0,3.0,3.0,0.0,0.0,1.6,4.0,5.75
1920,21/02/2020,Brescia,Napoli,1.0,2.0,A,1.0,0.0,H,8.0,7.0,1.0,5.0,4.0,4.0,16.0,14.0,3.0,3.0,0.0,0.0,6.0,4.33,1.5
1920,22/02/2020,Bologna,Udinese,1.0,1.0,D,0.0,1.0,A,12.0,4.0,3.0,3.0,7.0,5.0,13.0,12.0,1.0,2.0,0.0,0.0,2.05,3.4,3.7
1920,22/02/2020,Spal,Juventus,1.0,2.0,A,0.0,1.0,A,10.0,17.0,5.0,9.0,3.0,4.0,25.0,15.0,4.0,2.0,0.0,0.0,7.5,5.25,1.36
1920,22/02/2020,Fiorentina,Milan,1.0,1.0,D,0.0,0.0,D,11.0,5.0,7.0,3.0,4.0,3.0,11.0,15.0,1.0,3.0,1.0,0.0,2.7,3.3,2.62
1920,23/02/2020,Genoa,Lazio,2.0,3.0,A,0.0,1.0,A,11.0,11.0,9.0,8.0,6.0,1.0,12.0,13.0,2.0,2.0,0.0,0.0,5.0,3.9,1.66
1920,23/02/2020,Roma,Lecce,4.0,0.0,H,2.0,0.0,H,19.0,9.0,11.0,4.0,6.0,4.0,9.0,6.0,1.0,0.0,0.0,0.0,1.3,6.0,8.0
1920,29/02/2020,Lazio,Bologna,2.0,0.0,H,2.0,0.0,H,12.0,11.0,5.0,4.0,7.0,5.0,9.0,12.0,1.0,4.0,0.0,0.0,1.53,4.33,6.0
1920,29/02/2020,Napoli,Torino,2.0,1.0,H,1.0,0.0,H,16.0,5.0,10.0,3.0,7.0,1.0,12.0,13.0,1.0,3.0,0.0,0.0,1.44,4.6,7.0
1920,01/03/2020,Lecce,Atalanta,2.0,7.0,A,2.0,2.0,D,5.0,17.0,3.0,11.0,2.0,11.0,9.0,12.0,2.0,2.0,0.0,0.0,8.0,5.5,1.33
1920,01/03/2020,Cagliari,Roma,3.0,4.0,A,1.0,2.0,A,7.0,18.0,7.0,14.0,2.0,7.0,14.0,13.0,4.0,5.0,0.0,0.0,3.6,3.75,2.0
1920,08/03/2020,Parma,Spal,0.0,1.0,A,0.0,0.0,D,11.0,6.0,2.0,2.0,4.0,5.0,19.0,22.0,2.0,2.0,0.0,0.0,2.0,3.4,3.8
1920,08/03/2020,Milan,Genoa,1.0,2.0,A,0.0,2.0,A,13.0,6.0,4.0,3.0,7.0,5.0,14.0,12.0,0.0,0.0,0.0,1.0,1.66,3.8,5.25
1920,08/03/2020,Sampdoria,Verona,2.0,1.0,H,0.0,1.0,A,8.0,3.0,7.0,2.0,2.0,6.0,14.0,23.0,4.0,3.0,0.0,0.0,2.6,3.2,2.8
1920,08/03/2020,Udinese,Fiorentina,0.0,0.0,D,0.0,0.0,D,11.0,7.0,2.0,5.0,6.0,9.0,8.0,5.0,2.0,0.0,0.0,0.0,2.9,3.25,2.5
1920,08/03/2020,Juventus,Inter,2.0,0.0,H,0.0,0.0,D,12.0,8.0,6.0,2.0,5.0,4.0,8.0,18.0,1.0,3.0,0.0,1.0,2.25,3.3,3.3
1920,09/03/2020,Sassuolo,Brescia,3.0,0.0,H,1.0,0.0,H,13.0,6.0,10.0,4.0,5.0,4.0,15.0,9.0,3.0,3.0,0.0,0.0,1.75,3.75,4.5
1920,20/06/2020,Torino,Parma,1.0,1.0,D,1.0,1.0,D,14.0,6.0,9.0,5.0,5.0,2.0,16.0,17.0,1.0,2.0,0.0,0.0,2.2,3.25,3.5
1920,20/06/2020,Verona,Cagliari,2.0,1.0,H,2.0,1.0,H,8.0,13.0,6.0,4.0,1.0,7.0,4.0,19.0,1.0,6.0,1.0,1.0,1.95,3.4,4.0
1920,21/06/2020,Atalanta,Sassuolo,4.0,1.0,H,3.0,0.0,H,12.0,10.0,5.0,6.0,4.0,3.0,24.0,6.0,4.0,3.0,0.0,0.0,1.33,5.5,8.0
1920,21/06/2020,Inter,Sampdoria,2.0,1.0,H,2.0,0.0,H,11.0,7.0,5.0,3.0,5.0,1.0,17.0,21.0,3.0,3.0,0.0,0.0,1.36,4.75,9.0
1920,22/06/2020,Fiorentina,Brescia,1.0,1.0,D,1.0,1.0,D,15.0,5.0,8.0,3.0,7.0,2.0,21.0,21.0,5.0,4.0,1.0,0.0,1.5,4.33,6.5
1920,22/06/2020,Lecce,Milan,1.0,4.0,A,0.0,1.0,A,6.0,12.0,1.0,11.0,5.0,4.0,8.0,13.0,1.0,1.0,0.0,0.0,5.25,4.2,1.6
1920,22/06/2020,Bologna,Juventus,0.0,2.0,A,0.0,2.0,A,6.0,12.0,1.0,5.0,8.0,2.0,16.0,16.0,1.0,4.0,0.0,1.0,6.0,4.33,1.53
1920,23/06/2020,Spal,Cagliari,0.0,1.0,A,0.0,0.0,D,6.0,9.0,2.0,4.0,1.0,9.0,21.0,12.0,3.0,3.0,0.0,0.0,2.7,3.2,2.7
1920,23/06/2020,Verona,Napoli,0.0,2.0,A,0.0,1.0,A,10.0,10.0,6.0,8.0,8.0,4.0,16.0,7.0,1.0,1.0,0.0,0.0,4.1,3.5,1.9
1920,23/06/2020,Genoa,Parma,1.0,4.0,A,0.0,2.0,A,9.0,11.0,3.0,8.0,1.0,3.0,15.0,15.0,1.0,2.0,0.0,0.0,2.15,3.3,3.5
1920,23/06/2020,Torino,Udinese,1.0,0.0,H,1.0,0.0,H,4.0,7.0,3.0,5.0,1.0,16.0,11.0,11.0,0.0,0.0,0.0,0.0,2.5,3.1,3.0
1920,24/06/2020,Inter,Sassuolo,3.0,3.0,D,2.0,1.0,H,14.0,8.0,10.0,4.0,7.0,6.0,18.0,20.0,3.0,1.0,1.0,0.0,1.36,5.25,7.0
1920,24/06/2020,Atalanta,Lazio,3.0,2.0,H,1.0,2.0,A,13.0,5.0,9.0,3.0,11.0,0.0,13.0,15.0,2.0,2.0,0.0,0.0,2.1,3.8,3.2
1920,24/06/2020,Roma,Sampdoria,2.0,1.0,H,0.0,1.0,A,16.0,13.0,10.0,9.0,10.0,8.0,10.0,14.0,0.0,0.0,0.0,0.0,1.44,4.5,6.5
1920,26/06/2020,Juventus,Lecce,4.0,0.0,H,0.0,0.0,D,23.0,7.0,12.0,2.0,12.0,4.0,15.0,7.0,1.0,0.0,0.0,1.0,1.12,9.0,19.0
1920,27/06/2020,Brescia,Genoa,2.0,2.0,D,2.0,1.0,H,6.0,11.0,4.0,8.0,1.0,8.0,16.0,16.0,4.0,2.0,0.0,0.0,3.0,3.4,2.37
1920,27/06/2020,Cagliari,Torino,4.0,2.0,H,2.0,0.0,H,9.0,11.0,5.0,6.0,3.0,5.0,15.0,12.0,3.0,0.0,0.0,0.0,2.3,3.3,3.1
1920,27/06/2020,Lazio,Fiorentina,2.0,1.0,H,0.0,1.0,A,12.0,9.0,4.0,5.0,7.0,1.0,13.0,13.0,5.0,2.0,0.0,1.0,1.61,4.0,5.5
1920,28/06/2020,Milan,Roma,2.0,0.0,H,0.0,0.0,D,11.0,3.0,7.0,2.0,5.0,6.0,10.0,16.0,2.0,2.0,0.0,0.0,2.7,3.5,2.5
1920,28/06/2020,Napoli,Spal,3.0,1.0,H,2.0,1.0,H,17.0,5.0,11.0,3.0,4.0,1.0,14.0,14.0,0.0,3.0,0.0,0.0,1.28,6.0,10.0
1920,28/06/2020,Sampdoria,Bologna,1.0,2.0,A,0.0,0.0,D,13.0,9.0,7.0,4.0,13.0,4.0,17.0,15.0,3.0,1.0,0.0,0.0,2.3,3.5,3.0
1920,28/06/2020,Sassuolo,Verona,3.0,3.0,D,0.0,0.0,D,13.0,6.0,9.0,4.0,12.0,2.0,17.0,13.0,2.0,2.0,0.0,0.0,2.5,3.25,2.9
1920,28/06/2020,Udinese,Atalanta,2.0,3.0,A,1.0,1.0,D,9.0,13.0,4.0,13.0,0.0,10.0,14.0,9.0,2.0,2.0,0.0,0.0,7.0,4.5,1.44
1920,28/06/2020,Parma,Inter,1.0,2.0,A,1.0,0.0,H,9.0,14.0,2.0,6.0,1.0,8.0,9.0,13.0,3.0,4.0,1.0,1.0,6.5,3.8,1.57
1920,30/06/2020,Torino,Lazio,1.0,2.0,A,1.0,0.0,H,2.0,12.0,1.0,6.0,2.0,8.0,15.0,16.0,1.0,3.0,0.0,0.0,4.75,3.8,1.72
1920,30/06/2020,Genoa,Juventus,1.0,3.0,A,0.0,0.0,D,2.0,11.0,2.0,9.0,2.0,9.0,21.0,10.0,5.0,1.0,0.0,0.0,8.5,5.0,1.36
1920,01/07/2020,Bologna,Cagliari,1.0,1.0,D,1.0,0.0,H,16.0,6.0,7.0,4.0,7.0,2.0,20.0,17.0,3.0,2.0,0.0,0.0,2.05,3.5,3.6
1920,01/07/2020,Inter,Brescia,6.0,0.0,H,3.0,0.0,H,20.0,3.0,12.0,1.0,4.0,4.0,13.0,10.0,2.0,2.0,0.0,0.0,1.16,7.5,17.0
1920,01/07/2020,Fiorentina,Sassuolo,1.0,3.0,A,0.0,2.0,A,11.0,8.0,7.0,8.0,8.0,3.0,20.0,12.0,4.0,2.0,0.0,0.0,2.05,3.5,3.6
1920,01/07/2020,Lecce,Sampdoria,1.0,2.0,A,0.0,1.0,A,12.0,8.0,6.0,5.0,9.0,5.0,13.0,14.0,2.0,3.0,0.0,0.0,3.5,3.5,2.1
1920,01/07/2020,Spal,Milan,2.0,2.0,D,2.0,0.0,H,4.0,25.0,3.0,12.0,3.0,17.0,9.0,12.0,3.0,0.0,1.0,0.0,6.0,4.0,1.57
1920,01/07/2020,Verona,Parma,3.0,2.0,H,1.0,1.0,D,6.0,13.0,5.0,5.0,3.0,1.0,14.0,10.0,2.0,3.0,0.0,0.0,2.0,3.25,4.1
1920,02/07/2020,Atalanta,Napoli,2.0,0.0,H,0.0,0.0,D,6.0,15.0,4.0,8.0,5.0,5.0,17.0,14.0,1.0,1.0,0.0,0.0,2.1,3.6,3.3
1920,02/07/2020,Roma,Udinese,0.0,2.0,A,0.0,1.0,A,9.0,8.0,6.0,3.0,10.0,7.0,10.0,11.0,3.0,2.0,1.0,0.0,1.57,4.0,6.0
1920,04/07/2020,Juventus,Torino,4.0,1.0,H,2.0,1.0,H,15.0,12.0,7.0,6.0,5.0,8.0,11.0,8.0,4.0,2.0,0.0,0.0,1.25,6.0,12.0
1920,04/07/2020,Sassuolo,Lecce,4.0,2.0,H,1.0,1.0,D,7.0,5.0,7.0,3.0,4.0,4.0,15.0,21.0,3.0,4.0,0.0,0.0,1.5,4.5,6.0
1920,04/07/2020,Lazio,Milan,0.0,3.0,A,0.0,2.0,A,8.0,7.0,2.0,5.0,5.0,1.0,14.0,12.0,1.0,1.0,0.0,0.0,2.3,3.4,3.1
1920,05/07/2020,Inter,Bologna,1.0,2.0,A,1.0,0.0,H,15.0,11.0,9.0,8.0,12.0,9.0,16.0,12.0,3.0,3.0,1.0,1.0,1.5,4.2,7.0
1920,05/07/2020,Brescia,Verona,2.0,0.0,H,0.0,0.0,D,7.0,14.0,6.0,9.0,3.0,11.0,11.0,13.0,3.0,1.0,0.0,0.0,5.5,4.0,1.61
1920,05/07/2020,Cagliari,Atalanta,0.0,1.0,A,0.0,1.0,A,6.0,22.0,1.0,12.0,6.0,4.0,15.0,14.0,3.0,2.0,1.0,0.0,5.25,4.75,1.53
1920,05/07/2020,Parma,Fiorentina,1.0,2.0,A,0.0,2.0,A,7.0,9.0,2.0,6.0,3.0,0.0,17.0,14.0,4.0,6.0,0.0,0.0,3.1,3.3,2.37
1920,05/07/2020,Sampdoria,Spal,3.0,0.0,H,3.0,0.0,H,9.0,8.0,5.0,3.0,4.0,13.0,18.0,12.0,1.0,1.0,0.0,0.0,1.85,3.6,4.2
1920,05/07/2020,Udinese,Genoa,2.0,2.0,D,1.0,0.0,H,9.0,6.0,6.0,4.0,2.0,4.0,13.0,14.0,3.0,2.0,0.0,0.0,2.25,3.3,3.25
1920,05/07/2020,Napoli,Roma,2.0,1.0,H,0.0,0.0,D,18.0,5.0,12.0,4.0,8.0,1.0,10.0,16.0,2.0,4.0,0.0,0.0,2.05,3.6,3.5
1920,07/07/2020,Lecce,Lazio,2.0,1.0,H,1.0,1.0,D,7.0,14.0,3.0,10.0,3.0,14.0,8.0,11.0,3.0,3.0,0.0,1.0,8.0,5.25,1.36
1920,07/07/2020,Milan,Juventus,4.0,2.0,H,0.0,0.0,D,9.0,9.0,9.0,4.0,2.0,6.0,14.0,16.0,4.0,1.0,0.0,0.0,3.5,3.3,2.15
1920,08/07/2020,Fiorentina,Cagliari,0.0,0.0,D,0.0,0.0,D,11.0,11.0,7.0,7.0,6.0,3.0,11.0,10.0,2.0,2.0,0.0,0.0,1.95,3.4,4.0
1920,08/07/2020,Genoa,Napoli,1.0,2.0,A,0.0,1.0,A,7.0,16.0,3.0,11.0,6.0,8.0,13.0,6.0,1.0,0.0,0.0,0.0,5.75,4.0,1.55
1920,08/07/2020,Atalanta,Sampdoria,2.0,0.0,H,0.0,0.0,D,11.0,9.0,6.0,3.0,7.0,9.0,12.0,19.0,2.0,3.0,0.0,0.0,1.36,5.25,8.0
1920,08/07/2020,Bologna,Sassuolo,1.0,2.0,A,0.0,1.0,A,8.0,11.0,6.0,5.0,7.0,8.0,17.0,16.0,3.0,4.0,0.0,0.0,2.25,3.5,3.0
1920,08/07/2020,Roma,Parma,2.0,1.0,H,1.0,1.0,D,15.0,4.0,7.0,2.0,9.0,3.0,17.0,10.0,5.0,1.0,0.0,0.0,1.5,4.5,6.0
1920,08/07/2020,Torino,Brescia,3.0,1.0,H,0.0,1.0,A,14.0,13.0,10.0,6.0,6.0,5.0,24.0,19.0,1.0,3.0,0.0,0.0,1.61,3.9,5.5
1920,09/07/2020,Spal,Udinese,0.0,3.0,A,0.0,2.0,A,11.0,7.0,3.0,4.0,9.0,1.0,11.0,9.0,0.0,0.0,0.0,0.0,3.4,3.3,2.2
1920,09/07/2020,Verona,Inter,2.0,2.0,D,1.0,0.0,H,10.0,13.0,4.0,7.0,0.0,5.0,19.0,11.0,3.0,2.0,0.0,0.0,4.5,3.75,1.75
1920,11/07/2020,Lazio,Sassuolo,1.0,2.0,A,1.0,0.0,H,7.0,11.0,1.0,4.0,1.0,5.0,13.0,7.0,4.0,2.0,0.0,0.0,1.6,4.2,5.25
1920,11/07/2020,Brescia,Roma,0.0,3.0,A,0.0,0.0,D,8.0,16.0,4.0,9.0,3.0,8.0,19.0,16.0,1.0,2.0,0.0,0.0,6.0,5.0,1.44
1920,11/07/2020,Juventus,Atalanta,2.0,2.0,D,0.0,1.0,A,6.0,9.0,5.0,4.0,2.0,4.0,11.0,16.0,3.0,2.0,0.0,0.0,2.05,3.6,3.5
1920,12/07/2020,Genoa,Spal,2.0,0.0,H,1.0,0.0,H,12.0,3.0,9.0,0.0,7.0,2.0,15.0,19.0,1.0,2.0,0.0,0.0,1.66,3.8,5.25
1920,12/07/2020,Cagliari,Lecce,0.0,0.0,D,0.0,0.0,D,12.0,15.0,6.0,10.0,6.0,7.0,10.0,7.0,1.0,1.0,0.0,0.0,1.7,4.0,4.33
1920,12/07/2020,Fiorentina,Verona,1.0,1.0,D,0.0,1.0,A,10.0,5.0,3.0,4.0,6.0,8.0,15.0,14.0,3.0,2.0,0.0,0.0,2.05,3.4,3.6
1920,12/07/2020,Parma,Bologna,2.0,2.0,D,0.0,2.0,A,13.0,9.0,5.0,6.0,6.0,2.0,17.0,24.0,1.0,1.0,0.0,0.0,2.7,3.2,2.62
1920,12/07/2020,Udinese,Sampdoria,1.0,3.0,A,1.0,1.0,D,7.0,9.0,4.0,6.0,10.0,7.0,16.0,10.0,1.0,4.0,0.0,0.0,2.37,3.1,3.2
1920,12/07/2020,Napoli,Milan,2.0,2.0,D,1.0,1.0,D,14.0,4.0,9.0,4.0,7.0,2.0,9.0,18.0,2.0,4.0,0.0,1.0,2.05,3.5,3.5
1920,13/07/2020,Inter,Torino,3.0,1.0,H,0.0,1.0,A,20.0,6.0,11.0,4.0,9.0,2.0,21.0,18.0,5.0,3.0,0.0,0.0,1.45,4.5,6.5
1920,14/07/2020,Atalanta,Brescia,6.0,2.0,H,4.0,1.0,H,13.0,6.0,7.0,5.0,1.0,1.0,12.0,10.0,0.0,0.0,0.0,0.0,1.14,8.5,17.0
1920,15/07/2020,Bologna,Napoli,1.0,1.0,D,0.0,1.0,A,11.0,9.0,2.0,4.0,8.0,4.0,20.0,9.0,1.0,1.0,0.0,0.0,4.5,3.8,1.75
1920,15/07/2020,Milan,Parma,3.0,1.0,H,0.0,1.0,A,21.0,9.0,7.0,5.0,7.0,6.0,9.0,10.0,1.0,2.0,0.0,0.0,1.44,4.75,6.5
1920,15/07/2020,Sampdoria,Cagliari,3.0,0.0,H,2.0,0.0,H,9.0,15.0,4.0,3.0,4.0,3.0,13.0,15.0,0.0,2.0,0.0,0.0,1.9,3.6,3.8
1920,15/07/2020,Lecce,Fiorentina,1.0,3.0,A,0.0,3.0,A,10.0,12.0,3.0,7.0,6.0,5.0,15.0,7.0,3.0,2.0,0.0,0.0,3.6,3.75,1.95
1920,15/07/2020,Roma,Verona,2.0,1.0,H,2.0,0.0,H,20.0,9.0,6.0,3.0,7.0,6.0,14.0,6.0,4.0,3.0,0.0,0.0,1.6,4.2,5.0
1920,15/07/2020,Sassuolo,Juventus,3.0,3.0,D,1.0,2.0,A,16.0,13.0,12.0,6.0,3.0,9.0,14.0,13.0,4.0,4.0,0.0,0.0,5.25,4.2,1.57
1920,15/07/2020,Udinese,Lazio,0.0,0.0,D,0.0,0.0,D,15.0,15.0,7.0,3.0,4.0,5.0,12.0,11.0,2.0,3.0,0.0,0.0,3.6,3.6,1.95
1920,16/07/2020,Torino,Genoa,3.0,0.0,H,1.0,0.0,H,8.0,10.0,4.0,4.0,8.0,4.0,20.0,18.0,2.0,2.0,0.0,0.0,2.1,3.5,3.4
1920,16/07/2020,Spal,Inter,0.0,4.0,A,0.0,1.0,A,8.0,13.0,1.0,8.0,0.0,7.0,10.0,9.0,2.0,3.0,0.0,0.0,8.5,5.0,1.33
1920,18/07/2020,Verona,Atalanta,1.0,1.0,D,0.0,0.0,D,11.0,17.0,8.0,7.0,7.0,5.0,15.0,15.0,2.0,2.0,0.0,0.0,6.5,5.25,1.4
1920,18/07/2020,Cagliari,Sassuolo,1.0,1.0,D,0.0,1.0,A,2.0,5.0,1.0,2.0,0.0,9.0,14.0,15.0,4.0,2.0,1.0,0.0,3.25,3.75,2.1
1920,18/07/2020,Milan,Bologna,5.0,1.0,H,2.0,1.0,H,17.0,8.0,14.0,3.0,7.0,2.0,19.0,14.0,2.0,1.0,0.0,0.0,1.5,4.5,5.75
1920,19/07/2020,Parma,Sampdoria,2.0,3.0,A,2.0,0.0,H,13.0,12.0,7.0,5.0,4.0,6.0,13.0,11.0,0.0,1.0,0.0,0.0,3.0,2.9,2.62
1920,19/07/2020,Brescia,Spal,2.0,1.0,H,0.0,1.0,A,15.0,13.0,6.0,7.0,7.0,4.0,10.0,14.0,2.0,2.0,0.0,0.0,2.37,3.4,2.87
1920,19/07/2020,Fiorentina,Torino,2.0,0.0,H,1.0,0.0,H,12.0,5.0,4.0,1.0,4.0,1.0,7.0,11.0,1.0,2.0,0.0,0.0,1.95,3.2,4.2
1920,19/07/2020,Genoa,Lecce,2.0,1.0,H,1.0,0.0,H,8.0,17.0,5.0,2.0,3.0,8.0,12.0,10.0,2.0,3.0,0.0,0.0,1.9,3.75,3.6
1920,19/07/2020,Napoli,Udinese,2.0,1.0,H,1.0,1.0,D,17.0,3.0,10.0,3.0,2.0,3.0,13.0,17.0,3.0,2.0,0.0,0.0,1.5,4.33,6.0
1920,19/07/2020,Roma,Inter,2.0,2.0,D,1.0,1.0,D,6.0,4.0,3.0,3.0,8.0,5.0,18.0,13.0,1.0,1.0,0.0,0.0,3.0,3.6,2.2
1920,20/07/2020,Juventus,Lazio,2.0,1.0,H,0.0,0.0,D,13.0,6.0,10.0,5.0,4.0,7.0,18.0,15.0,3.0,1.0,0.0,0.0,1.66,4.0,4.75
1920,21/07/2020,Atalanta,Bologna,1.0,0.0,H,0.0,0.0,D,13.0,9.0,7.0,2.0,6.0,4.0,19.0,14.0,4.0,2.0,0.0,0.0,1.28,5.25,10.0
1920,21/07/2020,Sassuolo,Milan,1.0,2.0,A,1.0,2.0,A,6.0,12.0,3.0,8.0,5.0,3.0,12.0,24.0,3.0,4.0,1.0,0.0,3.5,4.0,1.9
1920,22/07/2020,Parma,Napoli,2.0,1.0,H,1.0,0.0,H,6.0,12.0,3.0,4.0,3.0,3.0,8.0,12.0,3.0,1.0,0.0,0.0,5.5,4.2,1.55
1920,22/07/2020,Inter,Fiorentina,0.0,0.0,D,0.0,0.0,D,12.0,6.0,9.0,4.0,11.0,2.0,13.0,13.0,1.0,3.0,0.0,0.0,1.45,4.5,6.5
1920,22/07/2020,Lecce,Brescia,3.0,1.0,H,2.0,0.0,H,13.0,10.0,10.0,3.0,5.0,10.0,11.0,11.0,2.0,1.0,0.0,0.0,1.75,4.0,4.1
1920,22/07/2020,Sampdoria,Genoa,1.0,2.0,A,1.0,1.0,D,11.0,7.0,7.0,5.0,5.0,0.0,14.0,13.0,4.0,2.0,0.0,0.0,2.5,3.2,2.87
1920,22/07/2020,Spal,Roma,1.0,6.0,A,1.0,2.0,A,9.0,13.0,4.0,9.0,3.0,1.0,10.0,11.0,1.0,0.0,0.0,0.0,8.5,5.0,1.36
1920,22/07/2020,Torino,Verona,1.0,1.0,D,0.0,0.0,D,6.0,8.0,4.0,6.0,5.0,4.0,18.0,16.0,4.0,2.0,0.0,0.0,2.37,3.25,3.0
1920,23/07/2020,Udinese,Juventus,2.0,1.0,H,0.0,1.0,A,9.0,14.0,4.0,6.0,3.0,7.0,9.0,8.0,2.0,2.0,0.0,0.0,5.25,3.75,1.65
1920,23/07/2020,Lazio,Cagliari,2.0,1.0,H,0.0,1.0,A,16.0,8.0,12.0,4.0,13.0,3.0,14.0,11.0,3.0,1.0,0.0,0.0,1.45,4.33,7.0
1920,24/07/2020,Milan,Atalanta,1.0,1.0,D,1.0,1.0,D,6.0,9.0,3.0,4.0,3.0,7.0,17.0,12.0,1.0,1.0,0.0,0.0,2.87,3.9,2.25
1920,25/07/2020,Brescia,Parma,1.0,2.0,A,0.0,0.0,D,10.0,12.0,7.0,6.0,5.0,3.0,15.0,13.0,4.0,0.0,0.0,0.0,3.3,3.8,2.05
1920,25/07/2020,Genoa,Inter,0.0,3.0,A,0.0,1.0,A,7.0,8.0,2.0,4.0,4.0,6.0,12.0,15.0,2.0,3.0,0.0,0.0,5.0,4.2,1.61
1920,25/07/2020,Napoli,Sassuolo,2.0,0.0,H,1.0,0.0,H,16.0,4.0,9.0,1.0,7.0,4.0,4.0,10.0,1.0,3.0,0.0,0.0,1.55,4.5,5.5
1920,26/07/2020,Bologna,Lecce,3.0,2.0,H,2.0,1.0,H,18.0,19.0,12.0,10.0,9.0,6.0,16.0,8.0,1.0,1.0,0.0,0.0,2.4,3.6,2.8
1920,26/07/2020,Cagliari,Udinese,0.0,1.0,A,0.0,1.0,A,14.0,10.0,8.0,6.0,4.0,8.0,10.0,17.0,2.0,1.0,0.0,0.0,3.75,3.5,2.0
1920,26/07/2020,Roma,Fiorentina,2.0,1.0,H,1.0,0.0,H,12.0,4.0,7.0,2.0,8.0,3.0,13.0,14.0,1.0,4.0,0.0,0.0,1.61,4.2,5.0
1920,26/07/2020,Spal,Torino,1.0,1.0,D,0.0,0.0,D,3.0,14.0,2.0,7.0,0.0,10.0,11.0,17.0,2.0,3.0,0.0,0.0,5.75,4.33,1.53
1920,26/07/2020,Verona,Lazio,1.0,5.0,A,1.0,1.0,D,9.0,12.0,6.0,7.0,8.0,5.0,16.0,7.0,2.0,2.0,0.0,0.0,3.4,3.6,2.05
1920,26/07/2020,Juventus,Sampdoria,2.0,0.0,H,1.0,0.0,H,14.0,13.0,8.0,8.0,4.0,5.0,17.0,13.0,4.0,5.0,0.0,1.0,1.25,6.0,11.0
1920,28/07/2020,Parma,Atalanta,1.0,2.0,A,1.0,0.0,H,8.0,11.0,6.0,5.0,3.0,3.0,17.0,16.0,2.0,1.0,0.0,0.0,8.0,5.5,1.33
1920,28/07/2020,Inter,Napoli,2.0,0.0,H,1.0,0.0,H,6.0,8.0,5.0,2.0,3.0,9.0,16.0,8.0,4.0,1.0,0.0,0.0,2.05,3.75,3.4
1920,29/07/2020,Lazio,Brescia,2.0,0.0,H,1.0,0.0,H,25.0,8.0,15.0,3.0,5.0,6.0,11.0,10.0,1.0,2.0,0.0,0.0,1.16,7.5,15.0
1920,29/07/2020,Sampdoria,Milan,1.0,4.0,A,0.0,1.0,A,16.0,18.0,5.0,11.0,4.0,6.0,5.0,6.0,1.0,1.0,0.0,0.0,4.75,4.0,1.66
1920,29/07/2020,Sassuolo,Genoa,5.0,0.0,H,2.0,0.0,H,15.0,10.0,9.0,3.0,2.0,3.0,11.0,6.0,1.0,1.0,0.0,0.0,2.4,3.4,2.9
1920,29/07/2020,Udinese,Lecce,1.0,2.0,A,1.0,1.0,D,8.0,10.0,3.0,6.0,5.0,5.0,12.0,11.0,1.0,4.0,0.0,0.0,2.3,3.7,2.87
1920,29/07/2020,Verona,Spal,3.0,0.0,H,2.0,0.0,H,14.0,12.0,9.0,5.0,7.0,1.0,15.0,13.0,1.0,1.0,0.0,0.0,1.53,4.2,5.75
1920,29/07/2020,Cagliari,Juventus,2.0,0.0,H,2.0,0.0,H,9.0,20.0,5.0,10.0,1.0,9.0,13.0,12.0,2.0,1.0,0.0,0.0,6.0,4.2,1.53
1920,29/07/2020,Fiorentina,Bologna,4.0,0.0,H,0.0,0.0,D,15.0,8.0,9.0,3.0,3.0,5.0,14.0,11.0,2.0,1.0,0.0,0.0,2.0,3.6,3.5
1920,29/07/2020,Torino,Roma,2.0,3.0,A,1.0,2.0,A,5.0,12.0,5.0,7.0,4.0,8.0,8.0,18.0,2.0,3.0,0.0,0.0,4.5,4.0,1.7
1920,01/08/2020,Brescia,Sampdoria,1.0,1.0,D,0.0,1.0,A,11.0,11.0,6.0,5.0,5.0,4.0,9.0,17.0,1.0,4.0,0.0,1.0,6.5,5.0,1.4
1920,01/08/2020,Atalanta,Inter,0.0,2.0,A,0.0,2.0,A,8.0,7.0,3.0,4.0,7.0,1.0,10.0,12.0,2.0,3.0,0.0,0.0,2.3,3.75,2.75
1920,01/08/2020,Juventus,Roma,1.0,3.0,A,1.0,2.0,A,9.0,9.0,4.0,7.0,6.0,5.0,10.0,12.0,1.0,4.0,0.0,0.0,2.7,4.2,2.2
1920,01/08/2020,Milan,Cagliari,3.0,0.0,H,1.0,0.0,H,12.0,4.0,7.0,3.0,7.0,6.0,16.0,7.0,1.0,3.0,0.0,0.0,1.33,5.75,7.5
1920,01/08/2020,Napoli,Lazio,3.0,1.0,H,1.0,1.0,D,11.0,8.0,6.0,4.0,2.0,2.0,10.0,11.0,3.0,2.0,0.0,0.0,2.8,3.8,2.3
1920,02/08/2020,Spal,Fiorentina,1.0,3.0,A,1.0,1.0,D,7.0,20.0,5.0,11.0,3.0,10.0,6.0,14.0,1.0,1.0,0.0,0.0,6.5,4.75,1.44
1920,02/08/2020,Bologna,Torino,1.0,1.0,D,1.0,0.0,H,13.0,13.0,5.0,11.0,7.0,3.0,15.0,17.0,3.0,3.0,0.0,0.0,2.15,4.0,2.9
1920,02/08/2020,Genoa,Verona,3.0,0.0,H,3.0,0.0,H,4.0,13.0,4.0,3.0,4.0,9.0,8.0,13.0,4.0,0.0,2.0,1.0,1.5,4.5,6.0
1920,02/08/2020,Lecce,Parma,3.0,4.0,A,2.0,2.0,D,12.0,18.0,8.0,11.0,5.0,4.0,3.0,7.0,0.0,2.0,0.0,0.0,1.5,4.6,5.75
1920,02/08/2020,Sassuolo,Udinese,0.0,1.0,A,0.0,0.0,D,18.0,7.0,14.0,3.0,6.0,7.0,9.0,11.0,1.0,1.0,0.0,0.0,1.9,4.2,3.4
2021,19/09/2020,Fiorentina,Torino,1.0,0.0,H,0.0,0.0,D,17.0,6.0,8.0,3.0,4.0,1.0,17.0,20.0,3.0,1.0,0.0,0.0,1.83,3.75,4.2
2021,19/09/2020,Verona,Roma,0.0,0.0,D,0.0,0.0,D,9.0,15.0,7.0,7.0,0.0,6.0,19.0,20.0,2.0,0.0,0.0,0.0,3.75,3.5,1.95
2021,20/09/2020,Parma,Napoli,0.0,2.0,A,0.0,0.0,D,4.0,12.0,2.0,7.0,4.0,2.0,16.0,12.0,4.0,1.0,0.0,0.0,5.25,4.2,1.61
2021,20/09/2020,Genoa,Crotone,4.0,1.0,H,3.0,1.0,H,10.0,11.0,8.0,5.0,6.0,4.0,13.0,14.0,4.0,2.0,0.0,0.0,1.9,3.6,4.0
2021,20/09/2020,Sassuolo,Cagliari,1.0,1.0,D,0.0,0.0,D,21.0,8.0,10.0,4.0,7.0,3.0,9.0,18.0,1.0,3.0,0.0,0.0,1.95,3.75,3.75
2021,20/09/2020,Juventus,Sampdoria,3.0,0.0,H,1.0,0.0,H,14.0,10.0,9.0,2.0,6.0,4.0,15.0,9.0,1.0,1.0,0.0,0.0,1.28,5.5,10.5
2021,21/09/2020,Milan,Bologna,2.0,0.0,H,1.0,0.0,H,14.0,6.0,6.0,5.0,7.0,4.0,13.0,17.0,3.0,5.0,0.0,1.0,1.57,4.33,5.5
2021,26/09/2020,Torino,Atalanta,2.0,4.0,A,2.0,3.0,A,5.0,12.0,5.0,7.0,2.0,6.0,11.0,12.0,1.0,2.0,0.0,0.0,4.75,4.4,1.61
2021,26/09/2020,Cagliari,Lazio,0.0,2.0,A,0.0,1.0,A,9.0,9.0,3.0,7.0,3.0,6.0,8.0,13.0,1.0,1.0,0.0,0.0,5.0,4.0,1.66
2021,26/09/2020,Sampdoria,Benevento,2.0,3.0,A,2.0,1.0,H,5.0,11.0,4.0,6.0,6.0,4.0,17.0,12.0,3.0,1.0,0.0,0.0,2.0,3.6,3.6
2021,26/09/2020,Inter,Fiorentina,4.0,3.0,H,1.0,1.0,D,12.0,8.0,6.0,4.0,5.0,1.0,15.0,10.0,1.0,1.0,0.0,0.0,1.5,4.5,6.0
2021,27/09/2020,Spezia,Sassuolo,1.0,4.0,A,1.0,1.0,D,11.0,10.0,6.0,8.0,3.0,5.0,13.0,8.0,2.0,1.0,0.0,0.0,4.75,4.0,1.66
2021,27/09/2020,Napoli,Genoa,6.0,0.0,H,1.0,0.0,H,18.0,3.0,11.0,1.0,4.0,2.0,6.0,13.0,1.0,2.0,0.0,0.0,1.3,5.5,10.0
2021,27/09/2020,Verona,Udinese,1.0,0.0,H,0.0,0.0,D,8.0,14.0,2.0,6.0,1.0,9.0,13.0,13.0,1.0,0.0,0.0,0.0,2.7,3.0,2.8
2021,27/09/2020,Crotone,Milan,0.0,2.0,A,0.0,1.0,A,5.0,11.0,1.0,7.0,2.0,5.0,14.0,15.0,1.0,3.0,0.0,0.0,6.0,4.5,1.5
2021,27/09/2020,Roma,Juventus,2.0,2.0,D,2.0,1.0,H,7.0,6.0,6.0,3.0,5.0,7.0,19.0,9.0,2.0,3.0,0.0,1.0,3.6,3.6,2.0
2021,28/09/2020,Bologna,Parma,4.0,1.0,H,2.0,0.0,H,11.0,8.0,8.0,4.0,8.0,9.0,12.0,9.0,1.0,2.0,0.0,1.0,1.95,3.6,3.6
2021,30/09/2020,Benevento,Inter,2.0,5.0,A,1.0,4.0,A,11.0,18.0,7.0,12.0,5.0,1.0,10.0,15.0,1.0,0.0,0.0,0.0,9.0,4.75,1.36
2021,30/09/2020,Udinese,Spezia,0.0,2.0,A,0.0,1.0,A,10.0,4.0,5.0,3.0,2.0,2.0,13.0,17.0,0.0,5.0,0.0,1.0,1.6,3.75,5.75
2021,30/09/2020,Lazio,Atalanta,1.0,4.0,A,0.0,3.0,A,11.0,8.0,8.0,6.0,7.0,3.0,16.0,11.0,7.0,2.0,0.0,0.0,2.55,3.5,2.55
2021,02/10/2020,Fiorentina,Sampdoria,1.0,2.0,A,0.0,1.0,A,16.0,14.0,6.0,10.0,8.0,4.0,11.0,16.0,0.0,3.0,0.0,0.0,1.61,4.0,5.25
2021,03/10/2020,Sassuolo,Crotone,4.0,1.0,H,1.0,0.0,H,7.0,10.0,4.0,6.0,3.0,4.0,15.0,15.0,2.0,3.0,0.0,0.0,1.4,5.0,7.0
2021,03/10/2020,Udinese,Roma,0.0,1.0,A,0.0,0.0,D,9.0,8.0,5.0,3.0,4.0,1.0,15.0,10.0,1.0,0.0,0.0,0.0,5.0,4.0,1.66
2021,04/10/2020,Atalanta,Cagliari,5.0,2.0,H,4.0,1.0,H,19.0,7.0,14.0,3.0,3.0,9.0,11.0,9.0,0.0,0.0,0.0,0.0,1.25,6.5,10.0
2021,04/10/2020,Benevento,Bologna,1.0,0.0,H,0.0,0.0,D,6.0,13.0,3.0,7.0,4.0,10.0,13.0,15.0,2.0,1.0,0.0,0.0,3.1,3.6,2.2
2021,04/10/2020,Lazio,Inter,1.0,1.0,D,0.0,1.0,A,11.0,10.0,5.0,4.0,7.0,8.0,14.0,13.0,3.0,4.0,1.0,1.0,3.1,3.7,2.2
2021,04/10/2020,Parma,Verona,1.0,0.0,H,1.0,0.0,H,7.0,8.0,5.0,5.0,7.0,6.0,11.0,19.0,1.0,1.0,0.0,0.0,2.87,3.1,2.62
2021,04/10/2020,Milan,Spezia,3.0,0.0,H,0.0,0.0,D,10.0,3.0,5.0,2.0,4.0,6.0,14.0,19.0,1.0,2.0,0.0,0.0,1.28,5.5,11.0
2021,17/10/2020,Napoli,Atalanta,4.0,1.0,H,4.0,0.0,H,18.0,11.0,14.0,3.0,6.0,2.0,12.0,23.0,1.0,3.0,0.0,0.0,2.5,3.8,2.55
2021,17/10/2020,Inter,Milan,1.0,2.0,A,1.0,2.0,A,12.0,8.0,6.0,4.0,3.0,5.0,18.0,11.0,3.0,4.0,0.0,0.0,2.3,3.5,3.0
2021,17/10/2020,Sampdoria,Lazio,3.0,0.0,H,2.0,0.0,H,11.0,8.0,8.0,1.0,3.0,3.0,12.0,10.0,2.0,2.0,0.0,0.0,3.3,3.5,2.15
2021,17/10/2020,Crotone,Juventus,1.0,1.0,D,1.0,1.0,D,9.0,8.0,3.0,3.0,3.0,4.0,17.0,14.0,3.0,3.0,0.0,1.0,6.5,4.5,1.45
2021,18/10/2020,Bologna,Sassuolo,3.0,4.0,A,2.0,1.0,H,11.0,20.0,7.0,12.0,7.0,11.0,20.0,12.0,2.0,2.0,0.0,0.0,2.9,3.6,2.3
2021,18/10/2020,Spezia,Fiorentina,2.0,2.0,D,1.0,2.0,A,6.0,7.0,2.0,6.0,5.0,5.0,15.0,18.0,2.0,2.0,0.0,0.0,5.25,4.0,1.61
2021,18/10/2020,Torino,Cagliari,2.0,3.0,A,1.0,2.0,A,10.0,9.0,6.0,7.0,2.0,4.0,14.0,16.0,2.0,3.0,1.0,0.0,2.1,3.5,3.4
2021,18/10/2020,Udinese,Parma,3.0,2.0,H,1.0,1.0,D,9.0,7.0,4.0,3.0,11.0,2.0,12.0,11.0,3.0,2.0,0.0,0.0,,,
2021,18/10/2020,Roma,Benevento,5.0,2.0,H,2.0,1.0,H,16.0,8.0,10.0,4.0,6.0,4.0,17.0,7.0,3.0,2.0,0.0,0.0,1.33,5.5,8.5
2021,19/10/2020,Verona,Genoa,0.0,0.0,D,0.0,0.0,D,18.0,5.0,12.0,2.0,14.0,2.0,14.0,15.0,1.0,4.0,0.0,0.0,,,
2021,23/10/2020,Sassuolo,Torino,3.0,3.0,D,0.0,1.0,A,13.0,14.0,9.0,12.0,6.0,8.0,10.0,12.0,2.0,2.0,0.0,0.0,1.66,4.33,4.5
2021,24/10/2020,Atalanta,Sampdoria,1.0,3.0,A,0.0,1.0,A,10.0,5.0,5.0,4.0,3.0,1.0,11.0,18.0,3.0,4.0,0.0,0.0,1.4,5.5,6.5
2021,24/10/2020,Genoa,Inter,0.0,2.0,A,0.0,0.0,D,1.0,10.0,0.0,6.0,1.0,9.0,11.0,17.0,1.0,1.0,0.0,0.0,7.5,4.5,1.4
2021,24/10/2020,Lazio,Bologna,2.0,1.0,H,0.0,0.0,D,6.0,16.0,4.0,6.0,8.0,9.0,14.0,15.0,3.0,3.0,0.0,0.0,1.65,4.0,4.75
2021,25/10/2020,Cagliari,Crotone,4.0,2.0,H,3.0,2.0,H,15.0,11.0,8.0,6.0,5.0,1.0,13.0,13.0,2.0,4.0,0.0,1.0,2.0,3.6,3.6
2021,25/10/2020,Benevento,Napoli,1.0,2.0,A,1.0,0.0,H,6.0,14.0,3.0,8.0,3.0,15.0,18.0,13.0,3.0,1.0,0.0,0.0,8.0,6.0,1.3
2021,25/10/2020,Parma,Spezia,2.0,2.0,D,1.0,2.0,A,15.0,13.0,7.0,9.0,12.0,3.0,12.0,22.0,3.0,2.0,0.0,0.0,2.05,3.5,3.5
2021,25/10/2020,Fiorentina,Udinese,3.0,2.0,H,2.0,1.0,H,4.0,11.0,3.0,6.0,2.0,7.0,16.0,14.0,1.0,3.0,0.0,0.0,1.72,3.6,4.75
2021,25/10/2020,Juventus,Verona,1.0,1.0,D,0.0,0.0,D,16.0,5.0,8.0,2.0,6.0,3.0,14.0,19.0,1.0,4.0,0.0,0.0,1.33,5.0,8.5
2021,26/10/2020,Milan,Roma,3.0,3.0,D,1.0,1.0,D,13.0,11.0,11.0,9.0,7.0,7.0,15.0,15.0,3.0,2.0,0.0,0.0,2.05,3.6,3.3
2021,31/10/2020,Crotone,Atalanta,1.0,2.0,A,1.0,2.0,A,4.0,16.0,2.0,7.0,1.0,3.0,11.0,22.0,1.0,3.0,0.0,0.0,6.5,4.75,1.44
2021,31/10/2020,Inter,Parma,2.0,2.0,D,0.0,0.0,D,18.0,4.0,9.0,3.0,15.0,2.0,13.0,7.0,1.0,1.0,0.0,0.0,1.33,5.5,8.0
2021,31/10/2020,Bologna,Cagliari,3.0,2.0,H,1.0,1.0,D,16.0,6.0,11.0,4.0,7.0,3.0,12.0,19.0,3.0,3.0,0.0,0.0,1.85,4.2,3.6
2021,01/11/2020,Udinese,Milan,1.0,2.0,A,0.0,1.0,A,7.0,8.0,3.0,4.0,2.0,4.0,14.0,12.0,2.0,2.0,0.0,0.0,4.5,3.9,1.72
2021,01/11/2020,Spezia,Juventus,1.0,4.0,A,1.0,1.0,D,11.0,8.0,3.0,5.0,4.0,3.0,14.0,7.0,3.0,1.0,0.0,0.0,9.0,5.25,1.33
2021,01/11/2020,Torino,Lazio,3.0,4.0,A,2.0,1.0,H,8.0,9.0,6.0,5.0,7.0,1.0,11.0,12.0,2.0,4.0,0.0,0.0,3.6,3.8,1.9
2021,01/11/2020,Napoli,Sassuolo,0.0,2.0,A,0.0,0.0,D,18.0,8.0,7.0,5.0,12.0,3.0,7.0,9.0,2.0,2.0,0.0,0.0,1.53,4.6,5.5
2021,01/11/2020,Roma,Fiorentina,2.0,0.0,H,1.0,0.0,H,11.0,3.0,7.0,1.0,7.0,4.0,17.0,16.0,3.0,2.0,0.0,1.0,1.75,3.8,4.2
2021,01/11/2020,Sampdoria,Genoa,1.0,1.0,D,1.0,1.0,D,9.0,7.0,3.0,4.0,7.0,4.0,19.0,11.0,5.0,1.0,0.0,0.0,1.9,3.6,4.0
2021,02/11/2020,Verona,Benevento,3.0,1.0,H,1.0,0.0,H,10.0,10.0,7.0,5.0,4.0,5.0,18.0,14.0,5.0,4.0,0.0,1.0,2.05,3.5,3.6
2021,04/11/2020,Genoa,Torino,1.0,2.0,A,0.0,2.0,A,9.0,6.0,4.0,1.0,5.0,2.0,10.0,18.0,2.0,4.0,0.0,0.0,2.35,3.5,2.8
2021,06/11/2020,Sassuolo,Udinese,0.0,0.0,D,0.0,0.0,D,3.0,0.0,1.0,0.0,3.0,6.0,17.0,13.0,2.0,2.0,0.0,0.0,2.15,3.8,3.1
2021,07/11/2020,Cagliari,Sampdoria,2.0,0.0,H,0.0,0.0,D,13.0,5.0,7.0,1.0,2.0,6.0,12.0,16.0,0.0,2.0,0.0,1.0,2.75,3.5,2.4
2021,07/11/2020,Benevento,Spezia,0.0,3.0,A,0.0,1.0,A,4.0,13.0,3.0,7.0,2.0,4.0,13.0,18.0,3.0,3.0,0.0,0.0,1.9,3.6,3.75
2021,07/11/2020,Parma,Fiorentina,0.0,0.0,D,0.0,0.0,D,5.0,6.0,0.0,4.0,2.0,3.0,17.0,17.0,1.0,2.0,0.0,0.0,3.4,3.6,2.0
2021,08/11/2020,Lazio,Juventus,1.0,1.0,D,0.0,1.0,A,7.0,9.0,3.0,6.0,4.0,2.0,12.0,12.0,2.0,2.0,0.0,0.0,3.5,3.75,1.95
2021,08/11/2020,Atalanta,Inter,1.0,1.0,D,0.0,0.0,D,9.0,10.0,4.0,3.0,2.0,5.0,15.0,13.0,1.0,3.0,0.0,0.0,2.6,3.9,2.35
2021,08/11/2020,Genoa,Roma,1.0,3.0,A,0.0,1.0,A,7.0,18.0,5.0,11.0,1.0,8.0,10.0,11.0,1.0,0.0,0.0,0.0,5.75,4.2,1.53
2021,08/11/2020,Torino,Crotone,0.0,0.0,D,0.0,0.0,D,5.0,7.0,1.0,2.0,6.0,3.0,15.0,16.0,3.0,4.0,0.0,1.0,1.95,3.75,3.6
2021,08/11/2020,Bologna,Napoli,0.0,1.0,A,0.0,1.0,A,6.0,8.0,4.0,4.0,4.0,7.0,12.0,11.0,3.0,0.0,0.0,0.0,4.75,4.2,1.65
2021,08/11/2020,Milan,Verona,2.0,2.0,D,1.0,2.0,A,21.0,5.0,9.0,3.0,14.0,1.0,16.0,20.0,1.0,3.0,0.0,0.0,1.45,4.5,6.5
2021,21/11/2020,Crotone,Lazio,0.0,2.0,A,0.0,1.0,A,12.0,13.0,6.0,9.0,2.0,6.0,11.0,11.0,3.0,4.0,0.0,0.0,4.75,4.0,1.66
2021,21/11/2020,Spezia,Atalanta,0.0,0.0,D,0.0,0.0,D,6.0,9.0,3.0,5.0,1.0,2.0,19.0,18.0,3.0,3.0,0.0,0.0,6.5,5.25,1.4
2021,21/11/2020,Juventus,Cagliari,2.0,0.0,H,2.0,0.0,H,13.0,2.0,8.0,0.0,9.0,1.0,11.0,7.0,3.0,2.0,0.0,0.0,1.28,5.5,10.0
2021,22/11/2020,Fiorentina,Benevento,0.0,1.0,A,0.0,0.0,D,5.0,10.0,3.0,4.0,4.0,4.0,14.0,16.0,2.0,3.0,0.0,0.0,1.5,4.75,5.5
2021,22/11/2020,Inter,Torino,4.0,2.0,H,0.0,1.0,A,9.0,11.0,7.0,6.0,1.0,1.0,20.0,14.0,3.0,2.0,0.0,0.0,1.33,5.75,8.0
2021,22/11/2020,Roma,Parma,3.0,0.0,H,3.0,0.0,H,12.0,1.0,7.0,1.0,4.0,1.0,5.0,4.0,0.0,0.0,0.0,0.0,1.5,4.75,5.75
2021,22/11/2020,Sampdoria,Bologna,1.0,2.0,A,1.0,1.0,D,8.0,7.0,4.0,5.0,9.0,10.0,10.0,9.0,2.0,2.0,0.0,0.0,2.5,3.5,2.7
2021,22/11/2020,Verona,Sassuolo,0.0,2.0,A,0.0,1.0,A,13.0,10.0,7.0,5.0,6.0,1.0,13.0,20.0,1.0,3.0,0.0,0.0,3.2,3.8,2.1
2021,22/11/2020,Udinese,Genoa,1.0,0.0,H,1.0,0.0,H,7.0,5.0,4.0,1.0,4.0,8.0,17.0,15.0,2.0,3.0,0.0,1.0,1.8,3.75,4.33
2021,22/11/2020,Napoli,Milan,1.0,3.0,A,0.0,1.0,A,16.0,11.0,9.0,7.0,8.0,5.0,8.0,16.0,3.0,4.0,1.0,0.0,2.3,3.5,3.0
2021,28/11/2020,Sassuolo,Inter,0.0,3.0,A,0.0,2.0,A,7.0,9.0,3.0,4.0,6.0,2.0,13.0,16.0,3.0,1.0,0.0,0.0,4.33,4.1,1.72
2021,28/11/2020,Benevento,Juventus,1.0,1.0,D,1.0,1.0,D,8.0,11.0,5.0,5.0,5.0,8.0,13.0,13.0,6.0,1.0,0.0,1.0,7.5,4.75,1.4
2021,28/11/2020,Atalanta,Verona,0.0,2.0,A,0.0,0.0,D,15.0,7.0,6.0,3.0,4.0,1.0,12.0,15.0,2.0,3.0,0.0,0.0,1.36,5.25,7.5
2021,29/11/2020,Lazio,Udinese,1.0,3.0,A,0.0,2.0,A,8.0,6.0,6.0,4.0,4.0,4.0,16.0,10.0,3.0,4.0,0.0,0.0,1.66,4.0,4.75
2021,29/11/2020,Bologna,Crotone,1.0,0.0,H,1.0,0.0,H,11.0,5.0,7.0,1.0,10.0,3.0,15.0,18.0,2.0,4.0,0.0,0.0,1.66,4.0,4.75
2021,29/11/2020,Milan,Fiorentina,2.0,0.0,H,2.0,0.0,H,11.0,5.0,5.0,3.0,3.0,6.0,15.0,15.0,2.0,4.0,0.0,0.0,1.7,3.8,5.0
2021,29/11/2020,Cagliari,Spezia,2.0,2.0,D,0.0,1.0,A,9.0,12.0,4.0,5.0,4.0,5.0,16.0,18.0,0.0,4.0,0.0,0.0,2.15,3.4,3.4
2021,29/11/2020,Napoli,Roma,4.0,0.0,H,1.0,0.0,H,13.0,4.0,9.0,1.0,11.0,4.0,3.0,10.0,1.0,2.0,0.0,0.0,2.1,3.8,3.1
2021,30/11/2020,Torino,Sampdoria,2.0,2.0,D,1.0,0.0,H,11.0,7.0,8.0,2.0,6.0,2.0,17.0,17.0,1.0,2.0,0.0,0.0,2.5,3.5,2.75
2021,30/11/2020,Genoa,Parma,1.0,2.0,A,0.0,1.0,A,12.0,7.0,5.0,3.0,2.0,2.0,12.0,16.0,2.0,2.0,0.0,0.0,2.62,3.5,2.62
2021,05/12/2020,Spezia,Lazio,1.0,2.0,A,0.0,2.0,A,11.0,3.0,6.0,2.0,7.0,0.0,15.0,12.0,3.0,1.0,0.0,0.0,5.0,3.9,1.66
2021,05/12/2020,Juventus,Torino,2.0,1.0,H,0.0,1.0,A,9.0,5.0,5.0,2.0,13.0,1.0,17.0,10.0,3.0,3.0,1.0,0.0,1.4,5.0,7.0
2021,05/12/2020,Inter,Bologna,3.0,1.0,H,2.0,0.0,H,11.0,9.0,9.0,7.0,7.0,3.0,12.0,13.0,1.0,2.0,0.0,0.0,1.45,4.75,6.5
2021,06/12/2020,Verona,Cagliari,1.0,1.0,D,1.0,0.0,H,12.0,9.0,6.0,5.0,7.0,5.0,11.0,14.0,2.0,0.0,0.0,0.0,1.95,3.6,3.75
2021,06/12/2020,Parma,Benevento,0.0,0.0,D,0.0,0.0,D,6.0,6.0,0.0,4.0,6.0,3.0,13.0,12.0,4.0,4.0,0.0,0.0,2.1,3.6,3.4
2021,06/12/2020,Roma,Sassuolo,0.0,0.0,D,0.0,0.0,D,14.0,7.0,5.0,2.0,12.0,5.0,10.0,12.0,5.0,3.0,1.0,0.0,1.66,4.33,4.5
2021,06/12/2020,Crotone,Napoli,0.0,4.0,A,0.0,1.0,A,4.0,11.0,1.0,6.0,4.0,1.0,14.0,9.0,3.0,3.0,1.0,0.0,7.5,5.25,1.36
2021,06/12/2020,Sampdoria,Milan,1.0,2.0,A,0.0,1.0,A,6.0,9.0,3.0,6.0,9.0,6.0,11.0,16.0,2.0,1.0,0.0,0.0,4.5,4.0,1.72
2021,07/12/2020,Fiorentina,Genoa,1.0,1.0,D,0.0,0.0,D,16.0,3.0,8.0,3.0,5.0,1.0,7.0,20.0,2.0,2.0,0.0,0.0,1.72,4.0,4.5
2021,11/12/2020,Sassuolo,Benevento,1.0,0.0,H,1.0,0.0,H,4.0,17.0,2.0,7.0,1.0,10.0,12.0,14.0,2.0,4.0,1.0,0.0,1.65,4.2,4.75
2021,12/12/2020,Crotone,Spezia,4.0,1.0,H,1.0,1.0,D,7.0,9.0,7.0,5.0,1.0,4.0,16.0,14.0,3.0,3.0,0.0,0.0,2.5,3.5,2.7
2021,12/12/2020,Torino,Udinese,2.0,3.0,A,0.0,1.0,A,6.0,5.0,5.0,3.0,2.0,2.0,9.0,17.0,3.0,3.0,0.0,0.0,2.9,3.25,2.5
2021,12/12/2020,Lazio,Verona,1.0,2.0,A,0.0,1.0,A,8.0,3.0,5.0,3.0,5.0,3.0,13.0,15.0,5.0,3.0,0.0,0.0,1.65,4.0,5.0
2021,13/12/2020,Cagliari,Inter,1.0,3.0,A,1.0,0.0,H,7.0,20.0,2.0,11.0,3.0,9.0,10.0,17.0,2.0,1.0,0.0,0.0,7.5,5.25,1.36
2021,13/12/2020,Atalanta,Fiorentina,3.0,0.0,H,1.0,0.0,H,14.0,3.0,10.0,2.0,11.0,2.0,17.0,13.0,1.0,2.0,0.0,0.0,1.66,4.33,4.5
2021,13/12/2020,Bologna,Roma,1.0,5.0,A,1.0,5.0,A,4.0,13.0,1.0,8.0,1.0,5.0,16.0,9.0,4.0,2.0,0.0,0.0,3.5,3.8,2.0
2021,13/12/2020,Napoli,Sampdoria,2.0,1.0,H,0.0,1.0,A,13.0,4.0,8.0,3.0,7.0,5.0,7.0,13.0,3.0,4.0,0.0,0.0,1.4,5.0,7.5
2021,13/12/2020,Genoa,Juventus,1.0,3.0,A,0.0,0.0,D,2.0,15.0,2.0,9.0,0.0,10.0,13.0,14.0,3.0,3.0,0.0,0.0,9.0,5.25,1.33
2021,13/12/2020,Milan,Parma,2.0,2.0,D,0.0,1.0,A,16.0,5.0,10.0,3.0,13.0,1.0,12.0,14.0,3.0,3.0,0.0,0.0,1.3,5.75,9.0
2021,15/12/2020,Udinese,Crotone,0.0,0.0,D,0.0,0.0,D,8.0,4.0,6.0,2.0,9.0,1.0,13.0,17.0,1.0,4.0,0.0,0.0,1.6,3.9,5.75
2021,15/12/2020,Benevento,Lazio,1.0,1.0,D,1.0,1.0,D,7.0,8.0,6.0,3.0,4.0,8.0,15.0,15.0,2.0,2.0,1.0,0.0,4.5,3.8,1.75
2021,16/12/2020,Juventus,Atalanta,1.0,1.0,D,1.0,0.0,H,11.0,11.0,7.0,6.0,2.0,6.0,13.0,18.0,3.0,2.0,0.0,0.0,1.85,3.9,3.9
2021,16/12/2020,Fiorentina,Sassuolo,1.0,1.0,D,1.0,1.0,D,12.0,12.0,7.0,7.0,4.0,1.0,19.0,11.0,4.0,4.0,0.0,0.0,2.4,3.5,2.87
2021,16/12/2020,Genoa,Milan,2.0,2.0,D,0.0,0.0,D,6.0,8.0,4.0,4.0,4.0,10.0,17.0,13.0,2.0,3.0,0.0,0.0,7.5,4.75,1.4
2021,16/12/2020,Inter,Napoli,1.0,0.0,H,0.0,0.0,D,3.0,9.0,2.0,5.0,4.0,3.0,16.0,9.0,5.0,3.0,0.0,1.0,2.2,3.5,3.2
2021,16/12/2020,Parma,Cagliari,0.0,0.0,D,0.0,0.0,D,10.0,5.0,3.0,4.0,8.0,5.0,13.0,11.0,1.0,1.0,0.0,0.0,2.3,3.4,3.1
2021,16/12/2020,Spezia,Bologna,2.0,2.0,D,1.0,0.0,H,7.0,9.0,5.0,6.0,3.0,4.0,19.0,11.0,6.0,1.0,0.0,0.0,3.1,3.5,2.2
2021,16/12/2020,Verona,Sampdoria,1.0,2.0,A,0.0,1.0,A,6.0,6.0,6.0,3.0,6.0,3.0,20.0,17.0,2.0,4.0,1.0,0.0,2.15,3.5,3.2
2021,17/12/2020,Roma,Torino,3.0,1.0,H,2.0,0.0,H,10.0,12.0,8.0,8.0,4.0,2.0,21.0,16.0,4.0,3.0,0.0,1.0,1.4,5.0,6.5
2021,19/12/2020,Fiorentina,Verona,1.0,1.0,D,1.0,1.0,D,5.0,5.0,1.0,3.0,4.0,1.0,10.0,16.0,2.0,2.0,0.0,0.0,2.1,3.5,3.4
2021,19/12/2020,Sampdoria,Crotone,3.0,1.0,H,2.0,1.0,H,6.0,5.0,4.0,3.0,3.0,1.0,14.0,15.0,2.0,2.0,0.0,0.0,1.83,3.7,4.33
2021,19/12/2020,Parma,Juventus,0.0,4.0,A,0.0,2.0,A,9.0,12.0,5.0,7.0,4.0,9.0,8.0,10.0,0.0,1.0,0.0,0.0,8.5,5.25,1.33
2021,20/12/2020,Torino,Bologna,1.0,1.0,D,0.0,0.0,D,13.0,14.0,5.0,9.0,4.0,8.0,16.0,17.0,1.0,3.0,0.0,0.0,2.6,3.5,2.6
2021,20/12/2020,Benevento,Genoa,2.0,0.0,H,0.0,0.0,D,10.0,6.0,3.0,2.0,6.0,5.0,9.0,22.0,1.0,3.0,0.0,0.0,2.3,3.4,3.1
2021,20/12/2020,Cagliari,Udinese,1.0,1.0,D,1.0,0.0,H,7.0,11.0,3.0,5.0,5.0,7.0,13.0,13.0,2.0,1.0,0.0,0.0,3.0,3.4,2.37
2021,20/12/2020,Inter,Spezia,2.0,1.0,H,0.0,0.0,D,10.0,7.0,4.0,1.0,3.0,2.0,10.0,9.0,1.0,2.0,0.0,0.0,1.22,6.5,12.0
2021,20/12/2020,Sassuolo,Milan,1.0,2.0,A,0.0,2.0,A,16.0,11.0,5.0,5.0,6.0,4.0,11.0,12.0,1.0,3.0,0.0,0.0,3.6,4.0,1.9
2021,20/12/2020,Atalanta,Roma,4.0,1.0,H,0.0,1.0,A,9.0,5.0,8.0,4.0,2.0,2.0,15.0,14.0,2.0,3.0,0.0,0.0,2.25,3.75,2.9
2021,20/12/2020,Lazio,Napoli,2.0,0.0,H,1.0,0.0,H,9.0,7.0,2.0,6.0,4.0,9.0,12.0,8.0,4.0,3.0,0.0,0.0,2.87,3.4,2.45
2021,22/12/2020,Crotone,Parma,2.0,1.0,H,2.0,0.0,H,10.0,14.0,6.0,7.0,3.0,6.0,16.0,22.0,4.0,6.0,0.0,0.0,2.62,3.4,2.62
2021,22/12/2020,Juventus,Fiorentina,0.0,3.0,A,0.0,1.0,A,10.0,9.0,3.0,6.0,5.0,5.0,9.0,18.0,1.0,4.0,1.0,0.0,1.3,5.5,9.0
2021,23/12/2020,Verona,Inter,1.0,2.0,A,0.0,0.0,D,5.0,9.0,2.0,5.0,2.0,8.0,15.0,19.0,4.0,2.0,0.0,0.0,6.0,4.0,1.57
2021,23/12/2020,Bologna,Atalanta,2.0,2.0,D,0.0,2.0,A,8.0,9.0,5.0,6.0,1.0,5.0,11.0,14.0,2.0,2.0,0.0,0.0,5.0,4.2,1.61
2021,23/12/2020,Milan,Lazio,3.0,2.0,H,2.0,1.0,H,9.0,13.0,5.0,9.0,4.0,6.0,9.0,14.0,2.0,4.0,0.0,0.0,2.2,3.75,3.0
2021,23/12/2020,Napoli,Torino,1.0,1.0,D,0.0,0.0,D,12.0,4.0,6.0,3.0,4.0,3.0,19.0,16.0,3.0,3.0,0.0,0.0,1.36,5.25,8.0
2021,23/12/2020,Roma,Cagliari,3.0,2.0,H,1.0,0.0,H,13.0,6.0,9.0,3.0,6.0,0.0,18.0,17.0,3.0,2.0,0.0,0.0,1.28,5.75,10.0
2021,23/12/2020,Sampdoria,Sassuolo,2.0,3.0,A,0.0,1.0,A,14.0,10.0,6.0,8.0,14.0,6.0,10.0,12.0,2.0,4.0,1.0,0.0,2.6,3.6,2.6
2021,23/12/2020,Spezia,Genoa,1.0,2.0,A,1.0,1.0,D,7.0,7.0,5.0,6.0,4.0,2.0,18.0,19.0,3.0,4.0,0.0,0.0,2.15,3.5,3.3
2021,23/12/2020,Udinese,Benevento,0.0,2.0,A,0.0,1.0,A,7.0,3.0,2.0,2.0,7.0,1.0,17.0,9.0,1.0,2.0,0.0,0.0,1.85,3.4,4.5
2021,03/01/2021,Inter,Crotone,6.0,2.0,H,2.0,2.0,D,13.0,7.0,8.0,4.0,3.0,3.0,9.0,7.0,0.0,3.0,0.0,0.0,1.2,7.0,12.0
2021,03/01/2021,Atalanta,Sassuolo,5.0,1.0,H,2.0,0.0,H,20.0,7.0,8.0,4.0,8.0,3.0,13.0,9.0,3.0,1.0,0.0,0.0,1.5,4.5,5.5
2021,03/01/2021,Cagliari,Napoli,1.0,4.0,A,0.0,1.0,A,6.0,22.0,1.0,12.0,3.0,8.0,11.0,6.0,4.0,1.0,1.0,0.0,7.0,4.33,1.45
2021,03/01/2021,Fiorentina,Bologna,0.0,0.0,D,0.0,0.0,D,10.0,5.0,1.0,4.0,8.0,5.0,8.0,11.0,4.0,3.0,0.0,0.0,2.1,3.4,3.4
2021,03/01/2021,Genoa,Lazio,1.0,1.0,D,0.0,1.0,A,5.0,10.0,3.0,4.0,4.0,9.0,10.0,19.0,2.0,4.0,0.0,0.0,5.25,4.0,1.61
2021,03/01/2021,Parma,Torino,0.0,3.0,A,0.0,1.0,A,15.0,14.0,6.0,8.0,9.0,3.0,20.0,16.0,2.0,2.0,0.0,0.0,2.75,3.2,2.6
2021,03/01/2021,Roma,Sampdoria,1.0,0.0,H,0.0,0.0,D,12.0,2.0,8.0,2.0,8.0,2.0,17.0,14.0,3.0,5.0,0.0,0.0,1.45,4.75,6.0
2021,03/01/2021,Spezia,Verona,0.0,1.0,A,0.0,0.0,D,6.0,9.0,1.0,4.0,3.0,5.0,22.0,10.0,6.0,0.0,1.0,0.0,2.9,3.4,2.37
2021,03/01/2021,Benevento,Milan,0.0,2.0,A,0.0,1.0,A,14.0,8.0,7.0,5.0,12.0,4.0,9.0,14.0,1.0,3.0,0.0,1.0,5.25,4.2,1.57
2021,03/01/2021,Juventus,Udinese,4.0,1.0,H,1.0,0.0,H,13.0,8.0,10.0,7.0,7.0,1.0,14.0,8.0,3.0,0.0,0.0,0.0,1.4,4.5,7.5
2021,06/01/2021,Cagliari,Benevento,1.0,2.0,A,1.0,2.0,A,10.0,9.0,5.0,3.0,7.0,6.0,18.0,12.0,4.0,3.0,1.0,0.0,2.4,3.4,2.87
2021,06/01/2021,Atalanta,Parma,3.0,0.0,H,1.0,0.0,H,17.0,3.0,6.0,1.0,12.0,3.0,10.0,6.0,1.0,1.0,0.0,0.0,1.25,6.5,10.0
2021,06/01/2021,Bologna,Udinese,2.0,2.0,D,2.0,1.0,H,10.0,12.0,7.0,9.0,4.0,6.0,16.0,13.0,4.0,3.0,1.0,0.0,2.6,3.3,2.62
2021,06/01/2021,Crotone,Roma,1.0,3.0,A,0.0,3.0,A,12.0,10.0,5.0,5.0,3.0,4.0,15.0,16.0,2.0,3.0,0.0,0.0,7.0,5.0,1.4
2021,06/01/2021,Lazio,Fiorentina,2.0,1.0,H,1.0,0.0,H,11.0,9.0,6.0,8.0,2.0,9.0,11.0,11.0,3.0,1.0,0.0,0.0,1.72,3.8,4.2
2021,06/01/2021,Sampdoria,Inter,2.0,1.0,H,2.0,0.0,H,8.0,23.0,6.0,11.0,4.0,10.0,13.0,18.0,3.0,4.0,0.0,0.0,6.0,4.2,1.5
2021,06/01/2021,Sassuolo,Genoa,2.0,1.0,H,0.0,0.0,D,13.0,7.0,6.0,3.0,8.0,2.0,14.0,10.0,3.0,3.0,0.0,0.0,1.75,3.6,4.75
2021,06/01/2021,Torino,Verona,1.0,1.0,D,0.0,0.0,D,15.0,8.0,5.0,2.0,9.0,3.0,12.0,18.0,1.0,3.0,0.0,0.0,2.5,3.3,2.75
2021,06/01/2021,Napoli,Spezia,1.0,2.0,A,0.0,0.0,D,27.0,8.0,11.0,4.0,10.0,2.0,9.0,16.0,2.0,5.0,0.0,1.0,1.2,7.0,15.0
2021,06/01/2021,Milan,Juventus,1.0,3.0,A,1.0,1.0,D,18.0,13.0,7.0,10.0,7.0,4.0,17.0,12.0,1.0,2.0,0.0,0.0,3.1,3.4,2.25
2021,09/01/2021,Benevento,Atalanta,1.0,4.0,A,0.0,1.0,A,4.0,26.0,2.0,15.0,1.0,11.0,13.0,21.0,3.0,2.0,0.0,0.0,7.0,4.75,1.4
2021,09/01/2021,Genoa,Bologna,2.0,0.0,H,1.0,0.0,H,9.0,12.0,7.0,4.0,1.0,4.0,11.0,9.0,2.0,0.0,0.0,0.0,3.0,3.4,2.35
2021,09/01/2021,Milan,Torino,2.0,0.0,H,2.0,0.0,H,8.0,8.0,4.0,4.0,7.0,5.0,22.0,15.0,6.0,2.0,0.0,0.0,1.61,3.9,5.5
2021,10/01/2021,Roma,Inter,2.0,2.0,D,1.0,0.0,H,14.0,16.0,8.0,6.0,3.0,7.0,18.0,11.0,3.0,3.0,0.0,0.0,2.87,3.6,2.37
2021,10/01/2021,Parma,Lazio,0.0,2.0,A,0.0,0.0,D,9.0,21.0,3.0,5.0,5.0,6.0,11.0,6.0,4.0,1.0,0.0,0.0,5.5,4.2,1.57
2021,10/01/2021,Udinese,Napoli,1.0,2.0,A,1.0,1.0,D,17.0,15.0,8.0,6.0,2.0,7.0,19.0,6.0,3.0,1.0,0.0,0.0,4.0,3.8,1.85
2021,10/01/2021,Verona,Crotone,2.0,1.0,H,2.0,0.0,H,11.0,7.0,7.0,3.0,6.0,4.0,16.0,16.0,3.0,3.0,0.0,0.0,1.75,3.75,4.6
2021,10/01/2021,Fiorentina,Cagliari,1.0,0.0,H,0.0,0.0,D,12.0,9.0,5.0,3.0,9.0,5.0,15.0,14.0,1.0,3.0,0.0,0.0,1.75,3.9,4.33
2021,10/01/2021,Juventus,Sassuolo,3.0,1.0,H,0.0,0.0,D,20.0,10.0,10.0,2.0,6.0,3.0,11.0,4.0,4.0,1.0,0.0,1.0,1.3,5.5,9.5
2021,11/01/2021,Spezia,Sampdoria,2.0,1.0,H,1.0,1.0,D,8.0,6.0,4.0,4.0,4.0,2.0,17.0,15.0,4.0,3.0,0.0,0.0,3.1,3.4,2.3
2021,15/01/2021,Lazio,Roma,3.0,0.0,H,2.0,0.0,H,9.0,5.0,9.0,2.0,1.0,7.0,12.0,19.0,5.0,4.0,0.0,0.0,2.8,3.6,2.37
2021,16/01/2021,Bologna,Verona,1.0,0.0,H,1.0,0.0,H,18.0,8.0,6.0,1.0,7.0,3.0,15.0,10.0,2.0,1.0,0.0,0.0,2.3,3.3,3.1
2021,16/01/2021,Torino,Spezia,0.0,0.0,D,0.0,0.0,D,8.0,6.0,2.0,3.0,6.0,2.0,12.0,14.0,3.0,3.0,0.0,1.0,2.0,3.5,3.75
2021,16/01/2021,Sampdoria,Udinese,2.0,1.0,H,0.0,0.0,D,15.0,14.0,8.0,7.0,11.0,5.0,8.0,11.0,1.0,1.0,0.0,0.0,2.9,3.3,2.5
2021,17/01/2021,Napoli,Fiorentina,6.0,0.0,H,4.0,0.0,H,10.0,10.0,7.0,3.0,1.0,4.0,11.0,15.0,1.0,0.0,0.0,0.0,1.53,4.33,5.75
2021,17/01/2021,Crotone,Benevento,4.0,1.0,H,2.0,0.0,H,6.0,14.0,3.0,6.0,4.0,13.0,14.0,14.0,1.0,3.0,0.0,1.0,2.75,3.5,2.4
2021,17/01/2021,Sassuolo,Parma,1.0,1.0,D,0.0,1.0,A,15.0,11.0,6.0,2.0,5.0,2.0,18.0,11.0,3.0,2.0,0.0,0.0,1.66,4.3,4.5
2021,17/01/2021,Atalanta,Genoa,0.0,0.0,D,0.0,0.0,D,15.0,6.0,4.0,3.0,9.0,1.0,15.0,13.0,1.0,2.0,0.0,0.0,1.2,7.0,13.0
2021,17/01/2021,Inter,Juventus,2.0,0.0,H,1.0,0.0,H,16.0,8.0,6.0,4.0,3.0,4.0,8.0,14.0,2.0,2.0,0.0,0.0,2.4,3.5,2.8
2021,18/01/2021,Cagliari,Milan,0.0,2.0,A,0.0,1.0,A,17.0,9.0,2.0,8.0,7.0,4.0,9.0,13.0,2.0,3.0,0.0,1.0,5.75,4.75,1.5
2021,20/01/2021,Udinese,Atalanta,1.0,1.0,D,1.0,1.0,D,6.0,18.0,1.0,8.0,2.0,7.0,20.0,26.0,3.0,2.0,0.0,0.0,4.33,3.9,1.75
2021,22/01/2021,Benevento,Torino,2.0,2.0,D,1.0,0.0,H,10.0,14.0,3.0,6.0,6.0,4.0,18.0,22.0,1.0,3.0,0.0,0.0,2.8,3.2,2.6
2021,23/01/2021,Roma,Spezia,4.0,3.0,H,1.0,1.0,D,13.0,5.0,8.0,3.0,3.0,1.0,12.0,13.0,3.0,1.0,0.0,0.0,1.44,5.0,6.2
2021,23/01/2021,Milan,Atalanta,0.0,3.0,A,0.0,1.0,A,10.0,19.0,3.0,10.0,5.0,7.0,11.0,14.0,2.0,1.0,0.0,0.0,2.62,3.8,2.45
2021,23/01/2021,Udinese,Inter,0.0,0.0,D,0.0,0.0,D,6.0,10.0,1.0,4.0,3.0,4.0,11.0,16.0,3.0,2.0,0.0,0.0,6.0,4.0,1.57
2021,23/01/2021,Fiorentina,Crotone,2.0,1.0,H,2.0,0.0,H,12.0,7.0,6.0,3.0,5.0,3.0,11.0,17.0,2.0,2.0,0.0,0.0,1.61,4.0,5.25
2021,24/01/2021,Juventus,Bologna,2.0,0.0,H,1.0,0.0,H,22.0,12.0,12.0,3.0,7.0,6.0,11.0,17.0,3.0,2.0,0.0,0.0,1.4,5.0,7.0
2021,24/01/2021,Genoa,Cagliari,1.0,0.0,H,1.0,0.0,H,8.0,13.0,6.0,7.0,4.0,7.0,11.0,6.0,1.0,2.0,0.0,0.0,2.25,3.5,3.1
2021,24/01/2021,Verona,Napoli,3.0,1.0,H,1.0,1.0,D,15.0,12.0,7.0,4.0,3.0,3.0,13.0,8.0,2.0,3.0,0.0,0.0,5.0,3.9,1.66
2021,24/01/2021,Lazio,Sassuolo,2.0,1.0,H,1.0,1.0,D,18.0,5.0,8.0,1.0,9.0,6.0,16.0,15.0,2.0,3.0,0.0,0.0,1.7,4.0,4.75
2021,24/01/2021,Parma,Sampdoria,0.0,2.0,A,0.0,2.0,A,11.0,11.0,7.0,4.0,5.0,5.0,14.0,14.0,1.0,1.0,0.0,0.0,3.0,3.4,2.4
2021,29/01/2021,Torino,Fiorentina,1.0,1.0,D,0.0,0.0,D,15.0,9.0,6.0,3.0,7.0,2.0,20.0,15.0,2.0,2.0,0.0,2.0,2.7,3.25,2.62
2021,30/01/2021,Bologna,Milan,1.0,2.0,A,0.0,1.0,A,10.0,17.0,5.0,13.0,6.0,4.0,13.0,12.0,2.0,1.0,0.0,0.0,4.0,3.8,1.85
2021,30/01/2021,Sampdoria,Juventus,0.0,2.0,A,0.0,1.0,A,6.0,10.0,2.0,4.0,5.0,7.0,11.0,10.0,4.0,2.0,0.0,0.0,7.0,4.5,1.45
2021,30/01/2021,Inter,Benevento,4.0,0.0,H,1.0,0.0,H,13.0,0.0,8.0,0.0,7.0,3.0,9.0,14.0,0.0,2.0,0.0,0.0,1.22,6.5,12.0
2021,31/01/2021,Spezia,Udinese,0.0,1.0,A,0.0,0.0,D,9.0,6.0,5.0,4.0,2.0,2.0,18.0,19.0,6.0,4.0,1.0,1.0,3.75,3.2,2.1
2021,31/01/2021,Atalanta,Lazio,1.0,3.0,A,0.0,1.0,A,8.0,15.0,4.0,7.0,2.0,2.0,12.0,20.0,0.0,2.0,0.0,0.0,1.7,4.2,4.33
2021,31/01/2021,Cagliari,Sassuolo,1.0,1.0,D,0.0,0.0,D,9.0,14.0,6.0,5.0,3.0,14.0,10.0,11.0,2.0,3.0,0.0,0.0,3.0,3.5,2.3
2021,31/01/2021,Crotone,Genoa,0.0,3.0,A,0.0,2.0,A,9.0,10.0,4.0,6.0,3.0,11.0,15.0,22.0,3.0,1.0,0.0,0.0,2.9,3.3,2.45
2021,31/01/2021,Napoli,Parma,2.0,0.0,H,1.0,0.0,H,10.0,4.0,6.0,1.0,7.0,6.0,15.0,16.0,2.0,4.0,0.0,0.0,1.3,5.5,10.0
2021,31/01/2021,Roma,Verona,3.0,1.0,H,3.0,0.0,H,15.0,6.0,6.0,2.0,4.0,5.0,15.0,11.0,2.0,1.0,0.0,0.0,1.65,3.9,5.25
2021,05/02/2021,Fiorentina,Inter,0.0,2.0,A,0.0,1.0,A,15.0,14.0,3.0,7.0,7.0,7.0,9.0,10.0,3.0,1.0,0.0,0.0,6.5,4.2,1.5
2021,06/02/2021,Atalanta,Torino,3.0,3.0,D,3.0,2.0,H,9.0,19.0,4.0,11.0,4.0,3.0,24.0,17.0,3.0,2.0,0.0,0.0,1.4,5.0,7.0
2021,06/02/2021,Sassuolo,Spezia,1.0,2.0,A,1.0,1.0,D,8.0,13.0,4.0,7.0,5.0,5.0,20.0,15.0,2.0,3.0,0.0,0.0,1.8,3.8,4.33
2021,06/02/2021,Juventus,Roma,2.0,0.0,H,1.0,0.0,H,3.0,14.0,3.0,3.0,2.0,9.0,9.0,13.0,2.0,2.0,0.0,0.0,1.72,4.0,4.33
2021,06/02/2021,Genoa,Napoli,2.0,1.0,H,2.0,0.0,H,4.0,24.0,2.0,11.0,1.0,6.0,13.0,11.0,2.0,3.0,0.0,0.0,5.0,3.9,1.66
2021,07/02/2021,Benevento,Sampdoria,1.0,1.0,D,0.0,0.0,D,9.0,10.0,3.0,5.0,2.0,10.0,17.0,14.0,4.0,2.0,0.0,0.0,3.0,3.25,2.4
2021,07/02/2021,Milan,Crotone,4.0,0.0,H,1.0,0.0,H,21.0,9.0,12.0,2.0,8.0,6.0,17.0,9.0,3.0,1.0,0.0,0.0,1.22,6.5,13.0
2021,07/02/2021,Udinese,Verona,2.0,0.0,H,0.0,0.0,D,14.0,5.0,8.0,1.0,10.0,8.0,9.0,15.0,2.0,4.0,0.0,0.0,2.3,3.1,3.3
2021,07/02/2021,Parma,Bologna,0.0,3.0,A,0.0,2.0,A,16.0,15.0,8.0,7.0,5.0,1.0,13.0,13.0,2.0,1.0,0.0,0.0,3.2,3.3,2.3
2021,07/02/2021,Lazio,Cagliari,1.0,0.0,H,0.0,0.0,D,14.0,7.0,6.0,3.0,12.0,2.0,16.0,14.0,2.0,2.0,0.0,0.0,1.36,5.0,8.0
2021,12/02/2021,Bologna,Benevento,1.0,1.0,D,1.0,0.0,H,11.0,13.0,3.0,8.0,8.0,3.0,17.0,10.0,3.0,2.0,0.0,0.0,1.8,3.6,4.33
2021,13/02/2021,Torino,Genoa,0.0,0.0,D,0.0,0.0,D,10.0,6.0,2.0,3.0,3.0,5.0,13.0,15.0,2.0,4.0,0.0,0.0,1.9,3.4,4.2
2021,13/02/2021,Napoli,Juventus,1.0,0.0,H,1.0,0.0,H,10.0,22.0,3.0,6.0,3.0,9.0,9.0,18.0,2.0,3.0,0.0,0.0,3.8,3.6,1.95
2021,13/02/2021,Spezia,Milan,2.0,0.0,H,0.0,0.0,D,15.0,7.0,5.0,0.0,5.0,2.0,18.0,14.0,3.0,1.0,0.0,0.0,6.75,4.6,1.45
2021,14/02/2021,Roma,Udinese,3.0,0.0,H,2.0,0.0,H,12.0,6.0,8.0,1.0,7.0,2.0,17.0,7.0,2.0,0.0,0.0,0.0,1.72,3.8,4.75
2021,14/02/2021,Cagliari,Atalanta,0.0,1.0,A,0.0,0.0,D,4.0,10.0,1.0,5.0,6.0,6.0,17.0,14.0,3.0,3.0,0.0,0.0,6.5,4.75,1.44
2021,14/02/2021,Sampdoria,Fiorentina,2.0,1.0,H,1.0,1.0,D,7.0,15.0,3.0,7.0,6.0,7.0,14.0,11.0,1.0,3.0,0.0,0.0,2.87,3.4,2.45
2021,14/02/2021,Crotone,Sassuolo,1.0,2.0,A,1.0,1.0,D,9.0,21.0,6.0,4.0,7.0,8.0,15.0,17.0,1.0,1.0,0.0,0.0,3.7,3.8,1.9
2021,14/02/2021,Inter,Lazio,3.0,1.0,H,2.0,0.0,H,11.0,12.0,7.0,7.0,4.0,0.0,7.0,4.0,2.0,1.0,0.0,0.0,1.75,3.9,4.5
2021,15/02/2021,Verona,Parma,2.0,1.0,H,1.0,1.0,D,11.0,13.0,5.0,4.0,4.0,4.0,16.0,15.0,4.0,2.0,0.0,0.0,2.0,3.3,4.0
2021,19/02/2021,Fiorentina,Spezia,3.0,0.0,H,0.0,0.0,D,10.0,11.0,5.0,3.0,0.0,6.0,20.0,11.0,4.0,0.0,0.0,0.0,2.0,3.4,3.8
2021,19/02/2021,Cagliari,Torino,0.0,1.0,A,0.0,0.0,D,18.0,10.0,3.0,6.0,8.0,3.0,20.0,19.0,3.0,2.0,0.0,0.0,2.87,3.3,2.45
2021,20/02/2021,Lazio,Sampdoria,1.0,0.0,H,1.0,0.0,H,11.0,11.0,8.0,2.0,4.0,5.0,14.0,17.0,4.0,3.0,0.0,0.0,1.61,4.2,5.0
2021,20/02/2021,Genoa,Verona,2.0,2.0,D,0.0,1.0,A,12.0,9.0,4.0,4.0,5.0,1.0,11.0,17.0,1.0,1.0,0.0,0.0,2.7,3.1,2.8
2021,20/02/2021,Sassuolo,Bologna,1.0,1.0,D,0.0,1.0,A,32.0,4.0,11.0,2.0,10.0,6.0,14.0,8.0,1.0,0.0,0.0,1.0,2.3,3.4,3.1
2021,21/02/2021,Parma,Udinese,2.0,2.0,D,2.0,0.0,H,15.0,12.0,6.0,3.0,3.0,2.0,18.0,15.0,7.0,4.0,0.0,0.0,3.6,3.3,2.1
2021,21/02/2021,Milan,Inter,0.0,3.0,A,0.0,1.0,A,16.0,16.0,10.0,8.0,7.0,7.0,9.0,10.0,2.0,1.0,0.0,0.0,3.6,3.6,2.0
2021,21/02/2021,Atalanta,Napoli,4.0,2.0,H,0.0,0.0,D,15.0,5.0,7.0,4.0,6.0,2.0,20.0,11.0,2.0,1.0,0.0,0.0,1.83,3.8,4.0
2021,21/02/2021,Benevento,Roma,0.0,0.0,D,0.0,0.0,D,6.0,14.0,3.0,8.0,1.0,9.0,11.0,18.0,4.0,1.0,1.0,0.0,5.5,4.5,1.53
2021,22/02/2021,Juventus,Crotone,3.0,0.0,H,2.0,0.0,H,26.0,16.0,9.0,3.0,7.0,3.0,18.0,9.0,3.0,1.0,0.0,0.0,1.16,8.0,15.0
2021,27/02/2021,Spezia,Parma,2.0,2.0,D,0.0,2.0,A,13.0,10.0,7.0,5.0,8.0,2.0,18.0,19.0,3.0,4.0,0.0,0.0,2.37,3.2,3.2
2021,27/02/2021,Bologna,Lazio,2.0,0.0,H,1.0,0.0,H,14.0,19.0,8.0,7.0,4.0,7.0,9.0,18.0,1.0,2.0,0.0,0.0,3.5,3.6,2.05
2021,27/02/2021,Verona,Juventus,1.0,1.0,D,0.0,0.0,D,13.0,15.0,6.0,6.0,8.0,5.0,18.0,14.0,2.0,2.0,0.0,0.0,6.0,4.2,1.53
2021,28/02/2021,Sampdoria,Atalanta,0.0,2.0,A,0.0,1.0,A,7.0,20.0,3.0,11.0,5.0,6.0,7.0,17.0,1.0,3.0,0.0,0.0,5.0,4.0,1.61
2021,28/02/2021,Crotone,Cagliari,0.0,2.0,A,0.0,0.0,D,11.0,9.0,4.0,4.0,7.0,4.0,17.0,14.0,2.0,4.0,0.0,1.0,3.3,3.6,2.1
2021,28/02/2021,Inter,Genoa,3.0,0.0,H,1.0,0.0,H,23.0,3.0,14.0,2.0,9.0,1.0,12.0,8.0,0.0,2.0,0.0,0.0,1.18,7.0,15.0
2021,28/02/2021,Udinese,Fiorentina,1.0,0.0,H,0.0,0.0,D,9.0,8.0,3.0,2.0,3.0,9.0,12.0,20.0,1.0,2.0,0.0,0.0,2.37,3.25,3.1
2021,28/02/2021,Napoli,Benevento,2.0,0.0,H,1.0,0.0,H,20.0,4.0,8.0,4.0,8.0,2.0,13.0,15.0,3.0,2.0,1.0,0.0,1.4,4.75,7.5
2021,28/02/2021,Roma,Milan,1.0,2.0,A,0.0,1.0,A,17.0,20.0,10.0,14.0,5.0,8.0,14.0,9.0,3.0,3.0,0.0,0.0,2.25,3.5,3.1
2021,02/03/2021,Juventus,Spezia,3.0,0.0,H,0.0,0.0,D,20.0,10.0,9.0,2.0,5.0,10.0,14.0,13.0,2.0,0.0,0.0,0.0,1.25,6.0,12.0
2021,03/03/2021,Sassuolo,Napoli,3.0,3.0,D,2.0,1.0,H,15.0,15.0,8.0,8.0,6.0,4.0,16.0,13.0,2.0,2.0,0.0,0.0,3.6,3.5,2.05
2021,03/03/2021,Atalanta,Crotone,5.0,1.0,H,1.0,1.0,D,21.0,4.0,11.0,2.0,4.0,3.0,7.0,13.0,0.0,2.0,0.0,0.0,1.16,7.5,15.0
2021,03/03/2021,Benevento,Verona,0.0,3.0,A,0.0,2.0,A,7.0,11.0,2.0,6.0,2.0,7.0,8.0,20.0,0.0,1.0,0.0,0.0,3.25,3.3,2.3
2021,03/03/2021,Cagliari,Bologna,1.0,0.0,H,1.0,0.0,H,8.0,11.0,5.0,6.0,10.0,4.0,15.0,18.0,2.0,2.0,0.0,0.0,2.5,3.25,2.87
2021,03/03/2021,Fiorentina,Roma,1.0,2.0,A,0.0,0.0,D,6.0,12.0,2.0,6.0,2.0,3.0,10.0,15.0,1.0,2.0,0.0,0.0,3.6,3.5,2.0
2021,03/03/2021,Genoa,Sampdoria,1.0,1.0,D,0.0,0.0,D,8.0,10.0,2.0,6.0,2.0,4.0,16.0,16.0,1.0,0.0,0.0,0.0,3.0,3.2,2.45
2021,03/03/2021,Milan,Udinese,1.0,1.0,D,0.0,0.0,D,11.0,6.0,7.0,2.0,7.0,2.0,21.0,11.0,4.0,1.0,0.0,0.0,1.8,3.6,4.5
2021,04/03/2021,Parma,Inter,1.0,2.0,A,0.0,0.0,D,11.0,12.0,3.0,8.0,2.0,2.0,8.0,12.0,0.0,1.0,0.0,0.0,11.0,6.0,1.25
2021,06/03/2021,Spezia,Benevento,1.0,1.0,D,0.0,1.0,A,14.0,5.0,7.0,2.0,3.0,1.0,13.0,17.0,2.0,4.0,0.0,0.0,2.1,3.5,3.4
2021,06/03/2021,Udinese,Sassuolo,2.0,0.0,H,1.0,0.0,H,12.0,8.0,8.0,2.0,5.0,6.0,10.0,11.0,1.0,0.0,0.0,0.0,2.4,3.3,2.9
2021,06/03/2021,Juventus,Lazio,3.0,1.0,H,1.0,1.0,D,8.0,13.0,5.0,5.0,4.0,4.0,10.0,13.0,0.0,1.0,0.0,0.0,1.85,3.75,4.0
2021,07/03/2021,Roma,Genoa,1.0,0.0,H,1.0,0.0,H,18.0,7.0,4.0,2.0,7.0,1.0,15.0,15.0,1.0,4.0,0.0,0.0,1.5,4.2,6.5
2021,07/03/2021,Crotone,Torino,4.0,2.0,H,1.0,1.0,D,19.0,17.0,10.0,6.0,8.0,8.0,19.0,22.0,4.0,2.0,0.0,1.0,3.6,3.4,2.05
2021,07/03/2021,Fiorentina,Parma,3.0,3.0,D,2.0,1.0,H,6.0,11.0,5.0,6.0,3.0,3.0,19.0,16.0,0.0,3.0,0.0,0.0,1.9,3.5,4.1
2021,07/03/2021,Verona,Milan,0.0,2.0,A,0.0,1.0,A,8.0,12.0,1.0,4.0,8.0,1.0,14.0,12.0,2.0,0.0,0.0,0.0,3.6,3.3,2.1
2021,07/03/2021,Sampdoria,Cagliari,2.0,2.0,D,0.0,1.0,A,11.0,10.0,5.0,5.0,3.0,5.0,15.0,13.0,4.0,3.0,0.0,0.0,2.35,3.4,3.0
2021,07/03/2021,Napoli,Bologna,3.0,1.0,H,1.0,0.0,H,15.0,17.0,8.0,7.0,6.0,3.0,12.0,13.0,2.0,0.0,0.0,0.0,1.53,4.2,6.0
2021,08/03/2021,Inter,Atalanta,1.0,0.0,H,0.0,0.0,D,5.0,10.0,1.0,3.0,7.0,7.0,11.0,17.0,0.0,1.0,0.0,0.0,2.05,3.6,3.4
2021,12/03/2021,Lazio,Crotone,3.0,2.0,H,2.0,1.0,H,23.0,6.0,9.0,3.0,5.0,1.0,10.0,11.0,0.0,3.0,0.0,0.0,1.25,6.5,10.0
2021,12/03/2021,Atalanta,Spezia,3.0,1.0,H,0.0,0.0,D,14.0,6.0,9.0,3.0,3.0,5.0,17.0,6.0,2.0,0.0,0.0,0.0,1.28,5.75,9.5
2021,13/03/2021,Sassuolo,Verona,3.0,2.0,H,1.0,1.0,D,14.0,12.0,8.0,7.0,6.0,5.0,15.0,18.0,3.0,2.0,0.0,0.0,2.37,3.25,3.1
2021,13/03/2021,Benevento,Fiorentina,1.0,4.0,A,0.0,3.0,A,16.0,11.0,6.0,7.0,8.0,3.0,15.0,18.0,3.0,1.0,0.0,0.0,3.4,3.25,2.2
2021,13/03/2021,Genoa,Udinese,1.0,1.0,D,1.0,1.0,D,10.0,9.0,3.0,3.0,6.0,3.0,14.0,6.0,3.0,1.0,0.0,0.0,3.2,3.0,2.45
2021,14/03/2021,Bologna,Sampdoria,3.0,1.0,H,2.0,1.0,H,10.0,20.0,7.0,9.0,2.0,6.0,16.0,11.0,2.0,2.0,0.0,0.0,2.25,3.4,3.2
2021,14/03/2021,Parma,Roma,2.0,0.0,H,1.0,0.0,H,5.0,20.0,4.0,6.0,0.0,12.0,18.0,16.0,3.0,3.0,0.0,0.0,5.5,3.75,1.65
2021,14/03/2021,Torino,Inter,1.0,2.0,A,0.0,0.0,D,6.0,13.0,4.0,4.0,1.0,8.0,11.0,12.0,0.0,1.0,0.0,0.0,8.0,5.0,1.36
2021,14/03/2021,Cagliari,Juventus,1.0,3.0,A,0.0,3.0,A,15.0,9.0,7.0,7.0,8.0,5.0,12.0,16.0,0.0,2.0,0.0,0.0,6.0,4.0,1.55
2021,14/03/2021,Milan,Napoli,0.0,1.0,A,0.0,0.0,D,12.0,14.0,4.0,5.0,5.0,4.0,12.0,10.0,1.0,3.0,1.0,0.0,2.55,3.3,2.8
2021,17/03/2021,Torino,Sassuolo,3.0,2.0,H,0.0,2.0,A,23.0,12.0,15.0,5.0,6.0,3.0,10.0,16.0,1.0,2.0,0.0,0.0,2.45,3.4,2.8
2021,19/03/2021,Parma,Genoa,1.0,2.0,A,1.0,0.0,H,12.0,7.0,9.0,3.0,1.0,3.0,22.0,8.0,5.0,2.0,0.0,0.0,2.55,3.1,2.9
2021,20/03/2021,Crotone,Bologna,2.0,3.0,A,2.0,0.0,H,15.0,19.0,7.0,10.0,10.0,3.0,11.0,16.0,4.0,7.0,0.0,0.0,3.5,3.6,2.05
2021,20/03/2021,Spezia,Cagliari,2.0,1.0,H,0.0,0.0,D,12.0,11.0,6.0,7.0,4.0,4.0,13.0,16.0,1.0,2.0,0.0,0.0,2.7,3.1,2.8
2021,21/03/2021,Verona,Atalanta,0.0,2.0,A,0.0,2.0,A,3.0,14.0,1.0,8.0,4.0,7.0,23.0,20.0,3.0,2.0,0.0,0.0,5.0,4.0,1.65
2021,21/03/2021,Juventus,Benevento,0.0,1.0,A,0.0,0.0,D,23.0,7.0,9.0,1.0,9.0,1.0,12.0,13.0,2.0,4.0,0.0,0.0,1.18,7.0,15.0
2021,21/03/2021,Sampdoria,Torino,1.0,0.0,H,1.0,0.0,H,7.0,9.0,5.0,1.0,1.0,7.0,15.0,18.0,0.0,1.0,0.0,0.0,2.37,3.3,3.0
2021,21/03/2021,Udinese,Lazio,0.0,1.0,A,0.0,1.0,A,14.0,16.0,6.0,8.0,6.0,11.0,9.0,13.0,1.0,3.0,0.0,0.0,3.6,3.25,2.15
2021,21/03/2021,Fiorentina,Milan,2.0,3.0,A,1.0,1.0,D,9.0,14.0,4.0,6.0,8.0,8.0,6.0,11.0,1.0,3.0,0.0,0.0,3.6,3.4,2.1
2021,21/03/2021,Roma,Napoli,0.0,2.0,A,0.0,2.0,A,7.0,10.0,5.0,5.0,6.0,4.0,18.0,13.0,5.0,3.0,0.0,0.0,2.6,3.5,2.62
2021,03/04/2021,Milan,Sampdoria,1.0,1.0,D,0.0,0.0,D,14.0,5.0,5.0,4.0,5.0,5.0,15.0,16.0,2.0,5.0,0.0,1.0,1.5,4.33,6.5
2021,03/04/2021,Atalanta,Udinese,3.0,2.0,H,2.0,1.0,H,22.0,8.0,11.0,4.0,4.0,1.0,15.0,9.0,0.0,2.0,0.0,0.0,1.4,4.5,8.0
2021,03/04/2021,Benevento,Parma,2.0,2.0,D,1.0,0.0,H,4.0,15.0,4.0,7.0,3.0,3.0,21.0,18.0,2.0,1.0,0.0,0.0,2.62,3.3,2.7
2021,03/04/2021,Cagliari,Verona,0.0,2.0,A,0.0,0.0,D,15.0,9.0,4.0,5.0,6.0,5.0,17.0,18.0,1.0,3.0,0.0,0.0,2.5,3.3,2.8
2021,03/04/2021,Genoa,Fiorentina,1.0,1.0,D,1.0,1.0,D,8.0,11.0,2.0,3.0,4.0,2.0,17.0,10.0,2.0,1.0,0.0,1.0,3.3,3.0,2.37
2021,03/04/2021,Lazio,Spezia,2.0,1.0,H,0.0,0.0,D,11.0,7.0,5.0,3.0,3.0,4.0,18.0,21.0,3.0,3.0,2.0,0.0,1.4,4.75,7.0
2021,03/04/2021,Napoli,Crotone,4.0,3.0,H,3.0,1.0,H,28.0,8.0,11.0,4.0,4.0,6.0,5.0,17.0,0.0,4.0,0.0,0.0,1.22,6.0,14.0
2021,03/04/2021,Sassuolo,Roma,2.0,2.0,D,0.0,1.0,A,12.0,12.0,6.0,9.0,3.0,4.0,15.0,15.0,4.0,3.0,0.0,0.0,4.5,4.5,1.61
2021,03/04/2021,Torino,Juventus,2.0,2.0,D,1.0,1.0,D,10.0,18.0,7.0,9.0,5.0,6.0,16.0,15.0,3.0,2.0,0.0,0.0,6.0,4.5,1.5
2021,03/04/2021,Bologna,Inter,0.0,1.0,A,0.0,1.0,A,12.0,12.0,3.0,5.0,4.0,4.0,17.0,15.0,4.0,4.0,0.0,0.0,7.5,4.5,1.44
2021,07/04/2021,Inter,Sassuolo,2.0,1.0,H,1.0,0.0,H,8.0,14.0,5.0,5.0,1.0,8.0,8.0,13.0,2.0,3.0,0.0,0.0,1.33,5.25,9.0
2021,07/04/2021,Juventus,Napoli,2.0,1.0,H,1.0,0.0,H,12.0,15.0,3.0,5.0,2.0,6.0,17.0,12.0,1.0,2.0,0.0,0.0,1.95,3.6,3.8
2021,10/04/2021,Spezia,Crotone,3.0,2.0,H,0.0,1.0,A,9.0,9.0,7.0,6.0,3.0,4.0,12.0,15.0,1.0,1.0,0.0,0.0,1.75,4.2,4.0
2021,10/04/2021,Parma,Milan,1.0,3.0,A,0.0,2.0,A,15.0,11.0,5.0,7.0,7.0,3.0,14.0,11.0,4.0,4.0,0.0,1.0,5.25,3.75,1.66
2021,10/04/2021,Udinese,Torino,0.0,1.0,A,0.0,0.0,D,12.0,9.0,5.0,2.0,5.0,4.0,21.0,19.0,0.0,3.0,0.0,0.0,2.4,3.3,3.0
2021,11/04/2021,Inter,Cagliari,1.0,0.0,H,0.0,0.0,D,15.0,8.0,8.0,2.0,5.0,0.0,10.0,12.0,1.0,1.0,0.0,0.0,1.25,6.0,12.0
2021,11/04/2021,Juventus,Genoa,3.0,1.0,H,2.0,0.0,H,23.0,11.0,14.0,3.0,8.0,6.0,15.0,11.0,3.0,3.0,0.0,0.0,1.25,6.0,11.0
2021,11/04/2021,Sampdoria,Napoli,0.0,2.0,A,0.0,1.0,A,11.0,20.0,5.0,9.0,8.0,7.0,14.0,10.0,0.0,3.0,0.0,0.0,4.75,3.75,1.72
2021,11/04/2021,Verona,Lazio,0.0,1.0,A,0.0,0.0,D,4.0,14.0,1.0,5.0,5.0,4.0,15.0,13.0,0.0,2.0,0.0,0.0,3.6,3.5,2.05
2021,11/04/2021,Roma,Bologna,1.0,0.0,H,1.0,0.0,H,14.0,11.0,7.0,5.0,4.0,6.0,14.0,14.0,3.0,2.0,0.0,0.0,1.72,4.0,4.33
2021,11/04/2021,Fiorentina,Atalanta,2.0,3.0,A,0.0,2.0,A,8.0,14.0,2.0,9.0,0.0,6.0,15.0,13.0,3.0,1.0,0.0,0.0,5.0,4.5,1.57
2021,12/04/2021,Benevento,Sassuolo,0.0,1.0,A,0.0,1.0,A,9.0,14.0,5.0,4.0,3.0,8.0,12.0,14.0,3.0,2.0,0.0,0.0,3.5,3.6,2.05
2021,17/04/2021,Crotone,Udinese,1.0,2.0,A,0.0,1.0,A,7.0,14.0,3.0,7.0,5.0,7.0,12.0,19.0,0.0,2.0,0.0,1.0,4.0,3.7,1.85
2021,17/04/2021,Sampdoria,Verona,3.0,1.0,H,0.0,1.0,A,12.0,18.0,5.0,8.0,5.0,7.0,16.0,14.0,3.0,3.0,0.0,0.0,2.6,3.3,2.75
2021,17/04/2021,Sassuolo,Fiorentina,3.0,1.0,H,0.0,1.0,A,11.0,7.0,6.0,6.0,3.0,4.0,8.0,16.0,3.0,5.0,0.0,0.0,2.55,3.2,2.87
2021,17/04/2021,Cagliari,Parma,4.0,3.0,H,1.0,2.0,A,23.0,11.0,9.0,6.0,0.0,4.0,14.0,12.0,4.0,2.0,0.0,0.0,2.2,3.6,3.1
2021,18/04/2021,Milan,Genoa,2.0,1.0,H,1.0,1.0,D,18.0,11.0,5.0,6.0,5.0,4.0,10.0,13.0,0.0,1.0,0.0,0.0,1.45,4.75,6.5
2021,18/04/2021,Atalanta,Juventus,1.0,0.0,H,0.0,0.0,D,12.0,12.0,2.0,3.0,3.0,8.0,18.0,15.0,3.0,2.0,0.0,0.0,2.4,3.6,2.8
2021,18/04/2021,Bologna,Spezia,4.0,1.0,H,2.0,1.0,H,10.0,9.0,7.0,5.0,4.0,8.0,15.0,12.0,1.0,1.0,0.0,0.0,2.0,3.6,3.6
2021,18/04/2021,Lazio,Benevento,5.0,3.0,H,3.0,1.0,H,12.0,16.0,8.0,8.0,5.0,4.0,14.0,11.0,2.0,3.0,0.0,0.0,1.36,5.0,8.0
2021,18/04/2021,Torino,Roma,3.0,1.0,H,0.0,1.0,A,23.0,9.0,11.0,4.0,11.0,3.0,13.0,13.0,2.0,2.0,0.0,1.0,3.3,3.6,2.1
2021,18/04/2021,Napoli,Inter,1.0,1.0,D,1.0,0.0,H,12.0,10.0,3.0,5.0,3.0,3.0,12.0,12.0,5.0,2.0,0.0,0.0,3.0,3.5,2.3
2021,20/04/2021,Verona,Fiorentina,1.0,2.0,A,0.0,1.0,A,11.0,7.0,7.0,5.0,5.0,3.0,16.0,20.0,2.0,3.0,0.0,0.0,2.55,3.25,2.8
2021,21/04/2021,Milan,Sassuolo,1.0,2.0,A,1.0,0.0,H,18.0,15.0,7.0,7.0,3.0,7.0,18.0,13.0,0.0,1.0,0.0,0.0,1.53,4.33,5.75
2021,21/04/2021,Bologna,Torino,1.0,1.0,D,1.0,0.0,H,9.0,18.0,2.0,5.0,3.0,7.0,25.0,15.0,4.0,2.0,0.0,0.0,2.4,3.4,2.87
2021,21/04/2021,Crotone,Sampdoria,0.0,1.0,A,0.0,0.0,D,7.0,11.0,4.0,5.0,2.0,6.0,13.0,7.0,1.0,1.0,0.0,0.0,3.6,3.75,1.95
2021,21/04/2021,Genoa,Benevento,2.0,2.0,D,2.0,2.0,D,10.0,8.0,5.0,2.0,3.0,0.0,14.0,18.0,2.0,0.0,0.0,0.0,2.2,3.1,3.6
2021,21/04/2021,Juventus,Parma,3.0,1.0,H,1.0,1.0,D,14.0,10.0,8.0,4.0,6.0,6.0,12.0,18.0,2.0,2.0,0.0,0.0,1.25,6.0,11.0
2021,21/04/2021,Spezia,Inter,1.0,1.0,D,1.0,1.0,D,1.0,15.0,1.0,6.0,0.0,8.0,9.0,7.0,2.0,0.0,0.0,0.0,8.0,5.0,1.36
2021,21/04/2021,Udinese,Cagliari,0.0,1.0,A,0.0,0.0,D,14.0,13.0,4.0,5.0,2.0,5.0,11.0,14.0,0.0,2.0,0.0,0.0,2.45,3.3,2.9
2021,22/04/2021,Roma,Atalanta,1.0,1.0,D,0.0,1.0,A,14.0,22.0,3.0,9.0,4.0,8.0,16.0,7.0,4.0,2.0,1.0,1.0,3.6,3.8,1.95
2021,22/04/2021,Napoli,Lazio,5.0,2.0,H,2.0,0.0,H,10.0,14.0,8.0,4.0,2.0,3.0,7.0,18.0,4.0,4.0,0.0,0.0,2.0,3.6,3.6
2021,24/04/2021,Genoa,Spezia,2.0,0.0,H,0.0,0.0,D,11.0,7.0,6.0,1.0,0.0,3.0,18.0,14.0,2.0,2.0,0.0,0.0,2.45,2.9,3.25
2021,24/04/2021,Parma,Crotone,3.0,4.0,A,1.0,3.0,A,15.0,13.0,4.0,5.0,7.0,5.0,15.0,11.0,3.0,2.0,0.0,0.0,1.7,4.0,4.6
2021,24/04/2021,Sassuolo,Sampdoria,1.0,0.0,H,0.0,0.0,D,14.0,9.0,8.0,3.0,8.0,3.0,15.0,10.0,0.0,0.0,0.0,0.0,1.95,3.75,3.6
2021,25/04/2021,Benevento,Udinese,2.0,4.0,A,1.0,2.0,A,22.0,10.0,9.0,7.0,11.0,2.0,18.0,20.0,2.0,2.0,0.0,0.0,3.1,3.4,2.3
2021,25/04/2021,Fiorentina,Juventus,1.0,1.0,D,1.0,0.0,H,11.0,7.0,6.0,1.0,7.0,2.0,13.0,16.0,3.0,1.0,0.0,0.0,5.75,4.0,1.55
2021,25/04/2021,Inter,Verona,1.0,0.0,H,0.0,0.0,D,10.0,12.0,4.0,1.0,3.0,8.0,7.0,13.0,0.0,3.0,0.0,0.0,1.28,5.25,11.0
2021,25/04/2021,Cagliari,Roma,3.0,2.0,H,1.0,1.0,D,10.0,12.0,6.0,7.0,4.0,10.0,14.0,17.0,3.0,1.0,0.0,0.0,2.45,3.8,2.55
2021,25/04/2021,Atalanta,Bologna,5.0,0.0,H,2.0,0.0,H,26.0,9.0,12.0,3.0,8.0,3.0,11.0,8.0,0.0,1.0,0.0,1.0,1.3,5.5,8.5
2021,26/04/2021,Torino,Napoli,0.0,2.0,A,0.0,2.0,A,15.0,25.0,6.0,10.0,8.0,11.0,16.0,15.0,3.0,1.0,1.0,0.0,4.75,3.75,1.72
2021,26/04/2021,Lazio,Milan,3.0,0.0,H,1.0,0.0,H,14.0,15.0,6.0,6.0,1.0,9.0,10.0,11.0,2.0,0.0,0.0,0.0,2.15,3.8,3.0
2021,01/05/2021,Verona,Spezia,1.0,1.0,D,0.0,0.0,D,7.0,12.0,6.0,2.0,5.0,5.0,27.0,16.0,6.0,2.0,0.0,0.0,2.05,3.6,3.4
2021,01/05/2021,Crotone,Inter,0.0,2.0,A,0.0,0.0,D,6.0,23.0,1.0,10.0,4.0,11.0,10.0,9.0,1.0,2.0,0.0,0.0,11.0,6.5,1.22
2021,01/05/2021,Milan,Benevento,2.0,0.0,H,1.0,0.0,H,20.0,14.0,11.0,2.0,6.0,7.0,16.0,8.0,2.0,0.0,0.0,0.0,1.33,5.25,9.0
2021,02/05/2021,Lazio,Genoa,4.0,3.0,H,2.0,0.0,H,18.0,10.0,12.0,5.0,7.0,4.0,13.0,12.0,3.0,4.0,0.0,0.0,1.36,5.0,8.5
2021,02/05/2021,Bologna,Fiorentina,3.0,3.0,D,1.0,1.0,D,11.0,9.0,6.0,4.0,3.0,5.0,16.0,12.0,2.0,2.0,0.0,0.0,3.0,3.4,2.3
2021,02/05/2021,Napoli,Cagliari,1.0,1.0,D,1.0,0.0,H,18.0,12.0,6.0,7.0,3.0,1.0,8.0,14.0,1.0,3.0,0.0,0.0,1.36,5.0,8.5
2021,02/05/2021,Sassuolo,Atalanta,1.0,1.0,D,0.0,1.0,A,12.0,10.0,7.0,9.0,4.0,4.0,18.0,12.0,6.0,1.0,1.0,1.0,6.0,5.0,1.45
2021,02/05/2021,Udinese,Juventus,1.0,2.0,A,1.0,0.0,H,7.0,13.0,2.0,4.0,2.0,6.0,14.0,18.0,3.0,0.0,0.0,0.0,6.5,4.75,1.45
2021,02/05/2021,Sampdoria,Roma,2.0,0.0,H,1.0,0.0,H,12.0,10.0,9.0,5.0,8.0,8.0,14.0,13.0,0.0,3.0,0.0,0.0,2.87,3.5,2.37
2021,03/05/2021,Torino,Parma,1.0,0.0,H,0.0,0.0,D,13.0,8.0,5.0,1.0,5.0,2.0,10.0,17.0,0.0,3.0,0.0,0.0,1.57,4.33,5.25
2021,08/05/2021,Spezia,Napoli,1.0,4.0,A,0.0,3.0,A,6.0,13.0,3.0,7.0,1.0,2.0,15.0,18.0,3.0,2.0,0.0,0.0,6.0,4.5,1.5
2021,08/05/2021,Udinese,Bologna,1.0,1.0,D,1.0,0.0,H,9.0,16.0,5.0,4.0,5.0,10.0,12.0,18.0,1.0,1.0,0.0,0.0,2.37,3.2,3.1
2021,08/05/2021,Inter,Sampdoria,5.0,1.0,H,3.0,1.0,H,12.0,13.0,7.0,4.0,2.0,8.0,10.0,14.0,0.0,2.0,0.0,0.0,1.44,4.75,6.5
2021,08/05/2021,Fiorentina,Lazio,2.0,0.0,H,1.0,0.0,H,9.0,8.0,5.0,3.0,5.0,7.0,12.0,14.0,4.0,8.0,0.0,1.0,4.0,3.9,1.83
2021,09/05/2021,Genoa,Sassuolo,1.0,2.0,A,0.0,1.0,A,13.0,13.0,5.0,7.0,8.0,2.0,17.0,15.0,2.0,0.0,0.0,0.0,3.4,3.5,2.1
2021,09/05/2021,Benevento,Cagliari,1.0,3.0,A,1.0,1.0,D,7.0,7.0,7.0,4.0,4.0,5.0,17.0,20.0,2.0,2.0,0.0,0.0,3.2,3.5,2.2
2021,09/05/2021,Parma,Atalanta,2.0,5.0,A,0.0,1.0,A,5.0,18.0,2.0,13.0,1.0,3.0,12.0,15.0,1.0,1.0,0.0,0.0,13.0,7.0,1.2
2021,09/05/2021,Verona,Torino,1.0,1.0,D,0.0,0.0,D,19.0,6.0,7.0,4.0,9.0,3.0,16.0,22.0,3.0,3.0,0.0,0.0,3.0,3.3,2.35
2021,09/05/2021,Roma,Crotone,5.0,0.0,H,0.0,0.0,D,20.0,7.0,13.0,2.0,8.0,4.0,10.0,11.0,2.0,0.0,0.0,0.0,1.36,5.25,7.5
2021,09/05/2021,Juventus,Milan,0.0,3.0,A,0.0,1.0,A,16.0,11.0,4.0,6.0,8.0,2.0,17.0,12.0,2.0,2.0,0.0,0.0,1.72,3.9,4.5
2021,11/05/2021,Napoli,Udinese,5.0,1.0,H,2.0,1.0,H,21.0,5.0,12.0,2.0,8.0,3.0,8.0,14.0,0.0,1.0,0.0,0.0,1.28,5.25,11.0
2021,12/05/2021,Cagliari,Fiorentina,0.0,0.0,D,0.0,0.0,D,7.0,2.0,1.0,0.0,3.0,1.0,18.0,10.0,1.0,2.0,0.0,0.0,2.45,3.1,3.1
2021,12/05/2021,Atalanta,Benevento,2.0,0.0,H,1.0,0.0,H,14.0,3.0,4.0,1.0,7.0,5.0,19.0,11.0,2.0,5.0,0.0,1.0,1.14,8.0,15.0
2021,12/05/2021,Bologna,Genoa,0.0,2.0,A,0.0,1.0,A,17.0,12.0,8.0,9.0,12.0,4.0,9.0,11.0,1.0,3.0,0.0,0.0,2.4,3.25,3.0
2021,12/05/2021,Inter,Roma,3.0,1.0,H,2.0,1.0,H,13.0,17.0,5.0,6.0,5.0,8.0,4.0,12.0,0.0,4.0,0.0,0.0,1.65,4.0,4.75
2021,12/05/2021,Lazio,Parma,1.0,0.0,H,0.0,0.0,D,14.0,11.0,6.0,5.0,7.0,2.0,13.0,14.0,1.0,3.0,0.0,0.0,1.2,6.5,13.0
2021,12/05/2021,Sampdoria,Spezia,2.0,2.0,D,1.0,1.0,D,14.0,12.0,6.0,7.0,5.0,5.0,9.0,17.0,2.0,2.0,0.0,0.0,2.45,3.6,2.62
2021,12/05/2021,Sassuolo,Juventus,1.0,3.0,A,0.0,2.0,A,17.0,14.0,3.0,8.0,3.0,5.0,10.0,12.0,1.0,2.0,0.0,0.0,4.75,4.2,1.65
2021,12/05/2021,Torino,Milan,0.0,7.0,A,0.0,2.0,A,14.0,14.0,1.0,11.0,2.0,3.0,13.0,15.0,2.0,1.0,0.0,0.0,3.8,3.8,1.85
2021,13/05/2021,Crotone,Verona,2.0,1.0,H,1.0,0.0,H,9.0,11.0,4.0,2.0,0.0,9.0,20.0,11.0,3.0,1.0,0.0,0.0,3.6,3.75,1.9
2021,15/05/2021,Genoa,Atalanta,3.0,4.0,A,0.0,3.0,A,10.0,14.0,7.0,7.0,2.0,4.0,13.0,8.0,1.0,2.0,0.0,0.0,13.0,6.75,1.2
2021,15/05/2021,Spezia,Torino,4.0,1.0,H,2.0,0.0,H,14.0,6.0,11.0,3.0,3.0,6.0,25.0,17.0,3.0,5.0,0.0,0.0,3.3,2.9,2.45
2021,15/05/2021,Juventus,Inter,3.0,2.0,H,2.0,1.0,H,13.0,7.0,7.0,3.0,4.0,3.0,10.0,18.0,5.0,5.0,1.0,1.0,2.2,3.6,3.1
2021,15/05/2021,Roma,Lazio,2.0,0.0,H,1.0,0.0,H,13.0,10.0,2.0,5.0,4.0,4.0,8.0,8.0,2.0,2.0,0.0,1.0,3.0,3.6,2.25
2021,16/05/2021,Fiorentina,Napoli,0.0,2.0,A,0.0,0.0,D,7.0,18.0,3.0,8.0,3.0,6.0,15.0,9.0,5.0,1.0,1.0,0.0,5.75,4.5,1.5
2021,16/05/2021,Benevento,Crotone,1.0,1.0,D,1.0,0.0,H,19.0,6.0,11.0,2.0,8.0,4.0,12.0,19.0,2.0,2.0,0.0,1.0,1.45,4.75,6.0
2021,16/05/2021,Udinese,Sampdoria,0.0,1.0,A,0.0,0.0,D,9.0,15.0,2.0,6.0,6.0,3.0,12.0,13.0,3.0,1.0,0.0,0.0,2.4,3.4,2.9
2021,16/05/2021,Parma,Sassuolo,1.0,3.0,A,1.0,1.0,D,16.0,15.0,8.0,12.0,2.0,12.0,13.0,13.0,1.0,0.0,0.0,0.0,5.25,4.75,1.53
2021,16/05/2021,Milan,Cagliari,0.0,0.0,D,0.0,0.0,D,20.0,6.0,4.0,2.0,9.0,7.0,8.0,8.0,2.0,2.0,0.0,0.0,1.4,4.75,7.5
2021,17/05/2021,Verona,Bologna,2.0,2.0,D,1.0,1.0,D,11.0,13.0,5.0,5.0,4.0,4.0,19.0,17.0,3.0,3.0,0.0,0.0,2.45,3.3,2.9
2021,18/05/2021,Lazio,Torino,0.0,0.0,D,0.0,0.0,D,21.0,6.0,11.0,4.0,4.0,0.0,11.0,13.0,4.0,0.0,0.0,0.0,2.05,3.25,3.8
2021,22/05/2021,Cagliari,Genoa,0.0,1.0,A,0.0,1.0,A,16.0,11.0,7.0,5.0,8.0,4.0,9.0,13.0,1.0,4.0,0.0,1.0,2.0,3.6,3.6
2021,22/05/2021,Crotone,Fiorentina,0.0,0.0,D,0.0,0.0,D,12.0,11.0,4.0,3.0,6.0,5.0,11.0,10.0,2.0,2.0,0.0,0.0,3.5,4.33,1.85
2021,22/05/2021,Sampdoria,Parma,3.0,0.0,H,2.0,0.0,H,12.0,11.0,4.0,1.0,2.0,4.0,10.0,12.0,1.0,1.0,0.0,0.0,1.75,4.2,4.0
2021,23/05/2021,Inter,Udinese,5.0,1.0,H,2.0,0.0,H,14.0,8.0,9.0,2.0,3.0,2.0,13.0,16.0,1.0,0.0,0.0,0.0,1.36,5.5,7.5
2021,23/05/2021,Atalanta,Milan,0.0,2.0,A,0.0,1.0,A,11.0,7.0,1.0,3.0,3.0,0.0,17.0,11.0,3.0,3.0,1.0,0.0,2.37,4.2,2.5
2021,23/05/2021,Bologna,Juventus,1.0,4.0,A,0.0,3.0,A,18.0,19.0,5.0,11.0,3.0,0.0,7.0,16.0,1.0,2.0,0.0,0.0,10.5,7.0,1.22
2021,23/05/2021,Napoli,Verona,1.0,1.0,D,0.0,0.0,D,16.0,7.0,3.0,4.0,5.0,3.0,13.0,25.0,3.0,4.0,0.0,0.0,1.18,7.5,13.0
2021,23/05/2021,Sassuolo,Lazio,2.0,0.0,H,1.0,0.0,H,10.0,9.0,5.0,2.0,3.0,3.0,11.0,15.0,2.0,1.0,1.0,0.0,1.9,4.33,3.25
2021,23/05/2021,Spezia,Roma,2.0,2.0,D,2.0,0.0,H,18.0,14.0,9.0,10.0,5.0,2.0,13.0,14.0,0.0,1.0,0.0,0.0,5.0,4.6,1.57
2021,23/05/2021,Torino,Benevento,1.0,1.0,D,1.0,0.0,H,12.0,9.0,7.0,3.0,8.0,3.0,17.0,10.0,0.0,2.0,0.0,0.0,1.75,4.33,3.9
2122,21/08/2021,Inter,Genoa,4.0,0.0,H,2.0,0.0,H,17.0,11.0,8.0,5.0,8.0,2.0,18.0,7.0,1.0,2.0,0.0,0.0,1.33,5.25,9.0
2122,21/08/2021,Verona,Sassuolo,2.0,3.0,A,0.0,1.0,A,12.0,15.0,4.0,8.0,7.0,4.0,11.0,12.0,3.0,2.0,1.0,0.0,2.62,3.3,2.62
2122,21/08/2021,Empoli,Lazio,1.0,3.0,A,1.0,3.0,A,16.0,8.0,5.0,5.0,5.0,3.0,13.0,10.0,2.0,1.0,0.0,0.0,4.6,4.0,1.7
2122,21/08/2021,Torino,Atalanta,1.0,2.0,A,0.0,1.0,A,19.0,6.0,8.0,2.0,5.0,1.0,17.0,13.0,2.0,2.0,0.0,0.0,5.5,4.33,1.55
2122,22/08/2021,Bologna,Salernitana,3.0,2.0,H,0.0,0.0,D,18.0,8.0,7.0,4.0,9.0,4.0,13.0,15.0,6.0,3.0,2.0,1.0,1.65,4.0,5.0
2122,22/08/2021,Udinese,Juventus,2.0,2.0,D,0.0,2.0,A,11.0,11.0,6.0,4.0,3.0,3.0,11.0,12.0,1.0,3.0,0.0,0.0,7.5,4.33,1.45
2122,22/08/2021,Napoli,Venezia,2.0,0.0,H,0.0,0.0,D,13.0,8.0,4.0,4.0,2.0,2.0,5.0,22.0,1.0,7.0,1.0,0.0,1.22,6.5,12.0
2122,22/08/2021,Roma,Fiorentina,3.0,1.0,H,1.0,0.0,H,11.0,11.0,6.0,8.0,4.0,4.0,12.0,14.0,3.0,2.0,1.0,1.0,1.72,3.8,4.75
2122,23/08/2021,Cagliari,Spezia,2.0,2.0,D,0.0,1.0,A,16.0,13.0,10.0,6.0,11.0,4.0,17.0,17.0,2.0,3.0,0.0,0.0,1.95,3.4,4.0
2122,23/08/2021,Sampdoria,Milan,0.0,1.0,A,0.0,1.0,A,11.0,10.0,3.0,4.0,8.0,3.0,16.0,14.0,3.0,1.0,0.0,0.0,4.0,3.6,1.9
2122,27/08/2021,Udinese,Venezia,3.0,0.0,H,1.0,0.0,H,18.0,8.0,10.0,3.0,7.0,2.0,11.0,8.0,2.0,3.0,0.0,0.0,1.7,3.75,5.0
2122,27/08/2021,Verona,Inter,1.0,3.0,A,1.0,0.0,H,4.0,15.0,1.0,8.0,6.0,4.0,13.0,12.0,2.0,2.0,0.0,0.0,5.5,4.33,1.55
2122,28/08/2021,Atalanta,Bologna,0.0,0.0,D,0.0,0.0,D,21.0,3.0,3.0,1.0,5.0,5.0,11.0,14.0,2.0,5.0,0.0,0.0,1.33,5.5,8.0
2122,28/08/2021,Lazio,Spezia,6.0,1.0,H,3.0,1.0,H,18.0,5.0,10.0,2.0,4.0,2.0,12.0,9.0,0.0,2.0,0.0,1.0,1.33,4.75,9.5
2122,28/08/2021,Fiorentina,Torino,2.0,1.0,H,1.0,0.0,H,10.0,4.0,7.0,1.0,3.0,3.0,13.0,28.0,4.0,5.0,0.0,0.0,2.2,3.4,3.25
2122,28/08/2021,Juventus,Empoli,0.0,1.0,A,0.0,1.0,A,20.0,9.0,6.0,3.0,8.0,9.0,11.0,6.0,2.0,3.0,0.0,0.0,1.22,6.5,12.0
2122,29/08/2021,Genoa,Napoli,1.0,2.0,A,0.0,1.0,A,7.0,12.0,3.0,8.0,4.0,5.0,17.0,15.0,2.0,3.0,0.0,0.0,6.0,4.5,1.5
2122,29/08/2021,Sassuolo,Sampdoria,0.0,0.0,D,0.0,0.0,D,19.0,13.0,6.0,3.0,8.0,6.0,9.0,14.0,2.0,2.0,0.0,0.0,2.0,3.6,3.6
2122,29/08/2021,Milan,Cagliari,4.0,1.0,H,4.0,1.0,H,17.0,6.0,5.0,2.0,8.0,3.0,12.0,11.0,1.0,5.0,0.0,0.0,1.44,4.5,7.0
2122,29/08/2021,Salernitana,Roma,0.0,4.0,A,0.0,0.0,D,4.0,21.0,0.0,10.0,1.0,10.0,12.0,11.0,2.0,2.0,0.0,0.0,5.5,4.33,1.55
2122,11/09/2021,Empoli,Venezia,1.0,2.0,A,0.0,1.0,A,17.0,10.0,6.0,3.0,8.0,2.0,12.0,21.0,2.0,5.0,0.0,0.0,1.8,3.8,4.2
2122,11/09/2021,Napoli,Juventus,2.0,1.0,H,0.0,1.0,A,24.0,7.0,7.0,4.0,13.0,1.0,14.0,16.0,2.0,1.0,0.0,0.0,2.4,3.6,2.8
2122,11/09/2021,Atalanta,Fiorentina,1.0,2.0,A,0.0,1.0,A,10.0,7.0,5.0,2.0,10.0,3.0,14.0,19.0,5.0,4.0,0.0,0.0,1.55,4.33,5.5
2122,12/09/2021,Sampdoria,Inter,2.0,2.0,D,1.0,2.0,A,12.0,8.0,3.0,3.0,4.0,4.0,12.0,13.0,4.0,4.0,0.0,0.0,5.0,4.0,1.61
2122,12/09/2021,Cagliari,Genoa,2.0,3.0,A,1.0,0.0,H,8.0,9.0,3.0,3.0,2.0,6.0,15.0,15.0,2.0,3.0,0.0,0.0,2.0,3.5,3.75
2122,12/09/2021,Spezia,Udinese,0.0,1.0,A,0.0,0.0,D,20.0,8.0,5.0,4.0,4.0,5.0,12.0,14.0,1.0,2.0,0.0,0.0,3.2,3.4,2.3
2122,12/09/2021,Torino,Salernitana,4.0,0.0,H,1.0,0.0,H,15.0,7.0,7.0,2.0,7.0,4.0,10.0,11.0,0.0,2.0,0.0,0.0,1.57,4.2,5.75
2122,12/09/2021,Milan,Lazio,2.0,0.0,H,1.0,0.0,H,17.0,7.0,3.0,5.0,5.0,1.0,9.0,18.0,1.0,4.0,0.0,0.0,2.2,3.6,3.1
2122,12/09/2021,Roma,Sassuolo,2.0,1.0,H,1.0,0.0,H,19.0,13.0,9.0,7.0,4.0,6.0,7.0,11.0,2.0,1.0,0.0,0.0,1.57,4.75,5.0
2122,13/09/2021,Bologna,Verona,1.0,0.0,H,0.0,0.0,D,13.0,5.0,4.0,1.0,6.0,2.0,14.0,21.0,1.0,3.0,0.0,0.0,2.1,3.7,3.2
2122,17/09/2021,Sassuolo,Torino,0.0,1.0,A,0.0,0.0,D,9.0,18.0,1.0,6.0,6.0,3.0,7.0,20.0,0.0,4.0,0.0,0.0,1.72,4.0,4.33
2122,18/09/2021,Genoa,Fiorentina,1.0,2.0,A,0.0,0.0,D,9.0,16.0,3.0,5.0,1.0,11.0,13.0,16.0,4.0,4.0,0.0,0.0,3.3,3.3,2.25
2122,18/09/2021,Inter,Bologna,6.0,1.0,H,3.0,0.0,H,19.0,7.0,11.0,2.0,5.0,1.0,10.0,9.0,0.0,3.0,0.0,0.0,1.36,5.0,8.5
2122,18/09/2021,Salernitana,Atalanta,0.0,1.0,A,0.0,0.0,D,11.0,10.0,1.0,3.0,6.0,4.0,21.0,13.0,4.0,4.0,0.0,0.0,10.0,5.5,1.3
2122,19/09/2021,Empoli,Sampdoria,0.0,3.0,A,0.0,1.0,A,15.0,14.0,4.0,7.0,8.0,8.0,10.0,10.0,2.0,2.0,0.0,0.0,2.55,3.6,2.6
2122,19/09/2021,Venezia,Spezia,1.0,2.0,A,0.0,1.0,A,14.0,12.0,3.0,3.0,3.0,10.0,13.0,10.0,4.0,1.0,0.0,0.0,2.45,3.4,2.9
2122,19/09/2021,Lazio,Cagliari,2.0,2.0,D,1.0,0.0,H,28.0,10.0,10.0,3.0,10.0,1.0,3.0,11.0,1.0,3.0,0.0,1.0,1.44,4.75,7.0
2122,19/09/2021,Verona,Roma,3.0,2.0,H,0.0,1.0,A,10.0,15.0,6.0,2.0,3.0,8.0,14.0,13.0,4.0,2.0,0.0,0.0,4.0,3.8,1.83
2122,19/09/2021,Juventus,Milan,1.0,1.0,D,1.0,0.0,H,9.0,13.0,4.0,3.0,4.0,4.0,13.0,16.0,1.0,1.0,0.0,0.0,2.1,3.4,3.5
2122,20/09/2021,Udinese,Napoli,0.0,4.0,A,0.0,2.0,A,9.0,18.0,1.0,8.0,2.0,5.0,10.0,11.0,2.0,1.0,0.0,0.0,4.5,3.6,1.83
2122,21/09/2021,Bologna,Genoa,2.0,2.0,D,0.0,0.0,D,17.0,11.0,6.0,6.0,7.0,2.0,14.0,15.0,3.0,4.0,0.0,0.0,1.95,3.5,3.75
2122,21/09/2021,Atalanta,Sassuolo,2.0,1.0,H,2.0,1.0,H,14.0,8.0,5.0,1.0,5.0,5.0,17.0,16.0,2.0,2.0,0.0,0.0,1.5,4.75,6.0
2122,21/09/2021,Fiorentina,Inter,1.0,3.0,A,1.0,0.0,H,14.0,17.0,6.0,5.0,4.0,8.0,11.0,15.0,2.0,3.0,1.0,0.0,3.75,3.6,1.9
2122,22/09/2021,Salernitana,Verona,2.0,2.0,D,1.0,2.0,A,15.0,10.0,4.0,5.0,4.0,5.0,13.0,17.0,2.0,3.0,0.0,0.0,3.5,3.4,2.05
2122,22/09/2021,Spezia,Juventus,2.0,3.0,A,1.0,1.0,D,10.0,26.0,5.0,9.0,5.0,15.0,14.0,10.0,2.0,1.0,0.0,0.0,8.0,5.5,1.33
2122,22/09/2021,Cagliari,Empoli,0.0,2.0,A,0.0,1.0,A,16.0,17.0,1.0,5.0,7.0,4.0,15.0,13.0,2.0,1.0,0.0,0.0,2.0,3.75,3.4
2122,22/09/2021,Milan,Venezia,2.0,0.0,H,0.0,0.0,D,15.0,8.0,4.0,2.0,4.0,4.0,12.0,13.0,0.0,2.0,0.0,0.0,1.25,6.0,12.0
2122,23/09/2021,Sampdoria,Napoli,0.0,4.0,A,0.0,2.0,A,13.0,17.0,5.0,9.0,5.0,5.0,10.0,7.0,2.0,1.0,0.0,0.0,4.2,3.6,1.83
2122,23/09/2021,Torino,Lazio,1.0,1.0,D,0.0,0.0,D,16.0,6.0,5.0,2.0,6.0,5.0,19.0,9.0,3.0,3.0,0.0,0.0,3.25,3.5,2.15
2122,23/09/2021,Roma,Udinese,1.0,0.0,H,1.0,0.0,H,12.0,8.0,2.0,3.0,6.0,6.0,22.0,8.0,4.0,1.0,1.0,0.0,1.55,4.2,5.5
2122,25/09/2021,Spezia,Milan,1.0,2.0,A,0.0,0.0,D,8.0,18.0,2.0,5.0,2.0,4.0,12.0,11.0,2.0,2.0,0.0,0.0,7.0,4.5,1.45
2122,25/09/2021,Inter,Atalanta,2.0,2.0,D,1.0,2.0,A,19.0,23.0,6.0,5.0,4.0,11.0,13.0,11.0,3.0,5.0,0.0,0.0,1.9,3.75,3.8
2122,25/09/2021,Genoa,Verona,3.0,3.0,D,0.0,1.0,A,10.0,12.0,4.0,7.0,3.0,2.0,13.0,13.0,3.0,2.0,0.0,0.0,2.75,3.25,2.62
2122,26/09/2021,Juventus,Sampdoria,3.0,2.0,H,2.0,1.0,H,16.0,5.0,6.0,3.0,4.0,2.0,22.0,16.0,4.0,3.0,0.0,0.0,1.3,5.75,9.0
2122,26/09/2021,Empoli,Bologna,4.0,2.0,H,2.0,1.0,H,15.0,20.0,7.0,5.0,2.0,10.0,15.0,22.0,2.0,2.0,0.0,0.0,2.6,3.75,2.5
2122,26/09/2021,Sassuolo,Salernitana,1.0,0.0,H,0.0,0.0,D,17.0,12.0,6.0,5.0,4.0,8.0,16.0,16.0,3.0,3.0,0.0,0.0,1.4,5.0,7.5
2122,26/09/2021,Udinese,Fiorentina,0.0,1.0,A,0.0,1.0,A,12.0,8.0,5.0,2.0,4.0,1.0,14.0,11.0,2.0,3.0,0.0,0.0,3.1,3.4,2.3
2122,26/09/2021,Lazio,Roma,3.0,2.0,H,2.0,1.0,H,9.0,20.0,4.0,8.0,1.0,9.0,11.0,13.0,2.0,4.0,0.0,0.0,2.62,3.5,2.6
2122,26/09/2021,Napoli,Cagliari,2.0,0.0,H,1.0,0.0,H,18.0,6.0,7.0,1.0,6.0,4.0,12.0,10.0,2.0,1.0,0.0,0.0,1.25,6.0,11.0
2122,27/09/2021,Venezia,Torino,1.0,1.0,D,0.0,0.0,D,8.0,8.0,2.0,3.0,4.0,1.0,9.0,18.0,1.0,4.0,0.0,1.0,3.6,3.5,2.05
2122,01/10/2021,Cagliari,Venezia,1.0,1.0,D,1.0,0.0,H,9.0,10.0,3.0,4.0,2.0,4.0,15.0,19.0,2.0,5.0,0.0,0.0,1.85,3.5,4.33
2122,02/10/2021,Salernitana,Genoa,1.0,0.0,H,0.0,0.0,D,10.0,19.0,4.0,4.0,10.0,8.0,15.0,17.0,2.0,2.0,0.0,0.0,2.87,3.3,2.45
2122,02/10/2021,Torino,Juventus,0.0,1.0,A,0.0,0.0,D,12.0,10.0,2.0,3.0,4.0,6.0,20.0,14.0,3.0,1.0,0.0,0.0,4.5,3.5,1.8
2122,02/10/2021,Sassuolo,Inter,1.0,2.0,A,1.0,0.0,H,12.0,18.0,8.0,3.0,6.0,8.0,10.0,19.0,4.0,2.0,0.0,0.0,4.33,4.2,1.7
2122,03/10/2021,Bologna,Lazio,3.0,0.0,H,2.0,0.0,H,10.0,8.0,3.0,4.0,3.0,3.0,5.0,16.0,2.0,5.0,0.0,1.0,3.1,3.6,2.2
2122,03/10/2021,Sampdoria,Udinese,3.0,3.0,D,1.0,2.0,A,13.0,18.0,3.0,7.0,6.0,8.0,12.0,15.0,4.0,5.0,0.0,0.0,2.1,3.5,3.5
2122,03/10/2021,Verona,Spezia,4.0,0.0,H,3.0,0.0,H,6.0,12.0,4.0,4.0,1.0,5.0,15.0,11.0,1.0,1.0,0.0,1.0,1.65,4.0,5.25
2122,03/10/2021,Fiorentina,Napoli,1.0,2.0,A,1.0,1.0,D,10.0,12.0,3.0,6.0,8.0,2.0,16.0,13.0,3.0,3.0,0.0,0.0,3.9,3.5,1.95
2122,03/10/2021,Roma,Empoli,2.0,0.0,H,1.0,0.0,H,18.0,11.0,7.0,3.0,5.0,5.0,11.0,16.0,2.0,3.0,0.0,0.0,1.4,5.0,7.0
2122,03/10/2021,Atalanta,Milan,2.0,3.0,A,0.0,2.0,A,17.0,13.0,6.0,7.0,9.0,5.0,13.0,14.0,1.0,4.0,0.0,0.0,2.05,3.75,3.4
2122,16/10/2021,Spezia,Salernitana,2.0,1.0,H,0.0,1.0,A,18.0,15.0,5.0,4.0,10.0,2.0,13.0,15.0,2.0,3.0,0.0,0.0,2.1,3.4,3.5
2122,16/10/2021,Lazio,Inter,3.0,1.0,H,0.0,1.0,A,19.0,12.0,8.0,4.0,7.0,3.0,12.0,12.0,3.0,6.0,1.0,0.0,3.3,3.5,2.15
2122,16/10/2021,Milan,Verona,3.0,2.0,H,0.0,2.0,A,17.0,10.0,4.0,5.0,5.0,4.0,11.0,20.0,1.0,4.0,0.0,0.0,1.55,4.2,5.75
2122,17/10/2021,Cagliari,Sampdoria,3.0,1.0,H,1.0,0.0,H,12.0,17.0,5.0,3.0,5.0,9.0,14.0,18.0,4.0,2.0,0.0,0.0,2.55,3.4,2.75
2122,17/10/2021,Empoli,Atalanta,1.0,4.0,A,1.0,2.0,A,13.0,22.0,6.0,7.0,5.0,4.0,10.0,15.0,3.0,2.0,0.0,0.0,5.75,4.33,1.55
2122,17/10/2021,Genoa,Sassuolo,2.0,2.0,D,1.0,2.0,A,19.0,15.0,4.0,5.0,6.0,1.0,11.0,18.0,2.0,4.0,0.0,0.0,3.1,3.5,2.25
2122,17/10/2021,Udinese,Bologna,1.0,1.0,D,0.0,0.0,D,10.0,23.0,2.0,11.0,2.0,8.0,15.0,11.0,3.0,7.0,1.0,0.0,2.25,3.4,3.2
2122,17/10/2021,Napoli,Torino,1.0,0.0,H,0.0,0.0,D,10.0,11.0,3.0,3.0,3.0,4.0,6.0,20.0,2.0,4.0,0.0,0.0,1.4,4.5,8.5
2122,17/10/2021,Juventus,Roma,1.0,0.0,H,1.0,0.0,H,6.0,14.0,2.0,4.0,0.0,6.0,18.0,13.0,3.0,5.0,0.0,0.0,1.85,3.8,4.0
2122,18/10/2021,Venezia,Fiorentina,1.0,0.0,H,1.0,0.0,H,4.0,10.0,2.0,2.0,2.0,5.0,17.0,11.0,2.0,5.0,0.0,1.0,4.2,3.75,1.83
2122,22/10/2021,Torino,Genoa,3.0,2.0,H,2.0,0.0,H,17.0,14.0,6.0,4.0,2.0,4.0,20.0,18.0,2.0,3.0,0.0,0.0,1.7,3.7,5.0
2122,22/10/2021,Sampdoria,Spezia,2.0,1.0,H,2.0,0.0,H,6.0,17.0,2.0,7.0,0.0,8.0,9.0,9.0,3.0,1.0,0.0,0.0,1.8,3.8,4.2
2122,23/10/2021,Salernitana,Empoli,2.0,4.0,A,0.0,4.0,A,12.0,11.0,6.0,6.0,7.0,1.0,11.0,16.0,1.0,3.0,0.0,0.0,2.7,3.4,2.62
2122,23/10/2021,Sassuolo,Venezia,3.0,1.0,H,1.0,1.0,D,14.0,8.0,7.0,3.0,5.0,4.0,10.0,15.0,1.0,2.0,0.0,0.0,1.57,4.2,5.5
2122,23/10/2021,Bologna,Milan,2.0,4.0,A,0.0,2.0,A,9.0,15.0,4.0,7.0,4.0,1.0,7.0,15.0,1.0,3.0,2.0,0.0,3.35,3.6,2.1
2122,24/10/2021,Atalanta,Udinese,1.0,1.0,D,0.0,0.0,D,8.0,9.0,3.0,3.0,6.0,3.0,15.0,15.0,2.0,2.0,0.0,0.0,1.4,5.0,7.5
2122,24/10/2021,Fiorentina,Cagliari,3.0,0.0,H,2.0,0.0,H,21.0,3.0,5.0,1.0,4.0,1.0,11.0,15.0,0.0,2.0,0.0,0.0,1.65,4.0,5.25
2122,24/10/2021,Verona,Lazio,4.0,1.0,H,2.0,0.0,H,16.0,9.0,7.0,4.0,3.0,4.0,12.0,15.0,2.0,2.0,0.0,0.0,3.1,3.6,2.2
2122,24/10/2021,Roma,Napoli,0.0,0.0,D,0.0,0.0,D,13.0,11.0,1.0,3.0,7.0,4.0,14.0,10.0,4.0,1.0,0.0,0.0,2.87,3.5,2.4
2122,24/10/2021,Inter,Juventus,1.0,1.0,D,1.0,0.0,H,10.0,16.0,2.0,4.0,5.0,2.0,14.0,16.0,2.0,2.0,0.0,0.0,2.05,3.6,3.4
2122,26/10/2021,Spezia,Genoa,1.0,1.0,D,0.0,0.0,D,13.0,9.0,3.0,2.0,3.0,3.0,12.0,16.0,2.0,4.0,0.0,0.0,2.3,3.5,3.0
2122,26/10/2021,Venezia,Salernitana,1.0,2.0,A,1.0,0.0,H,8.0,21.0,4.0,7.0,4.0,5.0,17.0,13.0,3.0,3.0,1.0,0.0,1.95,3.4,4.0
2122,26/10/2021,Milan,Torino,1.0,0.0,H,1.0,0.0,H,10.0,12.0,2.0,2.0,2.0,5.0,14.0,21.0,3.0,3.0,0.0,0.0,1.6,4.0,5.5
2122,27/10/2021,Juventus,Sassuolo,1.0,2.0,A,0.0,1.0,A,14.0,8.0,3.0,4.0,4.0,4.0,21.0,15.0,1.0,5.0,0.0,0.0,1.44,4.75,6.5
2122,27/10/2021,Sampdoria,Atalanta,1.0,3.0,A,1.0,2.0,A,8.0,13.0,3.0,4.0,3.0,3.0,15.0,19.0,4.0,3.0,0.0,0.0,4.33,4.2,1.72
2122,27/10/2021,Udinese,Verona,1.0,1.0,D,1.0,0.0,H,16.0,5.0,5.0,2.0,7.0,4.0,13.0,12.0,1.0,2.0,0.0,0.0,2.4,3.4,2.9
2122,27/10/2021,Cagliari,Roma,1.0,2.0,A,0.0,0.0,D,7.0,22.0,5.0,3.0,2.0,10.0,16.0,16.0,3.0,4.0,0.0,0.0,5.0,4.2,1.61
2122,27/10/2021,Empoli,Inter,0.0,2.0,A,0.0,1.0,A,9.0,21.0,3.0,9.0,5.0,6.0,20.0,15.0,1.0,3.0,1.0,0.0,5.75,4.75,1.5
2122,27/10/2021,Lazio,Fiorentina,1.0,0.0,H,0.0,0.0,D,5.0,9.0,2.0,1.0,3.0,6.0,16.0,11.0,3.0,3.0,0.0,0.0,1.95,3.6,3.75
2122,28/10/2021,Napoli,Bologna,3.0,0.0,H,2.0,0.0,H,18.0,8.0,6.0,1.0,4.0,2.0,20.0,5.0,1.0,1.0,0.0,0.0,1.3,5.5,9.5
2122,30/10/2021,Atalanta,Lazio,2.0,2.0,D,1.0,1.0,D,17.0,8.0,3.0,5.0,6.0,2.0,13.0,13.0,1.0,3.0,0.0,0.0,1.9,3.8,3.8
2122,30/10/2021,Verona,Juventus,2.0,1.0,H,2.0,0.0,H,12.0,15.0,5.0,4.0,4.0,1.0,22.0,8.0,4.0,3.0,0.0,0.0,4.0,3.8,1.85
2122,30/10/2021,Torino,Sampdoria,3.0,0.0,H,1.0,0.0,H,16.0,5.0,6.0,1.0,4.0,5.0,19.0,8.0,2.0,4.0,0.0,1.0,1.9,3.75,3.8
2122,31/10/2021,Inter,Udinese,2.0,0.0,H,0.0,0.0,D,15.0,9.0,6.0,5.0,6.0,4.0,9.0,11.0,0.0,2.0,0.0,0.0,1.36,5.0,8.5
2122,31/10/2021,Fiorentina,Spezia,3.0,0.0,H,1.0,0.0,H,27.0,3.0,12.0,0.0,7.0,4.0,9.0,20.0,4.0,3.0,0.0,0.0,1.53,4.5,5.75
2122,31/10/2021,Genoa,Venezia,0.0,0.0,D,0.0,0.0,D,19.0,6.0,4.0,2.0,12.0,4.0,13.0,13.0,1.0,3.0,0.0,0.0,2.05,3.4,3.75
2122,31/10/2021,Sassuolo,Empoli,1.0,2.0,A,1.0,0.0,H,15.0,14.0,5.0,6.0,4.0,6.0,16.0,12.0,4.0,2.0,0.0,0.0,1.75,4.1,4.2
2122,31/10/2021,Salernitana,Napoli,0.0,1.0,A,0.0,0.0,D,9.0,18.0,3.0,3.0,4.0,4.0,11.0,13.0,0.0,2.0,1.0,1.0,10.0,5.5,1.3
2122,31/10/2021,Roma,Milan,1.0,2.0,A,0.0,1.0,A,24.0,8.0,6.0,3.0,6.0,2.0,19.0,13.0,4.0,7.0,0.0,1.0,2.3,3.5,3.0
2122,01/11/2021,Bologna,Cagliari,2.0,0.0,H,0.0,0.0,D,8.0,9.0,3.0,2.0,5.0,2.0,11.0,9.0,3.0,2.0,0.0,1.0,1.8,3.6,4.5
2122,05/11/2021,Empoli,Genoa,2.0,2.0,D,0.0,1.0,A,10.0,15.0,2.0,7.0,4.0,5.0,8.0,21.0,0.0,4.0,0.0,0.0,2.1,3.75,3.2
2122,06/11/2021,Spezia,Torino,1.0,0.0,H,0.0,0.0,D,7.0,9.0,3.0,1.0,2.0,3.0,15.0,17.0,3.0,3.0,0.0,0.0,3.6,3.6,2.0
2122,06/11/2021,Juventus,Fiorentina,1.0,0.0,H,0.0,0.0,D,13.0,6.0,3.0,1.0,5.0,5.0,15.0,15.0,2.0,4.0,0.0,1.0,1.57,4.2,5.5
2122,06/11/2021,Cagliari,Atalanta,1.0,2.0,A,1.0,2.0,A,7.0,21.0,1.0,8.0,2.0,7.0,11.0,9.0,1.0,1.0,0.0,0.0,6.0,4.5,1.5
2122,07/11/2021,Venezia,Roma,3.0,2.0,H,1.0,2.0,A,13.0,27.0,7.0,10.0,4.0,11.0,12.0,18.0,2.0,2.0,0.0,0.0,5.75,4.5,1.53
2122,07/11/2021,Sampdoria,Bologna,1.0,2.0,A,0.0,0.0,D,10.0,14.0,4.0,7.0,6.0,5.0,14.0,12.0,4.0,1.0,0.0,0.0,2.37,3.6,2.87
2122,07/11/2021,Udinese,Sassuolo,3.0,2.0,H,2.0,2.0,D,13.0,10.0,2.0,4.0,1.0,5.0,14.0,15.0,3.0,3.0,1.0,0.0,2.4,3.5,2.8
2122,07/11/2021,Lazio,Salernitana,3.0,0.0,H,2.0,0.0,H,16.0,5.0,5.0,0.0,5.0,1.0,7.0,14.0,1.0,2.0,0.0,0.0,1.3,5.5,9.5
2122,07/11/2021,Napoli,Verona,1.0,1.0,D,1.0,1.0,D,16.0,11.0,1.0,3.0,3.0,2.0,16.0,19.0,2.0,7.0,0.0,2.0,1.36,5.0,8.0
2122,07/11/2021,Milan,Inter,1.0,1.0,D,1.0,1.0,D,16.0,13.0,4.0,3.0,4.0,8.0,16.0,11.0,1.0,0.0,0.0,0.0,3.25,3.5,2.15
2122,20/11/2021,Atalanta,Spezia,5.0,2.0,H,3.0,1.0,H,18.0,10.0,9.0,5.0,0.0,6.0,10.0,11.0,2.0,3.0,0.0,0.0,1.25,6.5,9.5
2122,20/11/2021,Lazio,Juventus,0.0,2.0,A,0.0,1.0,A,8.0,11.0,1.0,5.0,3.0,2.0,12.0,15.0,3.0,1.0,0.0,0.0,3.0,3.4,2.35
2122,20/11/2021,Fiorentina,Milan,4.0,3.0,H,2.0,0.0,H,9.0,17.0,5.0,7.0,5.0,6.0,6.0,10.0,1.0,1.0,0.0,0.0,3.1,3.5,2.25
2122,21/11/2021,Sassuolo,Cagliari,2.0,2.0,D,1.0,1.0,D,20.0,11.0,4.0,4.0,6.0,5.0,13.0,10.0,1.0,2.0,0.0,0.0,1.6,4.2,5.25
2122,21/11/2021,Bologna,Venezia,0.0,1.0,A,0.0,0.0,D,22.0,8.0,6.0,6.0,17.0,0.0,6.0,9.0,0.0,3.0,0.0,0.0,1.61,4.0,5.5
2122,21/11/2021,Salernitana,Sampdoria,0.0,2.0,A,0.0,2.0,A,18.0,13.0,2.0,6.0,13.0,3.0,10.0,19.0,0.0,3.0,0.0,0.0,3.1,3.25,2.37
2122,21/11/2021,Inter,Napoli,3.0,2.0,H,2.0,1.0,H,17.0,9.0,7.0,3.0,4.0,1.0,15.0,16.0,4.0,3.0,0.0,0.0,2.2,3.5,3.25
2122,21/11/2021,Genoa,Roma,0.0,2.0,A,0.0,0.0,D,1.0,19.0,1.0,4.0,1.0,2.0,13.0,13.0,3.0,2.0,0.0,0.0,4.75,3.9,1.7
2122,22/11/2021,Verona,Empoli,2.0,1.0,H,0.0,0.0,D,22.0,9.0,5.0,4.0,1.0,3.0,7.0,13.0,1.0,3.0,0.0,0.0,1.7,4.0,4.5
2122,22/11/2021,Torino,Udinese,2.0,1.0,H,1.0,0.0,H,14.0,18.0,4.0,7.0,4.0,7.0,19.0,17.0,1.0,3.0,0.0,0.0,2.05,3.4,3.7
2122,26/11/2021,Cagliari,Salernitana,1.0,1.0,D,0.0,0.0,D,19.0,8.0,3.0,2.0,7.0,6.0,13.0,10.0,3.0,1.0,0.0,0.0,1.83,3.6,4.33
2122,27/11/2021,Empoli,Fiorentina,2.0,1.0,H,0.0,0.0,D,17.0,16.0,5.0,7.0,8.0,5.0,15.0,10.0,1.0,1.0,0.0,0.0,3.4,3.4,2.15
2122,27/11/2021,Sampdoria,Verona,3.0,1.0,H,0.0,1.0,A,15.0,14.0,5.0,3.0,4.0,5.0,13.0,16.0,4.0,1.0,0.0,0.0,2.9,3.5,2.37
2122,27/11/2021,Juventus,Atalanta,0.0,1.0,A,0.0,1.0,A,15.0,7.0,2.0,1.0,6.0,4.0,13.0,20.0,4.0,5.0,0.0,0.0,2.2,3.5,3.25
2122,27/11/2021,Venezia,Inter,0.0,2.0,A,0.0,1.0,A,6.0,27.0,1.0,11.0,3.0,9.0,9.0,4.0,2.0,0.0,0.0,0.0,8.0,5.0,1.36
2122,28/11/2021,Udinese,Genoa,0.0,0.0,D,0.0,0.0,D,17.0,8.0,3.0,2.0,8.0,1.0,18.0,11.0,3.0,4.0,0.0,0.0,1.75,3.6,4.75
2122,28/11/2021,Milan,Sassuolo,1.0,3.0,A,1.0,2.0,A,15.0,15.0,2.0,5.0,7.0,6.0,15.0,7.0,4.0,2.0,1.0,0.0,1.53,4.5,5.5
2122,28/11/2021,Spezia,Bologna,0.0,1.0,A,0.0,0.0,D,13.0,17.0,5.0,5.0,3.0,6.0,16.0,12.0,3.0,1.0,0.0,0.0,3.0,3.5,2.3
2122,28/11/2021,Roma,Torino,1.0,0.0,H,1.0,0.0,H,10.0,17.0,2.0,3.0,2.0,9.0,7.0,11.0,2.0,1.0,0.0,0.0,1.72,4.0,4.5
2122,28/11/2021,Napoli,Lazio,4.0,0.0,H,3.0,0.0,H,18.0,6.0,8.0,2.0,1.0,3.0,9.0,14.0,2.0,4.0,0.0,0.0,1.8,3.8,4.33
2122,30/11/2021,Atalanta,Venezia,4.0,0.0,H,2.0,0.0,H,19.0,8.0,6.0,4.0,4.0,2.0,11.0,9.0,0.0,1.0,0.0,0.0,1.22,6.0,12.0
2122,30/11/2021,Fiorentina,Sampdoria,3.0,1.0,H,3.0,1.0,H,17.0,11.0,7.0,4.0,3.0,6.0,6.0,16.0,0.0,3.0,0.0,0.0,1.7,3.8,5.0
2122,30/11/2021,Salernitana,Juventus,0.0,2.0,A,0.0,1.0,A,4.0,18.0,0.0,7.0,4.0,4.0,14.0,9.0,1.0,1.0,0.0,0.0,9.5,5.5,1.3
2122,30/11/2021,Verona,Cagliari,0.0,0.0,D,0.0,0.0,D,15.0,12.0,6.0,4.0,11.0,1.0,15.0,12.0,3.0,2.0,0.0,0.0,1.61,4.0,5.25
2122,01/12/2021,Bologna,Roma,1.0,0.0,H,1.0,0.0,H,6.0,13.0,3.0,5.0,3.0,3.0,9.0,18.0,3.0,4.0,0.0,0.0,3.1,3.6,2.2
2122,01/12/2021,Inter,Spezia,2.0,0.0,H,1.0,0.0,H,31.0,7.0,11.0,4.0,11.0,1.0,18.0,10.0,1.0,2.0,0.0,0.0,1.18,7.5,13.0
2122,01/12/2021,Genoa,Milan,0.0,3.0,A,0.0,2.0,A,10.0,18.0,3.0,5.0,2.0,6.0,11.0,16.0,2.0,1.0,0.0,0.0,5.0,4.0,1.66
2122,01/12/2021,Sassuolo,Napoli,2.0,2.0,D,0.0,0.0,D,9.0,9.0,7.0,4.0,5.0,4.0,10.0,19.0,4.0,2.0,0.0,0.0,4.0,3.9,1.8
2122,02/12/2021,Torino,Empoli,2.0,2.0,D,2.0,1.0,H,10.0,16.0,3.0,5.0,1.0,11.0,9.0,15.0,1.0,3.0,1.0,0.0,1.72,3.8,4.75
2122,02/12/2021,Lazio,Udinese,4.0,4.0,D,1.0,3.0,A,13.0,12.0,5.0,5.0,5.0,4.0,11.0,11.0,3.0,5.0,1.0,2.0,1.66,3.8,5.25
2122,04/12/2021,Milan,Salernitana,2.0,0.0,H,2.0,0.0,H,22.0,7.0,8.0,2.0,9.0,5.0,11.0,9.0,1.0,2.0,0.0,0.0,1.18,7.0,15.0
2122,04/12/2021,Roma,Inter,0.0,3.0,A,0.0,3.0,A,9.0,10.0,1.0,4.0,4.0,4.0,9.0,6.0,3.0,1.0,0.0,0.0,3.8,3.8,1.9
2122,04/12/2021,Napoli,Atalanta,2.0,3.0,A,1.0,1.0,D,15.0,21.0,4.0,7.0,6.0,7.0,16.0,18.0,2.0,3.0,0.0,0.0,2.45,3.5,2.8
2122,05/12/2021,Bologna,Fiorentina,2.0,3.0,A,1.0,1.0,D,8.0,6.0,3.0,3.0,0.0,2.0,12.0,15.0,3.0,3.0,0.0,0.0,2.87,3.3,2.5
2122,05/12/2021,Spezia,Sassuolo,2.0,2.0,D,1.0,0.0,H,9.0,20.0,4.0,5.0,2.0,5.0,11.0,9.0,4.0,3.0,0.0,0.0,3.3,3.75,2.05
2122,05/12/2021,Venezia,Verona,3.0,4.0,A,3.0,0.0,H,9.0,16.0,5.0,6.0,1.0,6.0,13.0,14.0,2.0,2.0,1.0,0.0,3.6,3.5,2.0
2122,05/12/2021,Sampdoria,Lazio,1.0,3.0,A,0.0,3.0,A,18.0,6.0,5.0,5.0,7.0,0.0,13.0,9.0,4.0,3.0,0.0,1.0,3.5,3.6,2.05
2122,05/12/2021,Juventus,Genoa,2.0,0.0,H,1.0,0.0,H,27.0,0.0,12.0,0.0,5.0,1.0,15.0,7.0,3.0,1.0,0.0,0.0,1.25,6.0,12.0
2122,06/12/2021,Empoli,Udinese,3.0,1.0,H,0.0,1.0,A,22.0,19.0,9.0,8.0,8.0,6.0,12.0,18.0,4.0,3.0,0.0,0.0,2.6,3.25,2.8
2122,06/12/2021,Cagliari,Torino,1.0,1.0,D,0.0,1.0,A,15.0,8.0,2.0,3.0,5.0,2.0,12.0,24.0,2.0,4.0,0.0,0.0,3.5,3.2,2.25
2122,10/12/2021,Genoa,Sampdoria,1.0,3.0,A,0.0,1.0,A,12.0,14.0,2.0,6.0,8.0,3.0,15.0,17.0,2.0,2.0,0.0,0.0,3.2,3.3,2.25
2122,11/12/2021,Fiorentina,Salernitana,4.0,0.0,H,1.0,0.0,H,17.0,11.0,9.0,6.0,1.0,3.0,9.0,11.0,1.0,1.0,0.0,0.0,1.3,5.5,9.5
2122,11/12/2021,Venezia,Juventus,1.0,1.0,D,0.0,1.0,A,13.0,20.0,4.0,6.0,3.0,11.0,20.0,10.0,4.0,2.0,0.0,0.0,9.0,4.75,1.36
2122,11/12/2021,Udinese,Milan,1.0,1.0,D,1.0,0.0,H,11.0,12.0,6.0,1.0,3.0,5.0,17.0,10.0,2.0,2.0,1.0,0.0,4.2,3.5,1.9
2122,12/12/2021,Torino,Bologna,2.0,1.0,H,1.0,0.0,H,16.0,8.0,7.0,5.0,5.0,0.0,16.0,18.0,2.0,4.0,0.0,0.0,2.2,3.25,3.5
2122,12/12/2021,Verona,Atalanta,1.0,2.0,A,1.0,1.0,D,19.0,14.0,4.0,6.0,6.0,6.0,12.0,10.0,2.0,1.0,0.0,0.0,3.8,3.8,1.9
2122,12/12/2021,Napoli,Empoli,0.0,1.0,A,0.0,0.0,D,30.0,12.0,6.0,5.0,10.0,3.0,8.0,11.0,0.0,1.0,0.0,0.0,1.33,5.0,10.0
2122,12/12/2021,Sassuolo,Lazio,2.0,1.0,H,0.0,1.0,A,17.0,6.0,6.0,2.0,6.0,0.0,9.0,11.0,1.0,2.0,1.0,0.0,2.7,3.5,2.5
2122,12/12/2021,Inter,Cagliari,4.0,0.0,H,1.0,0.0,H,24.0,5.0,15.0,2.0,9.0,0.0,9.0,13.0,1.0,2.0,0.0,0.0,1.16,8.0,15.0
2122,13/12/2021,Roma,Spezia,2.0,0.0,H,1.0,0.0,H,12.0,8.0,6.0,2.0,9.0,4.0,13.0,7.0,4.0,1.0,1.0,0.0,1.4,5.0,7.5
2122,17/12/2021,Lazio,Genoa,3.0,1.0,H,1.0,0.0,H,11.0,4.0,5.0,2.0,5.0,2.0,9.0,8.0,0.0,3.0,0.0,0.0,1.53,4.33,6.0
2122,17/12/2021,Salernitana,Inter,0.0,5.0,A,0.0,2.0,A,10.0,23.0,2.0,8.0,3.0,10.0,10.0,10.0,1.0,2.0,0.0,0.0,15.0,8.0,1.16
2122,18/12/2021,Atalanta,Roma,1.0,4.0,A,1.0,2.0,A,17.0,8.0,6.0,5.0,10.0,0.0,11.0,15.0,1.0,3.0,0.0,0.0,1.7,4.33,4.33
2122,18/12/2021,Bologna,Juventus,0.0,2.0,A,0.0,1.0,A,11.0,11.0,3.0,7.0,8.0,4.0,7.0,19.0,1.0,1.0,0.0,0.0,4.1,3.7,1.83
2122,18/12/2021,Cagliari,Udinese,0.0,4.0,A,0.0,2.0,A,5.0,10.0,2.0,5.0,4.0,2.0,12.0,14.0,4.0,2.0,1.0,0.0,3.0,3.25,2.4
2122,19/12/2021,Fiorentina,Sassuolo,2.0,2.0,D,0.0,2.0,A,23.0,8.0,8.0,4.0,9.0,3.0,7.0,14.0,3.0,5.0,1.0,0.0,1.85,3.8,3.9
2122,19/12/2021,Spezia,Empoli,1.0,1.0,D,0.0,0.0,D,9.0,22.0,2.0,6.0,3.0,5.0,20.0,9.0,3.0,2.0,0.0,0.0,2.62,3.75,2.45
2122,19/12/2021,Sampdoria,Venezia,1.0,1.0,D,1.0,0.0,H,18.0,12.0,8.0,1.0,4.0,3.0,8.0,17.0,2.0,1.0,0.0,0.0,1.8,3.8,4.33
2122,19/12/2021,Torino,Verona,1.0,0.0,H,1.0,0.0,H,8.0,8.0,1.0,2.0,5.0,3.0,15.0,7.0,1.0,2.0,0.0,1.0,2.2,3.4,3.3
2122,19/12/2021,Milan,Napoli,0.0,1.0,A,0.0,1.0,A,12.0,11.0,2.0,2.0,5.0,5.0,14.0,18.0,0.0,2.0,0.0,0.0,2.25,3.5,3.1
2122,21/12/2021,Genoa,Atalanta,0.0,0.0,D,0.0,0.0,D,1.0,17.0,0.0,3.0,3.0,8.0,13.0,15.0,2.0,1.0,0.0,0.0,7.5,5.25,1.36
2122,21/12/2021,Juventus,Cagliari,2.0,0.0,H,1.0,0.0,H,15.0,6.0,4.0,1.0,7.0,1.0,16.0,12.0,0.0,3.0,0.0,0.0,1.18,6.5,17.0
2122,22/12/2021,Sassuolo,Bologna,0.0,3.0,A,0.0,2.0,A,13.0,9.0,5.0,5.0,5.0,5.0,13.0,12.0,1.0,3.0,0.0,0.0,2.0,3.6,3.6
2122,22/12/2021,Venezia,Lazio,1.0,3.0,A,1.0,1.0,D,11.0,7.0,2.0,4.0,4.0,4.0,11.0,10.0,3.0,3.0,1.0,0.0,4.2,3.6,1.85
2122,22/12/2021,Inter,Torino,1.0,0.0,H,1.0,0.0,H,14.0,12.0,3.0,3.0,7.0,4.0,10.0,17.0,1.0,0.0,0.0,0.0,1.3,5.5,10.0
2122,22/12/2021,Roma,Sampdoria,1.0,1.0,D,0.0,0.0,D,15.0,10.0,4.0,2.0,10.0,2.0,6.0,8.0,0.0,3.0,0.0,0.0,1.55,4.33,5.5
2122,22/12/2021,Verona,Fiorentina,1.0,1.0,D,1.0,0.0,H,7.0,11.0,2.0,1.0,3.0,8.0,15.0,5.0,2.0,1.0,0.0,0.0,2.9,3.5,2.37
2122,22/12/2021,Empoli,Milan,2.0,4.0,A,1.0,2.0,A,16.0,18.0,5.0,8.0,7.0,3.0,18.0,10.0,1.0,2.0,0.0,0.0,4.5,3.9,1.75
2122,22/12/2021,Napoli,Spezia,0.0,1.0,A,0.0,1.0,A,25.0,8.0,7.0,0.0,10.0,5.0,14.0,12.0,2.0,3.0,0.0,0.0,1.22,6.5,12.0
2122,06/01/2022,Sampdoria,Cagliari,1.0,2.0,A,1.0,0.0,H,4.0,15.0,1.0,7.0,0.0,5.0,12.0,17.0,1.0,3.0,1.0,0.0,1.85,3.75,4.0
2122,06/01/2022,Lazio,Empoli,3.0,3.0,D,1.0,2.0,A,23.0,11.0,10.0,4.0,9.0,2.0,13.0,11.0,4.0,4.0,0.0,0.0,1.6,4.4,5.0
2122,06/01/2022,Spezia,Verona,1.0,2.0,A,0.0,0.0,D,9.0,22.0,3.0,5.0,6.0,7.0,14.0,11.0,3.0,2.0,1.0,0.0,3.5,3.5,2.05
2122,06/01/2022,Sassuolo,Genoa,1.0,1.0,D,0.0,1.0,A,28.0,4.0,7.0,1.0,7.0,4.0,8.0,11.0,3.0,0.0,0.0,0.0,1.57,4.33,5.25
2122,06/01/2022,Milan,Roma,3.0,1.0,H,2.0,1.0,H,19.0,11.0,5.0,5.0,3.0,9.0,6.0,20.0,2.0,6.0,0.0,2.0,1.9,3.7,3.8
2122,06/01/2022,Juventus,Napoli,1.0,1.0,D,0.0,1.0,A,22.0,16.0,5.0,4.0,4.0,3.0,8.0,11.0,2.0,1.0,0.0,0.0,1.9,3.6,4.0
2122,09/01/2022,Empoli,Sassuolo,1.0,5.0,A,1.0,2.0,A,15.0,25.0,4.0,14.0,5.0,5.0,10.0,15.0,2.0,3.0,1.0,0.0,2.5,3.8,2.55
2122,09/01/2022,Venezia,Milan,0.0,3.0,A,0.0,1.0,A,9.0,18.0,3.0,8.0,1.0,7.0,11.0,11.0,1.0,3.0,1.0,0.0,6.0,4.0,1.57
2122,09/01/2022,Napoli,Sampdoria,1.0,0.0,H,1.0,0.0,H,22.0,10.0,5.0,1.0,13.0,0.0,12.0,11.0,0.0,2.0,0.0,0.0,1.4,5.0,7.5
2122,09/01/2022,Udinese,Atalanta,2.0,6.0,A,0.0,3.0,A,8.0,21.0,4.0,7.0,2.0,5.0,9.0,12.0,2.0,2.0,0.0,0.0,3.5,3.6,2.05
2122,09/01/2022,Genoa,Spezia,0.0,1.0,A,0.0,1.0,A,15.0,17.0,2.0,9.0,7.0,4.0,17.0,16.0,3.0,3.0,0.0,0.0,2.1,3.3,3.6
2122,09/01/2022,Roma,Juventus,3.0,4.0,A,1.0,1.0,D,19.0,14.0,7.0,5.0,8.0,1.0,11.0,12.0,3.0,4.0,0.0,1.0,3.3,3.5,2.15
2122,09/01/2022,Inter,Lazio,2.0,1.0,H,1.0,1.0,D,17.0,5.0,6.0,2.0,4.0,3.0,11.0,14.0,1.0,4.0,0.0,0.0,1.4,5.0,7.0
2122,09/01/2022,Verona,Salernitana,1.0,2.0,A,0.0,1.0,A,24.0,9.0,7.0,5.0,17.0,4.0,13.0,12.0,1.0,3.0,1.0,0.0,1.36,5.0,8.0
2122,10/01/2022,Torino,Fiorentina,4.0,0.0,H,3.0,0.0,H,9.0,10.0,6.0,3.0,1.0,5.0,16.0,12.0,2.0,2.0,0.0,0.0,,,
2122,11/01/2022,Cagliari,Bologna,2.0,1.0,H,0.0,0.0,D,13.0,9.0,4.0,3.0,5.0,5.0,12.0,15.0,3.0,2.0,0.0,0.0,2.75,3.3,2.55
2122,15/01/2022,Sampdoria,Torino,1.0,2.0,A,1.0,1.0,D,11.0,20.0,3.0,12.0,3.0,10.0,13.0,14.0,0.0,2.0,0.0,0.0,3.0,3.2,2.45
2122,15/01/2022,Salernitana,Lazio,0.0,3.0,A,0.0,2.0,A,6.0,15.0,1.0,8.0,3.0,7.0,11.0,16.0,2.0,3.0,0.0,0.0,7.0,4.5,1.45
2122,15/01/2022,Juventus,Udinese,2.0,0.0,H,1.0,0.0,H,14.0,16.0,4.0,3.0,7.0,6.0,13.0,10.0,1.0,2.0,0.0,0.0,1.4,4.75,7.5
2122,16/01/2022,Sassuolo,Verona,2.0,4.0,A,0.0,2.0,A,13.0,21.0,5.0,6.0,9.0,7.0,6.0,18.0,2.0,4.0,0.0,0.0,2.2,3.5,3.2
2122,16/01/2022,Venezia,Empoli,1.0,1.0,D,0.0,1.0,A,14.0,17.0,3.0,6.0,6.0,5.0,13.0,17.0,3.0,5.0,0.0,0.0,2.62,3.5,2.55
2122,16/01/2022,Roma,Cagliari,1.0,0.0,H,1.0,0.0,H,15.0,8.0,7.0,2.0,1.0,1.0,13.0,17.0,3.0,4.0,0.0,0.0,1.36,5.0,8.5
2122,16/01/2022,Atalanta,Inter,0.0,0.0,D,0.0,0.0,D,12.0,11.0,6.0,3.0,6.0,4.0,12.0,9.0,2.0,2.0,0.0,0.0,2.87,3.75,2.3
2122,17/01/2022,Bologna,Napoli,0.0,2.0,A,0.0,1.0,A,12.0,14.0,5.0,5.0,1.0,4.0,9.0,10.0,3.0,1.0,0.0,0.0,4.0,3.4,1.95
2122,17/01/2022,Milan,Spezia,1.0,2.0,A,1.0,0.0,H,25.0,10.0,8.0,6.0,10.0,1.0,11.0,17.0,2.0,5.0,0.0,0.0,1.33,5.0,9.5
2122,17/01/2022,Fiorentina,Genoa,6.0,0.0,H,3.0,0.0,H,22.0,3.0,12.0,0.0,4.0,0.0,10.0,11.0,1.0,3.0,0.0,0.0,1.45,4.2,7.5
2122,21/01/2022,Verona,Bologna,2.0,1.0,H,1.0,1.0,D,14.0,8.0,6.0,2.0,7.0,2.0,21.0,9.0,2.0,4.0,0.0,0.0,1.95,3.6,3.8
2122,22/01/2022,Genoa,Udinese,0.0,0.0,D,0.0,0.0,D,10.0,2.0,3.0,0.0,10.0,4.0,27.0,17.0,4.0,4.0,1.0,0.0,3.5,3.3,2.15
2122,22/01/2022,Inter,Venezia,2.0,1.0,H,1.0,1.0,D,24.0,3.0,12.0,3.0,6.0,0.0,13.0,9.0,3.0,4.0,0.0,0.0,1.1,9.5,21.0
2122,22/01/2022,Lazio,Atalanta,0.0,0.0,D,0.0,0.0,D,9.0,6.0,1.0,2.0,4.0,1.0,10.0,17.0,0.0,3.0,0.0,0.0,3.2,3.5,2.2
2122,23/01/2022,Cagliari,Fiorentina,1.0,1.0,D,0.0,0.0,D,12.0,16.0,3.0,6.0,6.0,4.0,21.0,16.0,3.0,3.0,0.0,1.0,5.25,4.1,1.61
2122,23/01/2022,Napoli,Salernitana,4.0,1.0,H,2.0,1.0,H,26.0,1.0,14.0,1.0,10.0,0.0,9.0,14.0,0.0,4.0,0.0,1.0,1.14,8.0,17.0
2122,23/01/2022,Spezia,Sampdoria,1.0,0.0,H,0.0,0.0,D,7.0,8.0,2.0,0.0,2.0,4.0,24.0,12.0,2.0,4.0,0.0,1.0,2.7,3.3,2.62
2122,23/01/2022,Torino,Sassuolo,1.0,1.0,D,1.0,0.0,H,21.0,6.0,6.0,1.0,4.0,3.0,21.0,15.0,3.0,3.0,0.0,0.0,2.1,3.6,3.3
2122,23/01/2022,Empoli,Roma,2.0,4.0,A,0.0,4.0,A,16.0,16.0,7.0,8.0,2.0,3.0,13.0,14.0,2.0,2.0,0.0,0.0,4.0,4.2,1.8
2122,23/01/2022,Milan,Juventus,0.0,0.0,D,0.0,0.0,D,14.0,8.0,4.0,0.0,4.0,1.0,16.0,19.0,2.0,2.0,0.0,0.0,2.62,3.3,2.7
2122,05/02/2022,Roma,Genoa,0.0,0.0,D,0.0,0.0,D,23.0,10.0,3.0,3.0,6.0,4.0,8.0,23.0,3.0,2.0,1.0,1.0,1.36,5.5,7.5
2122,05/02/2022,Inter,Milan,1.0,2.0,A,1.0,0.0,H,11.0,10.0,5.0,3.0,6.0,4.0,20.0,14.0,2.0,4.0,0.0,1.0,1.8,3.75,4.5
2122,05/02/2022,Fiorentina,Lazio,0.0,3.0,A,0.0,0.0,D,9.0,12.0,3.0,7.0,4.0,3.0,13.0,15.0,3.0,5.0,1.0,0.0,2.37,3.5,2.9
2122,06/02/2022,Atalanta,Cagliari,1.0,2.0,A,0.0,0.0,D,10.0,7.0,3.0,4.0,3.0,1.0,13.0,14.0,1.0,5.0,1.0,0.0,1.25,6.5,11.0
2122,06/02/2022,Bologna,Empoli,0.0,0.0,D,0.0,0.0,D,12.0,15.0,2.0,4.0,3.0,5.0,9.0,16.0,2.0,4.0,0.0,0.0,2.0,3.6,3.6
2122,06/02/2022,Sampdoria,Sassuolo,4.0,0.0,H,2.0,0.0,H,11.0,26.0,7.0,9.0,3.0,9.0,15.0,16.0,2.0,2.0,0.0,0.0,2.8,3.8,2.3
2122,06/02/2022,Venezia,Napoli,0.0,2.0,A,0.0,0.0,D,7.0,16.0,3.0,6.0,2.0,6.0,12.0,11.0,2.0,2.0,1.0,0.0,7.5,4.75,1.4
2122,06/02/2022,Udinese,Torino,2.0,0.0,H,0.0,0.0,D,11.0,5.0,3.0,1.0,8.0,3.0,12.0,21.0,3.0,5.0,0.0,1.0,3.1,3.3,2.37
2122,06/02/2022,Juventus,Verona,2.0,0.0,H,1.0,0.0,H,11.0,13.0,8.0,1.0,6.0,5.0,11.0,11.0,1.0,1.0,0.0,0.0,1.53,4.33,6.0
2122,07/02/2022,Salernitana,Spezia,2.0,2.0,D,2.0,2.0,D,9.0,13.0,5.0,2.0,5.0,6.0,12.0,19.0,3.0,3.0,0.0,0.0,2.87,3.4,2.5
2122,12/02/2022,Lazio,Bologna,3.0,0.0,H,1.0,0.0,H,12.0,11.0,6.0,3.0,5.0,3.0,13.0,16.0,2.0,2.0,0.0,0.0,1.7,4.0,4.75
2122,12/02/2022,Napoli,Inter,1.0,1.0,D,1.0,0.0,H,13.0,8.0,4.0,2.0,4.0,2.0,8.0,13.0,1.0,1.0,0.0,0.0,2.75,3.4,2.55
2122,12/02/2022,Torino,Venezia,1.0,2.0,A,1.0,1.0,D,14.0,5.0,2.0,2.0,8.0,4.0,14.0,12.0,2.0,3.0,0.0,1.0,1.5,4.2,7.0
2122,13/02/2022,Milan,Sampdoria,1.0,0.0,H,1.0,0.0,H,15.0,4.0,7.0,1.0,4.0,0.0,13.0,11.0,3.0,1.0,0.0,0.0,1.4,4.75,7.5
2122,13/02/2022,Empoli,Cagliari,1.0,1.0,D,1.0,0.0,H,13.0,17.0,4.0,5.0,6.0,4.0,14.0,13.0,1.0,2.0,0.0,0.0,1.95,3.8,3.6
2122,13/02/2022,Genoa,Salernitana,1.0,1.0,D,1.0,1.0,D,15.0,12.0,5.0,4.0,5.0,4.0,17.0,10.0,3.0,2.0,0.0,0.0,1.83,3.75,4.33
2122,13/02/2022,Verona,Udinese,4.0,0.0,H,2.0,0.0,H,6.0,21.0,5.0,7.0,2.0,7.0,18.0,7.0,3.0,1.0,0.0,0.0,1.83,3.6,4.2
2122,13/02/2022,Sassuolo,Roma,2.0,2.0,D,0.0,1.0,A,12.0,12.0,3.0,7.0,4.0,3.0,13.0,13.0,4.0,2.0,1.0,0.0,3.4,3.9,2.0
2122,13/02/2022,Atalanta,Juventus,1.0,1.0,D,0.0,0.0,D,21.0,15.0,3.0,6.0,8.0,8.0,13.0,9.0,2.0,3.0,0.0,0.0,2.8,3.5,2.37
2122,14/02/2022,Spezia,Fiorentina,1.0,2.0,A,0.0,1.0,A,9.0,21.0,1.0,4.0,4.0,8.0,17.0,10.0,2.0,1.0,0.0,0.0,3.75,3.6,1.95
2122,18/02/2022,Juventus,Torino,1.0,1.0,D,1.0,0.0,H,11.0,10.0,3.0,3.0,7.0,9.0,16.0,19.0,1.0,2.0,0.0,0.0,1.57,3.75,6.5
2122,19/02/2022,Sampdoria,Empoli,2.0,0.0,H,2.0,0.0,H,8.0,10.0,3.0,2.0,3.0,6.0,15.0,12.0,4.0,2.0,0.0,0.0,2.2,3.4,3.2
2122,19/02/2022,Roma,Verona,2.0,2.0,D,0.0,2.0,A,7.0,5.0,3.0,3.0,4.0,2.0,18.0,14.0,3.0,2.0,0.0,0.0,1.95,3.75,3.6
2122,19/02/2022,Salernitana,Milan,2.0,2.0,D,1.0,1.0,D,9.0,14.0,5.0,5.0,4.0,7.0,14.0,12.0,2.0,4.0,0.0,0.0,9.0,5.0,1.36
2122,20/02/2022,Fiorentina,Atalanta,1.0,0.0,H,0.0,0.0,D,6.0,7.0,3.0,1.0,2.0,1.0,17.0,20.0,2.0,5.0,0.0,0.0,2.6,3.3,2.7
2122,20/02/2022,Venezia,Genoa,1.0,1.0,D,1.0,1.0,D,15.0,12.0,4.0,3.0,6.0,5.0,14.0,15.0,2.0,2.0,0.0,0.0,2.5,3.2,2.9
2122,20/02/2022,Inter,Sassuolo,0.0,2.0,A,0.0,2.0,A,29.0,13.0,8.0,5.0,8.0,3.0,12.0,12.0,1.0,2.0,0.0,0.0,1.28,6.0,9.0
2122,20/02/2022,Udinese,Lazio,1.0,1.0,D,1.0,1.0,D,12.0,10.0,2.0,2.0,2.0,12.0,22.0,9.0,3.0,2.0,0.0,0.0,2.9,3.3,2.45
2122,21/02/2022,Cagliari,Napoli,1.0,1.0,D,0.0,0.0,D,13.0,7.0,5.0,3.0,3.0,6.0,17.0,22.0,1.0,2.0,0.0,0.0,6.5,4.33,1.5
2122,21/02/2022,Bologna,Spezia,2.0,1.0,H,1.0,1.0,D,19.0,6.0,7.0,2.0,11.0,0.0,7.0,13.0,1.0,1.0,0.0,0.0,1.8,3.8,4.33
2122,25/02/2022,Milan,Udinese,1.0,1.0,D,1.0,0.0,H,9.0,11.0,3.0,6.0,5.0,4.0,13.0,17.0,2.0,4.0,0.0,0.0,1.5,4.0,7.0
2122,25/02/2022,Genoa,Inter,0.0,0.0,D,0.0,0.0,D,7.0,21.0,1.0,4.0,0.0,14.0,11.0,9.0,2.0,1.0,0.0,0.0,9.0,5.25,1.33
2122,26/02/2022,Salernitana,Bologna,1.0,1.0,D,0.0,1.0,A,15.0,8.0,4.0,3.0,6.0,1.0,13.0,25.0,2.0,3.0,0.0,0.0,3.5,3.4,2.15
2122,26/02/2022,Empoli,Juventus,2.0,3.0,A,1.0,2.0,A,11.0,12.0,2.0,5.0,7.0,3.0,16.0,8.0,2.0,0.0,0.0,0.0,5.0,4.0,1.65
2122,26/02/2022,Sassuolo,Fiorentina,2.0,1.0,H,1.0,0.0,H,16.0,15.0,6.0,6.0,6.0,10.0,12.0,12.0,1.0,1.0,0.0,1.0,2.7,3.6,2.45
2122,27/02/2022,Torino,Cagliari,1.0,2.0,A,0.0,1.0,A,15.0,11.0,6.0,5.0,4.0,3.0,16.0,20.0,2.0,4.0,0.0,0.0,1.65,3.8,5.5
2122,27/02/2022,Verona,Venezia,3.0,1.0,H,0.0,0.0,D,19.0,9.0,11.0,4.0,5.0,5.0,13.0,10.0,0.0,1.0,0.0,0.0,1.53,4.0,6.0
2122,27/02/2022,Spezia,Roma,0.0,1.0,A,0.0,0.0,D,9.0,31.0,3.0,10.0,1.0,8.0,13.0,11.0,5.0,3.0,1.0,0.0,4.5,3.6,1.8
2122,27/02/2022,Lazio,Napoli,1.0,2.0,A,0.0,0.0,D,13.0,15.0,8.0,7.0,1.0,5.0,13.0,14.0,3.0,2.0,0.0,0.0,2.75,3.4,2.5
2122,28/02/2022,Atalanta,Sampdoria,4.0,0.0,H,2.0,0.0,H,19.0,6.0,9.0,1.0,8.0,1.0,16.0,9.0,1.0,2.0,0.0,0.0,1.44,5.0,6.5
2122,04/03/2022,Inter,Salernitana,5.0,0.0,H,2.0,0.0,H,23.0,11.0,12.0,3.0,10.0,3.0,11.0,7.0,2.0,1.0,0.0,0.0,1.14,7.5,19.0
2122,05/03/2022,Udinese,Sampdoria,2.0,1.0,H,2.0,1.0,H,19.0,8.0,5.0,4.0,11.0,4.0,20.0,14.0,5.0,2.0,0.0,0.0,1.9,3.4,4.33
2122,05/03/2022,Roma,Atalanta,1.0,0.0,H,1.0,0.0,H,13.0,7.0,4.0,4.0,6.0,3.0,18.0,14.0,6.0,4.0,1.0,1.0,2.55,3.4,2.7
2122,05/03/2022,Cagliari,Lazio,0.0,3.0,A,0.0,2.0,A,16.0,13.0,3.0,5.0,7.0,6.0,10.0,13.0,3.0,2.0,0.0,1.0,3.6,3.2,2.1
2122,06/03/2022,Genoa,Empoli,0.0,0.0,D,0.0,0.0,D,18.0,8.0,7.0,2.0,7.0,2.0,15.0,19.0,4.0,3.0,0.0,0.0,2.5,3.2,2.87
2122,06/03/2022,Bologna,Torino,0.0,0.0,D,0.0,0.0,D,6.0,13.0,1.0,2.0,5.0,7.0,23.0,16.0,3.0,3.0,0.0,0.0,2.8,3.2,2.5
2122,06/03/2022,Fiorentina,Verona,1.0,1.0,D,1.0,1.0,D,8.0,2.0,2.0,2.0,4.0,2.0,15.0,15.0,0.0,4.0,0.0,0.0,1.95,3.5,3.6
2122,06/03/2022,Venezia,Sassuolo,1.0,4.0,A,1.0,3.0,A,16.0,16.0,5.0,10.0,8.0,6.0,18.0,14.0,4.0,1.0,0.0,0.0,3.25,3.4,2.2
2122,06/03/2022,Juventus,Spezia,1.0,0.0,H,1.0,0.0,H,10.0,9.0,3.0,4.0,4.0,4.0,14.0,11.0,3.0,2.0,0.0,0.0,1.22,6.25,13.0
2122,06/03/2022,Napoli,Milan,0.0,1.0,A,0.0,0.0,D,9.0,12.0,2.0,7.0,6.0,7.0,7.0,15.0,4.0,4.0,0.0,0.0,2.05,3.3,3.6
2122,12/03/2022,Salernitana,Sassuolo,2.0,2.0,D,1.0,2.0,A,15.0,20.0,5.0,7.0,5.0,5.0,13.0,15.0,2.0,4.0,0.0,1.0,3.8,4.2,1.8
2122,12/03/2022,Spezia,Cagliari,2.0,0.0,H,0.0,0.0,D,12.0,11.0,7.0,1.0,8.0,7.0,10.0,17.0,1.0,4.0,0.0,0.0,2.62,3.3,2.62
2122,12/03/2022,Sampdoria,Juventus,1.0,3.0,A,0.0,2.0,A,16.0,6.0,5.0,3.0,9.0,0.0,7.0,15.0,0.0,2.0,0.0,0.0,5.5,3.75,1.65
2122,12/03/2022,Milan,Empoli,1.0,0.0,H,1.0,0.0,H,15.0,5.0,5.0,2.0,5.0,4.0,6.0,12.0,1.0,0.0,0.0,0.0,1.36,5.25,7.5
2122,13/03/2022,Fiorentina,Bologna,1.0,0.0,H,0.0,0.0,D,14.0,4.0,5.0,0.0,9.0,1.0,9.0,16.0,1.0,5.0,0.0,1.0,1.61,4.0,5.5
2122,13/03/2022,Verona,Napoli,1.0,2.0,A,0.0,1.0,A,8.0,13.0,1.0,4.0,3.0,5.0,19.0,9.0,6.0,0.0,2.0,0.0,3.25,3.6,2.15
2122,13/03/2022,Atalanta,Genoa,0.0,0.0,D,0.0,0.0,D,11.0,13.0,2.0,3.0,4.0,3.0,13.0,17.0,2.0,0.0,0.0,0.0,1.33,5.25,9.0
2122,13/03/2022,Udinese,Roma,1.0,1.0,D,1.0,0.0,H,11.0,10.0,5.0,2.0,6.0,4.0,16.0,12.0,3.0,2.0,0.0,0.0,3.1,3.5,2.25
2122,13/03/2022,Torino,Inter,1.0,1.0,D,1.0,0.0,H,13.0,15.0,4.0,7.0,3.0,4.0,15.0,17.0,1.0,5.0,0.0,0.0,5.5,3.6,1.66
2122,14/03/2022,Lazio,Venezia,1.0,0.0,H,0.0,0.0,D,10.0,7.0,1.0,2.0,8.0,4.0,11.0,13.0,1.0,1.0,0.0,0.0,1.33,5.5,8.5
2122,18/03/2022,Sassuolo,Spezia,4.0,1.0,H,1.0,1.0,D,16.0,5.0,7.0,1.0,6.0,2.0,14.0,16.0,2.0,3.0,0.0,0.0,1.66,4.2,4.75
2122,18/03/2022,Genoa,Torino,1.0,0.0,H,1.0,0.0,H,7.0,9.0,2.0,3.0,2.0,3.0,12.0,17.0,3.0,3.0,1.0,0.0,3.2,3.1,2.4
2122,19/03/2022,Napoli,Udinese,2.0,1.0,H,0.0,1.0,A,20.0,10.0,8.0,3.0,7.0,4.0,10.0,12.0,2.0,2.0,0.0,1.0,1.44,4.5,7.0
2122,19/03/2022,Inter,Fiorentina,1.0,1.0,D,0.0,0.0,D,13.0,17.0,5.0,4.0,5.0,3.0,14.0,12.0,1.0,2.0,0.0,0.0,1.5,4.5,6.5
2122,19/03/2022,Cagliari,Milan,0.0,1.0,A,0.0,0.0,D,13.0,21.0,1.0,5.0,6.0,5.0,13.0,14.0,1.0,0.0,0.0,0.0,5.25,4.0,1.6
2122,20/03/2022,Venezia,Sampdoria,0.0,2.0,A,0.0,2.0,A,13.0,8.0,1.0,4.0,3.0,4.0,28.0,17.0,5.0,1.0,1.0,0.0,2.62,3.3,2.7
2122,20/03/2022,Empoli,Verona,1.0,1.0,D,1.0,0.0,H,7.0,14.0,2.0,4.0,3.0,7.0,17.0,13.0,2.0,3.0,0.0,0.0,2.62,3.5,2.55
2122,20/03/2022,Juventus,Salernitana,2.0,0.0,H,2.0,0.0,H,12.0,12.0,7.0,4.0,5.0,5.0,10.0,13.0,3.0,2.0,0.0,0.0,1.2,7.0,13.0
2122,20/03/2022,Roma,Lazio,3.0,0.0,H,3.0,0.0,H,11.0,9.0,5.0,3.0,6.0,3.0,16.0,12.0,4.0,3.0,0.0,0.0,2.55,3.4,2.75
2122,20/03/2022,Bologna,Atalanta,0.0,1.0,A,0.0,0.0,D,12.0,15.0,3.0,2.0,6.0,3.0,9.0,12.0,0.0,1.0,0.0,0.0,4.5,3.6,1.8
2122,02/04/2022,Spezia,Venezia,1.0,0.0,H,0.0,0.0,D,11.0,13.0,5.0,2.0,5.0,2.0,15.0,12.0,3.0,1.0,0.0,0.0,2.1,3.4,3.5
2122,02/04/2022,Lazio,Sassuolo,2.0,1.0,H,1.0,0.0,H,14.0,20.0,5.0,5.0,4.0,3.0,11.0,8.0,1.0,3.0,0.0,0.0,1.72,4.2,4.2
2122,02/04/2022,Salernitana,Torino,0.0,1.0,A,0.0,1.0,A,14.0,8.0,3.0,5.0,9.0,2.0,15.0,21.0,5.0,4.0,1.0,0.0,4.0,3.6,1.9
2122,03/04/2022,Fiorentina,Empoli,1.0,0.0,H,0.0,0.0,D,24.0,5.0,11.0,1.0,5.0,0.0,10.0,20.0,1.0,3.0,0.0,1.0,1.55,4.33,5.5
2122,03/04/2022,Atalanta,Napoli,1.0,3.0,A,0.0,2.0,A,19.0,6.0,3.0,5.0,9.0,1.0,15.0,11.0,2.0,3.0,0.0,0.0,2.4,3.3,3.0
2122,03/04/2022,Udinese,Cagliari,5.0,1.0,H,2.0,1.0,H,24.0,6.0,11.0,3.0,2.0,2.0,19.0,15.0,2.0,4.0,0.0,1.0,1.8,3.5,4.75
2122,03/04/2022,Sampdoria,Roma,0.0,1.0,A,0.0,1.0,A,8.0,6.0,3.0,1.0,4.0,4.0,15.0,13.0,2.0,3.0,0.0,0.0,4.0,3.8,1.85
2122,03/04/2022,Juventus,Inter,0.0,1.0,A,0.0,1.0,A,23.0,5.0,5.0,1.0,8.0,1.0,9.0,19.0,4.0,4.0,0.0,0.0,2.8,3.4,2.5
2122,04/04/2022,Verona,Genoa,1.0,0.0,H,1.0,0.0,H,7.0,7.0,3.0,4.0,2.0,5.0,16.0,15.0,4.0,3.0,0.0,0.0,1.83,3.4,4.75
2122,04/04/2022,Milan,Bologna,0.0,0.0,D,0.0,0.0,D,33.0,8.0,7.0,4.0,9.0,2.0,10.0,7.0,0.0,2.0,0.0,0.0,1.4,4.5,8.5
2122,09/04/2022,Empoli,Spezia,0.0,0.0,D,0.0,0.0,D,15.0,11.0,4.0,5.0,5.0,4.0,11.0,18.0,2.0,2.0,0.0,0.0,2.0,3.5,3.8
2122,09/04/2022,Inter,Verona,2.0,0.0,H,2.0,0.0,H,18.0,9.0,6.0,3.0,10.0,2.0,10.0,7.0,2.0,0.0,0.0,0.0,1.36,5.25,8.0
2122,09/04/2022,Cagliari,Juventus,1.0,2.0,A,1.0,1.0,D,4.0,20.0,1.0,6.0,1.0,4.0,19.0,10.0,1.0,0.0,0.0,0.0,6.0,4.0,1.6
2122,10/04/2022,Genoa,Lazio,1.0,4.0,A,0.0,2.0,A,15.0,17.0,4.0,11.0,3.0,6.0,7.0,8.0,0.0,1.0,0.0,0.0,4.2,3.5,1.9
2122,10/04/2022,Napoli,Fiorentina,2.0,3.0,A,0.0,1.0,A,15.0,11.0,3.0,4.0,3.0,2.0,10.0,17.0,0.0,3.0,0.0,0.0,1.75,3.8,4.5
2122,10/04/2022,Sassuolo,Atalanta,2.0,1.0,H,1.0,0.0,H,14.0,15.0,7.0,4.0,8.0,8.0,18.0,14.0,2.0,1.0,0.0,0.0,3.3,3.75,2.1
2122,10/04/2022,Venezia,Udinese,1.0,2.0,A,0.0,1.0,A,9.0,16.0,4.0,5.0,7.0,11.0,15.0,11.0,7.0,2.0,0.0,0.0,3.5,3.3,2.15
2122,10/04/2022,Roma,Salernitana,2.0,1.0,H,0.0,1.0,A,17.0,6.0,7.0,3.0,9.0,2.0,16.0,23.0,5.0,8.0,0.0,0.0,1.28,5.75,11.0
2122,10/04/2022,Torino,Milan,0.0,0.0,D,0.0,0.0,D,14.0,14.0,3.0,3.0,6.0,5.0,18.0,6.0,2.0,2.0,0.0,0.0,4.2,3.5,1.9
2122,11/04/2022,Bologna,Sampdoria,2.0,0.0,H,0.0,0.0,D,19.0,9.0,4.0,2.0,6.0,0.0,11.0,11.0,1.0,2.0,0.0,0.0,2.1,3.5,3.5
2122,15/04/2022,Spezia,Inter,1.0,3.0,A,0.0,1.0,A,10.0,23.0,2.0,7.0,6.0,7.0,9.0,11.0,2.0,0.0,0.0,0.0,9.5,5.5,1.3
2122,15/04/2022,Milan,Genoa,2.0,0.0,H,1.0,0.0,H,10.0,7.0,5.0,1.0,3.0,1.0,10.0,19.0,1.0,2.0,0.0,0.0,1.33,5.0,11.0
2122,16/04/2022,Cagliari,Sassuolo,1.0,0.0,H,1.0,0.0,H,16.0,8.0,8.0,2.0,3.0,3.0,15.0,11.0,2.0,2.0,0.0,0.0,2.87,3.6,2.37
2122,16/04/2022,Sampdoria,Salernitana,1.0,2.0,A,1.0,2.0,A,5.0,7.0,1.0,2.0,5.0,2.0,18.0,23.0,1.0,7.0,0.0,0.0,1.83,3.75,4.2
2122,16/04/2022,Udinese,Empoli,4.0,1.0,H,1.0,0.0,H,13.0,15.0,5.0,4.0,4.0,7.0,18.0,13.0,1.0,4.0,0.0,0.0,1.8,3.75,4.5
2122,16/04/2022,Fiorentina,Venezia,1.0,0.0,H,1.0,0.0,H,22.0,3.0,6.0,1.0,5.0,0.0,15.0,17.0,4.0,4.0,0.0,0.0,1.36,5.0,8.5
2122,16/04/2022,Juventus,Bologna,1.0,1.0,D,0.0,0.0,D,23.0,9.0,4.0,2.0,4.0,5.0,11.0,11.0,1.0,5.0,0.0,2.0,1.33,5.0,10.0
2122,16/04/2022,Lazio,Torino,1.0,1.0,D,0.0,0.0,D,10.0,12.0,4.0,4.0,9.0,7.0,10.0,12.0,1.0,2.0,0.0,0.0,1.65,3.8,5.5
2122,18/04/2022,Napoli,Roma,1.0,1.0,D,1.0,0.0,H,9.0,8.0,4.0,6.0,5.0,5.0,21.0,12.0,4.0,2.0,0.0,0.0,1.9,3.6,4.0
2122,18/04/2022,Atalanta,Verona,1.0,2.0,A,0.0,1.0,A,17.0,21.0,4.0,6.0,10.0,1.0,13.0,13.0,3.0,3.0,0.0,0.0,1.65,4.1,5.0
2122,20/04/2022,Udinese,Salernitana,0.0,1.0,A,0.0,0.0,D,11.0,9.0,3.0,2.0,9.0,3.0,20.0,13.0,3.0,5.0,0.0,0.0,1.5,4.5,6.0
2122,23/04/2022,Torino,Spezia,2.0,1.0,H,1.0,0.0,H,14.0,7.0,6.0,2.0,5.0,6.0,9.0,13.0,1.0,2.0,0.0,0.0,1.66,3.6,5.5
2122,23/04/2022,Venezia,Atalanta,1.0,3.0,A,0.0,1.0,A,8.0,19.0,2.0,5.0,0.0,7.0,12.0,13.0,0.0,3.0,0.0,0.0,6.5,4.33,1.5
2122,23/04/2022,Inter,Roma,3.0,1.0,H,2.0,0.0,H,11.0,9.0,8.0,2.0,4.0,3.0,11.0,13.0,2.0,2.0,0.0,0.0,1.61,4.0,5.5
2122,23/04/2022,Verona,Sampdoria,1.0,1.0,D,0.0,1.0,A,12.0,4.0,1.0,3.0,4.0,5.0,15.0,15.0,1.0,3.0,0.0,0.0,1.75,3.75,4.6
2122,24/04/2022,Salernitana,Fiorentina,2.0,1.0,H,1.0,0.0,H,10.0,8.0,4.0,3.0,6.0,4.0,15.0,12.0,1.0,1.0,0.0,0.0,5.5,3.8,1.66
2122,24/04/2022,Bologna,Udinese,2.0,2.0,D,1.0,1.0,D,10.0,17.0,3.0,5.0,2.0,4.0,9.0,22.0,2.0,2.0,0.0,0.0,2.8,3.25,2.6
2122,24/04/2022,Empoli,Napoli,3.0,2.0,H,0.0,1.0,A,17.0,16.0,7.0,2.0,10.0,7.0,14.0,9.0,4.0,1.0,0.0,0.0,5.5,4.0,1.6
2122,24/04/2022,Genoa,Cagliari,1.0,0.0,H,0.0,0.0,D,13.0,11.0,2.0,1.0,2.0,3.0,21.0,18.0,3.0,2.0,0.0,0.0,2.2,3.25,3.5
2122,24/04/2022,Lazio,Milan,1.0,2.0,A,1.0,0.0,H,7.0,25.0,2.0,8.0,2.0,8.0,13.0,15.0,3.0,4.0,0.0,0.0,2.9,3.4,2.45
2122,25/04/2022,Sassuolo,Juventus,1.0,2.0,A,1.0,1.0,D,22.0,10.0,7.0,5.0,6.0,4.0,15.0,8.0,2.0,2.0,0.0,0.0,4.2,3.9,1.8
2122,27/04/2022,Fiorentina,Udinese,0.0,4.0,A,0.0,2.0,A,18.0,17.0,7.0,8.0,14.0,2.0,12.0,22.0,3.0,4.0,0.0,0.0,1.7,4.0,4.75
2122,27/04/2022,Atalanta,Torino,4.0,4.0,D,2.0,2.0,D,16.0,5.0,5.0,4.0,8.0,0.0,12.0,11.0,2.0,2.0,0.0,0.0,1.6,4.0,5.75
2122,27/04/2022,Bologna,Inter,2.0,1.0,H,1.0,1.0,D,5.0,26.0,3.0,7.0,0.0,7.0,11.0,9.0,1.0,3.0,0.0,0.0,7.0,5.0,1.4
2122,30/04/2022,Cagliari,Verona,1.0,2.0,A,0.0,2.0,A,14.0,13.0,5.0,4.0,2.0,2.0,16.0,17.0,2.0,4.0,0.0,0.0,2.45,3.6,2.75
2122,30/04/2022,Napoli,Sassuolo,6.0,1.0,H,4.0,0.0,H,18.0,13.0,8.0,4.0,4.0,3.0,10.0,9.0,0.0,3.0,0.0,0.0,1.45,4.75,6.5
2122,30/04/2022,Sampdoria,Genoa,1.0,0.0,H,1.0,0.0,H,10.0,14.0,2.0,4.0,1.0,2.0,13.0,23.0,3.0,1.0,0.0,0.0,2.75,3.25,2.62
2122,30/04/2022,Spezia,Lazio,3.0,4.0,A,2.0,1.0,H,9.0,22.0,3.0,9.0,4.0,5.0,15.0,10.0,3.0,1.0,0.0,0.0,5.5,3.75,1.65
2122,01/05/2022,Juventus,Venezia,2.0,1.0,H,1.0,0.0,H,17.0,9.0,4.0,3.0,8.0,4.0,17.0,12.0,3.0,3.0,0.0,0.0,1.2,6.5,15.0
2122,01/05/2022,Empoli,Torino,1.0,3.0,A,0.0,0.0,D,11.0,13.0,4.0,3.0,5.0,4.0,14.0,11.0,5.0,2.0,2.0,0.0,2.7,3.4,2.55
2122,01/05/2022,Milan,Fiorentina,1.0,0.0,H,0.0,0.0,D,13.0,8.0,2.0,2.0,2.0,2.0,17.0,17.0,1.0,3.0,0.0,0.0,1.61,4.0,5.5
2122,01/05/2022,Udinese,Inter,1.0,2.0,A,0.0,2.0,A,7.0,12.0,3.0,5.0,5.0,11.0,12.0,10.0,2.0,1.0,0.0,0.0,6.0,4.2,1.55
2122,01/05/2022,Roma,Bologna,0.0,0.0,D,0.0,0.0,D,17.0,10.0,5.0,4.0,10.0,5.0,10.0,9.0,0.0,1.0,0.0,0.0,1.5,4.5,6.0
2122,02/05/2022,Atalanta,Salernitana,1.0,1.0,D,0.0,1.0,A,20.0,11.0,5.0,9.0,11.0,4.0,13.0,9.0,3.0,2.0,0.0,0.0,1.25,6.5,9.5
2122,05/05/2022,Salernitana,Venezia,2.0,1.0,H,1.0,0.0,H,19.0,10.0,4.0,4.0,6.0,4.0,12.0,17.0,2.0,7.0,0.0,1.0,1.75,3.6,4.5
2122,06/05/2022,Inter,Empoli,4.0,2.0,H,2.0,2.0,D,37.0,4.0,10.0,2.0,15.0,2.0,10.0,9.0,1.0,0.0,0.0,0.0,1.14,9.0,15.0
2122,06/05/2022,Genoa,Juventus,2.0,1.0,H,0.0,0.0,D,18.0,12.0,6.0,4.0,9.0,2.0,13.0,15.0,2.0,3.0,0.0,0.0,3.75,3.3,2.05
2122,07/05/2022,Torino,Napoli,0.0,1.0,A,0.0,0.0,D,10.0,11.0,3.0,6.0,6.0,4.0,18.0,11.0,2.0,3.0,0.0,0.0,3.6,3.5,2.05
2122,07/05/2022,Sassuolo,Udinese,1.0,1.0,D,1.0,0.0,H,15.0,13.0,6.0,6.0,6.0,9.0,10.0,18.0,2.0,2.0,0.0,0.0,2.3,3.6,2.87
2122,07/05/2022,Lazio,Sampdoria,2.0,0.0,H,1.0,0.0,H,16.0,9.0,10.0,2.0,6.0,0.0,9.0,9.0,1.0,1.0,0.0,0.0,1.44,4.75,6.5
2122,08/05/2022,Spezia,Atalanta,1.0,3.0,A,1.0,1.0,D,5.0,17.0,1.0,6.0,0.0,3.0,10.0,12.0,2.0,3.0,0.0,0.0,6.5,4.75,1.45
2122,08/05/2022,Venezia,Bologna,4.0,3.0,H,2.0,1.0,H,18.0,23.0,9.0,10.0,4.0,8.0,10.0,13.0,2.0,4.0,0.0,0.0,2.87,3.5,2.35
2122,08/05/2022,Salernitana,Cagliari,1.0,1.0,D,0.0,0.0,D,13.0,9.0,2.0,3.0,7.0,6.0,12.0,17.0,5.0,2.0,1.0,1.0,2.37,3.4,3.0
2122,08/05/2022,Verona,Milan,1.0,3.0,A,1.0,1.0,D,10.0,18.0,3.0,8.0,5.0,8.0,15.0,7.0,2.0,1.0,0.0,0.0,4.33,4.2,1.7
2122,09/05/2022,Fiorentina,Roma,2.0,0.0,H,2.0,0.0,H,12.0,6.0,7.0,1.0,5.0,3.0,16.0,11.0,3.0,1.0,0.0,0.0,2.37,3.3,3.0
2122,14/05/2022,Empoli,Salernitana,1.0,1.0,D,1.0,0.0,H,16.0,28.0,6.0,9.0,3.0,11.0,18.0,8.0,2.0,2.0,0.0,0.0,3.1,3.75,2.1
2122,14/05/2022,Udinese,Spezia,2.0,3.0,A,1.0,2.0,A,17.0,10.0,6.0,6.0,4.0,2.0,19.0,10.0,3.0,2.0,0.0,0.0,1.83,3.9,4.0
2122,14/05/2022,Verona,Torino,0.0,1.0,A,0.0,1.0,A,10.0,11.0,5.0,5.0,4.0,4.0,17.0,18.0,4.0,2.0,0.0,0.0,2.3,3.5,3.0
2122,14/05/2022,Roma,Venezia,1.0,1.0,D,0.0,1.0,A,46.0,4.0,16.0,2.0,20.0,2.0,11.0,14.0,2.0,5.0,0.0,1.0,1.25,6.5,11.0
2122,15/05/2022,Bologna,Sassuolo,1.0,3.0,A,0.0,1.0,A,8.0,16.0,2.0,7.0,4.0,9.0,9.0,10.0,0.0,1.0,0.0,0.0,2.4,3.8,2.62
2122,15/05/2022,Napoli,Genoa,3.0,0.0,H,1.0,0.0,H,17.0,11.0,9.0,3.0,9.0,2.0,13.0,15.0,1.0,1.0,0.0,0.0,1.8,4.0,3.8
2122,15/05/2022,Milan,Atalanta,2.0,0.0,H,0.0,0.0,D,12.0,12.0,6.0,2.0,4.0,6.0,8.0,14.0,3.0,2.0,0.0,0.0,1.75,4.2,4.2
2122,15/05/2022,Cagliari,Inter,1.0,3.0,A,0.0,1.0,A,10.0,17.0,2.0,7.0,2.0,5.0,12.0,15.0,0.0,2.0,0.0,0.0,7.0,5.25,1.4
2122,16/05/2022,Sampdoria,Fiorentina,4.0,1.0,H,2.0,0.0,H,12.0,12.0,5.0,1.0,4.0,5.0,18.0,9.0,2.0,3.0,1.0,0.0,3.75,3.8,1.9
2122,16/05/2022,Juventus,Lazio,2.0,2.0,D,2.0,0.0,H,4.0,18.0,2.0,7.0,0.0,9.0,16.0,13.0,3.0,3.0,0.0,0.0,2.25,3.6,2.9
2122,20/05/2022,Torino,Roma,0.0,3.0,A,0.0,2.0,A,13.0,14.0,2.0,6.0,5.0,6.0,10.0,10.0,2.0,2.0,0.0,0.0,3.3,3.6,2.1
2122,21/05/2022,Genoa,Bologna,0.0,1.0,A,0.0,0.0,D,18.0,11.0,5.0,4.0,9.0,9.0,17.0,10.0,3.0,1.0,0.0,0.0,2.25,3.6,3.0
2122,21/05/2022,Atalanta,Empoli,0.0,1.0,A,0.0,0.0,D,40.0,7.0,10.0,3.0,15.0,2.0,6.0,7.0,1.0,1.0,0.0,0.0,1.22,7.0,11.0
2122,21/05/2022,Fiorentina,Juventus,2.0,0.0,H,1.0,0.0,H,13.0,1.0,4.0,0.0,6.0,2.0,13.0,14.0,3.0,3.0,0.0,0.0,1.8,3.8,4.2
2122,21/05/2022,Lazio,Verona,3.0,3.0,D,2.0,2.0,D,19.0,10.0,7.0,7.0,6.0,4.0,9.0,19.0,2.0,6.0,0.0,0.0,1.75,4.0,4.33
2122,22/05/2022,Spezia,Napoli,0.0,3.0,A,0.0,3.0,A,16.0,10.0,4.0,4.0,4.0,2.0,10.0,9.0,1.0,2.0,0.0,0.0,5.75,4.5,1.53
2122,22/05/2022,Inter,Sampdoria,3.0,0.0,H,0.0,0.0,D,27.0,9.0,12.0,3.0,8.0,2.0,6.0,12.0,1.0,2.0,0.0,0.0,1.14,8.0,19.0
2122,22/05/2022,Sassuolo,Milan,0.0,3.0,A,0.0,3.0,A,15.0,18.0,3.0,12.0,3.0,7.0,8.0,13.0,2.0,1.0,0.0,0.0,6.5,4.75,1.45
2122,22/05/2022,Salernitana,Udinese,0.0,4.0,A,0.0,3.0,A,25.0,19.0,10.0,11.0,7.0,1.0,11.0,12.0,1.0,1.0,0.0,0.0,1.7,4.0,4.75
2122,22/05/2022,Venezia,Cagliari,0.0,0.0,D,0.0,0.0,D,7.0,31.0,1.0,7.0,6.0,11.0,6.0,19.0,0.0,3.0,0.0,0.0,4.5,3.8,1.72
2223,13/08/2022,Milan,Udinese,4.0,2.0,H,2.0,2.0,D,14.0,9.0,5.0,4.0,5.0,1.0,16.0,13.0,1.0,4.0,0.0,0.0,1.44,4.75,7.0
2223,13/08/2022,Sampdoria,Atalanta,0.0,2.0,A,0.0,1.0,A,11.0,9.0,1.0,3.0,3.0,2.0,13.0,21.0,4.0,6.0,0.0,0.0,4.33,3.9,1.75
2223,13/08/2022,Lecce,Inter,1.0,2.0,A,0.0,1.0,A,10.0,19.0,4.0,9.0,6.0,8.0,21.0,19.0,4.0,2.0,0.0,0.0,10.0,5.75,1.28
2223,13/08/2022,Monza,Torino,1.0,2.0,A,0.0,1.0,A,15.0,13.0,4.0,6.0,2.0,7.0,6.0,17.0,1.0,2.0,0.0,0.0,2.6,3.3,2.75
2223,14/08/2022,Fiorentina,Cremonese,3.0,2.0,H,2.0,1.0,H,27.0,13.0,11.0,4.0,11.0,4.0,10.0,19.0,0.0,3.0,0.0,1.0,1.36,5.0,8.5
2223,14/08/2022,Lazio,Bologna,2.0,1.0,H,0.0,1.0,A,9.0,11.0,6.0,3.0,3.0,2.0,11.0,18.0,2.0,6.0,1.0,1.0,1.57,4.33,5.75
2223,14/08/2022,Salernitana,Roma,0.0,1.0,A,0.0,1.0,A,13.0,20.0,2.0,5.0,4.0,2.0,18.0,9.0,3.0,2.0,0.0,0.0,6.5,4.75,1.44
2223,14/08/2022,Spezia,Empoli,1.0,0.0,H,1.0,0.0,H,9.0,18.0,2.0,5.0,6.0,4.0,15.0,8.0,2.0,1.0,0.0,0.0,2.45,3.3,2.9
2223,15/08/2022,Verona,Napoli,2.0,5.0,A,1.0,2.0,A,6.0,25.0,3.0,8.0,4.0,8.0,15.0,6.0,2.0,2.0,0.0,0.0,3.5,3.5,2.05
2223,15/08/2022,Juventus,Sassuolo,3.0,0.0,H,2.0,0.0,H,14.0,19.0,4.0,7.0,3.0,2.0,7.0,5.0,1.0,3.0,0.0,0.0,1.44,4.75,7.0
2223,20/08/2022,Torino,Lazio,0.0,0.0,D,0.0,0.0,D,10.0,7.0,1.0,2.0,6.0,4.0,11.0,12.0,0.0,5.0,0.0,0.0,3.0,3.5,2.3
2223,20/08/2022,Udinese,Salernitana,0.0,0.0,D,0.0,0.0,D,15.0,17.0,2.0,6.0,6.0,6.0,9.0,12.0,2.0,4.0,1.0,0.0,1.75,3.8,4.5
2223,20/08/2022,Inter,Spezia,3.0,0.0,H,1.0,0.0,H,19.0,2.0,8.0,0.0,10.0,4.0,11.0,7.0,0.0,0.0,0.0,0.0,1.16,8.0,15.0
2223,20/08/2022,Sassuolo,Lecce,1.0,0.0,H,1.0,0.0,H,12.0,7.0,3.0,1.0,5.0,4.0,14.0,12.0,5.0,1.0,0.0,0.0,1.75,4.0,4.2
2223,21/08/2022,Empoli,Fiorentina,0.0,0.0,D,0.0,0.0,D,4.0,19.0,2.0,2.0,1.0,9.0,13.0,11.0,1.0,3.0,1.0,0.0,3.75,3.8,1.9
2223,21/08/2022,Napoli,Monza,4.0,0.0,H,2.0,0.0,H,22.0,4.0,5.0,1.0,10.0,4.0,11.0,13.0,2.0,1.0,0.0,0.0,1.33,5.5,8.0
2223,21/08/2022,Atalanta,Milan,1.0,1.0,D,1.0,0.0,H,11.0,18.0,2.0,7.0,4.0,6.0,15.0,6.0,4.0,3.0,0.0,0.0,2.75,3.5,2.5
2223,21/08/2022,Bologna,Verona,1.0,1.0,D,1.0,1.0,D,17.0,19.0,5.0,3.0,9.0,8.0,10.0,14.0,3.0,3.0,1.0,0.0,2.15,3.5,3.3
2223,22/08/2022,Roma,Cremonese,1.0,0.0,H,0.0,0.0,D,27.0,14.0,12.0,3.0,5.0,6.0,7.0,14.0,0.0,3.0,0.0,0.0,1.25,6.5,11.0
2223,22/08/2022,Sampdoria,Juventus,0.0,0.0,D,0.0,0.0,D,10.0,10.0,1.0,4.0,3.0,4.0,8.0,14.0,3.0,2.0,0.0,0.0,5.75,4.0,1.6
2223,26/08/2022,Monza,Udinese,1.0,2.0,A,1.0,1.0,D,10.0,15.0,5.0,4.0,3.0,5.0,16.0,10.0,3.0,2.0,0.0,0.0,3.1,3.4,2.3
2223,26/08/2022,Lazio,Inter,3.0,1.0,H,1.0,0.0,H,11.0,19.0,7.0,7.0,2.0,4.0,5.0,12.0,2.0,1.0,0.0,0.0,4.0,3.8,1.83
2223,27/08/2022,Cremonese,Torino,1.0,2.0,A,0.0,1.0,A,16.0,14.0,6.0,5.0,3.0,3.0,9.0,21.0,0.0,3.0,0.0,0.0,3.2,3.4,2.25
2223,27/08/2022,Juventus,Roma,1.0,1.0,D,1.0,0.0,H,14.0,8.0,3.0,4.0,4.0,5.0,16.0,7.0,2.0,2.0,0.0,0.0,2.3,3.3,3.1
2223,27/08/2022,Milan,Bologna,2.0,0.0,H,1.0,0.0,H,19.0,8.0,7.0,0.0,5.0,1.0,13.0,9.0,2.0,1.0,0.0,0.0,1.33,5.5,8.5
2223,27/08/2022,Spezia,Sassuolo,2.0,2.0,D,2.0,1.0,H,7.0,21.0,2.0,8.0,2.0,6.0,17.0,10.0,2.0,1.0,1.0,0.0,3.0,3.6,2.25
2223,28/08/2022,Salernitana,Sampdoria,4.0,0.0,H,2.0,0.0,H,9.0,17.0,6.0,6.0,6.0,3.0,19.0,14.0,2.0,2.0,0.0,0.0,2.45,3.2,3.0
2223,28/08/2022,Verona,Atalanta,0.0,1.0,A,0.0,0.0,D,14.0,15.0,2.0,7.0,7.0,6.0,15.0,7.0,3.0,3.0,0.0,0.0,4.2,4.0,1.75
2223,28/08/2022,Fiorentina,Napoli,0.0,0.0,D,0.0,0.0,D,10.0,13.0,5.0,2.0,2.0,3.0,12.0,14.0,2.0,3.0,0.0,0.0,3.25,3.6,2.15
2223,28/08/2022,Lecce,Empoli,1.0,1.0,D,1.0,1.0,D,15.0,9.0,5.0,3.0,3.0,5.0,10.0,5.0,1.0,2.0,0.0,0.0,2.3,3.5,3.0
2223,30/08/2022,Sassuolo,Milan,0.0,0.0,D,0.0,0.0,D,8.0,10.0,3.0,2.0,3.0,8.0,14.0,13.0,5.0,2.0,0.0,0.0,5.25,4.33,1.57
2223,30/08/2022,Inter,Cremonese,3.0,1.0,H,2.0,0.0,H,18.0,11.0,7.0,4.0,6.0,6.0,6.0,14.0,0.0,3.0,0.0,0.0,1.14,8.0,21.0
2223,30/08/2022,Roma,Monza,3.0,0.0,H,2.0,0.0,H,14.0,13.0,7.0,1.0,5.0,4.0,10.0,7.0,0.0,3.0,0.0,0.0,1.3,5.5,10.0
2223,31/08/2022,Empoli,Verona,1.0,1.0,D,1.0,0.0,H,16.0,9.0,4.0,3.0,7.0,10.0,5.0,21.0,0.0,4.0,0.0,0.0,2.62,3.3,2.7
2223,31/08/2022,Sampdoria,Lazio,1.0,1.0,D,0.0,1.0,A,10.0,13.0,3.0,6.0,5.0,7.0,10.0,7.0,0.0,2.0,0.0,0.0,4.2,3.6,1.85
2223,31/08/2022,Udinese,Fiorentina,1.0,0.0,H,1.0,0.0,H,8.0,12.0,3.0,2.0,3.0,7.0,13.0,9.0,1.0,2.0,0.0,0.0,2.7,3.5,2.5
2223,31/08/2022,Juventus,Spezia,2.0,0.0,H,1.0,0.0,H,15.0,9.0,3.0,0.0,7.0,3.0,1.0,4.0,0.0,2.0,0.0,0.0,1.28,5.75,12.0
2223,31/08/2022,Napoli,Lecce,1.0,1.0,D,1.0,1.0,D,19.0,9.0,7.0,4.0,6.0,4.0,1.0,3.0,1.0,4.0,0.0,0.0,1.25,6.25,11.0
2223,01/09/2022,Atalanta,Torino,3.0,1.0,H,1.0,0.0,H,12.0,8.0,5.0,2.0,7.0,2.0,14.0,13.0,1.0,3.0,0.0,0.0,1.72,3.75,5.25
2223,01/09/2022,Bologna,Salernitana,1.0,1.0,D,0.0,0.0,D,11.0,20.0,4.0,4.0,1.0,8.0,10.0,11.0,2.0,2.0,0.0,0.0,1.85,3.6,4.33
2223,03/09/2022,Fiorentina,Juventus,1.0,1.0,D,1.0,1.0,D,17.0,4.0,5.0,1.0,10.0,2.0,13.0,12.0,1.0,3.0,0.0,0.0,3.0,3.25,2.4
2223,03/09/2022,Milan,Inter,3.0,2.0,H,1.0,1.0,D,21.0,16.0,5.0,5.0,2.0,5.0,10.0,12.0,5.0,2.0,0.0,0.0,2.8,3.25,2.6
2223,03/09/2022,Lazio,Napoli,1.0,2.0,A,1.0,1.0,D,8.0,19.0,2.0,7.0,6.0,8.0,12.0,14.0,4.0,0.0,0.0,0.0,2.9,3.5,2.37
2223,04/09/2022,Cremonese,Sassuolo,0.0,0.0,D,0.0,0.0,D,10.0,17.0,0.0,7.0,2.0,3.0,16.0,6.0,1.0,1.0,0.0,0.0,3.0,3.5,2.25
2223,04/09/2022,Spezia,Bologna,2.0,2.0,D,1.0,1.0,D,15.0,13.0,5.0,6.0,7.0,2.0,12.0,5.0,4.0,1.0,0.0,0.0,3.0,3.3,2.37
2223,04/09/2022,Verona,Sampdoria,2.0,1.0,H,2.0,1.0,H,17.0,11.0,9.0,3.0,7.0,2.0,16.0,11.0,2.0,2.0,0.0,0.0,2.05,3.6,3.6
2223,04/09/2022,Udinese,Roma,4.0,0.0,H,1.0,0.0,H,11.0,12.0,5.0,2.0,3.0,7.0,16.0,13.0,3.0,2.0,0.0,0.0,4.2,3.75,1.85
2223,05/09/2022,Monza,Atalanta,0.0,2.0,A,0.0,0.0,D,11.0,13.0,3.0,6.0,4.0,9.0,9.0,10.0,1.0,1.0,0.0,0.0,5.75,4.2,1.57
2223,05/09/2022,Salernitana,Empoli,2.0,2.0,D,1.0,1.0,D,15.0,11.0,4.0,5.0,6.0,7.0,7.0,9.0,3.0,2.0,0.0,0.0,2.25,3.4,3.2
2223,05/09/2022,Torino,Lecce,1.0,0.0,H,1.0,0.0,H,13.0,10.0,4.0,2.0,4.0,4.0,16.0,8.0,2.0,1.0,0.0,0.0,1.7,3.75,5.25
2223,10/09/2022,Napoli,Spezia,1.0,0.0,H,0.0,0.0,D,28.0,10.0,6.0,1.0,10.0,5.0,6.0,14.0,1.0,2.0,0.0,0.0,1.25,6.0,11.0
2223,10/09/2022,Inter,Torino,1.0,0.0,H,0.0,0.0,D,16.0,9.0,3.0,7.0,6.0,5.0,8.0,17.0,1.0,2.0,0.0,0.0,1.45,4.75,7.0
2223,10/09/2022,Sampdoria,Milan,1.0,2.0,A,0.0,1.0,A,10.0,15.0,4.0,4.0,2.0,4.0,12.0,10.0,5.0,2.0,0.0,1.0,6.0,4.5,1.5
2223,11/09/2022,Atalanta,Cremonese,1.0,1.0,D,0.0,0.0,D,14.0,7.0,6.0,4.0,3.0,3.0,9.0,17.0,2.0,5.0,0.0,0.0,1.3,5.5,9.5
2223,11/09/2022,Bologna,Fiorentina,2.0,1.0,H,0.0,0.0,D,12.0,13.0,4.0,2.0,6.0,8.0,8.0,13.0,1.0,4.0,0.0,1.0,2.9,3.4,2.45
2223,11/09/2022,Lecce,Monza,1.0,1.0,D,0.0,1.0,A,7.0,2.0,3.0,1.0,8.0,5.0,18.0,22.0,3.0,3.0,0.0,0.0,2.25,3.4,3.2
2223,11/09/2022,Sassuolo,Udinese,1.0,3.0,A,1.0,0.0,H,5.0,17.0,2.0,4.0,5.0,6.0,7.0,15.0,1.0,3.0,1.0,0.0,2.7,3.5,2.55
2223,11/09/2022,Lazio,Verona,2.0,0.0,H,0.0,0.0,D,15.0,7.0,6.0,1.0,3.0,5.0,5.0,23.0,2.0,5.0,0.0,0.0,1.57,4.2,5.5
2223,11/09/2022,Juventus,Salernitana,2.0,2.0,D,0.0,2.0,A,22.0,11.0,7.0,5.0,8.0,2.0,13.0,15.0,5.0,4.0,2.0,1.0,1.4,4.5,8.5
2223,12/09/2022,Empoli,Roma,1.0,2.0,A,1.0,1.0,D,20.0,13.0,3.0,7.0,7.0,7.0,13.0,12.0,3.0,1.0,1.0,0.0,5.0,3.8,1.7
2223,16/09/2022,Salernitana,Lecce,1.0,2.0,A,0.0,1.0,A,8.0,13.0,4.0,4.0,4.0,5.0,9.0,11.0,1.0,3.0,0.0,0.0,2.25,3.3,3.3
2223,17/09/2022,Bologna,Empoli,0.0,1.0,A,0.0,0.0,D,16.0,12.0,3.0,5.0,5.0,8.0,11.0,16.0,2.0,3.0,0.0,0.0,2.1,3.5,3.4
2223,17/09/2022,Spezia,Sampdoria,2.0,1.0,H,1.0,1.0,D,6.0,11.0,3.0,8.0,3.0,6.0,17.0,14.0,4.0,5.0,0.0,0.0,2.7,3.25,2.7
2223,17/09/2022,Torino,Sassuolo,0.0,1.0,A,0.0,0.0,D,12.0,10.0,3.0,5.0,4.0,3.0,13.0,7.0,4.0,1.0,0.0,0.0,1.8,3.75,4.5
2223,18/09/2022,Udinese,Inter,3.0,1.0,H,1.0,1.0,D,20.0,14.0,6.0,3.0,7.0,4.0,11.0,13.0,3.0,4.0,0.0,0.0,3.8,3.6,1.95
2223,18/09/2022,Cremonese,Lazio,0.0,4.0,A,0.0,3.0,A,18.0,14.0,3.0,6.0,8.0,5.0,12.0,9.0,1.0,1.0,0.0,0.0,4.33,3.75,1.8
2223,18/09/2022,Fiorentina,Verona,2.0,0.0,H,1.0,0.0,H,15.0,8.0,9.0,1.0,7.0,3.0,18.0,17.0,4.0,4.0,0.0,0.0,1.75,3.8,4.5
2223,18/09/2022,Monza,Juventus,1.0,0.0,H,0.0,0.0,D,17.0,10.0,4.0,2.0,5.0,3.0,16.0,17.0,2.0,1.0,0.0,1.0,4.5,3.6,1.8
2223,18/09/2022,Roma,Atalanta,0.0,1.0,A,0.0,1.0,A,21.0,4.0,5.0,1.0,5.0,1.0,9.0,19.0,0.0,7.0,0.0,0.0,2.05,3.5,3.5
2223,18/09/2022,Milan,Napoli,1.0,2.0,A,0.0,0.0,D,22.0,9.0,5.0,4.0,9.0,4.0,18.0,11.0,4.0,3.0,0.0,0.0,2.15,3.5,3.3
2223,01/10/2022,Napoli,Torino,3.0,1.0,H,3.0,1.0,H,15.0,16.0,7.0,3.0,4.0,4.0,4.0,17.0,0.0,2.0,0.0,0.0,1.6,4.0,5.75
2223,01/10/2022,Inter,Roma,1.0,2.0,A,1.0,1.0,D,15.0,10.0,2.0,3.0,5.0,1.0,15.0,14.0,4.0,3.0,0.0,0.0,2.0,3.5,3.75
2223,01/10/2022,Empoli,Milan,1.0,3.0,A,0.0,0.0,D,16.0,19.0,4.0,6.0,3.0,7.0,15.0,10.0,4.0,2.0,0.0,0.0,5.5,4.0,1.6
2223,02/10/2022,Lazio,Spezia,4.0,0.0,H,2.0,0.0,H,13.0,14.0,6.0,2.0,3.0,6.0,3.0,14.0,0.0,2.0,0.0,0.0,1.4,5.0,7.5
2223,02/10/2022,Lecce,Cremonese,1.0,1.0,D,1.0,1.0,D,6.0,13.0,1.0,4.0,1.0,8.0,11.0,15.0,3.0,1.0,0.0,0.0,2.05,3.4,3.75
2223,02/10/2022,Sampdoria,Monza,0.0,3.0,A,0.0,1.0,A,3.0,13.0,1.0,6.0,2.0,4.0,16.0,24.0,2.0,2.0,0.0,0.0,2.25,3.4,3.2
2223,02/10/2022,Sassuolo,Salernitana,5.0,0.0,H,2.0,0.0,H,17.0,6.0,11.0,1.0,1.0,2.0,10.0,8.0,1.0,1.0,0.0,0.0,2.0,3.75,3.5
2223,02/10/2022,Atalanta,Fiorentina,1.0,0.0,H,0.0,0.0,D,10.0,16.0,5.0,5.0,1.0,5.0,12.0,10.0,2.0,2.0,0.0,0.0,1.95,3.5,4.0
2223,02/10/2022,Juventus,Bologna,3.0,0.0,H,1.0,0.0,H,17.0,9.0,6.0,1.0,2.0,4.0,11.0,15.0,0.0,1.0,0.0,0.0,1.5,4.33,6.5
2223,03/10/2022,Verona,Udinese,1.0,2.0,A,1.0,0.0,H,7.0,21.0,2.0,8.0,4.0,9.0,15.0,11.0,3.0,3.0,0.0,0.0,3.25,3.4,2.2
2223,08/10/2022,Sassuolo,Inter,1.0,2.0,A,0.0,1.0,A,15.0,16.0,3.0,4.0,6.0,5.0,14.0,17.0,3.0,2.0,0.0,0.0,4.33,4.2,1.7
2223,08/10/2022,Milan,Juventus,2.0,0.0,H,1.0,0.0,H,21.0,10.0,3.0,3.0,9.0,3.0,7.0,7.0,2.0,3.0,0.0,0.0,2.05,3.4,3.6
2223,08/10/2022,Bologna,Sampdoria,1.0,1.0,D,1.0,0.0,H,10.0,9.0,3.0,3.0,2.0,5.0,17.0,21.0,2.0,3.0,0.0,0.0,2.05,3.5,3.6
2223,09/10/2022,Torino,Empoli,1.0,1.0,D,0.0,0.0,D,20.0,6.0,7.0,2.0,6.0,1.0,15.0,9.0,2.0,4.0,0.0,0.0,1.72,3.6,5.0
2223,09/10/2022,Monza,Spezia,2.0,0.0,H,1.0,0.0,H,7.0,9.0,4.0,1.0,3.0,6.0,10.0,20.0,3.0,2.0,0.0,0.0,1.9,3.6,4.0
2223,09/10/2022,Salernitana,Verona,2.0,1.0,H,1.0,0.0,H,14.0,12.0,4.0,2.0,1.0,6.0,9.0,15.0,3.0,3.0,1.0,1.0,2.4,3.4,2.87
2223,09/10/2022,Udinese,Atalanta,2.0,2.0,D,0.0,1.0,A,10.0,9.0,2.0,5.0,5.0,3.0,11.0,12.0,2.0,3.0,0.0,0.0,2.5,3.4,2.75
2223,09/10/2022,Cremonese,Napoli,1.0,4.0,A,0.0,1.0,A,12.0,21.0,1.0,10.0,5.0,2.0,18.0,6.0,2.0,0.0,0.0,0.0,7.0,4.5,1.45
2223,09/10/2022,Roma,Lecce,2.0,1.0,H,1.0,1.0,D,20.0,6.0,6.0,3.0,13.0,4.0,12.0,11.0,2.0,2.0,0.0,1.0,1.33,5.25,8.5
2223,10/10/2022,Fiorentina,Lazio,0.0,4.0,A,0.0,2.0,A,24.0,10.0,3.0,6.0,9.0,2.0,17.0,9.0,4.0,1.0,0.0,0.0,2.4,3.5,2.8
2223,15/10/2022,Empoli,Monza,1.0,0.0,H,1.0,0.0,H,11.0,16.0,5.0,4.0,2.0,9.0,17.0,14.0,5.0,3.0,0.0,1.0,2.55,3.3,2.8
2223,15/10/2022,Torino,Juventus,0.0,1.0,A,0.0,0.0,D,15.0,14.0,2.0,8.0,3.0,6.0,11.0,8.0,2.0,0.0,0.0,0.0,3.0,3.1,2.5
2223,15/10/2022,Atalanta,Sassuolo,2.0,1.0,H,1.0,1.0,D,16.0,11.0,4.0,3.0,3.0,3.0,10.0,8.0,1.0,4.0,0.0,0.0,1.65,4.0,5.0
2223,16/10/2022,Inter,Salernitana,2.0,0.0,H,1.0,0.0,H,16.0,8.0,6.0,3.0,6.0,4.0,12.0,14.0,0.0,1.0,0.0,0.0,1.3,5.75,9.0
2223,16/10/2022,Lazio,Udinese,0.0,0.0,D,0.0,0.0,D,8.0,12.0,3.0,2.0,7.0,3.0,8.0,11.0,1.0,4.0,0.0,0.0,2.2,3.5,3.25
2223,16/10/2022,Spezia,Cremonese,2.0,2.0,D,2.0,1.0,H,15.0,24.0,6.0,4.0,6.0,8.0,12.0,11.0,2.0,0.0,0.0,0.0,2.45,3.2,3.1
2223,16/10/2022,Napoli,Bologna,3.0,2.0,H,1.0,1.0,D,30.0,16.0,11.0,3.0,6.0,4.0,6.0,10.0,0.0,4.0,0.0,0.0,1.25,6.0,11.0
2223,16/10/2022,Verona,Milan,1.0,2.0,A,1.0,1.0,D,19.0,16.0,5.0,6.0,9.0,3.0,7.0,9.0,3.0,2.0,0.0,0.0,6.0,4.0,1.57
2223,17/10/2022,Sampdoria,Roma,0.0,1.0,A,0.0,1.0,A,8.0,7.0,1.0,4.0,4.0,3.0,20.0,20.0,5.0,3.0,0.0,0.0,4.75,3.75,1.72
2223,17/10/2022,Lecce,Fiorentina,1.0,1.0,D,1.0,0.0,H,6.0,10.0,2.0,5.0,2.0,8.0,15.0,16.0,5.0,5.0,1.0,0.0,3.75,3.4,2.05
2223,21/10/2022,Juventus,Empoli,4.0,0.0,H,1.0,0.0,H,21.0,12.0,7.0,4.0,6.0,4.0,13.0,11.0,2.0,2.0,0.0,0.0,1.4,5.0,7.0
2223,22/10/2022,Salernitana,Spezia,1.0,0.0,H,0.0,0.0,D,17.0,14.0,4.0,2.0,4.0,7.0,9.0,8.0,2.0,4.0,0.0,0.0,2.0,3.5,3.8
2223,22/10/2022,Milan,Monza,4.0,1.0,H,2.0,0.0,H,12.0,16.0,7.0,6.0,2.0,2.0,18.0,9.0,1.0,1.0,0.0,0.0,1.4,5.0,7.5
2223,22/10/2022,Fiorentina,Inter,3.0,4.0,A,1.0,2.0,A,10.0,8.0,4.0,7.0,1.0,2.0,15.0,14.0,4.0,3.0,0.0,0.0,3.6,3.5,2.05
2223,23/10/2022,Udinese,Torino,1.0,2.0,A,1.0,1.0,D,16.0,15.0,4.0,4.0,7.0,4.0,12.0,15.0,3.0,4.0,0.0,0.0,2.0,3.3,4.0
2223,23/10/2022,Bologna,Lecce,2.0,0.0,H,2.0,0.0,H,12.0,9.0,3.0,3.0,9.0,4.0,11.0,14.0,5.0,2.0,0.0,0.0,2.15,3.2,3.75
2223,23/10/2022,Atalanta,Lazio,0.0,2.0,A,0.0,1.0,A,7.0,12.0,0.0,5.0,5.0,8.0,15.0,9.0,4.0,2.0,1.0,0.0,1.95,3.5,4.0
2223,23/10/2022,Roma,Napoli,0.0,1.0,A,0.0,0.0,D,6.0,12.0,0.0,5.0,3.0,4.0,14.0,12.0,3.0,4.0,0.0,0.0,2.87,3.5,2.4
2223,24/10/2022,Cremonese,Sampdoria,0.0,1.0,A,0.0,0.0,D,21.0,8.0,4.0,4.0,5.0,1.0,16.0,15.0,3.0,4.0,0.0,0.0,2.4,3.3,3.0
2223,24/10/2022,Sassuolo,Verona,2.0,1.0,H,1.0,1.0,D,14.0,13.0,3.0,5.0,4.0,5.0,7.0,19.0,1.0,3.0,0.0,0.0,1.95,3.5,4.0
2223,29/10/2022,Napoli,Sassuolo,4.0,0.0,H,3.0,0.0,H,18.0,10.0,6.0,6.0,11.0,5.0,5.0,6.0,0.0,3.0,0.0,1.0,1.28,6.0,8.5
2223,29/10/2022,Lecce,Juventus,0.0,1.0,A,0.0,0.0,D,5.0,13.0,0.0,5.0,7.0,7.0,16.0,13.0,3.0,5.0,0.0,0.0,4.33,3.3,1.9
2223,29/10/2022,Inter,Sampdoria,3.0,0.0,H,2.0,0.0,H,17.0,9.0,8.0,2.0,3.0,3.0,5.0,13.0,1.0,6.0,0.0,0.0,1.25,6.0,12.0
2223,30/10/2022,Empoli,Atalanta,0.0,2.0,A,0.0,1.0,A,13.0,20.0,3.0,6.0,7.0,2.0,10.0,13.0,2.0,1.0,0.0,0.0,4.33,3.8,1.8
2223,30/10/2022,Cremonese,Udinese,0.0,0.0,D,0.0,0.0,D,13.0,13.0,2.0,3.0,7.0,4.0,8.0,9.0,1.0,0.0,0.0,0.0,4.0,3.8,1.85
2223,30/10/2022,Spezia,Fiorentina,1.0,2.0,A,1.0,1.0,D,10.0,27.0,6.0,5.0,5.0,5.0,19.0,14.0,5.0,3.0,1.0,0.0,4.0,3.6,1.9
2223,30/10/2022,Lazio,Salernitana,1.0,3.0,A,1.0,0.0,H,13.0,10.0,4.0,6.0,4.0,5.0,10.0,7.0,3.0,3.0,0.0,0.0,1.5,4.5,6.5
2223,30/10/2022,Torino,Milan,2.0,1.0,H,2.0,0.0,H,7.0,12.0,4.0,1.0,6.0,1.0,11.0,16.0,5.0,2.0,0.0,0.0,3.75,3.3,2.1
2223,31/10/2022,Verona,Roma,1.0,3.0,A,1.0,1.0,D,7.0,14.0,3.0,6.0,2.0,4.0,9.0,9.0,3.0,1.0,1.0,0.0,4.33,3.6,1.83
2223,31/10/2022,Monza,Bologna,1.0,2.0,A,0.0,0.0,D,9.0,10.0,3.0,5.0,4.0,5.0,13.0,18.0,4.0,2.0,0.0,0.0,2.2,3.3,3.4
2223,04/11/2022,Udinese,Lecce,1.0,1.0,D,0.0,1.0,A,16.0,9.0,5.0,1.0,3.0,2.0,12.0,18.0,2.0,3.0,0.0,0.0,1.61,3.9,5.5
2223,05/11/2022,Empoli,Sassuolo,1.0,0.0,H,0.0,0.0,D,17.0,10.0,1.0,3.0,3.0,6.0,11.0,11.0,2.0,0.0,0.0,0.0,2.8,3.4,2.45
2223,05/11/2022,Salernitana,Cremonese,2.0,2.0,D,2.0,1.0,H,11.0,11.0,2.0,5.0,2.0,2.0,14.0,10.0,2.0,2.0,0.0,0.0,2.15,3.6,3.3
2223,05/11/2022,Atalanta,Napoli,1.0,2.0,A,1.0,2.0,A,17.0,7.0,4.0,5.0,5.0,2.0,10.0,9.0,5.0,1.0,0.0,0.0,3.3,3.6,2.15
2223,05/11/2022,Milan,Spezia,2.0,1.0,H,1.0,0.0,H,23.0,13.0,11.0,5.0,3.0,6.0,12.0,13.0,6.0,4.0,1.0,0.0,1.22,6.0,13.0
2223,06/11/2022,Bologna,Torino,2.0,1.0,H,0.0,1.0,A,9.0,7.0,5.0,2.0,3.0,1.0,14.0,17.0,3.0,3.0,0.0,0.0,3.0,3.1,2.5
2223,06/11/2022,Monza,Verona,2.0,0.0,H,0.0,0.0,D,14.0,7.0,3.0,2.0,5.0,2.0,10.0,10.0,3.0,1.0,0.0,1.0,2.2,3.4,3.3
2223,06/11/2022,Sampdoria,Fiorentina,0.0,2.0,A,0.0,1.0,A,14.0,5.0,2.0,4.0,4.0,4.0,10.0,18.0,1.0,0.0,0.0,0.0,4.2,3.4,1.9
2223,06/11/2022,Roma,Lazio,0.0,1.0,A,0.0,1.0,A,8.0,5.0,2.0,3.0,4.0,2.0,18.0,14.0,2.0,3.0,0.0,0.0,2.0,3.5,3.8
2223,06/11/2022,Juventus,Inter,2.0,0.0,H,0.0,0.0,D,8.0,14.0,3.0,4.0,2.0,8.0,16.0,13.0,2.0,2.0,0.0,0.0,3.1,3.4,2.37
2223,08/11/2022,Napoli,Empoli,2.0,0.0,H,0.0,0.0,D,18.0,6.0,4.0,1.0,5.0,0.0,12.0,16.0,1.0,6.0,0.0,1.0,1.25,6.5,9.5
2223,08/11/2022,Spezia,Udinese,1.0,1.0,D,1.0,1.0,D,21.0,10.0,6.0,2.0,9.0,0.0,12.0,12.0,3.0,3.0,0.0,0.0,4.0,3.5,1.9
2223,08/11/2022,Cremonese,Milan,0.0,0.0,D,0.0,0.0,D,6.0,16.0,1.0,5.0,2.0,4.0,16.0,10.0,4.0,3.0,0.0,0.0,6.0,4.2,1.55
2223,09/11/2022,Lecce,Atalanta,2.0,1.0,H,2.0,1.0,H,15.0,12.0,3.0,4.0,4.0,3.0,11.0,12.0,1.0,2.0,0.0,0.0,4.75,3.5,1.8
2223,09/11/2022,Sassuolo,Roma,1.0,1.0,D,0.0,0.0,D,14.0,10.0,6.0,4.0,3.0,2.0,11.0,11.0,5.0,3.0,0.0,0.0,3.4,3.6,2.1
2223,09/11/2022,Fiorentina,Salernitana,2.0,1.0,H,1.0,0.0,H,18.0,4.0,7.0,1.0,4.0,3.0,10.0,11.0,0.0,1.0,0.0,0.0,1.53,4.2,6.25
2223,09/11/2022,Inter,Bologna,6.0,1.0,H,3.0,1.0,H,13.0,10.0,7.0,4.0,4.0,4.0,10.0,11.0,1.0,5.0,0.0,0.0,1.28,5.75,10.0
2223,09/11/2022,Torino,Sampdoria,2.0,0.0,H,1.0,0.0,H,8.0,11.0,5.0,1.0,4.0,3.0,14.0,21.0,1.0,3.0,0.0,0.0,1.61,3.8,5.75
2223,10/11/2022,Verona,Juventus,0.0,1.0,A,0.0,0.0,D,15.0,11.0,2.0,3.0,5.0,4.0,14.0,13.0,3.0,2.0,0.0,1.0,5.0,3.8,1.66
2223,10/11/2022,Lazio,Monza,1.0,0.0,H,0.0,0.0,D,12.0,8.0,4.0,0.0,4.0,3.0,15.0,14.0,2.0,1.0,0.0,0.0,1.61,4.2,5.0
2223,11/11/2022,Empoli,Cremonese,2.0,0.0,H,0.0,0.0,D,13.0,19.0,6.0,5.0,4.0,9.0,9.0,14.0,1.0,2.0,0.0,0.0,2.5,3.4,2.8
2223,12/11/2022,Napoli,Udinese,3.0,2.0,H,2.0,0.0,H,15.0,10.0,5.0,4.0,5.0,3.0,12.0,13.0,2.0,3.0,0.0,0.0,1.5,4.75,5.75
2223,12/11/2022,Sampdoria,Lecce,0.0,2.0,A,0.0,1.0,A,11.0,11.0,2.0,3.0,9.0,0.0,14.0,19.0,2.0,3.0,0.0,0.0,2.62,3.0,3.0
2223,12/11/2022,Bologna,Sassuolo,3.0,0.0,H,1.0,0.0,H,8.0,9.0,4.0,3.0,4.0,6.0,12.0,6.0,1.0,0.0,0.0,0.0,2.3,3.5,3.0
2223,13/11/2022,Atalanta,Inter,2.0,3.0,A,1.0,1.0,D,19.0,14.0,7.0,3.0,5.0,4.0,10.0,11.0,0.0,3.0,0.0,0.0,3.1,3.75,2.2
2223,13/11/2022,Monza,Salernitana,3.0,0.0,H,2.0,0.0,H,19.0,5.0,7.0,0.0,6.0,1.0,9.0,11.0,0.0,2.0,0.0,1.0,2.15,3.25,3.6
2223,13/11/2022,Roma,Torino,1.0,1.0,D,0.0,0.0,D,13.0,10.0,4.0,2.0,7.0,0.0,13.0,10.0,3.0,2.0,0.0,0.0,1.9,3.4,4.33
2223,13/11/2022,Verona,Spezia,1.0,2.0,A,1.0,0.0,H,18.0,16.0,5.0,9.0,2.0,10.0,13.0,21.0,2.0,4.0,0.0,0.0,2.1,3.4,3.6
2223,13/11/2022,Milan,Fiorentina,2.0,1.0,H,1.0,1.0,D,12.0,11.0,3.0,5.0,5.0,7.0,13.0,11.0,1.0,4.0,0.0,0.0,1.7,3.8,5.0
2223,13/11/2022,Juventus,Lazio,3.0,0.0,H,1.0,0.0,H,13.0,10.0,9.0,3.0,2.0,6.0,10.0,8.0,2.0,1.0,0.0,0.0,1.95,3.5,4.0
2223,04/01/2023,Salernitana,Milan,1.0,2.0,A,0.0,2.0,A,8.0,16.0,1.0,10.0,6.0,2.0,21.0,13.0,4.0,1.0,0.0,0.0,7.0,4.33,1.45
2223,04/01/2023,Sassuolo,Sampdoria,1.0,2.0,A,0.0,2.0,A,16.0,9.0,4.0,4.0,9.0,1.0,16.0,19.0,2.0,3.0,0.0,0.0,1.73,3.75,4.75
2223,04/01/2023,Spezia,Atalanta,2.0,2.0,D,2.0,0.0,H,7.0,19.0,3.0,3.0,3.0,8.0,11.0,11.0,3.0,3.0,0.0,0.0,4.75,3.8,1.67
2223,04/01/2023,Torino,Verona,1.0,1.0,D,0.0,1.0,A,9.0,10.0,3.0,2.0,6.0,3.0,7.0,17.0,1.0,1.0,0.0,0.0,1.83,3.4,4.5
2223,04/01/2023,Lecce,Lazio,2.0,1.0,H,0.0,1.0,A,11.0,8.0,4.0,2.0,4.0,3.0,16.0,13.0,3.0,2.0,0.0,0.0,3.6,3.3,2.05
2223,04/01/2023,Roma,Bologna,1.0,0.0,H,1.0,0.0,H,14.0,10.0,4.0,2.0,3.0,3.0,10.0,10.0,2.0,3.0,0.0,0.0,1.6,3.8,5.5
2223,04/01/2023,Cremonese,Juventus,0.0,1.0,A,0.0,0.0,D,13.0,19.0,3.0,8.0,3.0,8.0,12.0,12.0,5.0,3.0,0.0,0.0,4.75,3.8,1.67
2223,04/01/2023,Fiorentina,Monza,1.0,1.0,D,1.0,0.0,H,22.0,10.0,6.0,3.0,9.0,1.0,11.0,13.0,1.0,3.0,0.0,0.0,1.7,3.8,4.75
2223,04/01/2023,Inter,Napoli,1.0,0.0,H,0.0,0.0,D,6.0,9.0,1.0,2.0,5.0,4.0,12.0,7.0,3.0,2.0,0.0,0.0,2.25,3.4,3.1
2223,04/01/2023,Udinese,Empoli,1.0,1.0,D,0.0,1.0,A,21.0,6.0,3.0,1.0,8.0,1.0,15.0,14.0,2.0,3.0,0.0,1.0,1.6,4.2,5.75
2223,07/01/2023,Fiorentina,Sassuolo,2.0,1.0,H,0.0,0.0,D,14.0,17.0,5.0,4.0,6.0,3.0,14.0,9.0,4.0,3.0,0.0,0.0,1.7,3.8,5.0
2223,07/01/2023,Juventus,Udinese,1.0,0.0,H,0.0,0.0,D,14.0,11.0,4.0,3.0,6.0,4.0,16.0,13.0,1.0,2.0,0.0,0.0,1.75,3.8,4.5
2223,07/01/2023,Monza,Inter,2.0,2.0,D,1.0,2.0,A,13.0,11.0,4.0,3.0,3.0,5.0,14.0,20.0,0.0,3.0,0.0,0.0,5.75,4.33,1.55
2223,08/01/2023,Salernitana,Torino,1.0,1.0,D,0.0,1.0,A,11.0,23.0,4.0,8.0,6.0,7.0,10.0,15.0,2.0,3.0,0.0,0.0,3.7,3.2,2.15
2223,08/01/2023,Lazio,Empoli,2.0,2.0,D,1.0,0.0,H,18.0,5.0,4.0,2.0,10.0,3.0,17.0,10.0,4.0,1.0,0.0,0.0,1.53,4.2,6.0
2223,08/01/2023,Spezia,Lecce,0.0,0.0,D,0.0,0.0,D,10.0,15.0,2.0,4.0,5.0,7.0,14.0,15.0,0.0,1.0,0.0,0.0,2.6,3.1,2.9
2223,08/01/2023,Sampdoria,Napoli,0.0,2.0,A,0.0,1.0,A,9.0,24.0,2.0,8.0,2.0,5.0,15.0,12.0,3.0,2.0,1.0,0.0,8.0,4.75,1.4
2223,08/01/2023,Milan,Roma,2.0,2.0,D,1.0,0.0,H,12.0,12.0,5.0,3.0,3.0,4.0,19.0,13.0,4.0,7.0,0.0,0.0,1.83,3.6,4.33
2223,09/01/2023,Verona,Cremonese,2.0,0.0,H,2.0,0.0,H,9.0,15.0,4.0,5.0,3.0,5.0,16.0,11.0,3.0,4.0,0.0,0.0,2.05,3.3,3.8
2223,09/01/2023,Bologna,Atalanta,1.0,2.0,A,1.0,0.0,H,12.0,7.0,3.0,3.0,4.0,0.0,16.0,15.0,3.0,2.0,0.0,0.0,3.4,3.4,2.15
2223,13/01/2023,Napoli,Juventus,5.0,1.0,H,2.0,1.0,H,14.0,11.0,10.0,2.0,2.0,5.0,10.0,9.0,0.0,1.0,0.0,0.0,1.91,3.5,4.0
2223,14/01/2023,Cremonese,Monza,2.0,3.0,A,0.0,2.0,A,11.0,8.0,7.0,3.0,4.0,2.0,12.0,12.0,2.0,4.0,0.0,0.0,2.8,3.3,2.55
2223,14/01/2023,Lecce,Milan,2.0,2.0,D,2.0,0.0,H,17.0,12.0,3.0,5.0,8.0,4.0,11.0,12.0,1.0,2.0,0.0,0.0,5.75,3.8,1.62
2223,14/01/2023,Inter,Verona,1.0,0.0,H,1.0,0.0,H,11.0,6.0,3.0,1.0,3.0,4.0,11.0,13.0,0.0,3.0,0.0,0.0,1.3,5.5,9.5
2223,15/01/2023,Sassuolo,Lazio,0.0,2.0,A,0.0,1.0,A,12.0,12.0,2.0,3.0,7.0,3.0,17.0,10.0,5.0,3.0,0.0,0.0,3.2,3.5,2.2
2223,15/01/2023,Torino,Spezia,0.0,1.0,A,0.0,1.0,A,11.0,13.0,4.0,5.0,7.0,2.0,13.0,12.0,3.0,3.0,0.0,0.0,1.62,3.8,5.5
2223,15/01/2023,Udinese,Bologna,1.0,2.0,A,1.0,0.0,H,20.0,15.0,4.0,2.0,6.0,4.0,10.0,17.0,1.0,3.0,0.0,0.0,1.91,3.4,4.2
2223,15/01/2023,Atalanta,Salernitana,8.0,2.0,H,5.0,1.0,H,19.0,7.0,13.0,2.0,5.0,2.0,10.0,12.0,1.0,0.0,0.0,0.0,1.4,5.0,7.0
2223,15/01/2023,Roma,Fiorentina,2.0,0.0,H,1.0,0.0,H,10.0,7.0,4.0,3.0,5.0,9.0,15.0,12.0,3.0,4.0,0.0,1.0,1.95,3.5,4.0
2223,16/01/2023,Empoli,Sampdoria,1.0,0.0,H,0.0,0.0,D,16.0,16.0,5.0,7.0,3.0,3.0,15.0,16.0,5.0,6.0,0.0,0.0,2.2,3.2,3.5
2223,21/01/2023,Verona,Lecce,2.0,0.0,H,1.0,0.0,H,11.0,9.0,4.0,3.0,5.0,4.0,15.0,12.0,3.0,0.0,0.0,0.0,2.38,3.1,3.2
2223,21/01/2023,Salernitana,Napoli,0.0,2.0,A,0.0,1.0,A,5.0,9.0,2.0,4.0,3.0,4.0,14.0,15.0,2.0,2.0,0.0,0.0,9.5,5.75,1.29
2223,21/01/2023,Fiorentina,Torino,0.0,1.0,A,0.0,1.0,A,19.0,9.0,5.0,3.0,5.0,3.0,9.0,23.0,2.0,2.0,0.0,0.0,2.1,3.3,3.6
2223,22/01/2023,Sampdoria,Udinese,0.0,1.0,A,0.0,0.0,D,9.0,14.0,1.0,5.0,6.0,6.0,15.0,17.0,3.0,1.0,0.0,0.0,3.6,3.25,2.15
2223,22/01/2023,Monza,Sassuolo,1.0,1.0,D,0.0,1.0,A,14.0,13.0,3.0,1.0,10.0,4.0,17.0,18.0,2.0,2.0,0.0,0.0,2.2,3.4,3.3
2223,22/01/2023,Spezia,Roma,0.0,2.0,A,0.0,1.0,A,8.0,13.0,0.0,3.0,4.0,0.0,17.0,11.0,3.0,1.0,0.0,0.0,4.75,3.5,1.83
2223,22/01/2023,Juventus,Atalanta,3.0,3.0,D,2.0,1.0,H,15.0,14.0,8.0,4.0,6.0,4.0,9.0,6.0,1.0,2.0,0.0,0.0,2.1,3.4,3.5
2223,23/01/2023,Bologna,Cremonese,1.0,1.0,D,0.0,0.0,D,21.0,9.0,8.0,2.0,4.0,1.0,11.0,13.0,2.0,5.0,0.0,0.0,1.91,3.4,4.33
2223,23/01/2023,Inter,Empoli,0.0,1.0,A,0.0,0.0,D,16.0,13.0,1.0,8.0,2.0,3.0,13.0,16.0,4.0,3.0,1.0,0.0,1.29,6.0,9.5
2223,24/01/2023,Lazio,Milan,4.0,0.0,H,2.0,0.0,H,10.0,10.0,5.0,3.0,3.0,4.0,14.0,11.0,1.0,2.0,0.0,0.0,3.2,3.4,2.25
2223,27/01/2023,Bologna,Spezia,2.0,0.0,H,1.0,0.0,H,18.0,6.0,6.0,4.0,5.0,5.0,8.0,16.0,2.0,2.0,0.0,0.0,1.85,3.4,4.5
2223,27/01/2023,Lecce,Salernitana,1.0,2.0,A,1.0,2.0,A,15.0,10.0,5.0,6.0,4.0,4.0,14.0,11.0,2.0,4.0,0.0,0.0,1.8,3.4,4.75
2223,28/01/2023,Empoli,Torino,2.0,2.0,D,1.0,0.0,H,11.0,16.0,4.0,4.0,5.0,5.0,12.0,9.0,2.0,0.0,0.0,0.0,3.25,3.1,2.4
2223,28/01/2023,Cremonese,Inter,1.0,2.0,A,1.0,1.0,D,12.0,30.0,4.0,10.0,2.0,14.0,7.0,12.0,0.0,2.0,0.0,0.0,6.5,4.33,1.5
2223,28/01/2023,Atalanta,Sampdoria,2.0,0.0,H,1.0,0.0,H,21.0,15.0,5.0,5.0,7.0,4.0,17.0,11.0,0.0,2.0,0.0,0.0,1.33,5.25,9.0
2223,29/01/2023,Milan,Sassuolo,2.0,5.0,A,1.0,3.0,A,10.0,9.0,5.0,7.0,2.0,3.0,13.0,8.0,7.0,4.0,0.0,0.0,1.5,4.5,6.5
2223,29/01/2023,Juventus,Monza,0.0,2.0,A,0.0,2.0,A,22.0,3.0,8.0,3.0,12.0,1.0,12.0,10.0,0.0,2.0,0.0,0.0,1.55,4.0,6.5
2223,29/01/2023,Lazio,Fiorentina,1.0,1.0,D,1.0,0.0,H,13.0,17.0,1.0,6.0,3.0,4.0,12.0,17.0,2.0,3.0,0.0,0.0,2.1,3.4,3.6
2223,29/01/2023,Napoli,Roma,2.0,1.0,H,1.0,0.0,H,11.0,11.0,6.0,3.0,3.0,8.0,8.0,14.0,1.0,2.0,0.0,0.0,1.73,3.6,5.25
2223,30/01/2023,Udinese,Verona,1.0,1.0,D,1.0,1.0,D,26.0,10.0,8.0,2.0,14.0,6.0,9.0,11.0,1.0,3.0,0.0,0.0,1.8,3.75,4.33
2223,04/02/2023,Cremonese,Lecce,0.0,2.0,A,0.0,0.0,D,12.0,9.0,3.0,4.0,4.0,8.0,12.0,15.0,1.0,2.0,0.0,0.0,2.63,3.1,2.8
2223,04/02/2023,Roma,Empoli,2.0,0.0,H,2.0,0.0,H,12.0,11.0,6.0,2.0,7.0,7.0,10.0,18.0,2.0,1.0,0.0,0.0,1.5,4.2,6.5
2223,04/02/2023,Sassuolo,Atalanta,1.0,0.0,H,0.0,0.0,D,18.0,7.0,8.0,2.0,2.0,7.0,12.0,13.0,5.0,1.0,0.0,2.0,3.75,3.6,1.91
2223,05/02/2023,Spezia,Napoli,0.0,3.0,A,0.0,0.0,D,9.0,12.0,3.0,5.0,3.0,6.0,19.0,18.0,3.0,2.0,0.0,0.0,8.0,5.25,1.36
2223,05/02/2023,Torino,Udinese,1.0,0.0,H,0.0,0.0,D,11.0,11.0,3.0,3.0,6.0,5.0,13.0,8.0,1.0,1.0,0.0,0.0,2.25,3.25,3.3
2223,05/02/2023,Fiorentina,Bologna,1.0,2.0,A,1.0,1.0,D,18.0,11.0,6.0,7.0,5.0,3.0,10.0,25.0,2.0,4.0,0.0,0.0,1.83,3.5,4.5
2223,05/02/2023,Inter,Milan,1.0,0.0,H,1.0,0.0,H,15.0,4.0,4.0,0.0,8.0,0.0,13.0,14.0,2.0,5.0,0.0,0.0,1.95,3.5,4.0
2223,06/02/2023,Verona,Lazio,1.0,1.0,D,0.0,1.0,A,15.0,9.0,4.0,2.0,6.0,5.0,16.0,12.0,4.0,1.0,0.0,0.0,3.6,3.6,2.0
2223,06/02/2023,Monza,Sampdoria,2.0,2.0,D,1.0,1.0,D,17.0,11.0,5.0,6.0,9.0,3.0,12.0,12.0,2.0,4.0,0.0,0.0,1.8,3.5,4.75
2223,07/02/2023,Salernitana,Juventus,0.0,3.0,A,0.0,2.0,A,10.0,17.0,1.0,5.0,6.0,3.0,9.0,12.0,1.0,1.0,0.0,0.0,7.0,4.2,1.5
2223,10/02/2023,Milan,Torino,1.0,0.0,H,0.0,0.0,D,9.0,12.0,4.0,2.0,3.0,8.0,10.0,20.0,1.0,4.0,0.0,0.0,1.8,3.5,4.75
2223,11/02/2023,Empoli,Spezia,2.0,2.0,D,0.0,2.0,A,25.0,9.0,8.0,3.0,7.0,3.0,10.0,13.0,1.0,5.0,1.0,1.0,2.0,3.5,3.75
2223,11/02/2023,Lecce,Roma,1.0,1.0,D,1.0,1.0,D,8.0,12.0,3.0,5.0,3.0,7.0,24.0,8.0,4.0,1.0,0.0,0.0,4.33,3.25,1.95
2223,11/02/2023,Lazio,Atalanta,0.0,2.0,A,0.0,1.0,A,13.0,23.0,5.0,10.0,5.0,7.0,12.0,14.0,1.0,2.0,0.0,0.0,2.38,3.4,3.0
2223,12/02/2023,Udinese,Sassuolo,2.0,2.0,D,2.0,2.0,D,17.0,6.0,8.0,1.0,10.0,7.0,12.0,8.0,2.0,2.0,0.0,0.0,2.0,3.6,3.6
2223,12/02/2023,Bologna,Monza,0.0,1.0,A,0.0,1.0,A,12.0,5.0,3.0,4.0,3.0,2.0,15.0,18.0,1.0,4.0,0.0,0.0,2.2,3.2,3.5
2223,12/02/2023,Juventus,Fiorentina,1.0,0.0,H,1.0,0.0,H,7.0,11.0,3.0,2.0,5.0,6.0,11.0,17.0,5.0,2.0,0.0,0.0,1.83,3.5,4.5
2223,12/02/2023,Napoli,Cremonese,3.0,0.0,H,1.0,0.0,H,15.0,6.0,10.0,1.0,9.0,7.0,7.0,7.0,0.0,2.0,0.0,0.0,1.18,7.5,13.0
2223,13/02/2023,Verona,Salernitana,1.0,0.0,H,1.0,0.0,H,14.0,8.0,4.0,3.0,5.0,1.0,14.0,21.0,2.0,3.0,0.0,0.0,1.85,3.4,4.5
2223,13/02/2023,Sampdoria,Inter,0.0,0.0,D,0.0,0.0,D,7.0,25.0,2.0,5.0,3.0,7.0,13.0,11.0,3.0,1.0,0.0,0.0,7.0,4.5,1.44
2223,17/02/2023,Sassuolo,Napoli,0.0,2.0,A,0.0,2.0,A,11.0,15.0,2.0,4.0,1.0,3.0,12.0,10.0,2.0,2.0,0.0,0.0,5.0,4.0,1.6
2223,18/02/2023,Sampdoria,Bologna,1.0,2.0,A,0.0,1.0,A,9.0,12.0,4.0,5.0,1.0,8.0,13.0,13.0,3.0,1.0,0.0,0.0,3.25,3.1,2.38
2223,18/02/2023,Monza,Milan,0.0,1.0,A,0.0,1.0,A,11.0,14.0,5.0,8.0,10.0,3.0,10.0,18.0,4.0,2.0,0.0,0.0,3.75,3.3,2.1
2223,18/02/2023,Inter,Udinese,3.0,1.0,H,1.0,1.0,D,19.0,9.0,7.0,1.0,3.0,8.0,15.0,14.0,2.0,2.0,0.0,0.0,1.53,4.2,6.0
2223,19/02/2023,Atalanta,Lecce,1.0,2.0,A,0.0,1.0,A,20.0,4.0,10.0,2.0,6.0,1.0,10.0,12.0,3.0,3.0,0.0,0.0,1.5,4.0,7.0
2223,19/02/2023,Fiorentina,Empoli,1.0,1.0,D,0.0,1.0,A,27.0,5.0,4.0,3.0,13.0,1.0,8.0,15.0,1.0,5.0,0.0,0.0,1.6,4.0,5.75
2223,19/02/2023,Salernitana,Lazio,0.0,2.0,A,0.0,0.0,D,9.0,21.0,2.0,7.0,2.0,9.0,10.0,7.0,5.0,1.0,1.0,0.0,5.5,3.75,1.7
2223,19/02/2023,Spezia,Juventus,0.0,2.0,A,0.0,1.0,A,18.0,15.0,7.0,3.0,7.0,4.0,8.0,9.0,2.0,2.0,0.0,0.0,6.0,3.75,1.62
2223,19/02/2023,Roma,Verona,1.0,0.0,H,1.0,0.0,H,9.0,7.0,5.0,1.0,5.0,1.0,15.0,19.0,1.0,2.0,0.0,0.0,1.65,3.6,5.75
2223,20/02/2023,Torino,Cremonese,2.0,2.0,D,1.0,0.0,H,16.0,11.0,6.0,2.0,5.0,1.0,9.0,12.0,3.0,1.0,0.0,0.0,1.65,3.8,5.25
2223,25/02/2023,Empoli,Napoli,0.0,2.0,A,0.0,2.0,A,9.0,19.0,2.0,6.0,4.0,13.0,10.0,9.0,2.0,1.0,0.0,1.0,7.0,4.75,1.44
2223,25/02/2023,Lecce,Sassuolo,0.0,1.0,A,0.0,0.0,D,16.0,7.0,0.0,3.0,4.0,7.0,17.0,7.0,2.0,2.0,0.0,0.0,2.45,3.25,2.9
2223,26/02/2023,Bologna,Inter,1.0,0.0,H,0.0,0.0,D,14.0,13.0,5.0,4.0,1.0,6.0,7.0,14.0,1.0,2.0,0.0,0.0,5.5,3.75,1.7
2223,26/02/2023,Salernitana,Monza,3.0,0.0,H,0.0,0.0,D,12.0,14.0,5.0,3.0,1.0,3.0,12.0,16.0,2.0,4.0,0.0,1.0,3.6,3.3,2.05
2223,26/02/2023,Udinese,Spezia,2.0,2.0,D,1.0,1.0,D,15.0,9.0,6.0,2.0,5.0,2.0,11.0,16.0,2.0,2.0,0.0,0.0,1.62,3.8,5.75
2223,26/02/2023,Milan,Atalanta,2.0,0.0,H,1.0,0.0,H,13.0,3.0,3.0,0.0,4.0,3.0,11.0,11.0,3.0,2.0,0.0,0.0,2.15,3.4,3.4
2223,27/02/2023,Verona,Fiorentina,0.0,3.0,A,0.0,2.0,A,12.0,16.0,3.0,7.0,4.0,2.0,15.0,11.0,3.0,3.0,0.0,0.0,3.25,3.25,2.25
2223,27/02/2023,Lazio,Sampdoria,1.0,0.0,H,0.0,0.0,D,15.0,8.0,4.0,2.0,8.0,3.0,10.0,13.0,2.0,2.0,0.0,0.0,1.44,4.33,8.0
2223,28/02/2023,Cremonese,Roma,2.0,1.0,H,1.0,0.0,H,6.0,10.0,2.0,3.0,3.0,3.0,17.0,11.0,3.0,2.0,0.0,0.0,5.25,3.4,1.75
2223,28/02/2023,Juventus,Torino,4.0,2.0,H,2.0,2.0,D,13.0,8.0,6.0,3.0,3.0,7.0,5.0,13.0,0.0,2.0,0.0,0.0,1.73,3.4,5.5
2223,03/03/2023,Napoli,Lazio,0.0,1.0,A,0.0,0.0,D,14.0,5.0,2.0,2.0,8.0,3.0,13.0,8.0,2.0,2.0,0.0,0.0,1.65,3.8,5.25
2223,04/03/2023,Monza,Empoli,2.0,1.0,H,1.0,0.0,H,10.0,18.0,3.0,3.0,1.0,8.0,10.0,12.0,2.0,3.0,0.0,0.0,2.1,3.25,3.8
2223,04/03/2023,Atalanta,Udinese,0.0,0.0,D,0.0,0.0,D,17.0,5.0,5.0,1.0,12.0,3.0,12.0,12.0,2.0,3.0,0.0,0.0,1.62,4.0,5.5
2223,04/03/2023,Fiorentina,Milan,2.0,1.0,H,0.0,0.0,D,16.0,8.0,8.0,6.0,11.0,5.0,12.0,17.0,3.0,3.0,0.0,0.0,2.8,3.3,2.55
2223,05/03/2023,Spezia,Verona,0.0,0.0,D,0.0,0.0,D,20.0,11.0,4.0,3.0,9.0,5.0,6.0,7.0,2.0,1.0,1.0,0.0,2.7,3.1,2.8
2223,05/03/2023,Sampdoria,Salernitana,0.0,0.0,D,0.0,0.0,D,9.0,10.0,3.0,4.0,2.0,6.0,18.0,13.0,3.0,4.0,0.0,0.0,2.3,3.25,3.2
2223,05/03/2023,Inter,Lecce,2.0,0.0,H,1.0,0.0,H,14.0,11.0,4.0,1.0,6.0,4.0,10.0,11.0,0.0,0.0,0.0,0.0,1.36,4.75,9.5
2223,05/03/2023,Roma,Juventus,1.0,0.0,H,0.0,0.0,D,6.0,14.0,2.0,5.0,2.0,6.0,11.0,10.0,3.0,2.0,0.0,1.0,2.7,3.0,2.88
2223,06/03/2023,Sassuolo,Cremonese,3.0,2.0,H,2.0,0.0,H,13.0,13.0,7.0,6.0,4.0,3.0,11.0,9.0,1.0,4.0,0.0,0.0,1.8,3.6,4.5
2223,06/03/2023,Torino,Bologna,1.0,0.0,H,1.0,0.0,H,12.0,11.0,5.0,1.0,3.0,3.0,9.0,10.0,2.0,2.0,0.0,0.0,2.4,2.9,3.4
2223,10/03/2023,Spezia,Inter,2.0,1.0,H,0.0,0.0,D,4.0,28.0,2.0,7.0,1.0,13.0,11.0,9.0,3.0,0.0,0.0,0.0,8.0,4.6,1.4
2223,11/03/2023,Empoli,Udinese,0.0,1.0,A,0.0,0.0,D,17.0,14.0,3.0,4.0,11.0,5.0,12.0,13.0,2.0,4.0,0.0,0.0,3.0,3.25,2.4
2223,11/03/2023,Napoli,Atalanta,2.0,0.0,H,0.0,0.0,D,18.0,6.0,6.0,3.0,10.0,4.0,12.0,11.0,1.0,2.0,0.0,0.0,1.67,4.0,5.0
2223,11/03/2023,Bologna,Lazio,0.0,0.0,D,0.0,0.0,D,16.0,5.0,2.0,2.0,5.0,2.0,11.0,8.0,2.0,3.0,0.0,0.0,3.1,3.1,2.38
2223,12/03/2023,Lecce,Torino,0.0,2.0,A,0.0,2.0,A,13.0,4.0,1.0,2.0,9.0,1.0,16.0,17.0,3.0,3.0,0.0,0.0,3.0,3.0,2.63
2223,12/03/2023,Cremonese,Fiorentina,0.0,2.0,A,0.0,1.0,A,16.0,10.0,5.0,3.0,1.0,6.0,10.0,17.0,1.0,2.0,0.0,0.0,4.33,3.6,1.85
2223,12/03/2023,Verona,Monza,1.0,1.0,D,0.0,0.0,D,8.0,9.0,3.0,3.0,7.0,2.0,17.0,12.0,2.0,0.0,0.0,0.0,2.5,3.2,2.9
2223,12/03/2023,Roma,Sassuolo,3.0,4.0,A,1.0,3.0,A,17.0,19.0,7.0,10.0,7.0,2.0,11.0,18.0,4.0,2.0,1.0,0.0,1.67,3.6,5.5
2223,12/03/2023,Juventus,Sampdoria,4.0,2.0,H,2.0,2.0,D,24.0,9.0,8.0,3.0,11.0,3.0,10.0,10.0,1.0,1.0,0.0,0.0,1.33,4.75,10.0
2223,13/03/2023,Milan,Salernitana,1.0,1.0,D,1.0,0.0,H,24.0,6.0,4.0,3.0,6.0,4.0,15.0,13.0,2.0,3.0,0.0,0.0,1.25,6.0,11.0
2223,17/03/2023,Sassuolo,Spezia,1.0,0.0,H,0.0,0.0,D,15.0,11.0,6.0,1.0,3.0,3.0,10.0,13.0,0.0,2.0,0.0,0.0,1.7,3.75,4.5
2223,17/03/2023,Atalanta,Empoli,2.0,1.0,H,0.0,1.0,A,27.0,5.0,6.0,2.0,13.0,2.0,11.0,10.0,3.0,2.0,0.0,0.0,1.4,4.5,7.5
2223,18/03/2023,Monza,Cremonese,1.0,1.0,D,0.0,0.0,D,15.0,8.0,7.0,2.0,8.0,4.0,12.0,12.0,3.0,5.0,0.0,0.0,1.8,3.5,4.5
2223,18/03/2023,Salernitana,Bologna,2.0,2.0,D,1.0,1.0,D,14.0,10.0,4.0,2.0,5.0,4.0,8.0,16.0,0.0,1.0,0.0,0.0,3.4,3.25,2.2
2223,18/03/2023,Udinese,Milan,3.0,1.0,H,2.0,1.0,H,14.0,10.0,5.0,6.0,5.0,6.0,16.0,9.0,4.0,2.0,0.0,0.0,3.5,3.4,2.15
2223,19/03/2023,Sampdoria,Verona,3.0,1.0,H,2.0,0.0,H,11.0,16.0,4.0,6.0,5.0,8.0,10.0,11.0,3.0,2.0,0.0,0.0,2.88,3.1,2.45
2223,19/03/2023,Fiorentina,Lecce,1.0,0.0,H,1.0,0.0,H,18.0,8.0,3.0,2.0,1.0,3.0,14.0,21.0,1.0,3.0,0.0,0.0,1.6,3.75,5.75
2223,19/03/2023,Torino,Napoli,0.0,4.0,A,0.0,2.0,A,12.0,12.0,2.0,6.0,5.0,4.0,14.0,14.0,1.0,1.0,0.0,0.0,4.33,3.6,1.75
2223,19/03/2023,Lazio,Roma,1.0,0.0,H,0.0,0.0,D,12.0,8.0,5.0,3.0,5.0,2.0,18.0,13.0,4.0,4.0,1.0,2.0,2.75,3.0,2.75
2223,19/03/2023,Inter,Juventus,0.0,1.0,A,0.0,1.0,A,18.0,7.0,3.0,3.0,6.0,4.0,6.0,18.0,3.0,4.0,1.0,1.0,1.91,3.4,4.0
2223,01/04/2023,Cremonese,Atalanta,1.0,3.0,A,0.0,1.0,A,15.0,12.0,4.0,4.0,0.0,6.0,13.0,10.0,3.0,2.0,0.0,0.0,5.5,3.8,1.67
2223,01/04/2023,Inter,Fiorentina,0.0,1.0,A,0.0,0.0,D,16.0,19.0,3.0,3.0,10.0,8.0,8.0,7.0,2.0,3.0,0.0,0.0,1.75,3.8,4.5
2223,01/04/2023,Juventus,Verona,1.0,0.0,H,0.0,0.0,D,10.0,9.0,2.0,3.0,3.0,5.0,14.0,22.0,1.0,2.0,0.0,0.0,1.4,4.2,9.0
2223,02/04/2023,Bologna,Udinese,3.0,0.0,H,2.0,0.0,H,11.0,15.0,4.0,5.0,2.0,7.0,17.0,10.0,1.0,1.0,0.0,0.0,2.2,3.3,3.4
2223,02/04/2023,Monza,Lazio,0.0,2.0,A,0.0,1.0,A,11.0,8.0,3.0,4.0,8.0,3.0,13.0,8.0,5.0,2.0,0.0,0.0,3.8,3.3,2.05
2223,02/04/2023,Spezia,Salernitana,1.0,1.0,D,0.0,1.0,A,14.0,12.0,3.0,2.0,9.0,5.0,12.0,12.0,0.0,1.0,0.0,0.0,2.3,3.3,3.2
2223,02/04/2023,Roma,Sampdoria,3.0,0.0,H,0.0,0.0,D,28.0,6.0,11.0,3.0,10.0,3.0,11.0,13.0,3.0,5.0,0.0,1.0,1.44,4.2,9.0
2223,02/04/2023,Napoli,Milan,0.0,4.0,A,0.0,2.0,A,20.0,14.0,4.0,8.0,10.0,4.0,11.0,9.0,1.0,2.0,0.0,0.0,1.73,3.6,5.0
2223,03/04/2023,Empoli,Lecce,1.0,0.0,H,0.0,0.0,D,14.0,5.0,7.0,0.0,3.0,4.0,10.0,15.0,3.0,2.0,1.0,0.0,2.45,3.1,3.1
2223,03/04/2023,Sassuolo,Torino,1.0,1.0,D,1.0,0.0,H,12.0,16.0,4.0,2.0,6.0,7.0,12.0,9.0,1.0,1.0,0.0,0.0,2.4,3.3,3.0
2223,07/04/2023,Salernitana,Inter,1.0,1.0,D,0.0,1.0,A,11.0,25.0,3.0,11.0,2.0,8.0,14.0,10.0,2.0,2.0,0.0,0.0,7.5,4.5,1.45
2223,07/04/2023,Lecce,Napoli,1.0,2.0,A,0.0,1.0,A,11.0,9.0,3.0,3.0,5.0,4.0,12.0,9.0,2.0,1.0,0.0,0.0,5.75,3.6,1.65
2223,07/04/2023,Milan,Empoli,0.0,0.0,D,0.0,0.0,D,23.0,2.0,4.0,1.0,9.0,0.0,11.0,8.0,2.0,2.0,0.0,0.0,1.36,4.75,9.0
2223,08/04/2023,Udinese,Monza,2.0,2.0,D,1.0,0.0,H,14.0,12.0,5.0,5.0,4.0,2.0,12.0,21.0,1.0,3.0,0.0,0.0,2.0,3.5,3.8
2223,08/04/2023,Fiorentina,Spezia,1.0,1.0,D,1.0,1.0,D,19.0,4.0,4.0,3.0,8.0,4.0,12.0,29.0,0.0,7.0,0.0,0.0,1.4,4.5,8.5
2223,08/04/2023,Atalanta,Bologna,0.0,2.0,A,0.0,0.0,D,15.0,13.0,6.0,6.0,6.0,0.0,6.0,5.0,3.0,2.0,0.0,0.0,1.65,3.8,5.5
2223,08/04/2023,Sampdoria,Cremonese,2.0,3.0,A,1.0,1.0,D,13.0,17.0,9.0,4.0,3.0,3.0,14.0,15.0,2.0,3.0,0.0,0.0,2.38,3.25,3.2
2223,08/04/2023,Torino,Roma,0.0,1.0,A,0.0,1.0,A,7.0,9.0,1.0,1.0,7.0,4.0,10.0,6.0,3.0,1.0,0.0,0.0,3.4,3.0,2.38
2223,08/04/2023,Verona,Sassuolo,2.0,1.0,H,0.0,1.0,A,11.0,17.0,3.0,5.0,4.0,10.0,12.0,14.0,3.0,4.0,0.0,0.0,2.63,3.3,2.7
2223,08/04/2023,Lazio,Juventus,2.0,1.0,H,1.0,1.0,D,9.0,11.0,4.0,4.0,6.0,6.0,11.0,15.0,2.0,5.0,0.0,0.0,2.75,2.9,2.9
2223,14/04/2023,Cremonese,Empoli,1.0,0.0,H,1.0,0.0,H,14.0,15.0,5.0,1.0,3.0,8.0,11.0,9.0,1.0,0.0,0.0,0.0,2.45,3.3,2.88
2223,14/04/2023,Spezia,Lazio,0.0,3.0,A,0.0,1.0,A,6.0,13.0,2.0,7.0,2.0,3.0,12.0,7.0,3.0,4.0,1.0,0.0,5.25,3.6,1.7
2223,15/04/2023,Bologna,Milan,1.0,1.0,D,1.0,1.0,D,6.0,19.0,2.0,5.0,2.0,6.0,12.0,17.0,3.0,4.0,0.0,0.0,3.1,3.1,2.45
2223,15/04/2023,Napoli,Verona,0.0,0.0,D,0.0,0.0,D,9.0,5.0,1.0,2.0,4.0,0.0,11.0,16.0,1.0,4.0,0.0,0.0,1.53,4.0,6.5
2223,15/04/2023,Inter,Monza,0.0,1.0,A,0.0,0.0,D,25.0,7.0,6.0,2.0,5.0,2.0,13.0,4.0,2.0,2.0,0.0,0.0,1.44,4.5,7.5
2223,16/04/2023,Lecce,Sampdoria,1.0,1.0,D,1.0,0.0,H,30.0,8.0,11.0,2.0,11.0,8.0,16.0,12.0,1.0,4.0,0.0,0.0,1.95,3.2,4.33
2223,16/04/2023,Torino,Salernitana,1.0,1.0,D,0.0,1.0,A,16.0,8.0,5.0,1.0,4.0,2.0,14.0,14.0,0.0,1.0,0.0,0.0,1.73,3.5,5.25
2223,16/04/2023,Sassuolo,Juventus,1.0,0.0,H,0.0,0.0,D,11.0,13.0,4.0,3.0,10.0,13.0,10.0,5.0,0.0,1.0,0.0,0.0,3.8,3.5,2.0
2223,16/04/2023,Roma,Udinese,3.0,0.0,H,1.0,0.0,H,12.0,10.0,7.0,2.0,6.0,2.0,18.0,11.0,1.0,4.0,0.0,0.0,1.85,3.4,4.5
2223,17/04/2023,Fiorentina,Atalanta,1.0,1.0,D,0.0,1.0,A,18.0,6.0,7.0,1.0,5.0,1.0,8.0,20.0,1.0,3.0,0.0,0.0,2.4,3.4,2.9
2223,21/04/2023,Verona,Bologna,2.0,1.0,H,1.0,0.0,H,9.0,17.0,5.0,7.0,4.0,2.0,11.0,11.0,2.0,4.0,0.0,0.0,2.75,3.0,2.8
2223,22/04/2023,Salernitana,Sassuolo,3.0,0.0,H,2.0,0.0,H,13.0,11.0,5.0,2.0,4.0,8.0,11.0,15.0,1.0,2.0,0.0,0.0,3.1,3.5,2.25
2223,22/04/2023,Lazio,Torino,0.0,1.0,A,0.0,1.0,A,10.0,7.0,5.0,3.0,3.0,4.0,13.0,13.0,2.0,4.0,0.0,0.0,1.83,3.4,4.75
2223,22/04/2023,Sampdoria,Spezia,1.0,1.0,D,1.0,0.0,H,13.0,19.0,3.0,7.0,9.0,9.0,9.0,11.0,1.0,1.0,0.0,0.0,2.55,3.2,2.88
2223,23/04/2023,Empoli,Inter,0.0,3.0,A,0.0,0.0,D,11.0,16.0,3.0,4.0,5.0,4.0,6.0,13.0,1.0,1.0,0.0,0.0,6.5,4.2,1.53
2223,23/04/2023,Monza,Fiorentina,3.0,2.0,H,2.0,2.0,D,13.0,10.0,5.0,5.0,5.0,3.0,18.0,15.0,3.0,3.0,0.0,0.0,3.7,3.4,2.05
2223,23/04/2023,Udinese,Cremonese,3.0,0.0,H,3.0,0.0,H,17.0,12.0,9.0,2.0,3.0,8.0,13.0,11.0,2.0,3.0,0.0,0.0,1.7,3.8,5.0
2223,23/04/2023,Milan,Lecce,2.0,0.0,H,1.0,0.0,H,8.0,9.0,5.0,4.0,4.0,2.0,6.0,10.0,1.0,0.0,0.0,0.0,1.5,4.2,7.0
2223,23/04/2023,Juventus,Napoli,0.0,1.0,A,0.0,0.0,D,7.0,17.0,4.0,6.0,3.0,6.0,15.0,11.0,4.0,1.0,0.0,0.0,2.88,3.1,2.6
2223,24/04/2023,Atalanta,Roma,3.0,1.0,H,1.0,0.0,H,7.0,14.0,4.0,1.0,3.0,4.0,15.0,11.0,3.0,1.0,0.0,0.0,2.3,3.25,3.2
2223,28/04/2023,Lecce,Udinese,1.0,0.0,H,0.0,0.0,D,15.0,10.0,3.0,3.0,7.0,4.0,21.0,12.0,4.0,2.0,0.0,0.0,2.45,3.0,3.2
2223,28/04/2023,Spezia,Monza,0.0,2.0,A,0.0,1.0,A,12.0,8.0,4.0,4.0,3.0,3.0,10.0,16.0,1.0,2.0,0.0,0.0,2.8,3.3,2.55
2223,29/04/2023,Roma,Milan,1.0,1.0,D,0.0,0.0,D,11.0,11.0,1.0,1.0,1.0,5.0,9.0,6.0,3.0,2.0,0.0,0.0,2.75,3.0,2.75
2223,29/04/2023,Torino,Atalanta,1.0,2.0,A,0.0,1.0,A,4.0,9.0,4.0,5.0,3.0,3.0,6.0,10.0,1.0,1.0,0.0,0.0,2.88,3.3,2.45
2223,30/04/2023,Inter,Lazio,3.0,1.0,H,0.0,1.0,A,25.0,9.0,9.0,5.0,2.0,3.0,13.0,14.0,2.0,3.0,0.0,0.0,1.8,3.6,4.5
2223,30/04/2023,Cremonese,Verona,1.0,1.0,D,1.0,0.0,H,12.0,14.0,5.0,6.0,3.0,5.0,10.0,16.0,0.0,0.0,1.0,0.0,3.0,3.3,2.45
2223,30/04/2023,Napoli,Salernitana,1.0,1.0,D,0.0,0.0,D,24.0,5.0,8.0,2.0,10.0,0.0,13.0,11.0,2.0,2.0,0.0,0.0,1.22,6.5,12.0
2223,30/04/2023,Sassuolo,Empoli,2.0,1.0,H,0.0,1.0,A,13.0,7.0,4.0,1.0,7.0,5.0,12.0,10.0,2.0,1.0,1.0,0.0,1.75,3.8,4.5
2223,30/04/2023,Fiorentina,Sampdoria,5.0,0.0,H,1.0,0.0,H,23.0,4.0,10.0,1.0,11.0,0.0,14.0,9.0,2.0,1.0,0.0,0.0,1.33,5.25,9.0
2223,30/04/2023,Bologna,Juventus,1.0,1.0,D,1.0,0.0,H,16.0,14.0,6.0,5.0,4.0,5.0,12.0,9.0,2.0,2.0,0.0,0.0,3.4,3.3,2.2
2223,03/05/2023,Atalanta,Spezia,3.0,2.0,H,1.0,1.0,D,14.0,9.0,6.0,4.0,12.0,3.0,8.0,10.0,0.0,3.0,0.0,0.0,1.36,5.0,8.0
2223,03/05/2023,Juventus,Lecce,2.0,1.0,H,2.0,1.0,H,16.0,14.0,4.0,5.0,6.0,7.0,11.0,10.0,2.0,2.0,0.0,0.0,1.6,3.8,6.0
2223,03/05/2023,Salernitana,Fiorentina,3.0,3.0,D,1.0,1.0,D,4.0,12.0,3.0,3.0,2.0,3.0,18.0,15.0,3.0,5.0,0.0,0.0,4.75,3.75,1.73
2223,03/05/2023,Sampdoria,Torino,0.0,2.0,A,0.0,1.0,A,7.0,12.0,0.0,4.0,2.0,3.0,13.0,11.0,3.0,2.0,1.0,0.0,4.2,3.4,1.91
2223,03/05/2023,Lazio,Sassuolo,2.0,0.0,H,1.0,0.0,H,13.0,13.0,5.0,2.0,1.0,2.0,13.0,13.0,3.0,5.0,0.0,0.0,1.67,4.0,5.0
2223,03/05/2023,Milan,Cremonese,1.0,1.0,D,0.0,0.0,D,18.0,6.0,5.0,2.0,10.0,0.0,12.0,12.0,0.0,3.0,0.0,1.0,1.33,5.0,9.5
2223,03/05/2023,Monza,Roma,1.0,1.0,D,1.0,1.0,D,8.0,14.0,4.0,8.0,4.0,3.0,13.0,15.0,3.0,4.0,0.0,1.0,3.75,3.1,2.15
2223,03/05/2023,Verona,Inter,0.0,6.0,A,0.0,3.0,A,7.0,20.0,2.0,10.0,2.0,7.0,4.0,11.0,0.0,0.0,0.0,0.0,5.5,3.75,1.67
2223,04/05/2023,Empoli,Bologna,3.0,1.0,H,2.0,0.0,H,13.0,18.0,3.0,3.0,2.0,5.0,15.0,16.0,3.0,0.0,0.0,0.0,2.9,3.2,2.55
2223,04/05/2023,Udinese,Napoli,1.0,1.0,D,1.0,0.0,H,7.0,7.0,3.0,4.0,2.0,6.0,15.0,13.0,1.0,0.0,0.0,0.0,4.75,3.6,1.75
2223,06/05/2023,Milan,Lazio,2.0,0.0,H,2.0,0.0,H,10.0,8.0,3.0,0.0,6.0,4.0,10.0,8.0,2.0,4.0,0.0,0.0,1.95,3.4,4.0
2223,06/05/2023,Roma,Inter,0.0,2.0,A,0.0,1.0,A,15.0,10.0,3.0,4.0,12.0,5.0,8.0,12.0,3.0,2.0,0.0,0.0,3.1,3.1,2.45
2223,06/05/2023,Cremonese,Spezia,2.0,0.0,H,1.0,0.0,H,9.0,18.0,4.0,8.0,3.0,13.0,9.0,6.0,0.0,2.0,0.0,0.0,2.35,3.4,3.0
2223,07/05/2023,Atalanta,Juventus,0.0,2.0,A,0.0,0.0,D,24.0,10.0,1.0,5.0,7.0,3.0,13.0,16.0,1.0,2.0,0.0,0.0,2.3,3.4,3.1
2223,07/05/2023,Torino,Monza,1.0,1.0,D,0.0,0.0,D,14.0,10.0,5.0,8.0,7.0,4.0,16.0,9.0,2.0,1.0,0.0,0.0,2.0,3.3,4.0
2223,07/05/2023,Napoli,Fiorentina,1.0,0.0,H,0.0,0.0,D,10.0,15.0,3.0,3.0,0.0,5.0,12.0,15.0,0.0,0.0,0.0,0.0,1.8,3.8,4.33
2223,07/05/2023,Lecce,Verona,0.0,1.0,A,0.0,0.0,D,15.0,9.0,2.0,3.0,4.0,4.0,11.0,13.0,2.0,5.0,0.0,0.0,2.2,3.0,3.75
2223,08/05/2023,Empoli,Salernitana,2.0,1.0,H,1.0,0.0,H,11.0,13.0,4.0,2.0,8.0,7.0,10.0,18.0,2.0,2.0,0.0,0.0,2.2,3.1,3.6
2223,08/05/2023,Udinese,Sampdoria,2.0,0.0,H,2.0,0.0,H,13.0,11.0,6.0,3.0,7.0,3.0,15.0,12.0,2.0,2.0,0.0,0.0,1.5,4.33,6.5
2223,08/05/2023,Sassuolo,Bologna,1.0,1.0,D,1.0,1.0,D,6.0,12.0,2.0,3.0,4.0,4.0,12.0,14.0,1.0,1.0,0.0,0.0,2.3,3.5,3.0
2223,12/05/2023,Lazio,Lecce,2.0,2.0,D,1.0,1.0,D,20.0,13.0,6.0,4.0,2.0,3.0,11.0,13.0,3.0,5.0,0.0,0.0,1.7,3.5,5.5
2223,13/05/2023,Salernitana,Atalanta,1.0,0.0,H,0.0,0.0,D,10.0,13.0,4.0,3.0,5.0,3.0,9.0,18.0,2.0,2.0,0.0,0.0,4.75,4.2,1.65
2223,13/05/2023,Spezia,Milan,2.0,0.0,H,0.0,0.0,D,14.0,14.0,4.0,3.0,6.0,9.0,15.0,11.0,1.0,1.0,0.0,0.0,4.2,3.5,1.91
2223,13/05/2023,Inter,Sassuolo,4.0,2.0,H,1.0,0.0,H,11.0,16.0,3.0,5.0,1.0,5.0,12.0,8.0,2.0,3.0,0.0,0.0,1.4,5.0,7.0
2223,14/05/2023,Verona,Torino,0.0,1.0,A,0.0,1.0,A,14.0,15.0,4.0,8.0,3.0,4.0,8.0,17.0,3.0,2.0,0.0,0.0,2.4,3.1,3.2
2223,14/05/2023,Fiorentina,Udinese,2.0,0.0,H,1.0,0.0,H,18.0,5.0,3.0,1.0,3.0,3.0,15.0,15.0,3.0,3.0,1.0,1.0,1.95,3.6,3.8
2223,14/05/2023,Monza,Napoli,2.0,0.0,H,1.0,0.0,H,10.0,20.0,4.0,7.0,6.0,10.0,11.0,13.0,1.0,1.0,0.0,0.0,4.75,3.75,1.73
2223,14/05/2023,Bologna,Roma,0.0,0.0,D,0.0,0.0,D,12.0,7.0,3.0,2.0,3.0,6.0,12.0,11.0,2.0,1.0,0.0,0.0,3.1,3.1,2.45
2223,14/05/2023,Juventus,Cremonese,2.0,0.0,H,0.0,0.0,D,24.0,3.0,7.0,2.0,7.0,0.0,15.0,5.0,2.0,0.0,0.0,0.0,1.36,4.75,9.0
2223,15/05/2023,Sampdoria,Empoli,1.0,1.0,D,1.0,0.0,H,13.0,16.0,3.0,4.0,1.0,2.0,16.0,14.0,3.0,4.0,0.0,0.0,3.2,3.3,2.3
2223,19/05/2023,Sassuolo,Monza,1.0,2.0,A,1.0,0.0,H,13.0,16.0,4.0,5.0,6.0,3.0,10.0,17.0,2.0,5.0,1.0,0.0,2.15,3.6,3.2
2223,20/05/2023,Cremonese,Bologna,1.0,5.0,A,0.0,3.0,A,13.0,19.0,2.0,9.0,3.0,9.0,7.0,13.0,1.0,2.0,0.0,1.0,2.88,3.4,2.4
2223,20/05/2023,Atalanta,Verona,3.0,1.0,H,1.0,1.0,D,13.0,10.0,5.0,2.0,6.0,3.0,9.0,11.0,1.0,3.0,0.0,0.0,1.53,4.2,6.0
2223,20/05/2023,Milan,Sampdoria,5.0,1.0,H,3.0,1.0,H,19.0,6.0,9.0,3.0,7.0,2.0,9.0,10.0,1.0,3.0,0.0,0.0,1.17,7.5,17.0
2223,21/05/2023,Lecce,Spezia,0.0,0.0,D,0.0,0.0,D,6.0,14.0,1.0,0.0,2.0,5.0,15.0,16.0,2.0,3.0,0.0,0.0,2.2,3.1,3.6
2223,21/05/2023,Torino,Fiorentina,1.0,1.0,D,0.0,0.0,D,10.0,8.0,4.0,1.0,3.0,3.0,9.0,11.0,1.0,2.0,0.0,0.0,1.95,3.4,4.2
2223,21/05/2023,Napoli,Inter,3.0,1.0,H,0.0,0.0,D,22.0,6.0,9.0,2.0,4.0,1.0,10.0,14.0,1.0,2.0,0.0,1.0,2.9,3.3,2.45
2223,21/05/2023,Udinese,Lazio,0.0,1.0,A,0.0,0.0,D,12.0,14.0,2.0,4.0,3.0,8.0,15.0,9.0,3.0,1.0,0.0,0.0,3.8,3.4,2.0
2223,22/05/2023,Roma,Salernitana,2.0,2.0,D,0.0,1.0,A,22.0,8.0,5.0,3.0,6.0,4.0,9.0,14.0,1.0,4.0,0.0,0.0,1.45,4.2,7.5
2223,22/05/2023,Empoli,Juventus,4.0,1.0,H,2.0,0.0,H,14.0,19.0,7.0,4.0,3.0,7.0,20.0,19.0,2.0,2.0,0.0,0.0,5.5,3.75,1.65
2223,26/05/2023,Sampdoria,Sassuolo,2.0,2.0,D,1.0,2.0,A,17.0,22.0,3.0,8.0,8.0,4.0,14.0,10.0,1.0,2.0,0.0,0.0,3.8,4.1,1.83
2223,27/05/2023,Salernitana,Udinese,3.0,2.0,H,1.0,2.0,A,11.0,10.0,3.0,4.0,2.0,1.0,12.0,22.0,3.0,3.0,0.0,1.0,2.7,3.5,2.55
2223,27/05/2023,Spezia,Torino,0.0,4.0,A,0.0,1.0,A,8.0,11.0,1.0,4.0,5.0,2.0,14.0,13.0,2.0,2.0,0.0,0.0,2.38,3.25,3.1
2223,27/05/2023,Fiorentina,Roma,2.0,1.0,H,0.0,1.0,A,15.0,8.0,5.0,4.0,7.0,4.0,11.0,12.0,5.0,3.0,0.0,0.0,2.05,3.5,3.6
2223,27/05/2023,Inter,Atalanta,3.0,2.0,H,2.0,1.0,H,20.0,11.0,11.0,3.0,9.0,7.0,8.0,18.0,0.0,1.0,0.0,0.0,1.83,3.8,4.0
2223,28/05/2023,Verona,Empoli,1.0,1.0,D,0.0,0.0,D,13.0,13.0,4.0,3.0,3.0,3.0,14.0,10.0,4.0,0.0,0.0,0.0,1.7,3.8,5.0
2223,28/05/2023,Bologna,Napoli,2.0,2.0,D,0.0,1.0,A,18.0,11.0,6.0,8.0,4.0,4.0,17.0,10.0,1.0,3.0,0.0,0.0,3.4,3.3,2.2
2223,28/05/2023,Monza,Lecce,0.0,1.0,A,0.0,0.0,D,5.0,9.0,1.0,1.0,1.0,3.0,11.0,20.0,2.0,3.0,0.0,0.0,2.45,3.3,2.9
2223,28/05/2023,Lazio,Cremonese,3.0,2.0,H,2.0,0.0,H,12.0,11.0,8.0,5.0,4.0,3.0,15.0,8.0,2.0,2.0,1.0,0.0,1.22,6.5,12.0
2223,28/05/2023,Juventus,Milan,0.0,1.0,A,0.0,1.0,A,16.0,9.0,3.0,3.0,4.0,5.0,12.0,10.0,1.0,2.0,0.0,0.0,2.3,3.4,3.1
2223,02/06/2023,Sassuolo,Fiorentina,1.0,3.0,A,0.0,0.0,D,5.0,15.0,2.0,7.0,2.0,4.0,7.0,15.0,4.0,4.0,2.0,0.0,2.6,3.75,2.5
2223,03/06/2023,Torino,Inter,0.0,1.0,A,0.0,1.0,A,17.0,14.0,5.0,4.0,6.0,4.0,6.0,7.0,1.0,2.0,0.0,0.0,2.3,3.5,3.0
2223,03/06/2023,Cremonese,Salernitana,2.0,0.0,H,1.0,0.0,H,12.0,11.0,4.0,1.0,4.0,6.0,15.0,12.0,1.0,2.0,0.0,0.0,2.6,3.6,2.5
2223,03/06/2023,Empoli,Lazio,0.0,2.0,A,0.0,0.0,D,7.0,21.0,1.0,11.0,6.0,7.0,7.0,10.0,3.0,2.0,1.0,0.0,3.25,3.75,2.1
2223,04/06/2023,Napoli,Sampdoria,2.0,0.0,H,0.0,0.0,D,21.0,6.0,9.0,4.0,11.0,0.0,7.0,7.0,0.0,1.0,0.0,0.0,1.18,7.0,13.0
2223,04/06/2023,Atalanta,Monza,5.0,2.0,H,2.0,0.0,H,20.0,8.0,10.0,4.0,5.0,1.0,13.0,8.0,1.0,2.0,0.0,1.0,1.57,4.5,5.0
2223,04/06/2023,Lecce,Bologna,2.0,3.0,A,1.0,0.0,H,20.0,11.0,7.0,7.0,7.0,2.0,11.0,9.0,1.0,3.0,0.0,0.0,2.75,3.5,2.45
2223,04/06/2023,Milan,Verona,3.0,1.0,H,1.0,0.0,H,14.0,6.0,5.0,1.0,7.0,1.0,5.0,18.0,1.0,4.0,0.0,0.0,1.73,4.0,4.5
2223,04/06/2023,Roma,Spezia,2.0,1.0,H,1.0,1.0,D,19.0,8.0,5.0,2.0,6.0,2.0,14.0,17.0,2.0,8.0,0.0,1.0,1.95,3.6,3.8
2223,04/06/2023,Udinese,Juventus,0.0,1.0,A,0.0,0.0,D,13.0,20.0,3.0,5.0,6.0,14.0,9.0,11.0,2.0,2.0,0.0,0.0,3.8,3.5,1.95
2324,19/08/2023,Empoli,Verona,0.0,1.0,A,0.0,0.0,D,10.0,10.0,4.0,4.0,2.0,4.0,17.0,18.0,2.0,2.0,0.0,0.0,2.25,3.2,3.3
2324,19/08/2023,Frosinone,Napoli,1.0,3.0,A,1.0,2.0,A,4.0,19.0,1.0,8.0,4.0,6.0,14.0,17.0,3.0,3.0,0.0,0.0,8.5,5.0,1.36
2324,19/08/2023,Genoa,Fiorentina,1.0,4.0,A,0.0,3.0,A,4.0,9.0,2.0,5.0,3.0,4.0,14.0,13.0,2.0,3.0,0.0,0.0,3.4,3.25,2.2
2324,19/08/2023,Inter,Monza,2.0,0.0,H,1.0,0.0,H,22.0,12.0,3.0,2.0,8.0,3.0,8.0,13.0,1.0,1.0,0.0,0.0,1.4,5.0,7.0
2324,20/08/2023,Roma,Salernitana,2.0,2.0,D,1.0,1.0,D,13.0,3.0,3.0,2.0,9.0,1.0,12.0,9.0,0.0,4.0,0.0,0.0,1.53,4.0,6.5
2324,20/08/2023,Sassuolo,Atalanta,0.0,2.0,A,0.0,0.0,D,11.0,16.0,3.0,6.0,7.0,7.0,9.0,13.0,0.0,0.0,0.0,0.0,3.5,3.4,2.1
2324,20/08/2023,Lecce,Lazio,2.0,1.0,H,0.0,1.0,A,23.0,10.0,7.0,4.0,5.0,2.0,12.0,16.0,3.0,2.0,0.0,0.0,3.6,3.3,2.1
2324,20/08/2023,Udinese,Juventus,0.0,3.0,A,0.0,3.0,A,18.0,9.0,5.0,4.0,7.0,3.0,12.0,10.0,1.0,3.0,0.0,0.0,4.33,3.6,1.83
2324,21/08/2023,Torino,Cagliari,0.0,0.0,D,0.0,0.0,D,11.0,8.0,2.0,2.0,8.0,3.0,8.0,12.0,1.0,1.0,0.0,0.0,1.67,3.75,5.25
2324,21/08/2023,Bologna,Milan,0.0,2.0,A,0.0,2.0,A,17.0,10.0,5.0,6.0,3.0,6.0,10.0,4.0,2.0,2.0,0.0,0.0,4.0,3.4,1.95
2324,26/08/2023,Frosinone,Atalanta,2.0,1.0,H,2.0,0.0,H,13.0,18.0,5.0,6.0,3.0,7.0,10.0,10.0,1.0,2.0,0.0,0.0,5.0,4.0,1.67
2324,26/08/2023,Monza,Empoli,2.0,0.0,H,1.0,0.0,H,20.0,18.0,5.0,6.0,6.0,5.0,14.0,7.0,1.0,2.0,0.0,0.0,1.91,3.5,4.2
2324,26/08/2023,Milan,Torino,4.0,1.0,H,3.0,1.0,H,17.0,8.0,7.0,1.0,2.0,1.0,13.0,16.0,2.0,3.0,0.0,0.0,1.65,3.8,5.0
2324,26/08/2023,Verona,Roma,2.0,1.0,H,2.0,0.0,H,5.0,23.0,3.0,7.0,1.0,12.0,17.0,12.0,1.0,3.0,1.0,0.0,4.33,3.5,1.83
2324,27/08/2023,Fiorentina,Lecce,2.0,2.0,D,2.0,0.0,H,9.0,6.0,4.0,2.0,3.0,3.0,13.0,12.0,1.0,3.0,0.0,0.0,1.57,4.2,5.75
2324,27/08/2023,Juventus,Bologna,1.0,1.0,D,0.0,1.0,A,14.0,9.0,3.0,4.0,5.0,1.0,14.0,13.0,2.0,1.0,0.0,0.0,1.5,4.5,6.0
2324,27/08/2023,Lazio,Genoa,0.0,1.0,A,0.0,1.0,A,16.0,5.0,2.0,3.0,15.0,1.0,9.0,16.0,4.0,2.0,0.0,0.0,1.55,4.0,6.0
2324,27/08/2023,Napoli,Sassuolo,2.0,0.0,H,1.0,0.0,H,25.0,6.0,5.0,1.0,12.0,4.0,9.0,10.0,0.0,1.0,0.0,1.0,1.33,5.5,8.5
2324,28/08/2023,Salernitana,Udinese,1.0,1.0,D,0.0,0.0,D,9.0,14.0,4.0,6.0,7.0,5.0,12.0,19.0,4.0,4.0,0.0,0.0,2.7,3.2,2.63
2324,28/08/2023,Cagliari,Inter,0.0,2.0,A,0.0,2.0,A,12.0,17.0,2.0,3.0,4.0,7.0,9.0,10.0,1.0,1.0,0.0,0.0,7.5,4.5,1.44
2324,01/09/2023,Sassuolo,Verona,3.0,1.0,H,1.0,0.0,H,16.0,11.0,7.0,3.0,10.0,1.0,8.0,13.0,1.0,3.0,0.0,0.0,2.0,3.6,3.75
2324,01/09/2023,Roma,Milan,1.0,2.0,A,0.0,1.0,A,13.0,9.0,2.0,4.0,3.0,5.0,14.0,15.0,2.0,4.0,0.0,1.0,2.8,3.1,2.63
2324,02/09/2023,Bologna,Cagliari,2.0,1.0,H,0.0,1.0,A,16.0,7.0,7.0,1.0,5.0,2.0,9.0,13.0,1.0,2.0,0.0,0.0,1.7,3.75,5.0
2324,02/09/2023,Udinese,Frosinone,0.0,0.0,D,0.0,0.0,D,12.0,12.0,6.0,2.0,3.0,5.0,14.0,9.0,2.0,2.0,0.0,0.0,1.8,3.6,4.5
2324,02/09/2023,Atalanta,Monza,3.0,0.0,H,2.0,0.0,H,18.0,8.0,8.0,2.0,7.0,3.0,11.0,9.0,0.0,3.0,0.0,0.0,1.62,4.0,5.25
2324,02/09/2023,Napoli,Lazio,1.0,2.0,A,1.0,1.0,D,22.0,6.0,4.0,2.0,7.0,2.0,8.0,9.0,1.0,2.0,0.0,0.0,1.62,4.0,5.5
2324,03/09/2023,Inter,Fiorentina,4.0,0.0,H,1.0,0.0,H,21.0,6.0,11.0,2.0,1.0,1.0,13.0,12.0,1.0,1.0,0.0,0.0,1.65,3.8,5.25
2324,03/09/2023,Torino,Genoa,1.0,0.0,H,0.0,0.0,D,10.0,7.0,3.0,2.0,4.0,0.0,13.0,7.0,2.0,5.0,0.0,0.0,2.0,3.3,4.0
2324,03/09/2023,Empoli,Juventus,0.0,2.0,A,0.0,1.0,A,7.0,18.0,0.0,5.0,3.0,7.0,14.0,13.0,3.0,3.0,0.0,0.0,5.25,3.8,1.67
2324,03/09/2023,Lecce,Salernitana,2.0,0.0,H,1.0,0.0,H,20.0,11.0,6.0,4.0,6.0,5.0,17.0,15.0,3.0,3.0,0.0,0.0,2.0,3.3,4.0
2324,16/09/2023,Juventus,Lazio,3.0,1.0,H,2.0,0.0,H,17.0,16.0,7.0,5.0,7.0,9.0,13.0,13.0,5.0,1.0,0.0,0.0,1.91,3.4,4.33
2324,16/09/2023,Inter,Milan,5.0,1.0,H,2.0,0.0,H,14.0,9.0,7.0,2.0,5.0,0.0,16.0,13.0,2.0,2.0,0.0,0.0,2.15,3.5,3.4
2324,16/09/2023,Genoa,Napoli,2.0,2.0,D,1.0,0.0,H,8.0,12.0,3.0,4.0,3.0,1.0,14.0,8.0,3.0,2.0,0.0,0.0,5.5,3.8,1.67
2324,17/09/2023,Cagliari,Udinese,0.0,0.0,D,0.0,0.0,D,10.0,11.0,1.0,1.0,4.0,6.0,12.0,11.0,2.0,1.0,1.0,0.0,2.88,3.3,2.5
2324,17/09/2023,Frosinone,Sassuolo,4.0,2.0,H,1.0,2.0,A,16.0,18.0,6.0,7.0,5.0,6.0,10.0,9.0,4.0,2.0,0.0,0.0,2.8,3.4,2.5
2324,17/09/2023,Monza,Lecce,1.0,1.0,D,1.0,1.0,D,25.0,4.0,6.0,3.0,10.0,1.0,17.0,11.0,6.0,1.0,1.0,1.0,2.1,3.4,3.5
2324,17/09/2023,Fiorentina,Atalanta,3.0,2.0,H,2.0,1.0,H,15.0,11.0,8.0,4.0,3.0,4.0,8.0,14.0,1.0,2.0,0.0,0.0,2.38,3.5,2.88
2324,17/09/2023,Roma,Empoli,7.0,0.0,H,3.0,0.0,H,14.0,8.0,9.0,2.0,2.0,6.0,15.0,5.0,2.0,2.0,0.0,0.0,1.44,4.5,7.5
2324,18/09/2023,Salernitana,Torino,0.0,3.0,A,0.0,2.0,A,14.0,11.0,4.0,3.0,1.0,2.0,12.0,16.0,2.0,2.0,0.0,0.0,3.6,3.25,2.2
2324,18/09/2023,Verona,Bologna,0.0,0.0,D,0.0,0.0,D,9.0,11.0,1.0,4.0,3.0,4.0,18.0,10.0,4.0,2.0,0.0,0.0,3.1,3.3,2.38
2324,22/09/2023,Salernitana,Frosinone,1.0,1.0,D,0.0,1.0,A,19.0,9.0,6.0,3.0,8.0,6.0,12.0,12.0,2.0,2.0,0.0,0.0,2.5,3.2,2.9
2324,22/09/2023,Lecce,Genoa,1.0,0.0,H,0.0,0.0,D,18.0,8.0,3.0,1.0,4.0,3.0,12.0,10.0,1.0,3.0,0.0,1.0,2.45,3.2,3.1
2324,23/09/2023,Milan,Verona,1.0,0.0,H,1.0,0.0,H,9.0,10.0,4.0,2.0,2.0,3.0,13.0,9.0,4.0,2.0,0.0,0.0,1.36,4.75,9.0
2324,23/09/2023,Sassuolo,Juventus,4.0,2.0,H,2.0,1.0,H,18.0,15.0,7.0,2.0,6.0,3.0,13.0,8.0,4.0,2.0,0.0,0.0,4.0,4.0,1.8
2324,23/09/2023,Lazio,Monza,1.0,1.0,D,1.0,1.0,D,8.0,16.0,1.0,4.0,1.0,3.0,13.0,7.0,2.0,2.0,0.0,0.0,1.8,3.8,4.2
2324,24/09/2023,Empoli,Inter,0.0,1.0,A,0.0,0.0,D,7.0,23.0,1.0,6.0,3.0,6.0,15.0,11.0,2.0,2.0,0.0,0.0,9.0,5.25,1.33
2324,24/09/2023,Atalanta,Cagliari,2.0,0.0,H,1.0,0.0,H,10.0,11.0,6.0,1.0,7.0,7.0,6.0,11.0,1.0,2.0,0.0,0.0,1.4,5.0,8.0
2324,24/09/2023,Udinese,Fiorentina,0.0,2.0,A,0.0,1.0,A,20.0,6.0,8.0,2.0,10.0,3.0,13.0,11.0,0.0,1.0,0.0,0.0,3.2,3.5,2.25
2324,24/09/2023,Bologna,Napoli,0.0,0.0,D,0.0,0.0,D,5.0,12.0,2.0,4.0,5.0,5.0,16.0,12.0,4.0,5.0,0.0,0.0,3.75,3.6,1.91
2324,24/09/2023,Torino,Roma,1.0,1.0,D,0.0,0.0,D,13.0,11.0,4.0,3.0,7.0,1.0,4.0,5.0,0.0,2.0,0.0,0.0,3.1,2.9,2.6
2324,26/09/2023,Juventus,Lecce,1.0,0.0,H,0.0,0.0,D,14.0,2.0,5.0,0.0,5.0,1.0,14.0,15.0,2.0,5.0,0.0,1.0,1.5,4.2,7.0
2324,27/09/2023,Cagliari,Milan,1.0,3.0,A,1.0,2.0,A,16.0,17.0,6.0,6.0,3.0,5.0,13.0,6.0,3.0,1.0,0.0,0.0,5.25,3.8,1.67
2324,27/09/2023,Empoli,Salernitana,1.0,0.0,H,1.0,0.0,H,13.0,14.0,6.0,2.0,10.0,2.0,18.0,13.0,2.0,1.0,0.0,0.0,2.3,3.3,3.2
2324,27/09/2023,Verona,Atalanta,0.0,1.0,A,0.0,1.0,A,11.0,8.0,2.0,2.0,4.0,1.0,10.0,25.0,2.0,3.0,0.0,0.0,4.2,3.75,1.83
2324,27/09/2023,Inter,Sassuolo,1.0,2.0,A,1.0,0.0,H,13.0,13.0,3.0,6.0,8.0,6.0,10.0,8.0,0.0,1.0,0.0,0.0,1.33,5.5,8.0
2324,27/09/2023,Lazio,Torino,2.0,0.0,H,0.0,0.0,D,6.0,7.0,3.0,2.0,4.0,2.0,12.0,13.0,1.0,4.0,0.0,0.0,2.15,3.25,3.5
2324,27/09/2023,Napoli,Udinese,4.0,1.0,H,2.0,0.0,H,23.0,13.0,10.0,3.0,8.0,4.0,11.0,10.0,1.0,1.0,0.0,0.0,1.36,5.0,8.5
2324,28/09/2023,Frosinone,Fiorentina,1.0,1.0,D,0.0,1.0,A,11.0,19.0,3.0,6.0,8.0,10.0,6.0,11.0,3.0,3.0,0.0,0.0,3.75,3.6,1.95
2324,28/09/2023,Monza,Bologna,0.0,0.0,D,0.0,0.0,D,12.0,7.0,3.0,5.0,7.0,5.0,9.0,13.0,5.0,3.0,0.0,1.0,2.38,3.3,3.0
2324,28/09/2023,Genoa,Roma,4.0,1.0,H,2.0,1.0,H,8.0,13.0,4.0,3.0,1.0,7.0,7.0,12.0,4.0,3.0,0.0,0.0,3.8,3.25,2.05
2324,30/09/2023,Lecce,Napoli,0.0,4.0,A,0.0,1.0,A,9.0,15.0,4.0,6.0,3.0,7.0,11.0,11.0,3.0,2.0,0.0,0.0,4.75,3.8,1.75
2324,30/09/2023,Milan,Lazio,2.0,0.0,H,0.0,0.0,D,14.0,13.0,7.0,4.0,7.0,1.0,15.0,5.0,3.0,2.0,0.0,0.0,1.73,3.6,5.0
2324,30/09/2023,Salernitana,Inter,0.0,4.0,A,0.0,0.0,D,12.0,16.0,3.0,6.0,3.0,3.0,12.0,10.0,2.0,1.0,0.0,0.0,8.0,4.75,1.4
2324,01/10/2023,Bologna,Empoli,3.0,0.0,H,1.0,0.0,H,21.0,12.0,9.0,4.0,2.0,6.0,11.0,16.0,2.0,4.0,0.0,0.0,1.62,4.0,5.5
2324,01/10/2023,Udinese,Genoa,2.0,2.0,D,1.0,2.0,A,11.0,8.0,2.0,4.0,5.0,0.0,12.0,12.0,2.0,2.0,1.0,0.0,2.38,3.1,3.2
2324,01/10/2023,Atalanta,Juventus,0.0,0.0,D,0.0,0.0,D,15.0,5.0,2.0,3.0,5.0,2.0,13.0,7.0,1.0,2.0,0.0,0.0,2.5,3.4,2.8
2324,01/10/2023,Roma,Frosinone,2.0,0.0,H,1.0,0.0,H,11.0,8.0,5.0,0.0,7.0,3.0,12.0,11.0,1.0,2.0,0.0,0.0,1.44,4.2,8.0
2324,02/10/2023,Sassuolo,Monza,0.0,1.0,A,0.0,0.0,D,19.0,13.0,7.0,4.0,7.0,4.0,8.0,10.0,0.0,0.0,0.0,0.0,2.25,3.75,2.88
2324,02/10/2023,Torino,Verona,0.0,0.0,D,0.0,0.0,D,8.0,5.0,2.0,2.0,10.0,1.0,6.0,11.0,1.0,1.0,0.0,0.0,1.85,3.5,4.33
2324,02/10/2023,Fiorentina,Cagliari,3.0,0.0,H,2.0,0.0,H,14.0,6.0,2.0,4.0,4.0,2.0,10.0,10.0,1.0,1.0,0.0,0.0,1.5,4.2,7.0
2324,06/10/2023,Empoli,Udinese,0.0,0.0,D,0.0,0.0,D,18.0,11.0,3.0,1.0,5.0,7.0,11.0,15.0,1.0,2.0,0.0,0.0,3.1,3.25,2.38
2324,06/10/2023,Lecce,Sassuolo,1.0,1.0,D,0.0,1.0,A,13.0,14.0,4.0,1.0,5.0,3.0,9.0,15.0,2.0,3.0,0.0,0.0,2.55,3.4,2.7
2324,07/10/2023,Inter,Bologna,2.0,2.0,D,2.0,1.0,H,14.0,8.0,5.0,3.0,7.0,7.0,11.0,9.0,2.0,3.0,0.0,0.0,1.36,5.5,7.5
2324,07/10/2023,Juventus,Torino,2.0,0.0,H,0.0,0.0,D,17.0,10.0,6.0,1.0,7.0,3.0,10.0,8.0,1.0,1.0,0.0,0.0,1.91,3.3,4.33
2324,07/10/2023,Genoa,Milan,0.0,1.0,A,0.0,0.0,D,7.0,12.0,1.0,3.0,3.0,2.0,10.0,13.0,3.0,5.0,1.0,1.0,4.2,3.5,1.91
2324,08/10/2023,Monza,Salernitana,3.0,0.0,H,2.0,0.0,H,16.0,8.0,7.0,5.0,7.0,7.0,8.0,16.0,1.0,2.0,0.0,0.0,1.7,3.8,5.0
2324,08/10/2023,Frosinone,Verona,2.0,1.0,H,1.0,0.0,H,11.0,16.0,2.0,4.0,2.0,4.0,9.0,12.0,1.0,4.0,0.0,0.0,2.35,3.3,3.1
2324,08/10/2023,Lazio,Atalanta,3.0,2.0,H,2.0,1.0,H,12.0,12.0,4.0,4.0,4.0,6.0,7.0,10.0,1.0,1.0,0.0,0.0,2.7,3.3,2.63
2324,08/10/2023,Cagliari,Roma,1.0,4.0,A,0.0,2.0,A,16.0,11.0,2.0,5.0,4.0,3.0,15.0,13.0,2.0,3.0,0.0,0.0,4.75,3.3,1.83
2324,08/10/2023,Napoli,Fiorentina,1.0,3.0,A,1.0,1.0,D,16.0,12.0,4.0,3.0,6.0,4.0,4.0,14.0,2.0,4.0,0.0,0.0,1.6,4.2,5.5
2324,21/10/2023,Verona,Napoli,1.0,3.0,A,0.0,2.0,A,15.0,22.0,9.0,10.0,5.0,8.0,12.0,9.0,3.0,2.0,0.0,0.0,5.5,3.75,1.65
2324,21/10/2023,Torino,Inter,0.0,3.0,A,0.0,0.0,D,7.0,14.0,3.0,4.0,2.0,4.0,13.0,8.0,1.0,2.0,0.0,0.0,5.5,3.6,1.7
2324,21/10/2023,Sassuolo,Lazio,0.0,2.0,A,0.0,2.0,A,9.0,18.0,2.0,6.0,5.0,7.0,6.0,10.0,1.0,5.0,0.0,0.0,2.7,3.5,2.5
2324,22/10/2023,Roma,Monza,1.0,0.0,H,0.0,0.0,D,21.0,11.0,4.0,4.0,8.0,5.0,11.0,11.0,2.0,4.0,0.0,1.0,1.7,3.6,5.25
2324,22/10/2023,Bologna,Frosinone,2.0,1.0,H,2.0,0.0,H,12.0,12.0,6.0,5.0,4.0,5.0,10.0,14.0,2.0,2.0,0.0,1.0,1.73,3.75,5.0
2324,22/10/2023,Salernitana,Cagliari,2.0,2.0,D,0.0,0.0,D,13.0,13.0,2.0,6.0,8.0,5.0,11.0,12.0,3.0,4.0,0.0,0.0,2.2,3.2,3.5
2324,22/10/2023,Atalanta,Genoa,2.0,0.0,H,0.0,0.0,D,13.0,15.0,8.0,4.0,8.0,4.0,17.0,9.0,4.0,2.0,0.0,0.0,1.55,3.8,6.5
2324,22/10/2023,Milan,Juventus,0.0,1.0,A,0.0,0.0,D,7.0,14.0,1.0,4.0,6.0,3.0,12.0,16.0,1.0,4.0,1.0,0.0,2.25,3.4,3.2
2324,23/10/2023,Udinese,Lecce,1.0,1.0,D,0.0,0.0,D,12.0,12.0,6.0,1.0,2.0,7.0,11.0,15.0,3.0,5.0,0.0,0.0,2.2,3.3,3.4
2324,23/10/2023,Fiorentina,Empoli,0.0,2.0,A,0.0,1.0,A,19.0,7.0,7.0,3.0,13.0,3.0,13.0,17.0,1.0,3.0,0.0,0.0,1.44,4.33,8.0
2324,27/10/2023,Genoa,Salernitana,1.0,0.0,H,1.0,0.0,H,8.0,7.0,4.0,2.0,7.0,0.0,11.0,19.0,3.0,4.0,0.0,0.0,1.73,3.6,5.25
2324,28/10/2023,Sassuolo,Bologna,1.0,1.0,D,1.0,1.0,D,17.0,9.0,6.0,5.0,6.0,2.0,11.0,10.0,1.0,4.0,0.0,0.0,2.6,3.4,2.63
2324,28/10/2023,Lecce,Torino,0.0,1.0,A,0.0,1.0,A,11.0,10.0,6.0,2.0,3.0,0.0,17.0,19.0,3.0,5.0,0.0,0.0,2.75,3.0,2.8
2324,28/10/2023,Juventus,Verona,1.0,0.0,H,0.0,0.0,D,30.0,7.0,6.0,1.0,5.0,1.0,13.0,8.0,3.0,2.0,0.0,0.0,1.36,5.0,8.0
2324,29/10/2023,Cagliari,Frosinone,4.0,3.0,H,0.0,2.0,A,24.0,10.0,6.0,6.0,5.0,7.0,8.0,7.0,1.0,4.0,0.0,0.0,2.3,3.3,3.2
2324,29/10/2023,Monza,Udinese,1.0,1.0,D,1.0,0.0,H,10.0,10.0,4.0,3.0,10.0,3.0,15.0,11.0,2.0,1.0,0.0,0.0,2.0,3.6,3.6
2324,29/10/2023,Inter,Roma,1.0,0.0,H,0.0,0.0,D,19.0,3.0,3.0,1.0,8.0,0.0,14.0,9.0,3.0,4.0,0.0,0.0,1.62,4.0,5.5
2324,29/10/2023,Napoli,Milan,2.0,2.0,D,0.0,2.0,A,17.0,20.0,4.0,6.0,6.0,4.0,14.0,10.0,4.0,3.0,1.0,0.0,2.2,3.4,3.3
2324,30/10/2023,Empoli,Atalanta,0.0,3.0,A,0.0,2.0,A,9.0,18.0,2.0,6.0,3.0,6.0,10.0,13.0,4.0,0.0,0.0,0.0,5.25,3.75,1.67
2324,30/10/2023,Lazio,Fiorentina,1.0,0.0,H,0.0,0.0,D,11.0,9.0,4.0,5.0,0.0,4.0,12.0,17.0,3.0,3.0,0.0,0.0,2.25,3.25,3.25
2324,03/11/2023,Bologna,Lazio,1.0,0.0,H,0.0,0.0,D,6.0,11.0,2.0,1.0,2.0,6.0,12.0,8.0,2.0,5.0,0.0,0.0,2.63,3.2,2.75
2324,04/11/2023,Salernitana,Napoli,0.0,2.0,A,0.0,1.0,A,10.0,21.0,3.0,8.0,8.0,9.0,15.0,10.0,1.0,1.0,0.0,0.0,7.0,4.75,1.44
2324,04/11/2023,Atalanta,Inter,1.0,2.0,A,0.0,1.0,A,14.0,10.0,4.0,4.0,6.0,1.0,13.0,9.0,4.0,1.0,1.0,0.0,3.3,3.5,2.15
2324,04/11/2023,Milan,Udinese,0.0,1.0,A,0.0,0.0,D,14.0,12.0,5.0,2.0,11.0,5.0,13.0,14.0,1.0,2.0,0.0,0.0,1.45,4.5,7.0
2324,05/11/2023,Verona,Monza,1.0,3.0,A,0.0,1.0,A,16.0,12.0,5.0,6.0,2.0,6.0,6.0,12.0,1.0,2.0,0.0,0.0,3.2,3.25,2.3
2324,05/11/2023,Cagliari,Genoa,2.0,1.0,H,0.0,0.0,D,12.0,8.0,4.0,2.0,1.0,1.0,14.0,11.0,4.0,2.0,0.0,0.0,2.7,3.2,2.7
2324,05/11/2023,Roma,Lecce,2.0,1.0,H,0.0,0.0,D,15.0,15.0,5.0,4.0,5.0,2.0,18.0,11.0,3.0,5.0,0.0,0.0,1.57,3.8,6.5
2324,05/11/2023,Fiorentina,Juventus,0.0,1.0,A,0.0,1.0,A,25.0,4.0,4.0,3.0,9.0,2.0,12.0,21.0,1.0,3.0,0.0,0.0,2.9,3.2,2.55
2324,06/11/2023,Frosinone,Empoli,2.0,1.0,H,0.0,0.0,D,17.0,10.0,5.0,2.0,9.0,2.0,7.0,9.0,3.0,2.0,0.0,0.0,2.0,3.6,3.6
2324,06/11/2023,Torino,Sassuolo,2.0,1.0,H,1.0,1.0,D,21.0,5.0,9.0,2.0,9.0,2.0,9.0,6.0,1.0,1.0,0.0,0.0,2.15,3.4,3.4
2324,10/11/2023,Sassuolo,Salernitana,2.0,2.0,D,1.0,2.0,A,29.0,9.0,9.0,2.0,11.0,0.0,12.0,14.0,2.0,1.0,0.0,0.0,1.65,4.2,4.75
2324,10/11/2023,Genoa,Verona,1.0,0.0,H,1.0,0.0,H,16.0,7.0,6.0,1.0,6.0,7.0,9.0,16.0,1.0,4.0,0.0,0.0,1.91,3.3,4.33
2324,11/11/2023,Lecce,Milan,2.0,2.0,D,0.0,2.0,A,14.0,10.0,5.0,6.0,3.0,1.0,12.0,16.0,4.0,6.0,0.0,1.0,5.0,3.6,1.75
2324,11/11/2023,Juventus,Cagliari,2.0,1.0,H,0.0,0.0,D,18.0,11.0,4.0,2.0,12.0,4.0,14.0,8.0,3.0,1.0,0.0,0.0,1.36,5.0,8.0
2324,11/11/2023,Monza,Torino,1.0,1.0,D,0.0,0.0,D,12.0,12.0,5.0,5.0,3.0,1.0,11.0,11.0,2.0,2.0,0.0,0.0,2.5,3.1,3.0
2324,12/11/2023,Napoli,Empoli,0.0,1.0,A,0.0,0.0,D,18.0,8.0,7.0,3.0,8.0,3.0,11.0,13.0,1.0,1.0,0.0,0.0,1.22,7.0,11.0
2324,12/11/2023,Fiorentina,Bologna,2.0,1.0,H,1.0,1.0,D,12.0,11.0,4.0,4.0,0.0,3.0,19.0,15.0,2.0,2.0,0.0,0.0,2.0,3.4,3.8
2324,12/11/2023,Udinese,Atalanta,1.0,1.0,D,1.0,0.0,H,13.0,8.0,4.0,2.0,7.0,7.0,13.0,13.0,2.0,3.0,0.0,0.0,3.75,3.5,2.0
2324,12/11/2023,Lazio,Roma,0.0,0.0,D,0.0,0.0,D,7.0,8.0,2.0,1.0,4.0,1.0,12.0,13.0,3.0,4.0,0.0,0.0,3.0,3.0,2.63
2324,12/11/2023,Inter,Frosinone,2.0,0.0,H,1.0,0.0,H,21.0,12.0,6.0,3.0,9.0,4.0,7.0,16.0,0.0,1.0,0.0,0.0,1.18,8.0,13.0
2324,25/11/2023,Salernitana,Lazio,2.0,1.0,H,0.0,1.0,A,13.0,13.0,6.0,2.0,4.0,9.0,11.0,12.0,5.0,3.0,0.0,0.0,4.75,3.75,1.75
2324,25/11/2023,Atalanta,Napoli,1.0,2.0,A,0.0,1.0,A,16.0,11.0,5.0,4.0,5.0,4.0,15.0,9.0,2.0,2.0,0.0,0.0,2.7,3.4,2.63
2324,25/11/2023,Milan,Fiorentina,1.0,0.0,H,1.0,0.0,H,9.0,20.0,6.0,4.0,3.0,11.0,9.0,10.0,1.0,2.0,0.0,0.0,2.1,3.3,3.5
2324,26/11/2023,Cagliari,Monza,1.0,1.0,D,1.0,0.0,H,17.0,12.0,6.0,4.0,10.0,11.0,10.0,15.0,1.0,2.0,0.0,0.0,2.88,3.25,2.5
2324,26/11/2023,Empoli,Sassuolo,3.0,4.0,A,2.0,2.0,D,11.0,17.0,9.0,9.0,6.0,5.0,20.0,15.0,4.0,2.0,0.0,0.0,2.75,3.6,2.4
2324,26/11/2023,Frosinone,Genoa,2.0,1.0,H,1.0,1.0,D,9.0,13.0,5.0,3.0,4.0,2.0,5.0,14.0,2.0,4.0,0.0,0.0,2.5,3.25,2.88
2324,26/11/2023,Roma,Udinese,3.0,1.0,H,1.0,0.0,H,12.0,6.0,5.0,2.0,7.0,1.0,8.0,15.0,1.0,3.0,0.0,0.0,1.62,3.8,5.75
2324,26/11/2023,Juventus,Inter,1.0,1.0,D,1.0,1.0,D,4.0,8.0,1.0,4.0,1.0,0.0,12.0,13.0,2.0,1.0,0.0,0.0,3.3,3.25,2.25
2324,27/11/2023,Verona,Lecce,2.0,2.0,D,1.0,1.0,D,19.0,14.0,11.0,5.0,4.0,2.0,15.0,17.0,1.0,2.0,0.0,0.0,2.75,3.0,2.88
2324,27/11/2023,Bologna,Torino,2.0,0.0,H,0.0,0.0,D,13.0,9.0,2.0,3.0,3.0,2.0,16.0,15.0,3.0,4.0,0.0,0.0,2.3,3.25,3.2
2324,01/12/2023,Monza,Juventus,1.0,2.0,A,0.0,1.0,A,16.0,18.0,1.0,7.0,7.0,3.0,12.0,8.0,1.0,2.0,0.0,0.0,4.2,3.3,1.95
2324,02/12/2023,Genoa,Empoli,1.0,1.0,D,1.0,0.0,H,21.0,9.0,1.0,1.0,5.0,3.0,15.0,19.0,3.0,1.0,0.0,0.0,1.91,3.6,3.8
2324,02/12/2023,Lazio,Cagliari,1.0,0.0,H,1.0,0.0,H,10.0,9.0,5.0,2.0,4.0,3.0,11.0,12.0,0.0,2.0,0.0,1.0,1.62,4.0,5.25
2324,02/12/2023,Milan,Frosinone,3.0,1.0,H,1.0,0.0,H,10.0,15.0,3.0,3.0,6.0,7.0,11.0,6.0,1.0,1.0,0.0,0.0,1.44,4.5,7.5
2324,03/12/2023,Lecce,Bologna,1.0,1.0,D,0.0,0.0,D,14.0,11.0,4.0,4.0,6.0,3.0,12.0,18.0,3.0,2.0,0.0,0.0,3.0,3.2,2.45
2324,03/12/2023,Fiorentina,Salernitana,3.0,0.0,H,2.0,0.0,H,22.0,11.0,9.0,1.0,3.0,2.0,13.0,12.0,1.0,0.0,0.0,0.0,1.45,4.75,7.0
2324,03/12/2023,Udinese,Verona,3.0,3.0,D,2.0,1.0,H,12.0,13.0,6.0,4.0,5.0,3.0,16.0,13.0,2.0,5.0,0.0,0.0,1.7,3.6,5.25
2324,03/12/2023,Sassuolo,Roma,1.0,2.0,A,1.0,0.0,H,8.0,15.0,2.0,7.0,1.0,11.0,10.0,11.0,4.0,1.0,1.0,0.0,3.8,3.75,1.91
2324,03/12/2023,Napoli,Inter,0.0,3.0,A,0.0,1.0,A,15.0,11.0,4.0,4.0,6.0,4.0,2.0,13.0,2.0,2.0,0.0,0.0,2.8,3.5,2.4
2324,04/12/2023,Torino,Atalanta,3.0,0.0,H,1.0,0.0,H,9.0,10.0,5.0,4.0,4.0,3.0,12.0,14.0,2.0,2.0,0.0,0.0,2.9,3.2,2.45
2324,08/12/2023,Juventus,Napoli,1.0,0.0,H,0.0,0.0,D,11.0,13.0,2.0,1.0,3.0,6.0,11.0,12.0,2.0,4.0,0.0,0.0,2.25,3.25,3.25
2324,09/12/2023,Verona,Lazio,1.0,1.0,D,0.0,1.0,A,5.0,14.0,1.0,5.0,1.0,7.0,16.0,11.0,2.0,4.0,1.0,0.0,4.2,3.4,1.95
2324,09/12/2023,Atalanta,Milan,3.0,2.0,H,1.0,1.0,D,19.0,14.0,7.0,4.0,6.0,4.0,11.0,11.0,1.0,5.0,0.0,1.0,2.5,3.2,3.0
2324,09/12/2023,Inter,Udinese,4.0,0.0,H,3.0,0.0,H,17.0,11.0,8.0,1.0,6.0,1.0,9.0,6.0,0.0,1.0,0.0,0.0,1.29,6.5,9.0
2324,10/12/2023,Frosinone,Torino,0.0,0.0,D,0.0,0.0,D,11.0,16.0,5.0,3.0,3.0,8.0,13.0,17.0,3.0,3.0,0.0,0.0,3.4,3.2,2.25
2324,10/12/2023,Monza,Genoa,1.0,0.0,H,0.0,0.0,D,6.0,16.0,3.0,1.0,2.0,3.0,11.0,13.0,1.0,2.0,0.0,0.0,2.15,3.1,3.75
2324,10/12/2023,Salernitana,Bologna,1.0,2.0,A,0.0,2.0,A,9.0,10.0,2.0,5.0,5.0,1.0,20.0,15.0,7.0,2.0,0.0,0.0,3.75,3.3,2.05
2324,10/12/2023,Roma,Fiorentina,1.0,1.0,D,1.0,0.0,H,4.0,14.0,1.0,8.0,1.0,6.0,14.0,14.0,5.0,3.0,2.0,1.0,2.1,3.3,3.5
2324,11/12/2023,Empoli,Lecce,1.0,1.0,D,0.0,0.0,D,18.0,14.0,6.0,5.0,8.0,3.0,14.0,18.0,2.0,2.0,0.0,0.0,2.55,3.2,3.0
2324,11/12/2023,Cagliari,Sassuolo,2.0,1.0,H,0.0,1.0,A,18.0,8.0,6.0,4.0,10.0,4.0,15.0,15.0,1.0,7.0,0.0,1.0,2.3,3.5,3.0
2324,15/12/2023,Genoa,Juventus,1.0,1.0,D,0.0,1.0,A,11.0,11.0,3.0,4.0,6.0,8.0,14.0,12.0,2.0,3.0,0.0,0.0,4.75,3.2,1.91
2324,16/12/2023,Lecce,Frosinone,2.0,1.0,H,1.0,1.0,D,18.0,11.0,6.0,5.0,5.0,4.0,8.0,14.0,1.0,4.0,0.0,0.0,2.15,3.3,3.5
2324,16/12/2023,Napoli,Cagliari,2.0,1.0,H,0.0,0.0,D,21.0,9.0,5.0,3.0,5.0,3.0,9.0,10.0,5.0,3.0,0.0,0.0,1.33,5.0,9.5
2324,16/12/2023,Torino,Empoli,1.0,0.0,H,1.0,0.0,H,10.0,7.0,3.0,2.0,6.0,4.0,15.0,10.0,4.0,2.0,0.0,0.0,1.6,3.8,6.0
2324,17/12/2023,Milan,Monza,3.0,0.0,H,2.0,0.0,H,17.0,21.0,9.0,4.0,4.0,5.0,8.0,8.0,1.0,2.0,0.0,0.0,1.62,4.33,5.0
2324,17/12/2023,Fiorentina,Verona,1.0,0.0,H,0.0,0.0,D,5.0,19.0,3.0,7.0,1.0,6.0,11.0,12.0,3.0,1.0,0.0,0.0,1.4,5.0,7.0
2324,17/12/2023,Udinese,Sassuolo,2.0,2.0,D,1.0,0.0,H,9.0,21.0,7.0,7.0,1.0,13.0,13.0,6.0,3.0,1.0,1.0,0.0,2.25,3.5,3.1
2324,17/12/2023,Bologna,Roma,2.0,0.0,H,1.0,0.0,H,8.0,8.0,2.0,3.0,0.0,4.0,16.0,16.0,4.0,4.0,0.0,0.0,2.38,3.0,3.25
2324,17/12/2023,Lazio,Inter,0.0,2.0,A,0.0,1.0,A,13.0,12.0,4.0,4.0,8.0,7.0,13.0,15.0,1.0,2.0,1.0,0.0,4.75,3.8,1.73
2324,18/12/2023,Atalanta,Salernitana,4.0,1.0,H,0.0,1.0,A,20.0,10.0,11.0,3.0,10.0,7.0,9.0,11.0,1.0,2.0,0.0,0.0,1.3,5.5,10.0
2324,22/12/2023,Empoli,Lazio,0.0,2.0,A,0.0,1.0,A,21.0,14.0,7.0,7.0,8.0,9.0,6.0,17.0,3.0,2.0,0.0,0.0,4.2,3.4,1.91
2324,22/12/2023,Sassuolo,Genoa,1.0,2.0,A,1.0,0.0,H,12.0,14.0,3.0,5.0,3.0,6.0,11.0,9.0,2.0,1.0,0.0,0.0,2.25,3.3,3.25
2324,22/12/2023,Monza,Fiorentina,0.0,1.0,A,0.0,1.0,A,7.0,14.0,2.0,5.0,1.0,4.0,12.0,16.0,3.0,4.0,0.0,0.0,2.88,3.2,2.55
2324,22/12/2023,Salernitana,Milan,2.0,2.0,D,1.0,1.0,D,19.0,21.0,7.0,9.0,6.0,6.0,16.0,11.0,3.0,1.0,1.0,0.0,8.0,4.5,1.44
2324,23/12/2023,Frosinone,Juventus,1.0,2.0,A,0.0,1.0,A,10.0,13.0,3.0,3.0,8.0,8.0,6.0,12.0,0.0,2.0,0.0,0.0,6.0,3.75,1.62
2324,23/12/2023,Bologna,Atalanta,1.0,0.0,H,0.0,0.0,D,9.0,12.0,1.0,2.0,2.0,3.0,10.0,14.0,2.0,4.0,0.0,0.0,2.7,3.2,2.75
2324,23/12/2023,Torino,Udinese,1.0,1.0,D,0.0,0.0,D,14.0,10.0,4.0,4.0,8.0,2.0,10.0,11.0,2.0,2.0,0.0,0.0,1.75,3.5,5.0
2324,23/12/2023,Inter,Lecce,2.0,0.0,H,1.0,0.0,H,20.0,11.0,8.0,5.0,16.0,2.0,8.0,14.0,1.0,3.0,0.0,1.0,1.22,7.0,11.0
2324,23/12/2023,Verona,Cagliari,2.0,0.0,H,0.0,0.0,D,13.0,12.0,5.0,3.0,11.0,7.0,8.0,19.0,3.0,4.0,0.0,1.0,2.38,3.25,3.1
2324,23/12/2023,Roma,Napoli,2.0,0.0,H,0.0,0.0,D,17.0,7.0,4.0,2.0,4.0,0.0,19.0,12.0,7.0,4.0,0.0,2.0,3.0,3.1,2.5
2324,29/12/2023,Fiorentina,Torino,1.0,0.0,H,0.0,0.0,D,12.0,6.0,3.0,3.0,4.0,2.0,11.0,15.0,4.0,2.0,0.0,0.0,2.1,3.2,3.6
2324,29/12/2023,Napoli,Monza,0.0,0.0,D,0.0,0.0,D,25.0,8.0,9.0,3.0,10.0,1.0,10.0,21.0,4.0,4.0,0.0,0.0,1.62,4.0,5.5
2324,29/12/2023,Genoa,Inter,1.0,1.0,D,1.0,1.0,D,13.0,16.0,4.0,6.0,8.0,2.0,13.0,15.0,2.0,2.0,0.0,0.0,5.5,3.8,1.65
2324,29/12/2023,Lazio,Frosinone,3.0,1.0,H,0.0,0.0,D,13.0,11.0,5.0,2.0,6.0,2.0,18.0,15.0,3.0,2.0,0.0,0.0,1.67,3.8,5.25
2324,30/12/2023,Atalanta,Lecce,1.0,0.0,H,0.0,0.0,D,17.0,15.0,4.0,2.0,5.0,6.0,10.0,16.0,2.0,2.0,0.0,0.0,1.4,4.6,8.0
2324,30/12/2023,Cagliari,Empoli,0.0,0.0,D,0.0,0.0,D,15.0,5.0,3.0,1.0,8.0,6.0,18.0,18.0,1.0,3.0,0.0,0.0,2.05,3.4,3.6
2324,30/12/2023,Udinese,Bologna,3.0,0.0,H,1.0,0.0,H,15.0,14.0,7.0,5.0,7.0,7.0,15.0,14.0,2.0,5.0,0.0,0.0,3.5,3.1,2.25
2324,30/12/2023,Milan,Sassuolo,1.0,0.0,H,0.0,0.0,D,20.0,12.0,2.0,6.0,6.0,5.0,8.0,7.0,0.0,1.0,0.0,0.0,1.45,4.75,6.5
2324,30/12/2023,Verona,Salernitana,0.0,1.0,A,0.0,0.0,D,11.0,9.0,0.0,3.0,7.0,6.0,14.0,13.0,2.0,2.0,0.0,0.0,1.91,3.4,4.2
2324,30/12/2023,Juventus,Roma,1.0,0.0,H,0.0,0.0,D,13.0,11.0,4.0,2.0,2.0,2.0,15.0,14.0,1.0,1.0,0.0,0.0,2.05,3.0,4.2
2324,05/01/2024,Bologna,Genoa,1.0,1.0,D,0.0,1.0,A,21.0,3.0,8.0,1.0,11.0,2.0,8.0,10.0,3.0,3.0,0.0,0.0,2.05,3.0,4.33
2324,06/01/2024,Inter,Verona,2.0,1.0,H,1.0,0.0,H,15.0,8.0,6.0,3.0,7.0,0.0,16.0,15.0,0.0,2.0,0.0,1.0,1.17,8.0,13.0
2324,06/01/2024,Frosinone,Monza,2.0,3.0,A,0.0,2.0,A,10.0,7.0,5.0,2.0,5.0,1.0,11.0,16.0,3.0,5.0,0.0,0.0,2.63,3.3,2.7
2324,06/01/2024,Lecce,Cagliari,1.0,1.0,D,1.0,0.0,H,15.0,14.0,2.0,2.0,7.0,6.0,20.0,14.0,1.0,1.0,0.0,0.0,2.2,3.25,3.4
2324,06/01/2024,Sassuolo,Fiorentina,1.0,0.0,H,1.0,0.0,H,7.0,9.0,1.0,3.0,1.0,8.0,10.0,14.0,3.0,2.0,0.0,0.0,3.25,3.5,2.15
2324,07/01/2024,Empoli,Milan,0.0,3.0,A,0.0,2.0,A,17.0,13.0,2.0,6.0,6.0,6.0,9.0,13.0,1.0,2.0,0.0,0.0,5.25,3.8,1.67
2324,07/01/2024,Torino,Napoli,3.0,0.0,H,1.0,0.0,H,10.0,10.0,6.0,3.0,2.0,5.0,7.0,10.0,0.0,2.0,0.0,1.0,2.9,3.2,2.5
2324,07/01/2024,Udinese,Lazio,1.0,2.0,A,0.0,1.0,A,13.0,7.0,2.0,2.0,4.0,4.0,16.0,22.0,5.0,3.0,0.0,0.0,3.5,3.2,2.2
2324,07/01/2024,Salernitana,Juventus,1.0,2.0,A,1.0,0.0,H,8.0,18.0,3.0,3.0,2.0,8.0,9.0,15.0,3.0,5.0,1.0,0.0,7.5,4.5,1.4
2324,07/01/2024,Roma,Atalanta,1.0,1.0,D,1.0,1.0,D,16.0,8.0,6.0,2.0,6.0,5.0,14.0,14.0,1.0,6.0,0.0,0.0,2.4,3.2,3.1
2324,13/01/2024,Genoa,Torino,0.0,0.0,D,0.0,0.0,D,11.0,6.0,6.0,0.0,8.0,4.0,11.0,11.0,3.0,2.0,0.0,0.0,2.9,3.0,2.63
2324,13/01/2024,Napoli,Salernitana,2.0,1.0,H,1.0,1.0,D,20.0,6.0,7.0,2.0,8.0,3.0,15.0,10.0,3.0,2.0,0.0,0.0,1.33,5.0,8.5
2324,13/01/2024,Verona,Empoli,2.0,1.0,H,1.0,0.0,H,12.0,14.0,7.0,1.0,5.0,9.0,20.0,17.0,4.0,3.0,1.0,0.0,2.15,3.25,3.5
2324,13/01/2024,Monza,Inter,1.0,5.0,A,0.0,2.0,A,9.0,20.0,2.0,7.0,4.0,5.0,6.0,12.0,2.0,2.0,0.0,0.0,7.0,4.0,1.5
2324,14/01/2024,Lazio,Lecce,1.0,0.0,H,0.0,0.0,D,8.0,11.0,2.0,3.0,2.0,5.0,14.0,12.0,4.0,4.0,0.0,0.0,1.65,3.6,5.75
2324,14/01/2024,Cagliari,Bologna,2.0,1.0,H,1.0,1.0,D,4.0,11.0,2.0,4.0,2.0,5.0,12.0,8.0,3.0,2.0,0.0,0.0,3.0,3.1,2.5
2324,14/01/2024,Fiorentina,Udinese,2.0,2.0,D,0.0,1.0,A,10.0,12.0,3.0,6.0,4.0,4.0,14.0,13.0,1.0,1.0,0.0,0.0,1.67,3.75,5.5
2324,14/01/2024,Milan,Roma,3.0,1.0,H,1.0,0.0,H,17.0,12.0,5.0,5.0,2.0,5.0,12.0,9.0,2.0,3.0,0.0,0.0,2.2,3.2,3.5
2324,15/01/2024,Atalanta,Frosinone,5.0,0.0,H,3.0,0.0,H,21.0,8.0,9.0,5.0,8.0,2.0,11.0,8.0,0.0,1.0,0.0,0.0,1.44,4.5,7.5
2324,16/01/2024,Juventus,Sassuolo,3.0,0.0,H,2.0,0.0,H,12.0,8.0,5.0,4.0,5.0,2.0,9.0,9.0,0.0,2.0,0.0,0.0,1.4,4.2,8.5
2324,20/01/2024,Roma,Verona,2.0,1.0,H,2.0,0.0,H,9.0,12.0,2.0,3.0,1.0,2.0,14.0,12.0,2.0,2.0,0.0,0.0,1.44,4.2,8.5
2324,20/01/2024,Udinese,Milan,2.0,3.0,A,1.0,1.0,D,11.0,15.0,6.0,7.0,5.0,7.0,12.0,9.0,6.0,1.0,0.0,0.0,4.0,3.8,1.85
2324,21/01/2024,Frosinone,Cagliari,3.0,1.0,H,0.0,1.0,A,17.0,9.0,7.0,4.0,8.0,4.0,11.0,18.0,3.0,5.0,0.0,0.0,2.4,3.4,2.9
2324,21/01/2024,Empoli,Monza,3.0,0.0,H,2.0,0.0,H,9.0,15.0,5.0,5.0,1.0,7.0,15.0,10.0,1.0,3.0,0.0,0.0,2.8,3.3,2.55
2324,21/01/2024,Salernitana,Genoa,1.0,2.0,A,1.0,1.0,D,11.0,5.0,2.0,5.0,5.0,5.0,7.0,15.0,0.0,5.0,0.0,0.0,3.6,3.2,2.15
2324,21/01/2024,Lecce,Juventus,0.0,3.0,A,0.0,0.0,D,12.0,15.0,3.0,8.0,5.0,5.0,8.0,12.0,1.0,1.0,0.0,0.0,6.0,3.5,1.65
2324,26/01/2024,Cagliari,Torino,1.0,2.0,A,0.0,2.0,A,25.0,16.0,10.0,6.0,8.0,2.0,12.0,12.0,2.0,4.0,0.0,0.0,3.5,3.2,2.2
2324,27/01/2024,Atalanta,Udinese,2.0,0.0,H,2.0,0.0,H,14.0,13.0,11.0,5.0,4.0,4.0,8.0,11.0,2.0,1.0,0.0,0.0,1.5,4.5,6.0
2324,27/01/2024,Juventus,Empoli,1.0,1.0,D,0.0,0.0,D,9.0,16.0,3.0,5.0,6.0,7.0,11.0,6.0,1.0,1.0,1.0,0.0,1.29,5.5,10.0
2324,27/01/2024,Milan,Bologna,2.0,2.0,D,1.0,1.0,D,14.0,15.0,4.0,4.0,4.0,1.0,16.0,12.0,5.0,3.0,0.0,0.0,1.67,3.75,5.25
2324,28/01/2024,Genoa,Lecce,2.0,1.0,H,0.0,1.0,A,19.0,19.0,7.0,5.0,3.0,8.0,12.0,17.0,0.0,2.0,0.0,0.0,2.1,3.1,4.0
2324,28/01/2024,Monza,Sassuolo,1.0,0.0,H,1.0,0.0,H,12.0,14.0,1.0,3.0,4.0,5.0,8.0,13.0,1.0,3.0,0.0,0.0,2.25,3.4,3.2
2324,28/01/2024,Verona,Frosinone,1.0,1.0,D,1.0,0.0,H,15.0,11.0,5.0,6.0,1.0,9.0,17.0,12.0,2.0,2.0,0.0,0.0,2.45,3.3,2.9
2324,28/01/2024,Lazio,Napoli,0.0,0.0,D,0.0,0.0,D,10.0,5.0,1.0,0.0,4.0,3.0,11.0,11.0,3.0,2.0,0.0,0.0,2.25,3.3,3.3
2324,28/01/2024,Fiorentina,Inter,0.0,1.0,A,0.0,1.0,A,14.0,8.0,4.0,4.0,7.0,6.0,6.0,12.0,2.0,3.0,0.0,0.0,4.2,3.6,1.85
2324,29/01/2024,Salernitana,Roma,1.0,2.0,A,0.0,0.0,D,15.0,5.0,7.0,2.0,5.0,1.0,12.0,12.0,2.0,3.0,0.0,0.0,5.25,3.8,1.67
2324,02/02/2024,Lecce,Fiorentina,3.0,2.0,H,1.0,0.0,H,16.0,10.0,8.0,3.0,1.0,3.0,13.0,14.0,3.0,3.0,0.0,0.0,3.75,3.2,2.1
2324,03/02/2024,Empoli,Genoa,0.0,0.0,D,0.0,0.0,D,15.0,10.0,4.0,2.0,6.0,6.0,11.0,12.0,2.0,3.0,0.0,1.0,3.0,3.0,2.6
2324,03/02/2024,Udinese,Monza,0.0,0.0,D,0.0,0.0,D,21.0,3.0,6.0,2.0,7.0,4.0,12.0,13.0,3.0,2.0,0.0,0.0,2.25,3.3,3.3
2324,03/02/2024,Frosinone,Milan,2.0,3.0,A,1.0,1.0,D,7.0,13.0,4.0,5.0,2.0,4.0,10.0,13.0,1.0,3.0,0.0,0.0,5.0,4.2,1.62
2324,03/02/2024,Bologna,Sassuolo,4.0,2.0,H,1.0,2.0,A,19.0,12.0,4.0,4.0,7.0,4.0,12.0,10.0,1.0,3.0,0.0,0.0,1.7,3.75,5.0
2324,04/02/2024,Torino,Salernitana,0.0,0.0,D,0.0,0.0,D,13.0,3.0,1.0,1.0,10.0,1.0,11.0,8.0,2.0,1.0,0.0,0.0,1.5,4.0,7.5
2324,04/02/2024,Napoli,Verona,2.0,1.0,H,0.0,0.0,D,19.0,12.0,8.0,2.0,9.0,2.0,11.0,14.0,3.0,2.0,0.0,0.0,1.4,4.5,8.5
2324,04/02/2024,Atalanta,Lazio,3.0,1.0,H,2.0,0.0,H,19.0,7.0,5.0,1.0,6.0,1.0,13.0,14.0,2.0,3.0,0.0,0.0,2.05,3.4,3.75
2324,04/02/2024,Inter,Juventus,1.0,0.0,H,1.0,0.0,H,15.0,12.0,3.0,1.0,6.0,4.0,8.0,8.0,2.0,2.0,0.0,0.0,1.8,3.5,4.75
2324,05/02/2024,Roma,Cagliari,4.0,0.0,H,2.0,0.0,H,20.0,12.0,6.0,3.0,7.0,5.0,8.0,12.0,1.0,1.0,0.0,0.0,1.44,4.33,7.5
2324,09/02/2024,Salernitana,Empoli,1.0,3.0,A,0.0,1.0,A,13.0,17.0,4.0,3.0,4.0,8.0,10.0,17.0,3.0,2.0,0.0,0.0,2.38,3.2,3.2
2324,10/02/2024,Cagliari,Lazio,1.0,3.0,A,0.0,1.0,A,13.0,12.0,6.0,5.0,7.0,8.0,6.0,9.0,1.0,3.0,0.0,0.0,3.5,3.3,2.15
2324,10/02/2024,Roma,Inter,2.0,4.0,A,2.0,1.0,H,8.0,10.0,3.0,6.0,3.0,8.0,9.0,14.0,2.0,0.0,0.0,0.0,4.2,3.5,1.91
2324,10/02/2024,Sassuolo,Torino,1.0,1.0,D,1.0,1.0,D,11.0,13.0,4.0,2.0,5.0,4.0,12.0,11.0,1.0,3.0,0.0,0.0,3.4,3.3,2.2
2324,11/02/2024,Fiorentina,Frosinone,5.0,1.0,H,3.0,0.0,H,18.0,11.0,7.0,3.0,2.0,5.0,16.0,8.0,3.0,1.0,0.0,0.0,1.5,4.33,6.5
2324,11/02/2024,Bologna,Lecce,4.0,0.0,H,2.0,0.0,H,16.0,14.0,6.0,3.0,4.0,3.0,10.0,13.0,1.0,2.0,0.0,0.0,1.73,3.6,5.25
2324,11/02/2024,Monza,Verona,0.0,0.0,D,0.0,0.0,D,11.0,10.0,1.0,1.0,5.0,2.0,19.0,15.0,1.0,2.0,0.0,0.0,2.05,3.4,3.75
2324,11/02/2024,Genoa,Atalanta,1.0,4.0,A,0.0,1.0,A,15.0,14.0,6.0,9.0,7.0,4.0,8.0,13.0,3.0,4.0,0.0,0.0,3.75,3.3,2.05
2324,11/02/2024,Milan,Napoli,1.0,0.0,H,1.0,0.0,H,10.0,12.0,6.0,2.0,1.0,2.0,9.0,12.0,1.0,1.0,0.0,0.0,1.95,3.6,3.8
2324,12/02/2024,Juventus,Udinese,0.0,1.0,A,0.0,1.0,A,14.0,8.0,6.0,1.0,8.0,4.0,15.0,10.0,3.0,3.0,0.0,0.0,1.44,4.5,8.0
2324,14/02/2024,Bologna,Fiorentina,2.0,0.0,H,1.0,0.0,H,18.0,12.0,7.0,3.0,2.0,3.0,11.0,8.0,2.0,3.0,0.0,0.0,2.3,3.2,3.2
2324,16/02/2024,Torino,Lecce,2.0,0.0,H,0.0,0.0,D,12.0,8.0,4.0,4.0,5.0,5.0,16.0,11.0,1.0,4.0,0.0,1.0,1.8,3.4,4.75
2324,16/02/2024,Inter,Salernitana,4.0,0.0,H,3.0,0.0,H,26.0,1.0,10.0,0.0,18.0,0.0,9.0,9.0,0.0,1.0,0.0,0.0,1.14,8.5,15.0
2324,17/02/2024,Napoli,Genoa,1.0,1.0,D,0.0,0.0,D,25.0,6.0,7.0,4.0,7.0,2.0,9.0,13.0,3.0,2.0,0.0,0.0,1.6,3.75,6.0
2324,17/02/2024,Verona,Juventus,2.0,2.0,D,1.0,1.0,D,14.0,18.0,9.0,4.0,5.0,4.0,8.0,10.0,0.0,0.0,0.0,0.0,5.75,3.5,1.67
2324,17/02/2024,Atalanta,Sassuolo,3.0,0.0,H,1.0,0.0,H,28.0,12.0,13.0,4.0,11.0,5.0,10.0,9.0,0.0,0.0,0.0,0.0,1.36,5.5,8.0
2324,18/02/2024,Lazio,Bologna,1.0,2.0,A,1.0,1.0,D,12.0,11.0,7.0,3.0,8.0,3.0,5.0,11.0,2.0,3.0,0.0,0.0,2.3,3.1,3.4
2324,18/02/2024,Empoli,Fiorentina,1.0,1.0,D,0.0,1.0,A,5.0,9.0,4.0,4.0,0.0,3.0,15.0,14.0,3.0,2.0,0.0,0.0,3.75,3.3,2.05
2324,18/02/2024,Udinese,Cagliari,1.0,1.0,D,1.0,1.0,D,17.0,5.0,3.0,2.0,3.0,4.0,14.0,10.0,3.0,2.0,0.0,0.0,1.91,3.6,4.0
2324,18/02/2024,Frosinone,Roma,0.0,3.0,A,0.0,1.0,A,25.0,13.0,7.0,5.0,10.0,2.0,10.0,16.0,0.0,3.0,0.0,0.0,3.8,3.75,1.91
2324,18/02/2024,Monza,Milan,4.0,2.0,H,2.0,0.0,H,12.0,16.0,6.0,6.0,7.0,3.0,11.0,10.0,4.0,1.0,0.0,1.0,4.75,3.5,1.8
2324,22/02/2024,Torino,Lazio,0.0,2.0,A,0.0,0.0,D,24.0,7.0,4.0,4.0,7.0,4.0,11.0,7.0,3.0,2.0,0.0,1.0,2.4,2.9,3.25
2324,23/02/2024,Bologna,Verona,2.0,0.0,H,1.0,0.0,H,12.0,7.0,3.0,3.0,11.0,1.0,12.0,15.0,2.0,2.0,0.0,0.0,1.55,3.8,7.0
2324,24/02/2024,Sassuolo,Empoli,2.0,3.0,A,0.0,1.0,A,19.0,14.0,5.0,6.0,4.0,1.0,12.0,14.0,1.0,3.0,0.0,0.0,2.2,3.4,3.3
2324,24/02/2024,Salernitana,Monza,0.0,2.0,A,0.0,0.0,D,11.0,17.0,3.0,7.0,7.0,11.0,6.0,13.0,2.0,2.0,0.0,0.0,3.0,3.1,2.5
2324,24/02/2024,Genoa,Udinese,2.0,0.0,H,2.0,0.0,H,19.0,5.0,4.0,1.0,8.0,3.0,9.0,17.0,1.0,4.0,0.0,1.0,2.25,3.0,3.6
2324,25/02/2024,Juventus,Frosinone,3.0,2.0,H,2.0,2.0,D,22.0,7.0,5.0,3.0,8.0,3.0,12.0,6.0,2.0,2.0,0.0,0.0,1.3,5.5,10.0
2324,25/02/2024,Cagliari,Napoli,1.0,1.0,D,0.0,0.0,D,8.0,9.0,3.0,4.0,4.0,3.0,12.0,12.0,4.0,1.0,0.0,0.0,4.2,3.75,1.83
2324,25/02/2024,Lecce,Inter,0.0,4.0,A,0.0,1.0,A,14.0,11.0,2.0,7.0,7.0,10.0,13.0,6.0,1.0,2.0,0.0,0.0,7.0,4.5,1.44
2324,25/02/2024,Milan,Atalanta,1.0,1.0,D,1.0,1.0,D,20.0,8.0,7.0,3.0,5.0,3.0,12.0,16.0,1.0,4.0,0.0,0.0,2.38,3.4,3.0
2324,26/02/2024,Roma,Torino,3.0,2.0,H,1.0,1.0,D,6.0,14.0,3.0,6.0,0.0,4.0,12.0,16.0,2.0,2.0,0.0,0.0,1.91,3.25,4.5
2324,26/02/2024,Fiorentina,Lazio,2.0,1.0,H,0.0,1.0,A,22.0,5.0,7.0,1.0,13.0,2.0,15.0,12.0,0.0,2.0,0.0,0.0,2.25,3.1,3.5
2324,28/02/2024,Sassuolo,Napoli,1.0,6.0,A,1.0,3.0,A,5.0,27.0,2.0,9.0,5.0,10.0,3.0,5.0,0.0,0.0,0.0,0.0,4.0,3.8,1.8
2324,28/02/2024,Inter,Atalanta,4.0,0.0,H,2.0,0.0,H,15.0,6.0,7.0,1.0,4.0,1.0,10.0,15.0,2.0,6.0,0.0,0.0,1.62,4.0,5.5
2324,01/03/2024,Lazio,Milan,0.0,1.0,A,0.0,0.0,D,11.0,14.0,3.0,5.0,2.0,5.0,17.0,19.0,5.0,6.0,3.0,0.0,3.5,3.2,2.2
2324,02/03/2024,Udinese,Salernitana,1.0,1.0,D,1.0,1.0,D,18.0,17.0,5.0,1.0,5.0,6.0,13.0,13.0,6.0,1.0,1.0,0.0,1.65,3.8,5.75
2324,02/03/2024,Monza,Roma,1.0,4.0,A,0.0,2.0,A,16.0,12.0,5.0,6.0,6.0,3.0,11.0,18.0,1.0,4.0,0.0,0.0,3.75,3.4,2.05
2324,02/03/2024,Torino,Fiorentina,0.0,0.0,D,0.0,0.0,D,8.0,14.0,2.0,3.0,4.0,5.0,13.0,13.0,2.0,4.0,1.0,0.0,2.63,3.0,2.9
2324,03/03/2024,Verona,Sassuolo,1.0,0.0,H,0.0,0.0,D,10.0,13.0,5.0,2.0,2.0,10.0,23.0,10.0,4.0,2.0,0.0,0.0,2.2,3.4,3.25
2324,03/03/2024,Empoli,Cagliari,0.0,1.0,A,0.0,0.0,D,16.0,8.0,3.0,4.0,9.0,2.0,11.0,15.0,0.0,3.0,0.0,0.0,2.15,3.25,3.6
2324,03/03/2024,Frosinone,Lecce,1.0,1.0,D,1.0,0.0,H,15.0,11.0,7.0,4.0,12.0,8.0,11.0,10.0,1.0,1.0,0.0,0.0,2.25,3.3,3.3
2324,03/03/2024,Atalanta,Bologna,1.0,2.0,A,1.0,0.0,H,11.0,11.0,2.0,6.0,6.0,2.0,11.0,12.0,3.0,2.0,0.0,0.0,1.91,3.4,4.2
2324,03/03/2024,Napoli,Juventus,2.0,1.0,H,1.0,0.0,H,14.0,18.0,7.0,4.0,2.0,1.0,6.0,16.0,1.0,4.0,0.0,0.0,2.38,3.1,3.3
2324,04/03/2024,Inter,Genoa,2.0,1.0,H,2.0,0.0,H,16.0,10.0,5.0,2.0,4.0,5.0,5.0,17.0,2.0,3.0,0.0,0.0,1.3,5.75,9.5
2324,08/03/2024,Napoli,Torino,1.0,1.0,D,0.0,0.0,D,22.0,11.0,8.0,2.0,13.0,7.0,9.0,13.0,2.0,2.0,0.0,0.0,1.75,3.6,5.0
2324,09/03/2024,Cagliari,Salernitana,4.0,2.0,H,2.0,0.0,H,12.0,12.0,7.0,5.0,5.0,4.0,16.0,11.0,1.0,2.0,0.0,0.0,1.83,3.6,4.33
2324,09/03/2024,Sassuolo,Frosinone,1.0,0.0,H,0.0,0.0,D,10.0,11.0,4.0,1.0,1.0,2.0,14.0,9.0,3.0,1.0,0.0,0.0,2.2,3.6,3.1
2324,09/03/2024,Bologna,Inter,0.0,1.0,A,0.0,1.0,A,19.0,5.0,3.0,4.0,7.0,2.0,17.0,12.0,2.0,1.0,0.0,0.0,3.5,3.3,2.15
2324,09/03/2024,Genoa,Monza,2.0,3.0,A,0.0,2.0,A,22.0,9.0,6.0,5.0,10.0,1.0,11.0,10.0,1.0,1.0,0.0,0.0,2.15,3.2,3.5
2324,10/03/2024,Lecce,Verona,0.0,1.0,A,0.0,1.0,A,15.0,13.0,3.0,4.0,11.0,6.0,15.0,19.0,3.0,3.0,0.0,1.0,2.2,3.25,3.4
2324,10/03/2024,Milan,Empoli,1.0,0.0,H,1.0,0.0,H,15.0,5.0,5.0,2.0,11.0,4.0,18.0,13.0,1.0,4.0,0.0,0.0,1.44,5.0,6.5
2324,10/03/2024,Juventus,Atalanta,2.0,2.0,D,0.0,1.0,A,18.0,7.0,5.0,3.0,4.0,3.0,12.0,10.0,0.0,1.0,0.0,0.0,2.2,3.3,3.3
2324,10/03/2024,Fiorentina,Roma,2.0,2.0,D,1.0,0.0,H,15.0,10.0,5.0,5.0,8.0,2.0,10.0,15.0,2.0,5.0,0.0,0.0,2.55,3.3,2.75
2324,11/03/2024,Lazio,Udinese,1.0,2.0,A,0.0,0.0,D,18.0,14.0,6.0,5.0,9.0,5.0,9.0,15.0,3.0,6.0,0.0,1.0,1.91,3.5,4.0
2324,15/03/2024,Empoli,Bologna,0.0,1.0,A,0.0,0.0,D,10.0,20.0,1.0,9.0,7.0,6.0,19.0,12.0,4.0,0.0,0.0,0.0,4.0,3.2,2.0
2324,16/03/2024,Monza,Cagliari,1.0,0.0,H,1.0,0.0,H,15.0,10.0,3.0,0.0,3.0,7.0,11.0,9.0,2.0,1.0,0.0,0.0,2.05,3.5,3.6
2324,16/03/2024,Udinese,Torino,0.0,2.0,A,0.0,1.0,A,12.0,12.0,1.0,5.0,3.0,4.0,11.0,17.0,3.0,2.0,0.0,0.0,2.8,2.9,2.8
2324,16/03/2024,Salernitana,Lecce,0.0,1.0,A,0.0,1.0,A,15.0,17.0,6.0,4.0,7.0,1.0,9.0,18.0,4.0,3.0,0.0,0.0,2.9,3.2,2.5
2324,16/03/2024,Frosinone,Lazio,2.0,3.0,A,1.0,1.0,D,14.0,22.0,5.0,7.0,9.0,4.0,10.0,15.0,1.0,3.0,0.0,0.0,3.5,3.4,2.15
2324,17/03/2024,Juventus,Genoa,0.0,0.0,D,0.0,0.0,D,17.0,5.0,2.0,2.0,12.0,2.0,11.0,11.0,4.0,1.0,1.0,0.0,1.5,4.0,7.0
2324,17/03/2024,Verona,Milan,1.0,3.0,A,0.0,1.0,A,15.0,18.0,4.0,6.0,3.0,5.0,9.0,8.0,1.0,3.0,0.0,0.0,5.25,3.75,1.7
2324,17/03/2024,Roma,Sassuolo,1.0,0.0,H,0.0,0.0,D,10.0,8.0,4.0,2.0,4.0,7.0,11.0,10.0,2.0,1.0,0.0,0.0,1.36,4.75,8.0
2324,17/03/2024,Inter,Napoli,1.0,1.0,D,1.0,0.0,H,19.0,11.0,6.0,3.0,5.0,7.0,19.0,6.0,2.0,1.0,0.0,0.0,1.57,4.0,6.0
2324,30/03/2024,Napoli,Atalanta,0.0,3.0,A,0.0,2.0,A,20.0,12.0,6.0,6.0,7.0,5.0,6.0,13.0,2.0,2.0,0.0,0.0,2.1,3.6,3.4
2324,30/03/2024,Genoa,Frosinone,1.0,1.0,D,1.0,1.0,D,9.0,15.0,3.0,3.0,3.0,8.0,16.0,11.0,2.0,1.0,0.0,0.0,1.95,3.6,3.8
2324,30/03/2024,Torino,Monza,1.0,0.0,H,0.0,0.0,D,15.0,9.0,6.0,2.0,7.0,2.0,9.0,11.0,0.0,3.0,0.0,1.0,1.83,3.4,4.75
2324,30/03/2024,Lazio,Juventus,1.0,0.0,H,0.0,0.0,D,16.0,9.0,4.0,3.0,7.0,2.0,12.0,10.0,1.0,2.0,0.0,0.0,3.1,3.1,2.45
2324,30/03/2024,Fiorentina,Milan,1.0,2.0,A,0.0,0.0,D,17.0,14.0,7.0,10.0,7.0,5.0,8.0,12.0,2.0,3.0,0.0,0.0,2.88,3.3,2.5
2324,01/04/2024,Bologna,Salernitana,3.0,0.0,H,2.0,0.0,H,14.0,8.0,3.0,2.0,5.0,3.0,11.0,12.0,0.0,3.0,0.0,0.0,1.3,5.5,10.0
2324,01/04/2024,Cagliari,Verona,1.0,1.0,D,0.0,1.0,A,11.0,8.0,2.0,5.0,7.0,2.0,11.0,16.0,0.0,2.0,0.0,0.0,2.15,3.2,3.6
2324,01/04/2024,Sassuolo,Udinese,1.0,1.0,D,1.0,1.0,D,14.0,12.0,5.0,3.0,10.0,1.0,7.0,10.0,1.0,2.0,0.0,0.0,2.75,3.25,2.6
2324,01/04/2024,Lecce,Roma,0.0,0.0,D,0.0,0.0,D,27.0,10.0,6.0,3.0,8.0,4.0,9.0,12.0,3.0,2.0,0.0,0.0,4.5,3.5,1.83
2324,01/04/2024,Inter,Empoli,2.0,0.0,H,1.0,0.0,H,19.0,14.0,7.0,3.0,8.0,6.0,14.0,16.0,0.0,2.0,0.0,0.0,1.22,7.0,12.0
2324,05/04/2024,Salernitana,Sassuolo,2.0,2.0,D,0.0,2.0,A,5.0,16.0,2.0,5.0,4.0,9.0,10.0,13.0,4.0,3.0,0.0,0.0,3.25,3.5,2.2
2324,06/04/2024,Milan,Lecce,3.0,0.0,H,2.0,0.0,H,16.0,12.0,8.0,7.0,5.0,1.0,8.0,8.0,1.0,1.0,0.0,1.0,1.36,4.75,8.5
2324,06/04/2024,Roma,Lazio,1.0,0.0,H,1.0,0.0,H,15.0,11.0,3.0,1.0,3.0,6.0,14.0,15.0,6.0,3.0,0.0,0.0,2.2,3.1,3.6
2324,06/04/2024,Empoli,Torino,3.0,2.0,H,1.0,0.0,H,4.0,19.0,3.0,5.0,1.0,7.0,13.0,13.0,2.0,1.0,0.0,0.0,3.5,3.2,2.25
2324,07/04/2024,Frosinone,Bologna,0.0,0.0,D,0.0,0.0,D,12.0,13.0,5.0,5.0,5.0,2.0,10.0,14.0,1.0,3.0,0.0,0.0,4.2,3.5,1.91
2324,07/04/2024,Monza,Napoli,2.0,4.0,A,1.0,0.0,H,7.0,19.0,2.0,8.0,1.0,6.0,10.0,8.0,3.0,1.0,0.0,0.0,4.0,3.8,1.85
2324,07/04/2024,Cagliari,Atalanta,2.0,1.0,H,1.0,1.0,D,11.0,7.0,3.0,2.0,4.0,4.0,16.0,19.0,3.0,3.0,0.0,0.0,4.75,3.8,1.73
2324,07/04/2024,Verona,Genoa,1.0,2.0,A,1.0,1.0,D,12.0,11.0,3.0,5.0,5.0,3.0,14.0,15.0,3.0,1.0,0.0,0.0,2.75,3.0,2.8
2324,07/04/2024,Juventus,Fiorentina,1.0,0.0,H,1.0,0.0,H,7.0,13.0,2.0,2.0,5.0,6.0,16.0,8.0,2.0,1.0,0.0,0.0,1.83,3.4,4.75
2324,08/04/2024,Udinese,Inter,1.0,2.0,A,1.0,0.0,H,3.0,23.0,1.0,6.0,0.0,8.0,11.0,11.0,1.0,2.0,0.0,0.0,6.5,4.5,1.5
2324,12/04/2024,Lazio,Salernitana,4.0,1.0,H,3.0,1.0,H,17.0,8.0,6.0,5.0,9.0,0.0,15.0,10.0,0.0,1.0,0.0,0.0,1.33,5.0,9.5
2324,13/04/2024,Lecce,Empoli,1.0,0.0,H,0.0,0.0,D,14.0,3.0,7.0,0.0,10.0,3.0,18.0,15.0,1.0,0.0,0.0,0.0,2.25,3.1,3.6
2324,13/04/2024,Torino,Juventus,0.0,0.0,D,0.0,0.0,D,13.0,8.0,2.0,3.0,6.0,2.0,18.0,11.0,3.0,2.0,1.0,0.0,3.75,3.0,2.2
2324,13/04/2024,Bologna,Monza,0.0,0.0,D,0.0,0.0,D,17.0,4.0,7.0,0.0,10.0,0.0,13.0,19.0,4.0,4.0,0.0,0.0,1.55,4.0,6.5
2324,14/04/2024,Napoli,Frosinone,2.0,2.0,D,1.0,0.0,H,20.0,13.0,9.0,6.0,6.0,2.0,11.0,14.0,3.0,1.0,1.0,0.0,1.33,5.5,8.0
2324,14/04/2024,Sassuolo,Milan,3.0,3.0,D,2.0,1.0,H,10.0,23.0,5.0,7.0,2.0,6.0,12.0,9.0,3.0,1.0,0.0,0.0,4.5,3.8,1.75
2324,14/04/2024,Inter,Cagliari,2.0,2.0,D,1.0,0.0,H,12.0,11.0,7.0,6.0,7.0,0.0,5.0,10.0,0.0,2.0,0.0,0.0,1.18,8.0,12.0
2324,15/04/2024,Fiorentina,Genoa,1.0,1.0,D,0.0,1.0,A,20.0,7.0,3.0,3.0,6.0,2.0,8.0,19.0,1.0,2.0,0.0,0.0,1.85,3.5,4.33
2324,15/04/2024,Atalanta,Verona,2.0,2.0,D,2.0,0.0,H,16.0,13.0,9.0,5.0,5.0,4.0,6.0,10.0,0.0,2.0,0.0,0.0,1.45,4.5,7.0
2324,19/04/2024,Genoa,Lazio,0.0,1.0,A,0.0,0.0,D,8.0,13.0,2.0,1.0,2.0,9.0,7.0,13.0,1.0,2.0,0.0,0.0,3.1,3.1,2.45
2324,19/04/2024,Cagliari,Juventus,2.0,2.0,D,2.0,0.0,H,9.0,11.0,4.0,3.0,4.0,3.0,16.0,15.0,2.0,3.0,0.0,0.0,5.0,3.5,1.75
2324,20/04/2024,Empoli,Napoli,1.0,0.0,H,1.0,0.0,H,7.0,9.0,1.0,1.0,2.0,8.0,14.0,12.0,2.0,2.0,0.0,0.0,4.75,4.0,1.7
2324,20/04/2024,Verona,Udinese,1.0,0.0,H,0.0,0.0,D,16.0,18.0,4.0,1.0,10.0,6.0,18.0,12.0,2.0,2.0,0.0,0.0,2.55,3.1,3.0
2324,21/04/2024,Sassuolo,Lecce,0.0,3.0,A,0.0,2.0,A,10.0,14.0,3.0,8.0,9.0,4.0,10.0,13.0,1.0,0.0,0.0,0.0,2.3,3.3,3.2
2324,21/04/2024,Torino,Frosinone,0.0,0.0,D,0.0,0.0,D,13.0,12.0,2.0,3.0,6.0,4.0,10.0,17.0,2.0,2.0,0.0,0.0,1.67,3.8,5.25
2324,21/04/2024,Salernitana,Fiorentina,0.0,2.0,A,0.0,0.0,D,5.0,12.0,1.0,7.0,2.0,5.0,13.0,11.0,2.0,4.0,0.0,0.0,5.0,4.0,1.67
2324,21/04/2024,Monza,Atalanta,1.0,2.0,A,0.0,1.0,A,17.0,12.0,2.0,6.0,2.0,8.0,8.0,13.0,3.0,2.0,0.0,0.0,4.0,3.8,1.85
2324,22/04/2024,Roma,Bologna,1.0,3.0,A,0.0,2.0,A,14.0,11.0,5.0,3.0,8.0,2.0,8.0,12.0,5.0,2.0,0.0,0.0,2.4,3.1,3.2
2324,22/04/2024,Milan,Inter,1.0,2.0,A,0.0,1.0,A,15.0,11.0,6.0,3.0,5.0,3.0,19.0,10.0,3.0,2.0,2.0,1.0,3.75,3.6,2.0
2324,25/04/2024,Udinese,Roma,1.0,2.0,A,1.0,0.0,H,9.0,19.0,3.0,5.0,5.0,8.0,15.0,10.0,3.0,2.0,0.0,0.0,3.3,3.4,2.15
2324,26/04/2024,Frosinone,Salernitana,3.0,0.0,H,2.0,0.0,H,11.0,17.0,4.0,2.0,7.0,3.0,13.0,10.0,2.0,2.0,0.0,0.0,1.4,4.75,7.5
2324,27/04/2024,Lecce,Monza,1.0,1.0,D,0.0,0.0,D,12.0,9.0,4.0,1.0,0.0,5.0,13.0,18.0,2.0,3.0,0.0,0.0,2.0,3.25,4.0
2324,27/04/2024,Juventus,Milan,0.0,0.0,D,0.0,0.0,D,18.0,9.0,7.0,0.0,9.0,4.0,10.0,4.0,0.0,1.0,0.0,0.0,2.1,3.3,3.6
2324,27/04/2024,Lazio,Verona,1.0,0.0,H,0.0,0.0,D,17.0,7.0,5.0,1.0,4.0,2.0,13.0,18.0,4.0,4.0,0.0,0.0,1.62,3.8,6.0
2324,28/04/2024,Inter,Torino,2.0,0.0,H,0.0,0.0,D,17.0,11.0,5.0,3.0,5.0,4.0,6.0,8.0,0.0,0.0,0.0,1.0,1.53,3.8,7.0
2324,28/04/2024,Bologna,Udinese,1.0,1.0,D,0.0,1.0,A,15.0,11.0,4.0,4.0,10.0,3.0,11.0,21.0,3.0,7.0,1.0,0.0,1.6,3.8,6.0
2324,28/04/2024,Atalanta,Empoli,2.0,0.0,H,1.0,0.0,H,17.0,11.0,5.0,2.0,8.0,1.0,19.0,14.0,1.0,2.0,0.0,0.0,1.44,4.5,7.5
2324,28/04/2024,Napoli,Roma,2.0,2.0,D,0.0,0.0,D,27.0,10.0,9.0,4.0,9.0,2.0,11.0,5.0,2.0,0.0,0.0,0.0,1.95,3.6,4.0
2324,28/04/2024,Fiorentina,Sassuolo,5.0,1.0,H,1.0,0.0,H,22.0,7.0,10.0,2.0,10.0,2.0,9.0,9.0,2.0,2.0,0.0,0.0,1.7,3.8,5.0
2324,29/04/2024,Genoa,Cagliari,3.0,0.0,H,2.0,0.0,H,12.0,12.0,5.0,1.0,2.0,4.0,12.0,14.0,0.0,2.0,0.0,0.0,2.25,3.1,3.5
2324,03/05/2024,Torino,Bologna,0.0,0.0,D,0.0,0.0,D,8.0,5.0,1.0,1.0,2.0,4.0,14.0,11.0,2.0,2.0,0.0,0.0,2.88,2.8,2.88
2324,04/05/2024,Monza,Lazio,2.0,2.0,D,0.0,1.0,A,17.0,9.0,7.0,5.0,5.0,4.0,8.0,13.0,1.0,7.0,0.0,0.0,4.33,3.75,1.83
2324,04/05/2024,Sassuolo,Inter,1.0,0.0,H,1.0,0.0,H,6.0,14.0,2.0,1.0,2.0,5.0,10.0,10.0,1.0,1.0,0.0,0.0,6.0,4.5,1.5
2324,05/05/2024,Cagliari,Lecce,1.0,1.0,D,1.0,0.0,H,9.0,16.0,3.0,3.0,3.0,10.0,9.0,15.0,4.0,4.0,1.0,0.0,2.15,3.2,3.75
2324,05/05/2024,Empoli,Frosinone,0.0,0.0,D,0.0,0.0,D,7.0,17.0,1.0,5.0,3.0,8.0,15.0,11.0,2.0,3.0,0.0,0.0,2.38,3.3,3.1
2324,05/05/2024,Verona,Fiorentina,2.0,1.0,H,1.0,1.0,D,9.0,13.0,4.0,4.0,1.0,2.0,12.0,11.0,2.0,1.0,0.0,0.0,3.1,3.3,2.3
2324,05/05/2024,Milan,Genoa,3.0,3.0,D,1.0,1.0,D,26.0,6.0,7.0,2.0,7.0,1.0,8.0,10.0,1.0,1.0,0.0,0.0,1.45,4.5,6.5
2324,05/05/2024,Roma,Juventus,1.0,1.0,D,1.0,1.0,D,19.0,16.0,5.0,6.0,9.0,6.0,7.0,11.0,1.0,2.0,0.0,0.0,2.88,3.1,2.7
2324,06/05/2024,Salernitana,Atalanta,1.0,2.0,A,1.0,0.0,H,9.0,17.0,2.0,4.0,1.0,7.0,12.0,10.0,1.0,0.0,0.0,0.0,7.5,5.5,1.36
2324,06/05/2024,Udinese,Napoli,1.0,1.0,D,0.0,0.0,D,10.0,12.0,2.0,4.0,7.0,5.0,13.0,10.0,0.0,0.0,0.0,0.0,3.75,3.6,1.95
2324,10/05/2024,Frosinone,Inter,0.0,5.0,A,0.0,1.0,A,17.0,14.0,8.0,5.0,8.0,4.0,4.0,8.0,0.0,0.0,0.0,0.0,4.5,4.0,1.73
2324,11/05/2024,Napoli,Bologna,0.0,2.0,A,0.0,2.0,A,16.0,11.0,6.0,4.0,9.0,3.0,15.0,12.0,2.0,1.0,0.0,0.0,2.1,3.4,3.5
2324,11/05/2024,Milan,Cagliari,5.0,1.0,H,1.0,0.0,H,17.0,13.0,10.0,7.0,6.0,3.0,11.0,9.0,2.0,1.0,0.0,0.0,1.4,5.25,6.5
2324,12/05/2024,Lazio,Empoli,2.0,0.0,H,1.0,0.0,H,11.0,16.0,5.0,3.0,7.0,7.0,18.0,15.0,3.0,1.0,0.0,0.0,1.57,4.0,5.75
2324,12/05/2024,Genoa,Sassuolo,2.0,1.0,H,0.0,1.0,A,8.0,12.0,2.0,4.0,3.0,7.0,13.0,10.0,1.0,2.0,0.0,0.0,2.2,3.5,3.2
2324,12/05/2024,Verona,Torino,1.0,2.0,A,0.0,0.0,D,13.0,6.0,5.0,2.0,7.0,4.0,19.0,15.0,3.0,2.0,1.0,0.0,3.0,3.0,2.55
2324,12/05/2024,Juventus,Salernitana,1.0,1.0,D,0.0,1.0,A,25.0,13.0,6.0,4.0,9.0,4.0,15.0,12.0,2.0,5.0,0.0,0.0,1.14,8.5,17.0
2324,12/05/2024,Atalanta,Roma,2.0,1.0,H,2.0,0.0,H,24.0,9.0,7.0,6.0,6.0,1.0,11.0,11.0,1.0,1.0,0.0,0.0,2.0,3.6,3.6
2324,13/05/2024,Lecce,Udinese,0.0,2.0,A,0.0,1.0,A,9.0,16.0,2.0,3.0,8.0,2.0,12.0,11.0,2.0,1.0,0.0,0.0,2.63,3.1,2.8
2324,13/05/2024,Fiorentina,Monza,2.0,1.0,H,1.0,1.0,D,15.0,5.0,8.0,2.0,6.0,1.0,9.0,14.0,1.0,1.0,0.0,0.0,1.55,4.2,5.75
2324,17/05/2024,Fiorentina,Napoli,2.0,2.0,D,2.0,1.0,H,14.0,15.0,5.0,3.0,5.0,3.0,16.0,14.0,1.0,2.0,0.0,0.0,2.25,3.4,3.1
2324,18/05/2024,Lecce,Atalanta,0.0,2.0,A,0.0,0.0,D,11.0,19.0,3.0,9.0,2.0,5.0,7.0,20.0,0.0,4.0,0.0,0.0,4.5,3.8,1.75
2324,18/05/2024,Torino,Milan,3.0,1.0,H,2.0,0.0,H,11.0,16.0,5.0,4.0,3.0,8.0,15.0,14.0,1.0,1.0,0.0,0.0,2.8,3.2,2.6
2324,19/05/2024,Sassuolo,Cagliari,0.0,2.0,A,0.0,0.0,D,7.0,13.0,0.0,3.0,5.0,6.0,14.0,9.0,4.0,2.0,1.0,0.0,2.35,3.3,3.1
2324,19/05/2024,Monza,Frosinone,0.0,1.0,A,0.0,1.0,A,14.0,16.0,2.0,5.0,3.0,4.0,14.0,13.0,1.0,2.0,0.0,0.0,3.0,3.4,2.3
2324,19/05/2024,Udinese,Empoli,1.0,1.0,D,0.0,0.0,D,8.0,4.0,2.0,1.0,5.0,5.0,14.0,18.0,1.0,7.0,0.0,1.0,2.0,3.4,3.8
2324,19/05/2024,Inter,Lazio,1.0,1.0,D,0.0,1.0,A,19.0,8.0,7.0,3.0,8.0,0.0,10.0,15.0,0.0,1.0,0.0,0.0,1.62,4.0,5.0
2324,19/05/2024,Roma,Genoa,1.0,0.0,H,0.0,0.0,D,21.0,11.0,6.0,4.0,6.0,3.0,10.0,10.0,3.0,0.0,1.0,0.0,1.48,4.2,7.0
2324,20/05/2024,Salernitana,Verona,1.0,2.0,A,0.0,2.0,A,9.0,17.0,1.0,5.0,4.0,6.0,14.0,19.0,3.0,2.0,0.0,0.0,5.0,3.8,1.7
2324,20/05/2024,Bologna,Juventus,3.0,3.0,D,2.0,0.0,H,10.0,11.0,5.0,4.0,3.0,2.0,8.0,21.0,1.0,5.0,0.0,0.0,2.45,3.1,3.1
2324,23/05/2024,Cagliari,Fiorentina,2.0,3.0,A,0.0,1.0,A,14.0,11.0,6.0,5.0,4.0,5.0,13.0,14.0,2.0,4.0,0.0,0.0,4.2,3.75,1.8
2324,24/05/2024,Genoa,Bologna,2.0,0.0,H,1.0,0.0,H,14.0,11.0,3.0,1.0,3.0,6.0,11.0,11.0,1.0,2.0,0.0,0.0,3.4,3.4,2.15
2324,25/05/2024,Juventus,Monza,2.0,0.0,H,2.0,0.0,H,12.0,12.0,4.0,4.0,3.0,4.0,15.0,13.0,1.0,3.0,0.0,1.0,1.33,5.5,8.5
2324,25/05/2024,Milan,Salernitana,3.0,3.0,D,2.0,0.0,H,23.0,14.0,11.0,6.0,13.0,3.0,6.0,9.0,0.0,1.0,0.0,0.0,1.18,8.0,12.0
2324,26/05/2024,Atalanta,Torino,3.0,0.0,H,2.0,0.0,H,18.0,8.0,7.0,1.0,2.0,5.0,18.0,10.0,1.0,1.0,0.0,0.0,3.3,3.5,2.1
2324,26/05/2024,Napoli,Lecce,0.0,0.0,D,0.0,0.0,D,24.0,10.0,5.0,0.0,4.0,1.0,10.0,17.0,0.0,0.0,0.0,0.0,1.42,5.0,6.25
2324,26/05/2024,Empoli,Roma,2.0,1.0,H,1.0,1.0,D,17.0,15.0,7.0,3.0,4.0,5.0,18.0,12.0,4.0,1.0,0.0,0.0,1.95,3.6,3.6
2324,26/05/2024,Frosinone,Udinese,0.0,1.0,A,0.0,0.0,D,21.0,10.0,5.0,5.0,11.0,1.0,6.0,13.0,0.0,2.0,0.0,0.0,2.38,3.25,3.0
2324,26/05/2024,Lazio,Sassuolo,1.0,1.0,D,0.0,0.0,D,8.0,8.0,6.0,3.0,5.0,3.0,15.0,11.0,3.0,1.0,0.0,0.0,1.36,5.25,7.5
2324,26/05/2024,Verona,Inter,2.0,2.0,D,2.0,2.0,D,18.0,15.0,8.0,11.0,9.0,3.0,17.0,8.0,1.0,1.0,0.0,0.0,5.5,4.0,1.53
2324,02/06/2024,Atalanta,Fiorentina,2.0,3.0,A,2.0,3.0,A,12.0,8.0,3.0,4.0,4.0,4.0,5.0,9.0,0.0,2.0,0.0,0.0,1.48,4.75,6.0
2425,17/08/2024,Genoa,Inter,2.0,2.0,D,1.0,1.0,D,10.0,14.0,6.0,9.0,1.0,4.0,15.0,14.0,1.0,2.0,0.0,0.0,6.5,4.0,1.53
2425,17/08/2024,Parma,Fiorentina,1.0,1.0,D,1.0,0.0,H,13.0,14.0,5.0,7.0,4.0,9.0,15.0,9.0,3.0,2.0,0.0,1.0,3.5,3.2,2.2
2425,17/08/2024,Empoli,Monza,0.0,0.0,D,0.0,0.0,D,9.0,4.0,1.0,1.0,7.0,3.0,16.0,19.0,0.0,2.0,0.0,0.0,2.5,3.2,3.0
2425,17/08/2024,Milan,Torino,2.0,2.0,D,0.0,1.0,A,20.0,6.0,6.0,3.0,9.0,2.0,10.0,7.0,2.0,4.0,0.0,0.0,1.62,3.8,5.75
2425,18/08/2024,Bologna,Udinese,1.0,1.0,D,0.0,0.0,D,22.0,4.0,7.0,2.0,7.0,5.0,15.0,13.0,0.0,4.0,0.0,0.0,1.91,3.4,4.33
2425,18/08/2024,Verona,Napoli,3.0,0.0,H,0.0,0.0,D,8.0,15.0,5.0,5.0,1.0,5.0,15.0,13.0,4.0,1.0,0.0,0.0,4.75,3.6,1.75
2425,18/08/2024,Cagliari,Roma,0.0,0.0,D,0.0,0.0,D,12.0,13.0,2.0,3.0,5.0,3.0,15.0,7.0,2.0,0.0,0.0,0.0,4.1,3.4,1.95
2425,18/08/2024,Lazio,Venezia,3.0,1.0,H,2.0,1.0,H,13.0,11.0,6.0,3.0,6.0,3.0,14.0,11.0,1.0,2.0,0.0,0.0,1.48,4.1,7.5
2425,19/08/2024,Lecce,Atalanta,0.0,4.0,A,0.0,2.0,A,19.0,10.0,5.0,6.0,5.0,3.0,10.0,24.0,0.0,2.0,0.0,0.0,4.2,3.7,1.85
2425,19/08/2024,Juventus,Como,3.0,0.0,H,2.0,0.0,H,12.0,1.0,9.0,1.0,3.0,0.0,12.0,6.0,2.0,4.0,0.0,0.0,1.33,5.0,9.5
2425,24/08/2024,Parma,Milan,2.0,1.0,H,1.0,0.0,H,8.0,17.0,5.0,5.0,3.0,9.0,9.0,13.0,0.0,3.0,0.0,0.0,4.75,3.9,1.7
2425,24/08/2024,Udinese,Lazio,2.0,1.0,H,1.0,0.0,H,8.0,17.0,3.0,5.0,4.0,13.0,15.0,10.0,0.0,0.0,1.0,0.0,3.3,3.1,2.35
2425,24/08/2024,Inter,Lecce,2.0,0.0,H,1.0,0.0,H,11.0,10.0,3.0,4.0,10.0,6.0,9.0,12.0,0.0,2.0,0.0,0.0,1.2,7.0,13.0
2425,24/08/2024,Monza,Genoa,0.0,1.0,A,0.0,1.0,A,9.0,11.0,2.0,1.0,8.0,3.0,6.0,17.0,2.0,3.0,0.0,0.0,2.6,3.1,2.88
2425,25/08/2024,Fiorentina,Venezia,0.0,0.0,D,0.0,0.0,D,12.0,7.0,8.0,4.0,7.0,3.0,13.0,19.0,1.0,2.0,0.0,0.0,1.42,4.75,7.0
2425,25/08/2024,Torino,Atalanta,2.0,1.0,H,1.0,1.0,D,13.0,24.0,6.0,8.0,4.0,6.0,8.0,13.0,3.0,4.0,0.0,0.0,3.2,3.1,2.38
2425,25/08/2024,Napoli,Bologna,3.0,0.0,H,1.0,0.0,H,16.0,9.0,5.0,2.0,7.0,5.0,11.0,17.0,2.0,2.0,0.0,0.0,1.9,3.5,4.1
2425,25/08/2024,Roma,Empoli,1.0,2.0,A,0.0,1.0,A,17.0,10.0,6.0,3.0,8.0,5.0,10.0,9.0,0.0,3.0,0.0,0.0,1.5,4.33,6.5
2425,26/08/2024,Cagliari,Como,1.0,1.0,D,1.0,0.0,H,11.0,13.0,5.0,4.0,5.0,6.0,12.0,10.0,2.0,2.0,0.0,0.0,2.1,3.4,3.4
2425,26/08/2024,Verona,Juventus,0.0,3.0,A,0.0,2.0,A,7.0,7.0,1.0,5.0,4.0,1.0,8.0,8.0,2.0,0.0,0.0,0.0,5.25,3.75,1.67
2425,30/08/2024,Venezia,Torino,0.0,1.0,A,0.0,0.0,D,13.0,12.0,4.0,6.0,3.0,3.0,7.0,15.0,2.0,4.0,0.0,0.0,3.4,3.3,2.2
2425,30/08/2024,Inter,Atalanta,4.0,0.0,H,2.0,0.0,H,13.0,11.0,5.0,1.0,3.0,4.0,6.0,15.0,0.0,2.0,0.0,0.0,1.57,4.33,5.5
2425,31/08/2024,Bologna,Empoli,1.0,1.0,D,1.0,1.0,D,14.0,4.0,3.0,2.0,6.0,3.0,15.0,18.0,0.0,3.0,0.0,0.0,1.62,3.75,6.0
2425,31/08/2024,Lecce,Cagliari,1.0,0.0,H,1.0,0.0,H,17.0,21.0,4.0,2.0,7.0,10.0,10.0,13.0,1.0,3.0,1.0,0.0,2.25,3.2,3.4
2425,31/08/2024,Lazio,Milan,2.0,2.0,D,0.0,1.0,A,7.0,10.0,5.0,4.0,5.0,7.0,12.0,9.0,4.0,2.0,0.0,0.0,2.9,3.4,2.4
2425,31/08/2024,Napoli,Parma,2.0,1.0,H,0.0,1.0,A,29.0,13.0,7.0,2.0,6.0,4.0,12.0,6.0,2.0,4.0,0.0,1.0,1.48,4.33,7.0
2425,01/09/2024,Fiorentina,Monza,2.0,2.0,D,1.0,2.0,A,15.0,4.0,5.0,3.0,6.0,0.0,11.0,21.0,2.0,4.0,0.0,0.0,1.67,3.9,5.0
2425,01/09/2024,Genoa,Verona,0.0,2.0,A,0.0,0.0,D,11.0,10.0,1.0,3.0,3.0,1.0,8.0,16.0,2.0,6.0,0.0,0.0,2.0,3.3,4.0
2425,01/09/2024,Juventus,Roma,0.0,0.0,D,0.0,0.0,D,8.0,7.0,1.0,1.0,6.0,4.0,11.0,12.0,2.0,2.0,0.0,0.0,1.75,3.6,5.0
2425,01/09/2024,Udinese,Como,1.0,0.0,H,1.0,0.0,H,10.0,21.0,3.0,4.0,4.0,6.0,16.0,9.0,3.0,0.0,0.0,0.0,2.05,3.4,3.75
2425,14/09/2024,Como,Bologna,2.0,2.0,D,1.0,0.0,H,14.0,14.0,4.0,4.0,4.0,3.0,17.0,12.0,2.0,1.0,0.0,0.0,3.0,3.25,2.45
2425,14/09/2024,Empoli,Juventus,0.0,0.0,D,0.0,0.0,D,8.0,15.0,3.0,3.0,4.0,8.0,11.0,10.0,1.0,2.0,0.0,0.0,5.25,3.6,1.7
2425,14/09/2024,Milan,Venezia,4.0,0.0,H,4.0,0.0,H,12.0,6.0,8.0,1.0,6.0,1.0,12.0,12.0,1.0,3.0,0.0,1.0,1.3,5.75,9.0
2425,15/09/2024,Genoa,Roma,1.0,1.0,D,0.0,1.0,A,20.0,16.0,8.0,6.0,4.0,5.0,9.0,12.0,1.0,3.0,0.0,0.0,3.25,3.3,2.25
2425,15/09/2024,Atalanta,Fiorentina,3.0,2.0,H,3.0,2.0,H,13.0,13.0,7.0,5.0,4.0,2.0,16.0,15.0,2.0,3.0,0.0,0.0,1.8,3.6,4.5
2425,15/09/2024,Torino,Lecce,0.0,0.0,D,0.0,0.0,D,5.0,20.0,0.0,6.0,2.0,7.0,13.0,13.0,1.0,3.0,0.0,0.0,1.8,3.5,4.75
2425,15/09/2024,Cagliari,Napoli,0.0,4.0,A,0.0,1.0,A,16.0,12.0,3.0,5.0,7.0,4.0,22.0,11.0,1.0,2.0,0.0,0.0,4.33,3.75,1.8
2425,15/09/2024,Monza,Inter,1.0,1.0,D,0.0,0.0,D,5.0,16.0,2.0,2.0,1.0,8.0,11.0,19.0,1.0,2.0,0.0,0.0,8.0,4.75,1.4
2425,16/09/2024,Parma,Udinese,2.0,3.0,A,2.0,0.0,H,9.0,18.0,3.0,6.0,5.0,6.0,8.0,18.0,2.0,3.0,1.0,0.0,2.25,3.4,3.2
2425,16/09/2024,Lazio,Verona,2.0,1.0,H,2.0,1.0,H,14.0,7.0,7.0,2.0,9.0,6.0,13.0,10.0,2.0,2.0,0.0,0.0,1.62,3.8,6.0
2425,20/09/2024,Cagliari,Empoli,0.0,2.0,A,0.0,1.0,A,21.0,9.0,2.0,4.0,10.0,4.0,15.0,21.0,1.0,2.0,0.0,0.0,2.15,3.4,3.4
2425,20/09/2024,Verona,Torino,2.0,3.0,A,1.0,2.0,A,8.0,16.0,2.0,3.0,5.0,6.0,10.0,8.0,3.0,1.0,1.0,0.0,2.7,3.0,2.8
2425,21/09/2024,Venezia,Genoa,2.0,0.0,H,0.0,0.0,D,12.0,9.0,4.0,0.0,3.0,4.0,9.0,12.0,2.0,3.0,0.0,0.0,3.25,3.2,2.35
2425,21/09/2024,Juventus,Napoli,0.0,0.0,D,0.0,0.0,D,9.0,8.0,1.0,1.0,4.0,3.0,10.0,13.0,1.0,0.0,0.0,0.0,2.2,3.4,3.3
2425,21/09/2024,Lecce,Parma,2.0,2.0,D,1.0,0.0,H,14.0,24.0,3.0,10.0,2.0,12.0,12.0,11.0,4.0,0.0,1.0,1.0,2.2,3.5,3.25
2425,22/09/2024,Fiorentina,Lazio,2.0,1.0,H,0.0,1.0,A,14.0,20.0,5.0,6.0,3.0,10.0,11.0,15.0,3.0,4.0,0.0,0.0,2.25,3.4,3.2
2425,22/09/2024,Monza,Bologna,1.0,2.0,A,1.0,1.0,D,6.0,15.0,3.0,8.0,2.0,2.0,20.0,16.0,3.0,2.0,0.0,0.0,3.3,3.1,2.4
2425,22/09/2024,Roma,Udinese,3.0,0.0,H,1.0,0.0,H,14.0,9.0,6.0,3.0,2.0,1.0,15.0,11.0,2.0,2.0,0.0,0.0,1.62,4.2,5.25
2425,22/09/2024,Inter,Milan,1.0,2.0,A,1.0,1.0,D,13.0,16.0,4.0,8.0,6.0,2.0,13.0,4.0,4.0,1.0,0.0,0.0,1.65,4.0,5.25
2425,24/09/2024,Atalanta,Como,2.0,3.0,A,1.0,0.0,H,8.0,14.0,5.0,7.0,6.0,2.0,12.0,17.0,1.0,3.0,0.0,0.0,1.44,4.5,7.0
2425,27/09/2024,Milan,Lecce,3.0,0.0,H,3.0,0.0,H,15.0,16.0,6.0,7.0,4.0,7.0,5.0,8.0,1.0,1.0,1.0,0.0,1.33,5.75,8.0
2425,28/09/2024,Udinese,Inter,2.0,3.0,A,1.0,2.0,A,10.0,16.0,3.0,7.0,7.0,3.0,13.0,6.0,1.0,0.0,0.0,0.0,7.0,4.33,1.48
2425,28/09/2024,Genoa,Juventus,0.0,3.0,A,0.0,0.0,D,7.0,12.0,2.0,3.0,5.0,3.0,8.0,14.0,2.0,1.0,0.0,0.0,5.5,3.5,1.7
2425,28/09/2024,Bologna,Atalanta,1.0,1.0,D,0.0,0.0,D,5.0,23.0,1.0,5.0,2.0,9.0,16.0,12.0,3.0,3.0,1.0,0.0,3.0,3.3,2.4
2425,29/09/2024,Torino,Lazio,2.0,3.0,A,0.0,1.0,A,12.0,13.0,7.0,7.0,3.0,1.0,10.0,13.0,2.0,3.0,0.0,0.0,2.9,3.1,2.55
2425,29/09/2024,Como,Verona,3.0,2.0,H,1.0,0.0,H,24.0,6.0,11.0,3.0,9.0,1.0,10.0,19.0,2.0,5.0,0.0,1.0,2.1,3.4,3.6
2425,29/09/2024,Roma,Venezia,2.0,1.0,H,0.0,1.0,A,22.0,18.0,5.0,7.0,6.0,3.0,8.0,13.0,1.0,2.0,0.0,0.0,1.4,4.75,8.0
2425,29/09/2024,Empoli,Fiorentina,0.0,0.0,D,0.0,0.0,D,8.0,13.0,1.0,0.0,2.0,4.0,15.0,12.0,0.0,1.0,0.0,0.0,3.4,3.3,2.2
2425,29/09/2024,Napoli,Monza,2.0,0.0,H,2.0,0.0,H,11.0,5.0,2.0,1.0,1.0,3.0,16.0,8.0,1.0,2.0,0.0,0.0,1.36,5.0,8.5
2425,30/09/2024,Parma,Cagliari,2.0,3.0,A,0.0,1.0,A,18.0,11.0,4.0,4.0,5.0,3.0,10.0,16.0,3.0,2.0,0.0,0.0,2.1,3.6,3.4
2425,04/10/2024,Napoli,Como,3.0,1.0,H,1.0,1.0,D,9.0,11.0,6.0,2.0,4.0,1.0,7.0,10.0,1.0,1.0,0.0,0.0,1.45,4.33,7.0
2425,04/10/2024,Verona,Venezia,2.0,1.0,H,1.0,1.0,D,13.0,11.0,4.0,2.0,13.0,6.0,10.0,7.0,3.0,0.0,0.0,0.0,2.5,3.2,2.9
2425,05/10/2024,Udinese,Lecce,1.0,0.0,H,0.0,0.0,D,13.0,9.0,4.0,3.0,5.0,0.0,12.0,16.0,2.0,2.0,0.0,0.0,2.2,3.3,3.3
2425,05/10/2024,Atalanta,Genoa,5.0,1.0,H,1.0,0.0,H,23.0,7.0,8.0,2.0,4.0,2.0,9.0,15.0,0.0,0.0,0.0,0.0,1.45,4.75,6.5
2425,05/10/2024,Inter,Torino,3.0,2.0,H,2.0,1.0,H,29.0,7.0,8.0,5.0,14.0,0.0,6.0,9.0,1.0,2.0,0.0,1.0,1.3,5.0,11.0
2425,06/10/2024,Juventus,Cagliari,1.0,1.0,D,1.0,0.0,H,21.0,9.0,9.0,2.0,8.0,3.0,13.0,10.0,5.0,2.0,1.0,0.0,1.38,5.0,8.0
2425,06/10/2024,Bologna,Parma,0.0,0.0,D,0.0,0.0,D,19.0,13.0,3.0,2.0,13.0,6.0,15.0,16.0,1.0,0.0,0.0,1.0,1.8,3.7,4.33
2425,06/10/2024,Lazio,Empoli,2.0,1.0,H,1.0,1.0,D,16.0,7.0,6.0,2.0,5.0,3.0,10.0,17.0,2.0,4.0,0.0,0.0,1.57,4.0,6.0
2425,06/10/2024,Monza,Roma,1.0,1.0,D,0.0,0.0,D,3.0,15.0,3.0,4.0,1.0,3.0,16.0,13.0,3.0,1.0,0.0,0.0,4.2,3.4,1.91
2425,06/10/2024,Fiorentina,Milan,2.0,1.0,H,1.0,0.0,H,12.0,16.0,3.0,8.0,0.0,7.0,11.0,21.0,2.0,3.0,0.0,1.0,3.1,3.6,2.2
2425,19/10/2024,Como,Parma,1.0,1.0,D,1.0,1.0,D,11.0,9.0,3.0,3.0,7.0,4.0,14.0,10.0,1.0,2.0,0.0,0.0,1.95,3.6,3.8
2425,19/10/2024,Genoa,Bologna,2.0,2.0,D,0.0,1.0,A,10.0,12.0,4.0,7.0,1.0,7.0,20.0,12.0,2.0,0.0,0.0,0.0,3.75,3.1,2.15
2425,19/10/2024,Milan,Udinese,1.0,0.0,H,1.0,0.0,H,10.0,13.0,5.0,1.0,8.0,4.0,3.0,14.0,2.0,3.0,1.0,0.0,1.38,4.75,8.5
2425,19/10/2024,Juventus,Lazio,1.0,0.0,H,0.0,0.0,D,16.0,2.0,3.0,1.0,7.0,1.0,16.0,9.0,4.0,2.0,0.0,1.0,2.05,3.3,3.8
2425,20/10/2024,Empoli,Napoli,0.0,1.0,A,0.0,0.0,D,11.0,9.0,4.0,1.0,7.0,7.0,14.0,13.0,2.0,2.0,0.0,0.0,6.0,3.5,1.67
2425,20/10/2024,Lecce,Fiorentina,0.0,6.0,A,0.0,3.0,A,5.0,19.0,2.0,11.0,1.0,3.0,8.0,14.0,0.0,5.0,1.0,0.0,3.2,3.3,2.3
2425,20/10/2024,Venezia,Atalanta,0.0,2.0,A,0.0,1.0,A,12.0,16.0,4.0,7.0,2.0,5.0,12.0,6.0,1.0,1.0,0.0,0.0,5.5,4.0,1.62
2425,20/10/2024,Cagliari,Torino,3.0,2.0,H,1.0,1.0,D,18.0,17.0,5.0,5.0,9.0,12.0,9.0,8.0,1.0,3.0,0.0,0.0,2.8,3.1,2.7
2425,20/10/2024,Roma,Inter,0.0,1.0,A,0.0,0.0,D,14.0,11.0,3.0,6.0,3.0,3.0,12.0,13.0,2.0,3.0,0.0,0.0,4.2,3.7,1.85
2425,21/10/2024,Verona,Monza,0.0,3.0,A,0.0,1.0,A,16.0,10.0,4.0,4.0,9.0,6.0,8.0,13.0,3.0,2.0,0.0,0.0,2.3,3.0,3.5
2425,25/10/2024,Udinese,Cagliari,2.0,0.0,H,1.0,0.0,H,13.0,3.0,4.0,0.0,2.0,4.0,13.0,9.0,2.0,3.0,0.0,1.0,2.2,3.3,3.3
2425,25/10/2024,Torino,Como,1.0,0.0,H,0.0,0.0,D,8.0,20.0,2.0,6.0,1.0,3.0,13.0,12.0,3.0,3.0,0.0,0.0,2.63,3.0,2.9
2425,26/10/2024,Napoli,Lecce,1.0,0.0,H,0.0,0.0,D,24.0,11.0,8.0,2.0,16.0,5.0,13.0,7.0,3.0,2.0,0.0,0.0,1.25,6.0,12.0
2425,26/10/2024,Atalanta,Verona,6.0,1.0,H,5.0,1.0,H,19.0,4.0,10.0,2.0,4.0,2.0,3.0,15.0,0.0,1.0,0.0,0.0,1.38,4.75,8.0
2425,27/10/2024,Parma,Empoli,1.0,1.0,D,0.0,1.0,A,17.0,6.0,4.0,2.0,9.0,3.0,12.0,17.0,4.0,5.0,0.0,0.0,2.15,3.3,3.5
2425,27/10/2024,Lazio,Genoa,3.0,0.0,H,1.0,0.0,H,18.0,6.0,4.0,2.0,7.0,4.0,12.0,6.0,3.0,1.0,0.0,0.0,1.53,4.2,6.25
2425,27/10/2024,Monza,Venezia,2.0,2.0,D,2.0,2.0,D,13.0,6.0,2.0,2.0,4.0,3.0,17.0,16.0,4.0,2.0,1.0,0.0,2.15,3.25,3.6
2425,27/10/2024,Inter,Juventus,4.0,4.0,D,3.0,2.0,H,18.0,10.0,9.0,5.0,13.0,5.0,11.0,16.0,2.0,1.0,0.0,0.0,1.72,3.5,5.0
2425,27/10/2024,Fiorentina,Roma,5.0,1.0,H,3.0,1.0,H,21.0,14.0,10.0,5.0,6.0,2.0,13.0,11.0,2.0,5.0,0.0,1.0,2.55,3.4,2.75
2425,29/10/2024,Cagliari,Bologna,0.0,2.0,A,0.0,1.0,A,14.0,11.0,2.0,4.0,7.0,2.0,17.0,18.0,2.0,2.0,0.0,0.0,3.0,3.25,2.35
2425,29/10/2024,Lecce,Verona,1.0,0.0,H,0.0,0.0,D,14.0,7.0,6.0,1.0,3.0,4.0,14.0,21.0,1.0,3.0,0.0,2.0,2.25,3.25,3.25
2425,29/10/2024,Milan,Napoli,0.0,2.0,A,0.0,2.0,A,13.0,9.0,5.0,4.0,5.0,1.0,14.0,6.0,0.0,1.0,0.0,0.0,2.45,3.4,2.8
2425,30/10/2024,Empoli,Inter,0.0,3.0,A,0.0,0.0,D,6.0,15.0,1.0,5.0,1.0,4.0,12.0,13.0,1.0,1.0,1.0,0.0,7.5,4.33,1.44
2425,30/10/2024,Venezia,Udinese,3.0,2.0,H,1.0,2.0,A,18.0,15.0,7.0,5.0,2.0,6.0,9.0,13.0,3.0,4.0,0.0,1.0,2.7,3.25,2.65
2425,30/10/2024,Atalanta,Monza,2.0,0.0,H,0.0,0.0,D,16.0,4.0,6.0,3.0,5.0,1.0,14.0,11.0,2.0,3.0,0.0,0.0,1.3,5.0,10.0
2425,30/10/2024,Juventus,Parma,2.0,2.0,D,1.0,2.0,A,24.0,13.0,6.0,5.0,10.0,6.0,7.0,5.0,2.0,0.0,0.0,0.0,1.4,4.75,8.0
2425,31/10/2024,Genoa,Fiorentina,0.0,1.0,A,0.0,0.0,D,14.0,12.0,4.0,4.0,4.0,4.0,13.0,10.0,4.0,2.0,0.0,0.0,4.2,3.9,1.8
2425,31/10/2024,Como,Lazio,1.0,5.0,A,0.0,2.0,A,14.0,14.0,2.0,7.0,3.0,5.0,14.0,18.0,2.0,5.0,1.0,1.0,2.88,3.3,2.45
2425,31/10/2024,Roma,Torino,1.0,0.0,H,1.0,0.0,H,10.0,4.0,3.0,2.0,3.0,5.0,11.0,15.0,2.0,2.0,0.0,0.0,1.7,3.8,5.0
2425,02/11/2024,Bologna,Lecce,1.0,0.0,H,0.0,0.0,D,20.0,6.0,4.0,0.0,9.0,1.0,9.0,14.0,2.0,2.0,0.0,0.0,1.62,3.5,6.5
2425,02/11/2024,Udinese,Juventus,0.0,2.0,A,0.0,2.0,A,11.0,11.0,2.0,5.0,10.0,3.0,12.0,14.0,2.0,2.0,0.0,0.0,4.2,3.2,1.95
2425,02/11/2024,Monza,Milan,0.0,1.0,A,0.0,1.0,A,12.0,18.0,2.0,7.0,3.0,5.0,18.0,15.0,2.0,1.0,0.0,0.0,5.0,3.6,1.7
2425,03/11/2024,Napoli,Atalanta,0.0,3.0,A,0.0,2.0,A,13.0,12.0,3.0,3.0,4.0,3.0,10.0,8.0,1.0,3.0,0.0,0.0,2.05,3.4,3.7
2425,03/11/2024,Torino,Fiorentina,0.0,1.0,A,0.0,1.0,A,9.0,8.0,1.0,3.0,1.0,3.0,16.0,12.0,2.0,1.0,0.0,0.0,3.2,3.3,2.25
2425,03/11/2024,Verona,Roma,3.0,2.0,H,2.0,1.0,H,7.0,14.0,3.0,3.0,2.0,2.0,16.0,11.0,2.0,2.0,1.0,0.0,5.0,3.5,1.8
2425,03/11/2024,Inter,Venezia,1.0,0.0,H,0.0,0.0,D,20.0,7.0,8.0,2.0,9.0,3.0,14.0,15.0,2.0,1.0,0.0,0.0,1.17,7.0,15.0
2425,04/11/2024,Empoli,Como,1.0,0.0,H,0.0,0.0,D,9.0,12.0,4.0,2.0,3.0,6.0,17.0,9.0,1.0,0.0,0.0,0.0,2.7,3.1,2.63
2425,04/11/2024,Parma,Genoa,0.0,1.0,A,0.0,0.0,D,13.0,15.0,0.0,7.0,3.0,7.0,5.0,18.0,2.0,5.0,0.0,0.0,1.85,3.4,4.33
2425,04/11/2024,Lazio,Cagliari,2.0,1.0,H,1.0,1.0,D,20.0,6.0,5.0,1.0,2.0,3.0,12.0,17.0,3.0,8.0,0.0,2.0,1.5,3.75,7.5
2425,07/11/2024,Genoa,Como,1.0,1.0,D,0.0,1.0,A,8.0,18.0,4.0,8.0,8.0,5.0,17.0,15.0,4.0,3.0,0.0,0.0,2.88,3.3,2.45
2425,08/11/2024,Lecce,Empoli,1.0,1.0,D,0.0,1.0,A,18.0,11.0,3.0,6.0,4.0,3.0,7.0,24.0,0.0,3.0,0.0,0.0,2.4,3.0,3.3
2425,09/11/2024,Venezia,Parma,1.0,2.0,A,1.0,1.0,D,12.0,10.0,6.0,3.0,6.0,6.0,9.0,10.0,1.0,2.0,0.0,0.0,2.55,3.4,2.7
2425,09/11/2024,Cagliari,Milan,3.0,3.0,D,1.0,2.0,A,16.0,13.0,7.0,6.0,6.0,3.0,7.0,11.0,0.0,2.0,0.0,0.0,5.5,4.1,1.6
2425,09/11/2024,Juventus,Torino,2.0,0.0,H,1.0,0.0,H,13.0,6.0,4.0,1.0,5.0,5.0,7.0,14.0,1.0,3.0,0.0,0.0,1.57,3.8,6.5
2425,10/11/2024,Atalanta,Udinese,2.0,1.0,H,0.0,1.0,A,11.0,11.0,4.0,6.0,4.0,5.0,10.0,12.0,1.0,1.0,0.0,0.0,1.38,5.0,7.5
2425,10/11/2024,Fiorentina,Verona,3.0,1.0,H,1.0,1.0,D,11.0,8.0,6.0,2.0,8.0,3.0,1.0,19.0,1.0,2.0,0.0,0.0,1.44,4.5,7.0
2425,10/11/2024,Roma,Bologna,2.0,3.0,A,0.0,1.0,A,15.0,15.0,5.0,4.0,4.0,3.0,16.0,21.0,2.0,3.0,0.0,0.0,2.05,3.4,3.6
2425,10/11/2024,Monza,Lazio,0.0,1.0,A,0.0,1.0,A,12.0,14.0,2.0,6.0,6.0,6.0,13.0,10.0,5.0,1.0,0.0,0.0,4.1,3.8,1.83
2425,10/11/2024,Inter,Napoli,1.0,1.0,D,1.0,1.0,D,13.0,5.0,4.0,2.0,4.0,2.0,15.0,12.0,2.0,0.0,0.0,0.0,1.85,3.7,4.1
2425,23/11/2024,Verona,Inter,0.0,5.0,A,0.0,5.0,A,9.0,12.0,2.0,7.0,4.0,2.0,14.0,5.0,2.0,1.0,0.0,0.0,7.0,5.25,1.38
2425,23/11/2024,Milan,Juventus,0.0,0.0,D,0.0,0.0,D,6.0,7.0,1.0,2.0,2.0,4.0,9.0,12.0,3.0,2.0,0.0,0.0,2.15,3.3,3.5
2425,23/11/2024,Parma,Atalanta,1.0,3.0,A,0.0,2.0,A,9.0,15.0,3.0,6.0,2.0,5.0,6.0,8.0,0.0,2.0,0.0,0.0,5.0,4.2,1.62
2425,24/11/2024,Genoa,Cagliari,2.0,2.0,D,1.0,1.0,D,20.0,17.0,6.0,6.0,6.0,8.0,11.0,7.0,2.0,2.0,0.0,0.0,2.63,3.1,2.9
2425,24/11/2024,Como,Fiorentina,0.0,2.0,A,0.0,1.0,A,10.0,8.0,4.0,4.0,3.0,4.0,11.0,15.0,2.0,1.0,1.0,0.0,3.3,3.1,2.3
2425,24/11/2024,Torino,Monza,1.0,1.0,D,0.0,0.0,D,12.0,9.0,5.0,6.0,7.0,3.0,17.0,13.0,1.0,2.0,0.0,0.0,2.0,3.0,4.33
2425,24/11/2024,Napoli,Roma,1.0,0.0,H,0.0,0.0,D,14.0,6.0,2.0,1.0,8.0,2.0,8.0,9.0,0.0,3.0,0.0,0.0,1.73,3.6,5.0
2425,24/11/2024,Lazio,Bologna,3.0,0.0,H,0.0,0.0,D,13.0,3.0,4.0,1.0,3.0,0.0,14.0,14.0,3.0,3.0,0.0,1.0,1.9,3.5,4.2
2425,25/11/2024,Empoli,Udinese,1.0,1.0,D,1.0,0.0,H,4.0,16.0,2.0,3.0,1.0,8.0,8.0,13.0,3.0,2.0,0.0,0.0,2.8,2.9,2.8
2425,25/11/2024,Venezia,Lecce,0.0,1.0,A,0.0,0.0,D,16.0,7.0,6.0,2.0,6.0,2.0,12.0,16.0,1.0,3.0,0.0,0.0,2.3,3.25,3.2
2425,29/11/2024,Cagliari,Verona,1.0,0.0,H,0.0,0.0,D,19.0,11.0,6.0,2.0,7.0,1.0,10.0,12.0,1.0,2.0,0.0,0.0,1.91,3.4,4.1
2425,30/11/2024,Como,Monza,1.0,1.0,D,1.0,0.0,H,17.0,9.0,3.0,3.0,11.0,4.0,16.0,11.0,3.0,0.0,0.0,0.0,2.0,3.25,3.9
2425,30/11/2024,Milan,Empoli,3.0,0.0,H,2.0,0.0,H,20.0,9.0,4.0,0.0,7.0,3.0,12.0,16.0,2.0,2.0,0.0,0.0,1.36,4.75,9.0
2425,30/11/2024,Bologna,Venezia,3.0,0.0,H,1.0,0.0,H,16.0,5.0,9.0,1.0,1.0,0.0,14.0,15.0,0.0,2.0,0.0,0.0,1.65,3.9,5.25
2425,01/12/2024,Udinese,Genoa,0.0,2.0,A,0.0,1.0,A,4.0,15.0,2.0,5.0,6.0,4.0,13.0,11.0,2.0,3.0,1.0,0.0,2.0,3.3,4.0
2425,01/12/2024,Parma,Lazio,3.0,1.0,H,1.0,0.0,H,12.0,23.0,4.0,8.0,4.0,10.0,17.0,13.0,4.0,3.0,0.0,0.0,4.2,3.8,1.8
2425,01/12/2024,Torino,Napoli,0.0,1.0,A,0.0,1.0,A,5.0,16.0,1.0,6.0,4.0,7.0,15.0,9.0,4.0,1.0,0.0,0.0,5.0,3.4,1.8
2425,01/12/2024,Lecce,Juventus,1.0,1.0,D,0.0,0.0,D,10.0,14.0,6.0,3.0,2.0,7.0,8.0,9.0,1.0,4.0,0.0,0.0,5.25,3.6,1.7
2425,02/12/2024,Roma,Atalanta,0.0,2.0,A,0.0,0.0,D,5.0,18.0,1.0,7.0,2.0,4.0,17.0,13.0,2.0,3.0,0.0,0.0,3.2,3.5,2.2
2425,06/12/2024,Inter,Parma,3.0,1.0,H,1.0,0.0,H,18.0,5.0,5.0,2.0,10.0,1.0,8.0,3.0,1.0,1.0,0.0,0.0,1.18,7.0,15.0
2425,06/12/2024,Atalanta,Milan,2.0,1.0,H,1.0,1.0,D,17.0,6.0,8.0,2.0,7.0,0.0,14.0,13.0,2.0,0.0,0.0,0.0,2.15,3.4,3.3
2425,07/12/2024,Genoa,Torino,0.0,0.0,D,0.0,0.0,D,5.0,10.0,1.0,3.0,4.0,4.0,12.0,15.0,2.0,1.0,0.0,0.0,2.5,3.1,3.0
2425,07/12/2024,Juventus,Bologna,2.0,2.0,D,0.0,1.0,A,10.0,10.0,3.0,4.0,1.0,4.0,18.0,14.0,3.0,4.0,0.0,0.0,1.7,3.6,5.25
2425,07/12/2024,Roma,Lecce,4.0,1.0,H,1.0,1.0,D,23.0,3.0,9.0,1.0,8.0,1.0,5.0,14.0,2.0,3.0,0.0,0.0,1.57,4.0,6.25
2425,08/12/2024,Fiorentina,Cagliari,1.0,0.0,H,1.0,0.0,H,8.0,8.0,3.0,1.0,6.0,4.0,9.0,20.0,3.0,2.0,0.0,0.0,1.5,4.5,6.0
2425,08/12/2024,Verona,Empoli,1.0,4.0,A,1.0,4.0,A,12.0,15.0,3.0,5.0,5.0,8.0,15.0,16.0,2.0,2.0,0.0,0.0,2.63,2.75,3.25
2425,08/12/2024,Venezia,Como,2.0,2.0,D,1.0,0.0,H,8.0,10.0,4.0,4.0,5.0,9.0,12.0,10.0,1.0,1.0,0.0,0.0,2.75,3.3,2.6
2425,08/12/2024,Napoli,Lazio,0.0,1.0,A,0.0,0.0,D,12.0,7.0,1.0,3.0,6.0,2.0,16.0,12.0,2.0,3.0,0.0,0.0,1.9,3.4,4.33
2425,09/12/2024,Monza,Udinese,1.0,2.0,A,0.0,1.0,A,27.0,10.0,4.0,3.0,10.0,1.0,12.0,16.0,1.0,2.0,0.0,0.0,2.7,3.0,2.88
2425,13/12/2024,Empoli,Torino,0.0,1.0,A,0.0,0.0,D,10.0,14.0,4.0,4.0,12.0,3.0,7.0,15.0,2.0,3.0,0.0,0.0,2.7,2.88,3.0
2425,14/12/2024,Cagliari,Atalanta,0.0,1.0,A,0.0,0.0,D,12.0,12.0,8.0,2.0,2.0,5.0,16.0,10.0,3.0,3.0,0.0,0.0,5.5,4.33,1.55
2425,14/12/2024,Udinese,Napoli,1.0,3.0,A,1.0,0.0,H,7.0,17.0,3.0,4.0,3.0,9.0,14.0,8.0,1.0,1.0,0.0,0.0,5.25,3.5,1.73
2425,14/12/2024,Juventus,Venezia,2.0,2.0,D,1.0,0.0,H,12.0,8.0,4.0,2.0,7.0,4.0,9.0,8.0,1.0,3.0,0.0,0.0,1.3,5.25,9.0
2425,15/12/2024,Lecce,Monza,2.0,1.0,H,2.0,1.0,H,11.0,10.0,4.0,1.0,2.0,7.0,15.0,16.0,1.0,5.0,0.0,0.0,2.45,3.0,3.2
2425,15/12/2024,Bologna,Fiorentina,1.0,0.0,H,0.0,0.0,D,16.0,10.0,6.0,4.0,1.0,3.0,16.0,10.0,2.0,2.0,0.0,0.0,2.7,3.1,2.75
2425,15/12/2024,Parma,Verona,2.0,3.0,A,1.0,1.0,D,19.0,17.0,8.0,6.0,5.0,2.0,5.0,16.0,1.0,3.0,0.0,0.0,1.85,3.75,4.0
2425,15/12/2024,Como,Roma,2.0,0.0,H,0.0,0.0,D,18.0,6.0,7.0,1.0,6.0,5.0,18.0,17.0,6.0,1.0,0.0,0.0,3.25,3.4,2.2
2425,15/12/2024,Milan,Genoa,0.0,0.0,D,0.0,0.0,D,22.0,5.0,4.0,0.0,9.0,2.0,11.0,12.0,0.0,2.0,0.0,0.0,1.33,5.25,8.0
2425,16/12/2024,Lazio,Inter,0.0,6.0,A,0.0,2.0,A,9.0,12.0,2.0,7.0,4.0,2.0,7.0,14.0,2.0,4.0,0.0,0.0,3.6,3.4,2.1
2425,20/12/2024,Verona,Milan,0.0,1.0,A,0.0,0.0,D,10.0,14.0,2.0,6.0,3.0,8.0,21.0,9.0,1.0,1.0,0.0,0.0,5.5,4.1,1.57
2425,21/12/2024,Torino,Bologna,0.0,2.0,A,0.0,0.0,D,6.0,8.0,0.0,5.0,4.0,0.0,11.0,17.0,0.0,2.0,0.0,0.0,3.3,2.9,2.45
2425,21/12/2024,Genoa,Napoli,1.0,2.0,A,0.0,2.0,A,11.0,12.0,3.0,2.0,5.0,6.0,8.0,8.0,2.0,1.0,0.0,0.0,5.25,3.6,1.7
2425,21/12/2024,Lecce,Lazio,1.0,2.0,A,0.0,1.0,A,11.0,13.0,2.0,7.0,6.0,6.0,13.0,12.0,3.0,1.0,1.0,0.0,5.0,3.6,1.73
2425,22/12/2024,Roma,Parma,5.0,0.0,H,2.0,0.0,H,19.0,9.0,9.0,3.0,5.0,2.0,10.0,9.0,1.0,2.0,0.0,0.0,1.53,4.2,6.25
2425,22/12/2024,Venezia,Cagliari,2.0,1.0,H,1.0,0.0,H,12.0,14.0,6.0,7.0,4.0,8.0,6.0,11.0,1.0,2.0,0.0,0.0,2.5,3.3,2.88
2425,22/12/2024,Atalanta,Empoli,3.0,2.0,H,2.0,1.0,H,16.0,7.0,7.0,3.0,6.0,3.0,11.0,15.0,1.0,1.0,0.0,0.0,1.29,5.5,11.0
2425,22/12/2024,Monza,Juventus,1.0,2.0,A,1.0,2.0,A,17.0,16.0,5.0,9.0,3.0,7.0,7.0,13.0,1.0,1.0,0.0,0.0,6.25,3.5,1.65
2425,23/12/2024,Fiorentina,Udinese,1.0,2.0,A,1.0,0.0,H,14.0,11.0,3.0,4.0,10.0,2.0,10.0,14.0,2.0,5.0,0.0,0.0,1.6,3.8,6.0
2425,23/12/2024,Inter,Como,2.0,0.0,H,0.0,0.0,D,17.0,8.0,5.0,4.0,7.0,1.0,13.0,15.0,2.0,2.0,0.0,0.0,1.2,6.5,15.0
2425,28/12/2024,Empoli,Genoa,1.0,2.0,A,0.0,0.0,D,12.0,14.0,8.0,5.0,7.0,4.0,16.0,13.0,1.0,2.0,0.0,0.0,2.55,2.9,3.1
2425,28/12/2024,Parma,Monza,2.0,1.0,H,0.0,0.0,D,9.0,10.0,3.0,4.0,4.0,6.0,16.0,21.0,3.0,7.0,0.0,1.0,2.3,3.5,3.0
2425,28/12/2024,Cagliari,Inter,0.0,3.0,A,0.0,0.0,D,5.0,20.0,1.0,5.0,5.0,7.0,14.0,5.0,0.0,0.0,0.0,0.0,6.5,4.75,1.44
2425,28/12/2024,Lazio,Atalanta,1.0,1.0,D,1.0,0.0,H,11.0,14.0,5.0,4.0,2.0,7.0,6.0,11.0,2.0,3.0,0.0,0.0,3.0,3.3,2.4
2425,29/12/2024,Udinese,Torino,2.0,2.0,D,1.0,0.0,H,10.0,12.0,3.0,6.0,4.0,3.0,17.0,12.0,1.0,0.0,0.0,0.0,2.25,3.1,3.5
2425,29/12/2024,Napoli,Venezia,1.0,0.0,H,0.0,0.0,D,25.0,4.0,8.0,2.0,14.0,4.0,10.0,12.0,0.0,3.0,0.0,0.0,1.27,5.5,11.0
2425,29/12/2024,Juventus,Fiorentina,2.0,2.0,D,1.0,1.0,D,15.0,11.0,5.0,4.0,7.0,2.0,14.0,9.0,3.0,1.0,0.0,0.0,1.95,3.3,4.2
2425,29/12/2024,Milan,Roma,1.0,1.0,D,1.0,1.0,D,21.0,12.0,7.0,5.0,6.0,5.0,17.0,8.0,4.0,4.0,0.0,0.0,2.25,3.4,3.2
2425,30/12/2024,Como,Lecce,2.0,0.0,H,0.0,0.0,D,15.0,11.0,8.0,1.0,4.0,4.0,12.0,15.0,3.0,2.0,0.0,0.0,1.7,3.7,5.0
2425,30/12/2024,Bologna,Verona,2.0,3.0,A,1.0,2.0,A,23.0,8.0,7.0,4.0,11.0,5.0,9.0,24.0,2.0,5.0,1.0,0.0,1.5,4.1,7.0
2425,04/01/2025,Venezia,Empoli,1.0,1.0,D,1.0,1.0,D,8.0,18.0,3.0,6.0,2.0,8.0,15.0,14.0,1.0,2.0,0.0,0.0,2.3,3.1,3.4
2425,04/01/2025,Fiorentina,Napoli,0.0,3.0,A,0.0,1.0,A,14.0,10.0,2.0,4.0,4.0,2.0,17.0,15.0,0.0,1.0,0.0,0.0,2.88,3.25,2.55
2425,04/01/2025,Verona,Udinese,0.0,0.0,D,0.0,0.0,D,13.0,15.0,3.0,6.0,7.0,3.0,14.0,16.0,3.0,2.0,1.0,0.0,3.0,3.0,2.55
2425,05/01/2025,Monza,Cagliari,1.0,2.0,A,1.0,1.0,D,6.0,13.0,2.0,4.0,1.0,3.0,16.0,19.0,2.0,2.0,1.0,0.0,2.4,3.25,3.0
2425,05/01/2025,Lecce,Genoa,0.0,0.0,D,0.0,0.0,D,10.0,4.0,3.0,1.0,9.0,4.0,11.0,15.0,0.0,1.0,0.0,0.0,2.63,3.0,2.9
2425,05/01/2025,Torino,Parma,0.0,0.0,D,0.0,0.0,D,12.0,10.0,4.0,3.0,8.0,7.0,9.0,9.0,2.0,1.0,0.0,0.0,1.85,3.4,4.5
2425,05/01/2025,Roma,Lazio,2.0,0.0,H,2.0,0.0,H,7.0,17.0,5.0,6.0,3.0,10.0,12.0,18.0,4.0,5.0,0.0,1.0,2.55,3.1,3.0
2425,10/01/2025,Lazio,Como,1.0,1.0,D,1.0,0.0,H,12.0,17.0,4.0,4.0,7.0,7.0,14.0,15.0,4.0,3.0,1.0,0.0,1.9,3.4,4.2
2425,11/01/2025,Empoli,Lecce,1.0,3.0,A,0.0,2.0,A,15.0,14.0,5.0,6.0,9.0,2.0,11.0,21.0,0.0,3.0,0.0,0.0,2.0,3.1,4.33
2425,11/01/2025,Udinese,Atalanta,0.0,0.0,D,0.0,0.0,D,12.0,4.0,3.0,2.0,5.0,3.0,4.0,16.0,1.0,2.0,0.0,0.0,5.25,3.8,1.65
2425,11/01/2025,Torino,Juventus,1.0,1.0,D,1.0,1.0,D,11.0,15.0,2.0,9.0,9.0,1.0,18.0,9.0,4.0,1.0,0.0,0.0,5.0,3.2,1.8
2425,11/01/2025,Milan,Cagliari,1.0,1.0,D,0.0,0.0,D,24.0,6.0,11.0,2.0,9.0,1.0,9.0,11.0,1.0,2.0,0.0,0.0,1.33,5.0,9.5
2425,12/01/2025,Genoa,Parma,1.0,0.0,H,0.0,0.0,D,14.0,9.0,4.0,3.0,6.0,9.0,10.0,10.0,2.0,3.0,0.0,0.0,1.91,3.5,4.0
2425,12/01/2025,Venezia,Inter,0.0,1.0,A,0.0,1.0,A,7.0,17.0,2.0,6.0,4.0,5.0,12.0,11.0,4.0,1.0,0.0,0.0,11.0,5.25,1.29
2425,12/01/2025,Bologna,Roma,2.0,2.0,D,0.0,0.0,D,14.0,11.0,8.0,4.0,5.0,4.0,18.0,10.0,4.0,1.0,0.0,0.0,2.8,3.2,2.6
2425,12/01/2025,Napoli,Verona,2.0,0.0,H,1.0,0.0,H,14.0,6.0,3.0,2.0,8.0,1.0,6.0,5.0,0.0,0.0,0.0,0.0,1.25,5.5,13.0
2425,13/01/2025,Monza,Fiorentina,2.0,1.0,H,1.0,0.0,H,10.0,11.0,3.0,2.0,2.0,4.0,26.0,9.0,4.0,1.0,0.0,0.0,4.2,3.5,1.85
2425,14/01/2025,Como,Milan,1.0,2.0,A,0.0,0.0,D,12.0,12.0,4.0,6.0,2.0,4.0,11.0,17.0,1.0,6.0,0.0,0.0,4.2,3.5,1.9
2425,14/01/2025,Atalanta,Juventus,1.0,1.0,D,0.0,0.0,D,17.0,17.0,6.0,9.0,3.0,3.0,10.0,7.0,1.0,1.0,0.0,0.0,2.1,3.25,3.7
2425,15/01/2025,Inter,Bologna,2.0,2.0,D,2.0,1.0,H,12.0,14.0,6.0,6.0,3.0,3.0,19.0,13.0,0.0,0.0,0.0,0.0,1.48,4.2,7.0
2425,17/01/2025,Roma,Genoa,3.0,1.0,H,1.0,1.0,D,16.0,7.0,7.0,3.0,3.0,2.0,12.0,12.0,1.0,1.0,0.0,0.0,1.5,4.1,6.5
2425,18/01/2025,Bologna,Monza,3.0,1.0,H,2.0,1.0,H,18.0,3.0,7.0,1.0,4.0,0.0,16.0,18.0,1.0,3.0,0.0,0.0,1.6,3.75,6.0
2425,18/01/2025,Juventus,Milan,2.0,0.0,H,0.0,0.0,D,15.0,13.0,6.0,3.0,5.0,5.0,19.0,11.0,0.0,2.0,0.0,0.0,2.15,3.3,3.4
2425,18/01/2025,Atalanta,Napoli,2.0,3.0,A,1.0,2.0,A,15.0,6.0,6.0,3.0,3.0,1.0,18.0,9.0,4.0,2.0,0.0,0.0,2.25,3.25,3.25
2425,19/01/2025,Fiorentina,Torino,1.0,1.0,D,1.0,0.0,H,20.0,6.0,6.0,3.0,9.0,2.0,16.0,11.0,3.0,3.0,0.0,1.0,1.73,3.4,5.5
2425,19/01/2025,Cagliari,Lecce,4.0,1.0,H,0.0,1.0,A,19.0,7.0,7.0,2.0,6.0,1.0,11.0,10.0,3.0,1.0,0.0,1.0,1.95,3.3,4.1
2425,19/01/2025,Parma,Venezia,1.0,1.0,D,0.0,1.0,A,19.0,7.0,8.0,2.0,8.0,2.0,13.0,16.0,2.0,3.0,0.0,0.0,2.15,3.7,3.1
2425,19/01/2025,Verona,Lazio,0.0,3.0,A,0.0,2.0,A,16.0,14.0,3.0,5.0,5.0,6.0,10.0,8.0,6.0,2.0,1.0,0.0,5.0,3.5,1.75
2425,19/01/2025,Inter,Empoli,3.0,1.0,H,0.0,0.0,D,18.0,5.0,7.0,1.0,7.0,3.0,11.0,9.0,0.0,0.0,0.0,0.0,1.25,5.75,13.0
2425,20/01/2025,Como,Udinese,4.0,1.0,H,2.0,0.0,H,11.0,6.0,8.0,2.0,3.0,2.0,10.0,16.0,2.0,4.0,1.0,1.0,2.15,3.4,3.4
2425,24/01/2025,Torino,Cagliari,2.0,0.0,H,1.0,0.0,H,18.0,6.0,6.0,1.0,6.0,3.0,11.0,10.0,0.0,1.0,0.0,0.0,2.2,3.2,3.6
2425,25/01/2025,Como,Atalanta,1.0,2.0,A,1.0,0.0,H,15.0,5.0,5.0,3.0,4.0,5.0,15.0,10.0,2.0,3.0,0.0,0.0,4.2,3.6,1.85
2425,25/01/2025,Napoli,Juventus,2.0,1.0,H,0.0,1.0,A,14.0,5.0,3.0,2.0,9.0,1.0,9.0,15.0,0.0,0.0,0.0,0.0,2.15,3.1,3.8
2425,25/01/2025,Empoli,Bologna,1.0,1.0,D,1.0,1.0,D,5.0,9.0,1.0,8.0,2.0,4.0,25.0,13.0,0.0,0.0,0.0,0.0,3.8,3.3,2.0
2425,26/01/2025,Milan,Parma,3.0,2.0,H,1.0,1.0,D,14.0,12.0,5.0,5.0,7.0,4.0,14.0,7.0,2.0,5.0,0.0,0.0,1.3,6.0,8.5
2425,26/01/2025,Udinese,Roma,1.0,2.0,A,1.0,0.0,H,10.0,16.0,3.0,10.0,1.0,5.0,15.0,12.0,2.0,2.0,0.0,0.0,3.3,3.3,2.25
2425,26/01/2025,Lecce,Inter,0.0,4.0,A,0.0,2.0,A,17.0,9.0,4.0,5.0,7.0,0.0,13.0,12.0,0.0,2.0,0.0,0.0,9.5,5.25,1.33
2425,26/01/2025,Lazio,Fiorentina,1.0,2.0,A,0.0,2.0,A,22.0,7.0,3.0,3.0,14.0,2.0,9.0,12.0,1.0,4.0,0.0,1.0,2.0,3.5,3.8
2425,27/01/2025,Venezia,Verona,1.0,1.0,D,1.0,0.0,H,9.0,21.0,1.0,5.0,7.0,9.0,16.0,14.0,1.0,1.0,0.0,0.0,2.15,3.5,3.25
2425,27/01/2025,Genoa,Monza,2.0,0.0,H,0.0,0.0,D,18.0,5.0,6.0,1.0,9.0,6.0,13.0,19.0,0.0,4.0,0.0,0.0,2.25,3.0,3.6
2425,31/01/2025,Parma,Lecce,1.0,3.0,A,1.0,1.0,D,19.0,6.0,7.0,3.0,3.0,2.0,8.0,14.0,1.0,2.0,0.0,0.0,2.15,3.4,3.5
2425,01/02/2025,Monza,Verona,0.0,1.0,A,0.0,1.0,A,9.0,12.0,2.0,4.0,7.0,3.0,12.0,23.0,2.0,3.0,0.0,0.0,2.3,3.0,3.5
2425,01/02/2025,Udinese,Venezia,3.0,2.0,H,0.0,0.0,D,13.0,14.0,5.0,3.0,4.0,6.0,20.0,9.0,3.0,3.0,0.0,0.0,1.83,3.4,4.5
2425,01/02/2025,Atalanta,Torino,1.0,1.0,D,1.0,1.0,D,22.0,5.0,10.0,3.0,8.0,0.0,6.0,11.0,0.0,3.0,0.0,0.0,1.42,4.5,7.5
2425,01/02/2025,Bologna,Como,2.0,0.0,H,1.0,0.0,H,15.0,8.0,4.0,1.0,4.0,2.0,16.0,18.0,3.0,4.0,0.0,1.0,1.9,3.5,4.2
2425,02/02/2025,Juventus,Empoli,4.0,1.0,H,0.0,1.0,A,23.0,10.0,8.0,3.0,8.0,6.0,14.0,13.0,0.0,3.0,0.0,1.0,1.36,4.75,9.0
2425,02/02/2025,Fiorentina,Genoa,2.0,1.0,H,2.0,0.0,H,7.0,17.0,6.0,3.0,1.0,8.0,17.0,14.0,3.0,1.0,0.0,0.0,1.65,3.9,5.25
2425,02/02/2025,Milan,Inter,1.0,1.0,D,1.0,0.0,H,10.0,16.0,4.0,6.0,8.0,11.0,5.0,9.0,0.0,2.0,0.0,0.0,4.0,3.5,1.91
2425,02/02/2025,Roma,Napoli,1.0,1.0,D,0.0,1.0,A,12.0,5.0,2.0,2.0,2.0,3.0,9.0,13.0,2.0,1.0,0.0,0.0,3.1,3.2,2.38
2425,03/02/2025,Cagliari,Lazio,1.0,2.0,A,0.0,1.0,A,15.0,11.0,5.0,6.0,7.0,7.0,14.0,9.0,0.0,0.0,0.0,0.0,3.9,3.4,2.0
2425,06/02/2025,Fiorentina,Inter,3.0,0.0,H,0.0,0.0,D,10.0,11.0,6.0,2.0,1.0,8.0,11.0,10.0,0.0,0.0,0.0,0.0,3.6,3.5,2.05
2425,07/02/2025,Como,Juventus,1.0,2.0,A,1.0,1.0,D,16.0,8.0,6.0,3.0,9.0,1.0,15.0,15.0,3.0,1.0,0.0,0.0,3.7,3.4,2.05
2425,08/02/2025,Verona,Atalanta,0.0,5.0,A,0.0,4.0,A,18.0,17.0,7.0,7.0,7.0,2.0,10.0,6.0,2.0,1.0,0.0,0.0,6.25,4.1,1.53
2425,08/02/2025,Empoli,Milan,0.0,2.0,A,0.0,0.0,D,8.0,16.0,0.0,5.0,2.0,6.0,17.0,10.0,2.0,4.0,1.0,1.0,5.5,3.8,1.65
2425,08/02/2025,Torino,Genoa,1.0,1.0,D,1.0,0.0,H,10.0,6.0,3.0,2.0,4.0,2.0,11.0,10.0,2.0,2.0,0.0,0.0,2.2,3.1,3.6
2425,09/02/2025,Venezia,Roma,0.0,1.0,A,0.0,0.0,D,12.0,13.0,3.0,5.0,4.0,6.0,13.0,21.0,2.0,3.0,0.0,0.0,5.0,3.7,1.73
2425,09/02/2025,Cagliari,Parma,2.0,1.0,H,0.0,0.0,D,14.0,9.0,3.0,1.0,7.0,6.0,14.0,12.0,0.0,0.0,0.0,0.0,1.85,3.6,4.1
2425,09/02/2025,Lazio,Monza,5.0,1.0,H,1.0,0.0,H,26.0,3.0,9.0,1.0,8.0,1.0,10.0,12.0,0.0,1.0,0.0,0.0,1.38,4.75,8.5
2425,09/02/2025,Lecce,Bologna,0.0,0.0,D,0.0,0.0,D,6.0,8.0,1.0,2.0,6.0,5.0,14.0,16.0,0.0,2.0,0.0,0.0,4.2,3.5,1.91
2425,09/02/2025,Napoli,Udinese,1.0,1.0,D,1.0,1.0,D,18.0,8.0,4.0,4.0,6.0,6.0,11.0,10.0,0.0,1.0,0.0,0.0,1.44,4.5,7.5
2425,10/02/2025,Inter,Fiorentina,2.0,1.0,H,1.0,1.0,D,22.0,7.0,8.0,2.0,8.0,1.0,16.0,15.0,4.0,3.0,0.0,0.0,1.48,4.75,6.5
2425,14/02/2025,Bologna,Torino,3.0,2.0,H,1.0,1.0,D,23.0,8.0,7.0,5.0,8.0,2.0,7.0,17.0,0.0,4.0,0.0,0.0,1.8,3.4,5.0
2425,15/02/2025,Atalanta,Cagliari,0.0,0.0,D,0.0,0.0,D,9.0,3.0,2.0,0.0,8.0,2.0,7.0,11.0,1.0,1.0,0.0,0.0,1.44,4.75,6.5
2425,15/02/2025,Lazio,Napoli,2.0,2.0,D,1.0,1.0,D,12.0,6.0,5.0,3.0,7.0,1.0,9.0,19.0,2.0,2.0,0.0,0.0,2.63,3.2,2.8
2425,15/02/2025,Milan,Verona,1.0,0.0,H,0.0,0.0,D,18.0,7.0,3.0,2.0,10.0,7.0,11.0,18.0,0.0,0.0,0.0,0.0,1.33,4.75,9.5
2425,16/02/2025,Fiorentina,Como,0.0,2.0,A,0.0,1.0,A,5.0,8.0,3.0,4.0,2.0,1.0,14.0,24.0,3.0,2.0,0.0,0.0,2.0,3.5,3.75
2425,16/02/2025,Monza,Lecce,0.0,0.0,D,0.0,0.0,D,8.0,19.0,3.0,5.0,3.0,7.0,10.0,18.0,2.0,2.0,0.0,0.0,2.7,3.2,2.7
2425,16/02/2025,Udinese,Empoli,3.0,0.0,H,1.0,0.0,H,17.0,16.0,9.0,4.0,9.0,5.0,12.0,17.0,0.0,0.0,0.0,0.0,1.8,3.5,4.75
2425,16/02/2025,Parma,Roma,0.0,1.0,A,0.0,1.0,A,5.0,16.0,1.0,4.0,1.0,10.0,11.0,5.0,0.0,0.0,0.0,0.0,3.6,3.5,2.05
2425,16/02/2025,Juventus,Inter,1.0,0.0,H,0.0,0.0,D,16.0,17.0,8.0,2.0,7.0,5.0,17.0,10.0,1.0,1.0,0.0,0.0,3.4,3.2,2.25
2425,17/02/2025,Genoa,Venezia,2.0,0.0,H,0.0,0.0,D,14.0,7.0,5.0,3.0,4.0,5.0,14.0,15.0,1.0,1.0,0.0,0.0,1.85,3.4,4.5
2425,21/02/2025,Lecce,Udinese,0.0,1.0,A,0.0,1.0,A,10.0,12.0,1.0,5.0,11.0,8.0,15.0,11.0,1.0,3.0,0.0,0.0,3.0,3.0,2.6
2425,22/02/2025,Parma,Bologna,2.0,0.0,H,1.0,0.0,H,4.0,16.0,3.0,1.0,0.0,4.0,14.0,13.0,2.0,1.0,0.0,0.0,4.0,3.5,1.91
2425,22/02/2025,Venezia,Lazio,0.0,0.0,D,0.0,0.0,D,9.0,9.0,2.0,3.0,6.0,6.0,21.0,12.0,4.0,2.0,0.0,0.0,5.0,4.0,1.67
2425,22/02/2025,Torino,Milan,2.0,1.0,H,1.0,0.0,H,9.0,26.0,3.0,8.0,4.0,11.0,14.0,5.0,1.0,1.0,0.0,0.0,3.9,3.3,2.0
2425,22/02/2025,Inter,Genoa,1.0,0.0,H,0.0,0.0,D,18.0,11.0,5.0,2.0,6.0,7.0,7.0,14.0,0.0,2.0,0.0,0.0,1.27,5.25,13.0
2425,23/02/2025,Como,Napoli,2.0,1.0,H,1.0,1.0,D,8.0,13.0,3.0,4.0,4.0,6.0,17.0,14.0,1.0,3.0,0.0,0.0,3.6,3.0,2.25
2425,23/02/2025,Verona,Fiorentina,1.0,0.0,H,0.0,0.0,D,7.0,8.0,3.0,3.0,4.0,1.0,19.0,8.0,3.0,3.0,0.0,0.0,4.33,3.4,1.9
2425,23/02/2025,Empoli,Atalanta,0.0,5.0,A,0.0,3.0,A,10.0,14.0,1.0,8.0,3.0,4.0,4.0,17.0,0.0,1.0,0.0,0.0,6.25,3.9,1.57
2425,23/02/2025,Cagliari,Juventus,0.0,1.0,A,0.0,1.0,A,8.0,14.0,2.0,7.0,3.0,4.0,9.0,15.0,0.0,1.0,0.0,0.0,4.1,3.5,1.9
2425,24/02/2025,Roma,Monza,4.0,0.0,H,2.0,0.0,H,23.0,5.0,6.0,2.0,6.0,3.0,6.0,7.0,0.0,1.0,0.0,0.0,1.33,4.75,11.0
2425,27/02/2025,Bologna,Milan,2.0,1.0,H,0.0,1.0,A,14.0,8.0,4.0,4.0,4.0,5.0,13.0,15.0,1.0,2.0,0.0,0.0,2.88,3.3,2.5
2425,28/02/2025,Fiorentina,Lecce,1.0,0.0,H,1.0,0.0,H,10.0,8.0,3.0,3.0,5.0,2.0,10.0,12.0,3.0,2.0,0.0,0.0,1.75,3.4,5.0
2425,01/03/2025,Atalanta,Venezia,0.0,0.0,D,0.0,0.0,D,18.0,8.0,3.0,2.0,3.0,2.0,12.0,14.0,1.0,2.0,0.0,0.0,1.2,6.5,15.0
2425,01/03/2025,Napoli,Inter,1.0,1.0,D,0.0,1.0,A,19.0,6.0,4.0,1.0,12.0,3.0,7.0,15.0,1.0,0.0,0.0,0.0,3.1,3.2,2.38
2425,01/03/2025,Udinese,Parma,1.0,0.0,H,1.0,0.0,H,20.0,9.0,6.0,4.0,7.0,7.0,15.0,7.0,1.0,1.0,0.0,0.0,1.8,3.6,4.5
2425,02/03/2025,Monza,Torino,0.0,2.0,A,0.0,1.0,A,9.0,13.0,2.0,7.0,1.0,4.0,10.0,20.0,2.0,2.0,0.0,0.0,4.1,3.3,1.95
2425,02/03/2025,Bologna,Cagliari,2.0,1.0,H,0.0,1.0,A,15.0,2.0,5.0,1.0,4.0,1.0,15.0,24.0,1.0,2.0,0.0,0.0,1.57,3.75,6.5
2425,02/03/2025,Genoa,Empoli,1.0,1.0,D,0.0,1.0,A,5.0,7.0,1.0,1.0,3.0,6.0,12.0,18.0,1.0,3.0,0.0,0.0,1.91,3.1,4.75
2425,02/03/2025,Roma,Como,2.0,1.0,H,0.0,1.0,A,11.0,10.0,4.0,3.0,1.0,2.0,6.0,18.0,2.0,7.0,0.0,1.0,1.87,3.6,4.0
2425,02/03/2025,Milan,Lazio,1.0,2.0,A,0.0,1.0,A,15.0,21.0,4.0,8.0,3.0,5.0,14.0,6.0,2.0,1.0,1.0,0.0,2.05,3.6,3.5
2425,03/03/2025,Juventus,Verona,2.0,0.0,H,0.0,0.0,D,27.0,5.0,9.0,2.0,6.0,0.0,14.0,8.0,1.0,0.0,0.0,0.0,1.3,5.0,12.0
2425,07/03/2025,Cagliari,Genoa,1.0,1.0,D,1.0,0.0,H,9.0,8.0,1.0,2.0,2.0,5.0,16.0,15.0,2.0,2.0,0.0,0.0,2.45,3.0,3.2
2425,08/03/2025,Como,Venezia,1.0,1.0,D,0.0,0.0,D,12.0,11.0,7.0,6.0,3.0,5.0,11.0,14.0,2.0,3.0,0.0,0.0,1.57,3.8,6.5
2425,08/03/2025,Parma,Torino,2.0,2.0,D,0.0,1.0,A,12.0,6.0,4.0,2.0,7.0,4.0,16.0,15.0,4.0,2.0,0.0,0.0,3.0,3.25,2.4
2425,08/03/2025,Lecce,Milan,2.0,3.0,A,1.0,0.0,H,11.0,16.0,3.0,9.0,2.0,7.0,13.0,7.0,2.0,1.0,0.0,0.0,4.75,3.6,1.75
2425,08/03/2025,Inter,Monza,3.0,2.0,H,1.0,2.0,A,30.0,8.0,9.0,4.0,13.0,1.0,8.0,7.0,0.0,1.0,0.0,0.0,1.14,7.0,21.0
2425,09/03/2025,Verona,Bologna,1.0,2.0,A,0.0,1.0,A,7.0,12.0,2.0,6.0,1.0,3.0,23.0,11.0,2.0,1.0,1.0,0.0,5.25,3.3,1.75
2425,09/03/2025,Napoli,Fiorentina,2.0,1.0,H,1.0,0.0,H,19.0,7.0,11.0,2.0,4.0,4.0,10.0,5.0,1.0,2.0,0.0,0.0,1.55,4.0,6.25
2425,09/03/2025,Empoli,Roma,0.0,1.0,A,0.0,1.0,A,3.0,16.0,1.0,7.0,1.0,9.0,12.0,10.0,0.0,0.0,0.0,0.0,3.9,3.3,2.0
2425,09/03/2025,Juventus,Atalanta,0.0,4.0,A,0.0,1.0,A,9.0,19.0,2.0,9.0,2.0,5.0,12.0,11.0,1.0,1.0,0.0,0.0,2.5,3.25,2.88
2425,10/03/2025,Lazio,Udinese,1.0,1.0,D,1.0,1.0,D,10.0,15.0,5.0,4.0,4.0,9.0,9.0,11.0,2.0,4.0,0.0,0.0,1.73,3.5,5.25
2425,14/03/2025,Genoa,Lecce,2.0,1.0,H,2.0,0.0,H,8.0,15.0,2.0,2.0,3.0,3.0,12.0,10.0,3.0,2.0,0.0,0.0,2.15,2.9,4.2
2425,15/03/2025,Monza,Parma,1.0,1.0,D,0.0,0.0,D,12.0,14.0,4.0,6.0,6.0,3.0,14.0,16.0,0.0,3.0,0.0,0.0,3.1,3.0,2.45
2425,15/03/2025,Udinese,Verona,0.0,1.0,A,0.0,0.0,D,11.0,7.0,3.0,2.0,2.0,1.0,21.0,16.0,5.0,2.0,0.0,0.0,1.73,3.5,5.0
2425,15/03/2025,Milan,Como,2.0,1.0,H,0.0,1.0,A,9.0,15.0,3.0,6.0,0.0,5.0,21.0,7.0,3.0,3.0,0.0,1.0,1.8,3.6,4.5
2425,15/03/2025,Torino,Empoli,1.0,0.0,H,0.0,0.0,D,13.0,16.0,3.0,2.0,5.0,5.0,9.0,12.0,1.0,0.0,0.0,0.0,1.8,3.3,5.0
2425,16/03/2025,Venezia,Napoli,0.0,0.0,D,0.0,0.0,D,13.0,15.0,4.0,7.0,3.0,8.0,19.0,8.0,2.0,1.0,0.0,0.0,5.75,4.33,1.53
2425,16/03/2025,Bologna,Lazio,5.0,0.0,H,1.0,0.0,H,13.0,7.0,7.0,2.0,7.0,1.0,18.0,16.0,2.0,3.0,0.0,0.0,2.4,3.1,3.25
2425,16/03/2025,Roma,Cagliari,1.0,0.0,H,0.0,0.0,D,13.0,11.0,1.0,5.0,8.0,3.0,4.0,12.0,0.0,2.0,0.0,0.0,1.55,4.2,5.75
2425,16/03/2025,Fiorentina,Juventus,3.0,0.0,H,2.0,0.0,H,9.0,11.0,3.0,2.0,1.0,6.0,9.0,13.0,2.0,3.0,0.0,0.0,3.4,3.2,2.25
2425,16/03/2025,Atalanta,Inter,0.0,2.0,A,0.0,0.0,D,16.0,14.0,3.0,5.0,2.0,6.0,11.0,14.0,3.0,3.0,1.0,1.0,2.55,3.3,2.8
2425,29/03/2025,Como,Empoli,1.0,1.0,D,0.0,0.0,D,16.0,14.0,5.0,4.0,4.0,1.0,5.0,22.0,2.0,5.0,0.0,1.0,1.75,3.3,5.25
2425,29/03/2025,Venezia,Bologna,0.0,1.0,A,0.0,0.0,D,6.0,13.0,3.0,4.0,2.0,3.0,14.0,21.0,4.0,1.0,0.0,0.0,5.0,3.5,1.75
2425,29/03/2025,Juventus,Genoa,1.0,0.0,H,1.0,0.0,H,9.0,9.0,6.0,3.0,4.0,3.0,13.0,11.0,3.0,2.0,0.0,0.0,1.53,3.9,7.0
2425,29/03/2025,Lecce,Roma,0.0,1.0,A,0.0,0.0,D,17.0,16.0,4.0,6.0,6.0,6.0,6.0,11.0,1.0,3.0,0.0,0.0,4.75,3.5,1.75
2425,30/03/2025,Cagliari,Monza,3.0,0.0,H,0.0,0.0,D,11.0,12.0,4.0,3.0,4.0,6.0,17.0,11.0,2.0,2.0,0.0,0.0,1.67,3.5,5.5
2425,30/03/2025,Fiorentina,Atalanta,1.0,0.0,H,1.0,0.0,H,12.0,9.0,4.0,0.0,2.0,4.0,7.0,16.0,0.0,3.0,0.0,0.0,3.75,3.3,2.05
2425,30/03/2025,Inter,Udinese,2.0,1.0,H,2.0,0.0,H,13.0,11.0,3.0,4.0,2.0,4.0,8.0,14.0,2.0,0.0,0.0,0.0,1.4,4.33,8.5
2425,30/03/2025,Napoli,Milan,2.0,1.0,H,2.0,0.0,H,8.0,17.0,3.0,4.0,2.0,6.0,10.0,5.0,2.0,2.0,0.0,0.0,1.91,3.7,3.75
2425,31/03/2025,Verona,Parma,0.0,0.0,D,0.0,0.0,D,6.0,10.0,0.0,1.0,5.0,5.0,11.0,9.0,2.0,1.0,0.0,0.0,2.4,3.1,3.1
2425,31/03/2025,Lazio,Torino,1.0,1.0,D,0.0,0.0,D,16.0,7.0,6.0,2.0,5.0,3.0,9.0,20.0,3.0,4.0,0.0,0.0,1.75,3.3,5.25
2425,04/04/2025,Genoa,Udinese,1.0,0.0,H,0.0,0.0,D,13.0,5.0,7.0,2.0,1.0,2.0,16.0,14.0,2.0,2.0,0.0,0.0,2.45,2.88,3.4
2425,05/04/2025,Monza,Como,1.0,3.0,A,1.0,2.0,A,8.0,17.0,4.0,7.0,2.0,2.0,19.0,21.0,2.0,1.0,0.0,0.0,5.0,3.8,1.7
2425,05/04/2025,Parma,Inter,2.0,2.0,D,0.0,2.0,A,8.0,20.0,4.0,4.0,2.0,4.0,9.0,7.0,2.0,3.0,0.0,0.0,6.5,4.5,1.48
2425,05/04/2025,Milan,Fiorentina,2.0,2.0,D,1.0,2.0,A,19.0,15.0,6.0,8.0,7.0,4.0,12.0,12.0,4.0,3.0,0.0,0.0,1.9,3.5,4.2
2425,06/04/2025,Lecce,Venezia,1.0,1.0,D,0.0,0.0,D,23.0,13.0,4.0,3.0,8.0,3.0,10.0,14.0,2.0,4.0,0.0,0.0,2.3,3.1,3.4
2425,06/04/2025,Empoli,Cagliari,0.0,0.0,D,0.0,0.0,D,7.0,7.0,1.0,1.0,2.0,3.0,9.0,15.0,0.0,4.0,0.0,0.0,2.45,3.0,3.1
2425,06/04/2025,Torino,Verona,1.0,1.0,D,0.0,0.0,D,7.0,13.0,3.0,1.0,1.0,5.0,9.0,19.0,1.0,1.0,1.0,0.0,1.8,3.2,5.25
2425,06/04/2025,Atalanta,Lazio,0.0,1.0,A,0.0,0.0,D,10.0,8.0,2.0,3.0,11.0,4.0,6.0,6.0,1.0,2.0,0.0,0.0,1.7,3.8,5.0
2425,06/04/2025,Roma,Juventus,1.0,1.0,D,0.0,1.0,A,11.0,11.0,4.0,7.0,4.0,4.0,11.0,15.0,1.0,1.0,0.0,0.0,2.5,3.1,3.0
2425,07/04/2025,Bologna,Napoli,1.0,1.0,D,0.0,1.0,A,12.0,6.0,4.0,2.0,8.0,3.0,11.0,18.0,1.0,3.0,0.0,0.0,2.9,3.0,2.7
2425,11/04/2025,Udinese,Milan,0.0,4.0,A,0.0,2.0,A,14.0,14.0,5.0,7.0,5.0,7.0,10.0,9.0,1.0,1.0,0.0,0.0,4.0,3.6,1.91
2425,12/04/2025,Venezia,Monza,1.0,0.0,H,0.0,0.0,D,9.0,10.0,4.0,3.0,3.0,4.0,20.0,20.0,5.0,3.0,1.0,0.0,1.73,3.6,5.0
2425,12/04/2025,Inter,Cagliari,3.0,1.0,H,2.0,0.0,H,13.0,8.0,4.0,4.0,5.0,6.0,6.0,12.0,0.0,1.0,0.0,0.0,1.33,5.25,8.0
2425,12/04/2025,Juventus,Lecce,2.0,1.0,H,2.0,0.0,H,22.0,14.0,7.0,3.0,9.0,4.0,7.0,10.0,0.0,1.0,0.0,0.0,1.33,4.5,10.0
2425,13/04/2025,Atalanta,Bologna,2.0,0.0,H,2.0,0.0,H,4.0,12.0,2.0,5.0,4.0,5.0,17.0,12.0,4.0,1.0,0.0,0.0,1.95,3.5,3.9
2425,13/04/2025,Fiorentina,Parma,0.0,0.0,D,0.0,0.0,D,9.0,7.0,3.0,3.0,2.0,2.0,10.0,19.0,0.0,5.0,0.0,0.0,1.73,3.8,4.75
2425,13/04/2025,Verona,Genoa,0.0,0.0,D,0.0,0.0,D,14.0,4.0,2.0,1.0,6.0,2.0,19.0,11.0,3.0,1.0,0.0,0.0,3.0,2.9,2.63
2425,13/04/2025,Como,Torino,1.0,0.0,H,1.0,0.0,H,15.0,10.0,7.0,4.0,7.0,4.0,9.0,16.0,1.0,3.0,0.0,0.0,1.91,3.5,4.1
2425,13/04/2025,Lazio,Roma,1.0,1.0,D,0.0,0.0,D,12.0,9.0,7.0,4.0,10.0,5.0,12.0,12.0,4.0,2.0,0.0,0.0,2.8,3.2,2.63
2425,14/04/2025,Napoli,Empoli,3.0,0.0,H,1.0,0.0,H,17.0,12.0,6.0,1.0,5.0,5.0,8.0,15.0,1.0,1.0,0.0,0.0,1.33,5.0,9.5
2425,19/04/2025,Lecce,Como,0.0,3.0,A,0.0,1.0,A,14.0,11.0,7.0,6.0,9.0,4.0,18.0,14.0,3.0,5.0,0.0,0.0,3.75,3.3,2.05
2425,19/04/2025,Monza,Napoli,0.0,1.0,A,0.0,0.0,D,8.0,16.0,0.0,5.0,6.0,7.0,18.0,11.0,4.0,2.0,0.0,0.0,13.0,5.0,1.29
2425,19/04/2025,Roma,Verona,1.0,0.0,H,1.0,0.0,H,6.0,8.0,3.0,2.0,4.0,6.0,5.0,17.0,0.0,2.0,0.0,0.0,1.4,4.5,8.5
2425,20/04/2025,Empoli,Venezia,2.0,2.0,D,0.0,0.0,D,11.0,13.0,4.0,7.0,2.0,5.0,18.0,15.0,2.0,1.0,0.0,0.0,2.25,3.0,3.6
2425,20/04/2025,Bologna,Inter,1.0,0.0,H,0.0,0.0,D,12.0,8.0,3.0,1.0,5.0,6.0,12.0,21.0,2.0,3.0,0.0,0.0,3.4,3.1,2.3
2425,20/04/2025,Milan,Atalanta,0.0,1.0,A,0.0,0.0,D,12.0,11.0,1.0,2.0,7.0,5.0,8.0,7.0,0.0,1.0,0.0,0.0,2.5,3.4,2.75
2425,23/04/2025,Cagliari,Fiorentina,1.0,2.0,A,1.0,1.0,D,8.0,8.0,2.0,4.0,4.0,4.0,15.0,15.0,2.0,2.0,0.0,0.0,3.1,3.1,2.45
2425,23/04/2025,Genoa,Lazio,0.0,2.0,A,0.0,1.0,A,8.0,15.0,4.0,6.0,6.0,8.0,16.0,10.0,3.0,1.0,1.0,1.0,3.3,3.2,2.3
2425,23/04/2025,Parma,Juventus,1.0,0.0,H,1.0,0.0,H,6.0,16.0,3.0,2.0,4.0,9.0,9.0,10.0,2.0,3.0,0.0,0.0,4.75,3.6,1.75
2425,23/04/2025,Torino,Udinese,2.0,0.0,H,1.0,0.0,H,10.0,10.0,4.0,6.0,8.0,7.0,11.0,13.0,2.0,2.0,0.0,0.0,2.4,2.9,3.3
2425,27/04/2025,Como,Genoa,1.0,0.0,H,0.0,0.0,D,14.0,4.0,3.0,1.0,6.0,3.0,19.0,15.0,2.0,1.0,0.0,0.0,1.85,3.4,4.75
2425,27/04/2025,Venezia,Milan,0.0,2.0,A,0.0,1.0,A,15.0,12.0,2.0,2.0,7.0,2.0,14.0,13.0,1.0,0.0,0.0,0.0,4.75,4.0,1.7
2425,27/04/2025,Fiorentina,Empoli,2.0,1.0,H,2.0,0.0,H,6.0,8.0,3.0,5.0,1.0,6.0,16.0,18.0,3.0,2.0,0.0,0.0,1.83,3.5,4.5
2425,27/04/2025,Inter,Roma,0.0,1.0,A,0.0,1.0,A,17.0,19.0,2.0,7.0,4.0,3.0,11.0,9.0,1.0,2.0,0.0,0.0,1.73,3.8,4.75
2425,27/04/2025,Juventus,Monza,2.0,0.0,H,2.0,0.0,H,10.0,12.0,5.0,3.0,0.0,5.0,17.0,5.0,3.0,3.0,1.0,0.0,1.2,7.5,12.0
2425,27/04/2025,Atalanta,Lecce,1.0,1.0,D,0.0,1.0,A,21.0,10.0,6.0,3.0,12.0,3.0,10.0,8.0,1.0,1.0,0.0,0.0,1.25,6.0,11.0
2425,27/04/2025,Napoli,Torino,2.0,0.0,H,2.0,0.0,H,8.0,9.0,2.0,0.0,2.0,5.0,5.0,13.0,0.0,3.0,0.0,0.0,1.42,4.33,8.0
2425,28/04/2025,Udinese,Bologna,0.0,0.0,D,0.0,0.0,D,13.0,12.0,4.0,1.0,5.0,6.0,21.0,10.0,3.0,2.0,0.0,0.0,4.5,3.5,1.85
2425,28/04/2025,Lazio,Parma,2.0,2.0,D,0.0,1.0,A,14.0,7.0,7.0,5.0,5.0,1.0,12.0,11.0,1.0,3.0,0.0,0.0,1.53,4.5,5.75
2425,28/04/2025,Verona,Cagliari,0.0,2.0,A,0.0,1.0,A,6.0,6.0,2.0,4.0,2.0,3.0,14.0,9.0,2.0,1.0,1.0,0.0,2.5,2.75,3.5
2425,02/05/2025,Torino,Venezia,1.0,1.0,D,0.0,1.0,A,19.0,7.0,4.0,3.0,5.0,1.0,7.0,18.0,1.0,0.0,0.0,0.0,2.5,2.88,3.25
2425,03/05/2025,Cagliari,Udinese,1.0,2.0,A,1.0,1.0,D,8.0,11.0,2.0,3.0,5.0,4.0,5.0,15.0,1.0,2.0,0.0,0.0,2.2,3.2,3.5
2425,03/05/2025,Parma,Como,0.0,1.0,A,0.0,0.0,D,13.0,13.0,3.0,4.0,5.0,5.0,16.0,14.0,1.0,1.0,0.0,0.0,3.1,3.3,2.3
2425,03/05/2025,Lecce,Napoli,0.0,1.0,A,0.0,1.0,A,9.0,8.0,1.0,2.0,5.0,2.0,11.0,4.0,2.0,0.0,0.0,0.0,7.0,3.8,1.55
2425,03/05/2025,Inter,Verona,1.0,0.0,H,1.0,0.0,H,9.0,6.0,2.0,1.0,4.0,3.0,6.0,11.0,1.0,3.0,0.0,0.0,1.3,5.25,10.0
2425,04/05/2025,Empoli,Lazio,0.0,1.0,A,0.0,1.0,A,7.0,9.0,2.0,3.0,2.0,7.0,16.0,8.0,5.0,5.0,1.0,1.0,4.33,3.6,1.83
2425,04/05/2025,Monza,Atalanta,0.0,4.0,A,0.0,2.0,A,13.0,15.0,7.0,5.0,3.0,7.0,9.0,10.0,1.0,2.0,0.0,0.0,13.0,6.0,1.22
2425,04/05/2025,Roma,Fiorentina,1.0,0.0,H,1.0,0.0,H,12.0,13.0,4.0,5.0,7.0,4.0,9.0,8.0,2.0,2.0,0.0,1.0,1.65,3.7,5.5
2425,04/05/2025,Bologna,Juventus,1.0,1.0,D,0.0,1.0,A,9.0,6.0,2.0,3.0,10.0,3.0,6.0,19.0,1.0,3.0,0.0,0.0,2.4,3.1,3.2
2425,05/05/2025,Genoa,Milan,1.0,2.0,A,0.0,0.0,D,11.0,10.0,4.0,5.0,8.0,7.0,14.0,12.0,1.0,5.0,0.0,0.0,4.75,3.7,1.8
2425,09/05/2025,Milan,Bologna,3.0,1.0,H,0.0,0.0,D,10.0,10.0,5.0,4.0,3.0,4.0,5.0,14.0,2.0,2.0,0.0,0.0,2.3,3.4,3.0
2425,10/05/2025,Como,Cagliari,3.0,1.0,H,2.0,1.0,H,19.0,9.0,5.0,3.0,5.0,1.0,9.0,15.0,1.0,3.0,0.0,0.0,1.73,3.8,4.75
2425,10/05/2025,Lazio,Juventus,1.0,1.0,D,0.0,0.0,D,19.0,8.0,6.0,3.0,3.0,3.0,14.0,10.0,5.0,4.0,0.0,1.0,2.45,3.2,3.0
2425,10/05/2025,Empoli,Parma,2.0,1.0,H,1.0,0.0,H,15.0,3.0,4.0,1.0,4.0,0.0,21.0,16.0,2.0,2.0,0.0,1.0,2.15,3.3,3.5
2425,11/05/2025,Udinese,Monza,1.0,2.0,A,0.0,0.0,D,21.0,5.0,5.0,2.0,7.0,0.0,21.0,8.0,2.0,3.0,0.0,0.0,1.48,4.2,7.0
2425,11/05/2025,Verona,Lecce,1.0,1.0,D,1.0,1.0,D,6.0,11.0,2.0,3.0,3.0,6.0,17.0,15.0,4.0,0.0,0.0,0.0,2.15,3.0,3.75
2425,11/05/2025,Torino,Inter,0.0,2.0,A,0.0,1.0,A,17.0,12.0,3.0,7.0,9.0,3.0,14.0,6.0,1.0,3.0,0.0,0.0,5.75,4.0,1.57
2425,11/05/2025,Napoli,Genoa,2.0,2.0,D,1.0,1.0,D,22.0,8.0,11.0,2.0,8.0,0.0,12.0,14.0,1.0,2.0,0.0,0.0,1.3,5.25,11.0
2425,12/05/2025,Venezia,Fiorentina,2.0,1.0,H,0.0,0.0,D,4.0,5.0,4.0,1.0,1.0,5.0,21.0,17.0,1.0,4.0,0.0,0.0,3.1,3.2,2.38
2425,12/05/2025,Atalanta,Roma,2.0,1.0,H,1.0,1.0,D,16.0,10.0,3.0,4.0,8.0,7.0,14.0,14.0,1.0,0.0,0.0,0.0,1.95,3.6,3.75
2425,17/05/2025,Genoa,Atalanta,2.0,3.0,A,1.0,0.0,H,12.0,13.0,5.0,6.0,7.0,0.0,10.0,14.0,0.0,0.0,0.0,0.0,4.5,3.9,1.75
2425,18/05/2025,Cagliari,Venezia,3.0,0.0,H,2.0,0.0,H,20.0,10.0,5.0,1.0,8.0,8.0,7.0,9.0,1.0,1.0,0.0,0.0,2.6,3.0,3.0
2425,18/05/2025,Fiorentina,Bologna,3.0,2.0,H,1.0,0.0,H,6.0,15.0,5.0,3.0,2.0,4.0,21.0,17.0,4.0,1.0,0.0,1.0,2.75,3.0,2.75
2425,18/05/2025,Inter,Lazio,2.0,2.0,D,1.0,0.0,H,10.0,12.0,3.0,4.0,5.0,1.0,14.0,10.0,1.0,3.0,0.0,0.0,1.62,4.2,5.0
2425,18/05/2025,Juventus,Udinese,2.0,0.0,H,0.0,0.0,D,24.0,7.0,7.0,2.0,12.0,3.0,9.0,13.0,0.0,3.0,0.0,0.0,1.38,4.75,8.5
2425,18/05/2025,Lecce,Torino,1.0,0.0,H,0.0,0.0,D,10.0,10.0,4.0,4.0,3.0,4.0,13.0,8.0,1.0,1.0,0.0,0.0,1.83,3.4,4.6
2425,18/05/2025,Monza,Empoli,1.0,3.0,A,1.0,0.0,H,12.0,9.0,4.0,4.0,2.0,6.0,8.0,16.0,0.0,1.0,0.0,0.0,5.0,3.6,1.73
2425,18/05/2025,Parma,Napoli,0.0,0.0,D,0.0,0.0,D,6.0,7.0,4.0,2.0,3.0,2.0,13.0,16.0,2.0,2.0,0.0,0.0,6.25,4.2,1.5
2425,18/05/2025,Roma,Milan,3.0,1.0,H,1.0,1.0,D,15.0,12.0,6.0,3.0,4.0,2.0,12.0,16.0,3.0,2.0,0.0,1.0,2.3,3.6,2.9
2425,18/05/2025,Verona,Como,1.0,1.0,D,0.0,1.0,A,16.0,12.0,3.0,5.0,5.0,5.0,13.0,10.0,2.0,3.0,0.0,0.0,3.5,3.3,2.15
2425,23/05/2025,Como,Inter,0.0,2.0,A,0.0,1.0,A,18.0,11.0,4.0,7.0,1.0,4.0,10.0,9.0,1.0,3.0,1.0,0.0,5.0,4.2,1.65
2425,23/05/2025,Napoli,Cagliari,2.0,0.0,H,1.0,0.0,H,18.0,4.0,6.0,1.0,8.0,3.0,14.0,14.0,2.0,1.0,0.0,0.0,1.2,7.0,12.0
2425,24/05/2025,Bologna,Genoa,1.0,3.0,A,0.0,3.0,A,16.0,5.0,5.0,3.0,13.0,1.0,13.0,23.0,5.0,2.0,0.0,0.0,1.5,4.5,6.0
2425,24/05/2025,Milan,Monza,2.0,0.0,H,0.0,0.0,D,21.0,6.0,6.0,2.0,4.0,6.0,8.0,9.0,0.0,1.0,0.0,0.0,1.22,7.0,11.0
2425,25/05/2025,Atalanta,Parma,2.0,3.0,A,2.0,0.0,H,11.0,18.0,5.0,10.0,5.0,6.0,7.0,7.0,1.0,1.0,0.0,0.0,1.75,3.5,5.0
2425,25/05/2025,Empoli,Verona,1.0,2.0,A,1.0,1.0,D,14.0,5.0,5.0,2.0,13.0,1.0,10.0,29.0,2.0,2.0,0.0,0.0,1.95,3.2,4.33
2425,25/05/2025,Lazio,Lecce,0.0,1.0,A,0.0,1.0,A,26.0,9.0,7.0,3.0,14.0,4.0,11.0,11.0,2.0,3.0,1.0,1.0,1.53,3.7,7.5
2425,25/05/2025,Torino,Roma,0.0,2.0,A,0.0,1.0,A,11.0,15.0,4.0,5.0,2.0,1.0,15.0,11.0,1.0,1.0,0.0,0.0,5.5,4.2,1.57
2425,25/05/2025,Udinese,Fiorentina,2.0,3.0,A,1.0,0.0,H,12.0,25.0,3.0,11.0,2.0,8.0,15.0,6.0,3.0,2.0,1.0,0.0,3.7,3.6,2.0
2425,25/05/2025,Venezia,Juventus,2.0,3.0,A,1.0,2.0,A,12.0,15.0,5.0,5.0,6.0,6.0,10.0,18.0,1.0,2.0,0.0,0.0,5.75,4.33,1.53
2526,23/08/2025,Genoa,Lecce,0.0,0.0,D,0.0,0.0,D,5.0,7.0,2.0,0.0,3.0,7.0,16.0,13.0,2.0,3.0,0.0,0.0,1.9,3.3,4.5
2526,23/08/2025,Sassuolo,Napoli,0.0,2.0,A,0.0,1.0,A,7.0,13.0,2.0,4.0,1.0,2.0,17.0,17.0,3.0,1.0,1.0,0.0,6.0,4.0,1.57
2526,23/08/2025,Milan,Cremonese,1.0,2.0,A,1.0,1.0,D,24.0,4.0,6.0,3.0,9.0,2.0,10.0,14.0,1.0,4.0,0.0,0.0,1.33,5.25,9.0
2526,23/08/2025,Roma,Bologna,1.0,0.0,H,0.0,0.0,D,14.0,10.0,4.0,2.0,2.0,4.0,15.0,13.0,1.0,1.0,0.0,0.0,2.1,3.3,3.5
2526,24/08/2025,Cagliari,Fiorentina,1.0,1.0,D,0.0,0.0,D,14.0,4.0,6.0,1.0,3.0,2.0,18.0,14.0,4.0,2.0,0.0,0.0,3.25,3.3,2.25
2526,24/08/2025,Como,Lazio,2.0,0.0,H,0.0,0.0,D,19.0,5.0,6.0,1.0,6.0,0.0,15.0,12.0,2.0,3.0,0.0,0.0,2.4,3.25,3.0
2526,24/08/2025,Atalanta,Pisa,1.0,1.0,D,0.0,1.0,A,21.0,11.0,6.0,2.0,10.0,4.0,9.0,10.0,2.0,0.0,0.0,0.0,1.4,5.0,7.0
2526,24/08/2025,Juventus,Parma,2.0,0.0,H,0.0,0.0,D,25.0,8.0,8.0,2.0,6.0,6.0,9.0,13.0,1.0,2.0,1.0,0.0,1.42,4.75,7.5
2526,25/08/2025,Udinese,Verona,1.0,1.0,D,0.0,0.0,D,14.0,9.0,4.0,3.0,5.0,1.0,14.0,14.0,3.0,2.0,0.0,0.0,1.95,3.3,4.1
2526,25/08/2025,Inter,Torino,5.0,0.0,H,2.0,0.0,H,20.0,12.0,9.0,4.0,6.0,5.0,14.0,6.0,0.0,0.0,0.0,0.0,1.42,4.75,7.5
2526,29/08/2025,Cremonese,Sassuolo,3.0,2.0,H,2.0,0.0,H,11.0,9.0,6.0,6.0,5.0,4.0,12.0,17.0,2.0,2.0,0.0,0.0,2.6,3.2,2.75
2526,29/08/2025,Lecce,Milan,0.0,2.0,A,0.0,0.0,D,7.0,14.0,2.0,6.0,4.0,5.0,10.0,8.0,1.0,0.0,0.0,0.0,6.0,3.9,1.57
2526,30/08/2025,Bologna,Como,1.0,0.0,H,0.0,0.0,D,15.0,13.0,2.0,2.0,7.0,4.0,13.0,19.0,4.0,3.0,0.0,0.0,2.45,3.1,3.1
2526,30/08/2025,Parma,Atalanta,1.0,1.0,D,0.0,0.0,D,7.0,11.0,3.0,3.0,1.0,2.0,8.0,15.0,2.0,2.0,0.0,0.0,4.1,3.5,1.91
2526,30/08/2025,Napoli,Cagliari,1.0,0.0,H,0.0,0.0,D,20.0,10.0,6.0,1.0,13.0,0.0,16.0,12.0,2.0,1.0,0.0,0.0,1.3,5.0,11.0
2526,30/08/2025,Pisa,Roma,0.0,1.0,A,0.0,0.0,D,7.0,10.0,3.0,5.0,1.0,7.0,14.0,10.0,2.0,1.0,0.0,0.0,5.25,3.6,1.7
2526,31/08/2025,Genoa,Juventus,0.0,1.0,A,0.0,0.0,D,10.0,13.0,1.0,3.0,3.0,4.0,14.0,15.0,1.0,2.0,0.0,0.0,4.5,3.4,1.85
2526,31/08/2025,Torino,Fiorentina,0.0,0.0,D,0.0,0.0,D,7.0,16.0,4.0,4.0,7.0,3.0,21.0,13.0,2.0,2.0,0.0,0.0,3.2,3.1,2.4
2526,31/08/2025,Inter,Udinese,1.0,2.0,A,1.0,2.0,A,16.0,10.0,4.0,5.0,13.0,2.0,17.0,5.0,1.0,3.0,0.0,0.0,1.3,5.25,9.5
2526,31/08/2025,Lazio,Verona,4.0,0.0,H,3.0,0.0,H,22.0,12.0,6.0,4.0,8.0,1.0,8.0,19.0,0.0,0.0,0.0,0.0,1.48,4.33,7.0
2526,13/09/2025,Cagliari,Parma,2.0,0.0,H,1.0,0.0,H,12.0,17.0,5.0,5.0,4.0,5.0,15.0,18.0,3.0,1.0,0.0,0.0,2.15,3.2,3.6
2526,13/09/2025,Juventus,Inter,4.0,3.0,H,2.0,1.0,H,12.0,18.0,4.0,4.0,5.0,9.0,14.0,10.0,2.0,1.0,0.0,0.0,2.75,3.0,2.75
2526,13/09/2025,Fiorentina,Napoli,1.0,3.0,A,0.0,2.0,A,19.0,14.0,3.0,9.0,8.0,5.0,14.0,14.0,0.0,0.0,0.0,0.0,3.5,3.1,2.25
2526,14/09/2025,Roma,Torino,0.0,1.0,A,0.0,0.0,D,22.0,8.0,5.0,4.0,7.0,4.0,11.0,17.0,2.0,3.0,0.0,0.0,1.5,4.1,7.0
2526,14/09/2025,Atalanta,Lecce,4.0,1.0,H,1.0,0.0,H,19.0,12.0,8.0,3.0,8.0,2.0,12.0,7.0,0.0,0.0,0.0,0.0,1.4,4.5,8.5
2526,14/09/2025,Pisa,Udinese,0.0,1.0,A,0.0,1.0,A,12.0,13.0,2.0,3.0,8.0,6.0,13.0,15.0,1.0,2.0,0.0,0.0,2.75,3.1,2.75
2526,14/09/2025,Sassuolo,Lazio,1.0,0.0,H,0.0,0.0,D,10.0,13.0,3.0,3.0,3.0,7.0,15.0,11.0,6.0,3.0,0.0,0.0,3.5,3.6,2.05
2526,14/09/2025,Milan,Bologna,1.0,0.0,H,0.0,0.0,D,14.0,5.0,3.0,0.0,7.0,4.0,17.0,16.0,3.0,2.0,0.0,0.0,1.91,3.4,4.2
2526,15/09/2025,Verona,Cremonese,0.0,0.0,D,0.0,0.0,D,20.0,6.0,9.0,2.0,10.0,1.0,18.0,3.0,2.0,1.0,0.0,0.0,2.38,3.1,3.2
2526,15/09/2025,Como,Genoa,1.0,1.0,D,1.0,0.0,H,13.0,13.0,4.0,6.0,0.0,8.0,13.0,17.0,2.0,2.0,1.0,0.0,1.62,3.75,6.0
2526,19/09/2025,Lecce,Cagliari,1.0,2.0,A,1.0,1.0,D,11.0,15.0,5.0,6.0,4.0,7.0,10.0,19.0,2.0,3.0,0.0,0.0,2.88,2.9,2.75
2526,20/09/2025,Bologna,Genoa,2.0,1.0,H,0.0,0.0,D,14.0,7.0,6.0,4.0,8.0,2.0,12.0,15.0,1.0,5.0,0.0,0.0,1.83,3.2,5.25
2526,20/09/2025,Verona,Juventus,1.0,1.0,D,1.0,1.0,D,14.0,10.0,4.0,4.0,5.0,3.0,18.0,10.0,3.0,3.0,0.0,0.0,6.5,3.9,1.55
2526,20/09/2025,Udinese,Milan,0.0,3.0,A,0.0,1.0,A,10.0,13.0,4.0,6.0,1.0,4.0,9.0,7.0,2.0,0.0,0.0,0.0,4.33,3.6,1.83
2526,21/09/2025,Lazio,Roma,0.0,1.0,A,0.0,1.0,A,10.0,13.0,2.0,6.0,3.0,6.0,14.0,22.0,1.0,1.0,2.0,0.0,2.8,3.1,2.63
2526,21/09/2025,Cremonese,Parma,0.0,0.0,D,0.0,0.0,D,3.0,15.0,1.0,3.0,3.0,3.0,16.0,8.0,1.0,0.0,0.0,0.0,2.55,3.2,2.88
2526,21/09/2025,Torino,Atalanta,0.0,3.0,A,0.0,3.0,A,11.0,9.0,5.0,5.0,1.0,0.0,11.0,9.0,0.0,0.0,0.0,0.0,3.25,3.4,2.2
2526,21/09/2025,Fiorentina,Como,1.0,2.0,A,1.0,0.0,H,8.0,19.0,1.0,7.0,2.0,6.0,16.0,19.0,4.0,3.0,0.0,0.0,2.6,3.2,2.8
2526,21/09/2025,Inter,Sassuolo,2.0,1.0,H,1.0,0.0,H,20.0,9.0,6.0,5.0,7.0,3.0,15.0,8.0,2.0,1.0,0.0,0.0,1.29,5.5,12.0
2526,22/09/2025,Napoli,Pisa,3.0,2.0,H,1.0,0.0,H,18.0,15.0,6.0,6.0,5.0,3.0,10.0,18.0,1.0,2.0,0.0,0.0,1.27,5.75,12.0
2526,27/09/2025,Como,Cremonese,1.0,1.0,D,1.0,0.0,H,14.0,9.0,6.0,2.0,4.0,3.0,16.0,17.0,3.0,4.0,1.0,0.0,1.45,4.33,8.0
2526,27/09/2025,Juventus,Atalanta,1.0,1.0,D,0.0,1.0,A,24.0,12.0,10.0,2.0,14.0,5.0,6.0,7.0,0.0,3.0,0.0,1.0,1.85,3.6,4.2
2526,27/09/2025,Cagliari,Inter,0.0,2.0,A,0.0,1.0,A,6.0,20.0,0.0,5.0,4.0,4.0,13.0,14.0,0.0,2.0,0.0,0.0,6.0,4.2,1.53
2526,28/09/2025,Sassuolo,Udinese,3.0,1.0,H,2.0,0.0,H,11.0,12.0,5.0,5.0,1.0,5.0,5.0,22.0,0.0,3.0,0.0,0.0,2.3,3.2,3.3
2526,28/09/2025,Pisa,Fiorentina,0.0,0.0,D,0.0,0.0,D,11.0,14.0,1.0,2.0,4.0,6.0,15.0,15.0,0.0,1.0,0.0,0.0,3.3,3.25,2.25
2526,28/09/2025,Roma,Verona,2.0,0.0,H,1.0,0.0,H,10.0,12.0,5.0,3.0,8.0,1.0,11.0,19.0,0.0,4.0,0.0,0.0,1.42,4.2,8.5
2526,28/09/2025,Lecce,Bologna,2.0,2.0,D,1.0,1.0,D,12.0,14.0,4.0,5.0,3.0,9.0,13.0,13.0,4.0,2.0,0.0,0.0,4.2,3.0,2.05
2526,28/09/2025,Milan,Napoli,2.0,1.0,H,2.0,0.0,H,6.0,19.0,3.0,7.0,1.0,7.0,7.0,7.0,1.0,0.0,1.0,0.0,2.35,3.1,3.2
2526,29/09/2025,Parma,Torino,2.0,1.0,H,1.0,0.0,H,13.0,15.0,2.0,4.0,4.0,3.0,10.0,12.0,3.0,3.0,0.0,0.0,2.3,3.1,3.4
2526,29/09/2025,Genoa,Lazio,0.0,3.0,A,0.0,2.0,A,17.0,10.0,5.0,6.0,6.0,0.0,18.0,16.0,5.0,1.0,0.0,0.0,3.0,3.0,2.6
2526,03/10/2025,Verona,Sassuolo,0.0,1.0,A,0.0,0.0,D,17.0,11.0,9.0,3.0,4.0,2.0,14.0,12.0,2.0,2.0,0.0,0.0,2.5,3.1,3.0
2526,04/10/2025,Lazio,Torino,3.0,3.0,D,2.0,1.0,H,9.0,16.0,4.0,8.0,3.0,5.0,13.0,22.0,3.0,3.0,0.0,0.0,1.7,3.6,5.25
2526,04/10/2025,Parma,Lecce,0.0,1.0,A,0.0,1.0,A,10.0,7.0,2.0,3.0,4.0,9.0,16.0,16.0,1.0,2.0,0.0,0.0,1.85,3.7,4.1
2526,04/10/2025,Inter,Cremonese,4.0,1.0,H,2.0,0.0,H,27.0,3.0,9.0,2.0,13.0,1.0,9.0,8.0,1.0,1.0,0.0,0.0,1.2,6.5,15.0
2526,04/10/2025,Atalanta,Como,1.0,1.0,D,1.0,1.0,D,16.0,12.0,4.0,4.0,8.0,3.0,10.0,19.0,1.0,3.0,0.0,0.0,2.2,3.4,3.25
2526,05/10/2025,Udinese,Cagliari,1.0,1.0,D,0.0,1.0,A,23.0,8.0,4.0,2.0,7.0,2.0,14.0,16.0,1.0,2.0,0.0,0.0,2.15,3.2,3.6
2526,05/10/2025,Bologna,Pisa,4.0,0.0,H,3.0,0.0,H,24.0,2.0,7.0,0.0,2.0,2.0,16.0,12.0,0.0,1.0,0.0,1.0,1.6,3.9,5.75
2526,05/10/2025,Fiorentina,Roma,1.0,2.0,A,1.0,2.0,A,11.0,8.0,3.0,3.0,3.0,4.0,19.0,21.0,2.0,3.0,0.0,0.0,3.0,3.3,2.4
2526,05/10/2025,Napoli,Genoa,2.0,1.0,H,0.0,1.0,A,12.0,6.0,5.0,1.0,7.0,5.0,16.0,15.0,1.0,3.0,0.0,0.0,1.48,4.0,8.0
2526,05/10/2025,Juventus,Milan,0.0,0.0,D,0.0,0.0,D,12.0,13.0,3.0,4.0,6.0,0.0,15.0,8.0,2.0,2.0,0.0,0.0,2.7,3.2,2.7
2526,18/10/2025,Lecce,Sassuolo,0.0,0.0,D,0.0,0.0,D,11.0,9.0,2.0,2.0,6.0,4.0,16.0,14.0,2.0,2.0,0.0,0.0,2.9,3.2,2.5
2526,18/10/2025,Pisa,Verona,0.0,0.0,D,0.0,0.0,D,7.0,15.0,0.0,3.0,3.0,8.0,8.0,14.0,4.0,2.0,0.0,0.0,2.55,3.1,2.9
2526,18/10/2025,Torino,Napoli,1.0,0.0,H,1.0,0.0,H,12.0,22.0,2.0,5.0,3.0,11.0,9.0,9.0,1.0,2.0,0.0,0.0,5.25,3.3,1.8
2526,18/10/2025,Roma,Inter,0.0,1.0,A,0.0,1.0,A,15.0,12.0,5.0,3.0,4.0,5.0,18.0,29.0,4.0,3.0,0.0,0.0,3.3,3.25,2.25
2526,19/10/2025,Como,Juventus,2.0,0.0,H,1.0,0.0,H,12.0,15.0,6.0,3.0,4.0,1.0,17.0,15.0,3.0,1.0,0.0,0.0,2.88,3.25,2.5
2526,19/10/2025,Cagliari,Bologna,0.0,2.0,A,0.0,1.0,A,4.0,10.0,3.0,7.0,2.0,7.0,15.0,22.0,1.0,3.0,0.0,0.0,3.6,3.3,2.1
2526,19/10/2025,Genoa,Parma,0.0,0.0,D,0.0,0.0,D,23.0,1.0,7.0,0.0,3.0,0.0,15.0,13.0,2.0,5.0,0.0,1.0,2.1,3.0,4.0
2526,19/10/2025,Atalanta,Lazio,0.0,0.0,D,0.0,0.0,D,16.0,4.0,6.0,1.0,7.0,1.0,10.0,5.0,4.0,0.0,0.0,0.0,1.73,4.0,4.5
2526,19/10/2025,Milan,Fiorentina,2.0,1.0,H,0.0,0.0,D,14.0,5.0,4.0,1.0,1.0,3.0,14.0,12.0,3.0,3.0,0.0,0.0,1.5,4.33,6.5
2526,20/10/2025,Cremonese,Udinese,1.0,1.0,D,1.0,0.0,H,11.0,8.0,4.0,1.0,5.0,4.0,15.0,14.0,4.0,2.0,0.0,0.0,3.0,3.25,2.4
2526,24/10/2025,Milan,Pisa,2.0,2.0,D,1.0,0.0,H,20.0,8.0,7.0,2.0,6.0,2.0,8.0,21.0,1.0,3.0,0.0,0.0,1.3,5.5,10.0
2526,25/10/2025,Parma,Como,0.0,0.0,D,0.0,0.0,D,10.0,6.0,3.0,2.0,3.0,3.0,7.0,14.0,0.0,1.0,0.0,0.0,3.9,3.5,1.95
2526,25/10/2025,Udinese,Lecce,3.0,2.0,H,2.0,0.0,H,8.0,13.0,4.0,3.0,4.0,9.0,12.0,12.0,2.0,2.0,0.0,0.0,1.8,3.4,4.75
2526,25/10/2025,Napoli,Inter,3.0,1.0,H,1.0,0.0,H,7.0,15.0,3.0,3.0,1.0,4.0,15.0,10.0,2.0,1.0,0.0,0.0,3.0,3.1,2.4
2526,25/10/2025,Cremonese,Atalanta,1.0,1.0,D,0.0,0.0,D,9.0,20.0,5.0,6.0,2.0,10.0,6.0,8.0,3.0,1.0,0.0,0.0,5.0,4.2,1.62
2526,26/10/2025,Torino,Genoa,2.0,1.0,H,0.0,1.0,A,13.0,11.0,6.0,3.0,9.0,1.0,14.0,9.0,2.0,2.0,0.0,0.0,2.25,2.9,3.5
2526,26/10/2025,Sassuolo,Roma,0.0,1.0,A,0.0,1.0,A,11.0,15.0,1.0,8.0,6.0,6.0,18.0,16.0,3.0,2.0,0.0,0.0,4.5,3.5,1.85
2526,26/10/2025,Verona,Cagliari,2.0,2.0,D,1.0,0.0,H,10.0,7.0,6.0,3.0,3.0,2.0,16.0,12.0,3.0,4.0,0.0,0.0,2.25,3.0,3.6
2526,26/10/2025,Fiorentina,Bologna,2.0,2.0,D,0.0,1.0,A,19.0,6.0,7.0,3.0,5.0,6.0,13.0,20.0,3.0,5.0,0.0,1.0,2.7,3.1,2.75
2526,26/10/2025,Lazio,Juventus,1.0,0.0,H,1.0,0.0,H,13.0,14.0,3.0,5.0,2.0,5.0,11.0,18.0,2.0,4.0,0.0,0.0,3.2,3.25,2.3
2526,28/10/2025,Lecce,Napoli,0.0,1.0,A,0.0,0.0,D,7.0,14.0,2.0,3.0,3.0,5.0,10.0,14.0,2.0,1.0,0.0,0.0,6.5,3.75,1.55
2526,28/10/2025,Atalanta,Milan,1.0,1.0,D,1.0,1.0,D,17.0,6.0,3.0,1.0,9.0,4.0,9.0,8.0,1.0,3.0,0.0,0.0,2.63,3.2,2.75
2526,29/10/2025,Como,Verona,3.0,1.0,H,1.0,1.0,D,15.0,13.0,5.0,9.0,1.0,3.0,11.0,21.0,1.0,4.0,0.0,0.0,1.6,3.6,6.5
2526,29/10/2025,Juventus,Udinese,3.0,1.0,H,1.0,1.0,D,25.0,8.0,11.0,2.0,8.0,4.0,12.0,13.0,1.0,4.0,0.0,0.0,1.44,4.1,8.5
2526,29/10/2025,Roma,Parma,2.0,1.0,H,0.0,0.0,D,18.0,8.0,6.0,5.0,9.0,2.0,8.0,9.0,0.0,3.0,0.0,0.0,1.53,3.75,7.5
2526,29/10/2025,Bologna,Torino,0.0,0.0,D,0.0,0.0,D,11.0,8.0,2.0,2.0,3.0,3.0,11.0,20.0,2.0,3.0,0.0,0.0,1.75,3.5,5.0
2526,29/10/2025,Genoa,Cremonese,0.0,2.0,A,0.0,1.0,A,16.0,12.0,1.0,4.0,7.0,3.0,16.0,13.0,3.0,1.0,0.0,0.0,1.85,3.25,4.75
2526,29/10/2025,Inter,Fiorentina,3.0,0.0,H,0.0,0.0,D,22.0,10.0,8.0,2.0,8.0,5.0,11.0,16.0,1.0,2.0,0.0,1.0,1.38,4.5,8.5
2526,30/10/2025,Cagliari,Sassuolo,1.0,2.0,A,0.0,0.0,D,8.0,12.0,1.0,4.0,6.0,7.0,20.0,21.0,4.0,4.0,0.0,0.0,2.6,3.1,2.88
2526,30/10/2025,Pisa,Lazio,0.0,0.0,D,0.0,0.0,D,10.0,11.0,2.0,6.0,3.0,1.0,16.0,12.0,2.0,2.0,0.0,0.0,3.7,3.25,2.1
2526,01/11/2025,Udinese,Atalanta,1.0,0.0,H,1.0,0.0,H,11.0,5.0,5.0,0.0,5.0,4.0,14.0,11.0,1.0,3.0,0.0,0.0,4.5,3.6,1.8
2526,01/11/2025,Napoli,Como,0.0,0.0,D,0.0,0.0,D,13.0,13.0,8.0,2.0,4.0,2.0,15.0,16.0,3.0,2.0,0.0,0.0,1.95,3.1,4.5
2526,01/11/2025,Cremonese,Juventus,1.0,2.0,A,0.0,1.0,A,9.0,15.0,2.0,5.0,2.0,3.0,10.0,14.0,1.0,0.0,0.0,0.0,6.5,4.33,1.5
2526,02/11/2025,Verona,Inter,1.0,2.0,A,1.0,1.0,D,8.0,21.0,2.0,6.0,4.0,8.0,15.0,4.0,2.0,1.0,0.0,0.0,7.5,4.5,1.42
2526,02/11/2025,Fiorentina,Lecce,0.0,1.0,A,0.0,1.0,A,15.0,11.0,4.0,4.0,4.0,4.0,14.0,21.0,4.0,1.0,0.0,0.0,1.62,3.8,5.75
2526,02/11/2025,Torino,Pisa,2.0,2.0,D,2.0,2.0,D,15.0,11.0,3.0,3.0,4.0,2.0,14.0,8.0,2.0,1.0,0.0,0.0,1.95,3.25,4.33
2526,02/11/2025,Parma,Bologna,1.0,3.0,A,1.0,1.0,D,7.0,22.0,1.0,6.0,1.0,5.0,16.0,15.0,3.0,2.0,1.0,0.0,4.2,3.0,2.05
2526,02/11/2025,Milan,Roma,1.0,0.0,H,1.0,0.0,H,17.0,20.0,8.0,6.0,7.0,8.0,12.0,13.0,1.0,5.0,0.0,0.0,2.2,3.0,3.7
2526,03/11/2025,Sassuolo,Genoa,1.0,2.0,A,0.0,1.0,A,13.0,16.0,4.0,5.0,3.0,7.0,13.0,13.0,1.0,3.0,0.0,0.0,2.45,3.0,3.2
2526,03/11/2025,Lazio,Cagliari,2.0,0.0,H,0.0,0.0,D,8.0,17.0,3.0,5.0,7.0,5.0,8.0,18.0,0.0,2.0,0.0,0.0,1.53,3.8,7.0
2526,07/11/2025,Pisa,Cremonese,1.0,0.0,H,0.0,0.0,D,14.0,13.0,6.0,3.0,4.0,5.0,11.0,17.0,4.0,2.0,0.0,0.0,2.25,3.1,3.4
2526,08/11/2025,Como,Cagliari,0.0,0.0,D,0.0,0.0,D,10.0,4.0,6.0,2.0,10.0,0.0,21.0,15.0,3.0,1.0,0.0,0.0,1.48,4.5,6.5
2526,08/11/2025,Lecce,Verona,0.0,0.0,D,0.0,0.0,D,11.0,5.0,6.0,2.0,7.0,2.0,10.0,18.0,1.0,4.0,0.0,0.0,2.75,2.9,2.9
2526,08/11/2025,Juventus,Torino,0.0,0.0,D,0.0,0.0,D,22.0,8.0,6.0,3.0,6.0,2.0,9.0,4.0,0.0,1.0,0.0,0.0,1.5,4.1,7.0
2526,08/11/2025,Parma,Milan,2.0,2.0,D,1.0,2.0,A,14.0,10.0,4.0,5.0,4.0,3.0,14.0,10.0,1.0,1.0,0.0,0.0,5.75,4.0,1.57
2526,09/11/2025,Atalanta,Sassuolo,0.0,3.0,A,0.0,1.0,A,14.0,8.0,2.0,4.0,4.0,1.0,9.0,8.0,0.0,2.0,0.0,0.0,1.44,4.5,7.0
2526,09/11/2025,Bologna,Napoli,2.0,0.0,H,0.0,0.0,D,11.0,4.0,4.0,1.0,5.0,4.0,14.0,15.0,1.0,3.0,0.0,0.0,3.0,3.1,2.55
2526,09/11/2025,Genoa,Fiorentina,2.0,2.0,D,1.0,1.0,D,10.0,7.0,6.0,3.0,3.0,7.0,20.0,15.0,2.0,3.0,0.0,0.0,2.75,3.0,2.75
2526,09/11/2025,Roma,Udinese,2.0,0.0,H,1.0,0.0,H,13.0,10.0,4.0,4.0,3.0,4.0,13.0,14.0,2.0,1.0,0.0,0.0,1.55,4.0,6.25
2526,09/11/2025,Inter,Lazio,2.0,0.0,H,1.0,0.0,H,8.0,8.0,3.0,5.0,3.0,1.0,26.0,11.0,3.0,1.0,0.0,0.0,1.36,5.0,8.0
2526,22/11/2025,Cagliari,Genoa,3.0,3.0,D,2.0,2.0,D,11.0,13.0,5.0,8.0,6.0,2.0,22.0,16.0,4.0,3.0,0.0,1.0,2.88,3.0,2.75
2526,22/11/2025,Udinese,Bologna,0.0,3.0,A,0.0,0.0,D,12.0,10.0,3.0,5.0,7.0,2.0,19.0,16.0,0.0,1.0,0.0,0.0,3.75,3.2,2.1
2526,22/11/2025,Fiorentina,Juventus,1.0,1.0,D,0.0,1.0,A,11.0,17.0,2.0,4.0,7.0,3.0,11.0,18.0,2.0,3.0,0.0,0.0,3.9,3.4,2.0
2526,22/11/2025,Napoli,Atalanta,3.0,1.0,H,3.0,0.0,H,11.0,14.0,6.0,3.0,5.0,3.0,11.0,12.0,1.0,2.0,0.0,0.0,2.25,3.25,3.4
2526,23/11/2025,Verona,Parma,1.0,2.0,A,0.0,1.0,A,10.0,15.0,2.0,7.0,4.0,4.0,24.0,6.0,4.0,3.0,0.0,0.0,2.25,3.0,3.6
2526,23/11/2025,Cremonese,Roma,1.0,3.0,A,0.0,1.0,A,9.0,12.0,4.0,6.0,3.0,5.0,12.0,16.0,2.0,2.0,0.0,0.0,6.0,3.75,1.62
2526,23/11/2025,Lazio,Lecce,2.0,0.0,H,1.0,0.0,H,19.0,5.0,9.0,1.0,8.0,2.0,8.0,13.0,1.0,1.0,0.0,0.0,1.62,3.7,6.25
2526,23/11/2025,Inter,Milan,0.0,1.0,A,0.0,0.0,D,20.0,7.0,6.0,3.0,9.0,1.0,7.0,9.0,1.0,2.0,0.0,0.0,1.9,3.5,4.0
2526,24/11/2025,Torino,Como,1.0,5.0,A,1.0,1.0,D,10.0,15.0,2.0,7.0,3.0,4.0,6.0,9.0,0.0,1.0,0.0,0.0,3.5,3.25,2.2
2526,24/11/2025,Sassuolo,Pisa,2.0,2.0,D,1.0,1.0,D,22.0,10.0,7.0,3.0,5.0,2.0,10.0,10.0,2.0,1.0,0.0,0.0,2.1,3.2,3.75
2526,28/11/2025,Como,Sassuolo,2.0,0.0,H,1.0,0.0,H,18.0,12.0,13.0,5.0,4.0,4.0,11.0,7.0,2.0,1.0,0.0,0.0,1.73,3.6,5.0
2526,29/11/2025,Genoa,Verona,2.0,1.0,H,1.0,1.0,D,15.0,13.0,4.0,5.0,2.0,3.0,9.0,19.0,1.0,3.0,0.0,0.0,2.05,3.0,4.2
2526,29/11/2025,Parma,Udinese,0.0,2.0,A,0.0,1.0,A,17.0,14.0,2.0,5.0,5.0,9.0,6.0,19.0,1.0,2.0,1.0,1.0,2.7,3.0,2.8
2526,29/11/2025,Juventus,Cagliari,2.0,1.0,H,2.0,1.0,H,14.0,5.0,6.0,3.0,1.0,6.0,16.0,16.0,1.0,5.0,0.0,0.0,1.3,5.5,10.0
2526,29/11/2025,Milan,Lazio,1.0,0.0,H,0.0,0.0,D,16.0,9.0,4.0,4.0,1.0,4.0,10.0,12.0,3.0,3.0,0.0,0.0,1.62,3.8,5.75
2526,30/11/2025,Lecce,Torino,2.0,1.0,H,2.0,0.0,H,10.0,15.0,2.0,6.0,6.0,6.0,16.0,22.0,2.0,3.0,0.0,0.0,3.0,2.88,2.7
2526,30/11/2025,Pisa,Inter,0.0,2.0,A,0.0,0.0,D,10.0,14.0,2.0,3.0,4.0,6.0,13.0,15.0,2.0,1.0,0.0,0.0,8.0,5.75,1.3
2526,30/11/2025,Atalanta,Fiorentina,2.0,0.0,H,1.0,0.0,H,21.0,15.0,9.0,3.0,4.0,5.0,15.0,10.0,1.0,3.0,0.0,0.0,1.73,3.75,4.75
2526,30/11/2025,Roma,Napoli,0.0,1.0,A,0.0,1.0,A,8.0,8.0,2.0,5.0,4.0,2.0,14.0,13.0,4.0,3.0,0.0,0.0,2.6,2.88,3.1
2526,01/12/2025,Bologna,Cremonese,1.0,3.0,A,1.0,2.0,A,29.0,10.0,7.0,5.0,13.0,8.0,13.0,12.0,0.0,2.0,0.0,0.0,1.48,4.0,8.0
2526,06/12/2025,Sassuolo,Fiorentina,3.0,1.0,H,2.0,1.0,H,13.0,9.0,5.0,1.0,7.0,1.0,15.0,15.0,2.0,3.0,0.0,0.0,2.88,3.25,2.5
2526,06/12/2025,Inter,Como,4.0,0.0,H,1.0,0.0,H,11.0,15.0,7.0,3.0,7.0,4.0,16.0,13.0,1.0,2.0,0.0,0.0,1.53,4.33,6.0
2526,06/12/2025,Verona,Atalanta,3.0,1.0,H,2.0,0.0,H,12.0,12.0,7.0,5.0,5.0,5.0,14.0,7.0,2.0,1.0,0.0,0.0,5.0,4.0,1.67
2526,07/12/2025,Cremonese,Lecce,2.0,0.0,H,0.0,0.0,D,11.0,9.0,4.0,1.0,5.0,5.0,15.0,12.0,1.0,2.0,0.0,0.0,2.4,3.1,3.2
2526,07/12/2025,Cagliari,Roma,1.0,0.0,H,0.0,0.0,D,15.0,6.0,8.0,2.0,4.0,1.0,18.0,16.0,2.0,1.0,0.0,1.0,5.25,3.6,1.67
2526,07/12/2025,Lazio,Bologna,1.0,1.0,D,1.0,1.0,D,16.0,13.0,9.0,6.0,7.0,3.0,13.0,18.0,4.0,3.0,1.0,0.0,2.6,3.1,2.9
2526,07/12/2025,Napoli,Juventus,2.0,1.0,H,1.0,0.0,H,9.0,5.0,4.0,2.0,9.0,0.0,6.0,15.0,2.0,1.0,0.0,0.0,2.35,3.0,3.2
2526,08/12/2025,Pisa,Parma,0.0,1.0,A,0.0,1.0,A,14.0,9.0,2.0,2.0,6.0,0.0,15.0,7.0,2.0,2.0,1.0,0.0,2.4,3.0,3.3
2526,08/12/2025,Udinese,Genoa,1.0,2.0,A,0.0,1.0,A,23.0,12.0,6.0,6.0,6.0,2.0,16.0,12.0,1.0,0.0,0.0,0.0,2.4,3.0,3.3
2526,08/12/2025,Torino,Milan,2.0,3.0,A,2.0,1.0,H,8.0,17.0,4.0,6.0,2.0,4.0,16.0,7.0,2.0,1.0,0.0,0.0,4.5,3.6,1.8
2526,12/12/2025,Lecce,Pisa,1.0,0.0,H,0.0,0.0,D,21.0,5.0,3.0,0.0,12.0,1.0,17.0,6.0,2.0,1.0,0.0,0.0,2.5,2.88,3.3
2526,13/12/2025,Torino,Cremonese,1.0,0.0,H,1.0,0.0,H,18.0,10.0,6.0,3.0,6.0,6.0,20.0,13.0,1.0,2.0,0.0,0.0,1.95,3.25,4.2
2526,13/12/2025,Parma,Lazio,0.0,1.0,A,0.0,0.0,D,19.0,15.0,5.0,5.0,4.0,4.0,14.0,8.0,2.0,1.0,0.0,2.0,3.6,3.3,2.1
2526,13/12/2025,Atalanta,Cagliari,2.0,1.0,H,1.0,0.0,H,17.0,8.0,8.0,1.0,5.0,4.0,13.0,15.0,1.0,2.0,0.0,0.0,1.33,5.0,9.5
2526,14/12/2025,Milan,Sassuolo,2.0,2.0,D,1.0,1.0,D,13.0,8.0,5.0,3.0,7.0,3.0,12.0,12.0,1.0,3.0,0.0,0.0,1.42,4.33,8.0
2526,14/12/2025,Fiorentina,Verona,1.0,2.0,A,0.0,1.0,A,20.0,13.0,4.0,3.0,9.0,4.0,10.0,22.0,1.0,5.0,0.0,0.0,1.8,3.4,4.75
2526,14/12/2025,Udinese,Napoli,1.0,0.0,H,0.0,0.0,D,18.0,7.0,5.0,0.0,1.0,3.0,16.0,9.0,1.0,0.0,0.0,0.0,4.5,3.4,1.85
2526,14/12/2025,Genoa,Inter,1.0,2.0,A,0.0,2.0,A,5.0,18.0,3.0,8.0,1.0,6.0,10.0,20.0,2.0,3.0,0.0,0.0,6.5,4.2,1.5
2526,14/12/2025,Bologna,Juventus,0.0,1.0,A,0.0,0.0,D,11.0,13.0,4.0,3.0,3.0,4.0,10.0,11.0,3.0,1.0,1.0,0.0,2.88,3.25,2.5
2526,15/12/2025,Roma,Como,1.0,0.0,H,0.0,0.0,D,14.0,13.0,4.0,1.0,6.0,3.0,16.0,8.0,3.0,3.0,0.0,0.0,2.1,3.3,3.6
2526,20/12/2025,Lazio,Cremonese,0.0,0.0,D,0.0,0.0,D,8.0,9.0,2.0,2.0,3.0,0.0,13.0,21.0,4.0,3.0,0.0,1.0,1.62,3.8,5.75
2526,20/12/2025,Juventus,Roma,2.0,1.0,H,1.0,0.0,H,13.0,14.0,9.0,5.0,2.0,4.0,14.0,13.0,2.0,3.0,0.0,0.0,1.95,3.2,4.33
2526,21/12/2025,Cagliari,Pisa,2.0,2.0,D,0.0,1.0,A,14.0,15.0,5.0,3.0,2.0,6.0,15.0,20.0,3.0,2.0,0.0,0.0,2.15,3.1,3.75
2526,21/12/2025,Sassuolo,Torino,0.0,1.0,A,0.0,0.0,D,7.0,10.0,1.0,5.0,2.0,3.0,15.0,17.0,3.0,1.0,0.0,0.0,2.3,3.2,3.3
2526,21/12/2025,Fiorentina,Udinese,5.0,1.0,H,3.0,0.0,H,20.0,11.0,7.0,4.0,1.0,4.0,10.0,8.0,3.0,1.0,0.0,1.0,2.2,3.3,3.4
2526,21/12/2025,Genoa,Atalanta,0.0,1.0,A,0.0,0.0,D,6.0,16.0,3.0,4.0,6.0,10.0,11.0,19.0,1.0,2.0,1.0,0.0,4.0,3.4,1.95
2526,27/12/2025,Parma,Fiorentina,1.0,0.0,H,0.0,0.0,D,13.0,23.0,2.0,4.0,5.0,6.0,10.0,15.0,2.0,2.0,0.0,0.0,3.5,3.0,2.25
2526,27/12/2025,Lecce,Como,0.0,3.0,A,0.0,1.0,A,11.0,12.0,5.0,6.0,4.0,6.0,10.0,23.0,2.0,4.0,0.0,0.0,4.75,3.3,1.8
2526,27/12/2025,Torino,Cagliari,1.0,2.0,A,1.0,1.0,D,19.0,9.0,10.0,4.0,6.0,2.0,14.0,13.0,3.0,0.0,0.0,0.0,1.91,3.2,4.2
2526,27/12/2025,Udinese,Lazio,1.0,1.0,D,0.0,0.0,D,15.0,14.0,4.0,2.0,5.0,6.0,19.0,14.0,3.0,4.0,0.0,0.0,3.1,3.0,2.45
2526,27/12/2025,Pisa,Juventus,0.0,2.0,A,0.0,0.0,D,8.0,15.0,0.0,7.0,2.0,8.0,10.0,12.0,4.0,1.0,0.0,0.0,7.5,4.5,1.4
2526,28/12/2025,Milan,Verona,3.0,0.0,H,1.0,0.0,H,11.0,9.0,5.0,1.0,7.0,3.0,5.0,15.0,0.0,1.0,0.0,0.0,1.38,4.75,8.5
2526,28/12/2025,Cremonese,Napoli,0.0,2.0,A,0.0,2.0,A,6.0,22.0,2.0,8.0,1.0,10.0,13.0,8.0,2.0,2.0,0.0,0.0,6.25,3.9,1.55
2526,28/12/2025,Bologna,Sassuolo,1.0,1.0,D,0.0,0.0,D,16.0,8.0,6.0,5.0,2.0,3.0,18.0,19.0,2.0,3.0,0.0,0.0,1.75,3.6,4.75
2526,28/12/2025,Atalanta,Inter,0.0,1.0,A,0.0,0.0,D,7.0,15.0,0.0,4.0,4.0,7.0,8.0,12.0,2.0,1.0,0.0,0.0,3.5,3.5,2.0
2526,29/12/2025,Roma,Genoa,3.0,1.0,H,3.0,0.0,H,16.0,10.0,8.0,2.0,6.0,1.0,13.0,13.0,0.0,1.0,0.0,0.0,1.6,3.6,6.25
2526,02/01/2026,Cagliari,Milan,0.0,1.0,A,0.0,0.0,D,6.0,11.0,1.0,4.0,6.0,7.0,10.0,8.0,2.0,1.0,0.0,0.0,6.0,3.9,1.6
2526,03/01/2026,Como,Udinese,1.0,0.0,H,1.0,0.0,H,15.0,4.0,3.0,1.0,3.0,2.0,12.0,15.0,1.0,3.0,0.0,0.0,1.73,3.8,4.75
2526,03/01/2026,Genoa,Pisa,1.0,1.0,D,1.0,1.0,D,12.0,10.0,4.0,2.0,2.0,7.0,9.0,17.0,1.0,3.0,0.0,0.0,1.9,3.1,4.75
2526,03/01/2026,Sassuolo,Parma,1.0,1.0,D,1.0,1.0,D,11.0,16.0,3.0,5.0,4.0,7.0,12.0,7.0,2.0,1.0,0.0,0.0,1.91,3.3,4.33
2526,03/01/2026,Juventus,Lecce,1.0,1.0,D,0.0,1.0,A,25.0,6.0,5.0,1.0,10.0,1.0,6.0,7.0,0.0,3.0,0.0,0.0,1.27,5.5,13.0
2526,03/01/2026,Atalanta,Roma,1.0,0.0,H,1.0,0.0,H,13.0,10.0,2.0,4.0,7.0,5.0,16.0,15.0,1.0,2.0,0.0,0.0,2.3,3.2,3.3
2526,04/01/2026,Lazio,Napoli,0.0,2.0,A,0.0,2.0,A,5.0,14.0,0.0,3.0,2.0,6.0,10.0,13.0,5.0,1.0,2.0,1.0,3.4,3.1,2.3
2526,04/01/2026,Fiorentina,Cremonese,1.0,0.0,H,0.0,0.0,D,22.0,6.0,8.0,2.0,7.0,3.0,10.0,19.0,1.0,2.0,0.0,0.0,1.8,3.4,5.0
2526,04/01/2026,Verona,Torino,0.0,3.0,A,0.0,1.0,A,7.0,21.0,3.0,5.0,4.0,7.0,13.0,7.0,0.0,2.0,0.0,0.0,2.7,3.0,2.9
2526,04/01/2026,Inter,Bologna,3.0,1.0,H,1.0,0.0,H,19.0,6.0,10.0,2.0,7.0,1.0,20.0,21.0,3.0,3.0,0.0,0.0,1.42,4.75,7.5
2526,06/01/2026,Pisa,Como,0.0,3.0,A,0.0,0.0,D,10.0,15.0,4.0,7.0,1.0,5.0,9.0,13.0,2.0,2.0,0.0,0.0,5.5,3.4,1.7
2526,06/01/2026,Lecce,Roma,0.0,2.0,A,0.0,1.0,A,6.0,10.0,1.0,3.0,2.0,2.0,10.0,20.0,3.0,1.0,0.0,0.0,5.25,3.5,1.73
2526,06/01/2026,Sassuolo,Juventus,0.0,3.0,A,0.0,1.0,A,7.0,17.0,2.0,10.0,5.0,5.0,3.0,12.0,0.0,0.0,0.0,0.0,5.0,3.9,1.67
2526,07/01/2026,Bologna,Atalanta,0.0,2.0,A,0.0,1.0,A,11.0,11.0,2.0,5.0,6.0,6.0,16.0,15.0,0.0,0.0,0.0,0.0,2.75,3.3,2.6
2526,07/01/2026,Napoli,Verona,2.0,2.0,D,0.0,2.0,A,15.0,11.0,4.0,4.0,6.0,1.0,7.0,15.0,0.0,3.0,0.0,0.0,1.36,5.5,7.5
2526,07/01/2026,Lazio,Fiorentina,2.0,2.0,D,0.0,0.0,D,17.0,8.0,9.0,5.0,8.0,2.0,11.0,15.0,3.0,5.0,0.0,0.0,2.4,3.1,3.2
2526,07/01/2026,Parma,Inter,0.0,2.0,A,0.0,1.0,A,4.0,26.0,0.0,8.0,1.0,3.0,4.0,20.0,0.0,3.0,0.0,0.0,7.5,5.0,1.4
2526,07/01/2026,Torino,Udinese,1.0,2.0,A,0.0,0.0,D,10.0,9.0,4.0,4.0,3.0,6.0,16.0,8.0,2.0,1.0,0.0,0.0,2.3,3.0,3.4
2526,08/01/2026,Cremonese,Cagliari,2.0,2.0,D,2.0,0.0,H,12.0,21.0,5.0,5.0,2.0,4.0,16.0,12.0,2.0,2.0,0.0,0.0,2.4,3.1,3.2
2526,08/01/2026,Milan,Genoa,1.0,1.0,D,0.0,1.0,A,32.0,7.0,8.0,2.0,12.0,1.0,12.0,8.0,4.0,1.0,0.0,0.0,1.44,4.5,7.5
2526,10/01/2026,Como,Bologna,1.0,1.0,D,0.0,0.0,D,12.0,7.0,3.0,2.0,4.0,2.0,14.0,3.0,3.0,3.0,0.0,1.0,1.95,3.3,4.2
2526,10/01/2026,Udinese,Pisa,2.0,2.0,D,2.0,1.0,H,11.0,14.0,2.0,7.0,3.0,8.0,13.0,16.0,1.0,4.0,0.0,0.0,1.83,3.4,4.6
2526,10/01/2026,Roma,Sassuolo,2.0,0.0,H,0.0,0.0,D,26.0,5.0,6.0,3.0,5.0,2.0,15.0,16.0,2.0,2.0,0.0,0.0,1.53,4.0,6.5
2526,10/01/2026,Atalanta,Torino,2.0,0.0,H,1.0,0.0,H,18.0,10.0,5.0,3.0,5.0,4.0,14.0,17.0,1.0,2.0,0.0,0.0,1.6,3.9,6.0
2526,11/01/2026,Lecce,Parma,1.0,2.0,A,1.0,0.0,H,10.0,12.0,1.0,2.0,3.0,3.0,16.0,17.0,3.0,1.0,2.0,0.0,2.75,3.0,2.88
2526,11/01/2026,Fiorentina,Milan,1.0,1.0,D,0.0,0.0,D,20.0,13.0,7.0,3.0,8.0,5.0,10.0,14.0,2.0,3.0,0.0,0.0,3.8,3.4,2.0
2526,11/01/2026,Verona,Lazio,0.0,1.0,A,0.0,0.0,D,10.0,11.0,2.0,2.0,2.0,1.0,12.0,7.0,2.0,1.0,0.0,0.0,3.4,3.0,2.35
2526,11/01/2026,Inter,Napoli,2.0,2.0,D,1.0,1.0,D,13.0,7.0,4.0,3.0,4.0,1.0,12.0,11.0,0.0,1.0,0.0,0.0,1.7,3.5,5.25
2526,12/01/2026,Genoa,Cagliari,3.0,0.0,H,1.0,0.0,H,11.0,15.0,7.0,3.0,2.0,3.0,17.0,20.0,2.0,5.0,0.0,0.0,2.1,3.0,4.2
2526,12/01/2026,Juventus,Cremonese,5.0,0.0,H,3.0,0.0,H,18.0,9.0,11.0,2.0,4.0,5.0,16.0,8.0,0.0,1.0,0.0,0.0,1.25,6.0,13.0
2526,14/01/2026,Napoli,Parma,0.0,0.0,D,0.0,0.0,D,16.0,4.0,4.0,1.0,7.0,1.0,11.0,12.0,1.0,3.0,0.0,0.0,1.3,5.25,10.5
2526,14/01/2026,Inter,Lecce,1.0,0.0,H,0.0,0.0,D,21.0,10.0,7.0,1.0,11.0,3.0,11.0,14.0,2.0,1.0,0.0,0.0,1.13,9.0,19.0
2526,15/01/2026,Verona,Bologna,2.0,3.0,A,1.0,3.0,A,15.0,14.0,5.0,5.0,4.0,5.0,13.0,14.0,1.0,2.0,0.0,0.0,3.6,3.3,2.1
2526,15/01/2026,Como,Milan,1.0,3.0,A,1.0,1.0,D,18.0,7.0,8.0,4.0,8.0,4.0,7.0,5.0,1.0,0.0,0.0,0.0,2.9,3.25,2.5
2526,16/01/2026,Pisa,Atalanta,1.0,1.0,D,0.0,0.0,D,14.0,9.0,6.0,4.0,10.0,1.0,12.0,11.0,1.0,2.0,0.0,0.0,6.5,3.9,1.55
2526,17/01/2026,Udinese,Inter,0.0,1.0,A,0.0,1.0,A,5.0,14.0,1.0,5.0,2.0,5.0,17.0,11.0,0.0,1.0,0.0,0.0,7.0,4.75,1.42
2526,17/01/2026,Napoli,Sassuolo,1.0,0.0,H,1.0,0.0,H,11.0,21.0,4.0,4.0,5.0,4.0,10.0,11.0,0.0,3.0,0.0,0.0,1.48,4.33,7.5
2526,17/01/2026,Cagliari,Juventus,1.0,0.0,H,0.0,0.0,D,3.0,21.0,1.0,5.0,1.0,18.0,16.0,12.0,0.0,1.0,0.0,0.0,6.25,4.2,1.5
2526,18/01/2026,Parma,Genoa,0.0,0.0,D,0.0,0.0,D,14.0,11.0,2.0,3.0,7.0,3.0,13.0,18.0,3.0,2.0,0.0,0.0,2.9,2.55,3.0
2526,18/01/2026,Bologna,Fiorentina,1.0,2.0,A,0.0,2.0,A,18.0,11.0,3.0,4.0,7.0,1.0,14.0,13.0,3.0,0.0,0.0,0.0,2.2,3.3,3.4
2526,18/01/2026,Torino,Roma,0.0,2.0,A,0.0,1.0,A,8.0,14.0,4.0,5.0,2.0,1.0,13.0,9.0,2.0,1.0,0.0,0.0,3.75,3.1,2.15
2526,18/01/2026,Milan,Lecce,1.0,0.0,H,0.0,0.0,D,20.0,4.0,6.0,0.0,10.0,2.0,9.0,11.0,1.0,1.0,0.0,0.0,1.29,5.0,13.0
2526,19/01/2026,Cremonese,Verona,0.0,0.0,D,0.0,0.0,D,7.0,11.0,1.0,4.0,3.0,6.0,13.0,13.0,3.0,0.0,0.0,0.0,2.63,2.9,3.1
2526,19/01/2026,Lazio,Como,0.0,3.0,A,0.0,2.0,A,8.0,11.0,4.0,6.0,3.0,2.0,14.0,9.0,4.0,3.0,0.0,0.0,2.7,2.9,3.0
2526,23/01/2026,Inter,Pisa,6.0,2.0,H,3.0,2.0,H,34.0,8.0,14.0,3.0,7.0,5.0,8.0,11.0,2.0,3.0,0.0,0.0,1.18,7.5,15.0
2526,24/01/2026,Como,Torino,6.0,0.0,H,2.0,0.0,H,17.0,7.0,7.0,1.0,2.0,1.0,9.0,15.0,0.0,1.0,0.0,0.0,1.62,3.75,6.0
2526,24/01/2026,Fiorentina,Cagliari,1.0,2.0,A,0.0,1.0,A,15.0,10.0,3.0,6.0,8.0,3.0,11.0,17.0,2.0,3.0,0.0,0.0,1.62,3.8,5.75
2526,24/01/2026,Lecce,Lazio,0.0,0.0,D,0.0,0.0,D,15.0,6.0,2.0,1.0,4.0,1.0,16.0,6.0,2.0,1.0,0.0,0.0,4.0,3.0,2.1
2526,25/01/2026,Sassuolo,Cremonese,1.0,0.0,H,1.0,0.0,H,13.0,10.0,7.0,4.0,3.0,5.0,13.0,14.0,1.0,2.0,0.0,0.0,1.91,3.4,4.2
2526,25/01/2026,Atalanta,Parma,4.0,0.0,H,2.0,0.0,H,21.0,15.0,9.0,2.0,6.0,9.0,14.0,8.0,1.0,0.0,0.0,0.0,1.42,4.5,7.5
2526,25/01/2026,Genoa,Bologna,3.0,2.0,H,0.0,1.0,A,8.0,13.0,6.0,3.0,5.0,2.0,14.0,17.0,2.0,2.0,0.0,1.0,3.0,3.0,2.6
2526,25/01/2026,Juventus,Napoli,3.0,0.0,H,1.0,0.0,H,12.0,9.0,6.0,1.0,2.0,2.0,21.0,11.0,1.0,2.0,0.0,0.0,2.05,3.2,4.0
2526,25/01/2026,Roma,Milan,1.0,1.0,D,0.0,0.0,D,15.0,5.0,7.0,2.0,5.0,3.0,15.0,11.0,0.0,4.0,0.0,0.0,2.63,3.1,2.88
2526,26/01/2026,Verona,Udinese,1.0,3.0,A,1.0,1.0,D,7.0,20.0,4.0,7.0,3.0,8.0,8.0,11.0,2.0,0.0,0.0,0.0,2.8,3.0,2.8
2526,30/01/2026,Lazio,Genoa,3.0,2.0,H,0.0,0.0,D,14.0,16.0,4.0,4.0,5.0,3.0,12.0,12.0,2.0,3.0,0.0,0.0,2.2,2.88,4.0
2526,31/01/2026,Pisa,Sassuolo,1.0,3.0,A,0.0,2.0,A,15.0,21.0,6.0,5.0,2.0,5.0,13.0,8.0,3.0,3.0,0.0,0.0,2.9,3.1,2.55
2526,31/01/2026,Napoli,Fiorentina,2.0,1.0,H,1.0,0.0,H,19.0,15.0,6.0,5.0,4.0,4.0,21.0,13.0,1.0,1.0,0.0,0.0,1.8,3.4,5.0
2526,31/01/2026,Cagliari,Verona,4.0,0.0,H,2.0,0.0,H,13.0,9.0,7.0,3.0,6.0,3.0,9.0,14.0,0.0,2.0,0.0,1.0,2.2,3.0,3.8
2526,01/02/2026,Torino,Lecce,1.0,0.0,H,1.0,0.0,H,17.0,14.0,5.0,2.0,3.0,8.0,14.0,12.0,2.0,2.0,0.0,0.0,1.95,3.1,4.5
2526,01/02/2026,Como,Atalanta,0.0,0.0,D,0.0,0.0,D,28.0,6.0,9.0,2.0,7.0,1.0,9.0,11.0,4.0,3.0,0.0,1.0,2.35,3.25,3.2
2526,01/02/2026,Cremonese,Inter,0.0,2.0,A,0.0,2.0,A,9.0,15.0,3.0,4.0,1.0,6.0,19.0,14.0,3.0,0.0,0.0,0.0,11.0,5.0,1.3
2526,01/02/2026,Parma,Juventus,1.0,4.0,A,0.0,2.0,A,10.0,15.0,4.0,8.0,5.0,3.0,10.0,13.0,1.0,3.0,0.0,0.0,7.5,4.33,1.45
2526,02/02/2026,Udinese,Roma,1.0,0.0,H,0.0,0.0,D,8.0,10.0,4.0,3.0,4.0,7.0,18.0,17.0,5.0,4.0,0.0,0.0,4.33,3.4,1.91
2526,03/02/2026,Bologna,Milan,0.0,3.0,A,0.0,2.0,A,13.0,10.0,2.0,3.0,5.0,0.0,14.0,10.0,3.0,0.0,0.0,0.0,2.9,3.25,2.5
2526,06/02/2026,Verona,Pisa,0.0,0.0,D,0.0,0.0,D,4.0,11.0,0.0,3.0,8.0,4.0,13.0,16.0,1.0,2.0,0.0,0.0,2.55,3.0,3.0
2526,07/02/2026,Genoa,Napoli,2.0,3.0,A,1.0,2.0,A,12.0,14.0,3.0,5.0,4.0,3.0,16.0,12.0,2.0,4.0,0.0,1.0,4.5,3.2,1.95
2526,07/02/2026,Fiorentina,Torino,2.0,2.0,D,0.0,1.0,A,21.0,12.0,5.0,4.0,9.0,4.0,6.0,23.0,2.0,5.0,0.0,0.0,1.75,3.75,4.75
2526,08/02/2026,Bologna,Parma,0.0,1.0,A,0.0,0.0,D,16.0,5.0,2.0,1.0,4.0,5.0,10.0,14.0,1.0,3.0,1.0,1.0,1.6,3.9,5.75
2526,08/02/2026,Lecce,Udinese,2.0,1.0,H,1.0,1.0,D,16.0,6.0,5.0,1.0,7.0,0.0,9.0,21.0,1.0,2.0,0.0,0.0,3.1,2.88,2.63
2526,08/02/2026,Sassuolo,Inter,0.0,5.0,A,0.0,2.0,A,7.0,23.0,2.0,11.0,5.0,6.0,6.0,10.0,2.0,1.0,1.0,0.0,7.5,4.5,1.44
2526,08/02/2026,Juventus,Lazio,2.0,2.0,D,0.0,1.0,A,34.0,9.0,8.0,2.0,8.0,1.0,10.0,4.0,0.0,2.0,0.0,0.0,1.48,4.2,7.5
2526,09/02/2026,Atalanta,Cremonese,2.0,1.0,H,2.0,0.0,H,29.0,12.0,9.0,2.0,13.0,2.0,11.0,11.0,2.0,0.0,0.0,0.0,1.36,5.0,8.5
2526,09/02/2026,Roma,Cagliari,2.0,0.0,H,1.0,0.0,H,15.0,3.0,5.0,1.0,7.0,1.0,18.0,14.0,2.0,4.0,0.0,0.0,1.48,4.1,7.5
2526,13/02/2026,Pisa,Milan,1.0,2.0,A,0.0,1.0,A,7.0,7.0,2.0,2.0,3.0,1.0,14.0,9.0,1.0,3.0,0.0,1.0,6.5,4.2,1.5
2526,14/02/2026,Como,Fiorentina,1.0,2.0,A,0.0,1.0,A,16.0,7.0,3.0,3.0,4.0,2.0,14.0,12.0,4.0,2.0,1.0,0.0,1.73,3.75,4.75
2526,14/02/2026,Lazio,Atalanta,0.0,2.0,A,0.0,1.0,A,18.0,12.0,5.0,5.0,5.0,4.0,10.0,16.0,1.0,4.0,0.0,0.0,3.5,3.25,2.15
2526,14/02/2026,Inter,Juventus,3.0,2.0,H,1.0,1.0,D,21.0,11.0,9.0,8.0,4.0,1.0,15.0,7.0,4.0,2.0,0.0,1.0,1.95,3.4,4.1
2526,15/02/2026,Udinese,Sassuolo,1.0,2.0,A,1.0,0.0,H,8.0,10.0,2.0,3.0,7.0,6.0,14.0,14.0,3.0,3.0,0.0,0.0,2.4,3.0,3.3
2526,15/02/2026,Cremonese,Genoa,0.0,0.0,D,0.0,0.0,D,19.0,19.0,8.0,6.0,6.0,11.0,10.0,12.0,2.0,0.0,0.0,0.0,3.2,3.0,2.45
2526,15/02/2026,Parma,Verona,2.0,1.0,H,1.0,1.0,D,27.0,4.0,8.0,1.0,12.0,1.0,7.0,14.0,2.0,1.0,0.0,1.0,2.3,3.0,3.5
2526,15/02/2026,Torino,Bologna,1.0,2.0,A,0.0,0.0,D,7.0,14.0,2.0,6.0,4.0,2.0,14.0,10.0,3.0,1.0,0.0,0.0,3.3,3.25,2.25
2526,15/02/2026,Napoli,Roma,2.0,2.0,D,1.0,1.0,D,11.0,9.0,7.0,2.0,2.0,1.0,14.0,14.0,1.0,1.0,0.0,0.0,2.3,3.0,3.5
2526,16/02/2026,Cagliari,Lecce,0.0,2.0,A,0.0,0.0,D,11.0,13.0,0.0,4.0,8.0,2.0,16.0,14.0,0.0,0.0,0.0,0.0,2.2,3.0,3.75
2526,18/02/2026,Milan,Como,1.0,1.0,D,0.0,1.0,A,6.0,10.0,4.0,4.0,4.0,4.0,11.0,12.0,2.0,3.0,0.0,0.0,2.25,3.3,3.25
2526,20/02/2026,Sassuolo,Verona,3.0,0.0,H,2.0,0.0,H,8.0,12.0,4.0,1.0,6.0,5.0,12.0,14.0,2.0,3.0,0.0,1.0,1.75,3.3,5.25
2526,21/02/2026,Juventus,Como,0.0,2.0,A,0.0,1.0,A,11.0,11.0,3.0,2.0,7.0,2.0,10.0,15.0,1.0,0.0,0.0,0.0,2.0,3.4,3.7
2526,21/02/2026,Lecce,Inter,0.0,2.0,A,0.0,0.0,D,3.0,24.0,0.0,9.0,2.0,10.0,10.0,8.0,1.0,2.0,0.0,0.0,7.0,4.33,1.48
2526,21/02/2026,Cagliari,Lazio,0.0,0.0,D,0.0,0.0,D,11.0,10.0,2.0,3.0,3.0,6.0,12.0,15.0,3.0,2.0,1.0,0.0,3.4,3.0,2.35
2526,22/02/2026,Genoa,Torino,3.0,0.0,H,2.0,0.0,H,16.0,7.0,5.0,3.0,1.0,3.0,9.0,14.0,0.0,1.0,0.0,1.0,2.25,3.0,3.6
2526,22/02/2026,Atalanta,Napoli,2.0,1.0,H,0.0,1.0,A,10.0,10.0,7.0,4.0,6.0,1.0,10.0,9.0,1.0,1.0,0.0,0.0,2.45,3.2,3.0
2526,22/02/2026,Milan,Parma,0.0,1.0,A,0.0,0.0,D,25.0,9.0,6.0,3.0,5.0,2.0,13.0,10.0,2.0,1.0,0.0,0.0,1.33,5.0,9.5
2526,22/02/2026,Roma,Cremonese,3.0,0.0,H,0.0,0.0,D,23.0,2.0,5.0,0.0,9.0,1.0,12.0,11.0,1.0,1.0,0.0,0.0,1.36,4.5,10.0
2526,23/02/2026,Fiorentina,Pisa,1.0,0.0,H,1.0,0.0,H,15.0,7.0,5.0,1.0,4.0,3.0,8.0,19.0,3.0,3.0,0.0,0.0,1.67,4.0,5.0
2526,23/02/2026,Bologna,Udinese,1.0,0.0,H,0.0,0.0,D,11.0,10.0,6.0,3.0,4.0,7.0,10.0,13.0,1.0,1.0,0.0,0.0,1.85,3.5,4.5
2526,27/02/2026,Parma,Cagliari,1.0,1.0,D,0.0,0.0,D,18.0,11.0,4.0,5.0,6.0,3.0,14.0,8.0,2.0,4.0,0.0,0.0,2.25,3.0,3.7
2526,28/02/2026,Como,Lecce,3.0,1.0,H,3.0,1.0,H,12.0,5.0,7.0,2.0,5.0,1.0,15.0,12.0,0.0,1.0,0.0,0.0,1.38,4.5,9.5
2526,28/02/2026,Verona,Napoli,1.0,2.0,A,0.0,1.0,A,8.0,9.0,2.0,5.0,2.0,5.0,11.0,11.0,3.0,4.0,0.0,0.0,7.5,4.0,1.5
2526,28/02/2026,Inter,Genoa,2.0,0.0,H,1.0,0.0,H,14.0,6.0,6.0,2.0,10.0,2.0,13.0,8.0,2.0,1.0,0.0,0.0,1.33,5.5,9.0
2526,01/03/2026,Cremonese,Milan,0.0,2.0,A,0.0,0.0,D,15.0,20.0,3.0,6.0,6.0,7.0,14.0,10.0,2.0,0.0,0.0,0.0,6.5,4.33,1.5
2526,01/03/2026,Sassuolo,Atalanta,2.0,1.0,H,1.0,0.0,H,7.0,26.0,5.0,7.0,3.0,9.0,3.0,13.0,2.0,2.0,1.0,0.0,3.8,3.6,1.95
2526,01/03/2026,Torino,Lazio,2.0,0.0,H,1.0,0.0,H,13.0,12.0,5.0,3.0,6.0,9.0,13.0,5.0,4.0,1.0,0.0,0.0,2.88,3.0,2.7
2526,01/03/2026,Roma,Juventus,3.0,3.0,D,1.0,0.0,H,11.0,13.0,5.0,5.0,4.0,1.0,7.0,12.0,1.0,0.0,0.0,0.0,2.63,3.1,2.88
2526,02/03/2026,Pisa,Bologna,0.0,1.0,A,0.0,0.0,D,6.0,8.0,3.0,1.0,7.0,4.0,15.0,11.0,0.0,2.0,0.0,0.0,4.2,3.2,2.0
2526,02/03/2026,Udinese,Fiorentina,3.0,0.0,H,1.0,0.0,H,10.0,10.0,7.0,0.0,5.0,2.0,16.0,12.0,1.0,4.0,0.0,0.0,3.25,3.2,2.35
2526,06/03/2026,Napoli,Torino,2.0,1.0,H,1.0,0.0,H,14.0,7.0,9.0,4.0,11.0,2.0,9.0,11.0,0.0,3.0,0.0,0.0,1.57,3.8,6.25
2526,07/03/2026,Cagliari,Como,1.0,2.0,A,0.0,1.0,A,8.0,8.0,3.0,2.0,2.0,3.0,17.0,18.0,3.0,1.0,0.0,0.0,5.75,4.0,1.57
2526,07/03/2026,Atalanta,Udinese,2.0,2.0,D,0.0,1.0,A,22.0,8.0,4.0,2.0,11.0,3.0,7.0,10.0,1.0,2.0,0.0,0.0,1.67,3.7,5.5
2526,07/03/2026,Juventus,Pisa,4.0,0.0,H,0.0,0.0,D,25.0,7.0,7.0,2.0,4.0,4.0,7.0,7.0,1.0,3.0,0.0,0.0,1.25,6.25,11.0
2526,08/03/2026,Lecce,Cremonese,2.0,1.0,H,2.0,0.0,H,9.0,10.0,3.0,5.0,4.0,4.0,19.0,27.0,1.0,4.0,0.0,1.0,2.1,3.0,4.0
2526,08/03/2026,Bologna,Verona,1.0,2.0,A,0.0,0.0,D,19.0,15.0,2.0,5.0,5.0,3.0,5.0,20.0,1.0,2.0,0.0,0.0,1.55,3.9,6.5
2526,08/03/2026,Fiorentina,Parma,0.0,0.0,D,0.0,0.0,D,12.0,8.0,1.0,0.0,7.0,1.0,12.0,14.0,2.0,0.0,0.0,0.0,1.7,3.6,5.25
2526,08/03/2026,Genoa,Roma,2.0,1.0,H,0.0,0.0,D,11.0,8.0,5.0,1.0,3.0,6.0,11.0,17.0,1.0,3.0,0.0,0.0,4.2,3.4,1.91
2526,08/03/2026,Milan,Inter,1.0,0.0,H,1.0,0.0,H,9.0,11.0,2.0,2.0,1.0,6.0,8.0,12.0,2.0,2.0,0.0,0.0,3.6,3.0,2.25
2526,09/03/2026,Lazio,Sassuolo,2.0,1.0,H,1.0,1.0,D,13.0,7.0,5.0,4.0,1.0,6.0,7.0,8.0,0.0,4.0,0.0,0.0,2.15,3.25,3.5
2526,13/03/2026,Torino,Parma,4.0,1.0,H,1.0,1.0,D,15.0,6.0,6.0,3.0,2.0,7.0,17.0,13.0,1.0,3.0,0.0,0.0,2.2,3.0,3.8
2526,14/03/2026,Inter,Atalanta,1.0,1.0,D,1.0,0.0,H,16.0,8.0,3.0,3.0,2.0,3.0,11.0,5.0,2.0,2.0,0.0,0.0,1.55,4.33,5.75
2526,14/03/2026,Napoli,Lecce,2.0,1.0,H,0.0,1.0,A,12.0,12.0,4.0,2.0,7.0,7.0,11.0,7.0,0.0,1.0,0.0,0.0,1.33,4.75,10.0
2526,14/03/2026,Udinese,Juventus,0.0,1.0,A,0.0,1.0,A,10.0,22.0,2.0,8.0,2.0,6.0,12.0,14.0,3.0,1.0,0.0,0.0,5.75,4.2,1.55
2526,15/03/2026,Verona,Genoa,0.0,2.0,A,0.0,0.0,D,8.0,11.0,1.0,3.0,4.0,2.0,22.0,9.0,2.0,1.0,0.0,0.0,3.25,3.0,2.4
2526,15/03/2026,Pisa,Cagliari,3.0,1.0,H,1.0,0.0,H,10.0,14.0,6.0,4.0,1.0,5.0,14.0,16.0,1.0,4.0,1.0,1.0,2.55,3.0,3.1
2526,15/03/2026,Sassuolo,Bologna,0.0,1.0,A,0.0,1.0,A,9.0,16.0,3.0,3.0,7.0,4.0,16.0,11.0,1.0,2.0,0.0,0.0,2.4,3.3,3.0
2526,15/03/2026,Como,Roma,2.0,1.0,H,0.0,1.0,A,22.0,3.0,7.0,1.0,7.0,1.0,16.0,18.0,2.0,3.0,0.0,1.0,2.1,3.3,3.6
2526,15/03/2026,Lazio,Milan,1.0,0.0,H,1.0,0.0,H,7.0,17.0,2.0,3.0,1.0,9.0,7.0,19.0,4.0,1.0,0.0,0.0,4.1,3.3,1.95
2526,16/03/2026,Cremonese,Fiorentina,1.0,4.0,A,0.0,2.0,A,13.0,13.0,3.0,6.0,4.0,6.0,17.0,16.0,1.0,0.0,0.0,0.0,3.9,3.6,1.91
2526,20/03/2026,Cagliari,Napoli,0.0,1.0,A,0.0,1.0,A,7.0,17.0,0.0,5.0,2.0,7.0,12.0,16.0,2.0,2.0,0.0,0.0,5.25,3.4,1.75
2526,20/03/2026,Genoa,Udinese,0.0,2.0,A,0.0,0.0,D,18.0,6.0,2.0,4.0,7.0,1.0,5.0,13.0,1.0,5.0,0.0,0.0,2.15,3.1,3.75
2526,21/03/2026,Parma,Cremonese,0.0,2.0,A,0.0,0.0,D,8.0,7.0,1.0,4.0,3.0,1.0,20.0,15.0,3.0,3.0,0.0,0.0,2.05,3.2,4.0
2526,21/03/2026,Milan,Torino,3.0,2.0,H,1.0,1.0,D,15.0,19.0,6.0,7.0,4.0,6.0,9.0,10.0,3.0,1.0,0.0,0.0,1.4,4.75,7.5
2526,21/03/2026,Juventus,Sassuolo,1.0,1.0,D,1.0,0.0,H,18.0,7.0,8.0,1.0,9.0,4.0,7.0,7.0,1.0,2.0,0.0,0.0,1.33,5.25,9.0
2526,22/03/2026,Como,Pisa,5.0,0.0,H,2.0,0.0,H,14.0,7.0,7.0,0.0,7.0,1.0,5.0,6.0,0.0,2.0,0.0,0.0,1.25,6.0,11.0
2526,22/03/2026,Atalanta,Verona,1.0,0.0,H,1.0,0.0,H,11.0,12.0,3.0,3.0,2.0,4.0,12.0,16.0,1.0,3.0,0.0,0.0,1.38,4.75,8.5
2526,22/03/2026,Bologna,Lazio,0.0,2.0,A,0.0,0.0,D,15.0,9.0,4.0,5.0,2.0,1.0,13.0,8.0,1.0,1.0,0.0,0.0,2.35,3.0,3.4
2526,22/03/2026,Roma,Lecce,1.0,0.0,H,0.0,0.0,D,14.0,8.0,2.0,3.0,10.0,2.0,14.0,17.0,2.0,2.0,0.0,0.0,1.53,3.75,8.0
2526,22/03/2026,Fiorentina,Inter,1.0,1.0,D,0.0,1.0,A,16.0,12.0,6.0,4.0,3.0,5.0,16.0,12.0,3.0,3.0,0.0,0.0,5.0,4.33,1.62
2526,04/04/2026,Sassuolo,Cagliari,2.0,1.0,H,0.0,1.0,A,9.0,11.0,2.0,3.0,2.0,2.0,14.0,11.0,1.0,0.0,0.0,0.0,1.95,3.1,4.5
2526,04/04/2026,Verona,Fiorentina,0.0,1.0,A,0.0,0.0,D,21.0,5.0,8.0,1.0,9.0,1.0,15.0,7.0,3.0,1.0,1.0,1.0,4.2,3.5,1.9
2526,04/04/2026,Lazio,Parma,1.0,1.0,D,0.0,1.0,A,7.0,7.0,3.0,4.0,7.0,2.0,12.0,8.0,1.0,2.0,0.0,0.0,1.8,3.4,5.0
2526,05/04/2026,Cremonese,Bologna,1.0,2.0,A,0.0,2.0,A,9.0,14.0,3.0,7.0,2.0,4.0,15.0,15.0,2.0,3.0,1.0,1.0,3.6,3.4,2.05
2526,05/04/2026,Pisa,Torino,0.0,1.0,A,0.0,0.0,D,7.0,13.0,1.0,2.0,1.0,2.0,12.0,12.0,1.0,0.0,0.0,0.0,3.2,3.0,2.45
2526,05/04/2026,Inter,Roma,5.0,2.0,H,2.0,1.0,H,17.0,9.0,9.0,3.0,7.0,4.0,11.0,10.0,0.0,1.0,0.0,0.0,1.67,4.0,5.25
2526,06/04/2026,Udinese,Como,0.0,0.0,D,0.0,0.0,D,14.0,12.0,4.0,4.0,6.0,2.0,10.0,12.0,2.0,3.0,0.0,0.0,5.0,3.75,1.7
2526,06/04/2026,Lecce,Atalanta,0.0,3.0,A,0.0,1.0,A,11.0,16.0,0.0,6.0,2.0,5.0,10.0,18.0,0.0,2.0,0.0,0.0,5.0,3.75,1.75
2526,06/04/2026,Juventus,Genoa,2.0,0.0,H,2.0,0.0,H,16.0,12.0,5.0,3.0,5.0,5.0,10.0,8.0,4.0,1.0,0.0,0.0,1.38,4.5,9.5
2526,06/04/2026,Napoli,Milan,1.0,0.0,H,0.0,0.0,D,10.0,7.0,3.0,1.0,4.0,3.0,7.0,6.0,2.0,0.0,0.0,0.0,2.55,3.0,3.0
2526,10/04/2026,Roma,Pisa,3.0,0.0,H,2.0,0.0,H,8.0,9.0,3.0,5.0,1.0,3.0,11.0,12.0,1.0,1.0,0.0,0.0,1.33,5.0,9.0
2526,11/04/2026,Cagliari,Cremonese,1.0,0.0,H,0.0,0.0,D,17.0,5.0,5.0,2.0,6.0,5.0,9.0,17.0,1.0,1.0,0.0,0.0,2.15,3.1,3.6
2526,11/04/2026,Torino,Verona,2.0,1.0,H,1.0,1.0,D,11.0,18.0,2.0,4.0,3.0,6.0,13.0,17.0,1.0,4.0,0.0,0.0,1.9,3.3,4.33
2526,11/04/2026,Milan,Udinese,0.0,3.0,A,0.0,2.0,A,20.0,12.0,3.0,6.0,4.0,3.0,9.0,14.0,1.0,1.0,0.0,0.0,1.42,4.5,8.0
2526,11/04/2026,Atalanta,Juventus,0.0,1.0,A,0.0,0.0,D,22.0,7.0,3.0,2.0,13.0,2.0,7.0,11.0,1.0,3.0,0.0,0.0,3.1,3.3,2.35
2526,12/04/2026,Genoa,Sassuolo,2.0,1.0,H,1.0,0.0,H,14.0,15.0,7.0,6.0,5.0,3.0,9.0,14.0,2.0,3.0,1.0,1.0,2.15,3.3,3.5
2526,12/04/2026,Parma,Napoli,1.0,1.0,D,1.0,0.0,H,3.0,20.0,2.0,6.0,3.0,7.0,4.0,8.0,1.0,0.0,0.0,0.0,6.0,3.8,1.6
2526,12/04/2026,Bologna,Lecce,2.0,0.0,H,1.0,0.0,H,12.0,6.0,4.0,1.0,8.0,6.0,15.0,19.0,0.0,2.0,0.0,0.0,1.8,3.4,4.75
2526,12/04/2026,Como,Inter,3.0,4.0,A,2.0,1.0,H,24.0,7.0,8.0,5.0,1.0,1.0,12.0,17.0,3.0,7.0,0.0,0.0,3.1,3.5,2.25
2526,13/04/2026,Fiorentina,Lazio,1.0,0.0,H,1.0,0.0,H,8.0,13.0,2.0,6.0,5.0,6.0,10.0,10.0,3.0,2.0,0.0,0.0,2.25,3.2,3.4
2526,17/04/2026,Sassuolo,Como,2.0,1.0,H,2.0,1.0,H,11.0,12.0,4.0,3.0,5.0,8.0,14.0,11.0,3.0,3.0,0.0,0.0,5.75,4.33,1.53
2526,17/04/2026,Inter,Cagliari,3.0,0.0,H,0.0,0.0,D,18.0,10.0,5.0,1.0,4.0,9.0,17.0,6.0,0.0,2.0,0.0,0.0,1.25,6.0,12.0
2526,18/04/2026,Udinese,Parma,0.0,1.0,A,0.0,0.0,D,16.0,10.0,3.0,1.0,10.0,5.0,11.0,8.0,2.0,0.0,0.0,0.0,2.15,3.0,3.9
2526,18/04/2026,Napoli,Lazio,0.0,2.0,A,0.0,1.0,A,12.0,14.0,0.0,7.0,12.0,0.0,11.0,9.0,1.0,3.0,0.0,0.0,1.53,3.9,7.0
2526,18/04/2026,Roma,Atalanta,1.0,1.0,D,1.0,1.0,D,19.0,8.0,9.0,2.0,7.0,6.0,4.0,14.0,1.0,2.0,0.0,0.0,2.45,3.25,2.9
2526,19/04/2026,Cremonese,Torino,0.0,0.0,D,0.0,0.0,D,14.0,4.0,4.0,1.0,6.0,1.0,11.0,12.0,0.0,3.0,0.0,0.0,2.88,3.1,2.6
2526,19/04/2026,Verona,Milan,0.0,1.0,A,0.0,1.0,A,13.0,6.0,2.0,3.0,6.0,1.0,13.0,6.0,2.0,0.0,0.0,0.0,6.25,3.9,1.57
2526,19/04/2026,Pisa,Genoa,1.0,2.0,A,1.0,1.0,D,12.0,13.0,4.0,5.0,5.0,5.0,21.0,16.0,3.0,1.0,0.0,0.0,3.25,3.1,2.35
2526,19/04/2026,Juventus,Bologna,2.0,0.0,H,1.0,0.0,H,14.0,7.0,4.0,0.0,6.0,1.0,10.0,5.0,1.0,0.0,0.0,0.0,1.5,4.5,6.5
2526,20/04/2026,Lecce,Fiorentina,1.0,1.0,D,0.0,1.0,A,14.0,5.0,4.0,3.0,5.0,2.0,8.0,13.0,2.0,4.0,0.0,0.0,3.4,3.4,2.15
2526,24/04/2026,Napoli,Cremonese,4.0,0.0,H,3.0,0.0,H,25.0,7.0,9.0,4.0,7.0,5.0,7.0,11.0,0.0,0.0,0.0,0.0,1.33,5.25,9.0
2526,25/04/2026,Parma,Pisa,1.0,0.0,H,0.0,0.0,D,15.0,12.0,5.0,3.0,7.0,4.0,10.0,19.0,1.0,2.0,0.0,0.0,2.1,3.2,3.8
2526,25/04/2026,Bologna,Roma,0.0,2.0,A,0.0,2.0,A,10.0,7.0,2.0,2.0,7.0,7.0,10.0,16.0,0.0,3.0,0.0,0.0,3.1,3.2,2.4
2526,25/04/2026,Verona,Lecce,0.0,0.0,D,0.0,0.0,D,6.0,12.0,3.0,2.0,2.0,4.0,15.0,19.0,2.0,5.0,0.0,0.0,2.7,3.0,2.88
2526,26/04/2026,Fiorentina,Sassuolo,0.0,0.0,D,0.0,0.0,D,22.0,11.0,5.0,1.0,7.0,4.0,13.0,12.0,2.0,1.0,0.0,0.0,1.91,3.3,4.33
2526,26/04/2026,Genoa,Como,0.0,2.0,A,0.0,1.0,A,9.0,8.0,1.0,2.0,2.0,3.0,12.0,15.0,1.0,3.0,0.0,0.0,4.5,3.8,1.75
2526,26/04/2026,Torino,Inter,2.0,2.0,D,0.0,1.0,A,14.0,14.0,2.0,5.0,5.0,5.0,10.0,8.0,1.0,2.0,0.0,0.0,7.5,5.0,1.4
2526,26/04/2026,Milan,Juventus,0.0,0.0,D,0.0,0.0,D,8.0,10.0,1.0,5.0,1.0,3.0,12.0,8.0,2.0,3.0,0.0,0.0,3.1,3.1,2.45
2526,27/04/2026,Cagliari,Atalanta,3.0,2.0,H,2.0,2.0,D,9.0,12.0,4.0,6.0,4.0,6.0,8.0,11.0,0.0,0.0,0.0,0.0,4.5,3.6,1.8
2526,27/04/2026,Lazio,Udinese,3.0,3.0,D,0.0,1.0,A,13.0,16.0,5.0,7.0,4.0,5.0,17.0,14.0,3.0,1.0,0.0,0.0,1.95,3.3,4.2
2526,01/05/2026,Pisa,Lecce,1.0,2.0,A,0.0,0.0,D,17.0,7.0,7.0,4.0,6.0,1.0,15.0,13.0,4.0,2.0,0.0,0.0,3.5,3.0,2.3
2526,02/05/2026,Udinese,Torino,2.0,0.0,H,1.0,0.0,H,19.0,9.0,8.0,1.0,5.0,2.0,11.0,18.0,1.0,1.0,0.0,0.0,2.3,3.2,3.3
2526,02/05/2026,Como,Napoli,0.0,0.0,D,0.0,0.0,D,16.0,8.0,5.0,1.0,3.0,2.0,11.0,10.0,1.0,1.0,0.0,0.0,2.25,3.3,3.3
2526,02/05/2026,Atalanta,Genoa,0.0,0.0,D,0.0,0.0,D,21.0,7.0,7.0,2.0,6.0,2.0,14.0,10.0,2.0,1.0,0.0,0.0,1.57,4.1,5.75
2526,03/05/2026,Bologna,Cagliari,0.0,0.0,D,0.0,0.0,D,13.0,8.0,4.0,2.0,7.0,2.0,13.0,12.0,2.0,1.0,0.0,0.0,1.8,3.5,4.75
2526,03/05/2026,Sassuolo,Milan,2.0,0.0,H,1.0,0.0,H,13.0,7.0,4.0,1.0,2.0,3.0,16.0,16.0,4.0,4.0,0.0,1.0,4.5,4.1,1.73
2526,03/05/2026,Juventus,Verona,1.0,1.0,D,0.0,1.0,A,29.0,7.0,7.0,3.0,14.0,1.0,9.0,19.0,1.0,4.0,0.0,0.0,1.22,6.5,12.0
2526,03/05/2026,Inter,Parma,2.0,0.0,H,1.0,0.0,H,12.0,4.0,5.0,0.0,8.0,3.0,9.0,7.0,1.0,0.0,0.0,0.0,1.22,6.0,13.0
2526,04/05/2026,Cremonese,Lazio,1.0,2.0,A,1.0,0.0,H,13.0,8.0,5.0,3.0,3.0,3.0,16.0,13.0,1.0,2.0,0.0,0.0,2.9,3.25,2.5
2526,04/05/2026,Roma,Fiorentina,4.0,0.0,H,3.0,0.0,H,14.0,4.0,7.0,1.0,4.0,5.0,12.0,10.0,2.0,2.0,0.0,0.0,1.62,4.2,5.0
2526,08/05/2026,Torino,Sassuolo,2.0,1.0,H,0.0,0.0,D,18.0,13.0,4.0,7.0,7.0,5.0,13.0,9.0,4.0,2.0,0.0,0.0,2.6,3.2,2.8
2526,09/05/2026,Cagliari,Udinese,0.0,2.0,A,0.0,0.0,D,22.0,9.0,5.0,6.0,8.0,4.0,10.0,13.0,1.0,1.0,0.0,0.0,2.5,3.2,2.9
2526,09/05/2026,Lazio,Inter,0.0,3.0,A,0.0,2.0,A,9.0,14.0,5.0,5.0,5.0,1.0,10.0,8.0,2.0,1.0,1.0,0.0,4.5,3.7,1.8
2526,09/05/2026,Lecce,Juventus,0.0,1.0,A,0.0,1.0,A,8.0,15.0,3.0,6.0,1.0,7.0,7.0,18.0,1.0,1.0,0.0,0.0,6.25,4.5,1.45
2526,10/05/2026,Verona,Como,0.0,1.0,A,0.0,0.0,D,11.0,11.0,3.0,4.0,7.0,7.0,17.0,14.0,1.0,1.0,0.0,0.0,8.0,4.75,1.38
2526,10/05/2026,Cremonese,Pisa,3.0,0.0,H,1.0,0.0,H,10.0,0.0,6.0,0.0,7.0,1.0,10.0,12.0,0.0,4.0,0.0,2.0,1.7,3.75,5.0
2526,10/05/2026,Fiorentina,Genoa,0.0,0.0,D,0.0,0.0,D,13.0,9.0,1.0,3.0,4.0,3.0,13.0,14.0,0.0,0.0,0.0,0.0,2.1,3.4,3.6
2526,10/05/2026,Parma,Roma,2.0,3.0,A,0.0,1.0,A,11.0,15.0,3.0,7.0,3.0,6.0,14.0,8.0,4.0,0.0,1.0,0.0,6.25,4.1,1.53
2526,10/05/2026,Milan,Atalanta,2.0,3.0,A,0.0,2.0,A,20.0,9.0,9.0,5.0,2.0,2.0,8.0,17.0,3.0,3.0,0.0,0.0,2.1,3.3,3.5
2526,11/05/2026,Napoli,Bologna,2.0,3.0,A,1.0,2.0,A,14.0,10.0,5.0,4.0,7.0,1.0,10.0,12.0,1.0,4.0,0.0,0.0,1.53,4.2,6.0
2526,17/05/2026,Como,Parma,1.0,0.0,H,0.0,0.0,D,23.0,2.0,7.0,2.0,15.0,2.0,10.0,14.0,2.0,0.0,0.0,0.0,1.25,5.25,12.0
2526,17/05/2026,Genoa,Milan,1.0,2.0,A,0.0,0.0,D,11.0,8.0,2.0,6.0,4.0,4.0,8.0,19.0,2.0,3.0,0.0,0.0,4.5,3.7,1.7
2526,17/05/2026,Juventus,Fiorentina,0.0,2.0,A,0.0,1.0,A,26.0,10.0,9.0,4.0,6.0,2.0,15.0,12.0,1.0,3.0,0.0,1.0,1.33,5.0,8.5
2526,17/05/2026,Pisa,Napoli,0.0,3.0,A,0.0,2.0,A,4.0,10.0,2.0,5.0,1.0,6.0,13.0,8.0,2.0,2.0,0.0,0.0,9.0,4.5,1.36
2526,17/05/2026,Roma,Lazio,2.0,0.0,H,1.0,0.0,H,16.0,6.0,7.0,2.0,8.0,3.0,15.0,17.0,2.0,3.0,1.0,1.0,1.53,4.0,5.75
2526,17/05/2026,Inter,Verona,1.0,1.0,D,0.0,0.0,D,17.0,14.0,6.0,5.0,10.0,2.0,9.0,12.0,0.0,2.0,0.0,0.0,1.2,8.0,9.0
2526,17/05/2026,Atalanta,Bologna,0.0,1.0,A,0.0,0.0,D,10.0,10.0,1.0,5.0,2.0,5.0,17.0,6.0,1.0,1.0,0.0,0.0,1.62,4.2,4.75
2526,17/05/2026,Cagliari,Torino,2.0,1.0,H,2.0,1.0,H,13.0,10.0,4.0,3.0,5.0,1.0,8.0,13.0,1.0,1.0,0.0,0.0,2.3,3.1,3.2
2526,17/05/2026,Sassuolo,Lecce,2.0,3.0,A,1.0,2.0,A,15.0,11.0,6.0,6.0,2.0,8.0,7.0,13.0,1.0,4.0,0.0,0.0,2.7,3.2,2.63
2526,17/05/2026,Udinese,Cremonese,0.0,1.0,A,0.0,1.0,A,10.0,7.0,2.0,4.0,5.0,5.0,10.0,9.0,1.0,3.0,0.0,0.0,2.3,3.3,3.0
2526,22/05/2026,Fiorentina,Atalanta,1.0,1.0,D,1.0,0.0,H,11.0,21.0,4.0,6.0,3.0,3.0,11.0,14.0,0.0,2.0,0.0,0.0,2.7,3.5,2.55
2526,23/05/2026,Bologna,Inter,3.0,3.0,D,2.0,1.0,H,11.0,11.0,3.0,5.0,1.0,4.0,15.0,14.0,0.0,2.0,0.0,0.0,3.1,3.6,2.2
2526,23/05/2026,Lazio,Pisa,2.0,1.0,H,2.0,1.0,H,15.0,8.0,9.0,2.0,5.0,1.0,9.0,8.0,2.0,1.0,0.0,0.0,1.55,4.2,6.0
2526,24/05/2026,Parma,Sassuolo,1.0,0.0,H,0.0,0.0,D,16.0,6.0,3.0,1.0,1.0,1.0,10.0,14.0,2.0,2.0,0.0,0.0,2.7,3.4,2.63
2526,24/05/2026,Napoli,Udinese,1.0,0.0,H,1.0,0.0,H,14.0,10.0,6.0,3.0,3.0,3.0,3.0,13.0,0.0,3.0,0.0,1.0,1.48,4.0,8.0
2526,24/05/2026,Cremonese,Como,1.0,4.0,A,0.0,1.0,A,6.0,15.0,1.0,6.0,2.0,4.0,14.0,12.0,4.0,2.0,3.0,0.0,5.25,4.33,1.57
2526,24/05/2026,Lecce,Genoa,1.0,0.0,H,1.0,0.0,H,9.0,8.0,4.0,1.0,1.0,6.0,11.0,6.0,2.0,0.0,0.0,0.0,1.75,3.5,5.0
2526,24/05/2026,Milan,Cagliari,1.0,2.0,A,1.0,1.0,D,16.0,25.0,3.0,10.0,5.0,5.0,8.0,9.0,2.0,2.0,0.0,0.0,1.29,5.5,11.0
2526,24/05/2026,Torino,Juventus,2.0,2.0,D,0.0,1.0,A,12.0,17.0,5.0,4.0,6.0,6.0,10.0,10.0,1.0,2.0,0.0,0.0,7.5,4.5,1.42
2526,24/05/2026,Verona,Roma,0.0,2.0,A,0.0,0.0,D,8.0,19.0,3.0,7.0,6.0,6.0,12.0,10.0,3.0,1.0,1.0,0.0,10.0,5.5,1.3
