MatchDate,Season,Team,Opponent,Venue,Shots,GoalsFor,GoalsAgainst,Result,RedCard
01/04/07,607,Ascoli,Empoli,Away,4.0,1.0,4.0,H,1.0
01/10/06,607,Ascoli,Udinese,Away,4.0,0.0,0.0,D,0.0
02/04/06,506,Ascoli,Palermo,Away,2.0,1.0,1.0,D,0.0
02/05/07,607,Ascoli,Catania,Away,6.0,3.0,3.0,D,0.0
02/10/05,506,Ascoli,Parma,Home,6.0,3.0,1.0,H,0.0
03/03/07,607,Ascoli,Roma,Home,1.0,1.0,1.0,D,0.0
03/12/05,506,Ascoli,Inter,Away,3.0,0.0,1.0,H,0.0
03/12/06,607,Ascoli,Catania,Home,4.0,2.0,2.0,D,0.0
04/02/06,506,Ascoli,Siena,Away,5.0,1.0,1.0,D,0.0
05/03/06,506,Ascoli,Udinese,Away,3.0,1.0,1.0,D,1.0
05/11/06,607,Ascoli,Inter,Away,4.0,0.0,2.0,H,0.0
06/05/07,607,Ascoli,Torino,Away,1.0,0.0,1.0,H,0.0
06/11/05,506,Ascoli,Fiorentina,Home,3.0,0.0,2.0,A,0.0
07/04/07,607,Ascoli,Fiorentina,Away,4.0,0.0,4.0,H,0.0
07/05/06,506,Ascoli,Lazio,Home,5.0,1.0,4.0,A,0.0
08/01/06,506,Ascoli,Lazio,Away,5.0,1.0,4.0,H,0.0
08/02/06,506,Ascoli,Livorno,Home,6.0,0.0,0.0,D,0.0
08/04/06,506,Ascoli,Inter,Home,3.0,1.0,2.0,A,0.0
09/12/06,607,Ascoli,Reggina,Away,4.0,1.0,2.0,H,0.0
10/09/06,607,Ascoli,Atalanta,Away,2.0,1.0,3.0,H,0.0
11/02/07,607,Ascoli,Sampdoria,Away,2.0,0.0,2.0,H,1.0
11/03/07,607,Ascoli,Siena,Away,5.0,1.0,0.0,A,0.0
11/09/05,506,Ascoli,Lecce,Away,4.0,0.0,0.0,D,1.0
11/12/05,506,Ascoli,Reggina,Home,5.0,1.0,1.0,D,0.0
12/02/06,506,Ascoli,Parma,Away,7.0,0.0,0.0,D,0.0
12/03/06,506,Ascoli,Roma,Home,8.0,3.0,2.0,H,0.0
12/11/06,607,Ascoli,Empoli,Home,7.0,0.0,1.0,A,0.0
13/05/07,607,Ascoli,Palermo,Home,7.0,3.0,2.0,H,0.0
14/01/07,607,Ascoli,Cagliari,Away,4.0,0.0,1.0,H,0.0
14/05/06,506,Ascoli,Empoli,Away,4.0,2.0,1.0,A,0.0
15/01/06,506,Ascoli,Empoli,Home,7.0,3.0,1.0,H,0.0
15/04/06,506,Ascoli,Reggina,Away,0.0,0.0,2.0,H,0.0
15/04/07,607,Ascoli,Lazio,Home,10.0,2.0,2.0,D,0.0
15/10/06,607,Ascoli,Livorno,Home,4.0,0.0,2.0,A,0.0
16/10/05,506,Ascoli,Sampdoria,Home,9.0,2.0,1.0,H,0.0
17/09/06,607,Ascoli,Messina,Home,4.0,1.0,1.0,D,0.0
17/12/06,607,Ascoli,Torino,Home,1.0,0.0,2.0,A,1.0
18/01/06,506,Ascoli,Milan,Away,2.0,0.0,1.0,H,0.0
18/02/07,607,Ascoli,Udinese,Home,7.0,2.0,2.0,D,0.0
18/03/07,607,Ascoli,Inter,Home,6.0,1.0,2.0,A,0.0
18/04/07,607,Ascoli,Milan,Home,3.0,2.0,5.0,A,0.0
18/09/05,506,Ascoli,Juventus,Away,5.0,1.0,2.0,H,0.0
18/12/05,506,Ascoli,Cagliari,Away,6.0,1.0,2.0,H,0.0
19/02/06,506,Ascoli,Sampdoria,Away,8.0,2.0,1.0,A,0.0
19/03/06,506,Ascoli,Fiorentina,Away,3.0,1.0,3.0,H,1.0
19/11/06,607,Ascoli,Fiorentina,Home,3.0,1.0,1.0,D,0.0
20/01/07,607,Ascoli,Atalanta,Home,3.0,1.0,3.0,A,0.0
20/05/07,607,Ascoli,Chievo,Away,2.0,0.0,1.0,H,0.0
20/09/06,607,Ascoli,Milan,Away,6.0,0.0,1.0,H,0.0
20/11/05,506,Ascoli,Chievo,Away,4.0,1.0,1.0,D,0.0
20/12/06,607,Ascoli,Palermo,Away,4.0,0.0,4.0,H,0.0
21/09/05,506,Ascoli,Siena,Home,2.0,1.0,1.0,D,0.0
21/12/05,506,Ascoli,Treviso,Home,3.0,1.0,0.0,H,1.0
22/01/06,506,Ascoli,Lecce,Home,5.0,2.0,0.0,H,1.0
22/04/06,506,Ascoli,Cagliari,Home,7.0,2.0,2.0,D,1.0
22/10/05,506,Ascoli,Messina,Away,2.0,1.0,1.0,D,1.0
22/10/06,607,Ascoli,Parma,Away,6.0,0.0,1.0,H,0.0
23/12/06,607,Ascoli,Chievo,Home,7.0,3.0,0.0,H,0.0
24/09/06,607,Ascoli,Sampdoria,Home,5.0,1.0,1.0,D,0.0
25/02/07,607,Ascoli,Livorno,Away,3.0,0.0,0.0,D,0.0
25/09/05,506,Ascoli,Livorno,Away,2.0,0.0,2.0,H,1.0
25/10/06,607,Ascoli,Roma,Away,3.0,2.0,2.0,D,0.0
26/02/06,506,Ascoli,Messina,Home,7.0,1.0,0.0,H,0.0
26/03/06,506,Ascoli,Chievo,Home,4.0,2.0,2.0,D,0.0
26/10/05,506,Ascoli,Udinese,Home,4.0,1.0,1.0,D,0.0
26/11/06,607,Ascoli,Lazio,Away,4.0,1.0,3.0,H,0.0
27/05/07,607,Ascoli,Cagliari,Home,5.0,2.0,1.0,H,1.0
27/11/05,506,Ascoli,Palermo,Home,3.0,1.0,1.0,D,0.0
28/01/07,607,Ascoli,Messina,Away,7.0,2.0,1.0,A,1.0
28/02/07,607,Ascoli,Parma,Home,1.0,0.0,0.0,D,1.0
28/08/05,506,Ascoli,Milan,Home,3.0,1.0,1.0,D,0.0
29/01/06,506,Ascoli,Juventus,Home,4.0,1.0,3.0,A,0.0
29/04/07,607,Ascoli,Reggina,Home,4.0,2.0,3.0,A,1.0
29/10/06,607,Ascoli,Siena,Home,5.0,0.0,1.0,A,1.0
30/04/06,506,Ascoli,Treviso,Away,9.0,2.0,2.0,D,0.0
30/10/05,506,Ascoli,Roma,Away,5.0,1.0,2.0,H,0.0
01/02/09,809,Atalanta,Catania,Home,7.0,1.0,0.0,H,0.0
01/02/15,1415,Atalanta,Cagliari,Home,6.0,2.0,1.0,H,0.0
01/02/2025,2425,Atalanta,Torino,Home,10.0,1.0,1.0,D,0.0
01/02/2026,2526,Atalanta,Como,Away,2.0,0.0,0.0,D,1.0
01/03/09,809,Atalanta,Chievo,Home,1.0,0.0,2.0,A,1.0
01/03/15,1415,Atalanta,Sampdoria,Home,3.0,1.0,2.0,A,0.0
01/03/2020,1920,Atalanta,Lecce,Away,11.0,7.0,2.0,A,0.0
01/03/2025,2425,Atalanta,Venezia,Home,3.0,0.0,0.0,D,0.0
01/03/2026,2526,Atalanta,Sassuolo,Away,7.0,1.0,2.0,H,0.0
01/04/07,607,Atalanta,Fiorentina,Home,8.0,2.0,2.0,D,0.0
01/04/12,1112,Atalanta,Cagliari,Away,7.0,0.0,2.0,H,0.0
01/04/2023,2223,Atalanta,Cremonese,Away,4.0,3.0,1.0,A,0.0
01/08/2020,1920,Atalanta,Inter,Home,3.0,0.0,2.0,A,0.0
01/09/13,1314,Atalanta,Torino,Home,3.0,2.0,0.0,H,0.0
01/09/2019,1920,Atalanta,Torino,Home,12.0,2.0,3.0,A,0.0
01/09/2022,2223,Atalanta,Torino,Home,5.0,3.0,1.0,H,0.0
01/10/11,1112,Atalanta,Roma,Away,2.0,1.0,3.0,H,0.0
01/10/17,1718,Atalanta,Juventus,Home,3.0,2.0,2.0,D,0.0
01/10/2023,2324,Atalanta,Juventus,Home,2.0,0.0,0.0,D,0.0
01/11/09,910,Atalanta,Cagliari,Away,1.0,0.0,3.0,H,0.0
01/11/15,1516,Atalanta,Bologna,Away,2.0,0.0,3.0,H,0.0
01/11/2025,2526,Atalanta,Udinese,Away,0.0,0.0,1.0,H,0.0
01/12/13,1314,Atalanta,Roma,Home,3.0,1.0,1.0,D,0.0
02/02/14,1314,Atalanta,Napoli,Home,3.0,3.0,0.0,H,0.0
02/02/2020,1920,Atalanta,Genoa,Home,10.0,2.0,2.0,D,0.0
02/03/08,708,Atalanta,Udinese,Away,1.0,0.0,2.0,H,0.0
02/03/14,1314,Atalanta,Chievo,Home,5.0,2.0,1.0,H,0.0
02/04/17,1617,Atalanta,Genoa,Away,13.0,5.0,0.0,A,0.0
02/05/10,910,Atalanta,Bologna,Home,3.0,1.0,1.0,D,1.0
02/05/12,1112,Atalanta,Milan,Away,2.0,0.0,2.0,H,0.0
02/05/16,1516,Atalanta,Napoli,Away,1.0,1.0,2.0,H,0.0
02/05/2021,2021,Atalanta,Sassuolo,Away,9.0,1.0,1.0,D,1.0
02/05/2022,2122,Atalanta,Salernitana,Home,5.0,1.0,1.0,D,0.0
02/05/2026,2526,Atalanta,Genoa,Home,7.0,0.0,0.0,D,0.0
02/06/2024,2324,Atalanta,Fiorentina,Home,3.0,2.0,3.0,A,0.0
02/07/2020,1920,Atalanta,Napoli,Home,4.0,2.0,0.0,H,0.0
02/09/07,708,Atalanta,Parma,Home,5.0,2.0,0.0,H,0.0
02/09/12,1213,Atalanta,Cagliari,Away,5.0,1.0,1.0,D,1.0
02/09/2018,1819,Atalanta,Cagliari,Home,5.0,0.0,1.0,A,0.0
02/09/2023,2324,Atalanta,Monza,Home,8.0,3.0,0.0,H,0.0
02/10/16,1617,Atalanta,Napoli,Home,4.0,1.0,0.0,H,0.0
02/10/2022,2223,Atalanta,Fiorentina,Home,5.0,1.0,0.0,H,0.0
02/11/08,809,Atalanta,Lecce,Home,1.0,0.0,0.0,D,1.0
02/11/14,1415,Atalanta,Torino,Away,1.0,0.0,0.0,D,0.0
02/12/06,607,Atalanta,Roma,Away,4.0,1.0,2.0,H,1.0
02/12/07,708,Atalanta,Napoli,Home,8.0,5.0,1.0,H,0.0
02/12/12,1213,Atalanta,Bologna,Away,3.0,1.0,2.0,H,0.0
02/12/17,1718,Atalanta,Torino,Away,6.0,1.0,1.0,D,0.0
02/12/2024,2425,Atalanta,Roma,Away,7.0,2.0,0.0,A,0.0
03/01/2021,2021,Atalanta,Sassuolo,Home,8.0,5.0,1.0,H,0.0
03/01/2026,2526,Atalanta,Roma,Home,2.0,1.0,0.0,H,0.0
03/02/08,708,Atalanta,Parma,Away,7.0,3.0,2.0,A,0.0
03/02/13,1213,Atalanta,Palermo,Away,5.0,2.0,1.0,A,0.0
03/02/16,1516,Atalanta,Verona,Away,4.0,1.0,2.0,H,1.0
03/03/13,1213,Atalanta,Siena,Away,3.0,2.0,0.0,A,0.0
03/03/2019,1819,Atalanta,Fiorentina,Home,10.0,3.0,1.0,H,0.0
03/03/2021,2021,Atalanta,Crotone,Home,11.0,5.0,1.0,H,0.0
03/03/2024,2324,Atalanta,Bologna,Home,2.0,1.0,2.0,A,0.0
03/04/10,910,Atalanta,Siena,Home,4.0,2.0,0.0,H,0.0
03/04/16,1516,Atalanta,Milan,Home,4.0,2.0,1.0,H,0.0
03/04/18,1718,Atalanta,Sampdoria,Home,1.0,1.0,2.0,A,0.0
03/04/2021,2021,Atalanta,Udinese,Home,11.0,3.0,2.0,H,0.0
03/04/2022,2122,Atalanta,Napoli,Home,3.0,1.0,3.0,A,0.0
03/05/09,809,Atalanta,Udinese,Away,1.0,0.0,3.0,H,1.0
03/05/15,1415,Atalanta,Lazio,Home,6.0,1.0,1.0,D,0.0
03/05/2023,2223,Atalanta,Spezia,Home,6.0,3.0,2.0,H,0.0
03/10/2021,2122,Atalanta,Milan,Home,6.0,2.0,3.0,A,0.0
03/11/13,1314,Atalanta,Livorno,Away,1.0,0.0,1.0,H,1.0
03/11/2019,1920,Atalanta,Cagliari,Home,3.0,0.0,2.0,A,1.0
03/11/2024,2425,Atalanta,Napoli,Away,3.0,3.0,0.0,A,0.0
03/12/16,1617,Atalanta,Juventus,Away,2.0,1.0,3.0,H,0.0
03/12/2018,1819,Atalanta,Napoli,Home,3.0,1.0,2.0,A,0.0
04/01/2023,2223,Atalanta,Spezia,Away,3.0,2.0,2.0,D,0.0
04/02/18,1718,Atalanta,Chievo,Home,4.0,1.0,0.0,H,0.0
04/02/2019,1819,Atalanta,Cagliari,Away,6.0,1.0,0.0,A,0.0
04/02/2023,2223,Atalanta,Sassuolo,Away,2.0,0.0,1.0,H,2.0
04/02/2024,2324,Atalanta,Lazio,Home,5.0,3.0,1.0,H,0.0
04/03/07,607,Atalanta,Cagliari,Away,3.0,0.0,2.0,H,1.0
04/03/12,1112,Atalanta,Udinese,Away,0.0,0.0,0.0,D,0.0
04/03/2023,2223,Atalanta,Udinese,Home,5.0,0.0,0.0,D,0.0
04/04/15,1415,Atalanta,Torino,Home,4.0,1.0,2.0,A,1.0
04/04/2019,1819,Atalanta,Bologna,Home,6.0,4.0,1.0,H,0.0
04/05/08,708,Atalanta,Livorno,Home,4.0,3.0,2.0,H,0.0
04/05/2025,2425,Atalanta,Monza,Away,5.0,4.0,0.0,A,0.0
04/06/2023,2223,Atalanta,Monza,Home,10.0,5.0,2.0,H,0.0
04/10/09,910,Atalanta,Milan,Home,1.0,1.0,1.0,D,1.0
04/10/15,1516,Atalanta,Fiorentina,Away,1.0,0.0,3.0,H,1.0
04/10/2020,2021,Atalanta,Cagliari,Home,14.0,5.0,2.0,H,0.0
04/10/2025,2526,Atalanta,Como,Home,4.0,1.0,1.0,D,0.0
04/11/07,708,Atalanta,Catania,Away,6.0,2.0,1.0,A,0.0
04/11/12,1213,Atalanta,Sampdoria,Away,3.0,2.0,1.0,A,0.0
04/11/2018,1819,Atalanta,Bologna,Away,6.0,2.0,1.0,A,0.0
04/11/2023,2324,Atalanta,Inter,Home,4.0,1.0,2.0,A,1.0
04/12/11,1112,Atalanta,Chievo,Away,1.0,0.0,0.0,D,0.0
04/12/2021,2122,Atalanta,Napoli,Away,7.0,3.0,2.0,A,0.0
04/12/2023,2324,Atalanta,Torino,Away,4.0,0.0,3.0,H,0.0
05/02/12,1112,Atalanta,Palermo,Away,2.0,1.0,2.0,H,1.0
05/02/17,1617,Atalanta,Cagliari,Home,5.0,2.0,0.0,H,0.0
05/03/17,1617,Atalanta,Fiorentina,Home,4.0,0.0,0.0,D,0.0
05/03/2022,2122,Atalanta,Roma,Away,4.0,0.0,1.0,H,1.0
05/04/09,809,Atalanta,Fiorentina,Home,2.0,1.0,2.0,A,1.0
05/05/13,1213,Atalanta,Parma,Away,4.0,0.0,2.0,H,0.0
05/05/14,1314,Atalanta,Juventus,Away,2.0,0.0,1.0,H,0.0
05/05/2019,1819,Atalanta,Lazio,Away,6.0,3.0,1.0,A,0.0
05/07/2020,1920,Atalanta,Cagliari,Away,12.0,1.0,0.0,A,0.0
05/09/2022,2223,Atalanta,Monza,Away,6.0,2.0,0.0,A,0.0
05/10/08,809,Atalanta,Sampdoria,Home,11.0,4.0,2.0,H,0.0
05/10/13,1314,Atalanta,Chievo,Away,2.0,1.0,0.0,A,0.0
05/10/14,1415,Atalanta,Sampdoria,Away,1.0,0.0,1.0,H,0.0
05/10/2024,2425,Atalanta,Genoa,Home,8.0,5.0,1.0,H,0.0
05/11/06,607,Atalanta,Milan,Home,5.0,2.0,0.0,H,0.0
05/11/17,1718,Atalanta,Spal,Home,3.0,1.0,1.0,D,1.0
05/11/2022,2223,Atalanta,Napoli,Home,4.0,1.0,2.0,A,0.0
06/01/10,910,Atalanta,Napoli,Home,3.0,0.0,2.0,A,0.0
06/01/13,1213,Atalanta,Chievo,Away,3.0,0.0,1.0,H,0.0
06/01/14,1314,Atalanta,Milan,Away,4.0,0.0,3.0,H,0.0
06/01/15,1415,Atalanta,Genoa,Away,6.0,2.0,2.0,D,0.0
06/01/16,1516,Atalanta,Udinese,Away,7.0,1.0,2.0,H,0.0
06/01/18,1718,Atalanta,Roma,Away,4.0,2.0,1.0,A,1.0
06/01/2020,1920,Atalanta,Parma,Home,11.0,5.0,0.0,H,0.0
06/01/2021,2021,Atalanta,Parma,Home,6.0,3.0,0.0,H,0.0
06/02/2021,2021,Atalanta,Torino,Home,4.0,3.0,3.0,D,0.0
06/02/2022,2122,Atalanta,Cagliari,Home,3.0,1.0,2.0,A,1.0
06/03/16,1516,Atalanta,Juventus,Home,3.0,0.0,2.0,A,0.0
06/04/08,708,Atalanta,Inter,Home,2.0,0.0,2.0,A,1.0
06/04/14,1314,Atalanta,Sassuolo,Home,4.0,0.0,2.0,A,0.0
06/04/2025,2425,Atalanta,Lazio,Home,2.0,0.0,1.0,A,0.0
06/04/2026,2526,Atalanta,Lecce,Away,6.0,3.0,0.0,A,0.0
06/05/07,607,Atalanta,Siena,Home,6.0,3.0,1.0,H,0.0
06/05/12,1112,Atalanta,Lazio,Home,2.0,0.0,2.0,A,1.0
06/05/18,1718,Atalanta,Lazio,Away,6.0,1.0,1.0,D,0.0
06/05/2024,2324,Atalanta,Salernitana,Away,4.0,2.0,1.0,A,0.0
06/10/07,708,Atalanta,Udinese,Home,5.0,0.0,0.0,D,0.0
06/10/2019,1920,Atalanta,Lecce,Home,14.0,3.0,1.0,H,0.0
06/11/11,1112,Atalanta,Cagliari,Home,3.0,1.0,0.0,H,0.0
06/11/16,1617,Atalanta,Sassuolo,Away,8.0,3.0,0.0,A,0.0
06/11/2021,2122,Atalanta,Cagliari,Away,8.0,2.0,1.0,A,0.0
06/12/09,910,Atalanta,Fiorentina,Away,2.0,0.0,2.0,H,1.0
06/12/15,1516,Atalanta,Palermo,Home,4.0,3.0,0.0,H,1.0
06/12/2024,2425,Atalanta,Milan,Home,8.0,2.0,1.0,H,0.0
06/12/2025,2526,Atalanta,Verona,Away,5.0,1.0,3.0,H,0.0
07/01/2024,2324,Atalanta,Roma,Away,2.0,1.0,1.0,D,0.0
07/01/2026,2526,Atalanta,Bologna,Away,5.0,2.0,0.0,A,0.0
07/02/10,910,Atalanta,Bari,Home,7.0,1.0,0.0,H,0.0
07/02/16,1516,Atalanta,Empoli,Home,2.0,0.0,0.0,D,0.0
07/03/10,910,Atalanta,Udinese,Home,1.0,0.0,0.0,D,1.0
07/03/2026,2526,Atalanta,Udinese,Home,4.0,2.0,2.0,D,0.0
07/04/07,607,Atalanta,Chievo,Home,3.0,1.0,0.0,H,1.0
07/04/12,1112,Atalanta,Siena,Home,1.0,1.0,2.0,A,0.0
07/04/13,1213,Atalanta,Inter,Away,5.0,4.0,3.0,A,1.0
07/04/18,1718,Atalanta,Spal,Away,6.0,1.0,1.0,D,0.0
07/04/2019,1819,Atalanta,Inter,Away,2.0,0.0,0.0,D,0.0
07/04/2024,2324,Atalanta,Cagliari,Away,2.0,1.0,2.0,H,0.0
07/05/17,1617,Atalanta,Udinese,Away,4.0,1.0,1.0,D,0.0
07/05/2023,2223,Atalanta,Juventus,Home,1.0,0.0,2.0,A,0.0
07/10/12,1213,Atalanta,Roma,Away,4.0,0.0,2.0,H,0.0
07/10/2018,1819,Atalanta,Sampdoria,Home,6.0,0.0,1.0,A,0.0
07/11/09,910,Atalanta,Juventus,Home,3.0,2.0,5.0,A,0.0
07/11/15,1516,Atalanta,Milan,Away,4.0,0.0,0.0,D,0.0
07/12/08,809,Atalanta,Udinese,Home,6.0,3.0,0.0,H,0.0
07/12/14,1415,Atalanta,Cesena,Home,6.0,3.0,2.0,H,0.0
07/12/2019,1920,Atalanta,Verona,Home,10.0,3.0,2.0,H,0.0
08/01/12,1112,Atalanta,Milan,Home,3.0,0.0,2.0,A,0.0
08/01/17,1617,Atalanta,Chievo,Away,7.0,4.0,1.0,A,0.0
08/02/09,809,Atalanta,Cagliari,Away,5.0,1.0,0.0,A,0.0
08/02/14,1314,Atalanta,Fiorentina,Away,3.0,0.0,2.0,H,1.0
08/02/15,1415,Atalanta,Fiorentina,Away,4.0,2.0,3.0,H,0.0
08/02/2020,1920,Atalanta,Fiorentina,Away,7.0,2.0,1.0,A,0.0
08/02/2025,2425,Atalanta,Verona,Away,7.0,5.0,0.0,A,0.0
08/03/09,809,Atalanta,Milan,Away,6.0,0.0,3.0,H,0.0
08/03/15,1415,Atalanta,Parma,Away,2.0,0.0,0.0,D,0.0
08/03/2021,2021,Atalanta,Inter,Away,3.0,0.0,1.0,H,0.0
08/04/17,1617,Atalanta,Sassuolo,Home,7.0,1.0,1.0,D,0.0
08/04/2023,2223,Atalanta,Bologna,Home,6.0,0.0,2.0,A,0.0
08/05/13,1213,Atalanta,Juventus,Home,3.0,0.0,1.0,A,0.0
08/05/16,1516,Atalanta,Udinese,Home,2.0,1.0,1.0,D,0.0
08/05/2022,2122,Atalanta,Spezia,Away,6.0,3.0,1.0,A,0.0
08/07/2020,1920,Atalanta,Sampdoria,Home,6.0,2.0,0.0,H,0.0
08/10/2023,2324,Atalanta,Lazio,Away,4.0,2.0,3.0,H,0.0
08/11/14,1415,Atalanta,Sassuolo,Away,0.0,0.0,0.0,D,0.0
08/11/2020,2021,Atalanta,Inter,Home,4.0,1.0,1.0,D,0.0
08/12/12,1213,Atalanta,Parma,Home,7.0,2.0,1.0,H,0.0
08/12/13,1314,Atalanta,Verona,Away,5.0,1.0,2.0,H,1.0
09/01/2021,2021,Atalanta,Benevento,Away,15.0,4.0,1.0,A,0.0
09/01/2022,2122,Atalanta,Udinese,Away,7.0,6.0,2.0,A,0.0
09/01/2023,2223,Atalanta,Bologna,Away,3.0,2.0,1.0,A,0.0
09/02/08,708,Atalanta,Fiorentina,Home,3.0,2.0,2.0,D,0.0
09/02/2026,2526,Atalanta,Cremonese,Home,9.0,2.0,1.0,H,0.0
09/03/08,708,Atalanta,Torino,Away,3.0,0.0,1.0,H,1.0
09/03/14,1314,Atalanta,Lazio,Away,5.0,1.0,0.0,A,0.0
09/03/2025,2425,Atalanta,Juventus,Away,9.0,4.0,0.0,A,0.0
09/05/10,910,Atalanta,Napoli,Away,1.0,0.0,2.0,H,0.0
09/05/2021,2021,Atalanta,Parma,Away,13.0,5.0,2.0,A,0.0
09/10/2022,2223,Atalanta,Udinese,Away,5.0,2.0,2.0,D,0.0
09/11/08,809,Atalanta,Fiorentina,Away,4.0,1.0,2.0,H,0.0
09/11/2022,2223,Atalanta,Lecce,Away,4.0,1.0,2.0,H,0.0
09/11/2025,2526,Atalanta,Sassuolo,Home,2.0,0.0,3.0,A,0.0
09/12/07,708,Atalanta,Juventus,Away,3.0,0.0,1.0,H,0.0
09/12/2018,1819,Atalanta,Udinese,Away,4.0,3.0,1.0,A,0.0
09/12/2023,2324,Atalanta,Milan,Home,7.0,3.0,2.0,H,0.0
10/01/10,910,Atalanta,Palermo,Away,3.0,0.0,1.0,H,1.0
10/01/16,1516,Atalanta,Genoa,Home,0.0,0.0,2.0,A,0.0
10/01/2026,2526,Atalanta,Torino,Home,5.0,2.0,0.0,H,0.0
10/02/13,1213,Atalanta,Catania,Home,1.0,0.0,0.0,D,0.0
10/02/18,1718,Atalanta,Crotone,Away,4.0,1.0,1.0,D,0.0
10/02/2019,1819,Atalanta,Spal,Home,5.0,2.0,1.0,H,0.0
10/03/13,1213,Atalanta,Pescara,Home,3.0,2.0,1.0,H,0.0
10/03/2019,1819,Atalanta,Sampdoria,Away,6.0,2.0,1.0,A,0.0
10/03/2024,2324,Atalanta,Juventus,Away,3.0,2.0,2.0,D,0.0
10/04/16,1516,Atalanta,Torino,Away,7.0,1.0,2.0,H,1.0
10/04/2022,2122,Atalanta,Sassuolo,Away,4.0,1.0,2.0,H,0.0
10/05/09,809,Atalanta,Genoa,Home,3.0,1.0,1.0,D,1.0
10/05/15,1415,Atalanta,Palermo,Away,7.0,3.0,2.0,A,1.0
10/05/2026,2526,Atalanta,Milan,Away,5.0,3.0,2.0,A,0.0
10/09/06,607,Atalanta,Ascoli,Home,6.0,3.0,1.0,H,0.0
10/09/17,1718,Atalanta,Sassuolo,Home,3.0,2.0,1.0,H,0.0
10/11/13,1314,Atalanta,Bologna,Home,3.0,2.0,1.0,H,0.0
10/11/2019,1920,Atalanta,Sampdoria,Away,3.0,0.0,0.0,D,1.0
10/11/2024,2425,Atalanta,Udinese,Home,4.0,2.0,1.0,H,0.0
10/12/06,607,Atalanta,Messina,Home,9.0,3.0,2.0,H,0.0
11/01/09,809,Atalanta,Palermo,Away,9.0,2.0,3.0,H,0.0
11/01/15,1415,Atalanta,Chievo,Home,6.0,1.0,1.0,D,1.0
11/01/2020,1920,Atalanta,Inter,Away,7.0,1.0,1.0,D,0.0
11/01/2025,2425,Atalanta,Udinese,Away,2.0,0.0,0.0,D,0.0
11/02/07,607,Atalanta,Lazio,Home,3.0,0.0,0.0,D,0.0
11/02/2023,2223,Atalanta,Lazio,Away,10.0,2.0,0.0,A,0.0
11/02/2024,2324,Atalanta,Genoa,Away,9.0,4.0,1.0,A,0.0
11/03/07,607,Atalanta,Parma,Home,6.0,1.0,1.0,D,0.0
11/03/12,1112,Atalanta,Parma,Home,4.0,1.0,1.0,D,0.0
11/03/18,1718,Atalanta,Bologna,Away,5.0,1.0,0.0,A,0.0
11/03/2023,2223,Atalanta,Napoli,Away,3.0,0.0,2.0,H,0.0
11/04/09,809,Atalanta,Napoli,Away,3.0,0.0,0.0,D,0.0
11/04/10,910,Atalanta,Roma,Away,2.0,1.0,2.0,H,0.0
11/04/12,1112,Atalanta,Napoli,Away,7.0,3.0,1.0,A,0.0
11/04/2021,2021,Atalanta,Fiorentina,Away,9.0,3.0,2.0,A,0.0
11/04/2026,2526,Atalanta,Juventus,Home,3.0,0.0,1.0,A,0.0
11/05/08,708,Atalanta,Roma,Away,2.0,1.0,2.0,H,0.0
11/05/14,1314,Atalanta,Milan,Home,3.0,2.0,1.0,H,0.0
11/05/2019,1819,Atalanta,Genoa,Home,4.0,2.0,1.0,H,0.0
11/07/2020,1920,Atalanta,Juventus,Away,4.0,2.0,2.0,D,0.0
11/09/11,1112,Atalanta,Genoa,Away,5.0,2.0,2.0,D,0.0
11/09/16,1617,Atalanta,Torino,Home,3.0,2.0,1.0,H,0.0
11/09/2021,2122,Atalanta,Fiorentina,Home,5.0,1.0,2.0,A,0.0
11/09/2022,2223,Atalanta,Cremonese,Home,6.0,1.0,1.0,D,0.0
11/11/06,607,Atalanta,Fiorentina,Away,4.0,1.0,3.0,H,0.0
11/11/12,1213,Atalanta,Inter,Home,5.0,3.0,2.0,H,1.0
11/11/2018,1819,Atalanta,Inter,Home,10.0,4.0,1.0,H,0.0
11/12/11,1112,Atalanta,Catania,Home,4.0,1.0,1.0,D,0.0
11/12/16,1617,Atalanta,Udinese,Home,9.0,1.0,3.0,A,0.0
12/01/14,1314,Atalanta,Catania,Home,8.0,2.0,1.0,H,0.0
12/02/12,1112,Atalanta,Lecce,Home,5.0,0.0,0.0,D,0.0
12/02/17,1617,Atalanta,Palermo,Away,5.0,3.0,1.0,A,0.0
12/03/17,1617,Atalanta,Inter,Away,3.0,1.0,7.0,H,0.0
12/03/2021,2021,Atalanta,Spezia,Home,9.0,3.0,1.0,H,0.0
12/04/14,1314,Atalanta,Roma,Away,4.0,1.0,3.0,H,0.0
12/04/15,1415,Atalanta,Sassuolo,Home,5.0,2.0,1.0,H,1.0
12/05/13,1213,Atalanta,Udinese,Away,5.0,1.0,2.0,H,0.0
12/05/2021,2021,Atalanta,Benevento,Home,4.0,2.0,0.0,H,0.0
12/05/2024,2324,Atalanta,Roma,Home,7.0,2.0,1.0,H,0.0
12/05/2025,2425,Atalanta,Roma,Home,3.0,2.0,1.0,H,0.0
12/11/2023,2324,Atalanta,Udinese,Away,2.0,1.0,1.0,D,0.0
12/12/17,1718,Atalanta,Genoa,Away,7.0,2.0,1.0,A,0.0
12/12/2021,2122,Atalanta,Verona,Away,6.0,2.0,1.0,A,0.0
13/01/08,708,Atalanta,Roma,Home,8.0,1.0,2.0,A,0.0
13/01/13,1213,Atalanta,Lazio,Away,1.0,0.0,2.0,H,1.0
13/02/2022,2122,Atalanta,Juventus,Home,3.0,1.0,1.0,D,0.0
13/03/16,1516,Atalanta,Lazio,Away,1.0,0.0,2.0,H,0.0
13/03/2022,2122,Atalanta,Genoa,Home,2.0,0.0,0.0,D,0.0
13/04/08,708,Atalanta,Napoli,Away,4.0,0.0,2.0,H,0.0
13/04/13,1213,Atalanta,Fiorentina,Home,4.0,0.0,2.0,A,1.0
13/04/2025,2425,Atalanta,Bologna,Home,2.0,2.0,0.0,H,0.0
13/05/07,607,Atalanta,Udinese,Away,7.0,3.0,2.0,A,0.0
13/05/12,1112,Atalanta,Juventus,Away,2.0,1.0,3.0,H,0.0
13/05/17,1617,Atalanta,Milan,Home,7.0,1.0,1.0,D,0.0
13/05/18,1718,Atalanta,Milan,Home,5.0,1.0,1.0,D,1.0
13/05/2023,2223,Atalanta,Salernitana,Away,3.0,0.0,1.0,H,0.0
13/08/2022,2223,Atalanta,Sampdoria,Away,3.0,2.0,0.0,A,0.0
13/09/09,910,Atalanta,Sampdoria,Home,9.0,0.0,1.0,A,0.0
13/09/15,1516,Atalanta,Sassuolo,Away,4.0,2.0,2.0,D,1.0
13/11/2022,2223,Atalanta,Inter,Home,7.0,2.0,3.0,A,0.0
13/12/09,910,Atalanta,Inter,Home,2.0,1.0,1.0,D,0.0
13/12/14,1415,Atalanta,Lazio,Away,1.0,0.0,3.0,H,0.0
13/12/15,1516,Atalanta,Chievo,Away,2.0,0.0,1.0,H,2.0
13/12/2020,2021,Atalanta,Fiorentina,Home,10.0,3.0,0.0,H,0.0
13/12/2025,2526,Atalanta,Cagliari,Home,8.0,2.0,1.0,H,0.0
14/01/07,607,Atalanta,Livorno,Home,9.0,5.0,1.0,H,0.0
14/01/2025,2425,Atalanta,Juventus,Home,6.0,1.0,1.0,D,0.0
14/02/10,910,Atalanta,Catania,Away,5.0,0.0,0.0,D,1.0
14/02/16,1516,Atalanta,Sampdoria,Away,2.0,0.0,0.0,D,0.0
14/02/2021,2021,Atalanta,Cagliari,Away,5.0,1.0,0.0,A,0.0
14/02/2026,2526,Atalanta,Lazio,Away,5.0,2.0,0.0,A,0.0
14/03/10,910,Atalanta,Parma,Away,4.0,0.0,1.0,H,1.0
14/03/18,1718,Atalanta,Juventus,Away,0.0,0.0,2.0,H,1.0
14/03/2026,2526,Atalanta,Inter,Away,3.0,1.0,1.0,D,0.0
14/04/18,1718,Atalanta,Inter,Home,4.0,0.0,0.0,D,0.0
14/07/2020,1920,Atalanta,Brescia,Home,7.0,6.0,2.0,H,0.0
14/09/08,809,Atalanta,Bologna,Away,2.0,1.0,0.0,A,0.0
14/09/13,1314,Atalanta,Napoli,Away,5.0,0.0,2.0,H,1.0
14/09/14,1415,Atalanta,Cagliari,Away,3.0,2.0,1.0,A,0.0
14/09/2025,2526,Atalanta,Lecce,Home,8.0,4.0,1.0,H,0.0
14/12/08,809,Atalanta,Genoa,Away,2.0,1.0,1.0,D,2.0
14/12/2024,2425,Atalanta,Cagliari,Away,2.0,1.0,0.0,A,0.0
15/01/12,1112,Atalanta,Lazio,Away,4.0,0.0,2.0,H,1.0
15/01/17,1617,Atalanta,Lazio,Away,3.0,1.0,2.0,H,0.0
15/01/2023,2223,Atalanta,Salernitana,Home,13.0,8.0,2.0,H,0.0
15/01/2024,2324,Atalanta,Frosinone,Home,9.0,5.0,0.0,H,0.0
15/02/09,809,Atalanta,Roma,Home,7.0,3.0,0.0,H,0.0
15/02/12,1112,Atalanta,Genoa,Home,2.0,1.0,0.0,H,0.0
15/02/15,1415,Atalanta,Inter,Home,2.0,1.0,4.0,A,1.0
15/02/2020,1920,Atalanta,Roma,Home,7.0,2.0,1.0,H,0.0
15/02/2025,2425,Atalanta,Cagliari,Home,2.0,0.0,0.0,D,0.0
15/03/09,809,Atalanta,Torino,Home,5.0,2.0,0.0,H,0.0
15/03/15,1415,Atalanta,Udinese,Home,5.0,0.0,0.0,D,1.0
15/04/07,607,Atalanta,Torino,Away,4.0,2.0,1.0,A,1.0
15/04/17,1617,Atalanta,Roma,Away,1.0,1.0,1.0,D,0.0
15/04/2019,1819,Atalanta,Empoli,Home,18.0,0.0,0.0,D,0.0
15/04/2024,2324,Atalanta,Verona,Home,9.0,2.0,2.0,D,0.0
15/05/16,1516,Atalanta,Genoa,Away,4.0,2.0,1.0,A,0.0
15/05/2021,2021,Atalanta,Genoa,Away,7.0,4.0,3.0,A,0.0
15/05/2022,2122,Atalanta,Milan,Away,2.0,0.0,2.0,H,0.0
15/09/12,1213,Atalanta,Milan,Away,4.0,1.0,0.0,A,0.0
15/09/2019,1920,Atalanta,Genoa,Away,6.0,2.0,1.0,A,0.0
15/09/2024,2425,Atalanta,Fiorentina,Home,7.0,3.0,2.0,H,0.0
15/10/06,607,Atalanta,Palermo,Away,9.0,3.0,2.0,A,0.0
15/10/17,1718,Atalanta,Sampdoria,Away,11.0,1.0,3.0,H,0.0
15/10/2022,2223,Atalanta,Sassuolo,Home,4.0,2.0,1.0,H,0.0
15/12/13,1314,Atalanta,Genoa,Away,4.0,1.0,1.0,D,0.0
15/12/2019,1920,Atalanta,Bologna,Away,7.0,1.0,2.0,H,0.0
16/01/16,1516,Atalanta,Inter,Home,5.0,1.0,1.0,D,0.0
16/01/2022,2122,Atalanta,Inter,Home,6.0,0.0,0.0,D,0.0
16/01/2026,2526,Atalanta,Pisa,Away,4.0,1.0,1.0,D,0.0
16/02/14,1314,Atalanta,Parma,Home,5.0,0.0,4.0,A,0.0
16/02/2019,1819,Atalanta,Milan,Home,5.0,1.0,3.0,A,0.0
16/03/08,708,Atalanta,Empoli,Home,7.0,4.0,1.0,H,0.0
16/03/14,1314,Atalanta,Sampdoria,Home,4.0,3.0,0.0,H,0.0
16/03/2025,2425,Atalanta,Inter,Home,3.0,0.0,2.0,A,1.0
16/05/10,910,Atalanta,Palermo,Home,7.0,1.0,2.0,A,0.0
16/09/07,708,Atalanta,Fiorentina,Away,3.0,2.0,2.0,D,1.0
16/10/11,1112,Atalanta,Udinese,Home,3.0,0.0,0.0,D,0.0
16/10/16,1617,Atalanta,Fiorentina,Away,3.0,0.0,0.0,D,0.0
16/11/08,809,Atalanta,Napoli,Home,7.0,3.0,1.0,H,0.0
16/12/07,708,Atalanta,Palermo,Home,5.0,1.0,3.0,A,0.0
16/12/12,1213,Atalanta,Juventus,Away,2.0,0.0,3.0,H,1.0
16/12/2020,2021,Atalanta,Juventus,Away,6.0,1.0,1.0,D,0.0
17/01/10,910,Atalanta,Lazio,Home,5.0,3.0,0.0,H,0.0
17/01/2021,2021,Atalanta,Genoa,Home,4.0,0.0,0.0,D,0.0
17/02/08,708,Atalanta,Lazio,Away,3.0,0.0,3.0,H,0.0
17/02/13,1213,Atalanta,Torino,Away,1.0,1.0,2.0,H,0.0
17/02/2024,2324,Atalanta,Sassuolo,Home,13.0,3.0,0.0,H,0.0
17/03/13,1213,Atalanta,Napoli,Away,2.0,2.0,3.0,H,0.0
17/03/2019,1819,Atalanta,Chievo,Home,6.0,1.0,1.0,D,0.0
17/03/2023,2223,Atalanta,Empoli,Home,6.0,2.0,1.0,H,0.0
17/04/16,1516,Atalanta,Roma,Home,4.0,3.0,3.0,D,0.0
17/04/2023,2223,Atalanta,Fiorentina,Away,1.0,1.0,1.0,D,0.0
17/05/09,809,Atalanta,Juventus,Away,5.0,2.0,2.0,D,0.0
17/05/15,1415,Atalanta,Genoa,Home,6.0,1.0,4.0,A,0.0
17/05/2025,2425,Atalanta,Genoa,Away,6.0,3.0,2.0,A,0.0
17/05/2026,2526,Atalanta,Bologna,Home,1.0,0.0,1.0,A,0.0
17/09/06,607,Atalanta,Catania,Away,2.0,0.0,0.0,D,0.0
17/09/17,1718,Atalanta,Chievo,Away,6.0,1.0,1.0,D,0.0
17/09/2018,1819,Atalanta,Spal,Away,4.0,0.0,2.0,H,0.0
17/09/2023,2324,Atalanta,Fiorentina,Away,4.0,2.0,3.0,H,0.0
17/10/2020,2021,Atalanta,Napoli,Away,3.0,1.0,4.0,H,0.0
17/10/2021,2122,Atalanta,Empoli,Away,7.0,4.0,1.0,A,0.0
17/12/06,607,Atalanta,Siena,Away,4.0,1.0,1.0,D,0.0
17/12/11,1112,Atalanta,Fiorentina,Away,2.0,2.0,2.0,D,0.0
17/12/16,1617,Atalanta,Milan,Away,4.0,0.0,0.0,D,0.0
17/12/17,1718,Atalanta,Lazio,Home,6.0,3.0,3.0,D,0.0
17/12/2018,1819,Atalanta,Lazio,Home,2.0,1.0,0.0,H,0.0
18/01/09,809,Atalanta,Inter,Home,6.0,3.0,1.0,H,0.0
18/01/15,1415,Atalanta,Milan,Away,5.0,1.0,0.0,A,0.0
18/01/2025,2425,Atalanta,Napoli,Home,6.0,2.0,3.0,A,0.0
18/02/07,607,Atalanta,Reggina,Away,6.0,1.0,1.0,D,1.0
18/02/17,1617,Atalanta,Crotone,Home,3.0,1.0,0.0,H,0.0
18/02/18,1718,Atalanta,Fiorentina,Home,3.0,1.0,1.0,D,0.0
18/03/07,607,Atalanta,Milan,Away,2.0,0.0,1.0,H,0.0
18/03/12,1112,Atalanta,Inter,Away,2.0,0.0,0.0,D,0.0
18/03/18,1718,Atalanta,Verona,Away,11.0,5.0,0.0,A,0.0
18/04/07,607,Atalanta,Empoli,Away,3.0,0.0,2.0,H,1.0
18/04/10,910,Atalanta,Fiorentina,Home,7.0,2.0,1.0,H,0.0
18/04/18,1718,Atalanta,Benevento,Away,8.0,3.0,0.0,A,0.0
18/04/2021,2021,Atalanta,Juventus,Home,2.0,1.0,0.0,H,0.0
18/04/2022,2122,Atalanta,Verona,Home,4.0,1.0,2.0,A,0.0
18/04/2026,2526,Atalanta,Roma,Away,2.0,1.0,1.0,D,0.0
18/05/08,708,Atalanta,Genoa,Home,4.0,2.0,0.0,H,0.0
18/05/14,1314,Atalanta,Catania,Away,9.0,1.0,2.0,H,0.0
18/05/2024,2324,Atalanta,Lecce,Away,9.0,2.0,0.0,A,0.0
18/07/2020,1920,Atalanta,Verona,Away,7.0,1.0,1.0,D,0.0
18/09/11,1112,Atalanta,Palermo,Home,1.0,1.0,0.0,H,0.0
18/09/16,1617,Atalanta,Cagliari,Away,2.0,0.0,3.0,H,0.0
18/09/2021,2122,Atalanta,Salernitana,Away,3.0,1.0,0.0,A,0.0
18/09/2022,2223,Atalanta,Roma,Away,1.0,1.0,0.0,A,0.0
18/10/09,910,Atalanta,Udinese,Away,5.0,3.0,1.0,A,0.0
18/10/15,1516,Atalanta,Carpi,Home,7.0,3.0,0.0,H,0.0
18/11/12,1213,Atalanta,Fiorentina,Away,2.0,1.0,4.0,H,1.0
18/12/2021,2122,Atalanta,Roma,Home,6.0,1.0,4.0,A,0.0
18/12/2023,2324,Atalanta,Salernitana,Home,11.0,4.0,1.0,H,0.0
19/01/08,708,Atalanta,Genoa,Away,2.0,1.0,2.0,H,0.0
19/01/14,1314,Atalanta,Cagliari,Home,5.0,1.0,0.0,H,0.0
19/02/12,1112,Atalanta,Novara,Away,5.0,0.0,0.0,D,0.0
19/02/2023,2223,Atalanta,Lecce,Home,10.0,1.0,2.0,A,0.0
19/03/08,708,Atalanta,Cagliari,Away,3.0,0.0,1.0,H,1.0
19/03/17,1617,Atalanta,Pescara,Home,7.0,3.0,0.0,H,0.0
19/04/09,809,Atalanta,Reggina,Home,8.0,0.0,1.0,A,0.0
19/04/14,1314,Atalanta,Verona,Home,6.0,1.0,2.0,A,0.0
19/04/15,1415,Atalanta,Roma,Away,3.0,1.0,1.0,D,0.0
19/05/13,1213,Atalanta,Chievo,Home,6.0,2.0,2.0,D,0.0
19/05/2019,1819,Atalanta,Juventus,Away,7.0,1.0,1.0,D,0.0
19/08/2024,2425,Atalanta,Lecce,Away,6.0,4.0,0.0,A,0.0
19/10/08,809,Atalanta,Chievo,Away,4.0,1.0,1.0,D,0.0
19/10/14,1415,Atalanta,Parma,Home,3.0,1.0,0.0,H,0.0
19/10/2019,1920,Atalanta,Lazio,Away,9.0,3.0,3.0,D,0.0
19/10/2025,2526,Atalanta,Lazio,Home,6.0,0.0,0.0,D,0.0
19/11/06,607,Atalanta,Chievo,Away,7.0,2.0,2.0,D,0.0
19/11/17,1718,Atalanta,Inter,Away,1.0,0.0,2.0,H,0.0
20/01/07,607,Atalanta,Ascoli,Away,5.0,3.0,1.0,A,0.0
20/01/10,910,Atalanta,Bologna,Away,4.0,2.0,2.0,D,0.0
20/01/13,1213,Atalanta,Cagliari,Home,3.0,1.0,1.0,D,1.0
20/01/2019,1819,Atalanta,Frosinone,Away,8.0,5.0,0.0,A,0.0
20/01/2020,1920,Atalanta,Spal,Home,8.0,1.0,2.0,A,0.0
20/01/2021,2021,Atalanta,Udinese,Away,8.0,1.0,1.0,D,0.0
20/02/15,1415,Atalanta,Juventus,Away,3.0,1.0,2.0,H,0.0
20/02/2022,2122,Atalanta,Fiorentina,Away,1.0,0.0,1.0,H,0.0
20/03/16,1516,Atalanta,Bologna,Home,7.0,2.0,0.0,H,0.0
20/03/2022,2122,Atalanta,Bologna,Away,2.0,1.0,0.0,A,0.0
20/04/08,708,Atalanta,Juventus,Home,3.0,0.0,4.0,A,0.0
20/04/13,1213,Atalanta,Genoa,Away,2.0,1.0,1.0,D,0.0
20/04/16,1516,Atalanta,Palermo,Away,4.0,2.0,2.0,D,0.0
20/04/2025,2425,Atalanta,Milan,Away,2.0,1.0,0.0,A,0.0
20/05/07,607,Atalanta,Inter,Home,6.0,1.0,1.0,D,0.0
20/05/18,1718,Atalanta,Cagliari,Away,4.0,0.0,1.0,H,0.0
20/05/2023,2223,Atalanta,Verona,Home,5.0,3.0,1.0,H,0.0
20/08/17,1718,Atalanta,Roma,Home,6.0,0.0,1.0,A,0.0
20/08/2018,1819,Atalanta,Frosinone,Home,10.0,4.0,0.0,H,0.0
20/08/2023,2324,Atalanta,Sassuolo,Away,6.0,2.0,0.0,A,0.0
20/09/06,607,Atalanta,Empoli,Home,3.0,0.0,0.0,D,0.0
20/09/08,809,Atalanta,Catania,Away,5.0,0.0,1.0,H,0.0
20/09/09,910,Atalanta,Bari,Away,3.0,1.0,4.0,H,0.0
20/09/15,1516,Atalanta,Verona,Home,2.0,1.0,1.0,D,0.0
20/09/17,1718,Atalanta,Crotone,Home,11.0,5.0,1.0,H,0.0
20/10/13,1314,Atalanta,Lazio,Home,5.0,2.0,1.0,H,0.0
20/10/2024,2425,Atalanta,Venezia,Away,7.0,2.0,0.0,A,0.0
20/11/11,1112,Atalanta,Siena,Away,3.0,2.0,2.0,D,0.0
20/11/16,1617,Atalanta,Roma,Home,6.0,2.0,1.0,H,0.0
20/11/2021,2122,Atalanta,Spezia,Home,9.0,5.0,2.0,H,0.0
20/12/06,607,Atalanta,Udinese,Home,7.0,1.0,2.0,A,0.0
20/12/15,1516,Atalanta,Napoli,Home,5.0,1.0,3.0,A,1.0
20/12/16,1617,Atalanta,Empoli,Home,10.0,2.0,1.0,H,0.0
20/12/2020,2021,Atalanta,Roma,Home,8.0,4.0,1.0,H,0.0
21/01/12,1112,Atalanta,Juventus,Home,5.0,0.0,2.0,A,0.0
21/01/18,1718,Atalanta,Napoli,Home,3.0,0.0,1.0,A,0.0
21/02/10,910,Atalanta,Chievo,Home,2.0,0.0,1.0,A,0.0
21/02/16,1516,Atalanta,Fiorentina,Home,5.0,2.0,3.0,A,1.0
21/02/2021,2021,Atalanta,Napoli,Home,7.0,4.0,2.0,H,0.0
21/03/10,910,Atalanta,Livorno,Home,6.0,3.0,0.0,H,0.0
21/03/2021,2021,Atalanta,Verona,Away,8.0,2.0,0.0,A,0.0
21/04/12,1112,Atalanta,Catania,Away,1.0,0.0,2.0,H,0.0
21/04/2024,2324,Atalanta,Monza,Away,6.0,2.0,1.0,A,0.0
21/05/17,1617,Atalanta,Empoli,Away,5.0,1.0,0.0,A,0.0
21/05/2022,2122,Atalanta,Empoli,Home,10.0,0.0,1.0,A,0.0
21/06/2020,1920,Atalanta,Sassuolo,Home,5.0,4.0,1.0,H,0.0
21/07/2020,1920,Atalanta,Bologna,Home,7.0,1.0,0.0,H,0.0
21/08/16,1617,Atalanta,Lazio,Home,6.0,3.0,4.0,A,0.0
21/08/2021,2122,Atalanta,Torino,Away,2.0,2.0,1.0,A,0.0
21/08/2022,2223,Atalanta,Milan,Home,2.0,1.0,1.0,D,0.0
21/09/11,1112,Atalanta,Lecce,Away,5.0,2.0,1.0,A,0.0
21/09/14,1415,Atalanta,Fiorentina,Home,6.0,0.0,1.0,A,0.0
21/09/16,1617,Atalanta,Palermo,Home,4.0,0.0,1.0,A,0.0
21/09/2021,2122,Atalanta,Sassuolo,Home,5.0,2.0,1.0,H,0.0
21/09/2025,2526,Atalanta,Torino,Away,5.0,3.0,0.0,A,0.0
21/10/07,708,Atalanta,Torino,Home,6.0,2.0,2.0,D,0.0
21/10/12,1213,Atalanta,Siena,Home,4.0,2.0,1.0,H,1.0
21/10/2018,1819,Atalanta,Chievo,Away,8.0,5.0,1.0,A,0.0
21/11/2020,2021,Atalanta,Spezia,Away,5.0,0.0,0.0,D,0.0
21/12/08,809,Atalanta,Juventus,Home,3.0,1.0,3.0,A,0.0
21/12/11,1112,Atalanta,Cesena,Home,7.0,4.0,1.0,H,0.0
21/12/14,1415,Atalanta,Palermo,Home,5.0,3.0,3.0,D,0.0
21/12/2021,2122,Atalanta,Genoa,Away,3.0,0.0,0.0,D,0.0
21/12/2025,2526,Atalanta,Genoa,Away,4.0,1.0,0.0,A,0.0
22/01/17,1617,Atalanta,Sampdoria,Home,6.0,1.0,0.0,H,0.0
22/01/2022,2122,Atalanta,Lazio,Away,2.0,0.0,0.0,D,0.0
22/01/2023,2223,Atalanta,Juventus,Away,4.0,3.0,3.0,D,0.0
22/02/09,809,Atalanta,Sampdoria,Away,6.0,0.0,1.0,H,0.0
22/02/2026,2526,Atalanta,Napoli,Home,7.0,2.0,1.0,H,0.0
22/03/08,708,Atalanta,Catania,Home,4.0,0.0,0.0,D,0.0
22/03/09,809,Atalanta,Lecce,Away,6.0,2.0,2.0,D,0.0
22/03/15,1415,Atalanta,Napoli,Away,3.0,1.0,1.0,D,1.0
22/03/2026,2526,Atalanta,Verona,Home,3.0,1.0,0.0,H,0.0
22/04/07,607,Atalanta,Roma,Home,8.0,2.0,1.0,H,0.0
22/04/17,1617,Atalanta,Bologna,Home,3.0,3.0,2.0,H,0.0
22/04/18,1718,Atalanta,Torino,Home,8.0,2.0,1.0,H,0.0
22/04/2019,1819,Atalanta,Napoli,Away,7.0,2.0,1.0,A,0.0
22/04/2021,2021,Atalanta,Roma,Away,9.0,1.0,1.0,D,1.0
22/05/2026,2526,Atalanta,Fiorentina,Away,6.0,1.0,1.0,D,0.0
22/09/13,1314,Atalanta,Fiorentina,Home,2.0,0.0,2.0,A,0.0
22/09/2019,1920,Atalanta,Fiorentina,Home,5.0,2.0,2.0,D,0.0
22/10/06,607,Atalanta,Sampdoria,Home,4.0,3.0,2.0,H,0.0
22/10/17,1718,Atalanta,Bologna,Home,2.0,1.0,0.0,H,0.0
22/10/2023,2324,Atalanta,Genoa,Home,8.0,2.0,0.0,H,0.0
22/11/09,910,Atalanta,Siena,Away,5.0,2.0,0.0,A,0.0
22/11/14,1415,Atalanta,Roma,Home,1.0,1.0,2.0,A,1.0
22/11/15,1516,Atalanta,Torino,Home,1.0,0.0,1.0,A,0.0
22/11/2025,2526,Atalanta,Napoli,Away,3.0,1.0,3.0,H,0.0
22/12/12,1213,Atalanta,Udinese,Home,5.0,1.0,1.0,D,0.0
22/12/13,1314,Atalanta,Juventus,Home,3.0,1.0,4.0,A,0.0
22/12/2018,1819,Atalanta,Genoa,Away,6.0,1.0,3.0,H,2.0
22/12/2019,1920,Atalanta,Milan,Home,12.0,5.0,0.0,H,0.0
22/12/2024,2425,Atalanta,Empoli,Home,7.0,3.0,2.0,H,0.0
23/01/08,708,Atalanta,Milan,Home,4.0,2.0,1.0,H,0.0
23/01/16,1516,Atalanta,Frosinone,Away,3.0,0.0,0.0,D,0.0
23/01/2021,2021,Atalanta,Milan,Away,10.0,3.0,0.0,A,0.0
23/02/14,1314,Atalanta,Udinese,Away,4.0,1.0,1.0,D,0.0
23/02/2019,1819,Atalanta,Torino,Away,4.0,0.0,2.0,H,0.0
23/02/2025,2425,Atalanta,Empoli,Away,8.0,5.0,0.0,A,0.0
23/03/14,1314,Atalanta,Inter,Away,6.0,2.0,1.0,A,0.0
23/04/2022,2122,Atalanta,Venezia,Away,5.0,3.0,1.0,A,0.0
23/05/2021,2021,Atalanta,Milan,Home,1.0,0.0,2.0,A,1.0
23/08/09,910,Atalanta,Lazio,Away,4.0,0.0,1.0,H,0.0
23/08/15,1516,Atalanta,Inter,Away,0.0,0.0,1.0,H,1.0
23/09/07,708,Atalanta,Lazio,Home,4.0,2.0,1.0,H,0.0
23/09/09,910,Atalanta,Catania,Home,4.0,0.0,0.0,D,0.0
23/09/12,1213,Atalanta,Palermo,Home,2.0,1.0,0.0,H,0.0
23/09/2018,1819,Atalanta,Milan,Away,8.0,2.0,2.0,D,0.0
23/10/11,1112,Atalanta,Parma,Away,3.0,2.0,1.0,A,0.0
23/10/16,1617,Atalanta,Inter,Home,8.0,2.0,1.0,H,0.0
23/10/2022,2223,Atalanta,Lazio,Home,0.0,0.0,2.0,A,1.0
23/11/08,809,Atalanta,Reggina,Away,1.0,1.0,3.0,H,0.0
23/11/2019,1920,Atalanta,Juventus,Home,9.0,1.0,3.0,A,0.0
23/11/2024,2425,Atalanta,Parma,Away,6.0,3.0,1.0,A,0.0
23/12/06,607,Atalanta,Inter,Away,6.0,1.0,2.0,H,0.0
23/12/07,708,Atalanta,Livorno,Away,6.0,1.0,1.0,D,0.0
23/12/17,1718,Atalanta,Milan,Away,7.0,2.0,0.0,A,0.0
23/12/2020,2021,Atalanta,Bologna,Away,6.0,2.0,2.0,D,0.0
23/12/2023,2324,Atalanta,Bologna,Away,2.0,0.0,1.0,H,0.0
24/01/10,910,Atalanta,Genoa,Away,3.0,0.0,2.0,H,0.0
24/02/07,607,Atalanta,Palermo,Home,2.0,1.0,1.0,D,0.0
24/02/08,708,Atalanta,Siena,Home,6.0,2.0,2.0,D,0.0
24/02/13,1213,Atalanta,Roma,Home,4.0,2.0,3.0,A,1.0
24/03/10,910,Atalanta,Cagliari,Home,11.0,3.0,1.0,H,0.0
24/04/10,910,Atalanta,Inter,Away,3.0,1.0,3.0,H,0.0
24/04/12,1112,Atalanta,Chievo,Home,3.0,1.0,0.0,H,0.0
24/04/16,1516,Atalanta,Chievo,Home,5.0,1.0,0.0,H,1.0
24/04/2023,2223,Atalanta,Roma,Home,4.0,3.0,1.0,H,0.0
24/05/09,809,Atalanta,Palermo,Home,8.0,2.0,2.0,D,0.0
24/05/15,1415,Atalanta,Chievo,Away,3.0,1.0,1.0,D,0.0
24/06/2020,1920,Atalanta,Lazio,Home,9.0,3.0,2.0,H,0.0
24/07/2020,1920,Atalanta,Milan,Away,4.0,1.0,1.0,D,0.0
24/08/2025,2526,Atalanta,Pisa,Home,6.0,1.0,1.0,D,0.0
24/09/06,607,Atalanta,Lazio,Away,4.0,0.0,1.0,H,0.0
24/09/08,809,Atalanta,Cagliari,Home,7.0,1.0,0.0,H,0.0
24/09/14,1415,Atalanta,Inter,Away,2.0,0.0,2.0,H,0.0
24/09/15,1516,Atalanta,Empoli,Away,3.0,1.0,0.0,A,0.0
24/09/17,1718,Atalanta,Fiorentina,Away,5.0,1.0,1.0,D,0.0
24/09/2023,2324,Atalanta,Cagliari,Home,6.0,2.0,0.0,H,0.0
24/09/2024,2425,Atalanta,Como,Home,5.0,2.0,3.0,A,0.0
24/10/2020,2021,Atalanta,Sampdoria,Home,5.0,1.0,3.0,A,0.0
24/10/2021,2122,Atalanta,Udinese,Home,3.0,1.0,1.0,D,0.0
24/11/07,708,Atalanta,Inter,Away,4.0,1.0,2.0,H,1.0
24/11/13,1314,Atalanta,Sassuolo,Away,4.0,0.0,2.0,H,0.0
25/01/09,809,Atalanta,Siena,Away,3.0,0.0,1.0,H,0.0
25/01/15,1415,Atalanta,Verona,Away,3.0,0.0,1.0,H,0.0
25/01/2020,1920,Atalanta,Torino,Away,15.0,7.0,0.0,A,0.0
25/01/2025,2425,Atalanta,Como,Away,3.0,2.0,1.0,A,0.0
25/01/2026,2526,Atalanta,Parma,Home,9.0,4.0,0.0,H,0.0
25/02/17,1617,Atalanta,Napoli,Away,5.0,2.0,0.0,A,1.0
25/02/2024,2324,Atalanta,Milan,Away,3.0,1.0,1.0,D,0.0
25/03/12,1112,Atalanta,Bologna,Home,9.0,2.0,0.0,H,0.0
25/04/2021,2021,Atalanta,Bologna,Home,12.0,5.0,0.0,H,0.0
25/05/2025,2425,Atalanta,Parma,Home,5.0,2.0,3.0,A,0.0
25/08/13,1314,Atalanta,Cagliari,Away,2.0,1.0,2.0,H,0.0
25/08/2019,1920,Atalanta,Spal,Away,14.0,3.0,2.0,A,0.0
25/08/2024,2425,Atalanta,Torino,Away,8.0,1.0,2.0,H,0.0
25/09/11,1112,Atalanta,Novara,Home,5.0,2.0,1.0,H,0.0
25/09/13,1314,Atalanta,Parma,Away,4.0,3.0,4.0,H,0.0
25/09/2019,1920,Atalanta,Roma,Away,4.0,2.0,0.0,A,0.0
25/09/2021,2122,Atalanta,Inter,Away,5.0,2.0,2.0,D,0.0
25/10/06,607,Atalanta,Cagliari,Home,4.0,3.0,3.0,D,0.0
25/10/09,910,Atalanta,Parma,Home,5.0,3.0,1.0,H,0.0
25/10/15,1516,Atalanta,Juventus,Away,0.0,0.0,2.0,H,1.0
25/10/17,1718,Atalanta,Verona,Home,7.0,3.0,0.0,H,0.0
25/10/2025,2526,Atalanta,Cremonese,Away,6.0,1.0,1.0,D,0.0
25/11/12,1213,Atalanta,Genoa,Home,6.0,0.0,1.0,A,0.0
25/11/2018,1819,Atalanta,Empoli,Away,5.0,2.0,3.0,H,1.0
25/11/2023,2324,Atalanta,Napoli,Home,5.0,1.0,2.0,A,0.0
26/01/14,1314,Atalanta,Torino,Away,2.0,0.0,1.0,H,1.0
26/02/12,1112,Atalanta,Roma,Home,6.0,4.0,1.0,H,0.0
26/02/2023,2223,Atalanta,Milan,Away,0.0,0.0,2.0,H,0.0
26/03/14,1314,Atalanta,Livorno,Home,4.0,2.0,0.0,H,0.0
26/04/09,809,Atalanta,Lazio,Away,4.0,1.0,0.0,A,0.0
26/04/15,1415,Atalanta,Empoli,Home,5.0,2.0,2.0,D,0.0
26/05/2019,1819,Atalanta,Sassuolo,Home,5.0,3.0,1.0,H,0.0
26/05/2024,2324,Atalanta,Torino,Home,7.0,3.0,0.0,H,0.0
26/08/07,708,Atalanta,Reggina,Away,2.0,1.0,1.0,D,0.0
26/08/12,1213,Atalanta,Lazio,Home,3.0,0.0,1.0,A,0.0
26/08/2023,2324,Atalanta,Frosinone,Away,6.0,1.0,2.0,H,0.0
26/09/07,708,Atalanta,Siena,Away,3.0,1.0,1.0,D,0.0
26/09/12,1213,Atalanta,Catania,Away,3.0,1.0,2.0,H,0.0
26/09/16,1617,Atalanta,Crotone,Away,8.0,3.0,1.0,A,1.0
26/09/2018,1819,Atalanta,Torino,Home,4.0,0.0,0.0,D,0.0
26/09/2020,2021,Atalanta,Torino,Away,7.0,4.0,2.0,A,0.0
26/10/08,809,Atalanta,Milan,Home,6.0,0.0,1.0,A,0.0
26/10/11,1112,Atalanta,Inter,Home,4.0,1.0,1.0,D,0.0
26/10/13,1314,Atalanta,Sampdoria,Away,0.0,0.0,1.0,H,1.0
26/10/14,1415,Atalanta,Udinese,Away,3.0,0.0,2.0,H,0.0
26/10/16,1617,Atalanta,Pescara,Away,3.0,1.0,0.0,A,0.0
26/10/2024,2425,Atalanta,Verona,Home,10.0,6.0,1.0,H,0.0
26/11/06,607,Atalanta,Torino,Home,6.0,1.0,2.0,A,0.0
26/11/11,1112,Atalanta,Napoli,Home,3.0,1.0,1.0,D,0.0
26/12/2018,1819,Atalanta,Juventus,Home,6.0,2.0,2.0,D,0.0
27/01/08,708,Atalanta,Reggina,Home,4.0,2.0,2.0,D,0.0
27/01/13,1213,Atalanta,Milan,Home,1.0,0.0,1.0,A,1.0
27/01/18,1718,Atalanta,Sassuolo,Away,10.0,3.0,0.0,A,0.0
27/01/2019,1819,Atalanta,Roma,Home,6.0,3.0,3.0,D,0.0
27/01/2024,2324,Atalanta,Udinese,Home,11.0,2.0,0.0,H,0.0
27/02/08,708,Atalanta,Sampdoria,Home,6.0,4.0,1.0,H,0.0
27/04/08,708,Atalanta,Palermo,Away,3.0,0.0,0.0,D,0.0
27/04/13,1213,Atalanta,Bologna,Home,6.0,1.0,1.0,D,0.0
27/04/14,1314,Atalanta,Genoa,Home,6.0,1.0,1.0,D,0.0
27/04/2022,2122,Atalanta,Torino,Home,5.0,4.0,4.0,D,0.0
27/04/2025,2425,Atalanta,Lecce,Home,6.0,1.0,1.0,D,0.0
27/04/2026,2526,Atalanta,Cagliari,Away,6.0,2.0,3.0,H,0.0
27/05/07,607,Atalanta,Livorno,Away,8.0,2.0,4.0,H,0.0
27/05/17,1617,Atalanta,Chievo,Home,6.0,1.0,0.0,H,0.0
27/05/2023,2223,Atalanta,Inter,Away,3.0,2.0,3.0,H,0.0
27/08/17,1718,Atalanta,Napoli,Away,2.0,1.0,3.0,H,0.0
27/08/2018,1819,Atalanta,Roma,Away,10.0,3.0,3.0,D,0.0
27/09/09,910,Atalanta,Chievo,Away,4.0,1.0,1.0,D,0.0
27/09/14,1415,Atalanta,Juventus,Home,1.0,0.0,3.0,A,0.0
27/09/2023,2324,Atalanta,Verona,Away,2.0,1.0,0.0,A,0.0
27/09/2025,2526,Atalanta,Juventus,Away,2.0,1.0,1.0,D,1.0
27/10/2018,1819,Atalanta,Parma,Home,14.0,3.0,0.0,H,0.0
27/10/2019,1920,Atalanta,Udinese,Home,16.0,7.0,1.0,H,0.0
27/10/2021,2122,Atalanta,Sampdoria,Away,4.0,3.0,1.0,A,0.0
27/11/16,1617,Atalanta,Bologna,Away,2.0,2.0,0.0,A,0.0
27/11/17,1718,Atalanta,Benevento,Home,4.0,1.0,0.0,H,0.0
27/11/2021,2122,Atalanta,Juventus,Away,1.0,1.0,0.0,A,0.0
28/01/07,607,Atalanta,Catania,Home,11.0,1.0,1.0,D,0.0
28/01/09,809,Atalanta,Bologna,Home,6.0,0.0,1.0,A,0.0
28/01/2023,2223,Atalanta,Sampdoria,Home,5.0,2.0,0.0,H,0.0
28/02/07,607,Atalanta,Sampdoria,Away,6.0,1.0,2.0,H,0.0
28/02/10,910,Atalanta,Milan,Away,3.0,1.0,3.0,H,0.0
28/02/16,1516,Atalanta,Carpi,Away,5.0,1.0,1.0,D,0.0
28/02/2021,2021,Atalanta,Sampdoria,Away,11.0,2.0,0.0,A,0.0
28/02/2022,2122,Atalanta,Sampdoria,Home,9.0,4.0,0.0,H,0.0
28/02/2024,2324,Atalanta,Inter,Away,1.0,0.0,4.0,H,0.0
28/03/10,910,Atalanta,Juventus,Away,6.0,1.0,2.0,H,0.0
28/04/17,1617,Atalanta,Juventus,Home,7.0,2.0,2.0,D,0.0
28/04/2024,2324,Atalanta,Empoli,Home,5.0,2.0,0.0,H,0.0
28/06/2020,1920,Atalanta,Udinese,Away,13.0,3.0,2.0,A,0.0
28/07/2020,1920,Atalanta,Parma,Away,5.0,2.0,1.0,A,0.0
28/08/16,1617,Atalanta,Sampdoria,Away,1.0,1.0,2.0,H,1.0
28/08/2021,2122,Atalanta,Bologna,Home,3.0,0.0,0.0,D,0.0
28/08/2022,2223,Atalanta,Verona,Away,7.0,1.0,0.0,A,0.0
28/09/08,809,Atalanta,Roma,Away,0.0,0.0,2.0,H,0.0
28/09/15,1516,Atalanta,Sampdoria,Home,5.0,2.0,1.0,H,0.0
28/09/2019,1920,Atalanta,Sassuolo,Away,8.0,4.0,1.0,A,0.0
28/09/2024,2425,Atalanta,Bologna,Away,5.0,1.0,1.0,D,0.0
28/10/07,708,Atalanta,Empoli,Away,3.0,1.0,0.0,A,0.0
28/10/09,910,Atalanta,Livorno,Away,2.0,0.0,1.0,H,0.0
28/10/12,1213,Atalanta,Pescara,Away,4.0,0.0,0.0,D,1.0
28/10/15,1516,Atalanta,Lazio,Home,3.0,2.0,1.0,H,0.0
28/10/2025,2526,Atalanta,Milan,Home,3.0,1.0,1.0,D,0.0
28/11/2020,2021,Atalanta,Verona,Home,6.0,0.0,2.0,A,0.0
28/12/2024,2425,Atalanta,Lazio,Away,4.0,1.0,1.0,D,0.0
28/12/2025,2526,Atalanta,Inter,Home,0.0,0.0,1.0,A,0.0
29/01/12,1112,Atalanta,Cesena,Away,6.0,1.0,0.0,A,1.0
29/01/17,1617,Atalanta,Torino,Away,8.0,1.0,1.0,D,0.0
29/03/14,1314,Atalanta,Bologna,Away,3.0,2.0,0.0,A,0.0
29/04/07,607,Atalanta,Messina,Away,3.0,0.0,0.0,D,0.0
29/04/12,1112,Atalanta,Fiorentina,Home,8.0,2.0,0.0,H,0.0
29/04/15,1415,Atalanta,Cesena,Away,7.0,2.0,2.0,D,0.0
29/04/18,1718,Atalanta,Genoa,Home,6.0,3.0,1.0,H,0.0
29/04/2019,1819,Atalanta,Udinese,Home,8.0,2.0,0.0,H,0.0
29/04/2023,2223,Atalanta,Torino,Away,5.0,2.0,1.0,A,0.0
29/09/13,1314,Atalanta,Udinese,Home,5.0,2.0,0.0,H,0.0
29/10/06,607,Atalanta,Parma,Away,4.0,1.0,3.0,H,1.0
29/10/08,809,Atalanta,Torino,Away,3.0,1.0,2.0,H,0.0
29/10/13,1314,Atalanta,Inter,Home,8.0,1.0,1.0,D,0.0
29/10/14,1415,Atalanta,Napoli,Home,2.0,1.0,1.0,D,1.0
29/10/17,1718,Atalanta,Udinese,Away,2.0,1.0,2.0,H,0.0
29/11/09,910,Atalanta,Roma,Home,6.0,1.0,2.0,A,0.0
29/11/15,1516,Atalanta,Roma,Away,3.0,2.0,0.0,A,2.0
29/12/2018,1819,Atalanta,Sassuolo,Away,9.0,6.0,2.0,A,0.0
30/01/16,1516,Atalanta,Sassuolo,Home,5.0,1.0,1.0,D,0.0
30/03/08,708,Atalanta,Milan,Away,7.0,2.0,1.0,A,0.0
30/03/13,1213,Atalanta,Sampdoria,Home,2.0,0.0,0.0,D,1.0
30/03/2024,2324,Atalanta,Napoli,Away,6.0,3.0,0.0,A,0.0
30/03/2025,2425,Atalanta,Fiorentina,Away,0.0,0.0,1.0,H,0.0
30/05/15,1415,Atalanta,Milan,Home,1.0,1.0,3.0,A,0.0
30/08/09,910,Atalanta,Genoa,Home,5.0,0.0,1.0,A,0.0
30/08/15,1516,Atalanta,Frosinone,Home,11.0,2.0,0.0,H,0.0
30/08/2024,2425,Atalanta,Inter,Away,1.0,0.0,4.0,H,0.0
30/08/2025,2526,Atalanta,Parma,Away,3.0,1.0,1.0,D,0.0
30/09/06,607,Atalanta,Reggina,Home,3.0,1.0,1.0,D,0.0
30/09/07,708,Atalanta,Sampdoria,Away,5.0,0.0,3.0,H,0.0
30/09/12,1213,Atalanta,Torino,Home,2.0,1.0,5.0,A,0.0
30/09/2018,1819,Atalanta,Fiorentina,Away,4.0,0.0,2.0,H,0.0
30/09/2020,2021,Atalanta,Lazio,Away,6.0,4.0,1.0,A,0.0
30/10/11,1112,Atalanta,Bologna,Away,5.0,1.0,3.0,H,0.0
30/10/16,1617,Atalanta,Genoa,Home,9.0,3.0,0.0,H,0.0
30/10/2019,1920,Atalanta,Napoli,Away,6.0,2.0,2.0,D,0.0
30/10/2021,2122,Atalanta,Lazio,Home,3.0,2.0,2.0,D,0.0
30/10/2022,2223,Atalanta,Empoli,Away,6.0,2.0,0.0,A,0.0
30/10/2023,2324,Atalanta,Empoli,Away,6.0,3.0,0.0,A,0.0
30/10/2024,2425,Atalanta,Monza,Home,6.0,2.0,0.0,H,0.0
30/11/08,809,Atalanta,Lazio,Home,5.0,2.0,0.0,H,0.0
30/11/14,1415,Atalanta,Empoli,Away,1.0,0.0,0.0,D,0.0
30/11/2019,1920,Atalanta,Brescia,Away,12.0,3.0,0.0,A,0.0
30/11/2021,2122,Atalanta,Venezia,Home,6.0,4.0,0.0,H,0.0
30/11/2025,2526,Atalanta,Fiorentina,Home,9.0,2.0,0.0,H,0.0
30/12/17,1718,Atalanta,Cagliari,Home,6.0,1.0,2.0,A,0.0
30/12/2023,2324,Atalanta,Lecce,Home,4.0,1.0,0.0,H,0.0
31/01/10,910,Atalanta,Sampdoria,Away,3.0,0.0,2.0,H,0.0
31/01/2021,2021,Atalanta,Lazio,Home,4.0,1.0,3.0,A,0.0
31/03/18,1718,Atalanta,Udinese,Home,7.0,2.0,0.0,H,0.0
31/03/2019,1819,Atalanta,Parma,Away,11.0,3.0,1.0,A,0.0
31/05/09,809,Atalanta,Inter,Away,5.0,3.0,4.0,H,0.0
31/08/08,809,Atalanta,Siena,Home,3.0,1.0,0.0,H,0.0
31/08/14,1415,Atalanta,Verona,Home,1.0,0.0,0.0,D,0.0
31/10/07,708,Atalanta,Cagliari,Home,7.0,2.0,2.0,D,1.0
31/10/12,1213,Atalanta,Napoli,Home,1.0,1.0,0.0,H,0.0
31/10/2020,2021,Atalanta,Crotone,Away,7.0,2.0,1.0,A,0.0
01/05/11,1011,Bari,Roma,Home,2.0,2.0,3.0,A,1.0
01/11/09,910,Bari,Sampdoria,Away,2.0,0.0,0.0,D,0.0
02/05/10,910,Bari,Genoa,Home,4.0,3.0,0.0,H,0.0
03/02/11,1011,Bari,Inter,Home,4.0,0.0,3.0,A,0.0
03/04/10,910,Bari,Roma,Home,2.0,0.0,1.0,A,0.0
03/04/11,1011,Bari,Parma,Away,7.0,2.0,1.0,A,0.0
03/10/09,910,Bari,Catania,Home,2.0,0.0,0.0,D,0.0
03/10/10,1011,Bari,Genoa,Away,3.0,1.0,2.0,H,0.0
05/12/10,1011,Bari,Sampdoria,Away,1.0,0.0,3.0,H,1.0
06/01/10,910,Bari,Udinese,Home,5.0,2.0,0.0,H,0.0
06/01/11,1011,Bari,Lecce,Away,5.0,1.0,0.0,A,0.0
06/02/11,1011,Bari,Brescia,Away,4.0,0.0,2.0,H,0.0
06/03/11,1011,Bari,Udinese,Away,3.0,0.0,1.0,H,0.0
06/12/09,910,Bari,Napoli,Away,6.0,2.0,3.0,H,2.0
07/02/10,910,Bari,Atalanta,Away,3.0,0.0,1.0,H,0.0
07/03/10,910,Bari,Chievo,Home,6.0,1.0,0.0,H,0.0
07/05/11,1011,Bari,Palermo,Away,6.0,1.0,2.0,H,0.0
07/11/10,1011,Bari,Milan,Home,3.0,2.0,3.0,A,0.0
08/11/09,910,Bari,Livorno,Home,4.0,1.0,0.0,H,0.0
09/01/11,1011,Bari,Bologna,Home,3.0,0.0,2.0,A,0.0
09/05/10,910,Bari,Udinese,Away,5.0,3.0,3.0,D,0.0
10/01/10,910,Bari,Fiorentina,Away,5.0,1.0,2.0,H,1.0
10/04/11,1011,Bari,Catania,Home,3.0,1.0,1.0,D,0.0
10/11/10,1011,Bari,Chievo,Away,3.0,0.0,0.0,D,0.0
11/04/10,910,Bari,Siena,Away,4.0,2.0,3.0,H,0.0
12/09/10,1011,Bari,Napoli,Away,8.0,2.0,2.0,D,0.0
12/12/09,910,Bari,Juventus,Home,5.0,3.0,1.0,H,0.0
12/12/10,1011,Bari,Roma,Away,1.0,0.0,1.0,H,0.0
13/02/11,1011,Bari,Genoa,Home,2.0,0.0,0.0,D,0.0
13/03/11,1011,Bari,Milan,Away,3.0,1.0,1.0,D,0.0
13/09/09,910,Bari,Palermo,Away,4.0,1.0,1.0,D,0.0
14/02/10,910,Bari,Cagliari,Away,2.0,1.0,3.0,H,0.0
14/03/10,910,Bari,Lazio,Away,3.0,2.0,0.0,A,0.0
14/11/10,1011,Bari,Parma,Home,4.0,0.0,1.0,A,2.0
15/05/11,1011,Bari,Lecce,Home,2.0,0.0,2.0,A,0.0
16/01/10,910,Bari,Inter,Home,6.0,2.0,2.0,D,0.0
16/01/11,1011,Bari,Juventus,Away,3.0,1.0,2.0,H,0.0
16/05/10,910,Bari,Fiorentina,Home,6.0,2.0,0.0,H,0.0
17/04/11,1011,Bari,Cesena,Away,4.0,0.0,1.0,H,0.0
17/10/10,1011,Bari,Lazio,Home,5.0,0.0,2.0,A,0.0
18/04/10,910,Bari,Napoli,Home,4.0,1.0,2.0,A,0.0
18/10/09,910,Bari,Chievo,Away,5.0,2.0,1.0,A,0.0
19/09/10,1011,Bari,Cagliari,Home,0.0,0.0,0.0,D,0.0
19/12/10,1011,Bari,Palermo,Home,3.0,1.0,1.0,D,1.0
20/01/10,910,Bari,Genoa,Away,2.0,1.0,1.0,D,0.0
20/02/11,1011,Bari,Lazio,Away,1.0,0.0,1.0,H,0.0
20/03/11,1011,Bari,Chievo,Home,5.0,1.0,2.0,A,0.0
20/09/09,910,Bari,Atalanta,Home,8.0,4.0,1.0,H,0.0
21/02/10,910,Bari,Milan,Home,2.0,0.0,2.0,A,0.0
21/03/10,910,Bari,Parma,Home,2.0,1.0,1.0,D,0.0
21/11/10,1011,Bari,Catania,Away,0.0,0.0,1.0,H,0.0
22/05/11,1011,Bari,Bologna,Away,5.0,4.0,0.0,A,0.0
22/09/10,1011,Bari,Inter,Away,3.0,0.0,4.0,H,0.0
22/11/09,910,Bari,Roma,Away,5.0,1.0,3.0,H,0.0
23/01/11,1011,Bari,Napoli,Home,1.0,0.0,2.0,A,1.0
23/04/11,1011,Bari,Sampdoria,Home,1.0,0.0,1.0,A,0.0
23/08/09,910,Bari,Inter,Away,4.0,1.0,1.0,D,0.0
23/09/09,910,Bari,Cagliari,Home,3.0,0.0,1.0,A,0.0
23/10/10,1011,Bari,Fiorentina,Away,2.0,1.0,2.0,H,0.0
24/01/10,910,Bari,Bologna,Away,3.0,1.0,2.0,H,0.0
24/03/10,910,Bari,Sampdoria,Home,4.0,2.0,1.0,H,0.0
25/04/10,910,Bari,Juventus,Away,2.0,0.0,3.0,H,0.0
25/10/09,910,Bari,Lazio,Home,5.0,2.0,0.0,H,0.0
26/09/10,1011,Bari,Brescia,Home,8.0,2.0,1.0,H,0.0
27/02/10,910,Bari,Catania,Away,4.0,0.0,4.0,H,0.0
27/02/11,1011,Bari,Fiorentina,Home,2.0,1.0,1.0,D,0.0
27/09/09,910,Bari,Milan,Away,5.0,0.0,0.0,D,0.0
28/03/10,910,Bari,Livorno,Away,7.0,1.0,1.0,D,0.0
28/10/09,910,Bari,Parma,Away,0.0,0.0,2.0,H,0.0
28/11/10,1011,Bari,Cesena,Home,4.0,1.0,1.0,D,0.0
29/08/09,910,Bari,Bologna,Home,1.0,0.0,0.0,D,1.0
29/08/10,1011,Bari,Juventus,Home,5.0,1.0,0.0,H,0.0
29/11/09,910,Bari,Siena,Home,5.0,2.0,1.0,H,0.0
30/01/10,910,Bari,Palermo,Home,6.0,4.0,2.0,H,0.0
30/01/11,1011,Bari,Cagliari,Away,7.0,1.0,2.0,H,0.0
31/10/10,1011,Bari,Udinese,Home,2.0,0.0,2.0,A,0.0
01/05/2021,2021,Benevento,Milan,Away,2.0,0.0,2.0,H,0.0
01/10/17,1718,Benevento,Inter,Home,2.0,1.0,2.0,A,0.0
02/11/2020,2021,Benevento,Verona,Away,5.0,1.0,3.0,H,1.0
03/01/2021,2021,Benevento,Milan,Home,7.0,0.0,2.0,A,0.0
03/03/2021,2021,Benevento,Verona,Home,2.0,0.0,3.0,A,0.0
03/04/2021,2021,Benevento,Parma,Home,4.0,2.0,2.0,D,0.0
03/12/17,1718,Benevento,Milan,Home,6.0,2.0,2.0,D,0.0
04/02/18,1718,Benevento,Napoli,Home,4.0,0.0,2.0,A,0.0
04/04/18,1718,Benevento,Verona,Home,15.0,3.0,0.0,H,0.0
04/10/2020,2021,Benevento,Bologna,Home,3.0,1.0,0.0,H,0.0
05/11/17,1718,Benevento,Juventus,Away,1.0,1.0,2.0,H,0.0
06/01/18,1718,Benevento,Sampdoria,Home,4.0,3.0,2.0,H,0.0
06/01/2021,2021,Benevento,Cagliari,Away,3.0,2.0,1.0,A,0.0
06/03/2021,2021,Benevento,Spezia,Away,2.0,1.0,1.0,D,0.0
06/05/18,1718,Benevento,Spal,Away,3.0,0.0,2.0,H,0.0
06/12/2020,2021,Benevento,Parma,Away,4.0,0.0,0.0,D,0.0
07/02/2021,2021,Benevento,Sampdoria,Home,3.0,1.0,1.0,D,0.0
07/04/18,1718,Benevento,Juventus,Home,6.0,2.0,4.0,A,0.0
07/11/2020,2021,Benevento,Spezia,Home,3.0,0.0,3.0,A,0.0
09/01/2021,2021,Benevento,Atalanta,Home,2.0,1.0,4.0,A,0.0
09/05/2021,2021,Benevento,Cagliari,Home,7.0,1.0,3.0,A,0.0
10/09/17,1718,Benevento,Torino,Home,5.0,0.0,1.0,A,0.0
10/12/17,1718,Benevento,Udinese,Away,5.0,0.0,2.0,H,0.0
11/02/18,1718,Benevento,Roma,Away,3.0,2.0,5.0,H,0.0
11/03/18,1718,Benevento,Fiorentina,Away,3.0,0.0,1.0,H,0.0
11/12/2020,2021,Benevento,Sassuolo,Away,7.0,0.0,1.0,H,0.0
12/02/2021,2021,Benevento,Bologna,Away,8.0,1.0,1.0,D,0.0
12/04/2021,2021,Benevento,Sassuolo,Home,5.0,0.0,1.0,A,0.0
12/05/18,1718,Benevento,Genoa,Home,3.0,1.0,0.0,H,0.0
12/05/2021,2021,Benevento,Atalanta,Away,1.0,0.0,2.0,H,1.0
13/03/2021,2021,Benevento,Fiorentina,Home,6.0,1.0,4.0,A,0.0
15/04/18,1718,Benevento,Sassuolo,Away,2.0,2.0,2.0,D,0.0
15/12/2020,2021,Benevento,Lazio,Home,6.0,1.0,1.0,D,1.0
16/05/2021,2021,Benevento,Crotone,Home,11.0,1.0,1.0,D,0.0
16/10/17,1718,Benevento,Verona,Away,1.0,0.0,1.0,H,1.0
17/01/2021,2021,Benevento,Crotone,Away,6.0,1.0,4.0,H,1.0
17/09/17,1718,Benevento,Napoli,Away,0.0,0.0,6.0,H,0.0
17/12/17,1718,Benevento,Spal,Home,4.0,1.0,2.0,A,0.0
18/02/18,1718,Benevento,Crotone,Home,8.0,3.0,2.0,H,0.0
18/03/18,1718,Benevento,Cagliari,Home,4.0,1.0,2.0,A,0.0
18/04/18,1718,Benevento,Atalanta,Home,4.0,0.0,3.0,A,0.0
18/04/2021,2021,Benevento,Lazio,Away,8.0,3.0,5.0,H,0.0
18/10/2020,2021,Benevento,Roma,Away,4.0,2.0,5.0,H,0.0
19/11/17,1718,Benevento,Sassuolo,Home,6.0,1.0,2.0,A,1.0
20/05/18,1718,Benevento,Chievo,Away,1.0,0.0,1.0,H,0.0
20/08/17,1718,Benevento,Sampdoria,Away,7.0,1.0,2.0,H,0.0
20/09/17,1718,Benevento,Roma,Home,5.0,0.0,4.0,A,0.0
20/12/2020,2021,Benevento,Genoa,Home,3.0,2.0,0.0,H,0.0
21/01/18,1718,Benevento,Bologna,Away,1.0,0.0,3.0,H,0.0
21/02/2021,2021,Benevento,Roma,Home,3.0,0.0,0.0,D,1.0
21/03/2021,2021,Benevento,Juventus,Away,1.0,1.0,0.0,A,0.0
21/04/18,1718,Benevento,Milan,Away,1.0,1.0,0.0,A,1.0
21/04/2021,2021,Benevento,Genoa,Away,2.0,2.0,2.0,D,0.0
22/01/2021,2021,Benevento,Torino,Home,3.0,2.0,2.0,D,0.0
22/10/17,1718,Benevento,Fiorentina,Home,1.0,0.0,3.0,A,0.0
22/11/2020,2021,Benevento,Fiorentina,Away,4.0,1.0,0.0,A,0.0
23/05/2021,2021,Benevento,Torino,Away,3.0,1.0,1.0,D,0.0
23/12/17,1718,Benevento,Genoa,Away,3.0,0.0,1.0,H,0.0
23/12/2020,2021,Benevento,Udinese,Away,2.0,2.0,0.0,A,0.0
24/02/18,1718,Benevento,Inter,Away,1.0,0.0,2.0,H,1.0
24/09/17,1718,Benevento,Crotone,Away,2.0,0.0,2.0,H,0.0
25/04/2021,2021,Benevento,Udinese,Home,9.0,2.0,4.0,A,0.0
25/10/17,1718,Benevento,Cagliari,Away,3.0,1.0,2.0,H,0.0
25/10/2020,2021,Benevento,Napoli,Home,3.0,1.0,2.0,A,0.0
26/08/17,1718,Benevento,Bologna,Home,5.0,0.0,1.0,A,0.0
26/09/2020,2021,Benevento,Sampdoria,Away,6.0,3.0,2.0,A,0.0
27/11/17,1718,Benevento,Atalanta,Away,2.0,0.0,1.0,H,0.0
28/01/18,1718,Benevento,Torino,Away,1.0,0.0,3.0,H,1.0
28/02/2021,2021,Benevento,Napoli,Away,4.0,0.0,2.0,H,0.0
28/11/2020,2021,Benevento,Juventus,Home,5.0,1.0,1.0,D,0.0
29/04/18,1718,Benevento,Udinese,Home,6.0,3.0,3.0,D,1.0
29/10/17,1718,Benevento,Lazio,Home,6.0,1.0,5.0,A,0.0
30/01/2021,2021,Benevento,Inter,Away,0.0,0.0,4.0,H,0.0
30/09/2020,2021,Benevento,Inter,Home,7.0,2.0,5.0,A,0.0
30/12/17,1718,Benevento,Chievo,Home,9.0,1.0,0.0,H,0.0
31/03/18,1718,Benevento,Lazio,Away,3.0,2.0,6.0,H,1.0
01/02/14,1314,Bologna,Udinese,Home,1.0,0.0,2.0,A,0.0
01/02/2020,1920,Bologna,Brescia,Home,7.0,2.0,1.0,H,0.0
01/02/2025,2425,Bologna,Como,Home,4.0,2.0,0.0,H,0.0
01/04/12,1112,Bologna,Palermo,Home,3.0,1.0,3.0,A,0.0
01/04/2024,2324,Bologna,Salernitana,Home,3.0,3.0,0.0,H,0.0
01/05/11,1011,Bologna,Milan,Away,1.0,0.0,1.0,H,1.0
01/05/16,1516,Bologna,Empoli,Away,6.0,0.0,0.0,D,0.0
01/05/2022,2122,Bologna,Roma,Away,4.0,0.0,0.0,D,0.0
01/07/2020,1920,Bologna,Cagliari,Home,7.0,1.0,1.0,D,0.0
01/09/12,1213,Bologna,Milan,Home,3.0,1.0,3.0,A,0.0
01/09/13,1314,Bologna,Sampdoria,Home,6.0,2.0,2.0,D,0.0
01/09/2018,1819,Bologna,Inter,Home,1.0,0.0,3.0,A,0.0
01/09/2022,2223,Bologna,Salernitana,Home,4.0,1.0,1.0,D,0.0
01/10/2023,2324,Bologna,Empoli,Home,9.0,3.0,0.0,H,0.0
01/11/09,910,Bologna,Roma,Away,3.0,1.0,2.0,H,0.0
01/11/15,1516,Bologna,Atalanta,Home,5.0,3.0,0.0,H,0.0
01/11/2021,2122,Bologna,Cagliari,Home,3.0,2.0,0.0,H,0.0
01/12/2018,1819,Bologna,Sampdoria,Away,4.0,1.0,4.0,H,0.0
01/12/2019,1920,Bologna,Napoli,Away,6.0,2.0,1.0,A,0.0
01/12/2021,2122,Bologna,Roma,Home,3.0,1.0,0.0,H,0.0
01/12/2025,2526,Bologna,Cremonese,Home,7.0,1.0,3.0,A,0.0
02/02/09,809,Bologna,Fiorentina,Home,3.0,1.0,3.0,A,0.0
02/02/11,1011,Bologna,Udinese,Away,4.0,1.0,1.0,D,0.0
02/03/14,1314,Bologna,Verona,Away,6.0,0.0,0.0,D,1.0
02/03/2025,2425,Bologna,Cagliari,Home,5.0,2.0,1.0,H,0.0
02/03/2026,2526,Bologna,Pisa,Away,1.0,1.0,0.0,A,0.0
02/04/11,1011,Bologna,Brescia,Away,4.0,1.0,3.0,H,0.0
02/04/17,1617,Bologna,Fiorentina,Away,1.0,0.0,1.0,H,0.0
02/04/2023,2223,Bologna,Udinese,Home,4.0,3.0,0.0,H,0.0
02/05/09,809,Bologna,Reggina,Home,6.0,1.0,2.0,A,0.0
02/05/10,910,Bologna,Atalanta,Away,2.0,1.0,1.0,D,0.0
02/05/12,1112,Bologna,Catania,Away,3.0,1.0,0.0,A,0.0
02/05/2021,2021,Bologna,Fiorentina,Home,6.0,3.0,3.0,D,0.0
02/08/2020,1920,Bologna,Torino,Home,5.0,1.0,1.0,D,0.0
02/09/2023,2324,Bologna,Cagliari,Home,7.0,2.0,1.0,H,0.0
02/10/11,1112,Bologna,Udinese,Away,3.0,0.0,2.0,H,0.0
02/10/16,1617,Bologna,Genoa,Home,3.0,0.0,1.0,A,2.0
02/10/2022,2223,Bologna,Juventus,Away,1.0,0.0,3.0,H,0.0
02/11/08,809,Bologna,Cagliari,Away,1.0,1.0,5.0,H,0.0
02/11/2019,1920,Bologna,Inter,Home,3.0,1.0,2.0,A,0.0
02/11/2024,2425,Bologna,Lecce,Home,4.0,1.0,0.0,H,0.0
02/11/2025,2526,Bologna,Parma,Away,6.0,3.0,1.0,A,0.0
02/12/12,1213,Bologna,Atalanta,Home,6.0,2.0,1.0,H,0.0
03/01/2021,2021,Bologna,Fiorentina,Away,4.0,0.0,0.0,D,0.0
03/02/13,1213,Bologna,Pescara,Away,6.0,3.0,2.0,A,0.0
03/02/16,1516,Bologna,Frosinone,Away,3.0,0.0,1.0,H,1.0
03/02/2019,1819,Bologna,Inter,Away,7.0,1.0,0.0,A,0.0
03/02/2024,2324,Bologna,Sassuolo,Home,4.0,4.0,2.0,H,0.0
03/02/2026,2526,Bologna,Milan,Home,2.0,0.0,3.0,A,0.0
03/03/13,1213,Bologna,Cagliari,Home,7.0,3.0,0.0,H,0.0
03/03/18,1718,Bologna,Spal,Away,0.0,0.0,1.0,H,1.0
03/03/2019,1819,Bologna,Udinese,Away,9.0,1.0,2.0,H,0.0
03/03/2021,2021,Bologna,Cagliari,Away,6.0,0.0,1.0,H,0.0
03/03/2024,2324,Bologna,Atalanta,Away,6.0,2.0,1.0,A,0.0
03/04/10,910,Bologna,Inter,Away,1.0,0.0,3.0,H,0.0
03/04/2021,2021,Bologna,Inter,Home,3.0,0.0,1.0,A,0.0
03/05/2024,2324,Bologna,Torino,Away,1.0,0.0,0.0,D,0.0
03/05/2026,2526,Bologna,Cagliari,Home,4.0,0.0,0.0,D,0.0
03/10/10,1011,Bologna,Sampdoria,Home,6.0,1.0,1.0,D,0.0
03/10/2021,2122,Bologna,Lazio,Home,3.0,3.0,0.0,H,0.0
03/11/2023,2324,Bologna,Lazio,Home,2.0,1.0,0.0,H,0.0
03/12/17,1718,Bologna,Cagliari,Home,3.0,1.0,1.0,D,0.0
03/12/2023,2324,Bologna,Lecce,Away,4.0,1.0,1.0,D,0.0
04/01/2023,2223,Bologna,Roma,Away,2.0,0.0,1.0,H,0.0
04/01/2026,2526,Bologna,Inter,Away,2.0,1.0,3.0,H,0.0
04/02/17,1617,Bologna,Napoli,Home,7.0,1.0,7.0,A,1.0
04/02/18,1718,Bologna,Fiorentina,Home,4.0,1.0,2.0,A,0.0
04/03/12,1112,Bologna,Novara,Home,8.0,1.0,0.0,H,0.0
04/04/16,1516,Bologna,Verona,Home,1.0,0.0,1.0,A,0.0
04/04/2019,1819,Bologna,Atalanta,Away,4.0,1.0,4.0,H,0.0
04/04/2022,2122,Bologna,Milan,Away,4.0,0.0,0.0,D,0.0
04/05/14,1314,Bologna,Genoa,Away,3.0,0.0,0.0,D,0.0
04/05/2023,2223,Bologna,Empoli,Away,3.0,1.0,3.0,H,0.0
04/05/2025,2425,Bologna,Juventus,Home,2.0,1.0,1.0,D,0.0
04/06/2023,2223,Bologna,Lecce,Away,7.0,3.0,2.0,A,0.0
04/09/2022,2223,Bologna,Spezia,Away,6.0,2.0,2.0,D,0.0
04/10/08,809,Bologna,Inter,Away,4.0,1.0,2.0,H,0.0
04/10/09,910,Bologna,Genoa,Home,5.0,1.0,3.0,A,0.0
04/10/15,1516,Bologna,Juventus,Away,1.0,1.0,3.0,H,0.0
04/10/2020,2021,Bologna,Benevento,Away,7.0,0.0,1.0,H,0.0
04/11/12,1213,Bologna,Udinese,Home,2.0,1.0,1.0,D,0.0
04/11/13,1314,Bologna,Chievo,Home,3.0,0.0,0.0,D,0.0
04/11/17,1718,Bologna,Crotone,Home,5.0,2.0,3.0,A,0.0
04/11/2018,1819,Bologna,Atalanta,Home,5.0,1.0,2.0,A,0.0
04/12/11,1112,Bologna,Siena,Home,5.0,1.0,0.0,H,0.0
05/01/2024,2324,Bologna,Genoa,Home,8.0,1.0,1.0,D,0.0
05/02/12,1112,Bologna,Lecce,Away,2.0,0.0,0.0,D,0.0
05/02/2023,2223,Bologna,Fiorentina,Away,7.0,2.0,1.0,A,0.0
05/03/17,1617,Bologna,Lazio,Home,3.0,0.0,2.0,A,0.0
05/04/09,809,Bologna,Roma,Away,4.0,1.0,2.0,H,0.0
05/04/14,1314,Bologna,Inter,Away,8.0,2.0,2.0,D,0.0
05/04/2026,2526,Bologna,Cremonese,Away,7.0,2.0,1.0,A,1.0
05/05/13,1213,Bologna,Lazio,Away,2.0,0.0,6.0,H,0.0
05/05/18,1718,Bologna,Juventus,Away,3.0,1.0,3.0,H,0.0
05/07/2020,1920,Bologna,Inter,Away,8.0,2.0,1.0,A,1.0
05/10/2025,2526,Bologna,Pisa,Home,7.0,4.0,0.0,H,0.0
05/11/11,1112,Bologna,Palermo,Away,6.0,1.0,3.0,H,0.0
05/12/10,1011,Bologna,Cesena,Away,4.0,2.0,0.0,A,0.0
05/12/16,1617,Bologna,Udinese,Away,1.0,0.0,1.0,H,1.0
05/12/2020,2021,Bologna,Inter,Away,7.0,1.0,3.0,H,0.0
05/12/2021,2122,Bologna,Fiorentina,Home,3.0,2.0,3.0,A,0.0
06/01/10,910,Bologna,Catania,Away,2.0,0.0,1.0,H,0.0
06/01/11,1011,Bologna,Fiorentina,Home,1.0,1.0,1.0,D,0.0
06/01/13,1213,Bologna,Genoa,Away,2.0,0.0,2.0,H,1.0
06/01/14,1314,Bologna,Catania,Away,2.0,0.0,2.0,H,0.0
06/01/16,1516,Bologna,Milan,Away,3.0,1.0,0.0,A,0.0
06/01/18,1718,Bologna,Torino,Away,1.0,0.0,3.0,H,0.0
06/01/2020,1920,Bologna,Fiorentina,Home,7.0,1.0,1.0,D,0.0
06/01/2021,2021,Bologna,Udinese,Home,7.0,2.0,2.0,D,1.0
06/02/11,1011,Bologna,Catania,Home,6.0,1.0,0.0,H,0.0
06/02/16,1516,Bologna,Fiorentina,Home,6.0,1.0,1.0,D,0.0
06/02/2022,2122,Bologna,Empoli,Home,2.0,0.0,0.0,D,0.0
06/03/11,1011,Bologna,Cagliari,Home,4.0,2.0,2.0,D,0.0
06/03/16,1516,Bologna,Carpi,Home,4.0,0.0,0.0,D,0.0
06/03/2022,2122,Bologna,Torino,Home,1.0,0.0,0.0,D,0.0
06/03/2023,2223,Bologna,Torino,Away,1.0,0.0,1.0,H,0.0
06/04/13,1213,Bologna,Torino,Home,5.0,2.0,2.0,D,0.0
06/05/12,1112,Bologna,Napoli,Home,6.0,2.0,0.0,H,1.0
06/05/2019,1819,Bologna,Milan,Away,7.0,1.0,2.0,H,2.0
06/10/13,1314,Bologna,Verona,Home,8.0,1.0,4.0,A,0.0
06/10/2018,1819,Bologna,Cagliari,Away,4.0,0.0,2.0,H,0.0
06/10/2019,1920,Bologna,Lazio,Home,10.0,2.0,2.0,D,1.0
06/10/2024,2425,Bologna,Parma,Home,3.0,0.0,0.0,D,0.0
06/11/10,1011,Bologna,Lecce,Home,5.0,2.0,0.0,H,0.0
06/11/16,1617,Bologna,Roma,Away,5.0,0.0,3.0,H,0.0
06/11/2022,2223,Bologna,Torino,Home,5.0,2.0,1.0,H,0.0
06/12/09,910,Bologna,Udinese,Home,4.0,2.0,1.0,H,0.0
06/12/13,1314,Bologna,Juventus,Home,4.0,0.0,2.0,A,0.0
06/12/15,1516,Bologna,Napoli,Home,4.0,3.0,2.0,H,0.0
07/01/2026,2526,Bologna,Atalanta,Home,2.0,0.0,2.0,A,0.0
07/02/10,910,Bologna,Milan,Home,1.0,0.0,0.0,D,0.0
07/02/2020,1920,Bologna,Roma,Away,8.0,3.0,2.0,A,0.0
07/02/2021,2021,Bologna,Parma,Away,7.0,3.0,0.0,A,0.0
07/03/10,910,Bologna,Napoli,Home,5.0,2.0,1.0,H,0.0
07/03/12,1112,Bologna,Juventus,Home,2.0,1.0,1.0,D,0.0
07/03/2021,2021,Bologna,Napoli,Away,7.0,1.0,3.0,H,0.0
07/04/12,1112,Bologna,Cesena,Away,6.0,0.0,0.0,D,0.0
07/04/2024,2324,Bologna,Frosinone,Away,5.0,0.0,0.0,D,0.0
07/04/2025,2425,Bologna,Napoli,Home,4.0,1.0,1.0,D,0.0
07/05/16,1516,Bologna,Milan,Home,1.0,0.0,1.0,A,1.0
07/05/17,1617,Bologna,Empoli,Away,3.0,1.0,3.0,H,0.0
07/10/12,1213,Bologna,Fiorentina,Away,1.0,0.0,1.0,H,0.0
07/10/2023,2324,Bologna,Inter,Away,3.0,2.0,2.0,D,0.0
07/11/15,1516,Bologna,Verona,Away,4.0,2.0,0.0,A,0.0
07/11/2021,2122,Bologna,Sampdoria,Away,7.0,2.0,1.0,A,0.0
07/12/08,809,Bologna,Reggina,Away,5.0,2.0,2.0,D,0.0
07/12/2024,2425,Bologna,Juventus,Away,4.0,2.0,2.0,D,0.0
07/12/2025,2526,Bologna,Lazio,Away,6.0,1.0,1.0,D,0.0
08/01/12,1112,Bologna,Catania,Home,5.0,2.0,0.0,H,0.0
08/01/17,1617,Bologna,Juventus,Away,2.0,0.0,3.0,H,0.0
08/02/09,809,Bologna,Udinese,Away,2.0,0.0,1.0,H,0.0
08/02/17,1617,Bologna,Milan,Home,5.0,0.0,1.0,A,0.0
08/02/2026,2526,Bologna,Parma,Home,2.0,0.0,1.0,A,1.0
08/03/09,809,Bologna,Sampdoria,Home,3.0,3.0,0.0,H,0.0
08/03/2026,2526,Bologna,Verona,Home,2.0,1.0,2.0,A,0.0
08/04/18,1718,Bologna,Crotone,Away,1.0,0.0,1.0,H,0.0
08/04/2019,1819,Bologna,Chievo,Home,11.0,3.0,0.0,H,0.0
08/04/2023,2223,Bologna,Atalanta,Away,6.0,2.0,0.0,A,0.0
08/05/11,1011,Bologna,Parma,Home,4.0,0.0,0.0,D,0.0
08/05/13,1213,Bologna,Napoli,Home,3.0,0.0,3.0,A,0.0
08/05/2021,2021,Bologna,Udinese,Away,4.0,1.0,1.0,D,0.0
08/05/2022,2122,Bologna,Venezia,Away,10.0,3.0,4.0,H,0.0
08/05/2023,2223,Bologna,Sassuolo,Away,3.0,1.0,1.0,D,0.0
08/07/2020,1920,Bologna,Sassuolo,Home,6.0,1.0,2.0,A,0.0
08/10/2022,2223,Bologna,Sampdoria,Home,3.0,1.0,1.0,D,0.0
08/11/08,809,Bologna,Roma,Home,1.0,1.0,1.0,D,0.0
08/11/09,910,Bologna,Palermo,Home,5.0,3.0,1.0,H,0.0
08/11/2019,1920,Bologna,Sassuolo,Away,7.0,1.0,3.0,H,0.0
08/11/2020,2021,Bologna,Napoli,Home,4.0,0.0,1.0,A,0.0
08/12/10,1011,Bologna,Chievo,Home,5.0,2.0,1.0,H,0.0
08/12/2019,1920,Bologna,Milan,Home,4.0,2.0,3.0,A,0.0
09/01/11,1011,Bologna,Bari,Away,6.0,2.0,0.0,A,0.0
09/01/2021,2021,Bologna,Genoa,Away,4.0,0.0,2.0,H,0.0
09/01/2023,2223,Bologna,Atalanta,Home,3.0,1.0,2.0,A,0.0
09/02/14,1314,Bologna,Torino,Away,6.0,2.0,1.0,A,0.0
09/02/2025,2425,Bologna,Lecce,Away,2.0,0.0,0.0,D,0.0
09/03/14,1314,Bologna,Sassuolo,Home,4.0,0.0,0.0,D,0.0
09/03/2024,2324,Bologna,Inter,Home,3.0,0.0,1.0,A,0.0
09/03/2025,2425,Bologna,Verona,Away,6.0,2.0,1.0,A,0.0
09/04/17,1617,Bologna,Roma,Home,4.0,0.0,3.0,A,0.0
09/05/10,910,Bologna,Catania,Home,4.0,1.0,1.0,D,0.0
09/05/2025,2425,Bologna,Milan,Away,4.0,1.0,3.0,H,0.0
09/11/2022,2223,Bologna,Inter,Away,4.0,1.0,6.0,H,0.0
09/11/2025,2526,Bologna,Napoli,Home,4.0,2.0,0.0,H,0.0
09/12/2018,1819,Bologna,Empoli,Away,8.0,1.0,2.0,H,0.0
10/01/10,910,Bologna,Cagliari,Home,6.0,0.0,1.0,A,0.0
10/01/16,1516,Bologna,Chievo,Home,2.0,0.0,1.0,A,0.0
10/01/2026,2526,Bologna,Como,Away,2.0,1.0,1.0,D,1.0
10/02/13,1213,Bologna,Siena,Home,3.0,1.0,1.0,D,0.0
10/02/2019,1819,Bologna,Genoa,Home,4.0,1.0,1.0,D,0.0
10/03/13,1213,Bologna,Inter,Away,3.0,1.0,0.0,A,0.0
10/03/2019,1819,Bologna,Cagliari,Home,8.0,2.0,0.0,H,0.0
10/04/11,1011,Bologna,Napoli,Home,4.0,0.0,2.0,A,0.0
10/05/09,809,Bologna,Torino,Away,5.0,1.0,1.0,D,0.0
10/09/17,1718,Bologna,Napoli,Home,2.0,0.0,3.0,A,0.0
10/11/10,1011,Bologna,Genoa,Away,3.0,0.0,1.0,H,0.0
10/11/13,1314,Bologna,Atalanta,Away,4.0,1.0,2.0,H,0.0
10/11/2024,2425,Bologna,Roma,Away,4.0,3.0,2.0,A,0.0
10/12/12,1213,Bologna,Lazio,Home,3.0,0.0,0.0,D,0.0
10/12/17,1718,Bologna,Milan,Away,2.0,1.0,2.0,H,0.0
10/12/2023,2324,Bologna,Salernitana,Away,5.0,2.0,1.0,A,0.0
11/01/09,809,Bologna,Chievo,Home,1.0,1.0,1.0,D,1.0
11/01/14,1314,Bologna,Lazio,Home,4.0,0.0,0.0,D,0.0
11/01/2022,2122,Bologna,Cagliari,Away,3.0,1.0,2.0,H,0.0
11/02/18,1718,Bologna,Inter,Away,4.0,1.0,2.0,H,2.0
11/02/2024,2324,Bologna,Lecce,Home,6.0,4.0,0.0,H,0.0
11/03/12,1112,Bologna,Lazio,Away,6.0,3.0,1.0,A,0.0
11/03/18,1718,Bologna,Atalanta,Home,1.0,0.0,1.0,A,0.0
11/03/2023,2223,Bologna,Lazio,Home,2.0,0.0,0.0,D,0.0
11/04/09,809,Bologna,Siena,Home,2.0,1.0,4.0,A,0.0
11/04/10,910,Bologna,Lazio,Home,4.0,2.0,3.0,A,0.0
11/04/16,1516,Bologna,Roma,Away,2.0,1.0,1.0,D,0.0
11/04/2021,2021,Bologna,Roma,Away,5.0,0.0,1.0,H,0.0
11/04/2022,2122,Bologna,Sampdoria,Home,4.0,2.0,0.0,H,0.0
11/05/14,1314,Bologna,Catania,Home,6.0,1.0,2.0,A,1.0
11/05/2024,2324,Bologna,Napoli,Away,4.0,2.0,0.0,A,0.0
11/05/2026,2526,Bologna,Napoli,Away,4.0,3.0,2.0,A,0.0
11/09/11,1112,Bologna,Fiorentina,Away,2.0,0.0,2.0,H,0.0
11/09/16,1617,Bologna,Cagliari,Home,10.0,2.0,1.0,H,0.0
11/09/2022,2223,Bologna,Fiorentina,Home,4.0,2.0,1.0,H,0.0
11/11/12,1213,Bologna,Torino,Away,0.0,0.0,1.0,H,0.0
11/11/2018,1819,Bologna,Chievo,Away,6.0,2.0,2.0,D,0.0
11/12/11,1112,Bologna,Milan,Home,3.0,2.0,2.0,D,0.0
11/12/16,1617,Bologna,Empoli,Home,3.0,0.0,0.0,D,0.0
12/01/13,1213,Bologna,Chievo,Home,5.0,4.0,0.0,H,0.0
12/01/2020,1920,Bologna,Torino,Away,7.0,0.0,1.0,H,0.0
12/01/2025,2425,Bologna,Roma,Home,8.0,2.0,2.0,D,0.0
12/02/17,1617,Bologna,Sampdoria,Away,2.0,1.0,3.0,H,0.0
12/02/2021,2021,Bologna,Benevento,Home,3.0,1.0,1.0,D,0.0
12/02/2022,2122,Bologna,Lazio,Away,3.0,0.0,3.0,H,0.0
12/02/2023,2223,Bologna,Monza,Home,3.0,0.0,1.0,A,0.0
12/03/16,1516,Bologna,Inter,Away,1.0,1.0,2.0,H,0.0
12/03/17,1617,Bologna,Sassuolo,Away,1.0,1.0,0.0,A,0.0
12/04/12,1112,Bologna,Cagliari,Home,7.0,1.0,0.0,H,0.0
12/04/2026,2526,Bologna,Lecce,Home,4.0,2.0,0.0,H,0.0
12/05/13,1213,Bologna,Parma,Away,2.0,2.0,0.0,A,0.0
12/05/2021,2021,Bologna,Genoa,Home,8.0,0.0,2.0,A,0.0
12/07/2020,1920,Bologna,Parma,Away,6.0,2.0,2.0,D,0.0
12/09/10,1011,Bologna,Lazio,Away,1.0,1.0,3.0,H,0.0
12/11/2022,2223,Bologna,Sassuolo,Home,4.0,3.0,0.0,H,0.0
12/11/2023,2324,Bologna,Fiorentina,Away,4.0,1.0,2.0,H,0.0
12/12/10,1011,Bologna,Milan,Home,3.0,0.0,3.0,A,0.0
12/12/15,1516,Bologna,Genoa,Away,2.0,1.0,0.0,A,1.0
12/12/2021,2122,Bologna,Torino,Away,5.0,1.0,2.0,H,0.0
13/02/11,1011,Bologna,Sampdoria,Away,5.0,1.0,3.0,H,0.0
13/03/11,1011,Bologna,Lecce,Away,3.0,1.0,0.0,A,0.0
13/03/2022,2122,Bologna,Fiorentina,Away,0.0,0.0,1.0,H,1.0
13/04/14,1314,Bologna,Parma,Home,4.0,1.0,1.0,D,0.0
13/04/2024,2324,Bologna,Monza,Home,7.0,0.0,0.0,D,0.0
13/04/2025,2425,Bologna,Atalanta,Away,5.0,0.0,2.0,H,0.0
13/05/12,1112,Bologna,Parma,Away,0.0,0.0,1.0,H,0.0
13/05/18,1718,Bologna,Chievo,Home,3.0,1.0,2.0,A,0.0
13/05/2019,1819,Bologna,Parma,Home,10.0,4.0,1.0,H,0.0
13/09/09,910,Bologna,Chievo,Home,3.0,0.0,2.0,A,0.0
13/09/2021,2122,Bologna,Verona,Home,4.0,1.0,0.0,H,0.0
13/12/08,809,Bologna,Torino,Home,8.0,5.0,2.0,H,0.0
13/12/09,910,Bologna,Parma,Away,4.0,1.0,2.0,H,1.0
13/12/2020,2021,Bologna,Roma,Home,1.0,1.0,5.0,A,0.0
14/01/17,1617,Bologna,Crotone,Away,7.0,1.0,0.0,A,0.0
14/01/2024,2324,Bologna,Cagliari,Away,4.0,1.0,2.0,H,0.0
14/02/09,809,Bologna,Napoli,Away,7.0,1.0,1.0,D,0.0
14/02/10,910,Bologna,Livorno,Away,1.0,1.0,0.0,A,0.0
14/02/14,1314,Bologna,Milan,Away,4.0,0.0,1.0,H,0.0
14/02/16,1516,Bologna,Udinese,Away,2.0,1.0,0.0,A,0.0
14/02/2024,2324,Bologna,Fiorentina,Home,7.0,2.0,0.0,H,0.0
14/02/2025,2425,Bologna,Torino,Home,7.0,3.0,2.0,H,0.0
14/03/09,809,Bologna,Juventus,Away,3.0,1.0,4.0,H,0.0
14/03/10,910,Bologna,Sampdoria,Home,2.0,1.0,1.0,D,0.0
14/03/2021,2021,Bologna,Sampdoria,Home,7.0,3.0,1.0,H,0.0
14/04/13,1213,Bologna,Palermo,Away,3.0,1.0,1.0,D,0.0
14/04/2019,1819,Bologna,Fiorentina,Away,3.0,0.0,0.0,D,0.0
14/05/17,1617,Bologna,Pescara,Home,7.0,3.0,1.0,H,0.0
14/05/2023,2223,Bologna,Roma,Home,3.0,0.0,0.0,D,0.0
14/08/2022,2223,Bologna,Lazio,Away,3.0,1.0,2.0,H,1.0
14/09/08,809,Bologna,Atalanta,Home,2.0,0.0,1.0,A,0.0
14/09/15,1516,Bologna,Sampdoria,Away,2.0,0.0,2.0,H,1.0
14/09/2024,2425,Bologna,Como,Away,4.0,2.0,2.0,D,0.0
14/09/2025,2526,Bologna,Milan,Away,0.0,0.0,1.0,H,0.0
14/11/10,1011,Bologna,Brescia,Home,2.0,1.0,0.0,H,1.0
14/12/2025,2526,Bologna,Juventus,Home,4.0,0.0,1.0,A,1.0
15/01/11,1011,Bologna,Inter,Away,4.0,1.0,4.0,H,0.0
15/01/2023,2223,Bologna,Udinese,Away,2.0,2.0,1.0,A,0.0
15/01/2025,2425,Bologna,Inter,Away,6.0,2.0,2.0,D,0.0
15/01/2026,2526,Bologna,Verona,Away,5.0,3.0,2.0,A,0.0
15/02/2020,1920,Bologna,Genoa,Home,6.0,0.0,3.0,A,2.0
15/02/2026,2526,Bologna,Torino,Away,6.0,2.0,1.0,A,0.0
15/03/2024,2324,Bologna,Empoli,Away,9.0,1.0,0.0,A,0.0
15/03/2026,2526,Bologna,Sassuolo,Away,3.0,1.0,0.0,A,0.0
15/04/17,1617,Bologna,Palermo,Away,4.0,0.0,0.0,D,1.0
15/04/18,1718,Bologna,Verona,Home,6.0,2.0,0.0,H,0.0
15/04/2023,2223,Bologna,Milan,Home,2.0,1.0,1.0,D,0.0
15/05/11,1011,Bologna,Fiorentina,Away,3.0,1.0,1.0,D,1.0
15/05/16,1516,Bologna,Chievo,Away,4.0,0.0,0.0,D,0.0
15/05/2022,2122,Bologna,Sassuolo,Home,2.0,1.0,3.0,A,0.0
15/07/2020,1920,Bologna,Napoli,Home,2.0,1.0,1.0,D,0.0
15/09/13,1314,Bologna,Udinese,Away,3.0,1.0,1.0,D,0.0
15/09/2019,1920,Bologna,Brescia,Away,6.0,4.0,3.0,A,0.0
15/10/17,1718,Bologna,Spal,Home,2.0,2.0,1.0,H,0.0
15/12/13,1314,Bologna,Fiorentina,Away,4.0,0.0,3.0,H,0.0
15/12/2019,1920,Bologna,Atalanta,Home,5.0,2.0,1.0,H,1.0
15/12/2024,2425,Bologna,Fiorentina,Home,6.0,1.0,0.0,H,0.0
16/01/12,1112,Bologna,Napoli,Away,4.0,1.0,1.0,D,0.0
16/01/2021,2021,Bologna,Verona,Home,6.0,1.0,0.0,H,0.0
16/03/13,1213,Bologna,Juventus,Home,3.0,0.0,2.0,A,0.0
16/03/14,1314,Bologna,Livorno,Away,4.0,1.0,2.0,H,0.0
16/03/2019,1819,Bologna,Torino,Away,6.0,3.0,2.0,A,1.0
16/03/2025,2425,Bologna,Lazio,Home,7.0,5.0,0.0,H,0.0
16/04/16,1516,Bologna,Torino,Home,1.0,0.0,1.0,A,0.0
16/04/2022,2122,Bologna,Juventus,Away,2.0,1.0,1.0,D,2.0
16/05/10,910,Bologna,Cagliari,Away,4.0,1.0,1.0,D,0.0
16/09/12,1213,Bologna,Roma,Away,6.0,3.0,2.0,A,0.0
16/09/17,1718,Bologna,Fiorentina,Away,2.0,1.0,2.0,H,0.0
16/09/2018,1819,Bologna,Genoa,Away,2.0,0.0,1.0,H,1.0
16/10/11,1112,Bologna,Novara,Away,6.0,2.0,0.0,A,0.0
16/10/16,1617,Bologna,Lazio,Away,4.0,1.0,1.0,D,0.0
16/10/2022,2223,Bologna,Napoli,Away,3.0,2.0,3.0,H,0.0
16/11/08,809,Bologna,Siena,Away,1.0,1.0,1.0,D,0.0
16/12/12,1213,Bologna,Napoli,Away,4.0,3.0,2.0,A,0.0
16/12/2020,2021,Bologna,Spezia,Away,6.0,2.0,2.0,D,0.0
17/01/10,910,Bologna,Fiorentina,Away,3.0,2.0,1.0,A,0.0
17/01/16,1516,Bologna,Lazio,Home,3.0,2.0,2.0,D,1.0
17/01/2022,2122,Bologna,Napoli,Home,5.0,0.0,2.0,A,0.0
17/02/12,1112,Bologna,Inter,Away,4.0,3.0,0.0,A,0.0
17/02/13,1213,Bologna,Catania,Away,4.0,0.0,1.0,H,0.0
17/04/11,1011,Bologna,Chievo,Away,2.0,0.0,2.0,H,0.0
17/05/09,809,Bologna,Lecce,Home,4.0,2.0,1.0,H,0.0
17/05/2021,2021,Bologna,Verona,Away,5.0,2.0,2.0,D,0.0
17/05/2026,2526,Bologna,Atalanta,Away,5.0,1.0,0.0,A,0.0
17/09/16,1617,Bologna,Napoli,Away,3.0,1.0,3.0,H,1.0
17/09/2022,2223,Bologna,Empoli,Home,3.0,0.0,1.0,A,0.0
17/10/10,1011,Bologna,Palermo,Away,2.0,1.0,4.0,H,0.0
17/10/2021,2122,Bologna,Udinese,Away,11.0,1.0,1.0,D,0.0
17/12/17,1718,Bologna,Juventus,Home,1.0,0.0,3.0,A,0.0
17/12/2023,2324,Bologna,Roma,Home,2.0,2.0,0.0,H,0.0
18/01/09,809,Bologna,Catania,Away,6.0,2.0,1.0,A,0.0
18/01/2025,2425,Bologna,Monza,Home,7.0,3.0,1.0,H,0.0
18/01/2026,2526,Bologna,Fiorentina,Home,3.0,1.0,2.0,A,0.0
18/02/18,1718,Bologna,Sassuolo,Home,6.0,2.0,1.0,H,0.0
18/02/2019,1819,Bologna,Roma,Away,10.0,1.0,2.0,H,0.0
18/02/2023,2223,Bologna,Sampdoria,Away,5.0,2.0,1.0,A,0.0
18/02/2024,2324,Bologna,Lazio,Away,3.0,2.0,1.0,A,0.0
18/03/12,1112,Bologna,Chievo,Home,6.0,2.0,2.0,D,0.0
18/03/18,1718,Bologna,Lazio,Away,3.0,1.0,1.0,D,0.0
18/03/2023,2223,Bologna,Salernitana,Away,2.0,2.0,2.0,D,0.0
18/04/10,910,Bologna,Udinese,Away,0.0,1.0,1.0,D,0.0
18/04/18,1718,Bologna,Sampdoria,Away,2.0,0.0,1.0,H,0.0
18/04/2021,2021,Bologna,Spezia,Home,7.0,4.0,1.0,H,0.0
18/05/14,1314,Bologna,Lazio,Away,1.0,0.0,1.0,H,0.0
18/05/2025,2425,Bologna,Fiorentina,Away,3.0,2.0,3.0,H,1.0
18/07/2020,1920,Bologna,Milan,Away,3.0,1.0,5.0,H,0.0
18/08/2024,2425,Bologna,Udinese,Home,7.0,1.0,1.0,D,0.0
18/09/11,1112,Bologna,Lecce,Home,4.0,0.0,2.0,A,0.0
18/09/2021,2122,Bologna,Inter,Away,2.0,1.0,6.0,H,0.0
18/09/2023,2324,Bologna,Verona,Away,4.0,0.0,0.0,D,0.0
18/10/09,910,Bologna,Napoli,Away,3.0,1.0,2.0,H,0.0
18/10/15,1516,Bologna,Palermo,Home,6.0,0.0,1.0,A,0.0
18/10/2020,2021,Bologna,Sassuolo,Home,7.0,3.0,4.0,A,0.0
18/11/12,1213,Bologna,Palermo,Home,8.0,3.0,0.0,H,1.0
18/12/11,1112,Bologna,Genoa,Away,4.0,1.0,2.0,H,0.0
18/12/16,1617,Bologna,Pescara,Away,8.0,3.0,0.0,A,0.0
18/12/2018,1819,Bologna,Milan,Home,6.0,0.0,0.0,D,0.0
18/12/2021,2122,Bologna,Juventus,Home,3.0,0.0,2.0,A,0.0
19/01/13,1213,Bologna,Milan,Away,2.0,1.0,2.0,H,0.0
19/01/14,1314,Bologna,Napoli,Home,2.0,2.0,2.0,D,1.0
19/01/2020,1920,Bologna,Verona,Home,3.0,1.0,1.0,D,1.0
19/02/11,1011,Bologna,Palermo,Home,2.0,1.0,0.0,H,0.0
19/02/16,1516,Bologna,Juventus,Home,1.0,0.0,0.0,D,0.0
19/02/17,1617,Bologna,Inter,Home,1.0,0.0,1.0,A,0.0
19/03/17,1617,Bologna,Chievo,Home,5.0,4.0,1.0,H,0.0
19/04/09,809,Bologna,Palermo,Away,3.0,1.0,4.0,H,1.0
19/04/14,1314,Bologna,Juventus,Away,2.0,0.0,1.0,H,0.0
19/04/16,1516,Bologna,Napoli,Away,0.0,0.0,6.0,H,0.0
19/04/2026,2526,Bologna,Juventus,Away,0.0,0.0,2.0,H,0.0
19/05/13,1213,Bologna,Genoa,Home,6.0,0.0,0.0,D,0.0
19/08/2018,1819,Bologna,Spal,Home,3.0,0.0,1.0,A,1.0
19/09/10,1011,Bologna,Roma,Away,5.0,2.0,2.0,D,0.0
19/09/17,1718,Bologna,Inter,Home,3.0,1.0,1.0,D,0.0
19/10/08,809,Bologna,Lazio,Home,3.0,3.0,1.0,H,0.0
19/10/2019,1920,Bologna,Juventus,Away,4.0,1.0,2.0,H,0.0
19/10/2024,2425,Bologna,Genoa,Away,7.0,2.0,2.0,D,0.0
19/10/2025,2526,Bologna,Cagliari,Away,7.0,2.0,0.0,A,0.0
19/12/10,1011,Bologna,Parma,Away,2.0,0.0,0.0,D,0.0
19/12/15,1516,Bologna,Empoli,Home,4.0,2.0,3.0,A,0.0
20/01/10,910,Bologna,Atalanta,Home,2.0,2.0,2.0,D,0.0
20/01/2019,1819,Bologna,Spal,Away,6.0,1.0,1.0,D,0.0
20/02/2021,2021,Bologna,Sassuolo,Away,2.0,1.0,1.0,D,1.0
20/03/11,1011,Bologna,Genoa,Home,4.0,1.0,1.0,D,0.0
20/03/16,1516,Bologna,Atalanta,Away,2.0,0.0,2.0,H,2.0
20/03/2021,2021,Bologna,Crotone,Away,10.0,3.0,2.0,A,0.0
20/03/2022,2122,Bologna,Atalanta,Home,3.0,0.0,1.0,A,0.0
20/04/2019,1819,Bologna,Sampdoria,Home,6.0,3.0,0.0,H,0.0
20/04/2025,2425,Bologna,Inter,Home,3.0,1.0,0.0,H,0.0
20/05/18,1718,Bologna,Udinese,Away,5.0,0.0,1.0,H,0.0
20/05/2019,1819,Bologna,Lazio,Away,6.0,3.0,3.0,D,0.0
20/05/2023,2223,Bologna,Cremonese,Away,9.0,5.0,1.0,A,1.0
20/05/2024,2324,Bologna,Juventus,Home,5.0,3.0,3.0,D,0.0
20/08/17,1718,Bologna,Torino,Home,3.0,1.0,1.0,D,0.0
20/09/09,910,Bologna,Milan,Away,1.0,0.0,1.0,H,0.0
20/09/15,1516,Bologna,Frosinone,Home,2.0,1.0,0.0,H,0.0
20/09/2025,2526,Bologna,Genoa,Home,6.0,2.0,1.0,H,0.0
20/10/13,1314,Bologna,Sassuolo,Away,6.0,1.0,2.0,H,0.0
20/11/11,1112,Bologna,Cesena,Home,5.0,0.0,1.0,A,0.0
20/11/16,1617,Bologna,Palermo,Home,4.0,3.0,1.0,H,0.0
20/11/17,1718,Bologna,Verona,Away,5.0,3.0,2.0,A,0.0
20/12/2020,2021,Bologna,Torino,Away,9.0,1.0,1.0,D,0.0
21/01/18,1718,Bologna,Benevento,Home,6.0,3.0,0.0,H,0.0
21/01/2022,2122,Bologna,Verona,Away,2.0,1.0,2.0,H,0.0
21/02/09,809,Bologna,Inter,Home,4.0,1.0,2.0,A,0.0
21/02/10,910,Bologna,Juventus,Home,3.0,1.0,2.0,A,1.0
21/02/12,1112,Bologna,Fiorentina,Home,5.0,2.0,0.0,H,0.0
21/02/2022,2122,Bologna,Spezia,Home,7.0,2.0,1.0,H,0.0
21/03/10,910,Bologna,Siena,Away,3.0,0.0,1.0,H,0.0
21/04/13,1213,Bologna,Sampdoria,Home,6.0,1.0,1.0,D,0.0
21/04/2021,2021,Bologna,Torino,Home,2.0,1.0,1.0,D,0.0
21/04/2023,2223,Bologna,Verona,Away,7.0,1.0,2.0,H,0.0
21/05/17,1617,Bologna,Milan,Away,0.0,0.0,3.0,H,0.0
21/05/2022,2122,Bologna,Genoa,Away,4.0,1.0,0.0,A,0.0
21/07/2020,1920,Bologna,Atalanta,Away,2.0,0.0,1.0,H,0.0
21/08/16,1617,Bologna,Crotone,Home,6.0,1.0,0.0,H,0.0
21/08/2022,2223,Bologna,Verona,Home,5.0,1.0,1.0,D,1.0
21/08/2023,2324,Bologna,Milan,Home,5.0,0.0,2.0,A,0.0
21/09/08,809,Bologna,Fiorentina,Away,4.0,0.0,1.0,H,0.0
21/09/11,1112,Bologna,Juventus,Away,4.0,1.0,1.0,D,0.0
21/09/16,1617,Bologna,Sampdoria,Home,4.0,2.0,0.0,H,1.0
21/09/2020,2021,Bologna,Milan,Away,5.0,0.0,2.0,H,1.0
21/09/2021,2122,Bologna,Genoa,Home,6.0,2.0,2.0,D,0.0
21/10/12,1213,Bologna,Cagliari,Away,1.0,0.0,1.0,H,0.0
21/10/2018,1819,Bologna,Torino,Home,3.0,2.0,2.0,D,0.0
21/11/09,910,Bologna,Inter,Home,2.0,1.0,3.0,A,0.0
21/11/10,1011,Bologna,Napoli,Away,3.0,1.0,4.0,H,0.0
21/11/15,1516,Bologna,Roma,Home,3.0,2.0,2.0,D,0.0
21/11/2021,2122,Bologna,Venezia,Home,6.0,0.0,1.0,A,0.0
21/12/08,809,Bologna,Lecce,Away,2.0,0.0,0.0,D,0.0
21/12/11,1112,Bologna,Roma,Home,5.0,0.0,2.0,A,1.0
21/12/2024,2425,Bologna,Torino,Away,5.0,2.0,0.0,A,0.0
22/01/12,1112,Bologna,Parma,Home,2.0,0.0,0.0,D,0.0
22/01/17,1617,Bologna,Torino,Home,5.0,2.0,0.0,H,0.0
22/02/14,1314,Bologna,Roma,Home,1.0,0.0,1.0,A,0.0
22/02/2020,1920,Bologna,Udinese,Home,3.0,1.0,1.0,D,0.0
22/02/2025,2425,Bologna,Parma,Away,1.0,0.0,2.0,H,0.0
22/03/09,809,Bologna,Cagliari,Home,3.0,0.0,1.0,A,0.0
22/03/2026,2526,Bologna,Lazio,Home,4.0,0.0,2.0,A,0.0
22/04/12,1112,Bologna,Milan,Away,5.0,1.0,1.0,D,0.0
22/04/17,1617,Bologna,Atalanta,Away,6.0,2.0,3.0,H,0.0
22/04/18,1718,Bologna,Cagliari,Away,2.0,0.0,0.0,D,0.0
22/04/2024,2324,Bologna,Roma,Away,3.0,3.0,1.0,A,0.0
22/05/11,1011,Bologna,Bari,Home,6.0,0.0,4.0,A,0.0
22/06/2020,1920,Bologna,Juventus,Home,1.0,0.0,2.0,A,0.0
22/08/09,910,Bologna,Fiorentina,Home,4.0,1.0,1.0,D,0.0
22/08/15,1516,Bologna,Lazio,Away,4.0,1.0,2.0,H,0.0
22/08/2021,2122,Bologna,Salernitana,Home,7.0,3.0,2.0,H,2.0
22/09/10,1011,Bologna,Udinese,Home,4.0,2.0,1.0,H,0.0
22/09/13,1314,Bologna,Torino,Home,3.0,1.0,2.0,A,1.0
22/09/2019,1920,Bologna,Roma,Home,3.0,1.0,2.0,A,0.0
22/09/2024,2425,Bologna,Monza,Away,8.0,2.0,1.0,A,0.0
22/10/17,1718,Bologna,Atalanta,Away,0.0,0.0,1.0,H,1.0
22/10/2023,2324,Bologna,Frosinone,Home,6.0,2.0,1.0,H,0.0
22/11/2020,2021,Bologna,Sampdoria,Away,5.0,2.0,1.0,A,0.0
22/11/2025,2526,Bologna,Udinese,Away,5.0,3.0,0.0,A,0.0
22/12/12,1213,Bologna,Parma,Home,4.0,1.0,2.0,A,0.0
22/12/13,1314,Bologna,Genoa,Home,3.0,1.0,0.0,H,0.0
22/12/17,1718,Bologna,Chievo,Away,5.0,3.0,2.0,A,1.0
22/12/2018,1819,Bologna,Parma,Away,2.0,0.0,0.0,D,0.0
22/12/2019,1920,Bologna,Lecce,Away,16.0,3.0,2.0,A,0.0
22/12/2021,2122,Bologna,Sassuolo,Away,5.0,3.0,0.0,A,0.0
23/01/11,1011,Bologna,Lazio,Home,6.0,3.0,1.0,H,1.0
23/01/2023,2223,Bologna,Cremonese,Home,8.0,1.0,1.0,D,0.0
23/02/11,1011,Bologna,Roma,Home,2.0,0.0,1.0,A,0.0
23/02/2024,2324,Bologna,Verona,Home,3.0,2.0,0.0,H,0.0
23/02/2026,2526,Bologna,Udinese,Home,6.0,1.0,0.0,H,0.0
23/03/14,1314,Bologna,Cagliari,Home,5.0,1.0,0.0,H,0.0
23/04/11,1011,Bologna,Cesena,Home,3.0,0.0,2.0,A,0.0
23/05/2021,2021,Bologna,Juventus,Home,5.0,1.0,4.0,A,0.0
23/05/2026,2526,Bologna,Inter,Home,3.0,3.0,3.0,D,0.0
23/08/2025,2526,Bologna,Roma,Away,2.0,0.0,1.0,H,0.0
23/09/09,910,Bologna,Livorno,Home,3.0,2.0,0.0,H,0.0
23/09/12,1213,Bologna,Pescara,Home,8.0,1.0,1.0,D,0.0
23/09/15,1516,Bologna,Fiorentina,Away,1.0,0.0,2.0,H,0.0
23/09/2018,1819,Bologna,Roma,Home,2.0,2.0,0.0,H,0.0
23/10/11,1112,Bologna,Lazio,Home,5.0,0.0,2.0,A,0.0
23/10/16,1617,Bologna,Sassuolo,Home,4.0,1.0,1.0,D,0.0
23/10/2021,2122,Bologna,Milan,Home,4.0,2.0,4.0,A,2.0
23/10/2022,2223,Bologna,Lecce,Home,3.0,2.0,0.0,H,0.0
23/11/08,809,Bologna,Palermo,Home,4.0,1.0,1.0,D,0.0
23/12/2020,2021,Bologna,Atalanta,Home,5.0,2.0,2.0,D,0.0
23/12/2023,2324,Bologna,Atalanta,Home,1.0,1.0,0.0,H,0.0
24/01/10,910,Bologna,Bari,Home,5.0,2.0,1.0,H,0.0
24/01/16,1516,Bologna,Sassuolo,Away,7.0,2.0,0.0,A,0.0
24/01/2021,2021,Bologna,Juventus,Away,3.0,0.0,2.0,H,0.0
24/02/18,1718,Bologna,Genoa,Home,4.0,2.0,0.0,H,0.0
24/02/2019,1819,Bologna,Juventus,Home,4.0,0.0,1.0,A,0.0
24/03/10,910,Bologna,Roma,Home,1.0,0.0,2.0,A,0.0
24/04/16,1516,Bologna,Genoa,Home,5.0,2.0,0.0,H,0.0
24/04/2022,2122,Bologna,Udinese,Home,3.0,2.0,2.0,D,0.0
24/05/09,809,Bologna,Chievo,Away,2.0,0.0,0.0,D,0.0
24/05/2024,2324,Bologna,Genoa,Away,1.0,0.0,2.0,H,0.0
24/05/2025,2425,Bologna,Genoa,Home,5.0,1.0,3.0,A,0.0
24/09/08,809,Bologna,Udinese,Home,1.0,0.0,3.0,A,1.0
24/09/11,1112,Bologna,Inter,Home,4.0,1.0,3.0,A,1.0
24/09/17,1718,Bologna,Sassuolo,Away,4.0,1.0,0.0,A,0.0
24/09/2023,2324,Bologna,Napoli,Home,2.0,0.0,0.0,D,0.0
24/10/09,910,Bologna,Sampdoria,Away,1.0,1.0,4.0,H,1.0
24/10/10,1011,Bologna,Juventus,Home,1.0,0.0,0.0,D,0.0
24/10/15,1516,Bologna,Carpi,Away,4.0,2.0,1.0,A,0.0
24/10/2020,2021,Bologna,Lazio,Away,6.0,1.0,2.0,H,0.0
24/11/13,1314,Bologna,Inter,Home,4.0,1.0,1.0,D,0.0
24/11/2019,1920,Bologna,Parma,Home,7.0,2.0,2.0,D,0.0
24/11/2024,2425,Bologna,Lazio,Away,1.0,0.0,3.0,H,1.0
25/01/09,809,Bologna,Milan,Home,7.0,1.0,4.0,A,1.0
25/01/2020,1920,Bologna,Spal,Away,6.0,3.0,1.0,A,0.0
25/01/2025,2425,Bologna,Empoli,Away,8.0,1.0,1.0,D,0.0
25/01/2026,2526,Bologna,Genoa,Away,3.0,2.0,3.0,H,1.0
25/03/12,1112,Bologna,Atalanta,Away,5.0,0.0,2.0,H,0.0
25/04/10,910,Bologna,Parma,Home,7.0,2.0,1.0,H,0.0
25/04/12,1112,Bologna,Siena,Away,1.0,1.0,1.0,D,0.0
25/04/2021,2021,Bologna,Atalanta,Away,3.0,0.0,5.0,H,1.0
25/04/2026,2526,Bologna,Roma,Home,2.0,0.0,2.0,A,0.0
25/05/2019,1819,Bologna,Napoli,Home,5.0,3.0,2.0,H,0.0
25/08/13,1314,Bologna,Napoli,Away,2.0,0.0,3.0,H,0.0
25/08/2019,1920,Bologna,Verona,Away,5.0,1.0,1.0,D,0.0
25/08/2024,2425,Bologna,Napoli,Away,2.0,0.0,3.0,H,0.0
25/09/13,1314,Bologna,Milan,Home,6.0,3.0,3.0,D,0.0
25/09/16,1617,Bologna,Inter,Away,3.0,1.0,1.0,D,0.0
25/09/2019,1920,Bologna,Genoa,Away,2.0,0.0,0.0,D,0.0
25/10/17,1718,Bologna,Lazio,Home,3.0,1.0,2.0,A,0.0
25/11/12,1213,Bologna,Sampdoria,Away,2.0,0.0,1.0,H,1.0
25/11/17,1718,Bologna,Sampdoria,Home,6.0,3.0,0.0,H,1.0
25/11/2018,1819,Bologna,Fiorentina,Home,4.0,0.0,0.0,D,0.0
26/01/14,1314,Bologna,Sampdoria,Away,5.0,1.0,1.0,D,0.0
26/02/11,1011,Bologna,Juventus,Away,2.0,2.0,0.0,A,0.0
26/02/12,1112,Bologna,Udinese,Home,1.0,1.0,3.0,A,0.0
26/02/13,1213,Bologna,Fiorentina,Home,6.0,2.0,1.0,H,0.0
26/02/17,1617,Bologna,Genoa,Away,4.0,1.0,1.0,D,1.0
26/02/2022,2122,Bologna,Salernitana,Away,3.0,1.0,1.0,D,0.0
26/02/2023,2223,Bologna,Inter,Home,5.0,1.0,0.0,H,0.0
26/03/14,1314,Bologna,Chievo,Away,1.0,0.0,3.0,H,0.0
26/04/09,809,Bologna,Genoa,Home,6.0,2.0,0.0,H,0.0
26/04/14,1314,Bologna,Fiorentina,Home,6.0,0.0,3.0,A,0.0
26/07/2020,1920,Bologna,Lecce,Home,12.0,3.0,2.0,H,0.0
26/08/12,1213,Bologna,Chievo,Away,1.0,0.0,2.0,H,1.0
26/08/17,1718,Bologna,Benevento,Away,4.0,1.0,0.0,A,0.0
26/08/2018,1819,Bologna,Frosinone,Away,5.0,0.0,0.0,D,0.0
26/09/10,1011,Bologna,Catania,Away,3.0,1.0,1.0,D,0.0
26/09/2018,1819,Bologna,Juventus,Away,2.0,0.0,2.0,H,0.0
26/09/2021,2122,Bologna,Empoli,Away,5.0,2.0,4.0,H,0.0
26/10/08,809,Bologna,Sampdoria,Away,3.0,0.0,2.0,H,0.0
26/10/11,1112,Bologna,Chievo,Away,3.0,1.0,0.0,A,0.0
26/10/16,1617,Bologna,Chievo,Away,4.0,1.0,1.0,D,0.0
26/10/2025,2526,Bologna,Fiorentina,Away,3.0,2.0,2.0,D,1.0
26/12/2018,1819,Bologna,Lazio,Home,3.0,0.0,2.0,A,0.0
27/01/13,1213,Bologna,Roma,Home,9.0,3.0,3.0,D,0.0
27/01/2019,1819,Bologna,Frosinone,Home,2.0,0.0,4.0,A,1.0
27/01/2023,2223,Bologna,Spezia,Home,6.0,2.0,0.0,H,0.0
27/01/2024,2324,Bologna,Milan,Away,4.0,2.0,2.0,D,0.0
27/02/2021,2021,Bologna,Lazio,Home,8.0,2.0,0.0,H,0.0
27/02/2025,2425,Bologna,Milan,Home,4.0,2.0,1.0,H,0.0
27/03/10,910,Bologna,Palermo,Away,5.0,1.0,3.0,H,0.0
27/04/13,1213,Bologna,Atalanta,Away,3.0,1.0,1.0,D,0.0
27/04/2019,1819,Bologna,Empoli,Home,7.0,3.0,1.0,H,0.0
27/04/2022,2122,Bologna,Inter,Home,3.0,2.0,1.0,H,0.0
27/05/17,1617,Bologna,Juventus,Home,2.0,1.0,2.0,A,0.0
27/08/2022,2223,Bologna,Milan,Away,0.0,0.0,2.0,H,0.0
27/08/2023,2324,Bologna,Juventus,Away,4.0,1.0,1.0,D,0.0
27/09/09,910,Bologna,Juventus,Away,4.0,1.0,1.0,D,0.0
27/09/12,1213,Bologna,Siena,Away,7.0,0.0,1.0,H,0.0
27/09/15,1516,Bologna,Udinese,Home,3.0,1.0,2.0,A,0.0
27/10/13,1314,Bologna,Livorno,Home,4.0,1.0,0.0,H,0.0
27/10/15,1516,Bologna,Inter,Home,3.0,0.0,1.0,A,0.0
27/10/2019,1920,Bologna,Sampdoria,Home,6.0,2.0,1.0,H,0.0
27/11/11,1112,Bologna,Cagliari,Away,2.0,1.0,1.0,D,0.0
27/11/16,1617,Bologna,Atalanta,Home,2.0,0.0,2.0,A,0.0
27/11/2023,2324,Bologna,Torino,Home,2.0,2.0,0.0,H,0.0
28/01/09,809,Bologna,Atalanta,Away,3.0,1.0,0.0,A,0.0
28/01/18,1718,Bologna,Napoli,Away,5.0,1.0,3.0,H,0.0
28/02/09,809,Bologna,Lazio,Away,3.0,0.0,2.0,H,0.0
28/02/10,910,Bologna,Genoa,Away,6.0,4.0,3.0,A,0.0
28/02/16,1516,Bologna,Palermo,Away,5.0,0.0,0.0,D,0.0
28/04/2024,2324,Bologna,Udinese,Home,4.0,1.0,1.0,D,1.0
28/04/2025,2425,Bologna,Udinese,Away,1.0,0.0,0.0,D,0.0
28/05/2023,2223,Bologna,Napoli,Home,6.0,2.0,2.0,D,0.0
28/06/2020,1920,Bologna,Sampdoria,Away,4.0,2.0,1.0,A,0.0
28/08/16,1617,Bologna,Torino,Away,2.0,1.0,5.0,H,0.0
28/08/2021,2122,Bologna,Atalanta,Away,1.0,0.0,0.0,D,0.0
28/09/08,809,Bologna,Napoli,Home,1.0,0.0,1.0,A,0.0
28/09/2020,2021,Bologna,Parma,Home,8.0,4.0,1.0,H,0.0
28/09/2023,2324,Bologna,Monza,Away,5.0,0.0,0.0,D,1.0
28/09/2024,2425,Bologna,Atalanta,Home,1.0,1.0,1.0,D,1.0
28/09/2025,2526,Bologna,Lecce,Away,5.0,2.0,2.0,D,0.0
28/10/09,910,Bologna,Siena,Home,3.0,2.0,1.0,H,0.0
28/10/12,1213,Bologna,Inter,Home,3.0,1.0,3.0,A,0.0
28/10/17,1718,Bologna,Roma,Away,2.0,0.0,1.0,H,0.0
28/10/2018,1819,Bologna,Sassuolo,Away,6.0,2.0,2.0,D,0.0
28/10/2021,2122,Bologna,Napoli,Away,1.0,0.0,3.0,H,0.0
28/10/2023,2324,Bologna,Sassuolo,Away,5.0,1.0,1.0,D,0.0
28/11/15,1516,Bologna,Torino,Away,0.0,0.0,2.0,H,0.0
28/11/2021,2122,Bologna,Spezia,Away,5.0,1.0,0.0,A,0.0
28/12/2025,2526,Bologna,Sassuolo,Home,6.0,1.0,1.0,D,0.0
29/01/12,1112,Bologna,Roma,Away,5.0,1.0,1.0,D,0.0
29/01/17,1617,Bologna,Cagliari,Away,2.0,1.0,1.0,D,2.0
29/02/2020,1920,Bologna,Lazio,Away,4.0,0.0,2.0,H,0.0
29/03/14,1314,Bologna,Atalanta,Home,11.0,0.0,2.0,A,0.0
29/03/2025,2425,Bologna,Venezia,Away,4.0,1.0,0.0,A,0.0
29/04/12,1112,Bologna,Genoa,Home,4.0,3.0,2.0,H,0.0
29/04/18,1718,Bologna,Milan,Home,7.0,1.0,2.0,A,0.0
29/07/2020,1920,Bologna,Fiorentina,Away,3.0,0.0,4.0,H,0.0
29/08/09,910,Bologna,Bari,Away,3.0,0.0,0.0,D,0.0
29/08/15,1516,Bologna,Sassuolo,Home,2.0,0.0,1.0,A,0.0
29/09/13,1314,Bologna,Roma,Away,3.0,0.0,5.0,H,0.0
29/09/2019,1920,Bologna,Udinese,Away,4.0,0.0,1.0,H,1.0
29/10/08,809,Bologna,Juventus,Home,2.0,1.0,2.0,A,0.0
29/10/16,1617,Bologna,Fiorentina,Home,2.0,0.0,1.0,A,1.0
29/10/2024,2425,Bologna,Cagliari,Away,4.0,2.0,0.0,A,0.0
29/10/2025,2526,Bologna,Torino,Home,2.0,0.0,0.0,D,0.0
29/11/09,910,Bologna,Lazio,Away,1.0,0.0,0.0,D,0.0
29/11/2020,2021,Bologna,Crotone,Home,7.0,1.0,0.0,H,0.0
29/12/2018,1819,Bologna,Napoli,Away,4.0,2.0,3.0,H,0.0
30/01/2021,2021,Bologna,Milan,Home,5.0,1.0,2.0,A,0.0
30/03/13,1213,Bologna,Udinese,Away,1.0,0.0,0.0,D,0.0
30/04/17,1617,Bologna,Udinese,Home,6.0,4.0,0.0,H,0.0
30/04/2023,2223,Bologna,Juventus,Home,6.0,1.0,1.0,D,0.0
30/08/10,1011,Bologna,Inter,Home,3.0,0.0,0.0,D,0.0
30/08/2019,1920,Bologna,Spal,Home,9.0,1.0,0.0,H,0.0
30/08/2025,2526,Bologna,Como,Home,2.0,1.0,0.0,H,0.0
30/09/12,1213,Bologna,Catania,Home,9.0,4.0,0.0,H,0.0
30/09/17,1718,Bologna,Genoa,Away,4.0,1.0,0.0,A,0.0
30/09/2018,1819,Bologna,Udinese,Home,6.0,2.0,1.0,H,0.0
30/10/11,1112,Bologna,Atalanta,Home,4.0,3.0,1.0,H,0.0
30/10/13,1314,Bologna,Cagliari,Away,5.0,3.0,0.0,A,0.0
30/10/2019,1920,Bologna,Cagliari,Away,3.0,2.0,3.0,H,0.0
30/11/08,809,Bologna,Genoa,Away,5.0,1.0,1.0,D,0.0
30/11/13,1314,Bologna,Parma,Away,4.0,1.0,1.0,D,1.0
30/11/2024,2425,Bologna,Venezia,Home,9.0,3.0,0.0,H,0.0
30/12/17,1718,Bologna,Udinese,Home,3.0,1.0,2.0,A,0.0
30/12/2023,2324,Bologna,Udinese,Away,5.0,0.0,3.0,H,0.0
30/12/2024,2425,Bologna,Verona,Home,7.0,2.0,3.0,A,1.0
31/01/10,910,Bologna,Chievo,Away,3.0,1.0,1.0,D,0.0
31/01/16,1516,Bologna,Sampdoria,Home,5.0,3.0,2.0,H,0.0
31/03/18,1718,Bologna,Roma,Home,1.0,1.0,1.0,D,0.0
31/03/2019,1819,Bologna,Sassuolo,Home,8.0,2.0,1.0,H,0.0
31/05/09,809,Bologna,Catania,Home,11.0,3.0,1.0,H,0.0
31/08/08,809,Bologna,Milan,Away,3.0,2.0,1.0,A,0.0
31/08/2024,2425,Bologna,Empoli,Home,3.0,1.0,1.0,D,0.0
31/10/10,1011,Bologna,Cagliari,Away,2.0,0.0,2.0,H,0.0
31/10/12,1213,Bologna,Juventus,Away,1.0,1.0,2.0,H,0.0
31/10/2020,2021,Bologna,Cagliari,Home,11.0,3.0,2.0,H,0.0
31/10/2022,2223,Bologna,Monza,Away,5.0,2.0,1.0,A,0.0
01/02/2020,1920,Brescia,Bologna,Away,1.0,1.0,2.0,H,0.0
01/05/11,1011,Brescia,Sampdoria,Away,5.0,3.0,3.0,D,0.0
01/07/2020,1920,Brescia,Inter,Away,1.0,0.0,6.0,H,0.0
01/08/2020,1920,Brescia,Sampdoria,Home,6.0,1.0,1.0,D,0.0
02/02/11,1011,Brescia,Roma,Away,4.0,1.0,1.0,D,0.0
02/04/11,1011,Brescia,Bologna,Home,13.0,3.0,1.0,H,0.0
03/10/10,1011,Brescia,Lazio,Away,2.0,0.0,1.0,H,1.0
03/11/2019,1920,Brescia,Verona,Away,5.0,1.0,2.0,H,1.0
04/12/10,1011,Brescia,Milan,Away,3.0,0.0,3.0,H,0.0
05/01/2020,1920,Brescia,Lazio,Home,3.0,1.0,2.0,A,1.0
05/07/2020,1920,Brescia,Verona,Home,6.0,2.0,0.0,H,0.0
06/01/11,1011,Brescia,Cesena,Home,5.0,1.0,2.0,A,0.0
06/02/11,1011,Brescia,Bari,Home,4.0,2.0,0.0,H,0.0
06/03/11,1011,Brescia,Napoli,Away,2.0,0.0,0.0,D,0.0
06/11/10,1011,Brescia,Inter,Away,4.0,1.0,1.0,D,0.0
08/05/11,1011,Brescia,Catania,Home,4.0,1.0,2.0,A,1.0
08/07/2020,1920,Brescia,Torino,Away,6.0,1.0,3.0,H,0.0
08/12/2019,1920,Brescia,Spal,Away,7.0,1.0,0.0,A,0.0
09/01/11,1011,Brescia,Fiorentina,Away,4.0,2.0,3.0,H,0.0
09/02/2020,1920,Brescia,Udinese,Home,7.0,1.0,1.0,D,0.0
09/03/2020,1920,Brescia,Sassuolo,Away,4.0,0.0,3.0,H,0.0
09/11/2019,1920,Brescia,Torino,Home,3.0,0.0,4.0,A,1.0
10/04/11,1011,Brescia,Cagliari,Away,2.0,1.0,1.0,D,1.0
10/11/10,1011,Brescia,Juventus,Home,4.0,1.0,1.0,D,0.0
11/03/11,1011,Brescia,Inter,Home,7.0,1.0,1.0,D,1.0
11/07/2020,1920,Brescia,Roma,Home,4.0,0.0,3.0,A,0.0
12/01/2020,1920,Brescia,Sampdoria,Away,5.0,1.0,5.0,H,0.0
12/09/10,1011,Brescia,Palermo,Home,6.0,3.0,2.0,H,0.0
12/12/10,1011,Brescia,Sampdoria,Home,2.0,1.0,0.0,H,0.0
13/02/11,1011,Brescia,Lazio,Home,5.0,0.0,2.0,A,0.0
14/07/2020,1920,Brescia,Atalanta,Away,5.0,2.0,6.0,H,0.0
14/11/10,1011,Brescia,Bologna,Away,3.0,0.0,1.0,H,0.0
14/12/2019,1920,Brescia,Lecce,Home,9.0,3.0,0.0,H,0.0
15/05/11,1011,Brescia,Cesena,Away,0.0,0.0,1.0,H,0.0
15/09/2019,1920,Brescia,Bologna,Home,7.0,3.0,4.0,A,1.0
16/01/11,1011,Brescia,Parma,Home,6.0,2.0,0.0,H,0.0
16/02/2020,1920,Brescia,Juventus,Away,2.0,0.0,2.0,H,1.0
17/04/11,1011,Brescia,Genoa,Away,6.0,0.0,3.0,H,0.0
17/10/10,1011,Brescia,Udinese,Home,5.0,0.0,1.0,A,0.0
18/12/2019,1920,Brescia,Sassuolo,Home,6.0,0.0,2.0,A,0.0
19/01/2020,1920,Brescia,Cagliari,Home,6.0,2.0,2.0,D,1.0
19/07/2020,1920,Brescia,Spal,Home,6.0,2.0,1.0,H,0.0
19/09/10,1011,Brescia,Chievo,Away,5.0,1.0,0.0,A,0.0
19/12/10,1011,Brescia,Catania,Away,2.0,0.0,1.0,H,0.0
20/02/11,1011,Brescia,Udinese,Away,4.0,0.0,0.0,D,0.0
20/03/11,1011,Brescia,Juventus,Away,2.0,1.0,2.0,H,1.0
21/02/2020,1920,Brescia,Napoli,Home,1.0,1.0,2.0,A,0.0
21/09/2019,1920,Brescia,Udinese,Away,3.0,1.0,0.0,A,0.0
21/10/2019,1920,Brescia,Fiorentina,Home,1.0,0.0,0.0,D,0.0
21/11/10,1011,Brescia,Cagliari,Home,6.0,1.0,2.0,A,0.0
22/01/11,1011,Brescia,Palermo,Away,1.0,0.0,1.0,H,0.0
22/05/11,1011,Brescia,Fiorentina,Home,4.0,2.0,2.0,D,0.0
22/06/2020,1920,Brescia,Fiorentina,Away,3.0,1.0,1.0,D,0.0
22/07/2020,1920,Brescia,Lecce,Away,3.0,1.0,3.0,H,0.0
22/09/10,1011,Brescia,Roma,Home,3.0,2.0,1.0,H,0.0
22/12/2019,1920,Brescia,Parma,Away,4.0,1.0,1.0,D,0.0
23/04/11,1011,Brescia,Milan,Home,5.0,0.0,1.0,A,0.0
24/01/2020,1920,Brescia,Milan,Home,7.0,0.0,1.0,A,0.0
24/09/2019,1920,Brescia,Juventus,Home,3.0,1.0,2.0,A,0.0
24/10/10,1011,Brescia,Lecce,Away,7.0,1.0,2.0,H,0.0
24/11/2019,1920,Brescia,Roma,Away,2.0,0.0,3.0,H,0.0
25/07/2020,1920,Brescia,Parma,Home,7.0,1.0,2.0,A,0.0
25/08/2019,1920,Brescia,Cagliari,Away,3.0,1.0,0.0,A,0.0
26/09/10,1011,Brescia,Bari,Away,5.0,1.0,2.0,H,0.0
26/10/2019,1920,Brescia,Genoa,Away,2.0,1.0,3.0,H,0.0
27/02/11,1011,Brescia,Lecce,Home,4.0,2.0,2.0,D,0.0
27/06/2020,1920,Brescia,Genoa,Home,4.0,2.0,2.0,D,0.0
28/11/10,1011,Brescia,Genoa,Home,4.0,0.0,0.0,D,0.0
29/07/2020,1920,Brescia,Lazio,Away,3.0,0.0,2.0,H,0.0
29/08/10,1011,Brescia,Parma,Away,3.0,0.0,2.0,H,0.0
29/09/2019,1920,Brescia,Napoli,Away,3.0,1.0,2.0,H,0.0
29/10/2019,1920,Brescia,Inter,Home,5.0,1.0,2.0,A,0.0
30/01/11,1011,Brescia,Chievo,Home,1.0,0.0,3.0,A,0.0
30/11/2019,1920,Brescia,Atalanta,Home,5.0,0.0,3.0,A,0.0
31/08/2019,1920,Brescia,Milan,Away,2.0,0.0,1.0,H,0.0
31/10/10,1011,Brescia,Napoli,Home,2.0,0.0,1.0,A,0.0
01/02/12,1112,Cagliari,Roma,Home,5.0,4.0,2.0,H,0.0
01/02/13,1213,Cagliari,Roma,Away,4.0,4.0,2.0,A,0.0
01/02/14,1314,Cagliari,Fiorentina,Home,6.0,1.0,0.0,H,0.0
01/02/15,1415,Cagliari,Atalanta,Away,6.0,1.0,2.0,H,0.0
01/02/2020,1920,Cagliari,Parma,Home,11.0,2.0,2.0,D,0.0
01/03/09,809,Cagliari,Torino,Home,2.0,0.0,0.0,D,0.0
01/03/15,1415,Cagliari,Verona,Home,5.0,1.0,2.0,A,0.0
01/03/2019,1819,Cagliari,Inter,Home,5.0,2.0,1.0,H,0.0
01/03/2020,1920,Cagliari,Roma,Home,7.0,3.0,4.0,A,0.0
01/04/07,607,Cagliari,Messina,Home,6.0,2.0,0.0,H,0.0
01/04/12,1112,Cagliari,Atalanta,Home,7.0,2.0,0.0,H,0.0
01/04/2024,2324,Cagliari,Verona,Home,2.0,1.0,1.0,D,0.0
01/05/11,1011,Cagliari,Catania,Away,1.0,0.0,2.0,H,0.0
01/07/2020,1920,Cagliari,Bologna,Away,4.0,1.0,1.0,D,0.0
01/08/2020,1920,Cagliari,Milan,Away,3.0,0.0,3.0,H,0.0
01/09/13,1314,Cagliari,Milan,Away,2.0,1.0,3.0,H,0.0
01/09/2019,1920,Cagliari,Inter,Home,3.0,1.0,2.0,A,0.0
01/10/06,607,Cagliari,Inter,Home,2.0,1.0,1.0,D,0.0
01/10/17,1718,Cagliari,Napoli,Away,0.0,0.0,3.0,H,0.0
01/10/2021,2122,Cagliari,Venezia,Home,3.0,1.0,1.0,D,0.0
01/11/09,910,Cagliari,Atalanta,Home,5.0,3.0,0.0,H,0.0
01/11/2021,2122,Cagliari,Bologna,Away,2.0,0.0,2.0,H,1.0
01/12/13,1314,Cagliari,Sassuolo,Home,7.0,2.0,2.0,D,0.0
02/01/2026,2526,Cagliari,Milan,Home,1.0,0.0,1.0,A,0.0
02/02/11,1011,Cagliari,Sampdoria,Away,2.0,1.0,0.0,A,0.0
02/03/08,708,Cagliari,Genoa,Home,4.0,2.0,1.0,H,0.0
02/03/14,1314,Cagliari,Udinese,Home,4.0,3.0,0.0,H,0.0
02/03/2025,2425,Cagliari,Bologna,Away,1.0,1.0,2.0,H,0.0
02/04/06,506,Cagliari,Sampdoria,Away,3.0,1.0,1.0,D,0.0
02/04/17,1617,Cagliari,Palermo,Away,9.0,3.0,1.0,A,0.0
02/04/2019,1819,Cagliari,Juventus,Home,1.0,0.0,2.0,A,0.0
02/05/10,910,Cagliari,Udinese,Home,7.0,2.0,2.0,D,0.0
02/05/12,1112,Cagliari,Genoa,Away,3.0,1.0,2.0,H,0.0
02/05/2021,2021,Cagliari,Napoli,Away,7.0,1.0,1.0,D,0.0
02/09/07,708,Cagliari,Juventus,Home,6.0,2.0,3.0,A,1.0
02/09/12,1213,Cagliari,Atalanta,Home,6.0,1.0,1.0,D,0.0
02/09/2018,1819,Cagliari,Atalanta,Away,3.0,1.0,0.0,A,0.0
02/09/2023,2324,Cagliari,Bologna,Away,1.0,1.0,2.0,H,0.0
02/10/05,506,Cagliari,Lecce,Away,7.0,0.0,3.0,H,0.0
02/10/11,1112,Cagliari,Lecce,Away,3.0,2.0,0.0,A,0.0
02/10/16,1617,Cagliari,Crotone,Home,9.0,2.0,1.0,H,0.0
02/10/2023,2324,Cagliari,Fiorentina,Away,4.0,0.0,3.0,H,0.0
02/11/08,809,Cagliari,Bologna,Home,14.0,5.0,1.0,H,0.0
02/12/07,708,Cagliari,Livorno,Home,2.0,0.0,0.0,D,0.0
02/12/12,1213,Cagliari,Udinese,Away,2.0,1.0,4.0,H,0.0
02/12/2018,1819,Cagliari,Frosinone,Away,7.0,1.0,1.0,D,1.0
02/12/2019,1920,Cagliari,Sampdoria,Home,8.0,4.0,3.0,H,0.0
02/12/2023,2324,Cagliari,Lazio,Away,2.0,0.0,1.0,H,1.0
03/01/2021,2021,Cagliari,Napoli,Home,1.0,1.0,4.0,A,1.0
03/02/08,708,Cagliari,Juventus,Away,6.0,1.0,1.0,D,0.0
03/02/2025,2425,Cagliari,Lazio,Home,5.0,1.0,2.0,A,0.0
03/03/13,1213,Cagliari,Bologna,Away,1.0,0.0,3.0,H,1.0
03/03/2021,2021,Cagliari,Bologna,Home,5.0,1.0,0.0,H,0.0
03/03/2024,2324,Cagliari,Empoli,Away,4.0,1.0,0.0,A,0.0
03/04/10,910,Cagliari,Milan,Home,6.0,2.0,3.0,A,0.0
03/04/11,1011,Cagliari,Genoa,Away,5.0,1.0,0.0,A,0.0
03/04/18,1718,Cagliari,Genoa,Away,4.0,1.0,2.0,H,0.0
03/04/2021,2021,Cagliari,Verona,Home,4.0,0.0,2.0,A,0.0
03/04/2022,2122,Cagliari,Udinese,Away,3.0,1.0,5.0,H,1.0
03/05/09,809,Cagliari,Palermo,Away,4.0,1.0,5.0,H,0.0
03/05/2025,2425,Cagliari,Udinese,Home,2.0,1.0,2.0,A,0.0
03/05/2026,2526,Cagliari,Bologna,Away,2.0,0.0,0.0,D,0.0
03/10/10,1011,Cagliari,Chievo,Away,3.0,0.0,0.0,D,0.0
03/11/13,1314,Cagliari,Verona,Away,3.0,1.0,2.0,H,0.0
03/11/14,1415,Cagliari,Lazio,Away,4.0,2.0,4.0,H,1.0
03/11/2018,1819,Cagliari,Juventus,Away,3.0,1.0,3.0,H,0.0
03/11/2019,1920,Cagliari,Atalanta,Away,8.0,2.0,0.0,A,0.0
03/11/2025,2526,Cagliari,Lazio,Away,5.0,0.0,2.0,H,0.0
03/12/06,607,Cagliari,Milan,Home,5.0,2.0,2.0,D,0.0
03/12/17,1718,Cagliari,Bologna,Away,2.0,1.0,1.0,D,0.0
04/02/18,1718,Cagliari,Spal,Home,4.0,2.0,0.0,H,0.0
04/02/2019,1819,Cagliari,Atalanta,Home,2.0,0.0,1.0,A,0.0
04/03/07,607,Cagliari,Atalanta,Home,5.0,2.0,0.0,H,0.0
04/03/12,1112,Cagliari,Siena,Away,2.0,0.0,3.0,H,0.0
04/04/15,1415,Cagliari,Lazio,Home,3.0,1.0,3.0,A,1.0
04/04/2026,2526,Cagliari,Sassuolo,Away,3.0,1.0,2.0,H,0.0
04/05/08,708,Cagliari,Fiorentina,Home,8.0,2.0,1.0,H,0.0
04/05/13,1213,Cagliari,Chievo,Away,1.0,0.0,0.0,D,0.0
04/05/15,1415,Cagliari,Parma,Home,7.0,4.0,0.0,H,0.0
04/10/09,910,Cagliari,Chievo,Home,2.0,1.0,2.0,A,0.0
04/10/14,1415,Cagliari,Verona,Away,7.0,0.0,1.0,H,0.0
04/10/2020,2021,Cagliari,Atalanta,Away,3.0,2.0,5.0,H,0.0
04/11/07,708,Cagliari,Sampdoria,Home,1.0,0.0,3.0,A,0.0
04/11/12,1213,Cagliari,Fiorentina,Away,3.0,1.0,4.0,H,0.0
04/11/2024,2425,Cagliari,Lazio,Away,1.0,1.0,2.0,H,2.0
04/12/05,506,Cagliari,Palermo,Away,,2.0,2.0,D,0.0
04/12/11,1112,Cagliari,Catania,Away,5.0,1.0,0.0,A,0.0
04/12/16,1617,Cagliari,Pescara,Away,2.0,1.0,1.0,D,1.0
05/01/13,1213,Cagliari,Lazio,Away,4.0,1.0,2.0,H,2.0
05/01/14,1314,Cagliari,Chievo,Away,1.0,0.0,0.0,D,0.0
05/01/2025,2425,Cagliari,Monza,Away,4.0,2.0,1.0,A,0.0
05/02/06,506,Cagliari,Empoli,Home,7.0,4.0,1.0,H,0.0
05/02/11,1011,Cagliari,Juventus,Home,3.0,1.0,3.0,A,0.0
05/02/12,1112,Cagliari,Novara,Away,2.0,0.0,0.0,D,0.0
05/02/17,1617,Cagliari,Atalanta,Away,0.0,0.0,2.0,H,0.0
05/02/2024,2324,Cagliari,Roma,Away,3.0,0.0,4.0,H,0.0
05/03/06,506,Cagliari,Livorno,Away,3.0,1.0,0.0,A,0.0
05/03/17,1617,Cagliari,Inter,Home,4.0,1.0,5.0,A,0.0
05/03/2022,2122,Cagliari,Lazio,Home,3.0,0.0,3.0,A,0.0
05/04/08,708,Cagliari,Milan,Away,3.0,1.0,3.0,H,0.0
05/04/09,809,Cagliari,Catania,Home,4.0,1.0,0.0,H,0.0
05/05/2019,1819,Cagliari,Napoli,Away,2.0,1.0,2.0,H,1.0
05/05/2024,2324,Cagliari,Lecce,Home,3.0,1.0,1.0,D,1.0
05/07/2020,1920,Cagliari,Atalanta,Home,1.0,0.0,1.0,A,1.0
05/10/08,809,Cagliari,Milan,Home,4.0,0.0,0.0,D,0.0
05/10/2025,2526,Cagliari,Udinese,Away,2.0,1.0,1.0,D,0.0
05/11/06,607,Cagliari,Chievo,Away,1.0,0.0,0.0,D,0.0
05/11/16,1617,Cagliari,Torino,Away,7.0,1.0,5.0,H,1.0
05/11/17,1718,Cagliari,Verona,Home,9.0,2.0,1.0,H,0.0
05/11/2023,2324,Cagliari,Genoa,Home,4.0,2.0,1.0,H,0.0
05/12/07,708,Cagliari,Roma,Away,3.0,0.0,2.0,H,0.0
05/12/10,1011,Cagliari,Fiorentina,Away,3.0,0.0,1.0,H,0.0
06/01/10,910,Cagliari,Roma,Home,7.0,2.0,2.0,D,0.0
06/01/11,1011,Cagliari,Milan,Home,3.0,0.0,1.0,A,0.0
06/01/15,1415,Cagliari,Palermo,Away,2.0,0.0,5.0,H,1.0
06/01/18,1718,Cagliari,Juventus,Home,2.0,0.0,1.0,A,0.0
06/01/2020,1920,Cagliari,Juventus,Away,3.0,0.0,4.0,H,0.0
06/01/2021,2021,Cagliari,Benevento,Home,5.0,1.0,2.0,A,1.0
06/01/2022,2122,Cagliari,Sampdoria,Away,7.0,2.0,1.0,A,0.0
06/01/2024,2324,Cagliari,Lecce,Away,2.0,1.0,1.0,D,0.0
06/02/2022,2122,Cagliari,Atalanta,Away,4.0,2.0,1.0,A,0.0
06/03/11,1011,Cagliari,Bologna,Away,4.0,2.0,2.0,D,0.0
06/04/14,1314,Cagliari,Roma,Home,5.0,1.0,3.0,A,0.0
06/04/2025,2425,Cagliari,Empoli,Away,1.0,0.0,0.0,D,0.0
06/05/07,607,Cagliari,Udinese,Home,5.0,2.0,1.0,H,0.0
06/05/12,1112,Cagliari,Juventus,Home,0.0,0.0,2.0,A,0.0
06/05/14,1314,Cagliari,Napoli,Away,2.0,0.0,3.0,H,1.0
06/05/17,1617,Cagliari,Napoli,Away,3.0,1.0,3.0,H,0.0
06/05/18,1718,Cagliari,Roma,Home,3.0,0.0,1.0,A,0.0
06/10/13,1314,Cagliari,Udinese,Away,2.0,0.0,2.0,H,0.0
06/10/2018,1819,Cagliari,Bologna,Home,5.0,2.0,0.0,H,0.0
06/10/2019,1920,Cagliari,Roma,Away,3.0,1.0,1.0,D,0.0
06/10/2024,2425,Cagliari,Juventus,Away,2.0,1.0,1.0,D,0.0
06/11/05,506,Cagliari,Treviso,Home,7.0,0.0,0.0,D,0.0
06/11/11,1112,Cagliari,Atalanta,Away,5.0,0.0,1.0,H,0.0
06/11/2021,2122,Cagliari,Atalanta,Home,1.0,1.0,2.0,A,0.0
06/12/09,910,Cagliari,Palermo,Away,2.0,1.0,2.0,H,0.0
06/12/2020,2021,Cagliari,Verona,Away,5.0,1.0,1.0,D,0.0
06/12/2021,2122,Cagliari,Torino,Home,2.0,1.0,1.0,D,0.0
07/02/10,910,Cagliari,Inter,Away,4.0,0.0,3.0,H,0.0
07/02/2021,2021,Cagliari,Lazio,Away,3.0,0.0,1.0,H,0.0
07/03/10,910,Cagliari,Catania,Home,5.0,2.0,2.0,D,1.0
07/03/15,1415,Cagliari,Sampdoria,Away,4.0,0.0,2.0,H,1.0
07/03/2021,2021,Cagliari,Sampdoria,Away,5.0,2.0,2.0,D,0.0
07/03/2025,2425,Cagliari,Genoa,Home,1.0,1.0,1.0,D,0.0
07/03/2026,2526,Cagliari,Como,Home,3.0,1.0,2.0,A,0.0
07/04/07,607,Cagliari,Palermo,Away,10.0,3.0,1.0,A,0.0
07/04/12,1112,Cagliari,Inter,Home,3.0,2.0,2.0,D,1.0
07/04/13,1213,Cagliari,Catania,Away,0.0,0.0,0.0,D,0.0
07/04/2019,1819,Cagliari,Spal,Home,11.0,2.0,1.0,H,0.0
07/04/2024,2324,Cagliari,Atalanta,Home,3.0,2.0,1.0,H,0.0
07/05/06,506,Cagliari,Udinese,Away,5.0,0.0,2.0,H,0.0
07/10/07,708,Cagliari,Genoa,Away,2.0,0.0,2.0,H,0.0
07/10/12,1213,Cagliari,Torino,Away,2.0,1.0,0.0,A,0.0
07/11/10,1011,Cagliari,Udinese,Away,3.0,1.0,1.0,D,0.0
07/11/2020,2021,Cagliari,Sampdoria,Home,7.0,2.0,0.0,H,0.0
07/12/08,809,Cagliari,Palermo,Home,3.0,1.0,0.0,H,0.0
07/12/2025,2526,Cagliari,Roma,Home,8.0,1.0,0.0,H,0.0
08/01/06,506,Cagliari,Udinese,Home,4.0,2.0,1.0,H,0.0
08/01/12,1112,Cagliari,Genoa,Home,8.0,3.0,0.0,H,0.0
08/01/17,1617,Cagliari,Milan,Away,1.0,0.0,1.0,H,1.0
08/01/2026,2526,Cagliari,Cremonese,Away,5.0,2.0,2.0,D,0.0
08/02/06,506,Cagliari,Roma,Away,5.0,3.0,4.0,H,1.0
08/02/09,809,Cagliari,Atalanta,Home,2.0,0.0,1.0,A,1.0
08/02/15,1415,Cagliari,Roma,Home,6.0,1.0,2.0,A,0.0
08/03/09,809,Cagliari,Chievo,Away,4.0,1.0,1.0,D,0.0
08/03/14,1314,Cagliari,Catania,Away,3.0,1.0,1.0,D,1.0
08/04/18,1718,Cagliari,Verona,Away,3.0,0.0,1.0,H,0.0
08/05/11,1011,Cagliari,Cesena,Home,1.0,0.0,2.0,A,0.0
08/05/13,1213,Cagliari,Parma,Home,6.0,0.0,1.0,A,0.0
08/05/2022,2122,Cagliari,Salernitana,Away,3.0,1.0,1.0,D,1.0
08/07/2020,1920,Cagliari,Fiorentina,Away,7.0,0.0,0.0,D,0.0
08/10/2023,2324,Cagliari,Roma,Home,2.0,1.0,4.0,A,0.0
08/11/09,910,Cagliari,Sampdoria,Home,5.0,2.0,0.0,H,0.0
08/11/2025,2526,Cagliari,Como,Away,2.0,0.0,0.0,D,0.0
08/12/13,1314,Cagliari,Genoa,Home,7.0,2.0,1.0,H,0.0
08/12/14,1415,Cagliari,Chievo,Home,1.0,0.0,2.0,A,0.0
08/12/2018,1819,Cagliari,Roma,Home,5.0,2.0,2.0,D,2.0
08/12/2019,1920,Cagliari,Sassuolo,Away,3.0,2.0,2.0,D,0.0
08/12/2024,2425,Cagliari,Fiorentina,Away,1.0,0.0,1.0,H,0.0
09/01/11,1011,Cagliari,Parma,Away,6.0,2.0,1.0,A,0.0
09/02/14,1314,Cagliari,Sampdoria,Away,3.0,0.0,1.0,H,0.0
09/02/2020,1920,Cagliari,Genoa,Away,6.0,0.0,1.0,H,0.0
09/02/2025,2425,Cagliari,Parma,Home,3.0,2.0,1.0,H,0.0
09/02/2026,2526,Cagliari,Roma,Away,1.0,0.0,2.0,H,0.0
09/03/08,708,Cagliari,Catania,Away,4.0,1.0,2.0,H,0.0
09/03/12,1112,Cagliari,Napoli,Away,5.0,3.0,6.0,H,0.0
09/03/2024,2324,Cagliari,Salernitana,Home,7.0,4.0,2.0,H,0.0
09/04/06,506,Cagliari,Palermo,Home,5.0,1.0,1.0,D,0.0
09/04/17,1617,Cagliari,Torino,Home,2.0,2.0,3.0,A,0.0
09/04/2022,2122,Cagliari,Juventus,Home,1.0,1.0,2.0,A,0.0
09/05/10,910,Cagliari,Roma,Away,2.0,1.0,2.0,H,0.0
09/05/15,1415,Cagliari,Juventus,Away,6.0,1.0,1.0,D,0.0
09/05/2021,2021,Cagliari,Benevento,Away,4.0,3.0,1.0,A,0.0
09/05/2026,2526,Cagliari,Udinese,Home,5.0,0.0,2.0,A,0.0
09/11/08,809,Cagliari,Catania,Away,4.0,1.0,2.0,H,0.0
09/11/14,1415,Cagliari,Genoa,Home,5.0,1.0,1.0,D,0.0
09/11/2024,2425,Cagliari,Milan,Home,7.0,3.0,3.0,D,0.0
09/12/07,708,Cagliari,Empoli,Away,1.0,1.0,4.0,H,0.0
09/12/12,1213,Cagliari,Chievo,Home,7.0,0.0,2.0,A,0.0
09/12/17,1718,Cagliari,Sampdoria,Home,6.0,2.0,2.0,D,0.0
10/01/09,809,Cagliari,Inter,Away,4.0,1.0,1.0,D,0.0
10/01/10,910,Cagliari,Bologna,Away,3.0,1.0,0.0,A,0.0
10/01/2021,2021,Cagliari,Fiorentina,Away,3.0,0.0,1.0,H,0.0
10/02/08,708,Cagliari,Parma,Home,3.0,1.0,1.0,D,0.0
10/02/13,1213,Cagliari,Milan,Home,2.0,1.0,1.0,D,1.0
10/02/2019,1819,Cagliari,Milan,Away,3.0,0.0,3.0,H,0.0
10/02/2024,2324,Cagliari,Lazio,Home,6.0,1.0,3.0,A,0.0
10/03/07,607,Cagliari,Sampdoria,Away,7.0,1.0,1.0,D,0.0
10/03/13,1213,Cagliari,Sampdoria,Home,6.0,3.0,1.0,H,1.0
10/03/2019,1819,Cagliari,Bologna,Away,6.0,0.0,2.0,H,0.0
10/04/11,1011,Cagliari,Brescia,Home,4.0,1.0,1.0,D,0.0
10/05/09,809,Cagliari,Roma,Home,5.0,2.0,2.0,D,0.0
10/05/2025,2425,Cagliari,Como,Away,3.0,1.0,3.0,H,0.0
10/09/06,607,Cagliari,Catania,Home,7.0,0.0,1.0,A,1.0
10/09/17,1718,Cagliari,Crotone,Home,4.0,1.0,0.0,H,0.0
10/11/10,1011,Cagliari,Napoli,Home,2.0,0.0,1.0,A,0.0
10/11/12,1213,Cagliari,Catania,Home,4.0,0.0,0.0,D,0.0
10/11/13,1314,Cagliari,Torino,Home,5.0,2.0,1.0,H,0.0
10/11/2018,1819,Cagliari,Spal,Away,3.0,2.0,2.0,D,0.0
10/11/2019,1920,Cagliari,Fiorentina,Home,8.0,5.0,2.0,H,0.0
10/12/06,607,Cagliari,Parma,Home,4.0,0.0,0.0,D,0.0
11/01/15,1415,Cagliari,Cesena,Home,6.0,2.0,1.0,H,0.0
11/01/2020,1920,Cagliari,Milan,Home,2.0,0.0,2.0,A,0.0
11/01/2022,2122,Cagliari,Bologna,Home,4.0,2.0,1.0,H,0.0
11/01/2025,2425,Cagliari,Milan,Away,2.0,1.0,1.0,D,0.0
11/02/07,607,Cagliari,Siena,Home,3.0,2.0,2.0,D,0.0
11/02/12,1112,Cagliari,Palermo,Home,9.0,2.0,1.0,H,0.0
11/02/18,1718,Cagliari,Sassuolo,Away,2.0,0.0,0.0,D,0.0
11/03/18,1718,Cagliari,Lazio,Home,4.0,2.0,2.0,D,0.0
11/04/09,809,Cagliari,Fiorentina,Away,5.0,1.0,2.0,H,2.0
11/04/10,910,Cagliari,Juventus,Away,0.0,0.0,1.0,H,0.0
11/04/15,1415,Cagliari,Genoa,Away,6.0,0.0,2.0,H,0.0
11/04/2021,2021,Cagliari,Inter,Away,2.0,0.0,1.0,H,0.0
11/04/2026,2526,Cagliari,Cremonese,Home,5.0,1.0,0.0,H,0.0
11/05/08,708,Cagliari,Udinese,Away,8.0,2.0,0.0,A,0.0
11/05/13,1213,Cagliari,Juventus,Away,1.0,1.0,1.0,D,0.0
11/05/14,1314,Cagliari,Chievo,Home,3.0,0.0,1.0,A,0.0
11/05/2019,1819,Cagliari,Lazio,Home,6.0,1.0,2.0,A,0.0
11/05/2024,2324,Cagliari,Milan,Away,7.0,1.0,5.0,H,0.0
11/09/05,506,Cagliari,Lazio,Home,3.0,1.0,1.0,D,1.0
11/09/10,1011,Cagliari,Roma,Home,7.0,5.0,1.0,H,0.0
11/09/11,1112,Cagliari,Roma,Away,3.0,2.0,1.0,A,0.0
11/09/16,1617,Cagliari,Bologna,Away,5.0,1.0,2.0,H,1.0
11/11/2023,2324,Cagliari,Juventus,Away,2.0,1.0,2.0,H,0.0
11/12/05,506,Cagliari,Juventus,Away,3.0,0.0,4.0,H,0.0
11/12/11,1112,Cagliari,Parma,Home,1.0,0.0,0.0,D,0.0
11/12/16,1617,Cagliari,Napoli,Home,3.0,0.0,5.0,A,0.0
11/12/2023,2324,Cagliari,Sassuolo,Home,6.0,2.0,1.0,H,0.0
12/01/14,1314,Cagliari,Juventus,Home,3.0,1.0,4.0,A,1.0
12/01/2026,2526,Cagliari,Genoa,Away,3.0,0.0,3.0,H,0.0
12/02/06,506,Cagliari,Lecce,Home,2.0,0.0,0.0,D,0.0
12/02/17,1617,Cagliari,Juventus,Home,3.0,0.0,2.0,A,1.0
12/03/17,1617,Cagliari,Fiorentina,Away,5.0,0.0,1.0,H,0.0
12/03/2022,2122,Cagliari,Spezia,Away,1.0,0.0,2.0,H,0.0
12/04/12,1112,Cagliari,Bologna,Away,2.0,0.0,1.0,H,0.0
12/04/14,1314,Cagliari,Sassuolo,Away,2.0,1.0,1.0,D,0.0
12/04/2025,2425,Cagliari,Inter,Away,4.0,1.0,3.0,H,0.0
12/05/2021,2021,Cagliari,Fiorentina,Home,1.0,0.0,0.0,D,0.0
12/07/2020,1920,Cagliari,Lecce,Home,6.0,0.0,0.0,D,0.0
12/09/2021,2122,Cagliari,Genoa,Home,3.0,2.0,3.0,A,0.0
12/11/06,607,Cagliari,Messina,Away,4.0,2.0,2.0,D,0.0
12/12/09,910,Cagliari,Napoli,Home,4.0,3.0,3.0,D,0.0
12/12/10,1011,Cagliari,Catania,Home,5.0,3.0,0.0,H,0.0
12/12/2021,2122,Cagliari,Inter,Away,2.0,0.0,4.0,H,0.0
13/01/08,708,Cagliari,Udinese,Home,6.0,0.0,1.0,A,1.0
13/01/13,1213,Cagliari,Genoa,Home,5.0,2.0,1.0,H,0.0
13/02/11,1011,Cagliari,Chievo,Home,8.0,4.0,1.0,H,0.0
13/02/2022,2122,Cagliari,Empoli,Away,5.0,1.0,1.0,D,0.0
13/03/11,1011,Cagliari,Udinese,Home,2.0,0.0,4.0,A,0.0
13/04/08,708,Cagliari,Livorno,Away,7.0,2.0,1.0,A,0.0
13/05/07,607,Cagliari,Fiorentina,Away,4.0,0.0,1.0,H,0.0
13/05/12,1112,Cagliari,Fiorentina,Away,3.0,0.0,0.0,D,0.0
13/05/18,1718,Cagliari,Fiorentina,Away,2.0,1.0,0.0,A,0.0
13/09/09,910,Cagliari,Fiorentina,Away,1.0,0.0,1.0,H,0.0
13/09/2025,2526,Cagliari,Parma,Home,5.0,2.0,0.0,H,0.0
13/12/2020,2021,Cagliari,Inter,Home,2.0,1.0,3.0,A,0.0
13/12/2025,2526,Cagliari,Atalanta,Away,1.0,1.0,2.0,H,0.0
14/01/07,607,Cagliari,Ascoli,Home,8.0,1.0,0.0,H,0.0
14/01/2024,2324,Cagliari,Bologna,Home,2.0,2.0,1.0,H,0.0
14/02/10,910,Cagliari,Bari,Home,3.0,3.0,1.0,H,0.0
14/02/2021,2021,Cagliari,Atalanta,Home,1.0,0.0,1.0,A,0.0
14/03/09,809,Cagliari,Genoa,Home,2.0,0.0,1.0,A,1.0
14/03/10,910,Cagliari,Genoa,Away,6.0,3.0,5.0,H,0.0
14/03/15,1415,Cagliari,Empoli,Home,5.0,1.0,1.0,D,0.0
14/03/2021,2021,Cagliari,Juventus,Home,7.0,1.0,3.0,A,0.0
14/04/07,607,Cagliari,Empoli,Home,3.0,0.0,0.0,D,0.0
14/04/13,1213,Cagliari,Inter,Home,4.0,2.0,0.0,H,0.0
14/04/18,1718,Cagliari,Udinese,Home,3.0,2.0,1.0,H,0.0
14/04/2019,1819,Cagliari,Torino,Away,6.0,1.0,1.0,D,2.0
14/04/2024,2324,Cagliari,Inter,Away,6.0,2.0,2.0,D,0.0
14/05/06,506,Cagliari,Inter,Home,2.0,2.0,2.0,D,0.0
14/05/11,1011,Cagliari,Milan,Away,3.0,1.0,4.0,H,0.0
14/05/17,1617,Cagliari,Empoli,Home,6.0,3.0,2.0,H,0.0
14/09/08,809,Cagliari,Siena,Away,3.0,0.0,2.0,H,0.0
14/09/14,1415,Cagliari,Atalanta,Home,9.0,1.0,2.0,A,0.0
14/11/10,1011,Cagliari,Genoa,Home,5.0,0.0,1.0,A,0.0
14/12/08,809,Cagliari,Roma,Away,5.0,2.0,3.0,H,0.0
14/12/14,1415,Cagliari,Parma,Away,3.0,0.0,0.0,D,0.0
14/12/2024,2425,Cagliari,Atalanta,Home,8.0,0.0,1.0,A,0.0
15/01/06,506,Cagliari,Inter,Away,4.0,2.0,3.0,H,0.0
15/01/12,1112,Cagliari,Juventus,Away,1.0,1.0,1.0,D,0.0
15/01/17,1617,Cagliari,Genoa,Home,12.0,4.0,1.0,H,1.0
15/02/09,809,Cagliari,Lecce,Home,6.0,2.0,0.0,H,0.0
15/02/15,1415,Cagliari,Torino,Away,3.0,1.0,1.0,D,0.0
15/02/2025,2425,Cagliari,Atalanta,Away,0.0,0.0,0.0,D,0.0
15/03/2019,1819,Cagliari,Fiorentina,Home,6.0,2.0,1.0,H,0.0
15/03/2026,2526,Cagliari,Pisa,Away,4.0,1.0,3.0,H,1.0
15/04/06,506,Cagliari,Juventus,Home,1.0,1.0,1.0,D,2.0
15/04/17,1617,Cagliari,Chievo,Home,11.0,4.0,0.0,H,0.0
15/05/2022,2122,Cagliari,Inter,Home,2.0,1.0,3.0,A,0.0
15/07/2020,1920,Cagliari,Sampdoria,Away,3.0,0.0,3.0,H,0.0
15/09/12,1213,Cagliari,Palermo,Away,4.0,1.0,1.0,D,0.0
15/09/13,1314,Cagliari,Fiorentina,Away,1.0,1.0,1.0,D,0.0
15/09/2019,1920,Cagliari,Parma,Away,4.0,3.0,1.0,A,0.0
15/09/2024,2425,Cagliari,Napoli,Home,3.0,0.0,4.0,A,0.0
15/10/06,607,Cagliari,Lazio,Away,0.0,0.0,0.0,D,2.0
15/10/17,1718,Cagliari,Genoa,Home,7.0,2.0,3.0,A,0.0
15/12/13,1314,Cagliari,Parma,Away,4.0,0.0,0.0,D,0.0
16/01/10,910,Cagliari,Livorno,Home,5.0,3.0,0.0,H,0.0
16/01/11,1011,Cagliari,Palermo,Home,6.0,3.0,1.0,H,0.0
16/01/2022,2122,Cagliari,Roma,Away,2.0,0.0,1.0,H,0.0
16/02/14,1314,Cagliari,Livorno,Home,5.0,1.0,2.0,A,1.0
16/02/2019,1819,Cagliari,Parma,Home,3.0,2.0,1.0,H,1.0
16/02/2020,1920,Cagliari,Napoli,Home,4.0,0.0,1.0,A,0.0
16/02/2026,2526,Cagliari,Lecce,Home,0.0,0.0,2.0,A,0.0
16/03/08,708,Cagliari,Torino,Home,5.0,3.0,0.0,H,0.0
16/03/14,1314,Cagliari,Lazio,Home,3.0,0.0,2.0,A,1.0
16/03/2024,2324,Cagliari,Monza,Away,0.0,0.0,1.0,H,0.0
16/03/2025,2425,Cagliari,Roma,Away,5.0,0.0,1.0,H,0.0
16/04/2022,2122,Cagliari,Sassuolo,Home,8.0,1.0,0.0,H,0.0
16/05/10,910,Cagliari,Bologna,Home,4.0,1.0,1.0,D,0.0
16/05/2021,2021,Cagliari,Milan,Away,2.0,0.0,0.0,D,0.0
16/09/06,607,Cagliari,Reggina,Away,1.0,1.0,2.0,H,0.0
16/09/07,708,Cagliari,Parma,Away,1.0,1.0,1.0,D,0.0
16/09/2018,1819,Cagliari,Milan,Home,3.0,1.0,1.0,D,0.0
16/10/05,506,Cagliari,Milan,Home,5.0,0.0,2.0,A,0.0
16/10/11,1112,Cagliari,Siena,Home,6.0,0.0,0.0,D,0.0
16/10/16,1617,Cagliari,Inter,Away,6.0,2.0,1.0,A,0.0
16/11/08,809,Cagliari,Fiorentina,Home,3.0,1.0,0.0,H,0.0
16/12/06,607,Cagliari,Udinese,Away,5.0,1.0,3.0,H,0.0
16/12/07,708,Cagliari,Inter,Home,1.0,0.0,2.0,A,0.0
16/12/12,1213,Cagliari,Parma,Away,5.0,1.0,4.0,H,0.0
16/12/17,1718,Cagliari,Roma,Away,0.0,0.0,1.0,H,0.0
16/12/2018,1819,Cagliari,Napoli,Home,2.0,0.0,1.0,A,0.0
16/12/2019,1920,Cagliari,Lazio,Home,4.0,1.0,2.0,A,0.0
16/12/2020,2021,Cagliari,Parma,Away,4.0,0.0,0.0,D,0.0
16/12/2023,2324,Cagliari,Napoli,Away,3.0,1.0,2.0,H,0.0
17/01/2026,2526,Cagliari,Juventus,Home,1.0,1.0,0.0,H,0.0
17/02/07,607,Cagliari,Inter,Away,1.0,0.0,1.0,H,0.0
17/02/08,708,Cagliari,Palermo,Away,6.0,1.0,2.0,H,0.0
17/02/13,1213,Cagliari,Pescara,Away,8.0,2.0,0.0,A,0.0
17/02/18,1718,Cagliari,Chievo,Away,3.0,1.0,2.0,H,0.0
17/03/13,1213,Cagliari,Siena,Away,1.0,0.0,0.0,D,0.0
17/04/11,1011,Cagliari,Lecce,Away,8.0,3.0,3.0,D,0.0
17/04/18,1718,Cagliari,Inter,Away,0.0,0.0,4.0,H,0.0
17/04/2021,2021,Cagliari,Parma,Home,9.0,4.0,3.0,H,0.0
17/04/2026,2526,Cagliari,Inter,Away,1.0,0.0,3.0,H,0.0
17/05/09,809,Cagliari,Reggina,Away,4.0,1.0,2.0,H,0.0
17/05/15,1415,Cagliari,Palermo,Home,7.0,0.0,1.0,A,0.0
17/05/2026,2526,Cagliari,Torino,Home,4.0,2.0,1.0,H,0.0
17/09/11,1112,Cagliari,Novara,Home,5.0,2.0,1.0,H,0.0
17/09/17,1718,Cagliari,Spal,Away,3.0,2.0,0.0,A,0.0
17/09/2023,2324,Cagliari,Udinese,Home,1.0,0.0,0.0,D,1.0
17/10/10,1011,Cagliari,Inter,Home,3.0,0.0,1.0,A,0.0
17/10/2021,2122,Cagliari,Sampdoria,Home,5.0,3.0,1.0,H,0.0
17/12/11,1112,Cagliari,Chievo,Away,4.0,0.0,2.0,H,0.0
17/12/16,1617,Cagliari,Empoli,Away,2.0,0.0,2.0,H,0.0
18/01/06,506,Cagliari,Siena,Home,5.0,1.0,0.0,H,0.0
18/01/09,809,Cagliari,Udinese,Home,3.0,2.0,0.0,H,0.0
18/01/15,1415,Cagliari,Udinese,Away,6.0,2.0,2.0,D,0.0
18/01/2021,2021,Cagliari,Milan,Home,2.0,0.0,2.0,A,0.0
18/02/06,506,Cagliari,Milan,Away,0.0,0.0,1.0,H,0.0
18/02/2024,2324,Cagliari,Udinese,Away,2.0,1.0,1.0,D,0.0
18/03/06,506,Cagliari,Treviso,Away,4.0,2.0,1.0,A,1.0
18/03/07,607,Cagliari,Chievo,Home,5.0,0.0,2.0,A,0.0
18/03/12,1112,Cagliari,Cesena,Home,4.0,3.0,0.0,H,0.0
18/03/18,1718,Cagliari,Benevento,Away,3.0,2.0,1.0,A,0.0
18/04/07,607,Cagliari,Livorno,Away,3.0,1.0,2.0,H,0.0
18/04/10,910,Cagliari,Palermo,Home,6.0,2.0,2.0,D,0.0
18/05/08,708,Cagliari,Reggina,Home,8.0,2.0,2.0,D,0.0
18/05/14,1314,Cagliari,Juventus,Away,2.0,0.0,3.0,H,0.0
18/05/2019,1819,Cagliari,Genoa,Away,3.0,1.0,1.0,D,0.0
18/05/2025,2425,Cagliari,Venezia,Home,5.0,3.0,0.0,H,0.0
18/07/2020,1920,Cagliari,Sassuolo,Home,1.0,1.0,1.0,D,1.0
18/08/2024,2425,Cagliari,Roma,Home,2.0,0.0,0.0,D,0.0
18/09/05,506,Cagliari,Messina,Home,8.0,1.0,1.0,D,0.0
18/09/16,1617,Cagliari,Atalanta,Home,9.0,3.0,0.0,H,0.0
18/10/09,910,Cagliari,Catania,Away,1.0,1.0,2.0,H,0.0
18/10/2020,2021,Cagliari,Torino,Away,7.0,3.0,2.0,A,0.0
18/11/06,607,Cagliari,Palermo,Home,3.0,1.0,0.0,H,0.0
18/11/12,1213,Cagliari,Inter,Away,7.0,2.0,2.0,D,0.0
18/12/05,506,Cagliari,Ascoli,Home,3.0,2.0,1.0,H,0.0
18/12/10,1011,Cagliari,Cesena,Away,0.0,0.0,1.0,H,0.0
18/12/14,1415,Cagliari,Juventus,Home,2.0,1.0,3.0,A,0.0
18/12/2021,2122,Cagliari,Udinese,Home,2.0,0.0,4.0,A,1.0
19/01/14,1314,Cagliari,Atalanta,Away,1.0,0.0,1.0,H,1.0
19/01/2020,1920,Cagliari,Brescia,Away,10.0,2.0,2.0,D,0.0
19/01/2025,2425,Cagliari,Lecce,Home,7.0,4.0,1.0,H,0.0
19/02/11,1011,Cagliari,Inter,Away,4.0,0.0,1.0,H,0.0
19/02/12,1112,Cagliari,Udinese,Away,2.0,0.0,0.0,D,0.0
19/02/17,1617,Cagliari,Sampdoria,Away,4.0,1.0,1.0,D,0.0
19/02/2021,2021,Cagliari,Torino,Home,3.0,0.0,1.0,A,0.0
19/03/08,708,Cagliari,Atalanta,Home,3.0,1.0,0.0,H,0.0
19/03/17,1617,Cagliari,Lazio,Home,1.0,0.0,0.0,D,0.0
19/03/2022,2122,Cagliari,Milan,Home,1.0,0.0,1.0,A,0.0
19/04/09,809,Cagliari,Napoli,Home,7.0,2.0,0.0,H,0.0
19/04/14,1314,Cagliari,Genoa,Away,4.0,2.0,1.0,A,0.0
19/04/15,1415,Cagliari,Napoli,Home,3.0,0.0,3.0,A,0.0
19/04/2024,2324,Cagliari,Juventus,Home,4.0,2.0,2.0,D,0.0
19/05/13,1213,Cagliari,Lazio,Home,5.0,1.0,0.0,H,0.0
19/05/2024,2324,Cagliari,Sassuolo,Away,3.0,2.0,0.0,A,0.0
19/08/17,1718,Cagliari,Juventus,Away,2.0,0.0,3.0,H,0.0
19/08/2018,1819,Cagliari,Empoli,Away,5.0,0.0,2.0,H,0.0
19/09/10,1011,Cagliari,Bari,Away,1.0,0.0,0.0,D,0.0
19/09/2021,2122,Cagliari,Lazio,Away,3.0,2.0,2.0,D,1.0
19/09/2025,2526,Cagliari,Lecce,Away,6.0,2.0,1.0,A,0.0
19/10/08,809,Cagliari,Torino,Away,1.0,1.0,0.0,A,0.0
19/10/13,1314,Cagliari,Catania,Home,10.0,2.0,1.0,H,0.0
19/10/14,1415,Cagliari,Sampdoria,Home,4.0,2.0,2.0,D,0.0
19/10/2025,2526,Cagliari,Bologna,Home,3.0,0.0,2.0,A,0.0
19/11/11,1112,Cagliari,Inter,Away,3.0,1.0,2.0,H,0.0
19/11/16,1617,Cagliari,Chievo,Away,2.0,0.0,1.0,H,0.0
19/11/17,1718,Cagliari,Udinese,Away,4.0,1.0,0.0,A,0.0
20/01/08,708,Cagliari,Reggina,Away,1.0,0.0,2.0,H,0.0
20/01/13,1213,Cagliari,Atalanta,Away,1.0,1.0,1.0,D,0.0
20/01/2019,1819,Cagliari,Empoli,Home,3.0,2.0,2.0,D,0.0
20/03/11,1011,Cagliari,Napoli,Away,2.0,1.0,2.0,H,0.0
20/03/2021,2021,Cagliari,Spezia,Away,7.0,1.0,2.0,H,0.0
20/03/2026,2526,Cagliari,Napoli,Home,0.0,0.0,1.0,A,0.0
20/04/08,708,Cagliari,Empoli,Home,3.0,2.0,0.0,H,2.0
20/04/2019,1819,Cagliari,Frosinone,Home,6.0,1.0,0.0,H,1.0
20/05/07,607,Cagliari,Roma,Home,6.0,3.0,2.0,H,0.0
20/05/18,1718,Cagliari,Atalanta,Home,4.0,1.0,0.0,H,0.0
20/06/2020,1920,Cagliari,Verona,Away,4.0,1.0,2.0,H,1.0
20/09/06,607,Cagliari,Livorno,Home,9.0,2.0,2.0,D,0.0
20/09/09,910,Cagliari,Inter,Home,4.0,1.0,2.0,A,0.0
20/09/17,1718,Cagliari,Sassuolo,Home,3.0,0.0,1.0,A,0.0
20/09/2019,1920,Cagliari,Genoa,Home,4.0,3.0,1.0,H,0.0
20/09/2020,2021,Cagliari,Sassuolo,Away,4.0,1.0,1.0,D,0.0
20/09/2024,2425,Cagliari,Empoli,Home,2.0,0.0,2.0,A,0.0
20/10/2019,1920,Cagliari,Spal,Home,7.0,2.0,0.0,H,0.0
20/10/2024,2425,Cagliari,Torino,Home,5.0,3.0,2.0,H,0.0
20/11/05,506,Cagliari,Reggina,Away,1.0,1.0,3.0,H,1.0
20/12/06,607,Cagliari,Fiorentina,Home,1.0,0.0,2.0,A,0.0
20/12/11,1112,Cagliari,Milan,Home,5.0,0.0,2.0,A,0.0
20/12/2020,2021,Cagliari,Udinese,Home,3.0,1.0,1.0,D,0.0
21/01/06,506,Cagliari,Lazio,Away,6.0,1.0,1.0,D,0.0
21/01/07,607,Cagliari,Catania,Away,4.0,1.0,0.0,A,0.0
21/01/18,1718,Cagliari,Milan,Home,3.0,1.0,2.0,A,1.0
21/01/2024,2324,Cagliari,Frosinone,Away,4.0,1.0,3.0,H,0.0
21/02/10,910,Cagliari,Parma,Home,5.0,2.0,0.0,H,0.0
21/02/2022,2122,Cagliari,Napoli,Home,5.0,1.0,1.0,D,0.0
21/02/2026,2526,Cagliari,Lazio,Home,2.0,0.0,0.0,D,1.0
21/03/10,910,Cagliari,Lazio,Home,1.0,0.0,2.0,A,0.0
21/03/15,1415,Cagliari,Milan,Away,1.0,1.0,3.0,H,0.0
21/04/07,607,Cagliari,Milan,Away,3.0,1.0,3.0,H,0.0
21/04/12,1112,Cagliari,Parma,Away,2.0,0.0,3.0,H,0.0
21/04/13,1213,Cagliari,Napoli,Away,3.0,2.0,3.0,H,0.0
21/04/2021,2021,Cagliari,Udinese,Away,5.0,1.0,0.0,A,0.0
21/05/17,1617,Cagliari,Sassuolo,Away,6.0,2.0,6.0,H,0.0
21/08/16,1617,Cagliari,Genoa,Away,3.0,1.0,3.0,H,0.0
21/08/2023,2324,Cagliari,Torino,Away,2.0,0.0,0.0,D,0.0
21/09/05,506,Cagliari,Empoli,Away,5.0,1.0,3.0,H,0.0
21/09/08,809,Cagliari,Juventus,Home,5.0,0.0,1.0,A,0.0
21/09/11,1112,Cagliari,Palermo,Away,5.0,2.0,3.0,H,0.0
21/09/13,1314,Cagliari,Sampdoria,Home,4.0,2.0,2.0,D,0.0
21/09/14,1415,Cagliari,Roma,Away,2.0,0.0,2.0,H,0.0
21/09/16,1617,Cagliari,Juventus,Away,0.0,0.0,4.0,H,0.0
21/10/06,607,Cagliari,Torino,Home,8.0,0.0,0.0,D,0.0
21/10/07,708,Cagliari,Catania,Home,7.0,1.0,1.0,D,0.0
21/10/12,1213,Cagliari,Bologna,Home,2.0,1.0,0.0,H,0.0
21/10/2018,1819,Cagliari,Fiorentina,Away,5.0,1.0,1.0,D,0.0
21/11/10,1011,Cagliari,Brescia,Away,7.0,2.0,1.0,A,0.0
21/11/2020,2021,Cagliari,Juventus,Away,0.0,0.0,2.0,H,0.0
21/11/2021,2122,Cagliari,Sassuolo,Away,4.0,2.0,2.0,D,0.0
21/12/05,506,Cagliari,Parma,Away,1.0,0.0,1.0,H,0.0
21/12/08,809,Cagliari,Reggina,Home,2.0,1.0,1.0,D,1.0
21/12/12,1213,Cagliari,Juventus,Home,2.0,1.0,3.0,A,1.0
21/12/13,1314,Cagliari,Napoli,Home,4.0,1.0,1.0,D,0.0
21/12/2019,1920,Cagliari,Udinese,Away,2.0,1.0,2.0,H,1.0
21/12/2021,2122,Cagliari,Juventus,Away,1.0,0.0,2.0,H,0.0
21/12/2025,2526,Cagliari,Pisa,Home,5.0,2.0,2.0,D,0.0
22/01/11,1011,Cagliari,Roma,Away,4.0,0.0,3.0,H,0.0
22/01/12,1112,Cagliari,Fiorentina,Home,3.0,0.0,0.0,D,0.0
22/01/17,1617,Cagliari,Roma,Away,0.0,0.0,1.0,H,1.0
22/02/09,809,Cagliari,Milan,Away,5.0,0.0,1.0,H,0.0
22/03/06,506,Cagliari,Fiorentina,Home,4.0,0.0,0.0,D,0.0
22/03/08,708,Cagliari,Sampdoria,Away,3.0,1.0,1.0,D,0.0
22/03/09,809,Cagliari,Bologna,Away,5.0,1.0,0.0,A,0.0
22/04/06,506,Cagliari,Ascoli,Away,3.0,2.0,2.0,D,2.0
22/04/18,1718,Cagliari,Bologna,Home,2.0,0.0,0.0,D,0.0
22/05/11,1011,Cagliari,Parma,Home,4.0,1.0,1.0,D,0.0
22/05/2021,2021,Cagliari,Genoa,Home,7.0,0.0,1.0,A,0.0
22/05/2022,2122,Cagliari,Venezia,Away,7.0,0.0,0.0,D,0.0
22/09/10,1011,Cagliari,Sampdoria,Home,3.0,0.0,0.0,D,0.0
22/09/2018,1819,Cagliari,Parma,Away,3.0,0.0,2.0,H,0.0
22/09/2021,2122,Cagliari,Empoli,Home,1.0,0.0,2.0,A,0.0
22/10/17,1718,Cagliari,Lazio,Away,5.0,0.0,3.0,H,0.0
22/10/2023,2324,Cagliari,Salernitana,Away,6.0,2.0,2.0,D,0.0
22/11/09,910,Cagliari,Milan,Away,10.0,3.0,4.0,H,0.0
22/11/2025,2526,Cagliari,Genoa,Home,5.0,3.0,3.0,D,0.0
22/12/16,1617,Cagliari,Sassuolo,Home,10.0,4.0,3.0,H,0.0
22/12/17,1718,Cagliari,Fiorentina,Home,1.0,0.0,1.0,A,1.0
22/12/2018,1819,Cagliari,Lazio,Away,5.0,1.0,3.0,H,0.0
22/12/2024,2425,Cagliari,Venezia,Away,7.0,1.0,2.0,H,0.0
23/01/2022,2122,Cagliari,Fiorentina,Home,3.0,1.0,1.0,D,0.0
23/02/14,1314,Cagliari,Inter,Away,1.0,1.0,1.0,D,0.0
23/02/15,1415,Cagliari,Inter,Home,5.0,1.0,2.0,A,0.0
23/02/2025,2425,Cagliari,Juventus,Home,2.0,0.0,1.0,A,0.0
23/03/14,1314,Cagliari,Bologna,Away,3.0,0.0,1.0,H,1.0
23/04/11,1011,Cagliari,Fiorentina,Home,6.0,1.0,2.0,A,0.0
23/04/17,1617,Cagliari,Udinese,Away,3.0,1.0,2.0,H,0.0
23/04/2025,2425,Cagliari,Fiorentina,Home,2.0,1.0,2.0,A,0.0
23/05/2024,2324,Cagliari,Fiorentina,Home,6.0,2.0,3.0,A,0.0
23/05/2025,2425,Cagliari,Napoli,Away,1.0,0.0,2.0,H,0.0
23/06/2020,1920,Cagliari,Spal,Away,4.0,1.0,0.0,A,0.0
23/07/2020,1920,Cagliari,Lazio,Away,4.0,1.0,2.0,H,0.0
23/08/09,910,Cagliari,Livorno,Away,3.0,0.0,0.0,D,0.0
23/08/2021,2122,Cagliari,Spezia,Home,10.0,2.0,2.0,D,0.0
23/09/07,708,Cagliari,Palermo,Home,7.0,0.0,1.0,A,0.0
23/09/09,910,Cagliari,Bari,Away,3.0,1.0,0.0,A,0.0
23/09/12,1213,Cagliari,Roma,Home,,0.0,3.0,A,
23/10/05,506,Cagliari,Chievo,Away,2.0,1.0,2.0,H,0.0
23/10/11,1112,Cagliari,Napoli,Home,2.0,0.0,0.0,D,0.0
23/10/16,1617,Cagliari,Fiorentina,Home,5.0,3.0,5.0,A,0.0
23/11/08,809,Cagliari,Napoli,Away,4.0,2.0,2.0,D,0.0
23/11/14,1415,Cagliari,Napoli,Away,8.0,3.0,3.0,D,0.0
23/12/06,607,Cagliari,Roma,Away,0.0,0.0,2.0,H,0.0
23/12/07,708,Cagliari,Fiorentina,Away,3.0,1.0,5.0,H,0.0
23/12/2020,2021,Cagliari,Roma,Away,3.0,2.0,3.0,H,0.0
23/12/2023,2324,Cagliari,Verona,Away,3.0,0.0,2.0,H,1.0
24/01/10,910,Cagliari,Siena,Away,6.0,1.0,1.0,D,1.0
24/01/15,1415,Cagliari,Sassuolo,Home,4.0,2.0,1.0,H,0.0
24/01/2021,2021,Cagliari,Genoa,Away,7.0,0.0,1.0,H,0.0
24/01/2025,2425,Cagliari,Torino,Away,1.0,0.0,2.0,H,0.0
24/01/2026,2526,Cagliari,Fiorentina,Away,6.0,2.0,1.0,A,0.0
24/02/08,708,Cagliari,Lazio,Home,3.0,1.0,0.0,H,1.0
24/02/10,910,Cagliari,Udinese,Away,4.0,1.0,2.0,H,0.0
24/02/13,1213,Cagliari,Torino,Home,5.0,4.0,3.0,H,0.0
24/02/2019,1819,Cagliari,Sampdoria,Away,1.0,0.0,1.0,H,0.0
24/03/10,910,Cagliari,Atalanta,Away,1.0,1.0,3.0,H,1.0
24/04/12,1112,Cagliari,Catania,Home,6.0,3.0,0.0,H,0.0
24/04/2022,2122,Cagliari,Genoa,Away,1.0,0.0,1.0,H,0.0
24/05/09,809,Cagliari,Inter,Home,8.0,2.0,1.0,H,0.0
24/05/15,1415,Cagliari,Cesena,Away,4.0,1.0,0.0,A,0.0
24/05/2026,2526,Cagliari,Milan,Away,10.0,2.0,1.0,A,0.0
24/08/2025,2526,Cagliari,Fiorentina,Home,6.0,1.0,1.0,D,0.0
24/09/06,607,Cagliari,Siena,Away,3.0,0.0,0.0,D,0.0
24/09/08,809,Cagliari,Atalanta,Away,2.0,0.0,1.0,H,0.0
24/09/14,1415,Cagliari,Torino,Home,5.0,1.0,2.0,A,0.0
24/09/17,1718,Cagliari,Chievo,Home,3.0,0.0,2.0,A,1.0
24/09/2023,2324,Cagliari,Atalanta,Away,1.0,0.0,2.0,H,0.0
24/10/10,1011,Cagliari,Lazio,Away,4.0,1.0,2.0,H,0.0
24/10/2021,2122,Cagliari,Fiorentina,Away,1.0,0.0,3.0,H,0.0
24/11/2024,2425,Cagliari,Genoa,Away,6.0,2.0,2.0,D,0.0
25/01/09,809,Cagliari,Lazio,Away,5.0,4.0,1.0,A,0.0
25/02/07,607,Cagliari,Lazio,Home,2.0,0.0,2.0,A,1.0
25/02/2024,2324,Cagliari,Napoli,Home,3.0,1.0,1.0,D,0.0
25/03/12,1112,Cagliari,Lazio,Away,2.0,0.0,1.0,H,0.0
25/04/10,910,Cagliari,Napoli,Away,0.0,0.0,0.0,D,1.0
25/04/2021,2021,Cagliari,Roma,Home,6.0,3.0,2.0,H,0.0
25/08/13,1314,Cagliari,Atalanta,Home,7.0,2.0,1.0,H,0.0
25/08/2019,1920,Cagliari,Brescia,Home,5.0,0.0,1.0,A,0.0
25/09/05,506,Cagliari,Roma,Home,3.0,0.0,0.0,D,0.0
25/09/11,1112,Cagliari,Udinese,Home,6.0,0.0,0.0,D,0.0
25/09/13,1314,Cagliari,Livorno,Away,5.0,1.0,1.0,D,0.0
25/09/2019,1920,Cagliari,Napoli,Away,1.0,1.0,0.0,A,0.0
25/10/06,607,Cagliari,Atalanta,Away,5.0,3.0,3.0,D,0.0
25/10/09,910,Cagliari,Genoa,Home,6.0,3.0,2.0,H,0.0
25/10/14,1415,Cagliari,Empoli,Away,6.0,4.0,0.0,A,0.0
25/10/17,1718,Cagliari,Benevento,Home,5.0,2.0,1.0,H,0.0
25/10/2020,2021,Cagliari,Crotone,Home,8.0,4.0,2.0,H,0.0
25/10/2024,2425,Cagliari,Udinese,Away,0.0,0.0,2.0,H,1.0
25/11/07,708,Cagliari,Milan,Home,7.0,1.0,2.0,A,0.0
25/11/13,1314,Cagliari,Roma,Away,2.0,0.0,0.0,D,0.0
25/11/17,1718,Cagliari,Inter,Home,4.0,1.0,3.0,A,0.0
25/11/2019,1920,Cagliari,Lecce,Away,2.0,2.0,2.0,D,2.0
26/01/14,1314,Cagliari,Milan,Home,1.0,1.0,2.0,A,0.0
26/01/2019,1819,Cagliari,Sassuolo,Away,3.0,0.0,3.0,H,0.0
26/01/2020,1920,Cagliari,Inter,Away,3.0,1.0,1.0,D,0.0
26/01/2024,2324,Cagliari,Torino,Home,10.0,1.0,2.0,A,0.0
26/02/06,506,Cagliari,Chievo,Home,2.0,2.0,2.0,D,1.0
26/02/12,1112,Cagliari,Lecce,Home,6.0,1.0,2.0,A,1.0
26/02/17,1617,Cagliari,Crotone,Away,2.0,2.0,1.0,A,0.0
26/02/18,1718,Cagliari,Napoli,Home,3.0,0.0,5.0,A,0.0
26/03/06,506,Cagliari,Reggina,Home,6.0,0.0,2.0,A,0.0
26/03/14,1314,Cagliari,Verona,Home,4.0,1.0,0.0,H,0.0
26/04/09,809,Cagliari,Sampdoria,Away,8.0,3.0,3.0,D,0.0
26/04/15,1415,Cagliari,Fiorentina,Away,7.0,3.0,1.0,A,0.0
26/05/2019,1819,Cagliari,Udinese,Home,5.0,1.0,2.0,A,0.0
26/07/2020,1920,Cagliari,Udinese,Home,8.0,0.0,1.0,A,0.0
26/08/07,708,Cagliari,Napoli,Away,5.0,2.0,0.0,A,0.0
26/08/12,1213,Cagliari,Genoa,Away,4.0,0.0,2.0,H,0.0
26/08/2018,1819,Cagliari,Sassuolo,Home,7.0,2.0,2.0,D,0.0
26/08/2024,2425,Cagliari,Como,Home,5.0,1.0,1.0,D,0.0
26/09/07,708,Cagliari,Lazio,Away,2.0,1.0,3.0,H,0.0
26/09/10,1011,Cagliari,Juventus,Away,4.0,2.0,4.0,H,0.0
26/09/12,1213,Cagliari,Milan,Away,2.0,0.0,2.0,H,1.0
26/09/16,1617,Cagliari,Sampdoria,Home,3.0,2.0,1.0,H,0.0
26/09/2018,1819,Cagliari,Sampdoria,Home,2.0,0.0,0.0,D,0.0
26/09/2020,2021,Cagliari,Lazio,Home,3.0,0.0,2.0,A,0.0
26/09/2021,2122,Cagliari,Napoli,Away,1.0,0.0,2.0,H,0.0
26/10/05,506,Cagliari,Livorno,Home,5.0,1.0,1.0,D,0.0
26/10/08,809,Cagliari,Chievo,Home,4.0,2.0,0.0,H,0.0
26/10/11,1112,Cagliari,Cesena,Away,3.0,1.0,1.0,D,0.0
26/10/16,1617,Cagliari,Lazio,Away,5.0,1.0,4.0,H,0.0
26/10/2025,2526,Cagliari,Verona,Away,3.0,2.0,2.0,D,0.0
26/11/06,607,Cagliari,Empoli,Away,5.0,0.0,1.0,H,0.0
26/11/12,1213,Cagliari,Napoli,Home,3.0,0.0,1.0,A,0.0
26/11/2018,1819,Cagliari,Torino,Home,1.0,0.0,0.0,D,0.0
26/11/2021,2122,Cagliari,Salernitana,Home,3.0,1.0,1.0,D,0.0
26/11/2023,2324,Cagliari,Monza,Home,6.0,1.0,1.0,D,0.0
26/12/2018,1819,Cagliari,Genoa,Home,7.0,1.0,0.0,H,0.0
27/01/08,708,Cagliari,Napoli,Home,9.0,2.0,1.0,H,0.0
27/01/13,1213,Cagliari,Palermo,Home,7.0,1.0,1.0,D,0.0
27/02/08,708,Cagliari,Siena,Away,1.0,0.0,1.0,H,0.0
27/02/11,1011,Cagliari,Lazio,Home,3.0,1.0,0.0,H,0.0
27/02/2022,2122,Cagliari,Torino,Away,5.0,2.0,1.0,A,0.0
27/02/2026,2526,Cagliari,Parma,Away,5.0,1.0,1.0,D,0.0
27/04/08,708,Cagliari,Inter,Away,3.0,1.0,2.0,H,0.0
27/04/13,1213,Cagliari,Udinese,Home,0.0,0.0,1.0,A,1.0
27/04/14,1314,Cagliari,Parma,Home,3.0,1.0,0.0,H,0.0
27/04/2019,1819,Cagliari,Roma,Away,1.0,0.0,3.0,H,0.0
27/04/2026,2526,Cagliari,Atalanta,Home,4.0,3.0,2.0,H,0.0
27/05/07,607,Cagliari,Ascoli,Away,3.0,1.0,2.0,H,1.0
27/06/2020,1920,Cagliari,Torino,Home,5.0,4.0,2.0,H,0.0
27/08/17,1718,Cagliari,Milan,Away,4.0,1.0,2.0,H,0.0
27/09/09,910,Cagliari,Parma,Away,6.0,2.0,0.0,A,0.0
27/09/2023,2324,Cagliari,Milan,Home,6.0,1.0,3.0,A,0.0
27/09/2025,2526,Cagliari,Inter,Home,0.0,0.0,2.0,A,0.0
27/10/07,708,Cagliari,Torino,Away,3.0,0.0,2.0,H,0.0
27/10/13,1314,Cagliari,Lazio,Away,4.0,0.0,2.0,H,0.0
27/10/2019,1920,Cagliari,Torino,Away,5.0,1.0,1.0,D,0.0
27/10/2021,2122,Cagliari,Roma,Home,5.0,1.0,2.0,A,0.0
27/11/05,506,Cagliari,Sampdoria,Home,3.0,2.0,0.0,H,0.0
27/11/11,1112,Cagliari,Bologna,Home,5.0,1.0,1.0,D,0.0
27/11/16,1617,Cagliari,Udinese,Home,3.0,2.0,1.0,H,0.0
27/12/2025,2526,Cagliari,Torino,Away,4.0,2.0,1.0,A,0.0
28/01/07,607,Cagliari,Reggina,Home,3.0,0.0,2.0,A,0.0
28/01/09,809,Cagliari,Siena,Home,2.0,1.0,0.0,H,0.0
28/01/18,1718,Cagliari,Crotone,Away,3.0,1.0,1.0,D,1.0
28/02/07,607,Cagliari,Torino,Away,5.0,0.0,1.0,H,0.0
28/02/10,910,Cagliari,Chievo,Away,1.0,1.0,2.0,H,1.0
28/02/2021,2021,Cagliari,Crotone,Away,4.0,2.0,0.0,A,1.0
28/03/10,910,Cagliari,Sampdoria,Away,3.0,1.0,1.0,D,1.0
28/04/12,1112,Cagliari,Chievo,Home,4.0,0.0,0.0,D,0.0
28/04/2025,2425,Cagliari,Verona,Away,4.0,2.0,0.0,A,0.0
28/05/17,1617,Cagliari,Milan,Home,9.0,2.0,1.0,H,0.0
28/08/05,506,Cagliari,Siena,Away,6.0,1.0,2.0,H,0.0
28/08/16,1617,Cagliari,Roma,Home,5.0,2.0,2.0,D,0.0
28/08/2023,2324,Cagliari,Inter,Home,2.0,0.0,2.0,A,0.0
28/09/08,809,Cagliari,Lecce,Away,5.0,0.0,2.0,H,0.0
28/09/14,1415,Cagliari,Inter,Away,7.0,4.0,1.0,A,0.0
28/10/09,910,Cagliari,Lazio,Away,6.0,1.0,0.0,A,0.0
28/10/12,1213,Cagliari,Sampdoria,Away,4.0,1.0,0.0,A,0.0
28/10/2018,1819,Cagliari,Chievo,Home,4.0,2.0,1.0,H,0.0
28/11/10,1011,Cagliari,Lecce,Home,4.0,3.0,2.0,H,0.0
28/12/2024,2425,Cagliari,Inter,Home,1.0,0.0,3.0,A,0.0
29/01/06,506,Cagliari,Messina,Away,5.0,0.0,1.0,H,0.0
29/01/12,1112,Cagliari,Milan,Away,0.0,0.0,3.0,H,0.0
29/01/17,1617,Cagliari,Bologna,Home,6.0,1.0,1.0,D,0.0
29/03/08,708,Cagliari,Roma,Home,1.0,1.0,1.0,D,0.0
29/03/2019,1819,Cagliari,Chievo,Away,3.0,3.0,0.0,A,0.0
29/04/07,607,Cagliari,Parma,Away,3.0,1.0,2.0,H,1.0
29/04/15,1415,Cagliari,Chievo,Away,1.0,0.0,1.0,H,2.0
29/04/18,1718,Cagliari,Sampdoria,Away,2.0,1.0,4.0,H,1.0
29/04/2024,2324,Cagliari,Genoa,Away,1.0,0.0,3.0,H,0.0
29/07/2020,1920,Cagliari,Juventus,Home,5.0,2.0,0.0,H,0.0
29/08/10,1011,Cagliari,Palermo,Away,3.0,0.0,0.0,D,0.0
29/08/2021,2122,Cagliari,Milan,Away,2.0,1.0,4.0,H,0.0
29/09/13,1314,Cagliari,Inter,Home,3.0,1.0,1.0,D,0.0
29/09/2018,1819,Cagliari,Inter,Away,1.0,0.0,2.0,H,0.0
29/09/2019,1920,Cagliari,Verona,Home,5.0,1.0,1.0,D,0.0
29/10/06,607,Cagliari,Sampdoria,Home,2.0,1.0,0.0,H,0.0
29/10/08,809,Cagliari,Genoa,Away,2.0,1.0,2.0,H,0.0
29/10/14,1415,Cagliari,Milan,Home,5.0,1.0,1.0,D,0.0
29/10/17,1718,Cagliari,Torino,Away,3.0,1.0,2.0,H,0.0
29/10/2023,2324,Cagliari,Frosinone,Home,6.0,4.0,3.0,H,0.0
29/10/2024,2425,Cagliari,Bologna,Home,2.0,0.0,2.0,A,0.0
29/11/09,910,Cagliari,Juventus,Home,4.0,2.0,0.0,H,0.0
29/11/2020,2021,Cagliari,Spezia,Home,4.0,2.0,2.0,D,0.0
29/11/2024,2425,Cagliari,Verona,Home,6.0,1.0,0.0,H,0.0
29/11/2025,2526,Cagliari,Juventus,Away,3.0,1.0,2.0,H,0.0
29/12/2018,1819,Cagliari,Udinese,Away,1.0,0.0,2.0,H,1.0
30/01/11,1011,Cagliari,Bari,Home,5.0,2.0,1.0,H,0.0
30/03/13,1213,Cagliari,Fiorentina,Home,5.0,2.0,1.0,H,0.0
30/03/14,1314,Cagliari,Torino,Away,1.0,1.0,2.0,H,0.0
30/03/2025,2425,Cagliari,Monza,Home,4.0,3.0,0.0,H,0.0
30/04/06,506,Cagliari,Parma,Home,5.0,3.0,1.0,H,0.0
30/04/17,1617,Cagliari,Pescara,Home,4.0,1.0,0.0,H,0.0
30/04/2022,2122,Cagliari,Verona,Home,5.0,1.0,2.0,A,0.0
30/08/09,910,Cagliari,Siena,Home,4.0,1.0,3.0,A,0.0
30/08/2025,2526,Cagliari,Napoli,Away,1.0,0.0,1.0,H,0.0
30/09/07,708,Cagliari,Siena,Home,3.0,1.0,0.0,H,0.0
30/09/12,1213,Cagliari,Pescara,Home,11.0,1.0,2.0,A,1.0
30/09/2024,2425,Cagliari,Parma,Away,4.0,3.0,2.0,A,0.0
30/10/05,506,Cagliari,Fiorentina,Away,6.0,1.0,2.0,H,2.0
30/10/11,1112,Cagliari,Lazio,Home,2.0,0.0,3.0,A,0.0
30/10/13,1314,Cagliari,Bologna,Home,2.0,0.0,3.0,A,1.0
30/10/2019,1920,Cagliari,Bologna,Home,5.0,3.0,2.0,H,0.0
30/10/2025,2526,Cagliari,Sassuolo,Home,1.0,1.0,2.0,A,0.0
30/11/08,809,Cagliari,Sampdoria,Home,3.0,1.0,0.0,H,0.0
30/11/14,1415,Cagliari,Fiorentina,Home,5.0,0.0,4.0,A,0.0
30/11/2021,2122,Cagliari,Verona,Away,4.0,0.0,0.0,D,0.0
30/12/17,1718,Cagliari,Atalanta,Away,3.0,2.0,1.0,A,1.0
30/12/2023,2324,Cagliari,Empoli,Home,3.0,0.0,0.0,D,0.0
31/01/09,809,Cagliari,Juventus,Away,3.0,3.0,2.0,A,0.0
31/01/10,910,Cagliari,Fiorentina,Home,3.0,2.0,2.0,D,1.0
31/01/2021,2021,Cagliari,Sassuolo,Home,6.0,1.0,1.0,D,0.0
31/01/2026,2526,Cagliari,Verona,Home,7.0,4.0,0.0,H,0.0
31/03/18,1718,Cagliari,Torino,Home,2.0,0.0,4.0,A,0.0
31/05/09,809,Cagliari,Udinese,Away,5.0,2.0,6.0,H,0.0
31/05/15,1415,Cagliari,Udinese,Home,5.0,4.0,3.0,H,0.0
31/08/08,809,Cagliari,Lazio,Home,4.0,1.0,4.0,A,1.0
31/08/14,1415,Cagliari,Sassuolo,Away,4.0,1.0,1.0,D,0.0
31/08/2024,2425,Cagliari,Lecce,Away,2.0,0.0,1.0,H,0.0
31/10/07,708,Cagliari,Atalanta,Away,6.0,2.0,2.0,D,0.0
31/10/10,1011,Cagliari,Bologna,Home,6.0,2.0,0.0,H,0.0
31/10/12,1213,Cagliari,Siena,Home,8.0,4.0,2.0,H,0.0
31/10/16,1617,Cagliari,Palermo,Home,4.0,2.0,1.0,H,0.0
31/10/2020,2021,Cagliari,Bologna,Away,4.0,2.0,3.0,H,0.0
01/05/16,1516,Carpi,Juventus,Away,1.0,0.0,2.0,H,0.0
01/11/15,1516,Carpi,Verona,Home,6.0,0.0,0.0,D,0.0
02/04/16,1516,Carpi,Sassuolo,Home,1.0,1.0,3.0,A,0.0
03/02/16,1516,Carpi,Fiorentina,Away,2.0,1.0,2.0,H,0.0
03/10/15,1516,Carpi,Torino,Home,3.0,2.0,1.0,H,0.0
06/01/16,1516,Carpi,Lazio,Away,2.0,0.0,0.0,D,0.0
06/03/16,1516,Carpi,Bologna,Away,2.0,0.0,0.0,D,0.0
06/12/15,1516,Carpi,Milan,Home,3.0,0.0,0.0,D,0.0
07/02/16,1516,Carpi,Napoli,Away,0.0,0.0,1.0,H,1.0
08/05/16,1516,Carpi,Lazio,Home,9.0,1.0,3.0,A,0.0
08/11/15,1516,Carpi,Sassuolo,Away,2.0,0.0,1.0,H,0.0
09/01/16,1516,Carpi,Udinese,Home,6.0,2.0,1.0,H,0.0
09/04/16,1516,Carpi,Chievo,Away,3.0,0.0,1.0,H,0.0
12/02/16,1516,Carpi,Roma,Home,2.0,1.0,3.0,A,0.0
13/03/16,1516,Carpi,Frosinone,Home,3.0,2.0,1.0,H,0.0
13/09/15,1516,Carpi,Palermo,Away,2.0,2.0,2.0,D,0.0
13/12/15,1516,Carpi,Empoli,Away,4.0,0.0,3.0,H,0.0
15/05/16,1516,Carpi,Udinese,Away,5.0,2.0,1.0,A,0.0
16/04/16,1516,Carpi,Genoa,Home,10.0,4.0,1.0,H,0.0
17/01/16,1516,Carpi,Sampdoria,Home,5.0,2.0,1.0,H,1.0
18/10/15,1516,Carpi,Atalanta,Away,5.0,0.0,3.0,H,0.0
20/03/16,1516,Carpi,Verona,Away,5.0,2.0,1.0,A,0.0
20/09/15,1516,Carpi,Fiorentina,Home,3.0,0.0,1.0,A,0.0
20/12/15,1516,Carpi,Juventus,Home,3.0,2.0,3.0,A,0.0
21/02/16,1516,Carpi,Torino,Away,0.0,0.0,0.0,D,0.0
21/04/16,1516,Carpi,Milan,Away,2.0,0.0,0.0,D,0.0
22/11/15,1516,Carpi,Chievo,Home,3.0,1.0,2.0,A,0.0
23/08/15,1516,Carpi,Sampdoria,Away,7.0,2.0,5.0,H,0.0
23/09/15,1516,Carpi,Napoli,Home,1.0,0.0,0.0,D,0.0
24/01/16,1516,Carpi,Inter,Away,4.0,1.0,1.0,D,1.0
24/10/15,1516,Carpi,Bologna,Home,1.0,1.0,2.0,A,1.0
25/04/16,1516,Carpi,Empoli,Home,3.0,1.0,0.0,H,1.0
26/09/15,1516,Carpi,Roma,Away,6.0,1.0,5.0,H,0.0
28/02/16,1516,Carpi,Atalanta,Home,4.0,1.0,1.0,D,0.0
28/10/15,1516,Carpi,Frosinone,Away,3.0,1.0,2.0,H,1.0
29/11/15,1516,Carpi,Genoa,Away,5.0,2.0,1.0,A,0.0
30/01/16,1516,Carpi,Palermo,Home,1.0,1.0,1.0,D,0.0
30/08/15,1516,Carpi,Inter,Home,5.0,1.0,2.0,A,0.0
01/02/09,809,Catania,Atalanta,Away,4.0,0.0,1.0,H,0.0
01/03/09,809,Catania,Palermo,Away,4.0,4.0,0.0,A,0.0
01/04/07,607,Catania,Livorno,Away,5.0,1.0,4.0,H,1.0
01/05/11,1011,Catania,Cagliari,Home,5.0,2.0,0.0,H,1.0
01/09/13,1314,Catania,Inter,Home,3.0,0.0,3.0,A,0.0
01/10/06,607,Catania,Fiorentina,Away,1.0,0.0,3.0,H,2.0
01/11/09,910,Catania,Fiorentina,Away,4.0,1.0,3.0,H,1.0
01/12/13,1314,Catania,Milan,Home,3.0,1.0,3.0,A,1.0
02/02/07,607,Catania,Palermo,Home,7.0,1.0,2.0,A,0.0
02/02/11,1011,Catania,Cesena,Away,2.0,1.0,1.0,D,0.0
02/02/13,1213,Catania,Napoli,Away,2.0,0.0,2.0,H,0.0
02/02/14,1314,Catania,Livorno,Home,6.0,3.0,3.0,D,0.0
02/03/08,708,Catania,Livorno,Away,2.0,0.0,1.0,H,0.0
02/03/14,1314,Catania,Genoa,Away,2.0,0.0,2.0,H,1.0
02/05/07,607,Catania,Ascoli,Home,11.0,3.0,3.0,D,0.0
02/05/10,910,Catania,Juventus,Home,6.0,1.0,1.0,D,0.0
02/05/12,1112,Catania,Bologna,Home,4.0,0.0,1.0,A,0.0
02/09/07,708,Catania,Genoa,Home,1.0,0.0,0.0,D,0.0
02/09/12,1213,Catania,Genoa,Home,5.0,3.0,2.0,H,0.0
02/10/11,1112,Catania,Novara,Away,7.0,3.0,3.0,D,0.0
02/11/08,809,Catania,Lazio,Away,1.0,0.0,1.0,H,0.0
02/11/13,1314,Catania,Napoli,Away,2.0,1.0,2.0,H,0.0
02/12/07,708,Catania,Palermo,Home,10.0,3.0,1.0,H,0.0
03/02/08,708,Catania,Genoa,Away,5.0,1.0,2.0,H,0.0
03/03/13,1213,Catania,Inter,Home,4.0,2.0,3.0,A,0.0
03/04/10,910,Catania,Palermo,Home,5.0,2.0,0.0,H,0.0
03/04/11,1011,Catania,Palermo,Home,3.0,4.0,0.0,H,0.0
03/05/09,809,Catania,Milan,Home,2.0,0.0,2.0,A,0.0
03/10/09,910,Catania,Bari,Away,2.0,0.0,0.0,D,0.0
03/10/10,1011,Catania,Lecce,Away,1.0,0.0,1.0,H,0.0
03/12/06,607,Catania,Ascoli,Away,4.0,2.0,2.0,D,0.0
04/03/07,607,Catania,Siena,Home,1.0,1.0,1.0,D,0.0
04/03/12,1112,Catania,Inter,Away,5.0,2.0,2.0,D,0.0
04/05/08,708,Catania,Reggina,Home,8.0,1.0,2.0,A,0.0
04/05/14,1314,Catania,Roma,Home,8.0,4.0,1.0,H,0.0
04/11/06,607,Catania,Reggina,Away,5.0,1.0,0.0,A,0.0
04/11/07,708,Catania,Atalanta,Home,4.0,1.0,2.0,A,0.0
04/11/12,1213,Catania,Lazio,Home,5.0,4.0,0.0,H,0.0
04/12/11,1112,Catania,Cagliari,Home,7.0,0.0,1.0,A,0.0
05/01/13,1213,Catania,Torino,Home,6.0,0.0,0.0,D,1.0
05/04/09,809,Catania,Cagliari,Away,3.0,0.0,1.0,H,0.0
05/05/12,1112,Catania,Roma,Away,6.0,2.0,2.0,D,0.0
05/05/13,1213,Catania,Siena,Home,5.0,3.0,0.0,H,0.0
05/10/08,809,Catania,Reggina,Away,2.0,1.0,1.0,D,1.0
05/12/10,1011,Catania,Juventus,Home,4.0,1.0,3.0,A,0.0
06/01/10,910,Catania,Bologna,Home,8.0,1.0,0.0,H,0.0
06/01/11,1011,Catania,Roma,Away,2.0,2.0,4.0,H,0.0
06/01/14,1314,Catania,Bologna,Home,2.0,2.0,0.0,H,0.0
06/02/11,1011,Catania,Bologna,Away,2.0,0.0,1.0,H,1.0
06/03/11,1011,Catania,Fiorentina,Away,2.0,0.0,3.0,H,0.0
06/04/08,708,Catania,Napoli,Home,5.0,3.0,0.0,H,0.0
06/04/14,1314,Catania,Torino,Home,4.0,1.0,2.0,A,0.0
06/05/07,607,Catania,Empoli,Away,3.0,1.0,2.0,H,0.0
06/10/13,1314,Catania,Genoa,Home,4.0,1.0,1.0,D,0.0
06/11/11,1112,Catania,Milan,Away,6.0,0.0,4.0,H,0.0
06/12/09,910,Catania,Siena,Away,9.0,2.0,3.0,H,0.0
07/02/10,910,Catania,Lazio,Away,3.0,1.0,0.0,A,0.0
07/03/10,910,Catania,Cagliari,Away,3.0,2.0,2.0,D,0.0
07/03/12,1112,Catania,Cesena,Away,5.0,0.0,0.0,D,1.0
07/04/07,607,Catania,Roma,Home,3.0,0.0,2.0,A,0.0
07/04/12,1112,Catania,Chievo,Away,2.0,2.0,3.0,H,1.0
07/04/13,1213,Catania,Cagliari,Home,3.0,0.0,0.0,D,0.0
07/10/07,708,Catania,Livorno,Home,5.0,1.0,0.0,H,0.0
07/10/12,1213,Catania,Parma,Home,6.0,2.0,0.0,H,0.0
07/11/09,910,Catania,Napoli,Home,3.0,0.0,0.0,D,0.0
07/11/10,1011,Catania,Sampdoria,Away,2.0,0.0,0.0,D,0.0
07/12/08,809,Catania,Milan,Away,2.0,0.0,1.0,H,0.0
08/01/12,1112,Catania,Bologna,Away,2.0,0.0,2.0,H,1.0
08/02/09,809,Catania,Juventus,Home,5.0,1.0,2.0,A,0.0
08/02/12,1112,Catania,Roma,Home,6.0,1.0,1.0,D,0.0
08/03/09,809,Catania,Siena,Home,2.0,0.0,3.0,A,0.0
08/03/14,1314,Catania,Cagliari,Home,3.0,1.0,1.0,D,0.0
08/05/11,1011,Catania,Brescia,Away,4.0,2.0,1.0,A,0.0
08/05/13,1213,Catania,Sampdoria,Away,1.0,1.0,1.0,D,0.0
08/12/07,708,Catania,Lazio,Away,1.0,0.0,2.0,H,1.0
08/12/13,1314,Catania,Sampdoria,Away,0.0,0.0,2.0,H,0.0
09/01/11,1011,Catania,Inter,Home,6.0,1.0,2.0,A,0.0
09/02/14,1314,Catania,Parma,Away,2.0,0.0,0.0,D,0.0
09/03/08,708,Catania,Cagliari,Home,8.0,2.0,1.0,H,0.0
09/05/10,910,Catania,Bologna,Away,3.0,1.0,1.0,D,0.0
09/11/08,809,Catania,Cagliari,Home,6.0,2.0,1.0,H,0.0
09/11/13,1314,Catania,Udinese,Home,4.0,1.0,0.0,H,0.0
09/12/12,1213,Catania,Siena,Away,6.0,3.0,1.0,A,0.0
10/01/10,910,Catania,Genoa,Away,0.0,0.0,2.0,H,1.0
10/02/08,708,Catania,Inter,Home,0.0,0.0,2.0,A,0.0
10/02/13,1213,Catania,Atalanta,Away,4.0,0.0,0.0,D,0.0
10/03/13,1213,Catania,Juventus,Away,1.0,0.0,1.0,H,0.0
10/04/11,1011,Catania,Bari,Away,4.0,1.0,1.0,D,0.0
10/05/09,809,Catania,Fiorentina,Home,2.0,0.0,2.0,A,0.0
10/09/06,607,Catania,Cagliari,Away,5.0,1.0,0.0,A,0.0
10/11/10,1011,Catania,Udinese,Home,2.0,1.0,0.0,H,1.0
10/11/12,1213,Catania,Cagliari,Away,0.0,0.0,0.0,D,0.0
10/12/06,607,Catania,Udinese,Home,3.0,1.0,0.0,H,0.0
11/01/09,809,Catania,Napoli,Away,2.0,0.0,1.0,H,0.0
11/02/07,607,Catania,Messina,Away,2.0,1.0,1.0,D,0.0
11/03/07,607,Catania,Torino,Away,3.0,0.0,1.0,H,0.0
11/03/12,1112,Catania,Fiorentina,Home,5.0,1.0,0.0,H,0.0
11/04/09,809,Catania,Torino,Away,3.0,1.0,2.0,H,1.0
11/04/10,910,Catania,Milan,Away,3.0,2.0,2.0,D,0.0
11/04/12,1112,Catania,Lecce,Home,7.0,1.0,2.0,A,1.0
11/05/08,708,Catania,Juventus,Away,3.0,1.0,1.0,D,0.0
11/05/13,1213,Catania,Pescara,Home,5.0,1.0,0.0,H,0.0
11/05/14,1314,Catania,Bologna,Away,3.0,2.0,1.0,A,1.0
11/09/11,1112,Catania,Siena,Home,1.0,0.0,0.0,D,0.0
11/11/07,708,Catania,Torino,Away,3.0,1.0,1.0,D,1.0
11/12/11,1112,Catania,Atalanta,Away,4.0,1.0,1.0,D,1.0
12/01/08,708,Catania,Juventus,Home,2.0,1.0,1.0,D,0.0
12/01/14,1314,Catania,Atalanta,Away,4.0,1.0,2.0,H,0.0
12/02/12,1112,Catania,Genoa,Home,6.0,4.0,0.0,H,0.0
12/03/10,910,Catania,Inter,Home,4.0,3.0,1.0,H,0.0
12/04/08,708,Catania,Palermo,Away,1.0,0.0,1.0,H,0.0
12/09/10,1011,Catania,Parma,Home,3.0,2.0,1.0,H,0.0
12/11/06,607,Catania,Livorno,Home,8.0,3.0,2.0,H,0.0
12/12/10,1011,Catania,Cagliari,Away,0.0,0.0,3.0,H,2.0
13/01/13,1213,Catania,Roma,Home,4.0,1.0,0.0,H,0.0
13/02/11,1011,Catania,Lecce,Home,6.0,3.0,2.0,H,0.0
13/03/11,1011,Catania,Sampdoria,Home,2.0,1.0,0.0,H,0.0
13/04/14,1314,Catania,Milan,Away,4.0,0.0,1.0,H,1.0
13/05/07,607,Catania,Milan,Home,4.0,1.0,1.0,D,0.0
13/05/12,1112,Catania,Udinese,Home,3.0,0.0,2.0,A,0.0
13/09/08,809,Catania,Inter,Away,1.0,1.0,2.0,H,0.0
13/09/09,910,Catania,Udinese,Away,2.0,2.0,4.0,H,0.0
13/12/09,910,Catania,Livorno,Home,3.0,0.0,1.0,A,1.0
14/01/07,607,Catania,Chievo,Away,4.0,1.0,2.0,H,0.0
14/02/10,910,Catania,Atalanta,Home,1.0,0.0,0.0,D,0.0
14/04/13,1213,Catania,Chievo,Away,2.0,0.0,0.0,D,0.0
14/11/10,1011,Catania,Palermo,Away,6.0,1.0,3.0,H,0.0
14/12/08,809,Catania,Fiorentina,Away,2.0,0.0,2.0,H,0.0
14/12/13,1314,Catania,Verona,Home,6.0,0.0,0.0,D,0.0
15/02/09,809,Catania,Chievo,Away,2.0,1.0,1.0,D,0.0
15/03/09,809,Catania,Udinese,Away,4.0,1.0,1.0,D,0.0
15/04/07,607,Catania,Parma,Away,4.0,1.0,1.0,D,0.0
15/05/11,1011,Catania,Roma,Home,7.0,2.0,1.0,H,0.0
15/09/13,1314,Catania,Livorno,Away,2.0,0.0,2.0,H,0.0
15/10/06,607,Catania,Inter,Away,3.0,1.0,2.0,H,0.0
15/10/11,1112,Catania,Inter,Home,4.0,2.0,1.0,H,0.0
15/12/07,708,Catania,Udinese,Home,4.0,2.0,0.0,H,0.0
16/01/11,1011,Catania,Chievo,Home,4.0,1.0,1.0,D,0.0
16/02/14,1314,Catania,Lazio,Home,8.0,3.0,1.0,H,0.0
16/03/08,708,Catania,Sampdoria,Away,2.0,1.0,3.0,H,0.0
16/03/13,1213,Catania,Udinese,Home,5.0,3.0,1.0,H,1.0
16/03/14,1314,Catania,Sassuolo,Away,3.0,1.0,3.0,H,0.0
16/05/09,809,Catania,Roma,Away,7.0,3.0,4.0,H,0.0
16/05/10,910,Catania,Genoa,Home,5.0,1.0,0.0,H,0.0
16/09/07,708,Catania,Inter,Away,3.0,0.0,2.0,H,0.0
16/09/12,1213,Catania,Fiorentina,Away,4.0,0.0,2.0,H,0.0
16/11/08,809,Catania,Torino,Home,7.0,3.0,2.0,H,0.0
16/12/12,1213,Catania,Sampdoria,Home,4.0,3.0,1.0,H,0.0
17/01/10,910,Catania,Sampdoria,Away,3.0,1.0,1.0,D,0.0
17/02/08,708,Catania,Fiorentina,Away,3.0,1.0,2.0,H,0.0
17/02/13,1213,Catania,Bologna,Home,8.0,1.0,0.0,H,0.0
17/04/11,1011,Catania,Lazio,Home,5.0,1.0,4.0,A,0.0
17/09/06,607,Catania,Atalanta,Home,5.0,0.0,0.0,D,0.0
17/10/10,1011,Catania,Napoli,Home,6.0,1.0,1.0,D,0.0
18/01/09,809,Catania,Bologna,Home,7.0,1.0,2.0,A,1.0
18/02/07,607,Catania,Fiorentina,Home,1.0,0.0,1.0,A,1.0
18/02/12,1112,Catania,Juventus,Away,6.0,1.0,3.0,H,1.0
18/03/07,607,Catania,Reggina,Home,8.0,1.0,4.0,A,0.0
18/03/12,1112,Catania,Lazio,Home,3.0,1.0,0.0,H,0.0
18/04/10,910,Catania,Siena,Home,6.0,2.0,2.0,D,0.0
18/05/08,708,Catania,Roma,Home,9.0,1.0,1.0,D,0.0
18/05/14,1314,Catania,Atalanta,Home,9.0,2.0,1.0,H,0.0
18/09/10,1011,Catania,Milan,Away,6.0,1.0,1.0,D,0.0
18/09/11,1112,Catania,Cesena,Home,3.0,1.0,0.0,H,0.0
18/10/09,910,Catania,Cagliari,Home,2.0,2.0,1.0,H,0.0
18/11/12,1213,Catania,Chievo,Home,4.0,2.0,1.0,H,0.0
18/12/11,1112,Catania,Palermo,Home,7.0,2.0,0.0,H,0.0
19/01/14,1314,Catania,Fiorentina,Home,3.0,0.0,3.0,A,0.0
19/03/08,708,Catania,Siena,Home,4.0,0.0,0.0,D,0.0
19/04/09,809,Catania,Sampdoria,Home,6.0,2.0,0.0,H,0.0
19/04/14,1314,Catania,Sampdoria,Home,11.0,2.0,1.0,H,0.0
19/05/13,1213,Catania,Torino,Away,4.0,2.0,2.0,D,0.0
19/10/08,809,Catania,Palermo,Home,4.0,2.0,0.0,H,0.0
19/10/13,1314,Catania,Cagliari,Away,4.0,1.0,2.0,H,1.0
19/11/06,607,Catania,Roma,Away,2.0,0.0,7.0,H,2.0
19/12/10,1011,Catania,Brescia,Home,8.0,1.0,0.0,H,0.0
20/01/08,708,Catania,Roma,Away,3.0,0.0,2.0,H,0.0
20/01/13,1213,Catania,Genoa,Away,4.0,2.0,0.0,A,0.0
20/02/11,1011,Catania,Napoli,Away,4.0,0.0,1.0,H,0.0
20/03/11,1011,Catania,Udinese,Away,0.0,0.0,2.0,H,0.0
20/04/08,708,Catania,Lazio,Home,6.0,1.0,0.0,H,0.0
20/05/07,607,Catania,Sampdoria,Away,6.0,0.0,1.0,H,1.0
20/09/06,607,Catania,Palermo,Away,5.0,3.0,5.0,H,0.0
20/09/08,809,Catania,Atalanta,Home,1.0,1.0,0.0,H,0.0
20/09/09,910,Catania,Lazio,Home,2.0,1.0,1.0,D,0.0
20/11/11,1112,Catania,Chievo,Home,5.0,1.0,2.0,A,0.0
20/12/06,607,Catania,Milan,Away,6.0,0.0,3.0,H,0.0
20/12/09,910,Catania,Juventus,Away,2.0,2.0,1.0,A,0.0
21/01/07,607,Catania,Cagliari,Home,5.0,0.0,1.0,A,0.0
21/02/10,910,Catania,Roma,Away,1.0,0.0,1.0,H,0.0
21/03/09,809,Catania,Lazio,Home,2.0,1.0,0.0,H,0.0
21/03/10,910,Catania,Chievo,Away,4.0,1.0,1.0,D,0.0
21/04/12,1112,Catania,Atalanta,Home,4.0,2.0,0.0,H,0.0
21/04/13,1213,Catania,Palermo,Home,7.0,1.0,1.0,D,1.0
21/09/11,1112,Catania,Genoa,Away,4.0,0.0,3.0,H,0.0
21/10/07,708,Catania,Cagliari,Away,4.0,1.0,1.0,D,0.0
21/10/12,1213,Catania,Inter,Away,2.0,0.0,2.0,H,0.0
21/11/10,1011,Catania,Bari,Home,6.0,1.0,0.0,H,1.0
21/12/08,809,Catania,Roma,Home,4.0,3.0,2.0,H,0.0
21/12/11,1112,Catania,Parma,Away,5.0,3.0,3.0,D,0.0
21/12/12,1213,Catania,Pescara,Away,4.0,1.0,2.0,H,0.0
22/01/11,1011,Catania,Parma,Away,5.0,0.0,2.0,H,0.0
22/01/12,1112,Catania,Udinese,Away,4.0,1.0,2.0,H,0.0
22/02/09,809,Catania,Reggina,Home,4.0,2.0,0.0,H,0.0
22/02/12,1112,Catania,Siena,Away,2.0,1.0,0.0,A,0.0
22/03/08,708,Catania,Atalanta,Away,3.0,0.0,0.0,D,0.0
22/05/11,1011,Catania,Inter,Away,3.0,1.0,3.0,H,0.0
22/09/10,1011,Catania,Cesena,Home,3.0,2.0,0.0,H,0.0
22/09/13,1314,Catania,Parma,Home,2.0,0.0,0.0,D,0.0
22/10/06,607,Catania,Lazio,Home,8.0,3.0,1.0,H,0.0
22/10/11,1112,Catania,Fiorentina,Away,3.0,2.0,2.0,D,0.0
22/11/09,910,Catania,Palermo,Away,5.0,1.0,1.0,D,0.0
22/12/13,1314,Catania,Roma,Away,1.0,0.0,4.0,H,0.0
23/01/10,910,Catania,Parma,Home,5.0,3.0,0.0,H,0.0
23/02/14,1314,Catania,Chievo,Away,5.0,0.0,2.0,H,0.0
23/03/14,1314,Catania,Juventus,Home,0.0,0.0,1.0,A,1.0
23/04/11,1011,Catania,Juventus,Away,5.0,2.0,2.0,D,0.0
23/08/09,910,Catania,Sampdoria,Home,4.0,1.0,2.0,A,1.0
23/09/06,607,Catania,Messina,Home,7.0,2.0,2.0,D,1.0
23/09/07,708,Catania,Fiorentina,Home,5.0,0.0,1.0,A,1.0
23/09/09,910,Catania,Atalanta,Away,1.0,0.0,0.0,D,0.0
23/09/12,1213,Catania,Napoli,Home,1.0,0.0,0.0,D,1.0
23/11/08,809,Catania,Sampdoria,Away,3.0,0.0,3.0,H,0.0
23/12/06,607,Catania,Sampdoria,Home,6.0,4.0,2.0,H,0.0
23/12/07,708,Catania,Reggina,Away,3.0,1.0,3.0,H,1.0
24/01/07,607,Catania,Empoli,Home,5.0,2.0,1.0,H,0.0
24/02/08,708,Catania,Empoli,Away,4.0,0.0,2.0,H,0.0
24/02/13,1213,Catania,Parma,Away,4.0,2.0,1.0,A,1.0
24/03/10,910,Catania,Fiorentina,Home,4.0,1.0,0.0,H,0.0
24/04/12,1112,Catania,Cagliari,Away,5.0,0.0,3.0,H,0.0
24/05/09,809,Catania,Napoli,Home,5.0,3.0,1.0,H,0.0
24/09/08,809,Catania,Juventus,Away,4.0,1.0,1.0,D,0.0
24/10/09,910,Catania,Inter,Away,6.0,1.0,2.0,H,0.0
24/10/10,1011,Catania,Genoa,Away,3.0,0.0,1.0,H,0.0
24/11/12,1213,Catania,Palermo,Away,8.0,1.0,3.0,H,0.0
24/11/13,1314,Catania,Torino,Away,5.0,1.0,4.0,H,0.0
25/01/09,809,Catania,Genoa,Away,1.0,1.0,1.0,D,0.0
25/02/07,607,Catania,Inter,Home,4.0,2.0,5.0,A,1.0
25/03/12,1112,Catania,Napoli,Away,5.0,2.0,2.0,D,0.0
25/04/10,910,Catania,Livorno,Away,5.0,1.0,3.0,H,1.0
25/09/11,1112,Catania,Juventus,Home,4.0,1.0,1.0,D,0.0
25/09/13,1314,Catania,Lazio,Away,1.0,1.0,3.0,H,1.0
25/10/06,607,Catania,Siena,Away,4.0,1.0,1.0,D,0.0
25/10/08,809,Catania,Siena,Away,2.0,1.0,1.0,D,0.0
25/11/07,708,Catania,Napoli,Away,4.0,0.0,2.0,H,0.0
26/01/14,1314,Catania,Inter,Away,0.0,0.0,0.0,D,0.0
26/02/12,1112,Catania,Novara,Home,9.0,3.0,1.0,H,0.0
26/03/14,1314,Catania,Napoli,Home,9.0,2.0,4.0,A,0.0
26/04/09,809,Catania,Lecce,Away,5.0,1.0,2.0,H,1.0
26/08/07,708,Catania,Parma,Away,3.0,2.0,2.0,D,0.0
26/08/12,1213,Catania,Roma,Away,4.0,2.0,2.0,D,0.0
26/08/13,1314,Catania,Fiorentina,Away,4.0,1.0,2.0,H,0.0
26/09/07,708,Catania,Empoli,Home,6.0,1.0,0.0,H,1.0
26/09/10,1011,Catania,Bologna,Home,4.0,1.0,1.0,D,0.0
26/09/12,1213,Catania,Atalanta,Home,5.0,2.0,1.0,H,0.0
26/10/11,1112,Catania,Lazio,Away,5.0,1.0,1.0,D,0.0
26/11/06,607,Catania,Parma,Home,5.0,2.0,0.0,H,0.0
26/11/11,1112,Catania,Lecce,Away,7.0,1.0,0.0,A,0.0
27/01/08,708,Catania,Parma,Home,4.0,0.0,0.0,D,0.0
27/01/13,1213,Catania,Fiorentina,Home,3.0,2.0,1.0,H,0.0
27/02/08,708,Catania,Milan,Home,3.0,1.0,1.0,D,0.0
27/02/10,910,Catania,Bari,Home,4.0,4.0,0.0,H,0.0
27/02/11,1011,Catania,Genoa,Home,7.0,2.0,1.0,H,1.0
27/04/08,708,Catania,Udinese,Away,3.0,1.0,2.0,H,0.0
27/04/14,1314,Catania,Verona,Away,2.0,0.0,4.0,H,0.0
27/05/07,607,Catania,Chievo,Home,5.0,2.0,0.0,H,0.0
27/09/09,910,Catania,Roma,Home,5.0,1.0,1.0,D,1.0
27/10/13,1314,Catania,Sassuolo,Home,4.0,0.0,0.0,D,0.0
28/01/07,607,Catania,Atalanta,Away,1.0,1.0,1.0,D,0.0
28/01/09,809,Catania,Inter,Home,4.0,0.0,2.0,A,0.0
28/01/12,1112,Catania,Parma,Home,3.0,1.0,1.0,D,0.0
28/02/07,607,Catania,Lazio,Away,3.0,1.0,3.0,H,0.0
28/03/10,910,Catania,Napoli,Away,2.0,0.0,1.0,H,0.0
28/04/12,1112,Catania,Palermo,Away,6.0,1.0,1.0,D,0.0
28/04/13,1213,Catania,Milan,Away,3.0,2.0,4.0,H,0.0
28/09/08,809,Catania,Chievo,Home,3.0,1.0,0.0,H,0.0
28/10/07,708,Catania,Sampdoria,Home,3.0,2.0,0.0,H,0.0
28/10/09,910,Catania,Chievo,Home,2.0,1.0,2.0,A,1.0
28/10/12,1213,Catania,Juventus,Home,0.0,0.0,1.0,A,1.0
28/11/10,1011,Catania,Lazio,Away,5.0,1.0,1.0,D,0.0
29/01/11,1011,Catania,Milan,Home,1.0,0.0,2.0,A,0.0
29/04/07,607,Catania,Udinese,Away,2.0,1.0,0.0,A,0.0
29/08/10,1011,Catania,Chievo,Away,4.0,1.0,2.0,H,0.0
29/09/13,1314,Catania,Chievo,Home,5.0,2.0,0.0,H,0.0
29/10/06,607,Catania,Torino,Home,4.0,1.0,1.0,D,1.0
29/10/08,809,Catania,Udinese,Home,6.0,0.0,2.0,A,0.0
29/10/11,1112,Catania,Napoli,Home,5.0,2.0,1.0,H,0.0
29/11/08,809,Catania,Lecce,Home,4.0,1.0,1.0,D,0.0
29/11/09,910,Catania,Milan,Home,2.0,0.0,2.0,A,0.0
30/03/08,708,Catania,Torino,Home,4.0,1.0,2.0,A,0.0
30/03/13,1213,Catania,Lazio,Away,1.0,1.0,2.0,H,0.0
30/08/09,910,Catania,Parma,Away,4.0,1.0,2.0,H,0.0
30/09/07,708,Catania,Milan,Away,1.0,1.0,1.0,D,0.0
30/09/12,1213,Catania,Bologna,Away,7.0,0.0,4.0,H,1.0
30/10/13,1314,Catania,Juventus,Away,1.0,0.0,4.0,H,1.0
30/11/12,1213,Catania,Milan,Home,2.0,1.0,3.0,A,1.0
31/01/10,910,Catania,Udinese,Home,4.0,1.0,1.0,D,0.0
31/03/12,1112,Catania,Milan,Home,1.0,1.0,1.0,D,0.0
31/03/14,1314,Catania,Udinese,Away,7.0,0.0,1.0,H,0.0
31/05/09,809,Catania,Bologna,Away,7.0,1.0,3.0,H,0.0
31/08/08,809,Catania,Genoa,Home,4.0,1.0,0.0,H,0.0
31/10/07,708,Catania,Siena,Away,1.0,1.0,1.0,D,0.0
31/10/10,1011,Catania,Fiorentina,Home,3.0,0.0,0.0,D,0.0
31/10/12,1213,Catania,Udinese,Away,5.0,2.0,2.0,D,0.0
01/02/12,1112,Cesena,Napoli,Away,3.0,0.0,0.0,D,0.0
01/02/15,1415,Cesena,Lazio,Home,4.0,2.0,1.0,H,0.0
01/03/15,1415,Cesena,Udinese,Home,3.0,1.0,0.0,H,0.0
01/04/12,1112,Cesena,Lecce,Away,7.0,0.0,0.0,D,0.0
02/02/11,1011,Cesena,Catania,Home,2.0,1.0,1.0,D,0.0
02/05/12,1112,Cesena,Udinese,Home,1.0,0.0,1.0,A,0.0
02/10/10,1011,Cesena,Udinese,Away,0.0,0.0,1.0,H,0.0
02/10/11,1112,Cesena,Chievo,Home,4.0,0.0,0.0,D,0.0
03/04/11,1011,Cesena,Fiorentina,Home,5.0,2.0,2.0,D,0.0
03/05/15,1415,Cesena,Fiorentina,Away,1.0,1.0,3.0,H,0.0
03/11/14,1415,Cesena,Verona,Home,4.0,1.0,1.0,D,0.0
04/03/12,1112,Cesena,Fiorentina,Away,2.0,0.0,2.0,H,0.0
04/04/15,1415,Cesena,Verona,Away,8.0,3.0,3.0,D,0.0
04/12/11,1112,Cesena,Juventus,Away,1.0,0.0,2.0,H,1.0
05/10/14,1415,Cesena,Udinese,Away,5.0,1.0,1.0,D,0.0
05/12/10,1011,Cesena,Bologna,Home,4.0,0.0,2.0,A,0.0
06/01/11,1011,Cesena,Brescia,Away,4.0,2.0,1.0,A,0.0
06/01/15,1415,Cesena,Napoli,Home,3.0,1.0,4.0,A,0.0
06/02/11,1011,Cesena,Napoli,Away,0.0,0.0,2.0,H,0.0
06/03/11,1011,Cesena,Sampdoria,Away,4.0,3.0,2.0,A,0.0
06/05/12,1112,Cesena,Novara,Away,3.0,0.0,3.0,H,0.0
06/11/11,1112,Cesena,Lecce,Home,6.0,0.0,1.0,A,0.0
07/03/12,1112,Cesena,Catania,Home,0.0,0.0,0.0,D,1.0
07/04/12,1112,Cesena,Bologna,Home,3.0,0.0,0.0,D,0.0
07/11/10,1011,Cesena,Juventus,Away,2.0,1.0,3.0,H,1.0
07/12/14,1415,Cesena,Atalanta,Away,3.0,2.0,3.0,H,0.0
08/01/12,1112,Cesena,Udinese,Away,3.0,1.0,4.0,H,1.0
08/02/15,1415,Cesena,Empoli,Away,2.0,0.0,2.0,H,0.0
08/03/15,1415,Cesena,Palermo,Home,2.0,0.0,0.0,D,0.0
08/05/11,1011,Cesena,Cagliari,Away,3.0,2.0,0.0,A,0.0
09/01/11,1011,Cesena,Genoa,Home,0.0,0.0,0.0,D,0.0
09/02/12,1112,Cesena,Lazio,Away,4.0,2.0,3.0,H,0.0
09/11/14,1415,Cesena,Chievo,Away,3.0,1.0,2.0,H,0.0
10/04/11,1011,Cesena,Palermo,Away,3.0,2.0,2.0,D,3.0
10/05/15,1415,Cesena,Sassuolo,Home,6.0,2.0,3.0,A,0.0
10/09/11,1112,Cesena,Napoli,Home,3.0,1.0,3.0,A,1.0
10/11/10,1011,Cesena,Lazio,Home,4.0,1.0,0.0,H,0.0
10/12/11,1112,Cesena,Palermo,Away,6.0,1.0,0.0,A,0.0
11/01/15,1415,Cesena,Cagliari,Away,5.0,1.0,2.0,H,0.0
11/03/12,1112,Cesena,Siena,Home,5.0,0.0,2.0,A,1.0
11/04/12,1112,Cesena,Genoa,Away,5.0,1.0,1.0,D,0.0
11/09/10,1011,Cesena,Milan,Home,4.0,2.0,0.0,H,0.0
12/03/11,1011,Cesena,Juventus,Home,7.0,2.0,2.0,D,0.0
12/04/15,1415,Cesena,Chievo,Home,1.0,0.0,1.0,A,0.0
13/02/11,1011,Cesena,Udinese,Home,4.0,0.0,3.0,A,0.0
13/05/12,1112,Cesena,Roma,Home,5.0,2.0,3.0,A,0.0
13/11/10,1011,Cesena,Fiorentina,Away,1.0,0.0,1.0,H,0.0
14/09/14,1415,Cesena,Lazio,Away,1.0,0.0,3.0,H,0.0
14/12/14,1415,Cesena,Fiorentina,Home,0.0,1.0,4.0,A,1.0
15/01/12,1112,Cesena,Novara,Home,8.0,3.0,1.0,H,0.0
15/02/15,1415,Cesena,Juventus,Home,6.0,2.0,2.0,D,0.0
15/03/15,1415,Cesena,Inter,Away,1.0,1.0,1.0,D,0.0
15/05/11,1011,Cesena,Brescia,Home,5.0,1.0,0.0,H,0.0
16/01/11,1011,Cesena,Roma,Home,2.0,0.0,1.0,A,0.0
16/10/11,1112,Cesena,Fiorentina,Home,3.0,0.0,0.0,D,1.0
17/04/11,1011,Cesena,Bari,Home,4.0,1.0,0.0,H,0.0
17/10/10,1011,Cesena,Parma,Home,3.0,1.0,1.0,D,0.0
18/01/15,1415,Cesena,Torino,Home,4.0,2.0,3.0,A,0.0
18/03/12,1112,Cesena,Cagliari,Away,4.0,0.0,3.0,H,2.0
18/04/15,1415,Cesena,Sampdoria,Away,3.0,0.0,0.0,D,0.0
18/05/15,1415,Cesena,Napoli,Away,4.0,2.0,3.0,H,0.0
18/09/11,1112,Cesena,Catania,Away,2.0,0.0,1.0,H,0.0
18/12/10,1011,Cesena,Cagliari,Home,3.0,1.0,0.0,H,0.0
18/12/11,1112,Cesena,Inter,Home,4.0,0.0,1.0,A,0.0
19/01/11,1011,Cesena,Inter,Away,3.0,2.0,3.0,H,1.0
19/02/12,1112,Cesena,Milan,Home,3.0,1.0,3.0,A,0.0
19/03/11,1011,Cesena,Lazio,Away,3.0,0.0,1.0,H,0.0
19/09/10,1011,Cesena,Lecce,Home,4.0,1.0,0.0,H,1.0
19/10/14,1415,Cesena,Palermo,Away,2.0,1.0,2.0,H,1.0
20/02/11,1011,Cesena,Parma,Away,4.0,2.0,2.0,D,0.0
20/09/14,1415,Cesena,Empoli,Home,5.0,2.0,2.0,D,0.0
20/11/11,1112,Cesena,Bologna,Away,2.0,1.0,0.0,A,0.0
20/12/14,1415,Cesena,Sassuolo,Away,2.0,1.0,1.0,D,0.0
21/01/12,1112,Cesena,Roma,Away,5.0,1.0,5.0,H,0.0
21/09/11,1112,Cesena,Lazio,Home,1.0,1.0,2.0,A,0.0
21/11/10,1011,Cesena,Palermo,Home,8.0,1.0,2.0,A,0.0
21/12/11,1112,Cesena,Atalanta,Away,3.0,1.0,4.0,H,0.0
22/02/15,1415,Cesena,Milan,Away,2.0,0.0,2.0,H,0.0
22/03/15,1415,Cesena,Roma,Home,1.0,0.0,1.0,A,0.0
22/04/12,1112,Cesena,Palermo,Home,2.0,2.0,2.0,D,0.0
22/05/11,1011,Cesena,Genoa,Away,10.0,2.0,3.0,H,0.0
22/09/10,1011,Cesena,Catania,Away,2.0,0.0,2.0,H,0.0
23/01/11,1011,Cesena,Milan,Away,3.0,0.0,2.0,H,0.0
23/04/11,1011,Cesena,Bologna,Away,5.0,2.0,0.0,A,0.0
23/10/11,1112,Cesena,Siena,Away,1.0,0.0,2.0,H,0.0
23/11/14,1415,Cesena,Sampdoria,Home,3.0,1.0,1.0,D,0.0
24/05/15,1415,Cesena,Cagliari,Home,2.0,0.0,1.0,A,0.0
24/09/11,1112,Cesena,Milan,Away,3.0,0.0,1.0,H,0.0
24/09/14,1415,Cesena,Juventus,Away,1.0,0.0,3.0,H,0.0
24/10/10,1011,Cesena,Chievo,Away,5.0,1.0,2.0,H,1.0
25/01/15,1415,Cesena,Parma,Away,5.0,2.0,1.0,A,0.0
25/03/12,1112,Cesena,Parma,Home,5.0,2.0,2.0,D,0.0
25/04/12,1112,Cesena,Juventus,Home,0.0,0.0,1.0,A,0.0
26/02/12,1112,Cesena,Chievo,Away,2.0,0.0,1.0,H,1.0
26/04/15,1415,Cesena,Genoa,Away,4.0,1.0,3.0,H,1.0
26/09/10,1011,Cesena,Napoli,Home,2.0,1.0,4.0,A,0.0
26/10/11,1112,Cesena,Cagliari,Home,3.0,1.0,1.0,D,0.0
26/10/14,1415,Cesena,Inter,Home,2.0,0.0,1.0,A,1.0
27/02/11,1011,Cesena,Chievo,Home,7.0,1.0,0.0,H,0.0
27/11/11,1112,Cesena,Genoa,Home,8.0,2.0,0.0,H,1.0
28/08/10,1011,Cesena,Roma,Away,3.0,0.0,0.0,D,0.0
28/09/14,1415,Cesena,Milan,Home,2.0,1.0,1.0,D,0.0
28/11/10,1011,Cesena,Bari,Away,3.0,1.0,1.0,D,0.0
29/01/12,1112,Cesena,Atalanta,Home,3.0,0.0,1.0,A,0.0
29/04/12,1112,Cesena,Inter,Away,2.0,1.0,2.0,H,0.0
29/04/15,1415,Cesena,Atalanta,Home,5.0,2.0,2.0,D,0.0
29/10/14,1415,Cesena,Roma,Away,1.0,0.0,2.0,H,0.0
30/01/11,1011,Cesena,Lecce,Away,3.0,1.0,1.0,D,0.0
30/04/11,1011,Cesena,Inter,Home,2.0,1.0,2.0,A,0.0
30/10/11,1112,Cesena,Parma,Away,3.0,0.0,2.0,H,0.0
30/11/14,1415,Cesena,Genoa,Home,3.0,0.0,3.0,A,0.0
31/05/15,1415,Cesena,Torino,Away,1.0,0.0,5.0,H,0.0
31/08/14,1415,Cesena,Parma,Home,5.0,1.0,0.0,H,0.0
31/10/10,1011,Cesena,Sampdoria,Home,4.0,0.0,1.0,A,0.0
01/02/09,809,Chievo,Sampdoria,Home,3.0,1.0,1.0,D,0.0
01/02/15,1415,Chievo,Napoli,Home,3.0,1.0,2.0,A,0.0
01/03/09,809,Chievo,Atalanta,Away,6.0,2.0,0.0,A,0.0
01/04/07,607,Chievo,Sampdoria,Home,2.0,1.0,1.0,D,0.0
01/04/12,1112,Chievo,Fiorentina,Away,4.0,2.0,1.0,A,0.0
01/05/11,1011,Chievo,Lecce,Home,4.0,1.0,0.0,H,0.0
01/05/12,1112,Chievo,Roma,Home,2.0,0.0,0.0,D,0.0
01/10/05,506,Chievo,Treviso,Home,0.0,0.0,0.0,D,0.0
01/10/06,607,Chievo,Palermo,Home,3.0,0.0,1.0,A,0.0
01/10/16,1617,Chievo,Pescara,Away,4.0,2.0,0.0,A,0.0
01/10/17,1718,Chievo,Fiorentina,Home,6.0,2.0,1.0,H,0.0
01/11/09,910,Chievo,Udinese,Home,9.0,1.0,1.0,D,0.0
01/12/13,1314,Chievo,Livorno,Home,6.0,3.0,0.0,H,0.0
02/02/11,1011,Chievo,Napoli,Home,4.0,2.0,0.0,H,0.0
02/02/12,1112,Chievo,Novara,Away,6.0,2.0,1.0,A,0.0
02/02/14,1314,Chievo,Lazio,Home,0.0,0.0,2.0,A,0.0
02/02/2019,1819,Chievo,Empoli,Away,4.0,2.0,2.0,D,0.0
02/03/14,1314,Chievo,Atalanta,Away,4.0,1.0,2.0,H,1.0
02/04/06,506,Chievo,Livorno,Home,4.0,2.0,1.0,H,1.0
02/04/17,1617,Chievo,Crotone,Home,4.0,1.0,2.0,A,0.0
02/05/10,910,Chievo,Napoli,Home,6.0,1.0,2.0,A,1.0
02/09/12,1213,Chievo,Parma,Away,4.0,0.0,2.0,H,0.0
02/09/2018,1819,Chievo,Empoli,Home,5.0,0.0,0.0,D,0.0
02/10/11,1112,Chievo,Cesena,Away,1.0,0.0,0.0,D,0.0
02/11/08,809,Chievo,Palermo,Away,2.0,0.0,3.0,H,0.0
02/11/14,1415,Chievo,Sassuolo,Home,1.0,0.0,0.0,D,0.0
02/11/15,1516,Chievo,Sampdoria,Home,2.0,1.0,1.0,D,0.0
02/12/12,1213,Chievo,Genoa,Away,7.0,4.0,2.0,A,1.0
02/12/2018,1819,Chievo,Lazio,Home,2.0,1.0,1.0,D,0.0
03/02/13,1213,Chievo,Juventus,Home,3.0,1.0,2.0,A,0.0
03/02/16,1516,Chievo,Inter,Away,0.0,0.0,1.0,H,0.0
03/03/07,607,Chievo,Milan,Away,2.0,1.0,3.0,H,0.0
03/03/12,1112,Chievo,Juventus,Away,4.0,1.0,1.0,D,0.0
03/03/13,1213,Chievo,Fiorentina,Away,1.0,1.0,2.0,H,0.0
03/03/2019,1819,Chievo,Torino,Away,5.0,0.0,3.0,H,0.0
03/04/10,910,Chievo,Sampdoria,Home,4.0,1.0,2.0,A,1.0
03/04/11,1011,Chievo,Sampdoria,Home,1.0,0.0,0.0,D,0.0
03/04/16,1516,Chievo,Palermo,Home,4.0,3.0,1.0,H,0.0
03/05/09,809,Chievo,Roma,Away,2.0,0.0,0.0,D,1.0
03/05/15,1415,Chievo,Inter,Away,4.0,0.0,0.0,D,0.0
03/10/10,1011,Chievo,Cagliari,Home,4.0,0.0,0.0,D,0.0
03/10/15,1516,Chievo,Verona,Home,7.0,1.0,1.0,D,0.0
03/11/12,1213,Chievo,Milan,Away,3.0,1.0,5.0,H,0.0
03/12/05,506,Chievo,Milan,Home,5.0,2.0,1.0,H,0.0
03/12/06,607,Chievo,Livorno,Away,8.0,2.0,0.0,A,0.0
03/12/17,1718,Chievo,Inter,Away,4.0,0.0,5.0,H,0.0
04/02/18,1718,Chievo,Atalanta,Away,0.0,0.0,1.0,H,0.0
04/03/17,1617,Chievo,Milan,Away,3.0,1.0,3.0,H,0.0
04/04/15,1415,Chievo,Sassuolo,Away,3.0,0.0,1.0,H,0.0
04/04/18,1718,Chievo,Sassuolo,Home,2.0,1.0,1.0,D,0.0
04/04/2019,1819,Chievo,Sassuolo,Away,5.0,0.0,4.0,H,0.0
04/05/13,1213,Chievo,Cagliari,Home,1.0,0.0,0.0,D,0.0
04/05/14,1314,Chievo,Torino,Home,1.0,0.0,1.0,A,1.0
04/05/2019,1819,Chievo,Spal,Home,3.0,0.0,4.0,A,0.0
04/10/09,910,Chievo,Cagliari,Away,5.0,2.0,1.0,A,0.0
04/10/14,1415,Chievo,Milan,Away,2.0,0.0,2.0,H,0.0
04/11/13,1314,Chievo,Bologna,Away,1.0,0.0,0.0,D,0.0
04/11/2018,1819,Chievo,Sassuolo,Home,1.0,0.0,2.0,A,1.0
04/12/10,1011,Chievo,Roma,Home,8.0,2.0,2.0,D,0.0
04/12/11,1112,Chievo,Atalanta,Home,2.0,0.0,0.0,D,0.0
05/01/14,1314,Chievo,Cagliari,Home,0.0,0.0,0.0,D,0.0
05/01/18,1718,Chievo,Udinese,Home,6.0,1.0,1.0,D,0.0
05/02/06,506,Chievo,Inter,Away,0.0,0.0,1.0,H,0.0
05/02/12,1112,Chievo,Parma,Home,7.0,1.0,2.0,A,0.0
05/02/17,1617,Chievo,Udinese,Home,0.0,0.0,0.0,D,1.0
05/03/06,506,Chievo,Lazio,Home,4.0,2.0,2.0,D,0.0
05/03/16,1516,Chievo,Napoli,Away,2.0,1.0,3.0,H,0.0
05/04/09,809,Chievo,Juventus,Away,4.0,3.0,3.0,D,0.0
05/04/14,1314,Chievo,Verona,Home,6.0,0.0,1.0,A,0.0
05/10/08,809,Chievo,Fiorentina,Home,3.0,0.0,2.0,A,1.0
05/10/13,1314,Chievo,Atalanta,Home,3.0,0.0,1.0,A,0.0
05/11/06,607,Chievo,Cagliari,Home,3.0,0.0,0.0,D,0.0
05/11/17,1718,Chievo,Napoli,Home,1.0,0.0,0.0,D,0.0
05/12/16,1617,Chievo,Genoa,Home,2.0,0.0,0.0,D,0.0
06/01/10,910,Chievo,Inter,Home,3.0,0.0,1.0,A,0.0
06/01/11,1011,Chievo,Udinese,Away,0.0,0.0,2.0,H,0.0
06/01/13,1213,Chievo,Atalanta,Home,2.0,1.0,0.0,H,0.0
06/01/15,1415,Chievo,Torino,Home,6.0,0.0,0.0,D,0.0
06/01/16,1516,Chievo,Roma,Home,6.0,3.0,3.0,D,0.0
06/02/11,1011,Chievo,Lazio,Away,3.0,1.0,1.0,D,0.0
06/03/11,1011,Chievo,Parma,Home,8.0,0.0,0.0,D,0.0
06/05/07,607,Chievo,Parma,Home,5.0,1.0,0.0,H,0.0
06/05/12,1112,Chievo,Palermo,Away,7.0,4.0,4.0,D,0.0
06/05/18,1718,Chievo,Crotone,Home,3.0,2.0,1.0,H,0.0
06/10/12,1213,Chievo,Sampdoria,Home,7.0,2.0,1.0,H,0.0
06/11/05,506,Chievo,Siena,Away,5.0,1.0,0.0,A,1.0
06/11/11,1112,Chievo,Fiorentina,Home,3.0,1.0,0.0,H,0.0
06/11/16,1617,Chievo,Juventus,Home,2.0,1.0,2.0,A,0.0
06/12/08,809,Chievo,Roma,Home,2.0,0.0,1.0,A,0.0
06/12/09,910,Chievo,Livorno,Away,5.0,2.0,0.0,A,0.0
06/12/15,1516,Chievo,Frosinone,Away,3.0,2.0,0.0,A,1.0
07/02/10,910,Chievo,Genoa,Away,2.0,0.0,1.0,H,0.0
07/02/16,1516,Chievo,Torino,Away,3.0,2.0,1.0,A,0.0
07/03/10,910,Chievo,Bari,Away,2.0,0.0,1.0,H,0.0
07/04/07,607,Chievo,Atalanta,Away,5.0,0.0,1.0,H,2.0
07/04/12,1112,Chievo,Catania,Home,4.0,3.0,2.0,H,0.0
07/04/13,1213,Chievo,Udinese,Away,4.0,1.0,3.0,H,0.0
07/05/06,506,Chievo,Lecce,Away,5.0,0.0,0.0,D,0.0
07/05/13,1213,Chievo,Roma,Away,3.0,1.0,0.0,A,0.0
07/05/17,1617,Chievo,Palermo,Home,2.0,1.0,1.0,D,0.0
07/10/2018,1819,Chievo,Milan,Away,2.0,1.0,3.0,H,0.0
07/11/10,1011,Chievo,Fiorentina,Away,5.0,0.0,1.0,H,0.0
08/01/06,506,Chievo,Lecce,Home,11.0,3.0,1.0,H,0.0
08/01/12,1112,Chievo,Roma,Away,2.0,0.0,2.0,H,0.0
08/01/17,1617,Chievo,Atalanta,Home,2.0,1.0,4.0,A,0.0
08/02/06,506,Chievo,Sampdoria,Home,6.0,1.0,1.0,D,0.0
08/02/09,809,Chievo,Torino,Away,7.0,1.0,1.0,D,0.0
08/02/14,1314,Chievo,Udinese,Away,3.0,0.0,3.0,H,0.0
08/02/2019,1819,Chievo,Roma,Home,6.0,0.0,3.0,A,0.0
08/03/09,809,Chievo,Cagliari,Home,6.0,1.0,1.0,D,0.0
08/03/15,1415,Chievo,Roma,Home,2.0,0.0,0.0,D,0.0
08/04/17,1617,Chievo,Juventus,Away,3.0,0.0,2.0,H,0.0
08/04/18,1718,Chievo,Napoli,Away,2.0,1.0,2.0,H,0.0
08/04/2019,1819,Chievo,Bologna,Away,2.0,0.0,3.0,H,1.0
08/05/16,1516,Chievo,Roma,Away,4.0,0.0,3.0,H,0.0
08/11/09,910,Chievo,Parma,Away,2.0,0.0,2.0,H,0.0
08/11/15,1516,Chievo,Palermo,Away,3.0,0.0,1.0,H,0.0
08/12/10,1011,Chievo,Bologna,Away,2.0,1.0,2.0,H,0.0
08/12/13,1314,Chievo,Sassuolo,Away,5.0,1.0,0.0,A,0.0
08/12/14,1415,Chievo,Cagliari,Away,5.0,2.0,0.0,A,0.0
09/01/10,910,Chievo,Roma,Away,2.0,0.0,1.0,H,0.0
09/01/11,1011,Chievo,Palermo,Home,4.0,0.0,0.0,D,0.0
09/03/12,1112,Chievo,Inter,Home,1.0,0.0,2.0,A,0.0
09/03/14,1314,Chievo,Genoa,Home,5.0,2.0,1.0,H,0.0
09/03/2019,1819,Chievo,Milan,Home,1.0,1.0,2.0,A,0.0
09/04/06,506,Chievo,Milan,Away,4.0,1.0,4.0,H,0.0
09/04/11,1011,Chievo,Inter,Away,2.0,0.0,2.0,H,0.0
09/04/16,1516,Chievo,Carpi,Home,3.0,1.0,0.0,H,0.0
09/05/10,910,Chievo,Inter,Away,3.0,3.0,4.0,H,0.0
09/05/11,1011,Chievo,Juventus,Away,4.0,2.0,2.0,D,0.0
09/09/17,1718,Chievo,Juventus,Away,2.0,0.0,3.0,H,0.0
09/11/08,809,Chievo,Juventus,Home,0.0,0.0,2.0,A,0.0
09/11/14,1415,Chievo,Cesena,Home,6.0,2.0,1.0,H,0.0
09/12/12,1213,Chievo,Cagliari,Away,2.0,2.0,0.0,A,0.0
09/12/2018,1819,Chievo,Parma,Away,1.0,1.0,1.0,D,1.0
10/01/16,1516,Chievo,Bologna,Away,2.0,1.0,0.0,A,0.0
10/02/13,1213,Chievo,Inter,Away,1.0,1.0,3.0,H,0.0
10/03/13,1213,Chievo,Napoli,Home,5.0,2.0,0.0,H,0.0
10/03/18,1718,Chievo,Verona,Away,2.0,0.0,1.0,H,0.0
10/04/12,1112,Chievo,Milan,Home,2.0,0.0,1.0,A,0.0
10/05/09,809,Chievo,Inter,Home,8.0,2.0,2.0,D,0.0
10/05/15,1415,Chievo,Verona,Home,3.0,2.0,2.0,D,0.0
10/09/06,607,Chievo,Siena,Home,2.0,1.0,2.0,A,1.0
10/11/10,1011,Chievo,Bari,Home,1.0,0.0,0.0,D,0.0
10/11/13,1314,Chievo,Milan,Home,2.0,0.0,0.0,D,1.0
10/12/06,607,Chievo,Fiorentina,Home,4.0,0.0,1.0,A,0.0
10/12/17,1718,Chievo,Roma,Home,1.0,0.0,0.0,D,0.0
11/01/09,809,Chievo,Bologna,Away,4.0,1.0,1.0,D,0.0
11/01/15,1415,Chievo,Atalanta,Away,4.0,1.0,1.0,D,0.0
11/02/06,506,Chievo,Treviso,Away,7.0,2.0,1.0,A,0.0
11/02/07,607,Chievo,Inter,Home,4.0,0.0,2.0,A,0.0
11/02/15,1415,Chievo,Parma,Away,3.0,1.0,0.0,A,0.0
11/02/18,1718,Chievo,Genoa,Home,1.0,0.0,1.0,A,0.0
11/03/07,607,Chievo,Messina,Home,6.0,1.0,1.0,D,0.0
11/04/09,809,Chievo,Milan,Home,5.0,0.0,1.0,A,0.0
11/04/10,910,Chievo,Palermo,Away,4.0,1.0,3.0,H,0.0
11/05/14,1314,Chievo,Cagliari,Away,3.0,1.0,0.0,A,0.0
11/09/05,506,Chievo,Parma,Home,8.0,1.0,0.0,H,0.0
11/09/11,1112,Chievo,Novara,Home,4.0,2.0,2.0,D,1.0
11/09/16,1617,Chievo,Lazio,Home,4.0,1.0,1.0,D,0.0
11/11/12,1213,Chievo,Udinese,Home,5.0,2.0,2.0,D,0.0
11/11/2018,1819,Chievo,Bologna,Home,6.0,2.0,2.0,D,0.0
11/12/05,506,Chievo,Messina,Away,,0.0,2.0,H,1.0
11/12/11,1112,Chievo,Udinese,Away,1.0,1.0,2.0,H,0.0
11/12/16,1617,Chievo,Palermo,Away,3.0,2.0,0.0,A,0.0
12/01/13,1213,Chievo,Bologna,Away,2.0,0.0,4.0,H,0.0
12/02/17,1617,Chievo,Sassuolo,Away,7.0,3.0,1.0,A,0.0
12/03/06,506,Chievo,Empoli,Away,2.0,1.0,2.0,H,0.0
12/03/17,1617,Chievo,Empoli,Home,9.0,4.0,0.0,H,0.0
12/04/15,1415,Chievo,Cesena,Away,5.0,1.0,0.0,A,0.0
12/05/13,1213,Chievo,Torino,Home,3.0,1.0,1.0,D,0.0
12/09/10,1011,Chievo,Genoa,Away,8.0,3.0,1.0,A,0.0
12/09/15,1516,Chievo,Juventus,Away,3.0,1.0,1.0,D,0.0
12/11/06,607,Chievo,Sampdoria,Away,8.0,0.0,3.0,H,1.0
12/12/10,1011,Chievo,Lecce,Away,4.0,2.0,3.0,H,0.0
13/01/14,1314,Chievo,Inter,Away,1.0,1.0,1.0,D,0.0
13/02/11,1011,Chievo,Cagliari,Away,6.0,1.0,4.0,H,0.0
13/02/12,1112,Chievo,Napoli,Away,3.0,0.0,2.0,H,0.0
13/02/16,1516,Chievo,Sassuolo,Home,4.0,1.0,1.0,D,0.0
13/03/11,1011,Chievo,Fiorentina,Home,5.0,0.0,1.0,A,0.0
13/03/16,1516,Chievo,Milan,Home,5.0,0.0,0.0,D,0.0
13/04/14,1314,Chievo,Livorno,Away,10.0,4.0,2.0,A,0.0
13/05/07,607,Chievo,Reggina,Away,5.0,1.0,1.0,D,0.0
13/05/12,1112,Chievo,Lecce,Home,6.0,1.0,0.0,H,0.0
13/05/18,1718,Chievo,Bologna,Away,7.0,2.0,1.0,A,0.0
13/05/2019,1819,Chievo,Inter,Away,0.0,0.0,2.0,H,1.0
13/09/09,910,Chievo,Bologna,Away,5.0,2.0,0.0,A,0.0
13/12/09,910,Chievo,Fiorentina,Home,7.0,2.0,1.0,H,0.0
13/12/15,1516,Chievo,Atalanta,Home,3.0,1.0,0.0,H,0.0
14/01/07,607,Chievo,Catania,Home,8.0,2.0,1.0,H,0.0
14/01/17,1617,Chievo,Inter,Away,4.0,1.0,3.0,H,0.0
14/02/10,910,Chievo,Siena,Home,3.0,0.0,1.0,A,0.0
14/03/10,910,Chievo,Milan,Away,4.0,0.0,1.0,H,0.0
14/04/07,607,Chievo,Udinese,Away,3.0,1.0,2.0,H,1.0
14/04/13,1213,Chievo,Catania,Home,2.0,0.0,0.0,D,0.0
14/04/18,1718,Chievo,Torino,Home,0.0,0.0,0.0,D,1.0
14/04/2019,1819,Chievo,Napoli,Home,4.0,1.0,3.0,A,0.0
14/05/06,506,Chievo,Fiorentina,Home,3.0,0.0,2.0,A,0.0
14/05/17,1617,Chievo,Sampdoria,Away,1.0,1.0,1.0,D,0.0
14/09/08,809,Chievo,Lecce,Away,1.0,0.0,2.0,H,0.0
14/09/14,1415,Chievo,Napoli,Away,1.0,1.0,0.0,A,0.0
14/11/10,1011,Chievo,Sampdoria,Away,3.0,0.0,0.0,D,0.0
14/12/08,809,Chievo,Inter,Away,6.0,2.0,4.0,H,1.0
15/01/06,506,Chievo,Fiorentina,Away,3.0,1.0,2.0,H,0.0
15/01/12,1112,Chievo,Palermo,Home,4.0,1.0,0.0,H,0.0
15/02/09,809,Chievo,Catania,Home,9.0,1.0,1.0,D,0.0
15/02/15,1415,Chievo,Sampdoria,Home,4.0,2.0,1.0,H,0.0
15/03/09,809,Chievo,Lazio,Away,7.0,3.0,0.0,A,0.0
15/03/15,1415,Chievo,Genoa,Away,6.0,2.0,0.0,A,0.0
15/04/06,506,Chievo,Messina,Home,3.0,2.0,0.0,H,1.0
15/04/17,1617,Chievo,Cagliari,Away,2.0,0.0,4.0,H,0.0
15/05/11,1011,Chievo,Udinese,Home,4.0,0.0,2.0,A,0.0
15/05/16,1516,Chievo,Bologna,Home,0.0,0.0,0.0,D,0.0
15/09/13,1314,Chievo,Lazio,Away,5.0,0.0,3.0,H,0.0
15/10/06,607,Chievo,Torino,Away,1.0,0.0,1.0,H,0.0
15/10/17,1718,Chievo,Sassuolo,Away,2.0,0.0,0.0,D,0.0
15/12/13,1314,Chievo,Sampdoria,Home,6.0,0.0,1.0,A,0.0
15/12/14,1415,Chievo,Inter,Home,3.0,0.0,2.0,A,1.0
16/01/11,1011,Chievo,Catania,Away,3.0,1.0,1.0,D,0.0
16/02/13,1213,Chievo,Palermo,Home,2.0,1.0,1.0,D,0.0
16/02/14,1314,Chievo,Juventus,Away,2.0,1.0,3.0,H,0.0
16/03/14,1314,Chievo,Fiorentina,Away,4.0,1.0,3.0,H,0.0
16/05/10,910,Chievo,Roma,Home,2.0,0.0,2.0,A,0.0
16/09/12,1213,Chievo,Lazio,Home,2.0,1.0,3.0,A,0.0
16/09/2018,1819,Chievo,Roma,Away,5.0,2.0,2.0,D,0.0
16/10/05,506,Chievo,Palermo,Away,5.0,2.0,2.0,D,0.0
16/10/10,1011,Chievo,Milan,Away,7.0,1.0,3.0,H,0.0
16/10/11,1112,Chievo,Juventus,Home,2.0,0.0,0.0,D,0.0
16/10/16,1617,Chievo,Milan,Home,5.0,1.0,3.0,A,0.0
16/11/08,809,Chievo,Milan,Away,2.0,0.0,1.0,H,0.0
16/12/12,1213,Chievo,Roma,Home,5.0,1.0,0.0,H,0.0
16/12/2018,1819,Chievo,Spal,Away,6.0,0.0,0.0,D,0.0
17/01/10,910,Chievo,Juventus,Home,2.0,1.0,0.0,H,0.0
17/01/16,1516,Chievo,Empoli,Home,5.0,1.0,1.0,D,0.0
17/02/18,1718,Chievo,Cagliari,Home,5.0,2.0,1.0,H,0.0
17/02/2019,1819,Chievo,Udinese,Away,9.0,0.0,1.0,H,0.0
17/03/13,1213,Chievo,Pescara,Away,3.0,2.0,0.0,A,0.0
17/03/2019,1819,Chievo,Atalanta,Away,3.0,1.0,1.0,D,0.0
17/04/10,910,Chievo,Livorno,Home,6.0,2.0,0.0,H,0.0
17/04/11,1011,Chievo,Bologna,Home,6.0,2.0,0.0,H,1.0
17/04/16,1516,Chievo,Udinese,Away,2.0,0.0,0.0,D,1.0
17/05/09,809,Chievo,Genoa,Away,4.0,2.0,2.0,D,0.0
17/05/15,1415,Chievo,Torino,Away,1.0,0.0,2.0,H,0.0
17/09/06,607,Chievo,Empoli,Away,1.0,1.0,1.0,D,1.0
17/09/17,1718,Chievo,Atalanta,Home,4.0,1.0,1.0,D,0.0
17/12/06,607,Chievo,Parma,Away,7.0,2.0,2.0,D,0.0
17/12/11,1112,Chievo,Cagliari,Home,7.0,2.0,0.0,H,0.0
17/12/17,1718,Chievo,Crotone,Away,4.0,0.0,1.0,H,0.0
18/01/06,506,Chievo,Juventus,Home,1.0,1.0,1.0,D,0.0
18/01/09,809,Chievo,Napoli,Home,4.0,2.0,1.0,H,1.0
18/01/15,1415,Chievo,Fiorentina,Home,7.0,1.0,2.0,A,0.0
18/02/07,607,Chievo,Palermo,Away,2.0,1.0,1.0,D,0.0
18/03/07,607,Chievo,Cagliari,Away,6.0,2.0,0.0,A,0.0
18/03/12,1112,Chievo,Bologna,Away,4.0,2.0,2.0,D,0.0
18/03/18,1718,Chievo,Milan,Away,2.0,2.0,3.0,H,0.0
18/04/07,607,Chievo,Lazio,Away,0.0,0.0,0.0,D,1.0
18/04/18,1718,Chievo,Spal,Away,0.0,0.0,0.0,D,0.0
18/05/14,1314,Chievo,Inter,Home,4.0,2.0,1.0,H,0.0
18/08/2018,1819,Chievo,Juventus,Home,2.0,2.0,3.0,A,0.0
18/09/05,506,Chievo,Reggina,Away,5.0,3.0,1.0,A,1.0
18/09/11,1112,Chievo,Parma,Away,1.0,1.0,2.0,H,0.0
18/09/16,1617,Chievo,Udinese,Away,6.0,2.0,1.0,A,0.0
18/10/09,910,Chievo,Bari,Home,9.0,1.0,2.0,A,0.0
18/10/14,1415,Chievo,Roma,Away,3.0,0.0,3.0,H,0.0
18/10/15,1516,Chievo,Genoa,Away,3.0,2.0,3.0,H,0.0
18/11/12,1213,Chievo,Catania,Away,2.0,1.0,2.0,H,0.0
18/12/05,506,Chievo,Udinese,Home,4.0,2.0,0.0,H,0.0
18/12/16,1617,Chievo,Sampdoria,Home,5.0,2.0,1.0,H,0.0
19/01/14,1314,Chievo,Parma,Home,2.0,1.0,2.0,A,0.0
19/02/06,506,Chievo,Palermo,Home,2.0,0.0,0.0,D,0.0
19/02/12,1112,Chievo,Genoa,Away,6.0,1.0,0.0,A,0.0
19/02/17,1617,Chievo,Napoli,Home,3.0,1.0,3.0,A,0.0
19/03/06,506,Chievo,Siena,Home,8.0,4.0,1.0,H,0.0
19/03/17,1617,Chievo,Bologna,Away,4.0,1.0,4.0,H,0.0
19/04/09,809,Chievo,Siena,Away,2.0,2.0,0.0,A,0.0
19/04/14,1314,Chievo,Sassuolo,Home,4.0,0.0,1.0,A,0.0
19/04/15,1415,Chievo,Udinese,Home,7.0,1.0,1.0,D,0.0
19/05/13,1213,Chievo,Atalanta,Away,4.0,2.0,2.0,D,0.0
19/05/2019,1819,Chievo,Sampdoria,Home,1.0,0.0,0.0,D,1.0
19/09/10,1011,Chievo,Brescia,Home,1.0,0.0,1.0,A,0.0
19/10/08,809,Chievo,Atalanta,Home,4.0,1.0,1.0,D,0.0
19/11/06,607,Chievo,Atalanta,Home,5.0,2.0,2.0,D,0.0
19/11/16,1617,Chievo,Cagliari,Home,2.0,1.0,0.0,H,0.0
19/11/17,1718,Chievo,Torino,Away,4.0,1.0,1.0,D,1.0
19/12/10,1011,Chievo,Juventus,Home,4.0,1.0,1.0,D,0.0
20/01/13,1213,Chievo,Parma,Home,6.0,1.0,1.0,D,0.0
20/02/11,1011,Chievo,Milan,Home,3.0,1.0,2.0,A,1.0
20/02/16,1516,Chievo,Verona,Away,2.0,1.0,3.0,H,1.0
20/03/11,1011,Chievo,Bari,Away,4.0,2.0,1.0,A,0.0
20/03/16,1516,Chievo,Sampdoria,Away,6.0,1.0,0.0,A,0.0
20/04/16,1516,Chievo,Frosinone,Home,8.0,5.0,1.0,H,0.0
20/04/2019,1819,Chievo,Lazio,Away,6.0,2.0,1.0,A,0.0
20/05/07,607,Chievo,Ascoli,Home,7.0,1.0,0.0,H,0.0
20/05/17,1617,Chievo,Roma,Home,4.0,3.0,5.0,A,0.0
20/05/18,1718,Chievo,Benevento,Home,5.0,1.0,0.0,H,0.0
20/08/17,1718,Chievo,Udinese,Away,3.0,2.0,1.0,A,0.0
20/09/06,607,Chievo,Lazio,Home,2.0,0.0,1.0,A,0.0
20/09/09,910,Chievo,Genoa,Home,7.0,3.0,1.0,H,0.0
20/09/15,1516,Chievo,Inter,Home,2.0,0.0,1.0,A,0.0
20/09/17,1718,Chievo,Genoa,Away,7.0,1.0,1.0,D,0.0
20/10/13,1314,Chievo,Genoa,Away,7.0,1.0,2.0,H,0.0
20/11/05,506,Chievo,Ascoli,Home,6.0,1.0,1.0,D,0.0
20/11/11,1112,Chievo,Catania,Away,2.0,2.0,1.0,A,0.0
20/12/06,607,Chievo,Reggina,Home,5.0,3.0,2.0,H,0.0
20/12/09,910,Chievo,Napoli,Away,6.0,0.0,2.0,H,0.0
20/12/15,1516,Chievo,Fiorentina,Away,0.0,0.0,2.0,H,0.0
21/01/07,607,Chievo,Siena,Away,6.0,1.0,2.0,H,0.0
21/01/17,1617,Chievo,Fiorentina,Home,6.0,0.0,3.0,A,0.0
21/01/18,1718,Chievo,Lazio,Away,3.0,1.0,5.0,H,0.0
21/01/2019,1819,Chievo,Juventus,Away,3.0,0.0,3.0,H,0.0
21/02/10,910,Chievo,Atalanta,Away,4.0,1.0,0.0,A,1.0
21/03/10,910,Chievo,Catania,Home,7.0,1.0,1.0,D,0.0
21/03/15,1415,Chievo,Palermo,Home,5.0,1.0,0.0,H,0.0
21/04/12,1112,Chievo,Udinese,Home,3.0,0.0,0.0,D,0.0
21/04/13,1213,Chievo,Siena,Away,5.0,1.0,0.0,A,0.0
21/08/16,1617,Chievo,Inter,Home,4.0,2.0,0.0,H,0.0
21/09/05,506,Chievo,Inter,Home,2.0,0.0,1.0,A,0.0
21/09/08,809,Chievo,Sampdoria,Away,1.0,1.0,1.0,D,0.0
21/09/11,1112,Chievo,Napoli,Home,5.0,1.0,0.0,H,0.0
21/09/13,1314,Chievo,Udinese,Home,5.0,2.0,1.0,H,0.0
21/09/14,1415,Chievo,Parma,Home,4.0,2.0,3.0,A,0.0
21/09/16,1617,Chievo,Sassuolo,Home,3.0,2.0,1.0,H,0.0
21/10/12,1213,Chievo,Fiorentina,Home,2.0,1.0,1.0,D,0.0
21/10/2018,1819,Chievo,Atalanta,Home,2.0,1.0,5.0,A,1.0
21/11/10,1011,Chievo,Inter,Home,5.0,2.0,1.0,H,0.0
21/12/05,506,Chievo,Roma,Away,3.0,0.0,4.0,H,1.0
21/12/08,809,Chievo,Genoa,Home,1.0,0.0,1.0,A,0.0
21/12/11,1112,Chievo,Lazio,Away,6.0,0.0,0.0,D,0.0
21/12/14,1415,Chievo,Verona,Away,4.0,1.0,0.0,A,0.0
22/01/06,506,Chievo,Parma,Away,5.0,1.0,2.0,H,1.0
22/01/11,1011,Chievo,Genoa,Home,1.0,0.0,0.0,D,1.0
22/01/12,1112,Chievo,Lecce,Away,4.0,2.0,2.0,D,0.0
22/02/09,809,Chievo,Fiorentina,Away,2.0,1.0,2.0,H,1.0
22/02/15,1415,Chievo,Empoli,Away,3.0,0.0,3.0,H,0.0
22/03/09,809,Chievo,Palermo,Home,5.0,1.0,0.0,H,0.0
22/03/14,1314,Chievo,Roma,Home,4.0,0.0,2.0,A,0.0
22/04/06,506,Chievo,Udinese,Away,1.0,1.0,1.0,D,0.0
22/04/07,607,Chievo,Livorno,Home,6.0,2.0,1.0,H,0.0
22/04/18,1718,Chievo,Inter,Home,6.0,1.0,2.0,A,0.0
22/05/11,1011,Chievo,Palermo,Away,9.0,3.0,1.0,A,0.0
22/09/10,1011,Chievo,Napoli,Away,6.0,3.0,1.0,A,0.0
22/09/12,1213,Chievo,Juventus,Away,2.0,0.0,2.0,H,0.0
22/10/06,607,Chievo,Roma,Away,5.0,1.0,1.0,D,0.0
22/10/17,1718,Chievo,Verona,Home,8.0,3.0,2.0,H,0.0
22/11/09,910,Chievo,Sampdoria,Away,2.0,1.0,2.0,H,1.0
22/11/15,1516,Chievo,Carpi,Away,3.0,2.0,1.0,A,0.0
22/12/12,1213,Chievo,Torino,Away,1.0,0.0,2.0,H,0.0
22/12/13,1314,Chievo,Torino,Away,3.0,1.0,4.0,H,0.0
22/12/16,1617,Chievo,Roma,Away,2.0,1.0,3.0,H,0.0
22/12/17,1718,Chievo,Bologna,Home,8.0,2.0,3.0,A,0.0
22/12/2018,1819,Chievo,Inter,Home,3.0,1.0,1.0,D,0.0
23/02/14,1314,Chievo,Catania,Home,6.0,2.0,0.0,H,1.0
23/04/11,1011,Chievo,Roma,Away,1.0,0.0,1.0,H,0.0
23/04/17,1617,Chievo,Torino,Home,3.0,1.0,3.0,A,0.0
23/08/09,910,Chievo,Juventus,Away,0.0,0.0,1.0,H,0.0
23/08/15,1516,Chievo,Empoli,Away,3.0,3.0,1.0,A,0.0
23/09/09,910,Chievo,Siena,Away,3.0,0.0,0.0,D,0.0
23/09/15,1516,Chievo,Torino,Home,5.0,1.0,0.0,H,0.0
23/09/2018,1819,Chievo,Udinese,Home,4.0,0.0,2.0,A,0.0
23/10/05,506,Chievo,Cagliari,Home,5.0,2.0,1.0,H,0.0
23/10/11,1112,Chievo,Inter,Away,3.0,0.0,1.0,H,0.0
23/10/16,1617,Chievo,Empoli,Away,2.0,0.0,0.0,D,1.0
23/11/08,809,Chievo,Siena,Home,5.0,0.0,2.0,A,0.0
23/11/13,1314,Chievo,Verona,Away,3.0,1.0,0.0,A,0.0
23/11/14,1415,Chievo,Udinese,Away,5.0,1.0,1.0,D,0.0
23/12/06,607,Chievo,Ascoli,Away,2.0,0.0,3.0,H,1.0
24/01/09,809,Chievo,Reggina,Away,3.0,1.0,0.0,A,0.0
24/01/10,910,Chievo,Lazio,Away,3.0,1.0,1.0,D,0.0
24/01/16,1516,Chievo,Lazio,Away,5.0,1.0,4.0,H,1.0
24/02/07,607,Chievo,Torino,Home,5.0,3.0,0.0,H,0.0
24/02/13,1213,Chievo,Sampdoria,Away,3.0,0.0,2.0,H,0.0
24/02/2019,1819,Chievo,Genoa,Home,5.0,0.0,0.0,D,0.0
24/03/10,910,Chievo,Udinese,Away,3.0,0.0,0.0,D,0.0
24/04/12,1112,Chievo,Atalanta,Away,0.0,0.0,1.0,H,0.0
24/04/16,1516,Chievo,Atalanta,Away,2.0,0.0,1.0,H,0.0
24/05/09,809,Chievo,Bologna,Home,4.0,0.0,0.0,D,0.0
24/05/15,1415,Chievo,Atalanta,Home,8.0,1.0,1.0,D,0.0
24/09/06,607,Chievo,Inter,Away,4.0,3.0,4.0,H,0.0
24/09/08,809,Chievo,Torino,Home,5.0,1.0,1.0,D,0.0
24/09/14,1415,Chievo,Sampdoria,Away,3.0,1.0,2.0,H,0.0
24/09/16,1617,Chievo,Napoli,Away,2.0,0.0,2.0,H,0.0
24/09/17,1718,Chievo,Cagliari,Away,4.0,2.0,0.0,A,0.0
24/10/10,1011,Chievo,Cesena,Home,12.0,2.0,1.0,H,0.0
25/01/14,1314,Chievo,Napoli,Away,1.0,1.0,1.0,D,0.0
25/01/15,1415,Chievo,Juventus,Away,1.0,0.0,2.0,H,0.0
25/02/18,1718,Chievo,Fiorentina,Away,2.0,0.0,1.0,H,0.0
25/03/12,1112,Chievo,Siena,Home,5.0,1.0,1.0,D,0.0
25/04/09,809,Chievo,Udinese,Home,9.0,1.0,2.0,A,1.0
25/04/10,910,Chievo,Fiorentina,Away,5.0,2.0,0.0,A,0.0
25/05/2019,1819,Chievo,Frosinone,Away,2.0,0.0,0.0,D,0.0
25/08/13,1314,Chievo,Parma,Away,3.0,0.0,0.0,D,0.0
25/09/05,506,Chievo,Sampdoria,Away,6.0,2.0,1.0,A,0.0
25/09/11,1112,Chievo,Genoa,Home,9.0,2.0,1.0,H,0.0
25/09/13,1314,Chievo,Juventus,Home,3.0,1.0,2.0,A,0.0
25/10/06,607,Chievo,Milan,Home,2.0,0.0,1.0,A,0.0
25/10/09,910,Chievo,Milan,Home,3.0,1.0,2.0,A,0.0
25/10/15,1516,Chievo,Napoli,Home,1.0,0.0,1.0,A,0.0
25/10/17,1718,Chievo,Milan,Home,3.0,1.0,4.0,A,0.0
25/11/06,607,Chievo,Udinese,Home,8.0,2.0,0.0,H,0.0
25/11/12,1213,Chievo,Siena,Home,0.0,0.0,0.0,D,1.0
25/11/17,1718,Chievo,Spal,Home,3.0,2.0,1.0,H,0.0
25/11/2018,1819,Chievo,Napoli,Away,3.0,0.0,0.0,D,0.0
26/01/13,1213,Chievo,Lazio,Away,2.0,1.0,0.0,A,0.0
26/02/06,506,Chievo,Cagliari,Away,3.0,2.0,2.0,D,0.0
26/02/12,1112,Chievo,Cesena,Home,3.0,1.0,0.0,H,0.0
26/02/17,1617,Chievo,Pescara,Home,8.0,2.0,0.0,H,0.0
26/03/06,506,Chievo,Ascoli,Away,3.0,2.0,2.0,D,0.0
26/03/14,1314,Chievo,Bologna,Home,8.0,3.0,0.0,H,0.0
26/04/15,1415,Chievo,Lazio,Away,1.0,1.0,1.0,D,0.0
26/08/12,1213,Chievo,Bologna,Home,3.0,2.0,0.0,H,0.0
26/08/2018,1819,Chievo,Fiorentina,Away,3.0,1.0,6.0,H,0.0
26/09/10,1011,Chievo,Lazio,Home,1.0,0.0,1.0,A,0.0
26/09/12,1213,Chievo,Inter,Home,5.0,0.0,2.0,A,0.0
26/09/2018,1819,Chievo,Genoa,Away,2.0,0.0,2.0,H,0.0
26/10/05,506,Chievo,Lazio,Away,,2.0,2.0,D,0.0
26/10/08,809,Chievo,Cagliari,Away,0.0,0.0,2.0,H,0.0
26/10/11,1112,Chievo,Bologna,Home,2.0,0.0,1.0,A,0.0
26/10/14,1415,Chievo,Genoa,Home,5.0,1.0,2.0,A,1.0
26/10/16,1617,Chievo,Bologna,Home,3.0,1.0,1.0,D,0.0
26/11/05,506,Chievo,Livorno,Away,2.0,0.0,0.0,D,0.0
26/11/16,1617,Chievo,Torino,Away,3.0,1.0,2.0,H,1.0
26/12/2018,1819,Chievo,Sampdoria,Away,1.0,0.0,2.0,H,0.0
27/01/18,1718,Chievo,Juventus,Home,1.0,0.0,2.0,A,2.0
27/01/2019,1819,Chievo,Fiorentina,Home,8.0,3.0,4.0,A,0.0
27/02/11,1011,Chievo,Cesena,Away,3.0,0.0,1.0,H,0.0
27/04/14,1314,Chievo,Sampdoria,Away,2.0,1.0,2.0,H,0.0
27/05/07,607,Chievo,Catania,Away,2.0,0.0,2.0,H,0.0
27/05/17,1617,Chievo,Atalanta,Away,3.0,0.0,1.0,H,0.0
27/08/17,1718,Chievo,Lazio,Home,5.0,1.0,2.0,A,0.0
27/09/09,910,Chievo,Atalanta,Home,8.0,1.0,1.0,D,0.0
27/09/15,1516,Chievo,Sassuolo,Away,2.0,1.0,1.0,D,0.0
27/10/13,1314,Chievo,Fiorentina,Home,2.0,1.0,2.0,A,0.0
27/11/11,1112,Chievo,Milan,Away,4.0,0.0,4.0,H,0.0
28/01/07,607,Chievo,Empoli,Home,3.0,0.0,0.0,D,0.0
28/01/09,809,Chievo,Lecce,Home,3.0,1.0,1.0,D,1.0
28/01/17,1617,Chievo,Lazio,Away,2.0,1.0,0.0,A,0.0
28/02/07,607,Chievo,Roma,Home,5.0,2.0,2.0,D,0.0
28/02/10,910,Chievo,Cagliari,Home,6.0,2.0,1.0,H,1.0
28/02/15,1415,Chievo,Milan,Home,3.0,0.0,0.0,D,0.0
28/02/16,1516,Chievo,Genoa,Home,6.0,1.0,0.0,H,0.0
28/03/10,910,Chievo,Parma,Home,3.0,0.0,0.0,D,0.0
28/04/07,607,Chievo,Fiorentina,Away,1.0,0.0,1.0,H,0.0
28/04/12,1112,Chievo,Cagliari,Away,1.0,0.0,0.0,D,0.0
28/04/13,1213,Chievo,Genoa,Home,1.0,0.0,1.0,A,0.0
28/04/18,1718,Chievo,Roma,Away,6.0,1.0,4.0,H,0.0
28/04/2019,1819,Chievo,Parma,Home,2.0,1.0,1.0,D,0.0
28/08/05,506,Chievo,Juventus,Away,0.0,0.0,1.0,H,0.0
28/08/16,1617,Chievo,Fiorentina,Away,2.0,0.0,1.0,H,0.0
28/09/08,809,Chievo,Catania,Away,7.0,0.0,1.0,H,1.0
28/09/14,1415,Chievo,Empoli,Home,5.0,1.0,1.0,D,0.0
28/10/09,910,Chievo,Catania,Away,4.0,2.0,1.0,A,0.0
28/10/12,1213,Chievo,Napoli,Away,0.0,0.0,1.0,H,1.0
28/10/15,1516,Chievo,Milan,Away,3.0,0.0,1.0,H,0.0
28/10/2018,1819,Chievo,Cagliari,Away,5.0,1.0,2.0,H,0.0
29/01/06,506,Chievo,Reggina,Home,7.0,4.0,0.0,H,0.0
29/01/12,1112,Chievo,Lazio,Home,4.0,0.0,3.0,A,0.0
29/03/14,1314,Chievo,Milan,Away,1.0,0.0,3.0,H,0.0
29/03/2019,1819,Chievo,Cagliari,Home,8.0,0.0,3.0,A,1.0
29/04/15,1415,Chievo,Cagliari,Home,3.0,1.0,0.0,H,0.0
29/08/10,1011,Chievo,Catania,Home,7.0,2.0,1.0,H,0.0
29/09/13,1314,Chievo,Catania,Away,3.0,0.0,2.0,H,0.0
29/10/06,607,Chievo,Messina,Away,4.0,1.0,2.0,H,0.0
29/10/08,809,Chievo,Lazio,Home,4.0,1.0,2.0,A,0.0
29/10/14,1415,Chievo,Palermo,Away,3.0,0.0,1.0,H,0.0
29/10/17,1718,Chievo,Sampdoria,Away,6.0,1.0,4.0,H,0.0
29/11/09,910,Chievo,Palermo,Home,4.0,1.0,0.0,H,0.0
29/11/14,1415,Chievo,Lazio,Home,2.0,0.0,0.0,D,0.0
29/11/15,1516,Chievo,Udinese,Home,6.0,2.0,3.0,A,0.0
29/12/2018,1819,Chievo,Frosinone,Home,3.0,1.0,0.0,H,0.0
30/01/11,1011,Chievo,Brescia,Away,5.0,3.0,0.0,A,0.0
30/03/13,1213,Chievo,Milan,Home,2.0,0.0,1.0,A,1.0
30/04/06,506,Chievo,Roma,Home,7.0,4.0,4.0,D,0.0
30/04/16,1516,Chievo,Fiorentina,Home,4.0,0.0,0.0,D,0.0
30/04/17,1617,Chievo,Genoa,Away,2.0,2.0,1.0,A,1.0
30/08/09,910,Chievo,Lazio,Home,4.0,1.0,2.0,A,0.0
30/08/14,1415,Chievo,Juventus,Home,2.0,0.0,1.0,A,0.0
30/08/15,1516,Chievo,Lazio,Home,5.0,4.0,0.0,H,0.0
30/09/12,1213,Chievo,Palermo,Away,4.0,1.0,4.0,H,0.0
30/09/2018,1819,Chievo,Torino,Home,3.0,0.0,1.0,A,0.0
30/10/05,506,Chievo,Empoli,Home,6.0,2.0,2.0,D,0.0
30/10/11,1112,Chievo,Siena,Away,2.0,1.0,4.0,H,0.0
30/10/16,1617,Chievo,Crotone,Away,3.0,0.0,2.0,H,0.0
30/11/08,809,Chievo,Udinese,Away,3.0,1.0,0.0,A,0.0
30/12/17,1718,Chievo,Benevento,Away,3.0,0.0,1.0,H,0.0
31/01/10,910,Chievo,Bologna,Home,2.0,1.0,1.0,D,0.0
31/01/16,1516,Chievo,Juventus,Home,2.0,0.0,4.0,A,0.0
31/03/18,1718,Chievo,Sampdoria,Home,4.0,2.0,1.0,H,0.0
31/05/09,809,Chievo,Napoli,Away,4.0,0.0,3.0,H,0.0
31/05/15,1415,Chievo,Fiorentina,Away,2.0,0.0,3.0,H,1.0
31/08/08,809,Chievo,Reggina,Home,7.0,2.0,1.0,H,1.0
31/08/13,1314,Chievo,Napoli,Home,6.0,2.0,4.0,A,0.0
31/10/10,1011,Chievo,Parma,Away,4.0,0.0,0.0,D,1.0
31/10/12,1213,Chievo,Pescara,Home,7.0,2.0,0.0,H,0.0
31/10/13,1314,Chievo,Roma,Away,1.0,0.0,1.0,H,0.0
01/02/2025,2425,Como,Bologna,Away,1.0,0.0,2.0,H,1.0
01/02/2026,2526,Como,Atalanta,Home,9.0,0.0,0.0,D,0.0
01/09/2024,2425,Como,Udinese,Away,4.0,0.0,1.0,H,0.0
01/11/2025,2526,Como,Napoli,Away,2.0,0.0,0.0,D,0.0
02/03/2025,2425,Como,Roma,Away,3.0,1.0,2.0,H,1.0
02/05/2026,2526,Como,Napoli,Home,5.0,0.0,0.0,D,0.0
03/01/2026,2526,Como,Udinese,Home,3.0,1.0,0.0,H,0.0
03/05/2025,2425,Como,Parma,Away,4.0,1.0,0.0,A,0.0
04/10/2024,2425,Como,Napoli,Away,2.0,1.0,3.0,H,0.0
04/10/2025,2526,Como,Atalanta,Away,4.0,1.0,1.0,D,0.0
04/11/2024,2425,Como,Empoli,Away,2.0,0.0,1.0,H,0.0
05/04/2025,2425,Como,Monza,Away,7.0,3.0,1.0,A,0.0
06/01/2026,2526,Como,Pisa,Away,7.0,3.0,0.0,A,0.0
06/04/2026,2526,Como,Udinese,Away,4.0,0.0,0.0,D,0.0
06/12/2025,2526,Como,Inter,Away,3.0,0.0,4.0,H,0.0
07/02/2025,2425,Como,Juventus,Home,6.0,1.0,2.0,A,0.0
07/03/2026,2526,Como,Cagliari,Away,2.0,2.0,1.0,A,0.0
07/11/2024,2425,Como,Genoa,Away,8.0,1.0,1.0,D,0.0
08/03/2025,2425,Como,Venezia,Home,7.0,1.0,1.0,D,0.0
08/11/2025,2526,Como,Cagliari,Home,6.0,0.0,0.0,D,0.0
08/12/2024,2425,Como,Venezia,Away,4.0,2.0,2.0,D,0.0
10/01/2025,2425,Como,Lazio,Away,4.0,1.0,1.0,D,0.0
10/01/2026,2526,Como,Bologna,Home,3.0,1.0,1.0,D,0.0
10/05/2025,2425,Como,Cagliari,Home,5.0,3.0,1.0,H,0.0
10/05/2026,2526,Como,Verona,Away,4.0,1.0,0.0,A,0.0
12/04/2026,2526,Como,Inter,Home,8.0,3.0,4.0,A,0.0
13/04/2025,2425,Como,Torino,Home,7.0,1.0,0.0,H,0.0
14/01/2025,2425,Como,Milan,Home,4.0,1.0,2.0,A,0.0
14/02/2026,2526,Como,Fiorentina,Home,3.0,1.0,2.0,A,1.0
14/09/2024,2425,Como,Bologna,Home,4.0,2.0,2.0,D,0.0
15/01/2026,2526,Como,Milan,Home,8.0,1.0,3.0,A,0.0
15/03/2025,2425,Como,Milan,Away,6.0,1.0,2.0,H,1.0
15/03/2026,2526,Como,Roma,Home,7.0,2.0,1.0,H,0.0
15/09/2025,2526,Como,Genoa,Home,4.0,1.0,1.0,D,1.0
15/12/2024,2425,Como,Roma,Home,7.0,2.0,0.0,H,0.0
15/12/2025,2526,Como,Roma,Away,1.0,0.0,1.0,H,0.0
16/02/2025,2425,Como,Fiorentina,Away,4.0,2.0,0.0,A,0.0
17/04/2026,2526,Como,Sassuolo,Away,3.0,1.0,2.0,H,0.0
17/05/2026,2526,Como,Parma,Home,7.0,1.0,0.0,H,0.0
18/02/2026,2526,Como,Milan,Away,4.0,1.0,1.0,D,0.0
18/05/2025,2425,Como,Verona,Away,5.0,1.0,1.0,D,0.0
19/01/2026,2526,Como,Lazio,Away,6.0,3.0,0.0,A,0.0
19/04/2025,2425,Como,Lecce,Away,6.0,3.0,0.0,A,0.0
19/08/2024,2425,Como,Juventus,Away,1.0,0.0,3.0,H,0.0
19/10/2024,2425,Como,Parma,Home,3.0,1.0,1.0,D,0.0
19/10/2025,2526,Como,Juventus,Home,6.0,2.0,0.0,H,0.0
20/01/2025,2425,Como,Udinese,Home,8.0,4.0,1.0,H,1.0
21/02/2026,2526,Como,Juventus,Away,2.0,2.0,0.0,A,0.0
21/09/2025,2526,Como,Fiorentina,Away,7.0,2.0,1.0,A,0.0
22/03/2026,2526,Como,Pisa,Home,7.0,5.0,0.0,H,0.0
23/02/2025,2425,Como,Napoli,Home,3.0,2.0,1.0,H,0.0
23/05/2025,2425,Como,Inter,Home,4.0,0.0,2.0,A,1.0
23/12/2024,2425,Como,Inter,Away,4.0,0.0,2.0,H,0.0
24/01/2026,2526,Como,Torino,Home,7.0,6.0,0.0,H,0.0
24/05/2026,2526,Como,Cremonese,Away,6.0,4.0,1.0,A,0.0
24/08/2025,2526,Como,Lazio,Home,6.0,2.0,0.0,H,0.0
24/09/2024,2425,Como,Atalanta,Away,7.0,3.0,2.0,A,0.0
24/11/2024,2425,Como,Fiorentina,Home,4.0,0.0,2.0,A,1.0
24/11/2025,2526,Como,Torino,Away,7.0,5.0,1.0,A,0.0
25/01/2025,2425,Como,Atalanta,Home,5.0,1.0,2.0,A,0.0
25/10/2024,2425,Como,Torino,Away,6.0,0.0,1.0,H,0.0
25/10/2025,2526,Como,Parma,Away,2.0,0.0,0.0,D,0.0
26/04/2026,2526,Como,Genoa,Away,2.0,2.0,0.0,A,0.0
26/08/2024,2425,Como,Cagliari,Away,4.0,1.0,1.0,D,0.0
27/04/2025,2425,Como,Genoa,Home,3.0,1.0,0.0,H,0.0
27/09/2025,2526,Como,Cremonese,Home,6.0,1.0,1.0,D,1.0
27/12/2025,2526,Como,Lecce,Away,6.0,3.0,0.0,A,0.0
28/02/2026,2526,Como,Lecce,Home,7.0,3.0,1.0,H,0.0
28/11/2025,2526,Como,Sassuolo,Home,13.0,2.0,0.0,H,0.0
29/03/2025,2425,Como,Empoli,Home,5.0,1.0,1.0,D,0.0
29/09/2024,2425,Como,Verona,Home,11.0,3.0,2.0,H,0.0
29/10/2025,2526,Como,Verona,Home,5.0,3.0,1.0,H,0.0
30/08/2025,2526,Como,Bologna,Away,2.0,0.0,1.0,H,0.0
30/11/2024,2425,Como,Monza,Home,3.0,1.0,1.0,D,0.0
30/12/2024,2425,Como,Lecce,Home,8.0,2.0,0.0,H,0.0
31/10/2024,2425,Como,Lazio,Home,2.0,1.0,5.0,A,1.0
01/02/2026,2526,Cremonese,Inter,Home,3.0,0.0,2.0,A,0.0
01/03/2026,2526,Cremonese,Milan,Home,3.0,0.0,2.0,A,0.0
01/04/2023,2223,Cremonese,Atalanta,Home,4.0,1.0,3.0,A,0.0
01/11/2025,2526,Cremonese,Juventus,Home,2.0,1.0,2.0,A,0.0
01/12/2025,2526,Cremonese,Bologna,Away,5.0,3.0,1.0,A,0.0
02/10/2022,2223,Cremonese,Lecce,Away,4.0,1.0,1.0,D,0.0
03/05/2023,2223,Cremonese,Milan,Away,2.0,1.0,1.0,D,1.0
03/06/2023,2223,Cremonese,Salernitana,Home,4.0,2.0,0.0,H,0.0
04/01/2023,2223,Cremonese,Juventus,Home,3.0,0.0,1.0,A,0.0
04/01/2026,2526,Cremonese,Fiorentina,Away,2.0,0.0,1.0,H,0.0
04/02/2023,2223,Cremonese,Lecce,Home,3.0,0.0,2.0,A,0.0
04/05/2026,2526,Cremonese,Lazio,Home,5.0,1.0,2.0,A,0.0
04/09/2022,2223,Cremonese,Sassuolo,Home,0.0,0.0,0.0,D,0.0
04/10/2025,2526,Cremonese,Inter,Away,2.0,1.0,4.0,H,0.0
05/04/2026,2526,Cremonese,Bologna,Home,3.0,1.0,2.0,A,1.0
05/11/2022,2223,Cremonese,Salernitana,Away,5.0,2.0,2.0,D,0.0
06/03/2023,2223,Cremonese,Sassuolo,Away,6.0,2.0,3.0,H,0.0
06/05/2023,2223,Cremonese,Spezia,Home,4.0,2.0,0.0,H,0.0
07/11/2025,2526,Cremonese,Pisa,Away,3.0,0.0,1.0,H,0.0
07/12/2025,2526,Cremonese,Lecce,Home,4.0,2.0,0.0,H,0.0
08/01/2026,2526,Cremonese,Cagliari,Home,5.0,2.0,2.0,D,0.0
08/03/2026,2526,Cremonese,Lecce,Away,5.0,1.0,2.0,H,1.0
08/04/2023,2223,Cremonese,Sampdoria,Away,4.0,3.0,2.0,A,0.0
08/11/2022,2223,Cremonese,Milan,Home,1.0,0.0,0.0,D,0.0
09/01/2023,2223,Cremonese,Verona,Away,5.0,0.0,2.0,H,0.0
09/02/2026,2526,Cremonese,Atalanta,Away,2.0,1.0,2.0,H,0.0
09/10/2022,2223,Cremonese,Napoli,Home,1.0,1.0,4.0,A,0.0
10/05/2026,2526,Cremonese,Pisa,Home,6.0,3.0,0.0,H,0.0
11/04/2026,2526,Cremonese,Cagliari,Away,2.0,0.0,1.0,H,0.0
11/09/2022,2223,Cremonese,Atalanta,Away,4.0,1.0,1.0,D,0.0
11/11/2022,2223,Cremonese,Empoli,Away,5.0,0.0,2.0,H,0.0
12/01/2026,2526,Cremonese,Juventus,Away,2.0,0.0,5.0,H,0.0
12/02/2023,2223,Cremonese,Napoli,Away,1.0,0.0,3.0,H,0.0
12/03/2023,2223,Cremonese,Fiorentina,Home,5.0,0.0,2.0,A,0.0
13/12/2025,2526,Cremonese,Torino,Away,3.0,0.0,1.0,H,0.0
14/01/2023,2223,Cremonese,Monza,Home,7.0,2.0,3.0,A,0.0
14/04/2023,2223,Cremonese,Empoli,Home,5.0,1.0,0.0,H,0.0
14/05/2023,2223,Cremonese,Juventus,Away,2.0,0.0,2.0,H,0.0
14/08/2022,2223,Cremonese,Fiorentina,Away,4.0,2.0,3.0,H,1.0
15/02/2026,2526,Cremonese,Genoa,Home,8.0,0.0,0.0,D,0.0
15/09/2025,2526,Cremonese,Verona,Away,2.0,0.0,0.0,D,0.0
16/03/2026,2526,Cremonese,Fiorentina,Home,3.0,1.0,4.0,A,0.0
16/10/2022,2223,Cremonese,Spezia,Away,4.0,2.0,2.0,D,0.0
17/05/2026,2526,Cremonese,Udinese,Away,4.0,1.0,0.0,A,0.0
18/03/2023,2223,Cremonese,Monza,Away,2.0,1.0,1.0,D,0.0
18/09/2022,2223,Cremonese,Lazio,Home,3.0,0.0,4.0,A,0.0
19/01/2026,2526,Cremonese,Verona,Home,1.0,0.0,0.0,D,0.0
19/04/2026,2526,Cremonese,Torino,Home,4.0,0.0,0.0,D,0.0
20/02/2023,2223,Cremonese,Torino,Away,2.0,2.0,2.0,D,0.0
20/05/2023,2223,Cremonese,Bologna,Home,2.0,1.0,5.0,A,0.0
20/10/2025,2526,Cremonese,Udinese,Home,4.0,1.0,1.0,D,0.0
20/12/2025,2526,Cremonese,Lazio,Away,2.0,0.0,0.0,D,1.0
21/03/2026,2526,Cremonese,Parma,Away,4.0,2.0,0.0,A,0.0
21/09/2025,2526,Cremonese,Parma,Home,1.0,0.0,0.0,D,0.0
22/02/2026,2526,Cremonese,Roma,Away,0.0,0.0,3.0,H,0.0
22/08/2022,2223,Cremonese,Roma,Away,3.0,0.0,1.0,H,0.0
23/01/2023,2223,Cremonese,Bologna,Away,2.0,1.0,1.0,D,0.0
23/04/2023,2223,Cremonese,Udinese,Away,2.0,0.0,3.0,H,0.0
23/08/2025,2526,Cremonese,Milan,Away,3.0,2.0,1.0,A,0.0
23/11/2025,2526,Cremonese,Roma,Home,4.0,1.0,3.0,A,0.0
24/04/2026,2526,Cremonese,Napoli,Away,4.0,0.0,4.0,H,0.0
24/05/2026,2526,Cremonese,Como,Home,1.0,1.0,4.0,A,3.0
24/10/2022,2223,Cremonese,Sampdoria,Home,4.0,0.0,1.0,A,0.0
25/01/2026,2526,Cremonese,Sassuolo,Away,4.0,0.0,1.0,H,0.0
25/10/2025,2526,Cremonese,Atalanta,Home,5.0,1.0,1.0,D,0.0
27/08/2022,2223,Cremonese,Torino,Home,6.0,1.0,2.0,A,0.0
27/09/2025,2526,Cremonese,Como,Away,2.0,1.0,1.0,D,0.0
28/01/2023,2223,Cremonese,Inter,Home,4.0,1.0,2.0,A,0.0
28/02/2023,2223,Cremonese,Roma,Home,2.0,2.0,1.0,H,0.0
28/05/2023,2223,Cremonese,Lazio,Away,5.0,2.0,3.0,H,0.0
28/12/2025,2526,Cremonese,Napoli,Home,2.0,0.0,2.0,A,0.0
29/08/2025,2526,Cremonese,Sassuolo,Home,6.0,3.0,2.0,H,0.0
29/10/2025,2526,Cremonese,Genoa,Away,4.0,2.0,0.0,A,0.0
30/04/2023,2223,Cremonese,Verona,Home,5.0,1.0,1.0,D,1.0
30/08/2022,2223,Cremonese,Inter,Away,4.0,1.0,3.0,H,0.0
30/10/2022,2223,Cremonese,Udinese,Home,2.0,0.0,0.0,D,0.0
01/05/2021,2021,Crotone,Inter,Home,1.0,0.0,2.0,A,0.0
01/10/17,1718,Crotone,Spal,Away,4.0,1.0,1.0,D,0.0
02/04/17,1617,Crotone,Chievo,Away,7.0,2.0,1.0,A,0.0
02/10/16,1617,Crotone,Cagliari,Away,8.0,1.0,2.0,H,0.0
03/01/2021,2021,Crotone,Inter,Away,4.0,2.0,6.0,H,0.0
03/02/18,1718,Crotone,Inter,Away,2.0,1.0,1.0,D,0.0
03/03/2021,2021,Crotone,Atalanta,Away,2.0,1.0,5.0,H,0.0
03/04/2021,2021,Crotone,Napoli,Away,4.0,3.0,4.0,H,0.0
03/10/2020,2021,Crotone,Sassuolo,Away,6.0,1.0,4.0,H,0.0
04/04/18,1718,Crotone,Torino,Away,2.0,1.0,4.0,H,0.0
04/11/17,1718,Crotone,Bologna,Away,6.0,3.0,2.0,A,0.0
04/12/16,1617,Crotone,Milan,Away,5.0,1.0,2.0,H,0.0
04/12/17,1718,Crotone,Udinese,Home,2.0,0.0,3.0,A,0.0
05/02/17,1617,Crotone,Palermo,Away,1.0,0.0,1.0,H,1.0
05/03/17,1617,Crotone,Sassuolo,Home,1.0,0.0,0.0,D,0.0
06/01/18,1718,Crotone,Milan,Away,2.0,0.0,1.0,H,0.0
06/01/2021,2021,Crotone,Roma,Home,5.0,1.0,3.0,A,0.0
06/05/18,1718,Crotone,Chievo,Away,3.0,1.0,2.0,H,0.0
06/11/16,1617,Crotone,Inter,Away,0.0,0.0,3.0,H,0.0
06/12/2020,2021,Crotone,Napoli,Home,1.0,0.0,4.0,A,1.0
07/02/2021,2021,Crotone,Milan,Away,2.0,0.0,4.0,H,0.0
07/03/2021,2021,Crotone,Torino,Home,10.0,4.0,2.0,H,0.0
07/05/17,1617,Crotone,Pescara,Away,3.0,1.0,0.0,A,0.0
08/01/17,1617,Crotone,Lazio,Away,1.0,0.0,1.0,H,0.0
08/02/17,1617,Crotone,Juventus,Home,2.0,0.0,2.0,A,0.0
08/04/18,1718,Crotone,Bologna,Home,5.0,1.0,0.0,H,0.0
08/11/2020,2021,Crotone,Torino,Away,2.0,0.0,0.0,D,1.0
09/04/17,1617,Crotone,Inter,Home,7.0,2.0,1.0,H,0.0
09/05/2021,2021,Crotone,Roma,Away,2.0,0.0,5.0,H,0.0
10/01/2021,2021,Crotone,Verona,Away,3.0,1.0,2.0,H,0.0
10/02/18,1718,Crotone,Atalanta,Home,4.0,1.0,1.0,D,0.0
10/04/2021,2021,Crotone,Spezia,Away,6.0,2.0,3.0,H,0.0
10/09/17,1718,Crotone,Cagliari,Away,2.0,0.0,1.0,H,0.0
10/12/16,1617,Crotone,Pescara,Home,4.0,2.0,1.0,H,1.0
10/12/17,1718,Crotone,Sassuolo,Away,2.0,1.0,2.0,H,0.0
11/03/18,1718,Crotone,Sampdoria,Home,8.0,4.0,1.0,H,0.0
12/02/17,1617,Crotone,Roma,Home,4.0,0.0,2.0,A,0.0
12/03/17,1617,Crotone,Napoli,Away,2.0,0.0,3.0,H,0.0
12/03/2021,2021,Crotone,Lazio,Away,3.0,2.0,3.0,H,0.0
12/09/16,1617,Crotone,Empoli,Away,2.0,1.0,2.0,H,1.0
12/12/2020,2021,Crotone,Spezia,Home,7.0,4.0,1.0,H,0.0
13/05/18,1718,Crotone,Lazio,Home,3.0,2.0,2.0,D,0.0
13/05/2021,2021,Crotone,Verona,Home,4.0,2.0,1.0,H,0.0
14/01/17,1617,Crotone,Bologna,Home,6.0,0.0,1.0,A,0.0
14/02/2021,2021,Crotone,Sassuolo,Home,6.0,1.0,2.0,A,0.0
14/04/18,1718,Crotone,Genoa,Away,1.0,0.0,1.0,H,0.0
14/05/17,1617,Crotone,Udinese,Home,7.0,1.0,0.0,H,0.0
15/04/17,1617,Crotone,Torino,Away,1.0,1.0,1.0,D,0.0
15/10/17,1718,Crotone,Torino,Home,3.0,2.0,2.0,D,0.0
15/12/2020,2021,Crotone,Udinese,Away,2.0,0.0,0.0,D,0.0
16/05/2021,2021,Crotone,Benevento,Away,2.0,1.0,1.0,D,1.0
16/09/17,1718,Crotone,Inter,Home,4.0,0.0,2.0,A,0.0
16/10/16,1617,Crotone,Sassuolo,Away,1.0,1.0,2.0,H,0.0
17/01/2021,2021,Crotone,Benevento,Home,3.0,4.0,1.0,H,0.0
17/04/2021,2021,Crotone,Udinese,Home,3.0,1.0,2.0,A,0.0
17/10/2020,2021,Crotone,Juventus,Home,3.0,1.0,1.0,D,0.0
17/12/17,1718,Crotone,Chievo,Home,6.0,1.0,0.0,H,0.0
18/02/17,1617,Crotone,Atalanta,Away,2.0,0.0,1.0,H,0.0
18/02/18,1718,Crotone,Benevento,Away,3.0,2.0,3.0,H,0.0
18/03/18,1718,Crotone,Roma,Home,3.0,0.0,2.0,A,0.0
18/04/18,1718,Crotone,Juventus,Home,3.0,1.0,1.0,D,0.0
18/09/16,1617,Crotone,Palermo,Home,1.0,1.0,1.0,D,0.0
18/12/16,1617,Crotone,Udinese,Away,4.0,0.0,2.0,H,1.0
19/03/17,1617,Crotone,Fiorentina,Home,1.0,0.0,1.0,A,0.0
19/11/17,1718,Crotone,Genoa,Home,5.0,0.0,1.0,A,0.0
19/12/2020,2021,Crotone,Sampdoria,Away,3.0,1.0,3.0,H,0.0
20/03/2021,2021,Crotone,Bologna,Home,7.0,2.0,3.0,A,0.0
20/05/18,1718,Crotone,Napoli,Away,4.0,1.0,2.0,H,0.0
20/08/17,1718,Crotone,Milan,Home,2.0,0.0,3.0,A,1.0
20/09/17,1718,Crotone,Atalanta,Away,5.0,1.0,5.0,H,0.0
20/09/2020,2021,Crotone,Genoa,Away,5.0,1.0,4.0,H,0.0
20/11/16,1617,Crotone,Torino,Home,5.0,0.0,2.0,A,0.0
21/01/18,1718,Crotone,Verona,Away,5.0,3.0,0.0,A,0.0
21/04/2021,2021,Crotone,Sampdoria,Home,4.0,0.0,1.0,A,0.0
21/05/17,1617,Crotone,Juventus,Away,2.0,0.0,3.0,H,0.0
21/08/16,1617,Crotone,Bologna,Away,0.0,0.0,1.0,H,0.0
21/09/16,1617,Crotone,Roma,Away,3.0,0.0,4.0,H,0.0
21/10/17,1718,Crotone,Sampdoria,Away,2.0,0.0,5.0,H,0.0
21/11/2020,2021,Crotone,Lazio,Home,6.0,0.0,2.0,A,0.0
22/01/17,1617,Crotone,Genoa,Away,6.0,2.0,2.0,D,0.0
22/02/2021,2021,Crotone,Juventus,Away,3.0,0.0,3.0,H,0.0
22/04/18,1718,Crotone,Udinese,Away,2.0,2.0,1.0,A,0.0
22/05/2021,2021,Crotone,Fiorentina,Home,4.0,0.0,0.0,D,0.0
22/12/2020,2021,Crotone,Parma,Home,6.0,2.0,1.0,H,0.0
23/01/2021,2021,Crotone,Fiorentina,Away,3.0,1.0,2.0,H,0.0
23/04/17,1617,Crotone,Sampdoria,Away,6.0,2.0,1.0,A,0.0
23/10/16,1617,Crotone,Napoli,Home,4.0,1.0,2.0,A,0.0
23/12/17,1718,Crotone,Lazio,Away,2.0,0.0,4.0,H,0.0
24/04/2021,2021,Crotone,Parma,Away,5.0,4.0,3.0,A,0.0
24/09/17,1718,Crotone,Benevento,Home,4.0,2.0,0.0,H,0.0
25/02/18,1718,Crotone,Spal,Home,7.0,2.0,3.0,A,0.0
25/10/17,1718,Crotone,Roma,Away,2.0,0.0,1.0,H,0.0
25/10/2020,2021,Crotone,Cagliari,Away,6.0,2.0,4.0,H,1.0
26/02/17,1617,Crotone,Cagliari,Home,1.0,1.0,2.0,A,0.0
26/09/16,1617,Crotone,Atalanta,Home,3.0,1.0,3.0,A,0.0
26/10/16,1617,Crotone,Fiorentina,Away,2.0,1.0,1.0,D,0.0
26/11/17,1718,Crotone,Juventus,Away,1.0,0.0,3.0,H,0.0
27/08/17,1718,Crotone,Verona,Home,4.0,0.0,0.0,D,0.0
27/09/2020,2021,Crotone,Milan,Home,1.0,0.0,2.0,A,0.0
27/11/16,1617,Crotone,Sampdoria,Home,3.0,1.0,1.0,D,0.0
28/01/18,1718,Crotone,Cagliari,Home,6.0,1.0,1.0,D,0.0
28/02/2021,2021,Crotone,Cagliari,Home,4.0,0.0,2.0,A,0.0
28/05/17,1617,Crotone,Lazio,Home,5.0,3.0,1.0,H,0.0
28/08/16,1617,Crotone,Genoa,Home,3.0,1.0,3.0,A,0.0
29/01/17,1617,Crotone,Empoli,Home,7.0,4.0,1.0,H,0.0
29/04/18,1718,Crotone,Sassuolo,Home,7.0,4.0,1.0,H,0.0
29/10/17,1718,Crotone,Fiorentina,Home,5.0,2.0,1.0,H,0.0
29/11/2020,2021,Crotone,Bologna,Away,1.0,0.0,1.0,H,0.0
29/12/17,1718,Crotone,Napoli,Home,2.0,0.0,1.0,A,0.0
30/04/17,1617,Crotone,Milan,Home,3.0,1.0,1.0,D,0.0
30/10/16,1617,Crotone,Chievo,Home,7.0,2.0,0.0,H,0.0
31/01/2021,2021,Crotone,Genoa,Home,4.0,0.0,3.0,A,0.0
31/03/18,1718,Crotone,Fiorentina,Away,2.0,0.0,2.0,H,1.0
31/10/2020,2021,Crotone,Atalanta,Home,2.0,1.0,2.0,A,0.0
01/03/15,1415,Empoli,Palermo,Away,3.0,0.0,0.0,D,0.0
01/04/07,607,Empoli,Ascoli,Home,6.0,4.0,1.0,H,0.0
01/04/17,1617,Empoli,Roma,Away,3.0,0.0,2.0,H,0.0
01/04/2024,2324,Empoli,Inter,Away,3.0,0.0,2.0,H,0.0
01/05/16,1516,Empoli,Bologna,Home,1.0,0.0,0.0,D,0.0
01/05/2022,2122,Empoli,Torino,Home,4.0,1.0,3.0,A,2.0
01/09/07,708,Empoli,Inter,Home,2.0,0.0,2.0,A,0.0
01/10/06,607,Empoli,Roma,Away,2.0,0.0,1.0,H,0.0
01/10/2022,2223,Empoli,Milan,Home,4.0,1.0,3.0,A,0.0
01/10/2023,2324,Empoli,Bologna,Away,4.0,0.0,3.0,H,0.0
01/11/14,1415,Empoli,Juventus,Home,4.0,0.0,2.0,A,1.0
01/12/2018,1819,Empoli,Spal,Away,8.0,2.0,2.0,D,0.0
02/02/2019,1819,Empoli,Chievo,Home,9.0,2.0,2.0,D,0.0
02/02/2025,2425,Empoli,Juventus,Away,3.0,1.0,4.0,H,1.0
02/03/08,708,Empoli,Siena,Home,2.0,0.0,2.0,A,1.0
02/03/2019,1819,Empoli,Parma,Home,9.0,3.0,3.0,D,0.0
02/03/2025,2425,Empoli,Genoa,Away,1.0,1.0,1.0,D,0.0
02/04/06,506,Empoli,Lazio,Away,3.0,3.0,3.0,D,0.0
02/04/16,1516,Empoli,Juventus,Away,3.0,0.0,1.0,H,0.0
02/09/2018,1819,Empoli,Chievo,Away,4.0,0.0,0.0,D,0.0
02/10/05,506,Empoli,Palermo,Away,4.0,2.0,2.0,D,0.0
02/10/16,1617,Empoli,Juventus,Home,3.0,0.0,3.0,A,0.0
02/11/15,1516,Empoli,Palermo,Away,5.0,1.0,0.0,A,0.0
02/11/2018,1819,Empoli,Napoli,Away,4.0,1.0,5.0,H,0.0
02/12/07,708,Empoli,Parma,Away,1.0,0.0,1.0,H,0.0
02/12/2021,2122,Empoli,Torino,Away,5.0,2.0,2.0,D,0.0
02/12/2023,2324,Empoli,Genoa,Away,1.0,1.0,1.0,D,0.0
03/02/08,708,Empoli,Inter,Away,5.0,0.0,1.0,H,0.0
03/02/16,1516,Empoli,Udinese,Home,4.0,1.0,1.0,D,0.0
03/02/2024,2324,Empoli,Genoa,Home,4.0,0.0,0.0,D,0.0
03/03/2024,2324,Empoli,Cagliari,Home,3.0,0.0,1.0,A,0.0
03/04/2019,1819,Empoli,Napoli,Home,9.0,2.0,1.0,H,0.0
03/04/2022,2122,Empoli,Fiorentina,Away,1.0,0.0,1.0,H,1.0
03/04/2023,2223,Empoli,Lecce,Home,7.0,1.0,0.0,H,1.0
03/06/2023,2223,Empoli,Lazio,Home,1.0,0.0,2.0,A,1.0
03/09/2023,2324,Empoli,Juventus,Home,0.0,0.0,2.0,A,0.0
03/10/2021,2122,Empoli,Roma,Away,3.0,0.0,2.0,H,0.0
03/12/06,607,Empoli,Torino,Away,3.0,0.0,1.0,H,0.0
04/01/2023,2223,Empoli,Udinese,Away,1.0,1.0,1.0,D,1.0
04/01/2025,2425,Empoli,Venezia,Away,6.0,1.0,1.0,D,0.0
04/02/2023,2223,Empoli,Roma,Away,2.0,0.0,2.0,H,0.0
04/03/06,506,Empoli,Milan,Away,0.0,0.0,3.0,H,0.0
04/03/07,607,Empoli,Udinese,Away,3.0,1.0,0.0,A,0.0
04/03/2023,2223,Empoli,Monza,Away,3.0,1.0,2.0,H,0.0
04/04/15,1415,Empoli,Juventus,Away,4.0,0.0,2.0,H,0.0
04/05/08,708,Empoli,Udinese,Home,6.0,0.0,1.0,A,0.0
04/05/2023,2223,Empoli,Bologna,Home,3.0,3.0,1.0,H,0.0
04/05/2025,2425,Empoli,Lazio,Home,2.0,0.0,1.0,A,1.0
04/10/15,1516,Empoli,Sassuolo,Home,4.0,1.0,0.0,H,1.0
04/11/07,708,Empoli,Roma,Home,8.0,2.0,2.0,D,0.0
04/11/2024,2425,Empoli,Como,Home,4.0,1.0,0.0,H,0.0
04/12/05,506,Empoli,Sampdoria,Away,,0.0,2.0,H,0.0
04/12/16,1617,Empoli,Sassuolo,Away,3.0,0.0,3.0,H,0.0
05/02/06,506,Empoli,Cagliari,Away,3.0,1.0,4.0,H,0.0
05/02/17,1617,Empoli,Torino,Home,2.0,1.0,1.0,D,0.0
05/03/17,1617,Empoli,Genoa,Home,2.0,0.0,2.0,A,0.0
05/05/2019,1819,Empoli,Fiorentina,Home,4.0,1.0,0.0,H,0.0
05/05/2024,2324,Empoli,Frosinone,Home,1.0,0.0,0.0,D,0.0
05/09/2022,2223,Empoli,Salernitana,Away,5.0,2.0,2.0,D,0.0
05/10/14,1415,Empoli,Palermo,Home,11.0,3.0,0.0,H,0.0
05/11/05,506,Empoli,Reggina,Home,8.0,3.0,0.0,H,0.0
05/11/06,607,Empoli,Lazio,Home,3.0,1.0,1.0,D,2.0
05/11/2021,2122,Empoli,Genoa,Home,2.0,2.0,2.0,D,0.0
05/11/2022,2223,Empoli,Sassuolo,Home,1.0,1.0,0.0,H,0.0
06/01/15,1415,Empoli,Verona,Home,5.0,0.0,0.0,D,1.0
06/01/16,1516,Empoli,Inter,Home,4.0,0.0,1.0,A,0.0
06/01/2022,2122,Empoli,Lazio,Away,4.0,3.0,3.0,D,0.0
06/02/2022,2122,Empoli,Bologna,Away,4.0,0.0,0.0,D,0.0
06/03/16,1516,Empoli,Genoa,Away,2.0,0.0,1.0,H,0.0
06/03/2022,2122,Empoli,Genoa,Away,2.0,0.0,0.0,D,0.0
06/04/08,708,Empoli,Torino,Away,3.0,1.0,0.0,A,0.0
06/04/2024,2324,Empoli,Torino,Home,3.0,3.0,2.0,H,0.0
06/04/2025,2425,Empoli,Cagliari,Home,1.0,0.0,0.0,D,0.0
06/05/07,607,Empoli,Catania,Home,4.0,2.0,1.0,H,0.0
06/05/15,1415,Empoli,Torino,Away,6.0,1.0,0.0,A,0.0
06/05/2022,2122,Empoli,Inter,Away,2.0,2.0,4.0,H,0.0
06/10/2018,1819,Empoli,Roma,Home,4.0,0.0,2.0,A,0.0
06/10/2023,2324,Empoli,Udinese,Home,3.0,0.0,0.0,D,0.0
06/10/2024,2425,Empoli,Lazio,Away,2.0,1.0,2.0,H,0.0
06/11/16,1617,Empoli,Pescara,Away,6.0,4.0,0.0,A,0.0
06/11/2023,2324,Empoli,Frosinone,Away,2.0,1.0,2.0,H,0.0
06/12/15,1516,Empoli,Verona,Away,5.0,1.0,0.0,A,0.0
06/12/2021,2122,Empoli,Udinese,Home,9.0,3.0,1.0,H,0.0
07/01/17,1617,Empoli,Palermo,Home,2.0,1.0,0.0,H,0.0
07/01/2024,2324,Empoli,Milan,Home,2.0,0.0,3.0,A,0.0
07/02/16,1516,Empoli,Atalanta,Away,3.0,0.0,0.0,D,0.0
07/02/2019,1819,Empoli,Lazio,Away,1.0,0.0,1.0,H,0.0
07/04/07,607,Empoli,Milan,Away,2.0,1.0,3.0,H,0.0
07/04/2019,1819,Empoli,Udinese,Away,6.0,2.0,3.0,H,0.0
07/04/2023,2223,Empoli,Milan,Away,1.0,0.0,0.0,D,0.0
07/05/06,506,Empoli,Messina,Away,3.0,2.0,1.0,A,0.0
07/05/16,1516,Empoli,Inter,Away,2.0,1.0,2.0,H,0.0
07/05/17,1617,Empoli,Bologna,Home,8.0,3.0,1.0,H,0.0
07/10/07,708,Empoli,Siena,Away,1.0,0.0,3.0,H,1.0
07/12/14,1415,Empoli,Napoli,Away,4.0,2.0,2.0,D,0.0
08/01/06,506,Empoli,Messina,Home,3.0,1.0,3.0,A,1.0
08/01/2023,2223,Empoli,Lazio,Away,2.0,2.0,2.0,D,0.0
08/02/06,506,Empoli,Lecce,Away,5.0,2.0,1.0,A,0.0
08/02/15,1415,Empoli,Cesena,Home,5.0,2.0,0.0,H,0.0
08/02/2025,2425,Empoli,Milan,Home,0.0,0.0,2.0,A,1.0
08/03/15,1415,Empoli,Genoa,Home,2.0,1.0,1.0,D,0.0
08/04/17,1617,Empoli,Pescara,Home,4.0,1.0,1.0,D,0.0
08/05/2023,2223,Empoli,Salernitana,Home,4.0,2.0,1.0,H,0.0
08/11/15,1516,Empoli,Juventus,Home,4.0,1.0,3.0,A,0.0
08/11/2022,2223,Empoli,Napoli,Away,1.0,0.0,2.0,H,1.0
08/11/2024,2425,Empoli,Lecce,Away,6.0,1.0,1.0,D,0.0
08/12/2024,2425,Empoli,Verona,Away,5.0,4.0,1.0,A,0.0
09/01/2022,2122,Empoli,Sassuolo,Home,4.0,1.0,5.0,A,1.0
09/02/2024,2324,Empoli,Salernitana,Away,3.0,3.0,1.0,A,0.0
09/03/08,708,Empoli,Milan,Home,2.0,1.0,3.0,A,0.0
09/03/2025,2425,Empoli,Roma,Home,1.0,0.0,1.0,A,0.0
09/04/06,506,Empoli,Sampdoria,Home,4.0,2.0,1.0,H,0.0
09/04/2022,2122,Empoli,Spezia,Home,4.0,0.0,0.0,D,0.0
09/10/2022,2223,Empoli,Torino,Away,2.0,1.0,1.0,D,0.0
09/11/14,1415,Empoli,Lazio,Home,2.0,2.0,1.0,H,0.0
09/12/07,708,Empoli,Cagliari,Home,6.0,4.0,1.0,H,0.0
09/12/2018,1819,Empoli,Bologna,Home,5.0,2.0,1.0,H,0.0
10/01/16,1516,Empoli,Torino,Away,4.0,1.0,0.0,A,0.0
10/02/08,708,Empoli,Lazio,Home,3.0,1.0,0.0,H,0.0
10/03/2024,2324,Empoli,Milan,Away,2.0,0.0,1.0,H,0.0
10/04/16,1516,Empoli,Fiorentina,Home,4.0,2.0,0.0,H,0.0
10/05/15,1415,Empoli,Fiorentina,Home,3.0,2.0,3.0,A,0.0
10/05/2025,2425,Empoli,Parma,Home,4.0,2.0,1.0,H,0.0
10/09/06,607,Empoli,Sampdoria,Away,7.0,2.0,1.0,A,0.0
10/11/07,708,Empoli,Sampdoria,Away,3.0,0.0,3.0,H,0.0
10/12/05,506,Empoli,Siena,Away,,0.0,1.0,H,0.0
10/12/06,607,Empoli,Inter,Home,2.0,0.0,3.0,A,0.0
11/01/15,1415,Empoli,Sampdoria,Away,2.0,0.0,1.0,H,0.0
11/01/2025,2425,Empoli,Lecce,Home,5.0,1.0,3.0,A,0.0
11/02/07,607,Empoli,Palermo,Away,4.0,1.0,0.0,A,0.0
11/02/2023,2223,Empoli,Spezia,Home,8.0,2.0,2.0,D,1.0
11/03/07,607,Empoli,Livorno,Home,3.0,2.0,2.0,D,0.0
11/03/2019,1819,Empoli,Roma,Away,2.0,1.0,2.0,H,0.0
11/03/2023,2223,Empoli,Udinese,Home,3.0,0.0,1.0,A,0.0
11/05/08,708,Empoli,Reggina,Away,4.0,0.0,2.0,H,0.0
11/09/05,506,Empoli,Juventus,Home,1.0,0.0,4.0,A,0.0
11/09/2021,2122,Empoli,Venezia,Home,6.0,1.0,2.0,A,0.0
11/11/2018,1819,Empoli,Udinese,Home,5.0,2.0,1.0,H,0.0
11/11/2022,2223,Empoli,Cremonese,Home,6.0,2.0,0.0,H,0.0
11/12/16,1617,Empoli,Bologna,Away,1.0,0.0,0.0,D,0.0
11/12/2023,2324,Empoli,Lecce,Home,6.0,1.0,1.0,D,0.0
12/01/08,708,Empoli,Reggina,Home,6.0,1.0,1.0,D,0.0
12/02/06,506,Empoli,Palermo,Home,3.0,0.0,1.0,A,0.0
12/02/17,1617,Empoli,Inter,Away,3.0,0.0,2.0,H,0.0
12/03/06,506,Empoli,Chievo,Home,4.0,2.0,1.0,H,0.0
12/03/16,1516,Empoli,Sampdoria,Home,5.0,1.0,1.0,D,0.0
12/03/17,1617,Empoli,Chievo,Away,4.0,0.0,4.0,H,0.0
12/03/2022,2122,Empoli,Milan,Away,2.0,0.0,1.0,H,0.0
12/04/15,1415,Empoli,Lazio,Away,5.0,0.0,4.0,H,0.0
12/05/2019,1819,Empoli,Sampdoria,Away,4.0,2.0,1.0,A,0.0
12/05/2024,2324,Empoli,Lazio,Away,3.0,0.0,2.0,H,0.0
12/09/16,1617,Empoli,Crotone,Home,5.0,2.0,1.0,H,0.0
12/09/2022,2223,Empoli,Roma,Home,3.0,1.0,2.0,A,1.0
12/11/06,607,Empoli,Ascoli,Away,3.0,1.0,0.0,A,0.0
12/11/2023,2324,Empoli,Napoli,Away,3.0,1.0,0.0,A,0.0
12/12/2021,2122,Empoli,Napoli,Away,5.0,1.0,0.0,A,0.0
13/01/07,607,Empoli,Parma,Home,4.0,2.0,0.0,H,0.0
13/01/2024,2324,Empoli,Verona,Away,1.0,1.0,2.0,H,0.0
13/02/16,1516,Empoli,Frosinone,Home,6.0,1.0,2.0,A,0.0
13/02/2022,2122,Empoli,Cagliari,Home,4.0,1.0,1.0,D,0.0
13/04/08,708,Empoli,Parma,Home,3.0,1.0,1.0,D,0.0
13/04/2024,2324,Empoli,Lecce,Away,0.0,0.0,1.0,H,0.0
13/05/07,607,Empoli,Siena,Away,2.0,0.0,2.0,H,1.0
13/09/14,1415,Empoli,Roma,Home,3.0,0.0,1.0,A,0.0
13/09/15,1516,Empoli,Napoli,Home,3.0,2.0,2.0,D,0.0
13/12/15,1516,Empoli,Carpi,Home,4.0,3.0,0.0,H,0.0
13/12/2024,2425,Empoli,Torino,Home,4.0,0.0,1.0,A,0.0
14/03/15,1415,Empoli,Cagliari,Away,2.0,1.0,1.0,D,0.0
14/04/07,607,Empoli,Cagliari,Away,1.0,0.0,0.0,D,0.0
14/04/2023,2223,Empoli,Cremonese,Away,1.0,0.0,1.0,H,0.0
14/04/2025,2425,Empoli,Napoli,Away,1.0,0.0,3.0,H,0.0
14/05/06,506,Empoli,Ascoli,Home,6.0,1.0,2.0,A,1.0
14/05/17,1617,Empoli,Cagliari,Away,3.0,2.0,3.0,H,0.0
14/05/2022,2122,Empoli,Salernitana,Home,6.0,1.0,1.0,D,0.0
14/08/2022,2223,Empoli,Spezia,Away,5.0,0.0,1.0,H,0.0
14/09/2024,2425,Empoli,Juventus,Home,3.0,0.0,0.0,D,0.0
15/01/06,506,Empoli,Ascoli,Away,4.0,1.0,3.0,H,1.0
15/01/17,1617,Empoli,Sampdoria,Away,2.0,0.0,0.0,D,0.0
15/02/15,1415,Empoli,Milan,Away,3.0,1.0,1.0,D,0.0
15/03/2024,2324,Empoli,Bologna,Home,1.0,0.0,1.0,A,0.0
15/03/2025,2425,Empoli,Torino,Away,2.0,0.0,1.0,H,0.0
15/04/06,506,Empoli,Siena,Home,4.0,2.0,1.0,H,0.0
15/04/17,1617,Empoli,Fiorentina,Away,5.0,2.0,1.0,A,0.0
15/04/2019,1819,Empoli,Atalanta,Away,1.0,0.0,0.0,D,0.0
15/05/16,1516,Empoli,Torino,Home,3.0,2.0,1.0,H,0.0
15/05/2023,2223,Empoli,Sampdoria,Away,4.0,1.0,1.0,D,0.0
15/09/07,708,Empoli,Lazio,Away,1.0,0.0,0.0,D,0.0
15/10/06,607,Empoli,Fiorentina,Home,1.0,1.0,2.0,A,0.0
15/10/2022,2223,Empoli,Monza,Home,5.0,1.0,0.0,H,0.0
15/12/14,1415,Empoli,Torino,Home,3.0,0.0,0.0,D,0.0
16/01/2022,2122,Empoli,Venezia,Away,6.0,1.0,1.0,D,0.0
16/01/2023,2223,Empoli,Sampdoria,Home,5.0,1.0,0.0,H,0.0
16/02/2025,2425,Empoli,Udinese,Away,4.0,0.0,3.0,H,0.0
16/03/08,708,Empoli,Atalanta,Away,4.0,1.0,4.0,H,0.0
16/04/2022,2122,Empoli,Udinese,Away,4.0,1.0,4.0,H,0.0
16/09/2018,1819,Empoli,Lazio,Home,3.0,0.0,1.0,A,0.0
16/10/05,506,Empoli,Roma,Home,4.0,1.0,0.0,H,1.0
16/10/16,1617,Empoli,Genoa,Away,1.0,0.0,0.0,D,0.0
16/12/07,708,Empoli,Genoa,Home,3.0,1.0,1.0,D,0.0
16/12/2018,1819,Empoli,Fiorentina,Away,4.0,1.0,3.0,H,0.0
16/12/2023,2324,Empoli,Torino,Away,2.0,0.0,1.0,H,0.0
17/01/15,1415,Empoli,Inter,Home,5.0,0.0,0.0,D,0.0
17/01/16,1516,Empoli,Chievo,Away,5.0,1.0,1.0,D,0.0
17/02/07,607,Empoli,Roma,Home,4.0,1.0,0.0,H,1.0
17/02/08,708,Empoli,Napoli,Away,5.0,3.0,1.0,A,1.0
17/02/2019,1819,Empoli,Sassuolo,Home,6.0,3.0,0.0,H,0.0
17/03/2019,1819,Empoli,Frosinone,Home,5.0,2.0,1.0,H,0.0
17/03/2023,2223,Empoli,Atalanta,Away,2.0,1.0,2.0,H,0.0
17/04/16,1516,Empoli,Lazio,Away,1.0,0.0,2.0,H,0.0
17/05/15,1415,Empoli,Verona,Away,6.0,1.0,2.0,H,0.0
17/08/2024,2425,Empoli,Monza,Home,1.0,0.0,0.0,D,0.0
17/09/05,506,Empoli,Parma,Away,3.0,0.0,1.0,H,0.0
17/09/06,607,Empoli,Chievo,Home,2.0,1.0,1.0,D,0.0
17/09/2022,2223,Empoli,Bologna,Away,5.0,1.0,0.0,A,0.0
17/09/2023,2324,Empoli,Roma,Away,2.0,0.0,7.0,H,0.0
17/10/15,1516,Empoli,Roma,Away,6.0,1.0,3.0,H,0.0
17/10/2021,2122,Empoli,Atalanta,Home,6.0,1.0,4.0,A,0.0
17/12/16,1617,Empoli,Cagliari,Home,2.0,2.0,0.0,H,0.0
18/01/06,506,Empoli,Udinese,Home,10.0,1.0,1.0,D,0.0
18/02/17,1617,Empoli,Lazio,Home,2.0,1.0,2.0,A,0.0
18/02/2024,2324,Empoli,Fiorentina,Home,4.0,1.0,1.0,D,0.0
18/03/07,607,Empoli,Lazio,Away,3.0,1.0,3.0,H,0.0
18/04/07,607,Empoli,Atalanta,Home,10.0,2.0,0.0,H,0.0
18/05/08,708,Empoli,Livorno,Home,10.0,2.0,1.0,H,0.0
18/05/2025,2425,Empoli,Monza,Away,4.0,3.0,1.0,A,0.0
18/09/16,1617,Empoli,Torino,Away,2.0,0.0,0.0,D,0.0
18/11/06,607,Empoli,Milan,Home,5.0,0.0,0.0,D,0.0
18/12/05,506,Empoli,Fiorentina,Home,2.0,1.0,1.0,D,0.0
19/01/2025,2425,Empoli,Inter,Away,1.0,1.0,3.0,H,0.0
19/02/06,506,Empoli,Roma,Away,3.0,0.0,1.0,H,0.0
19/02/2022,2122,Empoli,Sampdoria,Away,2.0,0.0,2.0,H,0.0
19/02/2023,2223,Empoli,Fiorentina,Away,3.0,1.0,1.0,D,0.0
19/03/06,506,Empoli,Reggina,Away,5.0,2.0,0.0,A,0.0
19/03/08,708,Empoli,Juventus,Home,1.0,0.0,0.0,D,0.0
19/03/16,1516,Empoli,Palermo,Home,3.0,0.0,0.0,D,0.0
19/03/17,1617,Empoli,Napoli,Home,4.0,2.0,3.0,A,0.0
19/04/15,1415,Empoli,Parma,Home,5.0,2.0,2.0,D,0.0
19/05/2019,1819,Empoli,Torino,Home,9.0,4.0,1.0,H,0.0
19/05/2024,2324,Empoli,Udinese,Away,1.0,1.0,1.0,D,1.0
19/08/2018,1819,Empoli,Cagliari,Home,4.0,2.0,0.0,H,0.0
19/08/2023,2324,Empoli,Verona,Home,4.0,0.0,1.0,A,0.0
19/09/15,1516,Empoli,Udinese,Away,6.0,2.0,1.0,A,0.0
19/09/2021,2122,Empoli,Sampdoria,Home,4.0,0.0,3.0,A,0.0
19/12/15,1516,Empoli,Bologna,Away,7.0,3.0,2.0,A,0.0
19/12/2021,2122,Empoli,Spezia,Away,6.0,1.0,1.0,D,0.0
20/01/08,708,Empoli,Livorno,Away,6.0,0.0,1.0,H,0.0
20/01/2019,1819,Empoli,Cagliari,Away,4.0,2.0,2.0,D,0.0
20/03/2022,2122,Empoli,Verona,Home,2.0,1.0,1.0,D,0.0
20/04/08,708,Empoli,Cagliari,Away,6.0,0.0,2.0,H,0.0
20/04/16,1516,Empoli,Verona,Home,7.0,1.0,0.0,H,0.0
20/04/2019,1819,Empoli,Spal,Home,6.0,2.0,4.0,A,0.0
20/04/2024,2324,Empoli,Napoli,Home,1.0,1.0,0.0,H,0.0
20/04/2025,2425,Empoli,Venezia,Home,4.0,2.0,2.0,D,0.0
20/05/07,607,Empoli,Reggina,Home,7.0,3.0,3.0,D,0.0
20/09/06,607,Empoli,Atalanta,Away,4.0,0.0,0.0,D,0.0
20/09/14,1415,Empoli,Cesena,Away,6.0,2.0,2.0,D,0.0
20/09/2024,2425,Empoli,Cagliari,Away,4.0,2.0,0.0,A,0.0
20/10/14,1415,Empoli,Genoa,Away,4.0,1.0,1.0,D,0.0
20/10/2024,2425,Empoli,Napoli,Home,4.0,0.0,1.0,A,0.0
20/11/05,506,Empoli,Livorno,Away,2.0,0.0,2.0,H,0.0
20/11/16,1617,Empoli,Fiorentina,Home,6.0,0.0,4.0,A,0.0
20/12/06,607,Empoli,Siena,Home,7.0,1.0,0.0,H,0.0
20/12/16,1617,Empoli,Atalanta,Away,1.0,1.0,2.0,H,0.0
21/01/07,607,Empoli,Sampdoria,Home,6.0,2.0,0.0,H,0.0
21/01/2024,2324,Empoli,Monza,Home,5.0,3.0,0.0,H,0.0
21/02/16,1516,Empoli,Sassuolo,Away,4.0,2.0,3.0,H,1.0
21/05/17,1617,Empoli,Atalanta,Home,3.0,0.0,1.0,A,0.0
21/05/2022,2122,Empoli,Atalanta,Away,3.0,1.0,0.0,A,0.0
21/08/16,1617,Empoli,Sampdoria,Home,3.0,0.0,1.0,A,1.0
21/08/2021,2122,Empoli,Lazio,Home,5.0,1.0,3.0,A,0.0
21/08/2022,2223,Empoli,Fiorentina,Home,2.0,0.0,0.0,D,1.0
21/09/05,506,Empoli,Cagliari,Home,4.0,3.0,1.0,H,0.0
21/09/16,1617,Empoli,Inter,Home,3.0,0.0,2.0,A,0.0
21/09/2018,1819,Empoli,Sassuolo,Away,11.0,1.0,3.0,H,1.0
21/10/06,607,Empoli,Messina,Away,3.0,2.0,2.0,D,0.0
21/10/07,708,Empoli,Milan,Away,3.0,1.0,0.0,A,0.0
21/10/2018,1819,Empoli,Frosinone,Away,10.0,3.0,3.0,D,0.0
21/10/2022,2223,Empoli,Juventus,Away,4.0,0.0,4.0,H,0.0
21/12/05,506,Empoli,Inter,Away,4.0,1.0,4.0,H,0.0
21/12/14,1415,Empoli,Fiorentina,Away,4.0,1.0,1.0,D,0.0
22/01/06,506,Empoli,Juventus,Away,0.0,1.0,2.0,H,0.0
22/01/17,1617,Empoli,Udinese,Home,1.0,1.0,0.0,H,0.0
22/02/15,1415,Empoli,Chievo,Home,5.0,3.0,0.0,H,0.0
22/02/2019,1819,Empoli,Milan,Away,1.0,0.0,3.0,H,0.0
22/03/08,708,Empoli,Roma,Away,2.0,1.0,2.0,H,0.0
22/03/15,1415,Empoli,Sassuolo,Home,6.0,3.0,1.0,H,0.0
22/04/06,506,Empoli,Fiorentina,Away,5.0,1.0,2.0,H,0.0
22/04/07,607,Empoli,Torino,Home,3.0,0.0,0.0,D,0.0
22/05/2023,2223,Empoli,Juventus,Home,7.0,4.0,1.0,H,0.0
22/09/2021,2122,Empoli,Cagliari,Away,5.0,2.0,0.0,A,0.0
22/11/15,1516,Empoli,Fiorentina,Away,4.0,2.0,2.0,D,0.0
22/11/2021,2122,Empoli,Verona,Away,4.0,1.0,2.0,H,0.0
22/12/2018,1819,Empoli,Sampdoria,Home,3.0,2.0,4.0,A,0.0
22/12/2021,2122,Empoli,Milan,Home,5.0,2.0,4.0,A,0.0
22/12/2023,2324,Empoli,Lazio,Home,7.0,0.0,2.0,A,0.0
22/12/2024,2425,Empoli,Atalanta,Away,3.0,2.0,3.0,H,0.0
23/01/16,1516,Empoli,Milan,Home,6.0,2.0,2.0,D,0.0
23/01/2022,2122,Empoli,Roma,Home,7.0,2.0,4.0,A,0.0
23/01/2023,2223,Empoli,Inter,Away,8.0,1.0,0.0,A,0.0
23/02/2025,2425,Empoli,Atalanta,Home,1.0,0.0,5.0,A,0.0
23/04/17,1617,Empoli,Milan,Away,7.0,2.0,1.0,A,0.0
23/04/2023,2223,Empoli,Inter,Home,3.0,0.0,3.0,A,0.0
23/08/15,1516,Empoli,Chievo,Home,5.0,1.0,3.0,A,0.0
23/09/07,708,Empoli,Napoli,Home,5.0,0.0,0.0,D,0.0
23/09/14,1415,Empoli,Milan,Home,6.0,2.0,2.0,D,1.0
23/10/05,506,Empoli,Treviso,Away,4.0,2.0,1.0,A,0.0
23/10/16,1617,Empoli,Chievo,Home,3.0,0.0,0.0,D,0.0
23/10/2021,2122,Empoli,Salernitana,Away,6.0,4.0,2.0,A,0.0
23/10/2023,2324,Empoli,Fiorentina,Away,3.0,2.0,0.0,A,0.0
23/11/14,1415,Empoli,Parma,Away,5.0,2.0,0.0,A,0.0
23/12/06,607,Empoli,Reggina,Away,5.0,1.0,4.0,H,0.0
23/12/07,708,Empoli,Udinese,Away,4.0,2.0,2.0,D,1.0
24/01/07,607,Empoli,Catania,Away,3.0,1.0,2.0,H,0.0
24/02/08,708,Empoli,Catania,Home,10.0,2.0,0.0,H,0.0
24/02/2024,2324,Empoli,Sassuolo,Away,6.0,3.0,2.0,A,0.0
24/04/2022,2122,Empoli,Napoli,Home,7.0,3.0,2.0,H,0.0
24/05/15,1415,Empoli,Sampdoria,Home,4.0,1.0,1.0,D,0.0
24/09/06,607,Empoli,Palermo,Home,6.0,2.0,0.0,H,0.0
24/09/15,1516,Empoli,Atalanta,Home,1.0,0.0,1.0,A,0.0
24/09/2023,2324,Empoli,Inter,Home,1.0,0.0,1.0,A,0.0
24/10/15,1516,Empoli,Genoa,Home,5.0,2.0,0.0,H,0.0
25/01/2025,2425,Empoli,Bologna,Home,1.0,1.0,1.0,D,0.0
25/02/07,607,Empoli,Fiorentina,Away,3.0,0.0,2.0,H,0.0
25/02/17,1617,Empoli,Juventus,Away,1.0,0.0,2.0,H,0.0
25/02/2023,2223,Empoli,Napoli,Home,2.0,0.0,2.0,A,0.0
25/04/16,1516,Empoli,Carpi,Away,3.0,0.0,1.0,H,1.0
25/05/2025,2425,Empoli,Verona,Home,5.0,1.0,2.0,A,0.0
25/08/2024,2425,Empoli,Roma,Away,3.0,2.0,1.0,A,0.0
25/09/05,506,Empoli,Lecce,Home,2.0,1.0,0.0,H,0.0
25/09/16,1617,Empoli,Lazio,Away,3.0,0.0,2.0,H,0.0
25/10/06,607,Empoli,Udinese,Home,5.0,1.0,1.0,D,0.0
25/10/14,1415,Empoli,Cagliari,Home,5.0,0.0,4.0,A,0.0
25/11/07,708,Empoli,Torino,Home,2.0,0.0,0.0,D,0.0
25/11/2018,1819,Empoli,Atalanta,Home,8.0,3.0,2.0,H,0.0
25/11/2024,2425,Empoli,Udinese,Home,2.0,1.0,1.0,D,0.0
26/01/15,1415,Empoli,Udinese,Home,4.0,1.0,2.0,A,0.0
26/02/06,506,Empoli,Treviso,Home,4.0,1.0,1.0,D,0.0
26/02/2022,2122,Empoli,Juventus,Home,2.0,2.0,3.0,A,0.0
26/03/06,506,Empoli,Livorno,Home,6.0,2.0,1.0,H,0.0
26/04/15,1415,Empoli,Atalanta,Away,10.0,2.0,2.0,D,0.0
26/05/2019,1819,Empoli,Inter,Away,5.0,1.0,2.0,H,1.0
26/05/2024,2324,Empoli,Roma,Home,7.0,2.0,1.0,H,0.0
26/08/07,708,Empoli,Fiorentina,Away,4.0,1.0,3.0,H,0.0
26/08/2018,1819,Empoli,Genoa,Away,8.0,1.0,2.0,H,0.0
26/08/2023,2324,Empoli,Monza,Away,6.0,0.0,2.0,H,0.0
26/09/07,708,Empoli,Catania,Away,3.0,0.0,1.0,H,1.0
26/09/2021,2122,Empoli,Bologna,Home,7.0,4.0,2.0,H,0.0
26/10/05,506,Empoli,Milan,Home,4.0,1.0,3.0,A,0.0
26/10/16,1617,Empoli,Napoli,Away,2.0,0.0,2.0,H,0.0
26/11/06,607,Empoli,Cagliari,Home,4.0,1.0,0.0,H,0.0
26/11/16,1617,Empoli,Milan,Home,4.0,1.0,4.0,A,0.0
26/11/2023,2324,Empoli,Sassuolo,Home,9.0,3.0,4.0,A,0.0
26/12/2018,1819,Empoli,Torino,Away,1.0,0.0,3.0,H,1.0
27/01/08,708,Empoli,Fiorentina,Home,2.0,0.0,2.0,A,0.0
27/01/2024,2324,Empoli,Juventus,Away,5.0,1.0,1.0,D,0.0
27/02/08,708,Empoli,Palermo,Away,2.0,0.0,2.0,H,0.0
27/02/16,1516,Empoli,Roma,Home,3.0,1.0,3.0,A,1.0
27/04/08,708,Empoli,Genoa,Away,3.0,1.0,0.0,A,0.0
27/04/2019,1819,Empoli,Bologna,Away,3.0,1.0,3.0,H,0.0
27/04/2025,2425,Empoli,Fiorentina,Away,5.0,1.0,2.0,H,0.0
27/05/07,607,Empoli,Parma,Away,5.0,1.0,3.0,H,0.0
27/09/2018,1819,Empoli,Milan,Home,3.0,1.0,1.0,D,0.0
27/09/2023,2324,Empoli,Salernitana,Home,6.0,1.0,0.0,H,0.0
27/10/2018,1819,Empoli,Juventus,Home,4.0,1.0,2.0,A,0.0
27/10/2021,2122,Empoli,Inter,Home,3.0,0.0,2.0,A,1.0
27/10/2024,2425,Empoli,Parma,Away,2.0,1.0,1.0,D,0.0
27/11/05,506,Empoli,Lazio,Home,8.0,2.0,3.0,A,1.0
27/11/2021,2122,Empoli,Fiorentina,Home,5.0,2.0,1.0,H,0.0
28/01/07,607,Empoli,Chievo,Away,2.0,0.0,0.0,D,0.0
28/01/2019,1819,Empoli,Genoa,Home,7.0,1.0,3.0,A,0.0
28/01/2023,2223,Empoli,Torino,Home,4.0,2.0,2.0,D,0.0
28/02/07,607,Empoli,Messina,Home,6.0,3.0,1.0,H,0.0
28/04/2024,2324,Empoli,Atalanta,Away,2.0,0.0,2.0,H,0.0
28/05/17,1617,Empoli,Palermo,Away,4.0,1.0,2.0,H,0.0
28/05/2023,2223,Empoli,Verona,Away,3.0,1.0,1.0,D,0.0
28/08/05,506,Empoli,Udinese,Away,4.0,0.0,1.0,H,0.0
28/08/16,1617,Empoli,Udinese,Away,4.0,0.0,2.0,H,1.0
28/08/2021,2122,Empoli,Juventus,Away,3.0,1.0,0.0,A,0.0
28/08/2022,2223,Empoli,Lecce,Away,3.0,1.0,1.0,D,0.0
28/09/14,1415,Empoli,Chievo,Away,3.0,1.0,1.0,D,0.0
28/09/15,1516,Empoli,Frosinone,Away,5.0,0.0,2.0,H,1.0
28/10/07,708,Empoli,Atalanta,Home,3.0,0.0,1.0,A,0.0
28/10/14,1415,Empoli,Sassuolo,Away,6.0,1.0,3.0,H,0.0
28/12/2024,2425,Empoli,Genoa,Home,8.0,1.0,2.0,A,0.0
29/01/06,506,Empoli,Parma,Home,8.0,1.0,2.0,A,0.0
29/01/17,1617,Empoli,Crotone,Away,3.0,1.0,4.0,H,0.0
29/03/2025,2425,Empoli,Como,Away,4.0,1.0,1.0,D,1.0
29/04/07,607,Empoli,Inter,Away,6.0,1.0,3.0,H,0.0
29/08/15,1516,Empoli,Milan,Away,3.0,1.0,2.0,H,0.0
29/09/2024,2425,Empoli,Fiorentina,Home,1.0,0.0,0.0,D,0.0
29/10/06,607,Empoli,Livorno,Away,4.0,0.0,0.0,D,0.0
29/10/15,1516,Empoli,Sampdoria,Away,5.0,1.0,1.0,D,1.0
29/11/15,1516,Empoli,Lazio,Home,1.0,1.0,0.0,H,0.0
29/12/2018,1819,Empoli,Inter,Home,3.0,0.0,1.0,A,0.0
30/03/08,708,Empoli,Sampdoria,Home,2.0,0.0,2.0,A,0.0
30/03/2019,1819,Empoli,Juventus,Away,0.0,0.0,1.0,H,0.0
30/04/06,506,Empoli,Inter,Home,1.0,1.0,0.0,H,0.0
30/04/15,1415,Empoli,Napoli,Home,4.0,4.0,2.0,H,0.0
30/04/17,1617,Empoli,Sassuolo,Home,9.0,1.0,3.0,A,0.0
30/04/2023,2223,Empoli,Sassuolo,Away,1.0,1.0,2.0,H,0.0
30/09/07,708,Empoli,Palermo,Home,8.0,3.0,1.0,H,0.0
30/09/2018,1819,Empoli,Parma,Away,6.0,0.0,1.0,H,0.0
30/10/05,506,Empoli,Chievo,Away,4.0,2.0,2.0,D,0.0
30/10/16,1617,Empoli,Roma,Home,3.0,0.0,0.0,D,0.0
30/10/2022,2223,Empoli,Atalanta,Home,3.0,0.0,2.0,A,0.0
30/10/2023,2324,Empoli,Atalanta,Home,2.0,0.0,3.0,A,0.0
30/10/2024,2425,Empoli,Inter,Home,1.0,0.0,3.0,A,1.0
30/11/14,1415,Empoli,Atalanta,Home,4.0,0.0,0.0,D,0.0
30/11/2024,2425,Empoli,Milan,Away,0.0,0.0,3.0,H,0.0
30/12/2023,2324,Empoli,Cagliari,Away,1.0,0.0,0.0,D,0.0
31/01/15,1415,Empoli,Roma,Away,1.0,1.0,1.0,D,1.0
31/01/16,1516,Empoli,Napoli,Away,2.0,1.0,5.0,H,0.0
31/05/15,1415,Empoli,Inter,Away,5.0,3.0,4.0,H,0.0
31/08/14,1415,Empoli,Udinese,Away,2.0,0.0,2.0,H,0.0
31/08/2022,2223,Empoli,Verona,Home,4.0,1.0,1.0,D,0.0
31/08/2024,2425,Empoli,Bologna,Away,2.0,1.0,1.0,D,0.0
31/10/07,708,Empoli,Juventus,Away,2.0,0.0,3.0,H,0.0
31/10/2021,2122,Empoli,Sassuolo,Away,6.0,2.0,1.0,A,0.0
01/02/14,1314,Fiorentina,Cagliari,Away,3.0,0.0,1.0,H,0.0
01/02/17,1617,Fiorentina,Pescara,Away,4.0,2.0,1.0,A,0.0
01/03/09,809,Fiorentina,Reggina,Away,6.0,1.0,1.0,D,0.0
01/03/15,1415,Fiorentina,Inter,Away,4.0,1.0,0.0,A,0.0
01/04/07,607,Fiorentina,Atalanta,Away,6.0,2.0,2.0,D,0.0
01/04/12,1112,Fiorentina,Chievo,Home,2.0,1.0,2.0,A,0.0
01/04/2023,2223,Fiorentina,Inter,Away,3.0,1.0,0.0,A,0.0
01/05/10,910,Fiorentina,Milan,Away,3.0,0.0,1.0,H,0.0
01/05/11,1011,Fiorentina,Udinese,Home,7.0,5.0,2.0,H,0.0
01/05/2022,2122,Fiorentina,Milan,Away,2.0,0.0,1.0,H,0.0
01/07/2020,1920,Fiorentina,Sassuolo,Home,7.0,1.0,3.0,A,0.0
01/09/13,1314,Fiorentina,Genoa,Away,8.0,5.0,2.0,A,0.0
01/09/2019,1920,Fiorentina,Genoa,Away,7.0,1.0,2.0,H,0.0
01/09/2024,2425,Fiorentina,Monza,Home,5.0,2.0,2.0,D,0.0
01/10/06,607,Fiorentina,Catania,Home,14.0,3.0,0.0,H,0.0
01/10/17,1718,Fiorentina,Chievo,Away,4.0,1.0,2.0,H,0.0
01/11/09,910,Fiorentina,Catania,Home,5.0,3.0,1.0,H,1.0
01/11/12,1213,Fiorentina,Genoa,Away,6.0,1.0,0.0,A,0.0
01/11/15,1516,Fiorentina,Frosinone,Home,9.0,4.0,1.0,H,0.0
01/11/2020,2021,Fiorentina,Roma,Away,1.0,0.0,2.0,H,1.0
01/12/2018,1819,Fiorentina,Juventus,Home,7.0,0.0,3.0,A,0.0
02/02/09,809,Fiorentina,Bologna,Away,7.0,3.0,1.0,A,0.0
02/02/11,1011,Fiorentina,Genoa,Home,4.0,1.0,0.0,H,0.0
02/02/2020,1920,Fiorentina,Juventus,Away,5.0,0.0,3.0,H,0.0
02/02/2024,2324,Fiorentina,Lecce,Away,3.0,2.0,3.0,H,0.0
02/02/2025,2425,Fiorentina,Genoa,Home,6.0,2.0,1.0,H,0.0
02/03/08,708,Fiorentina,Juventus,Away,6.0,3.0,2.0,A,1.0
02/03/14,1314,Fiorentina,Lazio,Home,2.0,0.0,1.0,A,0.0
02/03/2024,2324,Fiorentina,Torino,Away,3.0,0.0,0.0,D,0.0
02/03/2026,2526,Fiorentina,Udinese,Away,0.0,0.0,3.0,H,0.0
02/04/06,506,Fiorentina,Roma,Home,5.0,1.0,1.0,D,0.0
02/04/17,1617,Fiorentina,Bologna,Home,6.0,1.0,0.0,H,0.0
02/05/12,1112,Fiorentina,Novara,Home,5.0,2.0,2.0,D,0.0
02/05/2021,2021,Fiorentina,Bologna,Away,4.0,3.0,3.0,D,0.0
02/06/2023,2223,Fiorentina,Sassuolo,Away,7.0,3.0,1.0,A,0.0
02/06/2024,2324,Fiorentina,Atalanta,Away,4.0,3.0,2.0,A,0.0
02/08/2020,1920,Fiorentina,Spal,Away,11.0,3.0,1.0,A,0.0
02/09/12,1213,Fiorentina,Napoli,Away,3.0,1.0,2.0,H,0.0
02/09/2018,1819,Fiorentina,Udinese,Home,4.0,1.0,0.0,H,0.0
02/10/05,506,Fiorentina,Livorno,Home,5.0,3.0,2.0,H,0.0
02/10/11,1112,Fiorentina,Lazio,Home,6.0,1.0,2.0,A,0.0
02/10/16,1617,Fiorentina,Torino,Away,5.0,1.0,2.0,H,0.0
02/10/2020,2021,Fiorentina,Sampdoria,Home,6.0,1.0,2.0,A,0.0
02/10/2022,2223,Fiorentina,Atalanta,Away,5.0,0.0,1.0,H,0.0
02/10/2023,2324,Fiorentina,Cagliari,Home,2.0,3.0,0.0,H,0.0
02/11/08,809,Fiorentina,Siena,Away,4.0,0.0,1.0,H,0.0
02/11/13,1314,Fiorentina,Milan,Away,2.0,2.0,0.0,A,0.0
02/11/14,1415,Fiorentina,Sampdoria,Away,5.0,1.0,3.0,H,0.0
02/11/2025,2526,Fiorentina,Lecce,Home,4.0,0.0,1.0,A,0.0
02/12/07,708,Fiorentina,Inter,Home,6.0,0.0,2.0,A,0.0
02/12/12,1213,Fiorentina,Sampdoria,Home,5.0,2.0,2.0,D,0.0
02/12/13,1314,Fiorentina,Verona,Home,7.0,4.0,3.0,H,0.0
03/01/2021,2021,Fiorentina,Bologna,Home,1.0,0.0,0.0,D,0.0
03/02/08,708,Fiorentina,Milan,Home,5.0,0.0,1.0,A,0.0
03/02/13,1213,Fiorentina,Parma,Home,7.0,2.0,0.0,H,0.0
03/02/16,1516,Fiorentina,Carpi,Home,5.0,2.0,1.0,H,0.0
03/02/2019,1819,Fiorentina,Udinese,Away,4.0,1.0,1.0,D,0.0
03/03/13,1213,Fiorentina,Chievo,Home,5.0,2.0,1.0,H,0.0
03/03/2019,1819,Fiorentina,Atalanta,Away,4.0,1.0,3.0,H,0.0
03/03/2021,2021,Fiorentina,Roma,Home,2.0,1.0,2.0,A,0.0
03/04/10,910,Fiorentina,Parma,Away,5.0,1.0,1.0,D,0.0
03/04/11,1011,Fiorentina,Cesena,Away,8.0,2.0,2.0,D,0.0
03/04/16,1516,Fiorentina,Sampdoria,Home,8.0,1.0,1.0,D,0.0
03/04/18,1718,Fiorentina,Udinese,Away,4.0,2.0,0.0,A,0.0
03/04/2019,1819,Fiorentina,Roma,Away,5.0,2.0,2.0,D,0.0
03/04/2021,2021,Fiorentina,Genoa,Away,3.0,1.0,1.0,D,1.0
03/04/2022,2122,Fiorentina,Empoli,Home,11.0,1.0,0.0,H,0.0
03/05/09,809,Fiorentina,Torino,Home,2.0,1.0,0.0,H,0.0
03/05/15,1415,Fiorentina,Cesena,Home,12.0,3.0,1.0,H,0.0
03/05/2023,2223,Fiorentina,Salernitana,Away,3.0,3.0,3.0,D,0.0
03/09/07,708,Fiorentina,Milan,Away,4.0,1.0,1.0,D,0.0
03/09/2022,2223,Fiorentina,Juventus,Home,5.0,1.0,1.0,D,0.0
03/09/2023,2324,Fiorentina,Inter,Away,2.0,0.0,4.0,H,0.0
03/10/10,1011,Fiorentina,Palermo,Home,6.0,1.0,2.0,A,1.0
03/10/2021,2122,Fiorentina,Napoli,Home,3.0,1.0,2.0,A,0.0
03/11/07,708,Fiorentina,Lazio,Away,2.0,1.0,0.0,A,0.0
03/11/2018,1819,Fiorentina,Roma,Home,3.0,1.0,1.0,D,0.0
03/11/2019,1920,Fiorentina,Parma,Home,4.0,1.0,1.0,D,0.0
03/11/2024,2425,Fiorentina,Torino,Away,3.0,1.0,0.0,A,0.0
03/12/06,607,Fiorentina,Lazio,Home,5.0,1.0,0.0,H,0.0
03/12/17,1718,Fiorentina,Sassuolo,Home,9.0,3.0,0.0,H,0.0
03/12/2023,2324,Fiorentina,Salernitana,Home,9.0,3.0,0.0,H,0.0
04/01/2023,2223,Fiorentina,Monza,Home,6.0,1.0,1.0,D,0.0
04/01/2025,2425,Fiorentina,Napoli,Home,2.0,0.0,3.0,A,0.0
04/01/2026,2526,Fiorentina,Cremonese,Home,8.0,1.0,0.0,H,0.0
04/02/18,1718,Fiorentina,Bologna,Away,6.0,2.0,1.0,A,0.0
04/03/07,607,Fiorentina,Torino,Home,11.0,5.0,1.0,H,0.0
04/03/12,1112,Fiorentina,Cesena,Home,4.0,2.0,0.0,H,0.0
04/03/16,1516,Fiorentina,Roma,Away,1.0,1.0,4.0,H,0.0
04/03/2023,2223,Fiorentina,Milan,Home,8.0,2.0,1.0,H,0.0
04/04/15,1415,Fiorentina,Sampdoria,Home,5.0,2.0,0.0,H,0.0
04/04/2026,2526,Fiorentina,Verona,Away,1.0,1.0,0.0,A,1.0
04/05/08,708,Fiorentina,Cagliari,Away,3.0,1.0,2.0,H,1.0
04/05/13,1213,Fiorentina,Roma,Home,3.0,0.0,1.0,A,0.0
04/05/2025,2425,Fiorentina,Roma,Away,5.0,0.0,1.0,H,1.0
04/05/2026,2526,Fiorentina,Roma,Away,1.0,0.0,4.0,H,0.0
04/10/09,910,Fiorentina,Lazio,Home,10.0,0.0,0.0,D,0.0
04/10/15,1516,Fiorentina,Atalanta,Home,9.0,3.0,0.0,H,0.0
04/11/12,1213,Fiorentina,Cagliari,Home,4.0,4.0,1.0,H,0.0
04/12/05,506,Fiorentina,Juventus,Home,,1.0,2.0,A,0.0
04/12/11,1112,Fiorentina,Roma,Home,6.0,3.0,0.0,H,0.0
04/12/16,1617,Fiorentina,Palermo,Home,7.0,2.0,1.0,H,0.0
05/01/14,1314,Fiorentina,Livorno,Home,7.0,1.0,0.0,H,0.0
05/01/18,1718,Fiorentina,Inter,Home,4.0,1.0,1.0,D,0.0
05/02/06,506,Fiorentina,Lecce,Home,9.0,1.0,0.0,H,0.0
05/02/12,1112,Fiorentina,Udinese,Home,6.0,3.0,2.0,H,0.0
05/02/2021,2021,Fiorentina,Inter,Home,3.0,0.0,2.0,A,0.0
05/02/2022,2122,Fiorentina,Lazio,Home,3.0,0.0,3.0,A,1.0
05/02/2023,2223,Fiorentina,Bologna,Home,6.0,1.0,2.0,A,0.0
05/03/06,506,Fiorentina,Siena,Home,6.0,2.0,1.0,H,0.0
05/03/17,1617,Fiorentina,Atalanta,Away,2.0,0.0,0.0,D,0.0
05/04/09,809,Fiorentina,Atalanta,Away,7.0,2.0,1.0,A,0.0
05/04/2025,2425,Fiorentina,Milan,Away,8.0,2.0,2.0,D,0.0
05/05/12,1112,Fiorentina,Lecce,Away,3.0,1.0,0.0,A,0.0
05/05/2019,1819,Fiorentina,Empoli,Away,11.0,0.0,1.0,H,1.0
05/05/2024,2324,Fiorentina,Verona,Away,4.0,1.0,2.0,H,0.0
05/07/2020,1920,Fiorentina,Parma,Away,6.0,2.0,1.0,A,0.0
05/10/08,809,Fiorentina,Chievo,Away,8.0,2.0,0.0,A,0.0
05/10/14,1415,Fiorentina,Inter,Home,8.0,3.0,0.0,H,0.0
05/10/2025,2526,Fiorentina,Roma,Home,3.0,1.0,2.0,A,0.0
05/11/06,607,Fiorentina,Roma,Away,3.0,1.0,3.0,H,0.0
05/11/17,1718,Fiorentina,Roma,Home,6.0,2.0,4.0,A,0.0
05/11/2023,2324,Fiorentina,Juventus,Home,4.0,0.0,1.0,A,0.0
05/12/10,1011,Fiorentina,Cagliari,Home,5.0,1.0,0.0,H,0.0
05/12/14,1415,Fiorentina,Juventus,Home,1.0,0.0,0.0,D,0.0
05/12/2021,2122,Fiorentina,Bologna,Away,3.0,3.0,2.0,A,0.0
06/01/10,910,Fiorentina,Siena,Away,10.0,5.0,1.0,A,0.0
06/01/11,1011,Fiorentina,Bologna,Away,4.0,1.0,1.0,D,0.0
06/01/13,1213,Fiorentina,Pescara,Home,15.0,0.0,2.0,A,0.0
06/01/15,1415,Fiorentina,Parma,Away,7.0,0.0,1.0,H,2.0
06/01/16,1516,Fiorentina,Palermo,Away,5.0,3.0,1.0,A,0.0
06/01/2020,1920,Fiorentina,Bologna,Away,4.0,1.0,1.0,D,0.0
06/01/2021,2021,Fiorentina,Lazio,Away,8.0,1.0,2.0,H,0.0
06/01/2024,2324,Fiorentina,Sassuolo,Away,3.0,0.0,1.0,H,0.0
06/02/11,1011,Fiorentina,Parma,Away,3.0,1.0,1.0,D,0.0
06/02/16,1516,Fiorentina,Bologna,Away,2.0,1.0,1.0,D,1.0
06/02/2025,2425,Fiorentina,Inter,Home,6.0,3.0,0.0,H,0.0
06/03/10,910,Fiorentina,Juventus,Home,4.0,1.0,2.0,A,0.0
06/03/11,1011,Fiorentina,Catania,Home,5.0,3.0,0.0,H,0.0
06/03/2022,2122,Fiorentina,Verona,Home,2.0,1.0,1.0,D,0.0
06/04/08,708,Fiorentina,Reggina,Home,10.0,2.0,0.0,H,0.0
06/04/14,1314,Fiorentina,Udinese,Home,4.0,2.0,1.0,H,0.0
06/05/07,607,Fiorentina,Milan,Away,1.0,0.0,0.0,D,0.0
06/05/14,1314,Fiorentina,Sassuolo,Home,7.0,3.0,4.0,A,0.0
06/05/18,1718,Fiorentina,Genoa,Away,10.0,3.0,2.0,A,0.0
06/10/13,1314,Fiorentina,Lazio,Away,0.0,0.0,0.0,D,0.0
06/10/2019,1920,Fiorentina,Udinese,Home,4.0,1.0,0.0,H,0.0
06/10/2024,2425,Fiorentina,Milan,Home,3.0,2.0,1.0,H,0.0
06/11/05,506,Fiorentina,Ascoli,Away,5.0,2.0,0.0,A,0.0
06/11/11,1112,Fiorentina,Chievo,Away,2.0,0.0,1.0,H,0.0
06/11/16,1617,Fiorentina,Sampdoria,Home,5.0,1.0,1.0,D,0.0
06/11/2021,2122,Fiorentina,Juventus,Away,1.0,0.0,1.0,H,1.0
06/11/2022,2223,Fiorentina,Sampdoria,Away,4.0,2.0,0.0,A,0.0
06/12/09,910,Fiorentina,Atalanta,Home,6.0,2.0,0.0,H,0.0
06/12/15,1516,Fiorentina,Udinese,Home,5.0,3.0,0.0,H,0.0
06/12/2025,2526,Fiorentina,Sassuolo,Away,1.0,1.0,3.0,H,0.0
07/01/06,506,Fiorentina,Reggina,Away,3.0,1.0,1.0,D,0.0
07/01/2023,2223,Fiorentina,Sassuolo,Home,5.0,2.0,1.0,H,0.0
07/01/2026,2526,Fiorentina,Lazio,Away,5.0,2.0,2.0,D,0.0
07/02/10,910,Fiorentina,Roma,Home,8.0,0.0,1.0,A,0.0
07/02/17,1617,Fiorentina,Roma,Away,2.0,0.0,4.0,H,0.0
07/02/2026,2526,Fiorentina,Torino,Home,5.0,2.0,2.0,D,0.0
07/03/12,1112,Fiorentina,Parma,Away,2.0,2.0,2.0,D,0.0
07/03/2021,2021,Fiorentina,Parma,Home,5.0,3.0,3.0,D,0.0
07/04/07,607,Fiorentina,Ascoli,Home,10.0,4.0,0.0,H,0.0
07/04/12,1112,Fiorentina,Milan,Away,5.0,2.0,1.0,A,0.0
07/04/13,1213,Fiorentina,Milan,Home,4.0,2.0,2.0,D,1.0
07/04/18,1718,Fiorentina,Roma,Away,3.0,2.0,0.0,A,0.0
07/04/2019,1819,Fiorentina,Frosinone,Home,5.0,0.0,1.0,A,0.0
07/04/2024,2324,Fiorentina,Juventus,Away,2.0,0.0,1.0,H,0.0
07/05/06,506,Fiorentina,Reggina,Home,9.0,5.0,2.0,H,0.0
07/05/17,1617,Fiorentina,Sassuolo,Away,6.0,2.0,2.0,D,1.0
07/05/2023,2223,Fiorentina,Napoli,Away,3.0,0.0,1.0,H,0.0
07/10/07,708,Fiorentina,Juventus,Home,4.0,1.0,1.0,D,0.0
07/10/12,1213,Fiorentina,Bologna,Home,7.0,1.0,0.0,H,0.0
07/10/2018,1819,Fiorentina,Lazio,Away,6.0,0.0,1.0,H,0.0
07/11/10,1011,Fiorentina,Chievo,Home,7.0,1.0,0.0,H,0.0
07/11/2020,2021,Fiorentina,Parma,Away,4.0,0.0,0.0,D,0.0
07/12/08,809,Fiorentina,Torino,Away,6.0,4.0,1.0,A,0.0
07/12/2020,2021,Fiorentina,Genoa,Home,8.0,1.0,1.0,D,0.0
08/01/12,1112,Fiorentina,Novara,Away,4.0,3.0,0.0,A,0.0
08/02/06,506,Fiorentina,Inter,Home,5.0,2.0,1.0,H,0.0
08/02/09,809,Fiorentina,Lazio,Home,8.0,1.0,0.0,H,0.0
08/02/14,1314,Fiorentina,Atalanta,Home,5.0,2.0,0.0,H,0.0
08/02/15,1415,Fiorentina,Atalanta,Home,8.0,3.0,2.0,H,0.0
08/02/2020,1920,Fiorentina,Atalanta,Home,3.0,1.0,2.0,A,0.0
08/03/09,809,Fiorentina,Palermo,Home,4.0,0.0,2.0,A,0.0
08/03/2020,1920,Fiorentina,Udinese,Away,5.0,0.0,0.0,D,0.0
08/03/2026,2526,Fiorentina,Parma,Home,1.0,0.0,0.0,D,0.0
08/04/2023,2223,Fiorentina,Spezia,Home,4.0,1.0,1.0,D,0.0
08/05/11,1011,Fiorentina,Inter,Away,8.0,1.0,3.0,H,0.0
08/05/13,1213,Fiorentina,Siena,Away,4.0,1.0,0.0,A,0.0
08/05/16,1516,Fiorentina,Palermo,Home,4.0,0.0,0.0,D,0.0
08/05/2021,2021,Fiorentina,Lazio,Home,5.0,2.0,0.0,H,0.0
08/07/2020,1920,Fiorentina,Cagliari,Home,7.0,0.0,0.0,D,0.0
08/10/2023,2324,Fiorentina,Napoli,Away,3.0,3.0,1.0,A,0.0
08/11/09,910,Fiorentina,Udinese,Away,5.0,1.0,0.0,A,0.0
08/11/15,1516,Fiorentina,Sampdoria,Away,7.0,2.0,0.0,A,0.0
08/12/07,708,Fiorentina,Palermo,Away,4.0,0.0,2.0,H,0.0
08/12/12,1213,Fiorentina,Roma,Away,8.0,2.0,4.0,H,0.0
08/12/13,1314,Fiorentina,Roma,Away,5.0,1.0,2.0,H,0.0
08/12/2019,1920,Fiorentina,Torino,Away,5.0,1.0,2.0,H,0.0
08/12/2024,2425,Fiorentina,Cagliari,Home,3.0,1.0,0.0,H,0.0
09/01/11,1011,Fiorentina,Brescia,Home,11.0,3.0,2.0,H,0.0
09/01/16,1516,Fiorentina,Lazio,Home,7.0,1.0,3.0,A,0.0
09/02/08,708,Fiorentina,Atalanta,Away,3.0,2.0,2.0,D,0.0
09/02/13,1213,Fiorentina,Juventus,Away,4.0,0.0,2.0,H,0.0
09/02/18,1718,Fiorentina,Juventus,Home,2.0,0.0,2.0,A,0.0
09/02/2019,1819,Fiorentina,Napoli,Home,4.0,0.0,0.0,D,0.0
09/03/08,708,Fiorentina,Siena,Away,1.0,0.0,1.0,H,0.0
09/03/14,1314,Fiorentina,Juventus,Away,0.0,0.0,1.0,H,0.0
09/03/15,1415,Fiorentina,Lazio,Away,0.0,0.0,4.0,H,0.0
09/03/2025,2425,Fiorentina,Napoli,Away,2.0,1.0,2.0,H,0.0
09/04/06,506,Fiorentina,Juventus,Away,5.0,1.0,1.0,D,0.0
09/04/17,1617,Fiorentina,Sampdoria,Away,4.0,2.0,2.0,D,0.0
09/05/10,910,Fiorentina,Siena,Home,3.0,1.0,1.0,D,0.0
09/05/2022,2122,Fiorentina,Roma,Home,7.0,2.0,0.0,H,0.0
09/09/06,607,Fiorentina,Inter,Home,8.0,2.0,3.0,A,0.0
09/11/08,809,Fiorentina,Atalanta,Home,4.0,2.0,1.0,H,0.0
09/11/14,1415,Fiorentina,Napoli,Home,2.0,0.0,1.0,A,0.0
09/11/2018,1819,Fiorentina,Frosinone,Away,10.0,1.0,1.0,D,0.0
09/11/2022,2223,Fiorentina,Salernitana,Home,7.0,2.0,1.0,H,0.0
09/11/2025,2526,Fiorentina,Genoa,Away,3.0,2.0,2.0,D,0.0
09/12/2018,1819,Fiorentina,Sassuolo,Away,6.0,3.0,3.0,D,1.0
10/01/10,910,Fiorentina,Bari,Home,6.0,2.0,1.0,H,1.0
10/01/2021,2021,Fiorentina,Cagliari,Home,5.0,1.0,0.0,H,0.0
10/01/2022,2122,Fiorentina,Torino,Away,3.0,0.0,4.0,H,0.0
10/02/2025,2425,Fiorentina,Inter,Away,2.0,1.0,2.0,H,0.0
10/03/13,1213,Fiorentina,Lazio,Away,3.0,2.0,0.0,A,0.0
10/03/2019,1819,Fiorentina,Lazio,Home,1.0,1.0,1.0,D,0.0
10/03/2024,2324,Fiorentina,Roma,Home,5.0,2.0,2.0,D,0.0
10/04/10,910,Fiorentina,Inter,Home,5.0,2.0,2.0,D,0.0
10/04/11,1011,Fiorentina,Milan,Home,5.0,1.0,2.0,A,0.0
10/04/16,1516,Fiorentina,Empoli,Away,5.0,0.0,2.0,H,0.0
10/04/2022,2122,Fiorentina,Napoli,Away,4.0,3.0,2.0,A,0.0
10/05/09,809,Fiorentina,Catania,Away,7.0,2.0,0.0,A,0.0
10/05/15,1415,Fiorentina,Empoli,Away,5.0,3.0,2.0,A,0.0
10/05/2026,2526,Fiorentina,Genoa,Home,1.0,0.0,0.0,D,0.0
10/09/17,1718,Fiorentina,Verona,Away,10.0,5.0,0.0,A,0.0
10/10/2022,2223,Fiorentina,Lazio,Home,3.0,0.0,4.0,A,0.0
10/11/10,1011,Fiorentina,Roma,Away,4.0,2.0,3.0,H,0.0
10/11/13,1314,Fiorentina,Sampdoria,Home,5.0,2.0,1.0,H,0.0
10/11/2019,1920,Fiorentina,Cagliari,Away,7.0,2.0,5.0,H,0.0
10/11/2024,2425,Fiorentina,Verona,Home,6.0,3.0,1.0,H,0.0
10/12/05,506,Fiorentina,Treviso,Home,,1.0,0.0,H,0.0
10/12/06,607,Fiorentina,Chievo,Away,5.0,1.0,0.0,A,0.0
10/12/11,1112,Fiorentina,Inter,Away,1.0,0.0,2.0,H,0.0
10/12/17,1718,Fiorentina,Napoli,Away,3.0,0.0,0.0,D,0.0
10/12/2023,2324,Fiorentina,Roma,Away,8.0,1.0,1.0,D,1.0
11/01/09,809,Fiorentina,Lecce,Home,8.0,1.0,2.0,A,1.0
11/01/15,1415,Fiorentina,Palermo,Home,8.0,4.0,3.0,H,0.0
11/01/2026,2526,Fiorentina,Milan,Home,7.0,1.0,1.0,D,0.0
11/02/07,607,Fiorentina,Udinese,Home,7.0,2.0,0.0,H,0.0
11/02/17,1617,Fiorentina,Udinese,Home,6.0,3.0,0.0,H,0.0
11/02/2024,2324,Fiorentina,Frosinone,Home,7.0,5.0,1.0,H,0.0
11/03/07,607,Fiorentina,Palermo,Away,4.0,1.0,1.0,D,0.0
11/03/12,1112,Fiorentina,Catania,Away,6.0,0.0,1.0,H,0.0
11/03/18,1718,Fiorentina,Benevento,Home,5.0,1.0,0.0,H,0.0
11/04/09,809,Fiorentina,Cagliari,Home,5.0,2.0,1.0,H,0.0
11/04/12,1112,Fiorentina,Palermo,Home,7.0,0.0,0.0,D,0.0
11/04/2021,2021,Fiorentina,Atalanta,Home,2.0,2.0,3.0,A,0.0
11/05/08,708,Fiorentina,Parma,Home,13.0,3.0,1.0,H,0.0
11/05/14,1314,Fiorentina,Livorno,Away,3.0,1.0,0.0,A,0.0
11/05/2019,1819,Fiorentina,Milan,Home,3.0,0.0,1.0,A,0.0
11/09/05,506,Fiorentina,Messina,Away,7.0,2.0,2.0,D,0.0
11/09/11,1112,Fiorentina,Bologna,Home,7.0,2.0,0.0,H,0.0
11/09/2021,2122,Fiorentina,Atalanta,Away,2.0,2.0,1.0,A,0.0
11/09/2022,2223,Fiorentina,Bologna,Away,2.0,1.0,2.0,H,1.0
11/11/06,607,Fiorentina,Atalanta,Home,10.0,3.0,1.0,H,0.0
11/11/07,708,Fiorentina,Udinese,Home,5.0,1.0,2.0,A,1.0
11/11/12,1213,Fiorentina,Milan,Away,4.0,3.0,1.0,A,0.0
11/12/10,1011,Fiorentina,Udinese,Away,2.0,1.0,2.0,H,0.0
11/12/2021,2122,Fiorentina,Salernitana,Home,9.0,4.0,0.0,H,0.0
12/01/14,1314,Fiorentina,Torino,Away,2.0,0.0,0.0,D,0.0
12/01/2020,1920,Fiorentina,Spal,Home,5.0,1.0,0.0,H,0.0
12/02/06,506,Fiorentina,Livorno,Away,2.0,0.0,2.0,H,1.0
12/02/2023,2223,Fiorentina,Juventus,Away,2.0,0.0,1.0,H,0.0
12/03/17,1617,Fiorentina,Cagliari,Home,9.0,1.0,0.0,H,0.0
12/03/2023,2223,Fiorentina,Cremonese,Away,3.0,2.0,0.0,A,0.0
12/04/15,1415,Fiorentina,Napoli,Away,0.0,0.0,3.0,H,0.0
12/05/13,1213,Fiorentina,Palermo,Home,6.0,1.0,0.0,H,0.0
12/05/2021,2021,Fiorentina,Cagliari,Away,0.0,0.0,0.0,D,0.0
12/05/2025,2425,Fiorentina,Venezia,Away,1.0,1.0,2.0,H,0.0
12/07/2020,1920,Fiorentina,Verona,Home,3.0,1.0,1.0,D,0.0
12/09/10,1011,Fiorentina,Lecce,Away,3.0,0.0,1.0,H,0.0
12/09/15,1516,Fiorentina,Genoa,Home,3.0,1.0,0.0,H,1.0
12/11/2023,2324,Fiorentina,Bologna,Home,4.0,2.0,1.0,H,0.0
12/12/16,1617,Fiorentina,Sassuolo,Home,6.0,2.0,1.0,H,0.0
13/01/08,708,Fiorentina,Parma,Away,6.0,2.0,1.0,A,0.0
13/01/13,1213,Fiorentina,Udinese,Away,2.0,1.0,3.0,H,0.0
13/01/2025,2425,Fiorentina,Monza,Away,2.0,1.0,2.0,H,0.0
13/02/10,910,Fiorentina,Sampdoria,Away,2.0,0.0,2.0,H,0.0
13/02/11,1011,Fiorentina,Palermo,Away,4.0,4.0,2.0,A,0.0
13/03/10,910,Fiorentina,Napoli,Away,3.0,3.0,1.0,A,0.0
13/03/11,1011,Fiorentina,Chievo,Away,7.0,1.0,0.0,A,0.0
13/03/16,1516,Fiorentina,Verona,Home,4.0,1.0,1.0,D,0.0
13/03/2021,2021,Fiorentina,Benevento,Away,7.0,4.0,1.0,A,0.0
13/03/2022,2122,Fiorentina,Bologna,Home,5.0,1.0,0.0,H,0.0
13/04/08,708,Fiorentina,Inter,Away,3.0,0.0,2.0,H,0.0
13/04/13,1213,Fiorentina,Atalanta,Away,6.0,2.0,0.0,A,0.0
13/04/14,1314,Fiorentina,Verona,Away,11.0,5.0,3.0,A,0.0
13/04/2025,2425,Fiorentina,Parma,Home,3.0,0.0,0.0,D,0.0
13/04/2026,2526,Fiorentina,Lazio,Home,2.0,1.0,0.0,H,0.0
13/05/07,607,Fiorentina,Cagliari,Home,5.0,1.0,0.0,H,0.0
13/05/12,1112,Fiorentina,Cagliari,Home,0.0,0.0,0.0,D,0.0
13/05/17,1617,Fiorentina,Lazio,Home,9.0,3.0,2.0,H,0.0
13/05/18,1718,Fiorentina,Cagliari,Home,0.0,0.0,1.0,A,1.0
13/05/2024,2324,Fiorentina,Monza,Home,8.0,2.0,1.0,H,0.0
13/09/09,910,Fiorentina,Cagliari,Home,2.0,1.0,0.0,H,0.0
13/09/2025,2526,Fiorentina,Napoli,Home,3.0,1.0,3.0,A,0.0
13/11/10,1011,Fiorentina,Cesena,Home,3.0,1.0,0.0,H,0.0
13/11/2022,2223,Fiorentina,Milan,Away,5.0,1.0,2.0,H,0.0
13/12/09,910,Fiorentina,Chievo,Away,1.0,1.0,2.0,H,0.0
13/12/15,1516,Fiorentina,Juventus,Away,1.0,1.0,3.0,H,0.0
13/12/2020,2021,Fiorentina,Atalanta,Away,2.0,0.0,3.0,H,0.0
14/01/07,607,Fiorentina,Sampdoria,Away,2.0,0.0,0.0,D,0.0
14/01/2024,2324,Fiorentina,Udinese,Home,3.0,2.0,2.0,D,0.0
14/02/15,1415,Fiorentina,Sassuolo,Away,10.0,3.0,1.0,A,0.0
14/02/16,1516,Fiorentina,Inter,Home,8.0,2.0,1.0,H,1.0
14/02/2021,2021,Fiorentina,Sampdoria,Away,7.0,1.0,2.0,H,0.0
14/02/2022,2122,Fiorentina,Spezia,Away,4.0,2.0,1.0,A,0.0
14/02/2024,2324,Fiorentina,Bologna,Away,3.0,0.0,2.0,H,0.0
14/02/2026,2526,Fiorentina,Como,Away,3.0,2.0,1.0,A,0.0
14/04/2019,1819,Fiorentina,Bologna,Home,7.0,0.0,0.0,D,0.0
14/05/06,506,Fiorentina,Chievo,Away,6.0,2.0,0.0,A,0.0
14/05/2023,2223,Fiorentina,Udinese,Home,3.0,2.0,0.0,H,1.0
14/08/2022,2223,Fiorentina,Cremonese,Home,11.0,3.0,2.0,H,0.0
14/09/08,809,Fiorentina,Napoli,Away,7.0,1.0,2.0,H,0.0
14/09/14,1415,Fiorentina,Genoa,Home,7.0,0.0,0.0,D,0.0
14/09/2019,1920,Fiorentina,Juventus,Home,8.0,0.0,0.0,D,0.0
14/12/08,809,Fiorentina,Catania,Home,6.0,2.0,0.0,H,0.0
14/12/14,1415,Fiorentina,Cesena,Away,6.0,4.0,1.0,A,0.0
14/12/2025,2526,Fiorentina,Verona,Home,4.0,1.0,2.0,A,0.0
15/01/06,506,Fiorentina,Chievo,Home,4.0,2.0,1.0,H,0.0
15/01/11,1011,Fiorentina,Napoli,Away,2.0,0.0,0.0,D,0.0
15/01/12,1112,Fiorentina,Lecce,Home,5.0,0.0,1.0,A,0.0
15/01/17,1617,Fiorentina,Juventus,Home,6.0,2.0,1.0,H,0.0
15/01/2023,2223,Fiorentina,Roma,Away,3.0,0.0,2.0,H,1.0
15/02/09,809,Fiorentina,Genoa,Away,10.0,3.0,3.0,D,0.0
15/02/14,1314,Fiorentina,Inter,Home,5.0,1.0,2.0,A,0.0
15/03/09,809,Fiorentina,Inter,Away,6.0,0.0,2.0,H,0.0
15/03/2019,1819,Fiorentina,Cagliari,Away,4.0,1.0,2.0,H,0.0
15/04/06,506,Fiorentina,Treviso,Away,5.0,3.0,1.0,A,0.0
15/04/07,607,Fiorentina,Siena,Home,7.0,1.0,0.0,H,1.0
15/04/17,1617,Fiorentina,Empoli,Home,7.0,1.0,2.0,A,1.0
15/04/18,1718,Fiorentina,Spal,Home,6.0,0.0,0.0,D,0.0
15/04/2024,2324,Fiorentina,Genoa,Home,3.0,1.0,1.0,D,0.0
15/05/11,1011,Fiorentina,Bologna,Home,2.0,1.0,1.0,D,1.0
15/05/16,1516,Fiorentina,Lazio,Away,5.0,4.0,2.0,A,0.0
15/07/2020,1920,Fiorentina,Lecce,Away,7.0,3.0,1.0,A,0.0
15/09/13,1314,Fiorentina,Cagliari,Home,2.0,1.0,1.0,D,1.0
15/09/2018,1819,Fiorentina,Napoli,Away,3.0,0.0,1.0,H,0.0
15/09/2024,2425,Fiorentina,Atalanta,Away,5.0,2.0,3.0,H,0.0
15/10/06,607,Fiorentina,Empoli,Away,8.0,2.0,1.0,A,1.0
15/10/17,1718,Fiorentina,Udinese,Home,6.0,2.0,1.0,H,0.0
15/12/13,1314,Fiorentina,Bologna,Home,8.0,3.0,0.0,H,0.0
15/12/16,1617,Fiorentina,Genoa,Away,3.0,0.0,1.0,H,0.0
15/12/2019,1920,Fiorentina,Inter,Home,5.0,1.0,1.0,D,0.0
15/12/2024,2425,Fiorentina,Bologna,Away,4.0,0.0,1.0,H,0.0
16/02/11,1011,Fiorentina,Inter,Home,5.0,1.0,2.0,A,0.0
16/02/2020,1920,Fiorentina,Sampdoria,Away,9.0,5.0,1.0,A,1.0
16/02/2025,2425,Fiorentina,Como,Home,3.0,0.0,2.0,A,0.0
16/03/08,708,Fiorentina,Genoa,Home,6.0,3.0,1.0,H,0.0
16/03/14,1314,Fiorentina,Chievo,Home,5.0,3.0,1.0,H,0.0
16/03/15,1415,Fiorentina,Milan,Home,5.0,2.0,1.0,H,0.0
16/03/2025,2425,Fiorentina,Juventus,Home,3.0,3.0,0.0,H,0.0
16/03/2026,2526,Fiorentina,Cremonese,Away,6.0,4.0,1.0,A,0.0
16/04/2022,2122,Fiorentina,Venezia,Home,6.0,1.0,0.0,H,0.0
16/05/10,910,Fiorentina,Bari,Away,7.0,0.0,2.0,H,1.0
16/05/2021,2021,Fiorentina,Napoli,Home,3.0,0.0,2.0,A,1.0
16/05/2022,2122,Fiorentina,Sampdoria,Away,1.0,1.0,4.0,H,0.0
16/09/07,708,Fiorentina,Atalanta,Home,7.0,2.0,2.0,D,0.0
16/09/12,1213,Fiorentina,Catania,Home,7.0,2.0,0.0,H,0.0
16/09/17,1718,Fiorentina,Bologna,Home,4.0,2.0,1.0,H,0.0
16/10/05,506,Fiorentina,Lazio,Away,4.0,0.0,1.0,H,0.0
16/10/11,1112,Fiorentina,Cesena,Away,7.0,0.0,0.0,D,0.0
16/10/16,1617,Fiorentina,Atalanta,Home,6.0,0.0,0.0,D,0.0
16/11/08,809,Fiorentina,Cagliari,Away,5.0,0.0,1.0,H,0.0
16/12/06,607,Fiorentina,Milan,Home,6.0,2.0,2.0,D,0.0
16/12/07,708,Fiorentina,Sampdoria,Away,3.0,2.0,2.0,D,0.0
16/12/12,1213,Fiorentina,Siena,Home,5.0,4.0,1.0,H,0.0
16/12/2018,1819,Fiorentina,Empoli,Home,9.0,3.0,1.0,H,0.0
16/12/2020,2021,Fiorentina,Sassuolo,Home,7.0,1.0,1.0,D,0.0
17/01/09,809,Fiorentina,Milan,Away,6.0,0.0,1.0,H,0.0
17/01/10,910,Fiorentina,Bologna,Home,9.0,1.0,2.0,A,0.0
17/01/16,1516,Fiorentina,Milan,Away,1.0,0.0,2.0,H,0.0
17/01/2021,2021,Fiorentina,Napoli,Away,3.0,0.0,6.0,H,0.0
17/01/2022,2122,Fiorentina,Genoa,Home,12.0,6.0,0.0,H,0.0
17/02/08,708,Fiorentina,Catania,Home,2.0,2.0,1.0,H,0.0
17/02/12,1112,Fiorentina,Napoli,Home,2.0,0.0,3.0,A,0.0
17/02/13,1213,Fiorentina,Inter,Home,11.0,4.0,1.0,H,0.0
17/02/2019,1819,Fiorentina,Spal,Away,9.0,4.0,1.0,A,0.0
17/03/12,1112,Fiorentina,Juventus,Home,1.0,0.0,5.0,A,1.0
17/03/13,1213,Fiorentina,Genoa,Home,6.0,3.0,2.0,H,0.0
17/04/11,1011,Fiorentina,Juventus,Home,4.0,0.0,0.0,D,0.0
17/04/16,1516,Fiorentina,Sassuolo,Home,4.0,3.0,1.0,H,0.0
17/04/2021,2021,Fiorentina,Sassuolo,Away,6.0,1.0,3.0,H,0.0
17/04/2023,2223,Fiorentina,Atalanta,Home,7.0,1.0,1.0,D,0.0
17/05/09,809,Fiorentina,Sampdoria,Home,5.0,1.0,0.0,H,0.0
17/05/2024,2324,Fiorentina,Napoli,Home,5.0,2.0,2.0,D,0.0
17/05/2026,2526,Fiorentina,Juventus,Away,4.0,2.0,0.0,A,1.0
17/08/2024,2425,Fiorentina,Parma,Away,7.0,1.0,1.0,D,1.0
17/09/06,607,Fiorentina,Livorno,Away,5.0,0.0,1.0,H,1.0
17/09/2023,2324,Fiorentina,Atalanta,Home,8.0,3.0,2.0,H,0.0
17/10/09,910,Fiorentina,Juventus,Away,6.0,1.0,1.0,D,0.0
17/10/10,1011,Fiorentina,Sampdoria,Away,2.0,1.0,2.0,H,0.0
17/10/2022,2223,Fiorentina,Lecce,Away,5.0,1.0,1.0,D,0.0
17/12/11,1112,Fiorentina,Atalanta,Home,5.0,2.0,2.0,D,0.0
17/12/17,1718,Fiorentina,Genoa,Home,4.0,0.0,0.0,D,0.0
17/12/2023,2324,Fiorentina,Verona,Home,3.0,1.0,0.0,H,0.0
18/01/06,506,Fiorentina,Sampdoria,Away,3.0,1.0,3.0,H,0.0
18/01/15,1415,Fiorentina,Chievo,Away,6.0,2.0,1.0,A,0.0
18/01/2020,1920,Fiorentina,Napoli,Away,5.0,2.0,0.0,A,0.0
18/01/2026,2526,Fiorentina,Bologna,Away,4.0,2.0,1.0,A,0.0
18/02/07,607,Fiorentina,Catania,Away,8.0,1.0,0.0,A,0.0
18/02/18,1718,Fiorentina,Atalanta,Away,2.0,1.0,1.0,D,1.0
18/02/2024,2324,Fiorentina,Empoli,Away,4.0,1.0,1.0,D,0.0
18/03/07,607,Fiorentina,Roma,Home,5.0,0.0,0.0,D,1.0
18/03/18,1718,Fiorentina,Torino,Away,5.0,2.0,1.0,A,0.0
18/04/07,607,Fiorentina,Parma,Away,6.0,0.0,2.0,H,0.0
18/04/10,910,Fiorentina,Atalanta,Away,3.0,1.0,2.0,H,1.0
18/04/18,1718,Fiorentina,Lazio,Home,6.0,3.0,4.0,A,1.0
18/05/08,708,Fiorentina,Torino,Away,11.0,1.0,0.0,A,0.0
18/05/14,1314,Fiorentina,Torino,Home,8.0,2.0,2.0,D,0.0
18/05/15,1415,Fiorentina,Parma,Home,10.0,3.0,0.0,H,0.0
18/05/2025,2425,Fiorentina,Bologna,Home,5.0,3.0,2.0,H,0.0
18/09/05,506,Fiorentina,Udinese,Home,6.0,4.0,2.0,H,0.0
18/09/10,1011,Fiorentina,Lazio,Home,4.0,1.0,2.0,A,0.0
18/09/11,1112,Fiorentina,Udinese,Away,2.0,0.0,2.0,H,0.0
18/09/16,1617,Fiorentina,Roma,Home,4.0,1.0,0.0,H,0.0
18/09/2021,2122,Fiorentina,Genoa,Away,5.0,2.0,1.0,A,0.0
18/09/2022,2223,Fiorentina,Verona,Home,9.0,2.0,0.0,H,0.0
18/10/08,809,Fiorentina,Reggina,Home,9.0,3.0,0.0,H,0.0
18/10/15,1516,Fiorentina,Napoli,Away,3.0,1.0,2.0,H,0.0
18/10/2020,2021,Fiorentina,Spezia,Away,6.0,2.0,2.0,D,0.0
18/10/2021,2122,Fiorentina,Venezia,Away,2.0,0.0,1.0,H,1.0
18/11/12,1213,Fiorentina,Atalanta,Home,8.0,4.0,1.0,H,0.0
18/12/05,506,Fiorentina,Empoli,Away,6.0,1.0,1.0,D,0.0
18/12/16,1617,Fiorentina,Lazio,Away,6.0,1.0,3.0,H,0.0
19/01/08,708,Fiorentina,Torino,Home,7.0,2.0,1.0,H,0.0
19/01/14,1314,Fiorentina,Catania,Away,4.0,3.0,0.0,A,0.0
19/01/2025,2425,Fiorentina,Torino,Home,6.0,1.0,1.0,D,0.0
19/02/06,506,Fiorentina,Lazio,Home,7.0,1.0,2.0,A,0.0
19/02/17,1617,Fiorentina,Milan,Away,7.0,1.0,2.0,H,0.0
19/02/2021,2021,Fiorentina,Spezia,Home,5.0,3.0,0.0,H,0.0
19/02/2023,2223,Fiorentina,Empoli,Home,4.0,1.0,1.0,D,0.0
19/03/06,506,Fiorentina,Ascoli,Home,9.0,3.0,1.0,H,0.0
19/03/08,708,Fiorentina,Napoli,Away,3.0,0.0,2.0,H,0.0
19/03/17,1617,Fiorentina,Crotone,Away,10.0,1.0,0.0,A,0.0
19/03/2022,2122,Fiorentina,Inter,Away,4.0,1.0,1.0,D,0.0
19/03/2023,2223,Fiorentina,Lecce,Home,3.0,1.0,0.0,H,0.0
19/04/08,708,Fiorentina,Palermo,Home,6.0,1.0,0.0,H,0.0
19/04/09,809,Fiorentina,Udinese,Away,3.0,1.0,3.0,H,0.0
19/04/14,1314,Fiorentina,Roma,Home,3.0,0.0,1.0,A,0.0
19/05/13,1213,Fiorentina,Pescara,Away,8.0,5.0,1.0,A,0.0
19/05/2019,1819,Fiorentina,Parma,Away,6.0,0.0,1.0,H,0.0
19/07/2020,1920,Fiorentina,Torino,Home,4.0,2.0,0.0,H,0.0
19/08/2023,2324,Fiorentina,Genoa,Away,5.0,4.0,1.0,A,0.0
19/09/2018,1819,Fiorentina,Sampdoria,Away,9.0,1.0,1.0,D,0.0
19/09/2020,2021,Fiorentina,Torino,Home,8.0,1.0,0.0,H,0.0
19/10/14,1415,Fiorentina,Lazio,Home,2.0,0.0,2.0,A,0.0
19/10/2025,2526,Fiorentina,Milan,Away,1.0,1.0,2.0,H,0.0
19/11/06,607,Fiorentina,Ascoli,Away,5.0,1.0,1.0,D,0.0
19/11/11,1112,Fiorentina,Milan,Home,0.0,0.0,0.0,D,0.0
19/11/17,1718,Fiorentina,Spal,Away,5.0,1.0,1.0,D,0.0
19/12/2020,2021,Fiorentina,Verona,Home,1.0,1.0,1.0,D,0.0
19/12/2021,2122,Fiorentina,Sassuolo,Home,8.0,2.0,2.0,D,1.0
20/01/13,1213,Fiorentina,Napoli,Home,3.0,1.0,1.0,D,0.0
20/01/2019,1819,Fiorentina,Sampdoria,Home,4.0,3.0,3.0,D,1.0
20/02/11,1011,Fiorentina,Sampdoria,Home,2.0,0.0,0.0,D,0.0
20/02/2022,2122,Fiorentina,Atalanta,Home,3.0,1.0,0.0,H,0.0
20/03/10,910,Fiorentina,Genoa,Home,5.0,3.0,0.0,H,0.0
20/03/11,1011,Fiorentina,Roma,Home,5.0,2.0,2.0,D,0.0
20/03/16,1516,Fiorentina,Frosinone,Away,6.0,0.0,0.0,D,0.0
20/04/15,1415,Fiorentina,Verona,Home,3.0,0.0,1.0,A,0.0
20/04/16,1516,Fiorentina,Udinese,Away,3.0,1.0,2.0,H,0.0
20/04/2019,1819,Fiorentina,Juventus,Away,6.0,1.0,2.0,H,0.0
20/04/2021,2021,Fiorentina,Verona,Away,5.0,2.0,1.0,A,0.0
20/04/2026,2526,Fiorentina,Lecce,Away,3.0,1.0,1.0,D,0.0
20/05/07,607,Fiorentina,Messina,Away,11.0,2.0,2.0,D,0.0
20/05/17,1617,Fiorentina,Napoli,Away,5.0,1.0,4.0,H,0.0
20/05/18,1718,Fiorentina,Milan,Away,3.0,1.0,5.0,H,1.0
20/08/16,1617,Fiorentina,Juventus,Away,1.0,1.0,2.0,H,0.0
20/08/17,1718,Fiorentina,Inter,Away,3.0,0.0,3.0,H,0.0
20/09/06,607,Fiorentina,Parma,Home,6.0,1.0,0.0,H,1.0
20/09/09,910,Fiorentina,Roma,Away,5.0,1.0,3.0,H,0.0
20/09/15,1516,Fiorentina,Carpi,Away,2.0,1.0,0.0,A,0.0
20/09/17,1718,Fiorentina,Juventus,Away,0.0,0.0,1.0,H,1.0
20/10/13,1314,Fiorentina,Juventus,Home,7.0,4.0,2.0,H,0.0
20/10/2024,2425,Fiorentina,Lecce,Away,11.0,6.0,0.0,A,0.0
20/11/05,506,Fiorentina,Milan,Home,3.0,3.0,1.0,H,0.0
20/11/10,1011,Fiorentina,Milan,Away,6.0,0.0,1.0,H,1.0
20/11/16,1617,Fiorentina,Empoli,Away,13.0,4.0,0.0,A,0.0
20/11/2021,2122,Fiorentina,Milan,Home,5.0,4.0,3.0,H,0.0
20/12/06,607,Fiorentina,Cagliari,Away,7.0,2.0,0.0,A,0.0
20/12/11,1112,Fiorentina,Siena,Away,5.0,0.0,0.0,D,0.0
20/12/15,1516,Fiorentina,Chievo,Home,8.0,2.0,0.0,H,0.0
20/12/2019,1920,Fiorentina,Roma,Home,4.0,1.0,4.0,A,0.0
21/01/07,607,Fiorentina,Inter,Away,4.0,1.0,3.0,H,0.0
21/01/17,1617,Fiorentina,Chievo,Away,6.0,3.0,0.0,A,0.0
21/01/18,1718,Fiorentina,Sampdoria,Away,5.0,1.0,3.0,H,0.0
21/01/2023,2223,Fiorentina,Torino,Home,5.0,0.0,1.0,A,0.0
21/02/10,910,Fiorentina,Livorno,Home,8.0,2.0,1.0,H,0.0
21/02/12,1112,Fiorentina,Bologna,Away,3.0,0.0,2.0,H,1.0
21/02/16,1516,Fiorentina,Atalanta,Away,8.0,3.0,2.0,A,0.0
21/03/2021,2021,Fiorentina,Milan,Home,4.0,2.0,3.0,A,0.0
21/04/13,1213,Fiorentina,Torino,Home,6.0,4.0,3.0,H,0.0
21/04/18,1718,Fiorentina,Sassuolo,Away,1.0,0.0,1.0,H,1.0
21/04/2024,2324,Fiorentina,Salernitana,Away,7.0,2.0,0.0,A,0.0
21/05/2022,2122,Fiorentina,Juventus,Home,4.0,2.0,0.0,H,0.0
21/05/2023,2223,Fiorentina,Torino,Away,1.0,1.0,1.0,D,0.0
21/08/2022,2223,Fiorentina,Empoli,Away,2.0,0.0,0.0,D,0.0
21/09/05,506,Fiorentina,Lecce,Away,9.0,3.0,1.0,A,0.0
21/09/08,809,Fiorentina,Bologna,Home,8.0,1.0,0.0,H,0.0
21/09/11,1112,Fiorentina,Parma,Home,6.0,3.0,0.0,H,0.0
21/09/14,1415,Fiorentina,Atalanta,Away,6.0,1.0,0.0,A,0.0
21/09/16,1617,Fiorentina,Udinese,Away,3.0,2.0,2.0,D,0.0
21/09/2021,2122,Fiorentina,Inter,Home,6.0,1.0,3.0,A,1.0
21/09/2025,2526,Fiorentina,Como,Home,1.0,1.0,2.0,A,0.0
21/10/07,708,Fiorentina,Siena,Home,4.0,3.0,0.0,H,0.0
21/10/12,1213,Fiorentina,Chievo,Away,2.0,1.0,1.0,D,0.0
21/10/2018,1819,Fiorentina,Cagliari,Home,3.0,1.0,1.0,D,0.0
21/10/2019,1920,Fiorentina,Brescia,Away,6.0,0.0,0.0,D,0.0
21/11/09,910,Fiorentina,Parma,Home,5.0,2.0,3.0,A,1.0
21/12/05,506,Fiorentina,Palermo,Home,3.0,1.0,0.0,H,0.0
21/12/08,809,Fiorentina,Sampdoria,Away,3.0,1.0,0.0,A,0.0
21/12/14,1415,Fiorentina,Empoli,Home,6.0,1.0,1.0,D,0.0
21/12/2025,2526,Fiorentina,Udinese,Home,7.0,5.0,1.0,H,0.0
22/01/06,506,Fiorentina,Messina,Home,11.0,2.0,0.0,H,0.0
22/01/12,1112,Fiorentina,Cagliari,Away,1.0,0.0,0.0,D,0.0
22/02/09,809,Fiorentina,Chievo,Home,4.0,2.0,1.0,H,0.0
22/02/15,1415,Fiorentina,Torino,Home,4.0,1.0,1.0,D,0.0
22/02/2020,1920,Fiorentina,Milan,Home,7.0,1.0,1.0,D,1.0
22/03/06,506,Fiorentina,Cagliari,Away,6.0,0.0,0.0,D,0.0
22/03/08,708,Fiorentina,Lazio,Home,5.0,1.0,0.0,H,0.0
22/03/09,809,Fiorentina,Siena,Home,2.0,1.0,0.0,H,0.0
22/03/15,1415,Fiorentina,Udinese,Away,5.0,2.0,2.0,D,0.0
22/03/2026,2526,Fiorentina,Inter,Home,6.0,1.0,1.0,D,0.0
22/04/06,506,Fiorentina,Empoli,Home,11.0,2.0,1.0,H,0.0
22/04/07,607,Fiorentina,Lazio,Away,2.0,1.0,0.0,A,0.0
22/04/12,1112,Fiorentina,Inter,Home,1.0,0.0,0.0,D,0.0
22/04/17,1617,Fiorentina,Inter,Home,9.0,5.0,4.0,H,0.0
22/05/11,1011,Fiorentina,Brescia,Away,3.0,2.0,2.0,D,0.0
22/05/2021,2021,Fiorentina,Crotone,Away,3.0,0.0,0.0,D,0.0
22/05/2026,2526,Fiorentina,Atalanta,Home,4.0,1.0,1.0,D,0.0
22/06/2020,1920,Fiorentina,Brescia,Home,8.0,1.0,1.0,D,1.0
22/07/2020,1920,Fiorentina,Inter,Away,4.0,0.0,0.0,D,0.0
22/08/09,910,Fiorentina,Bologna,Away,5.0,1.0,1.0,D,0.0
22/08/2021,2122,Fiorentina,Roma,Away,8.0,1.0,3.0,H,1.0
22/09/10,1011,Fiorentina,Genoa,Away,4.0,1.0,1.0,D,0.0
22/09/12,1213,Fiorentina,Parma,Away,3.0,1.0,1.0,D,0.0
22/09/13,1314,Fiorentina,Atalanta,Away,5.0,2.0,0.0,A,0.0
22/09/2018,1819,Fiorentina,Spal,Home,5.0,3.0,0.0,H,0.0
22/09/2019,1920,Fiorentina,Atalanta,Away,3.0,2.0,2.0,D,0.0
22/09/2024,2425,Fiorentina,Lazio,Home,5.0,2.0,1.0,H,0.0
22/10/05,506,Fiorentina,Parma,Home,6.0,4.0,1.0,H,0.0
22/10/06,607,Fiorentina,Reggina,Home,5.0,3.0,0.0,H,0.0
22/10/11,1112,Fiorentina,Catania,Home,5.0,2.0,2.0,D,0.0
22/10/17,1718,Fiorentina,Benevento,Away,7.0,3.0,0.0,A,0.0
22/10/2022,2223,Fiorentina,Inter,Home,4.0,3.0,4.0,A,0.0
22/11/08,809,Fiorentina,Udinese,Home,11.0,4.0,2.0,H,1.0
22/11/15,1516,Fiorentina,Empoli,Home,5.0,2.0,2.0,D,0.0
22/11/2020,2021,Fiorentina,Benevento,Home,3.0,0.0,1.0,A,0.0
22/11/2025,2526,Fiorentina,Juventus,Home,2.0,1.0,1.0,D,0.0
22/12/12,1213,Fiorentina,Palermo,Away,10.0,3.0,0.0,A,0.0
22/12/13,1314,Fiorentina,Sassuolo,Away,5.0,1.0,0.0,A,0.0
22/12/16,1617,Fiorentina,Napoli,Home,5.0,3.0,3.0,D,0.0
22/12/17,1718,Fiorentina,Cagliari,Away,7.0,1.0,0.0,A,0.0
22/12/2018,1819,Fiorentina,Milan,Away,1.0,1.0,0.0,A,0.0
22/12/2020,2021,Fiorentina,Juventus,Away,6.0,3.0,0.0,A,0.0
22/12/2021,2122,Fiorentina,Verona,Away,1.0,1.0,1.0,D,0.0
22/12/2023,2324,Fiorentina,Monza,Away,5.0,1.0,0.0,A,0.0
23/01/11,1011,Fiorentina,Lecce,Home,5.0,1.0,1.0,D,0.0
23/01/2021,2021,Fiorentina,Crotone,Home,6.0,2.0,1.0,H,0.0
23/01/2022,2122,Fiorentina,Cagliari,Away,6.0,1.0,1.0,D,1.0
23/02/2025,2425,Fiorentina,Verona,Away,3.0,0.0,1.0,H,0.0
23/02/2026,2526,Fiorentina,Pisa,Home,5.0,1.0,0.0,H,0.0
23/03/14,1314,Fiorentina,Napoli,Away,4.0,1.0,0.0,A,0.0
23/04/11,1011,Fiorentina,Cagliari,Away,6.0,2.0,1.0,A,0.0
23/04/2023,2223,Fiorentina,Monza,Away,5.0,2.0,3.0,H,0.0
23/04/2025,2425,Fiorentina,Cagliari,Away,4.0,2.0,1.0,A,0.0
23/05/2024,2324,Fiorentina,Cagliari,Away,5.0,3.0,2.0,A,0.0
23/08/15,1516,Fiorentina,Milan,Home,7.0,2.0,0.0,H,0.0
23/09/07,708,Fiorentina,Catania,Away,4.0,1.0,0.0,A,0.0
23/09/09,910,Fiorentina,Sampdoria,Home,10.0,2.0,0.0,H,0.0
23/09/15,1516,Fiorentina,Bologna,Home,4.0,2.0,0.0,H,0.0
23/10/10,1011,Fiorentina,Bari,Home,7.0,2.0,1.0,H,0.0
23/10/16,1617,Fiorentina,Cagliari,Away,8.0,5.0,3.0,A,0.0
23/10/2023,2324,Fiorentina,Empoli,Home,7.0,0.0,2.0,A,0.0
23/11/14,1415,Fiorentina,Verona,Away,6.0,2.0,1.0,A,0.0
23/12/06,607,Fiorentina,Messina,Home,7.0,4.0,0.0,H,0.0
23/12/07,708,Fiorentina,Cagliari,Home,7.0,5.0,1.0,H,0.0
23/12/2024,2425,Fiorentina,Udinese,Home,3.0,1.0,2.0,A,0.0
24/01/09,809,Fiorentina,Juventus,Away,4.0,0.0,1.0,H,0.0
24/01/10,910,Fiorentina,Palermo,Away,6.0,0.0,3.0,H,0.0
24/01/16,1516,Fiorentina,Torino,Home,2.0,2.0,0.0,H,0.0
24/01/2026,2526,Fiorentina,Cagliari,Home,3.0,1.0,2.0,A,0.0
24/02/08,708,Fiorentina,Roma,Away,3.0,0.0,1.0,H,0.0
24/02/10,910,Fiorentina,Milan,Home,7.0,1.0,2.0,A,0.0
24/02/14,1314,Fiorentina,Parma,Away,2.0,2.0,2.0,D,2.0
24/02/2019,1819,Fiorentina,Inter,Home,2.0,3.0,3.0,D,0.0
24/03/10,910,Fiorentina,Catania,Away,2.0,0.0,1.0,H,0.0
24/04/16,1516,Fiorentina,Juventus,Home,7.0,1.0,2.0,A,0.0
24/04/2022,2122,Fiorentina,Salernitana,Away,3.0,1.0,2.0,H,0.0
24/05/09,809,Fiorentina,Lecce,Away,7.0,1.0,1.0,D,1.0
24/05/15,1415,Fiorentina,Palermo,Away,4.0,3.0,2.0,A,1.0
24/08/2019,1920,Fiorentina,Napoli,Home,6.0,3.0,4.0,A,0.0
24/08/2025,2526,Fiorentina,Cagliari,Away,1.0,1.0,1.0,D,0.0
24/09/06,607,Fiorentina,Udinese,Away,7.0,0.0,1.0,H,0.0
24/09/08,809,Fiorentina,Lazio,Away,1.0,0.0,3.0,H,0.0
24/09/11,1112,Fiorentina,Napoli,Away,4.0,0.0,0.0,D,0.0
24/09/14,1415,Fiorentina,Sassuolo,Home,2.0,0.0,0.0,D,0.0
24/09/17,1718,Fiorentina,Atalanta,Home,2.0,1.0,1.0,D,0.0
24/09/2023,2324,Fiorentina,Udinese,Away,2.0,2.0,0.0,A,0.0
24/10/2021,2122,Fiorentina,Cagliari,Home,5.0,3.0,0.0,H,0.0
24/11/13,1314,Fiorentina,Udinese,Away,5.0,0.0,1.0,H,0.0
24/11/2019,1920,Fiorentina,Verona,Away,2.0,0.0,1.0,H,0.0
24/11/2024,2425,Fiorentina,Como,Away,4.0,2.0,0.0,A,0.0
25/01/15,1415,Fiorentina,Roma,Home,3.0,1.0,1.0,D,0.0
25/01/2020,1920,Fiorentina,Genoa,Home,6.0,0.0,0.0,D,0.0
25/02/06,506,Fiorentina,Parma,Away,6.0,4.0,2.0,A,0.0
25/02/07,607,Fiorentina,Empoli,Home,7.0,2.0,0.0,H,0.0
25/02/18,1718,Fiorentina,Chievo,Home,5.0,1.0,0.0,H,0.0
25/03/06,506,Fiorentina,Milan,Away,3.0,1.0,3.0,H,0.0
25/03/12,1112,Fiorentina,Genoa,Away,6.0,2.0,2.0,D,0.0
25/04/09,809,Fiorentina,Roma,Home,6.0,4.0,1.0,H,0.0
25/04/10,910,Fiorentina,Chievo,Home,7.0,0.0,2.0,A,0.0
25/04/12,1112,Fiorentina,Roma,Away,7.0,2.0,1.0,A,0.0
25/04/2021,2021,Fiorentina,Juventus,Home,6.0,1.0,1.0,D,0.0
25/05/2025,2425,Fiorentina,Udinese,Away,11.0,3.0,2.0,A,0.0
25/08/12,1213,Fiorentina,Udinese,Home,8.0,2.0,1.0,H,0.0
25/08/2024,2425,Fiorentina,Venezia,Home,8.0,0.0,0.0,D,0.0
25/09/05,506,Fiorentina,Inter,Away,2.0,0.0,1.0,H,0.0
25/09/12,1213,Fiorentina,Juventus,Home,2.0,0.0,0.0,D,0.0
25/09/16,1617,Fiorentina,Milan,Home,5.0,0.0,0.0,D,0.0
25/09/2018,1819,Fiorentina,Inter,Away,8.0,1.0,2.0,H,0.0
25/09/2019,1920,Fiorentina,Sampdoria,Home,8.0,2.0,1.0,H,0.0
25/10/06,607,Fiorentina,Torino,Away,4.0,1.0,0.0,A,0.0
25/10/09,910,Fiorentina,Napoli,Home,4.0,0.0,1.0,A,0.0
25/10/11,1112,Fiorentina,Juventus,Away,2.0,1.0,2.0,H,0.0
25/10/15,1516,Fiorentina,Roma,Home,4.0,1.0,2.0,A,0.0
25/10/17,1718,Fiorentina,Torino,Home,7.0,3.0,0.0,H,0.0
25/10/2020,2021,Fiorentina,Udinese,Home,3.0,3.0,2.0,H,0.0
25/11/07,708,Fiorentina,Reggina,Away,0.0,0.0,0.0,D,0.0
25/11/12,1213,Fiorentina,Torino,Away,4.0,2.0,2.0,D,0.0
25/11/2018,1819,Fiorentina,Bologna,Away,6.0,0.0,0.0,D,0.0
25/11/2023,2324,Fiorentina,Milan,Away,4.0,0.0,1.0,H,0.0
26/01/14,1314,Fiorentina,Genoa,Home,4.0,3.0,3.0,D,0.0
26/01/2025,2425,Fiorentina,Lazio,Away,3.0,2.0,1.0,A,1.0
26/02/12,1112,Fiorentina,Lazio,Away,3.0,0.0,1.0,H,0.0
26/02/13,1213,Fiorentina,Bologna,Away,3.0,1.0,2.0,H,0.0
26/02/2022,2122,Fiorentina,Sassuolo,Away,6.0,1.0,2.0,H,1.0
26/02/2024,2324,Fiorentina,Lazio,Home,7.0,2.0,1.0,H,0.0
26/03/14,1314,Fiorentina,Milan,Home,0.0,0.0,2.0,A,0.0
26/04/14,1314,Fiorentina,Bologna,Away,8.0,3.0,0.0,A,0.0
26/04/15,1415,Fiorentina,Cagliari,Home,2.0,1.0,3.0,A,0.0
26/04/2026,2526,Fiorentina,Sassuolo,Home,5.0,0.0,0.0,D,0.0
26/05/2019,1819,Fiorentina,Genoa,Home,5.0,0.0,0.0,D,0.0
26/07/2020,1920,Fiorentina,Roma,Away,2.0,1.0,2.0,H,0.0
26/08/07,708,Fiorentina,Empoli,Home,7.0,3.0,1.0,H,0.0
26/08/13,1314,Fiorentina,Catania,Home,6.0,2.0,1.0,H,0.0
26/08/2018,1819,Fiorentina,Chievo,Home,15.0,6.0,1.0,H,0.0
26/09/07,708,Fiorentina,Roma,Home,5.0,2.0,2.0,D,1.0
26/09/09,910,Fiorentina,Livorno,Away,4.0,1.0,0.0,A,1.0
26/09/10,1011,Fiorentina,Parma,Home,8.0,2.0,0.0,H,0.0
26/09/13,1314,Fiorentina,Inter,Away,6.0,1.0,2.0,H,0.0
26/09/2020,2021,Fiorentina,Inter,Away,4.0,3.0,4.0,H,0.0
26/09/2021,2122,Fiorentina,Udinese,Away,2.0,1.0,0.0,A,0.0
26/10/05,506,Fiorentina,Siena,Away,4.0,2.0,0.0,A,0.0
26/10/08,809,Fiorentina,Palermo,Away,5.0,3.0,1.0,A,0.0
26/10/14,1415,Fiorentina,Milan,Away,2.0,1.0,1.0,D,0.0
26/10/16,1617,Fiorentina,Crotone,Home,11.0,1.0,1.0,D,0.0
26/10/2025,2526,Fiorentina,Bologna,Home,7.0,2.0,2.0,D,0.0
26/11/06,607,Fiorentina,Siena,Away,5.0,1.0,1.0,D,0.0
26/11/17,1718,Fiorentina,Lazio,Away,8.0,1.0,1.0,D,0.0
26/12/2018,1819,Fiorentina,Parma,Home,7.0,0.0,1.0,A,1.0
27/01/08,708,Fiorentina,Empoli,Away,2.0,2.0,0.0,A,0.0
27/01/13,1213,Fiorentina,Catania,Away,3.0,1.0,2.0,H,1.0
27/01/2019,1819,Fiorentina,Chievo,Away,7.0,4.0,3.0,A,1.0
27/02/08,708,Fiorentina,Livorno,Home,5.0,1.0,0.0,H,0.0
27/02/10,910,Fiorentina,Lazio,Away,5.0,1.0,1.0,D,0.0
27/02/11,1011,Fiorentina,Bari,Away,2.0,1.0,1.0,D,0.0
27/02/17,1617,Fiorentina,Torino,Home,7.0,2.0,2.0,D,0.0
27/02/2023,2223,Fiorentina,Verona,Away,7.0,3.0,0.0,A,0.0
27/04/08,708,Fiorentina,Sampdoria,Home,3.0,2.0,2.0,D,0.0
27/04/2022,2122,Fiorentina,Udinese,Home,7.0,0.0,4.0,A,0.0
27/04/2025,2425,Fiorentina,Empoli,Home,3.0,2.0,1.0,H,0.0
27/05/07,607,Fiorentina,Sampdoria,Home,9.0,5.0,1.0,H,0.0
27/05/2023,2223,Fiorentina,Roma,Home,5.0,2.0,1.0,H,0.0
27/06/2020,1920,Fiorentina,Lazio,Away,5.0,1.0,2.0,H,1.0
27/08/05,506,Fiorentina,Sampdoria,Home,9.0,2.0,1.0,H,0.0
27/08/17,1718,Fiorentina,Sampdoria,Home,10.0,1.0,2.0,A,0.0
27/08/2023,2324,Fiorentina,Lecce,Home,4.0,2.0,2.0,D,0.0
27/09/08,809,Fiorentina,Genoa,Home,5.0,1.0,0.0,H,0.0
27/09/15,1516,Fiorentina,Inter,Away,8.0,4.0,1.0,A,0.0
27/10/13,1314,Fiorentina,Chievo,Away,4.0,2.0,1.0,A,0.0
27/10/2018,1819,Fiorentina,Torino,Away,5.0,1.0,1.0,D,0.0
27/10/2019,1920,Fiorentina,Lazio,Home,3.0,1.0,2.0,A,1.0
27/10/2021,2122,Fiorentina,Lazio,Away,1.0,0.0,1.0,H,0.0
27/10/2024,2425,Fiorentina,Roma,Home,10.0,5.0,1.0,H,0.0
27/11/05,506,Fiorentina,Roma,Away,3.0,1.0,1.0,D,0.0
27/11/10,1011,Fiorentina,Juventus,Away,1.0,1.0,1.0,D,1.0
27/11/11,1112,Fiorentina,Palermo,Away,5.0,0.0,2.0,H,1.0
27/11/2021,2122,Fiorentina,Empoli,Away,7.0,1.0,2.0,H,0.0
27/12/2025,2526,Fiorentina,Parma,Away,4.0,0.0,1.0,H,0.0
28/01/07,607,Fiorentina,Livorno,Home,10.0,2.0,1.0,H,0.0
28/01/09,809,Fiorentina,Napoli,Home,4.0,2.0,1.0,H,0.0
28/01/18,1718,Fiorentina,Verona,Home,6.0,1.0,4.0,A,0.0
28/01/2024,2324,Fiorentina,Inter,Home,4.0,0.0,1.0,A,0.0
28/02/07,607,Fiorentina,Reggina,Away,7.0,1.0,1.0,D,0.0
28/02/2021,2021,Fiorentina,Udinese,Away,2.0,0.0,1.0,H,0.0
28/02/2025,2425,Fiorentina,Lecce,Home,3.0,1.0,0.0,H,0.0
28/03/10,910,Fiorentina,Udinese,Home,9.0,4.0,1.0,H,0.0
28/04/07,607,Fiorentina,Chievo,Home,2.0,1.0,0.0,H,0.0
28/04/13,1213,Fiorentina,Sampdoria,Away,6.0,3.0,0.0,A,0.0
28/04/2024,2324,Fiorentina,Sassuolo,Home,10.0,5.0,1.0,H,0.0
28/05/17,1617,Fiorentina,Pescara,Home,8.0,2.0,2.0,D,1.0
28/08/16,1617,Fiorentina,Chievo,Home,3.0,1.0,0.0,H,0.0
28/08/2021,2122,Fiorentina,Torino,Home,7.0,2.0,1.0,H,0.0
28/08/2022,2223,Fiorentina,Napoli,Home,5.0,0.0,0.0,D,0.0
28/09/14,1415,Fiorentina,Torino,Away,7.0,1.0,1.0,D,0.0
28/09/2023,2324,Fiorentina,Frosinone,Away,6.0,1.0,1.0,D,0.0
28/09/2025,2526,Fiorentina,Pisa,Away,2.0,0.0,0.0,D,0.0
28/10/07,708,Fiorentina,Genoa,Away,2.0,0.0,0.0,D,0.0
28/10/09,910,Fiorentina,Genoa,Away,5.0,1.0,2.0,H,0.0
28/10/12,1213,Fiorentina,Lazio,Home,8.0,2.0,0.0,H,0.0
28/10/15,1516,Fiorentina,Verona,Away,2.0,2.0,0.0,A,0.0
28/11/16,1617,Fiorentina,Inter,Away,6.0,2.0,4.0,H,1.0
29/01/06,506,Fiorentina,Udinese,Away,2.0,0.0,0.0,D,0.0
29/01/11,1011,Fiorentina,Lazio,Away,2.0,0.0,2.0,H,0.0
29/01/12,1112,Fiorentina,Siena,Home,8.0,2.0,1.0,H,0.0
29/01/17,1617,Fiorentina,Genoa,Home,8.0,3.0,3.0,D,1.0
29/01/2021,2021,Fiorentina,Torino,Away,3.0,1.0,1.0,D,2.0
29/01/2023,2223,Fiorentina,Lazio,Away,6.0,1.0,1.0,D,0.0
29/02/16,1516,Fiorentina,Napoli,Home,1.0,1.0,1.0,D,0.0
29/04/12,1112,Fiorentina,Atalanta,Away,3.0,0.0,2.0,H,0.0
29/04/15,1415,Fiorentina,Juventus,Away,2.0,2.0,3.0,H,0.0
29/04/18,1718,Fiorentina,Napoli,Home,10.0,3.0,0.0,H,0.0
29/04/2019,1819,Fiorentina,Sassuolo,Home,4.0,0.0,1.0,A,0.0
29/07/2020,1920,Fiorentina,Bologna,Home,9.0,4.0,0.0,H,0.0
29/08/10,1011,Fiorentina,Napoli,Home,8.0,1.0,1.0,D,1.0
29/09/07,708,Fiorentina,Livorno,Away,5.0,3.0,0.0,A,0.0
29/09/2019,1920,Fiorentina,Milan,Away,8.0,3.0,1.0,A,0.0
29/09/2024,2425,Fiorentina,Empoli,Away,0.0,0.0,0.0,D,0.0
29/10/06,607,Fiorentina,Palermo,Home,6.0,2.0,3.0,A,0.0
29/10/08,809,Fiorentina,Inter,Home,3.0,0.0,0.0,D,0.0
29/10/14,1415,Fiorentina,Udinese,Home,9.0,3.0,0.0,H,0.0
29/10/16,1617,Fiorentina,Bologna,Away,5.0,1.0,0.0,A,0.0
29/10/17,1718,Fiorentina,Crotone,Away,3.0,1.0,2.0,H,0.0
29/10/2025,2526,Fiorentina,Inter,Away,2.0,0.0,3.0,H,1.0
29/11/09,910,Fiorentina,Inter,Away,5.0,0.0,1.0,H,0.0
29/11/2020,2021,Fiorentina,Milan,Away,3.0,0.0,2.0,H,0.0
29/12/2018,1819,Fiorentina,Genoa,Away,6.0,0.0,0.0,D,0.0
29/12/2023,2324,Fiorentina,Torino,Home,3.0,1.0,0.0,H,0.0
29/12/2024,2425,Fiorentina,Juventus,Away,4.0,2.0,2.0,D,0.0
30/03/08,708,Fiorentina,Udinese,Away,4.0,1.0,3.0,H,0.0
30/03/13,1213,Fiorentina,Cagliari,Away,3.0,1.0,2.0,H,0.0
30/03/14,1314,Fiorentina,Sampdoria,Away,4.0,0.0,0.0,D,0.0
30/03/2024,2324,Fiorentina,Milan,Home,7.0,1.0,2.0,A,0.0
30/03/2025,2425,Fiorentina,Atalanta,Home,4.0,1.0,0.0,H,0.0
30/04/06,506,Fiorentina,Palermo,Away,2.0,0.0,1.0,H,0.0
30/04/16,1516,Fiorentina,Chievo,Away,5.0,0.0,0.0,D,0.0
30/04/17,1617,Fiorentina,Palermo,Away,3.0,0.0,2.0,H,1.0
30/04/2023,2223,Fiorentina,Sampdoria,Home,10.0,5.0,0.0,H,0.0
30/08/09,910,Fiorentina,Palermo,Home,4.0,1.0,0.0,H,0.0
30/08/14,1415,Fiorentina,Roma,Away,4.0,0.0,2.0,H,0.0
30/08/15,1516,Fiorentina,Torino,Away,5.0,1.0,3.0,H,0.0
30/09/12,1213,Fiorentina,Inter,Away,5.0,1.0,2.0,H,1.0
30/09/13,1314,Fiorentina,Parma,Home,3.0,2.0,2.0,D,0.0
30/09/2018,1819,Fiorentina,Atalanta,Home,4.0,2.0,0.0,H,0.0
30/10/05,506,Fiorentina,Cagliari,Home,4.0,2.0,1.0,H,0.0
30/10/11,1112,Fiorentina,Genoa,Home,4.0,1.0,0.0,H,0.0
30/10/13,1314,Fiorentina,Napoli,Home,3.0,1.0,2.0,A,1.0
30/10/2019,1920,Fiorentina,Sassuolo,Away,8.0,2.0,1.0,A,0.0
30/10/2022,2223,Fiorentina,Spezia,Away,5.0,2.0,1.0,A,0.0
30/10/2023,2324,Fiorentina,Lazio,Away,5.0,0.0,1.0,H,0.0
30/11/08,809,Fiorentina,Roma,Away,5.0,0.0,1.0,H,0.0
30/11/14,1415,Fiorentina,Cagliari,Away,7.0,4.0,0.0,A,0.0
30/11/15,1516,Fiorentina,Sassuolo,Away,4.0,1.0,1.0,D,0.0
30/11/2019,1920,Fiorentina,Lecce,Home,6.0,0.0,1.0,A,0.0
30/11/2021,2122,Fiorentina,Sampdoria,Home,7.0,3.0,1.0,H,0.0
30/11/2025,2526,Fiorentina,Atalanta,Away,3.0,0.0,2.0,H,0.0
30/12/17,1718,Fiorentina,Milan,Home,6.0,1.0,1.0,D,0.0
31/01/10,910,Fiorentina,Cagliari,Away,7.0,2.0,2.0,D,0.0
31/01/15,1415,Fiorentina,Genoa,Away,5.0,1.0,1.0,D,0.0
31/01/16,1516,Fiorentina,Genoa,Away,3.0,0.0,0.0,D,0.0
31/01/2026,2526,Fiorentina,Napoli,Away,5.0,1.0,2.0,H,0.0
31/03/18,1718,Fiorentina,Crotone,Home,6.0,2.0,0.0,H,0.0
31/03/2019,1819,Fiorentina,Torino,Home,8.0,1.0,1.0,D,0.0
31/05/09,809,Fiorentina,Milan,Home,3.0,0.0,2.0,A,0.0
31/05/15,1415,Fiorentina,Chievo,Home,13.0,3.0,0.0,H,0.0
31/08/08,809,Fiorentina,Juventus,Home,2.0,1.0,1.0,D,1.0
31/08/2022,2223,Fiorentina,Udinese,Away,2.0,0.0,1.0,H,0.0
31/08/2025,2526,Fiorentina,Torino,Away,4.0,0.0,0.0,D,0.0
31/10/07,708,Fiorentina,Napoli,Home,3.0,1.0,0.0,H,0.0
31/10/10,1011,Fiorentina,Catania,Away,3.0,0.0,0.0,D,0.0
31/10/2021,2122,Fiorentina,Spezia,Home,12.0,3.0,0.0,H,0.0
31/10/2024,2425,Fiorentina,Genoa,Away,4.0,1.0,0.0,A,0.0
01/05/16,1516,Frosinone,Milan,Away,4.0,3.0,3.0,D,0.0
01/10/2023,2324,Frosinone,Roma,Away,0.0,0.0,2.0,H,0.0
01/11/15,1516,Frosinone,Fiorentina,Away,1.0,1.0,4.0,H,0.0
02/09/2018,1819,Frosinone,Lazio,Away,5.0,0.0,1.0,H,0.0
02/09/2023,2324,Frosinone,Udinese,Away,2.0,0.0,0.0,D,0.0
02/12/2018,1819,Frosinone,Cagliari,Home,11.0,1.0,1.0,D,0.0
02/12/2023,2324,Frosinone,Milan,Away,3.0,1.0,3.0,H,0.0
03/02/16,1516,Frosinone,Bologna,Home,7.0,1.0,0.0,H,0.0
03/02/2024,2324,Frosinone,Milan,Home,4.0,2.0,3.0,A,0.0
03/03/2019,1819,Frosinone,Genoa,Away,0.0,0.0,0.0,D,1.0
03/03/2024,2324,Frosinone,Lecce,Home,7.0,1.0,1.0,D,0.0
03/04/16,1516,Frosinone,Genoa,Away,2.0,0.0,4.0,H,0.0
03/04/2019,1819,Frosinone,Parma,Home,5.0,3.0,2.0,H,0.0
04/02/2019,1819,Frosinone,Lazio,Home,4.0,0.0,1.0,A,0.0
04/10/15,1516,Frosinone,Lazio,Away,6.0,0.0,2.0,H,0.0
04/11/2018,1819,Frosinone,Parma,Away,1.0,0.0,0.0,D,0.0
05/05/2019,1819,Frosinone,Sassuolo,Away,3.0,2.0,2.0,D,0.0
05/05/2024,2324,Frosinone,Empoli,Away,5.0,0.0,0.0,D,0.0
05/10/2018,1819,Frosinone,Torino,Away,4.0,2.0,3.0,H,0.0
06/01/16,1516,Frosinone,Sassuolo,Away,2.0,2.0,2.0,D,0.0
06/01/2024,2324,Frosinone,Monza,Home,5.0,2.0,3.0,A,0.0
06/03/16,1516,Frosinone,Udinese,Home,4.0,2.0,0.0,H,0.0
06/11/2023,2324,Frosinone,Empoli,Home,5.0,2.0,1.0,H,0.0
06/12/15,1516,Frosinone,Chievo,Home,3.0,0.0,2.0,A,0.0
07/02/16,1516,Frosinone,Juventus,Home,0.0,0.0,2.0,A,0.0
07/04/2019,1819,Frosinone,Fiorentina,Away,3.0,1.0,0.0,A,0.0
07/04/2024,2324,Frosinone,Bologna,Home,5.0,0.0,0.0,D,0.0
08/05/16,1516,Frosinone,Sassuolo,Home,4.0,0.0,1.0,A,0.0
08/10/2023,2324,Frosinone,Verona,Home,2.0,2.0,1.0,H,0.0
08/11/15,1516,Frosinone,Genoa,Home,5.0,2.0,2.0,D,0.0
08/12/2018,1819,Frosinone,Napoli,Away,2.0,0.0,4.0,H,0.0
09/03/2024,2324,Frosinone,Sassuolo,Away,1.0,0.0,1.0,H,0.0
09/04/16,1516,Frosinone,Inter,Home,2.0,0.0,1.0,A,1.0
09/11/2018,1819,Frosinone,Fiorentina,Home,3.0,1.0,1.0,D,0.0
10/01/16,1516,Frosinone,Napoli,Home,3.0,1.0,5.0,A,0.0
10/02/2019,1819,Frosinone,Sampdoria,Away,1.0,1.0,0.0,A,0.0
10/03/2019,1819,Frosinone,Torino,Home,5.0,1.0,2.0,A,0.0
10/05/2024,2324,Frosinone,Inter,Home,8.0,0.0,5.0,A,0.0
10/12/2023,2324,Frosinone,Torino,Home,5.0,0.0,0.0,D,0.0
11/02/2024,2324,Frosinone,Fiorentina,Away,3.0,1.0,5.0,H,0.0
12/05/2019,1819,Frosinone,Udinese,Home,5.0,1.0,3.0,A,0.0
12/09/15,1516,Frosinone,Roma,Home,5.0,0.0,2.0,A,0.0
12/11/2023,2324,Frosinone,Inter,Away,3.0,0.0,2.0,H,0.0
12/12/15,1516,Frosinone,Palermo,Away,3.0,1.0,4.0,H,0.0
13/02/16,1516,Frosinone,Empoli,Away,2.0,2.0,1.0,A,0.0
13/03/16,1516,Frosinone,Carpi,Away,4.0,1.0,2.0,H,0.0
14/04/2019,1819,Frosinone,Inter,Home,4.0,1.0,3.0,A,0.0
14/04/2024,2324,Frosinone,Napoli,Away,6.0,2.0,2.0,D,0.0
14/05/16,1516,Frosinone,Napoli,Away,2.0,0.0,4.0,H,1.0
15/01/2024,2324,Frosinone,Atalanta,Away,5.0,0.0,5.0,H,0.0
15/02/2019,1819,Frosinone,Juventus,Away,1.0,0.0,3.0,H,0.0
15/09/2018,1819,Frosinone,Sampdoria,Home,2.0,0.0,5.0,A,0.0
16/01/16,1516,Frosinone,Torino,Away,5.0,2.0,4.0,H,0.0
16/03/2024,2324,Frosinone,Lazio,Home,5.0,2.0,3.0,A,0.0
16/12/2018,1819,Frosinone,Sassuolo,Home,3.0,0.0,2.0,A,0.0
16/12/2023,2324,Frosinone,Lecce,Away,5.0,1.0,2.0,H,0.0
17/03/2019,1819,Frosinone,Empoli,Away,3.0,1.0,2.0,H,0.0
17/04/16,1516,Frosinone,Verona,Away,2.0,2.0,1.0,A,0.0
17/09/2023,2324,Frosinone,Sassuolo,Home,6.0,4.0,2.0,H,0.0
18/02/2024,2324,Frosinone,Roma,Home,7.0,0.0,3.0,A,0.0
18/10/15,1516,Frosinone,Sampdoria,Home,4.0,2.0,0.0,H,0.0
19/05/2019,1819,Frosinone,Milan,Away,2.0,0.0,2.0,H,0.0
19/05/2024,2324,Frosinone,Monza,Away,5.0,1.0,0.0,A,0.0
19/08/2023,2324,Frosinone,Napoli,Home,1.0,1.0,3.0,A,0.0
20/01/2019,1819,Frosinone,Atalanta,Home,3.0,0.0,5.0,A,0.0
20/03/16,1516,Frosinone,Fiorentina,Home,4.0,0.0,0.0,D,0.0
20/04/16,1516,Frosinone,Chievo,Away,2.0,1.0,5.0,H,2.0
20/04/2019,1819,Frosinone,Cagliari,Away,2.0,0.0,1.0,H,0.0
20/08/2018,1819,Frosinone,Atalanta,Away,1.0,0.0,4.0,H,0.0
20/09/15,1516,Frosinone,Bologna,Away,6.0,0.0,1.0,H,0.0
20/12/15,1516,Frosinone,Milan,Home,5.0,2.0,4.0,A,0.0
21/01/2024,2324,Frosinone,Cagliari,Home,7.0,3.0,1.0,H,0.0
21/02/16,1516,Frosinone,Lazio,Home,1.0,0.0,0.0,D,0.0
21/04/2024,2324,Frosinone,Torino,Away,3.0,0.0,0.0,D,0.0
21/10/2018,1819,Frosinone,Empoli,Home,4.0,3.0,3.0,D,0.0
22/09/2023,2324,Frosinone,Salernitana,Away,3.0,1.0,1.0,D,0.0
22/10/2023,2324,Frosinone,Bologna,Away,5.0,1.0,2.0,H,1.0
22/11/15,1516,Frosinone,Inter,Away,4.0,0.0,4.0,H,0.0
22/12/2018,1819,Frosinone,Udinese,Away,6.0,1.0,1.0,D,0.0
23/01/16,1516,Frosinone,Atalanta,Home,1.0,0.0,0.0,D,0.0
23/02/2019,1819,Frosinone,Roma,Home,5.0,2.0,3.0,A,0.0
23/08/15,1516,Frosinone,Torino,Home,3.0,1.0,2.0,A,0.0
23/09/15,1516,Frosinone,Juventus,Away,1.0,1.0,1.0,D,0.0
23/09/2018,1819,Frosinone,Juventus,Home,0.0,0.0,2.0,A,0.0
23/12/2023,2324,Frosinone,Juventus,Home,3.0,1.0,2.0,A,0.0
24/04/16,1516,Frosinone,Palermo,Home,4.0,0.0,2.0,A,0.0
24/11/2018,1819,Frosinone,Inter,Away,4.0,0.0,3.0,H,0.0
25/02/2024,2324,Frosinone,Juventus,Away,3.0,2.0,3.0,H,0.0
25/05/2019,1819,Frosinone,Chievo,Home,5.0,0.0,0.0,D,0.0
25/10/15,1516,Frosinone,Udinese,Away,2.0,0.0,1.0,H,0.0
26/04/2024,2324,Frosinone,Salernitana,Home,4.0,3.0,0.0,H,0.0
26/05/2024,2324,Frosinone,Udinese,Home,5.0,0.0,1.0,A,0.0
26/08/2018,1819,Frosinone,Bologna,Home,7.0,0.0,0.0,D,0.0
26/08/2023,2324,Frosinone,Atalanta,Home,5.0,2.0,1.0,H,0.0
26/09/2018,1819,Frosinone,Roma,Away,3.0,0.0,4.0,H,0.0
26/11/2023,2324,Frosinone,Genoa,Home,5.0,2.0,1.0,H,0.0
26/12/2018,1819,Frosinone,Milan,Home,5.0,0.0,0.0,D,0.0
27/01/2019,1819,Frosinone,Bologna,Away,4.0,4.0,0.0,A,0.0
28/01/2024,2324,Frosinone,Verona,Away,6.0,1.0,1.0,D,0.0
28/02/16,1516,Frosinone,Sampdoria,Away,1.0,0.0,2.0,H,0.0
28/04/2019,1819,Frosinone,Napoli,Home,4.0,0.0,2.0,A,0.0
28/09/15,1516,Frosinone,Empoli,Home,4.0,2.0,0.0,H,0.0
28/09/2023,2324,Frosinone,Fiorentina,Home,3.0,1.0,1.0,D,0.0
28/10/15,1516,Frosinone,Carpi,Home,3.0,2.0,1.0,H,1.0
28/10/2018,1819,Frosinone,Spal,Away,4.0,3.0,0.0,A,0.0
29/10/2023,2324,Frosinone,Cagliari,Away,6.0,3.0,4.0,H,0.0
29/11/15,1516,Frosinone,Verona,Home,6.0,3.0,2.0,H,0.0
29/12/2018,1819,Frosinone,Chievo,Away,4.0,0.0,1.0,H,1.0
29/12/2023,2324,Frosinone,Lazio,Away,2.0,1.0,3.0,H,0.0
30/01/16,1516,Frosinone,Roma,Away,3.0,1.0,3.0,H,0.0
30/03/2024,2324,Frosinone,Genoa,Away,3.0,1.0,1.0,D,0.0
30/08/15,1516,Frosinone,Atalanta,Away,4.0,0.0,2.0,H,0.0
30/09/2018,1819,Frosinone,Genoa,Home,6.0,1.0,2.0,A,0.0
31/03/2019,1819,Frosinone,Spal,Home,9.0,0.0,1.0,A,0.0
01/02/09,809,Genoa,Palermo,Home,6.0,1.0,0.0,H,0.0
01/03/09,809,Genoa,Siena,Away,2.0,0.0,0.0,D,0.0
01/04/12,1112,Genoa,Inter,Away,8.0,4.0,5.0,H,1.0
01/09/13,1314,Genoa,Fiorentina,Home,7.0,2.0,5.0,A,1.0
01/09/2019,1920,Genoa,Fiorentina,Home,10.0,2.0,1.0,H,0.0
01/09/2024,2425,Genoa,Verona,Home,1.0,0.0,2.0,A,0.0
01/10/2023,2324,Genoa,Udinese,Away,4.0,2.0,2.0,D,0.0
01/11/09,910,Genoa,Palermo,Away,5.0,0.0,0.0,D,0.0
01/11/12,1213,Genoa,Fiorentina,Home,3.0,0.0,1.0,A,0.0
01/11/15,1516,Genoa,Napoli,Home,1.0,0.0,0.0,D,0.0
01/11/2020,2021,Genoa,Sampdoria,Away,4.0,1.0,1.0,D,0.0
01/12/2021,2122,Genoa,Milan,Home,3.0,0.0,3.0,A,0.0
01/12/2024,2425,Genoa,Udinese,Away,5.0,2.0,0.0,A,0.0
02/02/11,1011,Genoa,Fiorentina,Away,5.0,0.0,1.0,H,0.0
02/02/2020,1920,Genoa,Atalanta,Away,5.0,2.0,2.0,D,1.0
02/02/2025,2425,Genoa,Fiorentina,Away,3.0,1.0,2.0,H,0.0
02/03/08,708,Genoa,Cagliari,Away,5.0,1.0,2.0,H,0.0
02/03/14,1314,Genoa,Catania,Home,7.0,2.0,0.0,H,0.0
02/03/2025,2425,Genoa,Empoli,Home,1.0,1.0,1.0,D,0.0
02/04/17,1617,Genoa,Atalanta,Home,4.0,0.0,5.0,A,1.0
02/05/10,910,Genoa,Bari,Away,2.0,0.0,3.0,H,0.0
02/05/12,1112,Genoa,Cagliari,Home,3.0,2.0,1.0,H,0.0
02/05/16,1516,Genoa,Roma,Home,5.0,2.0,3.0,A,0.0
02/05/2021,2021,Genoa,Lazio,Away,5.0,3.0,4.0,H,0.0
02/05/2026,2526,Genoa,Atalanta,Away,2.0,0.0,0.0,D,0.0
02/08/2020,1920,Genoa,Verona,Home,4.0,3.0,0.0,H,2.0
02/09/07,708,Genoa,Catania,Away,1.0,0.0,0.0,D,0.0
02/09/12,1213,Genoa,Catania,Away,6.0,2.0,3.0,H,0.0
02/09/2018,1819,Genoa,Sassuolo,Away,8.0,3.0,5.0,H,0.0
02/10/11,1112,Genoa,Parma,Away,9.0,1.0,3.0,H,0.0
02/10/16,1617,Genoa,Bologna,Away,4.0,1.0,0.0,A,1.0
02/10/2021,2122,Genoa,Salernitana,Away,4.0,0.0,1.0,H,0.0
02/11/08,809,Genoa,Udinese,Away,9.0,2.0,2.0,D,0.0
02/11/14,1415,Genoa,Udinese,Away,6.0,4.0,2.0,A,0.0
02/12/07,708,Genoa,Torino,Away,4.0,1.0,1.0,D,0.0
02/12/11,1112,Genoa,Milan,Home,2.0,0.0,2.0,A,1.0
02/12/12,1213,Genoa,Chievo,Home,3.0,2.0,4.0,A,0.0
02/12/2018,1819,Genoa,Torino,Away,2.0,1.0,2.0,H,1.0
02/12/2023,2324,Genoa,Empoli,Home,1.0,1.0,1.0,D,0.0
03/01/2021,2021,Genoa,Lazio,Home,3.0,1.0,1.0,D,0.0
03/01/2026,2526,Genoa,Pisa,Home,4.0,1.0,1.0,D,0.0
03/02/08,708,Genoa,Catania,Home,6.0,2.0,1.0,H,0.0
03/02/13,1213,Genoa,Lazio,Home,4.0,3.0,2.0,H,0.0
03/02/14,1314,Genoa,Sampdoria,Home,4.0,0.0,1.0,A,0.0
03/02/16,1516,Genoa,Juventus,Away,2.0,0.0,1.0,H,0.0
03/02/2019,1819,Genoa,Sassuolo,Home,2.0,1.0,1.0,D,0.0
03/02/2024,2324,Genoa,Empoli,Away,2.0,0.0,0.0,D,1.0
03/03/13,1213,Genoa,Roma,Away,7.0,1.0,3.0,H,1.0
03/03/2019,1819,Genoa,Frosinone,Home,6.0,0.0,0.0,D,0.0
03/03/2021,2021,Genoa,Sampdoria,Home,2.0,1.0,1.0,D,0.0
03/04/10,910,Genoa,Livorno,Home,3.0,1.0,1.0,D,0.0
03/04/11,1011,Genoa,Cagliari,Home,3.0,0.0,1.0,A,0.0
03/04/16,1516,Genoa,Frosinone,Home,9.0,4.0,0.0,H,0.0
03/04/18,1718,Genoa,Cagliari,Home,2.0,2.0,1.0,H,0.0
03/04/2019,1819,Genoa,Inter,Home,2.0,0.0,4.0,A,1.0
03/04/2021,2021,Genoa,Fiorentina,Home,2.0,1.0,1.0,D,0.0
03/05/09,809,Genoa,Sampdoria,Home,4.0,3.0,1.0,H,2.0
03/05/15,1415,Genoa,Roma,Away,3.0,0.0,2.0,H,0.0
03/09/2023,2324,Genoa,Torino,Away,2.0,0.0,1.0,H,0.0
03/10/10,1011,Genoa,Bari,Home,7.0,2.0,1.0,H,1.0
03/11/13,1314,Genoa,Lazio,Away,3.0,2.0,0.0,A,0.0
03/11/2018,1819,Genoa,Inter,Away,3.0,0.0,5.0,H,0.0
03/11/2019,1920,Genoa,Udinese,Home,2.0,1.0,3.0,A,0.0
03/11/2025,2526,Genoa,Sassuolo,Away,5.0,2.0,1.0,A,0.0
04/03/12,1112,Genoa,Lecce,Away,8.0,2.0,2.0,D,0.0
04/03/2024,2324,Genoa,Inter,Away,2.0,1.0,2.0,H,0.0
04/04/15,1415,Genoa,Udinese,Home,5.0,1.0,1.0,D,0.0
04/04/2022,2122,Genoa,Verona,Away,4.0,0.0,1.0,H,0.0
04/04/2025,2425,Genoa,Udinese,Home,7.0,1.0,0.0,H,0.0
04/05/08,708,Genoa,Parma,Away,2.0,0.0,1.0,H,0.0
04/05/14,1314,Genoa,Bologna,Home,1.0,0.0,0.0,D,0.0
04/10/09,910,Genoa,Bologna,Away,5.0,3.0,1.0,A,1.0
04/10/15,1516,Genoa,Udinese,Away,7.0,1.0,1.0,D,0.0
04/11/07,708,Genoa,Palermo,Home,12.0,3.0,3.0,D,0.0
04/11/12,1213,Genoa,Siena,Away,3.0,0.0,1.0,H,0.0
04/11/17,1718,Genoa,Sampdoria,Home,2.0,0.0,2.0,A,0.0
04/11/2020,2021,Genoa,Torino,Home,4.0,1.0,2.0,A,0.0
04/11/2024,2425,Genoa,Parma,Away,7.0,1.0,0.0,A,0.0
04/12/17,1718,Genoa,Verona,Away,1.0,1.0,0.0,A,0.0
05/01/16,1516,Genoa,Sampdoria,Home,10.0,2.0,3.0,A,0.0
05/01/2020,1920,Genoa,Sassuolo,Home,7.0,2.0,1.0,H,0.0
05/01/2024,2324,Genoa,Bologna,Away,1.0,1.0,1.0,D,0.0
05/01/2025,2425,Genoa,Lecce,Away,1.0,0.0,0.0,D,0.0
05/02/12,1112,Genoa,Lazio,Home,5.0,3.0,2.0,H,0.0
05/02/17,1617,Genoa,Sassuolo,Home,4.0,0.0,1.0,A,0.0
05/02/18,1718,Genoa,Lazio,Away,4.0,2.0,1.0,A,0.0
05/02/2022,2122,Genoa,Roma,Away,3.0,0.0,0.0,D,1.0
05/03/17,1617,Genoa,Empoli,Away,4.0,2.0,0.0,A,0.0
05/04/08,708,Genoa,Roma,Away,6.0,2.0,3.0,H,0.0
05/04/09,809,Genoa,Reggina,Away,3.0,1.0,0.0,A,0.0
05/05/13,1213,Genoa,Pescara,Home,7.0,4.0,1.0,H,0.0
05/05/2019,1819,Genoa,Roma,Home,6.0,1.0,1.0,D,0.0
05/05/2024,2324,Genoa,Milan,Away,2.0,3.0,3.0,D,0.0
05/05/2025,2425,Genoa,Milan,Home,4.0,1.0,2.0,A,0.0
05/07/2020,1920,Genoa,Udinese,Away,4.0,2.0,2.0,D,0.0
05/10/08,809,Genoa,Napoli,Home,5.0,3.0,2.0,H,2.0
05/10/14,1415,Genoa,Parma,Away,5.0,2.0,1.0,A,1.0
05/10/2019,1920,Genoa,Milan,Home,6.0,1.0,2.0,A,2.0
05/10/2024,2425,Genoa,Atalanta,Away,2.0,1.0,5.0,H,0.0
05/10/2025,2526,Genoa,Napoli,Away,1.0,1.0,2.0,H,0.0
05/11/2021,2122,Genoa,Empoli,Away,7.0,2.0,2.0,D,0.0
05/11/2023,2324,Genoa,Cagliari,Away,2.0,1.0,2.0,H,0.0
05/12/10,1011,Genoa,Lecce,Away,4.0,3.0,1.0,A,0.0
05/12/15,1516,Genoa,Inter,Away,2.0,0.0,1.0,H,0.0
05/12/16,1617,Genoa,Chievo,Away,0.0,0.0,0.0,D,0.0
05/12/2021,2122,Genoa,Juventus,Away,0.0,0.0,2.0,H,0.0
06/01/10,910,Genoa,Milan,Away,4.0,2.0,5.0,H,0.0
06/01/11,1011,Genoa,Lazio,Home,3.0,0.0,0.0,D,0.0
06/01/13,1213,Genoa,Bologna,Home,4.0,2.0,0.0,H,0.0
06/01/14,1314,Genoa,Sassuolo,Home,8.0,2.0,0.0,H,0.0
06/01/15,1415,Genoa,Atalanta,Home,7.0,2.0,2.0,D,0.0
06/01/18,1718,Genoa,Sassuolo,Home,3.0,1.0,0.0,H,0.0
06/01/2021,2021,Genoa,Sassuolo,Away,3.0,1.0,2.0,H,0.0
06/01/2022,2122,Genoa,Sassuolo,Away,1.0,1.0,1.0,D,0.0
06/02/11,1011,Genoa,Milan,Home,3.0,1.0,1.0,D,0.0
06/02/16,1516,Genoa,Lazio,Home,1.0,0.0,0.0,D,0.0
06/02/2021,2021,Genoa,Napoli,Home,2.0,2.0,1.0,H,0.0
06/03/11,1011,Genoa,Inter,Away,2.0,2.0,5.0,H,0.0
06/03/16,1516,Genoa,Empoli,Home,5.0,1.0,0.0,H,0.0
06/03/2022,2122,Genoa,Empoli,Home,7.0,0.0,0.0,D,0.0
06/04/2026,2526,Genoa,Juventus,Away,3.0,0.0,2.0,H,0.0
06/05/12,1112,Genoa,Udinese,Away,1.0,0.0,2.0,H,2.0
06/05/18,1718,Genoa,Fiorentina,Home,3.0,2.0,3.0,A,2.0
06/05/2022,2122,Genoa,Juventus,Home,6.0,2.0,1.0,H,0.0
06/10/12,1213,Genoa,Palermo,Home,7.0,1.0,1.0,D,0.0
06/10/13,1314,Genoa,Catania,Away,3.0,1.0,1.0,D,0.0
06/11/16,1617,Genoa,Udinese,Home,4.0,1.0,1.0,D,0.0
06/12/09,910,Genoa,Parma,Home,5.0,2.0,2.0,D,0.0
07/02/10,910,Genoa,Chievo,Home,2.0,1.0,0.0,H,0.0
07/02/2026,2526,Genoa,Napoli,Home,3.0,2.0,3.0,A,0.0
07/03/09,809,Genoa,Inter,Home,5.0,0.0,2.0,A,0.0
07/03/10,910,Genoa,Inter,Away,2.0,0.0,0.0,D,0.0
07/03/2021,2021,Genoa,Roma,Away,2.0,0.0,1.0,H,0.0
07/03/2025,2425,Genoa,Cagliari,Away,2.0,1.0,1.0,D,0.0
07/04/12,1112,Genoa,Novara,Away,1.0,1.0,1.0,D,0.0
07/04/13,1213,Genoa,Napoli,Away,7.0,0.0,2.0,H,0.0
07/04/14,1314,Genoa,Milan,Home,6.0,1.0,2.0,A,0.0
07/04/18,1718,Genoa,Sampdoria,Away,2.0,0.0,0.0,D,0.0
07/04/2019,1819,Genoa,Napoli,Away,7.0,1.0,1.0,D,1.0
07/04/2024,2324,Genoa,Verona,Away,5.0,2.0,1.0,A,0.0
07/05/17,1617,Genoa,Inter,Home,5.0,1.0,0.0,H,0.0
07/10/07,708,Genoa,Cagliari,Home,10.0,2.0,0.0,H,0.0
07/10/2018,1819,Genoa,Parma,Home,13.0,1.0,3.0,A,0.0
07/10/2023,2324,Genoa,Milan,Home,1.0,0.0,1.0,A,1.0
07/11/10,1011,Genoa,Palermo,Away,7.0,0.0,1.0,H,0.0
07/11/2024,2425,Genoa,Como,Home,4.0,1.0,1.0,D,0.0
07/12/08,809,Genoa,Sampdoria,Away,1.0,1.0,0.0,A,0.0
07/12/14,1415,Genoa,Milan,Home,4.0,1.0,0.0,H,0.0
07/12/2020,2021,Genoa,Fiorentina,Away,3.0,1.0,1.0,D,0.0
07/12/2024,2425,Genoa,Torino,Home,1.0,0.0,0.0,D,0.0
08/01/12,1112,Genoa,Cagliari,Away,2.0,0.0,3.0,H,1.0
08/01/17,1617,Genoa,Roma,Home,4.0,0.0,1.0,A,0.0
08/01/2026,2526,Genoa,Milan,Away,2.0,1.0,1.0,D,0.0
08/02/09,809,Genoa,Roma,Away,6.0,0.0,3.0,H,1.0
08/02/2025,2425,Genoa,Torino,Away,2.0,1.0,1.0,D,0.0
08/03/13,1213,Genoa,Milan,Home,7.0,0.0,2.0,A,0.0
08/03/15,1415,Genoa,Empoli,Away,2.0,1.0,1.0,D,0.0
08/03/2020,1920,Genoa,Milan,Away,3.0,2.0,1.0,A,1.0
08/03/2026,2526,Genoa,Roma,Home,5.0,2.0,1.0,H,0.0
08/05/11,1011,Genoa,Sampdoria,Home,3.0,2.0,1.0,H,1.0
08/05/13,1213,Genoa,Torino,Away,1.0,0.0,0.0,D,0.0
08/05/16,1516,Genoa,Sampdoria,Away,7.0,3.0,0.0,A,0.0
08/07/2020,1920,Genoa,Napoli,Home,3.0,1.0,2.0,A,0.0
08/11/09,910,Genoa,Siena,Home,7.0,4.0,2.0,H,0.0
08/11/15,1516,Genoa,Frosinone,Away,3.0,2.0,2.0,D,1.0
08/11/2020,2021,Genoa,Roma,Home,5.0,1.0,3.0,A,0.0
08/12/13,1314,Genoa,Cagliari,Away,3.0,1.0,2.0,H,1.0
08/12/2019,1920,Genoa,Lecce,Away,4.0,2.0,2.0,D,2.0
08/12/2025,2526,Genoa,Udinese,Away,6.0,2.0,1.0,A,0.0
09/01/11,1011,Genoa,Cesena,Away,1.0,0.0,0.0,D,0.0
09/01/2021,2021,Genoa,Bologna,Home,7.0,2.0,0.0,H,0.0
09/01/2022,2122,Genoa,Spezia,Home,2.0,0.0,1.0,A,0.0
09/02/14,1314,Genoa,Livorno,Away,2.0,1.0,0.0,A,0.0
09/02/15,1415,Genoa,Lazio,Away,5.0,1.0,0.0,A,0.0
09/02/2020,1920,Genoa,Cagliari,Home,5.0,1.0,0.0,H,0.0
09/03/08,708,Genoa,Juventus,Home,2.0,0.0,2.0,A,0.0
09/03/14,1314,Genoa,Chievo,Away,6.0,1.0,2.0,H,0.0
09/03/2019,1819,Genoa,Parma,Away,1.0,0.0,1.0,H,0.0
09/03/2024,2324,Genoa,Monza,Home,6.0,2.0,3.0,A,0.0
09/04/16,1516,Genoa,Sassuolo,Away,4.0,1.0,0.0,A,0.0
09/04/17,1617,Genoa,Udinese,Away,3.0,0.0,3.0,H,0.0
09/05/10,910,Genoa,Milan,Home,4.0,1.0,0.0,H,0.0
09/05/2021,2021,Genoa,Sassuolo,Home,5.0,1.0,2.0,A,0.0
09/11/08,809,Genoa,Reggina,Home,6.0,4.0,0.0,H,0.0
09/11/14,1415,Genoa,Cagliari,Away,5.0,1.0,1.0,D,1.0
09/11/2019,1920,Genoa,Napoli,Away,3.0,0.0,0.0,D,0.0
09/11/2025,2526,Genoa,Fiorentina,Home,6.0,2.0,2.0,D,0.0
09/12/07,708,Genoa,Siena,Home,4.0,1.0,3.0,A,0.0
09/12/12,1213,Genoa,Pescara,Away,6.0,0.0,2.0,H,0.0
09/12/2018,1819,Genoa,Spal,Home,3.0,1.0,1.0,D,1.0
10/01/09,809,Genoa,Torino,Home,8.0,3.0,0.0,H,0.0
10/01/10,910,Genoa,Catania,Home,5.0,2.0,0.0,H,0.0
10/01/16,1516,Genoa,Atalanta,Away,2.0,2.0,0.0,A,0.0
10/02/08,708,Genoa,Livorno,Away,4.0,1.0,1.0,D,1.0
10/02/13,1213,Genoa,Parma,Away,3.0,0.0,0.0,D,0.0
10/02/17,1617,Genoa,Napoli,Away,3.0,0.0,2.0,H,0.0
10/02/2019,1819,Genoa,Bologna,Away,6.0,1.0,1.0,D,0.0
10/04/11,1011,Genoa,Juventus,Away,2.0,2.0,3.0,H,0.0
10/04/2022,2122,Genoa,Lazio,Home,4.0,1.0,4.0,A,0.0
10/05/09,809,Genoa,Atalanta,Away,1.0,1.0,1.0,D,0.0
10/05/2026,2526,Genoa,Fiorentina,Away,3.0,0.0,0.0,D,0.0
10/09/17,1718,Genoa,Udinese,Away,2.0,0.0,1.0,H,1.0
10/11/10,1011,Genoa,Bologna,Home,4.0,1.0,0.0,H,0.0
10/11/13,1314,Genoa,Verona,Home,3.0,2.0,0.0,H,0.0
10/11/2018,1819,Genoa,Napoli,Home,3.0,1.0,2.0,A,0.0
10/11/2023,2324,Genoa,Verona,Home,6.0,1.0,0.0,H,0.0
10/12/11,1112,Genoa,Siena,Away,4.0,2.0,0.0,A,0.0
10/12/2021,2122,Genoa,Sampdoria,Home,2.0,1.0,3.0,A,0.0
10/12/2023,2324,Genoa,Monza,Away,1.0,0.0,1.0,H,0.0
11/01/15,1415,Genoa,Inter,Away,6.0,1.0,3.0,H,0.0
11/02/18,1718,Genoa,Chievo,Away,3.0,1.0,0.0,A,0.0
11/02/2024,2324,Genoa,Atalanta,Home,6.0,1.0,4.0,A,0.0
11/03/12,1112,Genoa,Juventus,Home,4.0,0.0,0.0,D,0.0
11/03/17,1617,Genoa,Sampdoria,Home,3.0,0.0,1.0,A,0.0
11/03/18,1718,Genoa,Milan,Home,2.0,0.0,1.0,A,0.0
11/04/09,809,Genoa,Juventus,Home,7.0,3.0,2.0,H,0.0
11/04/10,910,Genoa,Sampdoria,Away,0.0,0.0,1.0,H,0.0
11/04/12,1112,Genoa,Cesena,Home,3.0,1.0,1.0,D,0.0
11/04/15,1415,Genoa,Cagliari,Home,6.0,2.0,0.0,H,0.0
11/04/2021,2021,Genoa,Juventus,Away,3.0,1.0,3.0,H,0.0
11/05/08,708,Genoa,Lazio,Home,5.0,0.0,2.0,A,0.0
11/05/14,1314,Genoa,Sassuolo,Away,3.0,2.0,4.0,H,0.0
11/05/15,1415,Genoa,Torino,Home,8.0,5.0,1.0,H,0.0
11/05/2019,1819,Genoa,Atalanta,Away,3.0,1.0,2.0,H,0.0
11/05/2025,2425,Genoa,Napoli,Away,2.0,2.0,2.0,D,0.0
11/09/11,1112,Genoa,Atalanta,Home,4.0,2.0,2.0,D,1.0
11/11/07,708,Genoa,Reggina,Away,2.0,0.0,2.0,H,0.0
11/11/12,1213,Genoa,Napoli,Home,5.0,2.0,4.0,A,0.0
11/12/10,1011,Genoa,Napoli,Home,1.0,0.0,1.0,A,0.0
11/12/16,1617,Genoa,Inter,Away,4.0,0.0,2.0,H,0.0
12/01/14,1314,Genoa,Roma,Away,0.0,0.0,4.0,H,1.0
12/01/2020,1920,Genoa,Verona,Away,3.0,1.0,2.0,H,0.0
12/01/2025,2425,Genoa,Parma,Home,4.0,1.0,0.0,H,0.0
12/01/2026,2526,Genoa,Cagliari,Home,7.0,3.0,0.0,H,0.0
12/02/12,1112,Genoa,Catania,Away,4.0,0.0,4.0,H,0.0
12/04/2026,2526,Genoa,Sassuolo,Home,7.0,2.0,1.0,H,1.0
12/05/13,1213,Genoa,Inter,Home,4.0,0.0,0.0,D,0.0
12/05/18,1718,Genoa,Benevento,Away,5.0,0.0,1.0,H,0.0
12/05/2021,2021,Genoa,Bologna,Away,9.0,2.0,0.0,A,0.0
12/05/2024,2324,Genoa,Sassuolo,Home,2.0,2.0,1.0,H,0.0
12/07/2020,1920,Genoa,Spal,Home,9.0,2.0,0.0,H,0.0
12/09/10,1011,Genoa,Chievo,Home,7.0,1.0,3.0,A,0.0
12/09/15,1516,Genoa,Fiorentina,Away,1.0,0.0,1.0,H,0.0
12/09/2021,2122,Genoa,Cagliari,Away,3.0,3.0,2.0,A,0.0
12/12/15,1516,Genoa,Bologna,Home,4.0,0.0,1.0,A,1.0
12/12/17,1718,Genoa,Atalanta,Home,4.0,1.0,2.0,A,0.0
13/01/08,708,Genoa,Lazio,Away,5.0,2.0,1.0,A,0.0
13/01/13,1213,Genoa,Cagliari,Away,5.0,1.0,2.0,H,1.0
13/01/2024,2324,Genoa,Torino,Home,6.0,0.0,0.0,D,0.0
13/02/11,1011,Genoa,Bari,Away,1.0,0.0,0.0,D,0.0
13/02/2021,2021,Genoa,Torino,Away,3.0,0.0,0.0,D,0.0
13/02/2022,2122,Genoa,Salernitana,Home,5.0,1.0,1.0,D,0.0
13/03/11,1011,Genoa,Palermo,Home,6.0,1.0,0.0,H,0.0
13/03/16,1516,Genoa,Torino,Home,6.0,3.0,2.0,H,0.0
13/03/2021,2021,Genoa,Udinese,Home,3.0,1.0,1.0,D,0.0
13/03/2022,2122,Genoa,Atalanta,Away,3.0,0.0,0.0,D,0.0
13/04/08,708,Genoa,Torino,Home,10.0,3.0,0.0,H,0.0
13/04/14,1314,Genoa,Torino,Away,4.0,1.0,2.0,H,0.0
13/04/2025,2425,Genoa,Verona,Away,1.0,0.0,0.0,D,0.0
13/05/12,1112,Genoa,Palermo,Home,2.0,2.0,0.0,H,0.0
13/09/09,910,Genoa,Napoli,Home,7.0,4.0,1.0,H,1.0
13/11/08,809,Genoa,Juventus,Away,1.0,1.0,4.0,H,0.0
13/12/09,910,Genoa,Lazio,Away,1.0,0.0,1.0,H,1.0
13/12/11,1112,Genoa,Inter,Home,1.0,0.0,1.0,A,0.0
13/12/2020,2021,Genoa,Juventus,Home,2.0,1.0,3.0,A,0.0
14/02/10,910,Genoa,Juventus,Away,2.0,2.0,3.0,H,0.0
14/02/16,1516,Genoa,Milan,Away,2.0,1.0,2.0,H,0.0
14/03/09,809,Genoa,Cagliari,Away,3.0,1.0,0.0,A,0.0
14/03/10,910,Genoa,Cagliari,Home,10.0,5.0,3.0,H,0.0
14/03/2025,2425,Genoa,Lecce,Home,2.0,2.0,1.0,H,0.0
14/04/13,1213,Genoa,Sampdoria,Home,1.0,1.0,1.0,D,0.0
14/04/18,1718,Genoa,Crotone,Home,5.0,1.0,0.0,H,0.0
14/04/2019,1819,Genoa,Sampdoria,Away,1.0,0.0,2.0,H,1.0
14/05/11,1011,Genoa,Lazio,Away,5.0,2.0,4.0,H,0.0
14/05/17,1617,Genoa,Palermo,Away,3.0,0.0,1.0,H,0.0
14/09/08,809,Genoa,Milan,Home,8.0,2.0,0.0,H,0.0
14/09/14,1415,Genoa,Fiorentina,Away,1.0,0.0,0.0,D,1.0
14/11/10,1011,Genoa,Cagliari,Away,4.0,1.0,0.0,A,0.0
14/12/08,809,Genoa,Atalanta,Home,6.0,1.0,1.0,D,1.0
14/12/14,1415,Genoa,Roma,Home,1.0,0.0,1.0,A,1.0
14/12/2019,1920,Genoa,Sampdoria,Home,1.0,0.0,1.0,A,0.0
14/12/2025,2526,Genoa,Inter,Home,3.0,1.0,2.0,A,0.0
15/01/12,1112,Genoa,Udinese,Home,12.0,3.0,2.0,H,1.0
15/01/17,1617,Genoa,Cagliari,Away,4.0,1.0,4.0,H,0.0
15/02/09,809,Genoa,Fiorentina,Home,3.0,3.0,3.0,D,1.0
15/02/12,1112,Genoa,Atalanta,Away,0.0,0.0,1.0,H,0.0
15/02/15,1415,Genoa,Verona,Home,6.0,5.0,2.0,H,0.0
15/02/2020,1920,Genoa,Bologna,Away,5.0,3.0,0.0,A,0.0
15/02/2026,2526,Genoa,Cremonese,Away,6.0,0.0,0.0,D,0.0
15/03/15,1415,Genoa,Chievo,Home,3.0,0.0,2.0,A,0.0
15/03/2026,2526,Genoa,Verona,Away,3.0,2.0,0.0,A,0.0
15/04/15,1415,Genoa,Parma,Home,4.0,2.0,0.0,H,0.0
15/04/17,1617,Genoa,Lazio,Home,6.0,2.0,2.0,D,0.0
15/04/2022,2122,Genoa,Milan,Away,1.0,0.0,2.0,H,0.0
15/04/2024,2324,Genoa,Fiorentina,Away,3.0,1.0,1.0,D,0.0
15/05/16,1516,Genoa,Atalanta,Home,2.0,1.0,2.0,A,0.0
15/05/2021,2021,Genoa,Atalanta,Home,7.0,3.0,4.0,A,0.0
15/05/2022,2122,Genoa,Napoli,Away,3.0,0.0,3.0,H,0.0
15/09/13,1314,Genoa,Sampdoria,Away,3.0,3.0,0.0,A,0.0
15/09/2019,1920,Genoa,Atalanta,Home,3.0,1.0,2.0,A,0.0
15/09/2024,2425,Genoa,Roma,Home,8.0,1.0,1.0,D,0.0
15/09/2025,2526,Genoa,Como,Away,6.0,1.0,1.0,D,0.0
15/10/17,1718,Genoa,Cagliari,Away,11.0,3.0,2.0,A,0.0
15/12/13,1314,Genoa,Atalanta,Home,3.0,1.0,1.0,D,0.0
15/12/16,1617,Genoa,Fiorentina,Home,4.0,1.0,0.0,H,0.0
15/12/2023,2324,Genoa,Juventus,Home,3.0,1.0,1.0,D,0.0
15/12/2024,2425,Genoa,Milan,Away,0.0,0.0,0.0,D,0.0
16/01/11,1011,Genoa,Udinese,Home,6.0,2.0,4.0,A,0.0
16/02/11,1011,Genoa,Sampdoria,Away,3.0,1.0,0.0,A,0.0
16/02/14,1314,Genoa,Udinese,Home,6.0,3.0,3.0,D,0.0
16/03/08,708,Genoa,Fiorentina,Away,8.0,1.0,3.0,H,0.0
16/03/14,1314,Genoa,Juventus,Home,4.0,0.0,1.0,A,0.0
16/04/16,1516,Genoa,Carpi,Away,3.0,1.0,4.0,H,1.0
16/05/10,910,Genoa,Catania,Away,4.0,0.0,1.0,H,1.0
16/07/2020,1920,Genoa,Torino,Away,4.0,0.0,3.0,H,0.0
16/09/07,708,Genoa,Livorno,Home,3.0,1.0,1.0,D,1.0
16/09/12,1213,Genoa,Juventus,Home,4.0,1.0,3.0,A,0.0
16/09/2018,1819,Genoa,Bologna,Home,5.0,1.0,0.0,H,0.0
16/09/2023,2324,Genoa,Napoli,Home,3.0,2.0,2.0,D,0.0
16/10/10,1011,Genoa,Roma,Away,2.0,1.0,2.0,H,0.0
16/10/11,1112,Genoa,Lecce,Home,6.0,0.0,0.0,D,1.0
16/10/16,1617,Genoa,Empoli,Home,3.0,0.0,0.0,D,1.0
16/12/07,708,Genoa,Empoli,Away,2.0,1.0,1.0,D,0.0
16/12/12,1213,Genoa,Torino,Home,6.0,1.0,1.0,D,0.0
16/12/2018,1819,Genoa,Roma,Away,8.0,2.0,3.0,H,0.0
16/12/2020,2021,Genoa,Milan,Home,4.0,2.0,2.0,D,0.0
17/01/10,910,Genoa,Roma,Away,1.0,0.0,3.0,H,0.0
17/01/16,1516,Genoa,Palermo,Home,10.0,4.0,0.0,H,0.0
17/01/2021,2021,Genoa,Atalanta,Away,3.0,0.0,0.0,D,0.0
17/01/2022,2122,Genoa,Fiorentina,Away,0.0,0.0,6.0,H,0.0
17/01/2025,2425,Genoa,Roma,Away,3.0,1.0,3.0,H,0.0
17/02/08,708,Genoa,Sampdoria,Home,2.0,0.0,1.0,A,1.0
17/02/13,1213,Genoa,Udinese,Home,5.0,1.0,0.0,H,0.0
17/02/18,1718,Genoa,Inter,Home,2.0,2.0,0.0,H,0.0
17/02/2019,1819,Genoa,Lazio,Home,6.0,2.0,1.0,H,0.0
17/02/2024,2324,Genoa,Napoli,Away,4.0,1.0,1.0,D,0.0
17/02/2025,2425,Genoa,Venezia,Home,5.0,2.0,0.0,H,0.0
17/03/13,1213,Genoa,Fiorentina,Away,3.0,2.0,3.0,H,1.0
17/03/2019,1819,Genoa,Juventus,Home,5.0,2.0,0.0,H,0.0
17/03/2024,2324,Genoa,Juventus,Away,2.0,0.0,0.0,D,0.0
17/04/11,1011,Genoa,Brescia,Home,4.0,3.0,0.0,H,0.0
17/05/09,809,Genoa,Chievo,Home,8.0,2.0,2.0,D,0.0
17/05/15,1415,Genoa,Atalanta,Away,7.0,4.0,1.0,A,0.0
17/05/2025,2425,Genoa,Atalanta,Home,5.0,2.0,3.0,A,0.0
17/05/2026,2526,Genoa,Milan,Home,2.0,1.0,2.0,A,0.0
17/08/2024,2425,Genoa,Inter,Home,6.0,2.0,2.0,D,0.0
17/09/17,1718,Genoa,Lazio,Home,4.0,2.0,3.0,A,0.0
17/10/09,910,Genoa,Inter,Home,2.0,0.0,5.0,A,1.0
17/10/2021,2122,Genoa,Sassuolo,Home,4.0,2.0,2.0,D,0.0
17/12/17,1718,Genoa,Fiorentina,Away,3.0,0.0,0.0,D,0.0
17/12/2021,2122,Genoa,Lazio,Away,2.0,1.0,3.0,H,0.0
18/01/09,809,Genoa,Lecce,Away,6.0,2.0,0.0,A,0.0
18/01/15,1415,Genoa,Sassuolo,Home,7.0,3.0,3.0,D,0.0
18/01/2026,2526,Genoa,Parma,Away,3.0,0.0,0.0,D,0.0
18/03/17,1617,Genoa,Milan,Away,2.0,0.0,1.0,H,0.0
18/03/18,1718,Genoa,Napoli,Away,3.0,0.0,1.0,H,0.0
18/03/2022,2122,Genoa,Torino,Home,2.0,1.0,0.0,H,1.0
18/04/09,809,Genoa,Lazio,Home,3.0,0.0,1.0,A,0.0
18/04/10,910,Genoa,Parma,Away,6.0,3.0,2.0,A,0.0
18/04/18,1718,Genoa,Roma,Away,1.0,1.0,2.0,H,0.0
18/04/2021,2021,Genoa,Milan,Away,6.0,1.0,2.0,H,0.0
18/05/08,708,Genoa,Atalanta,Away,2.0,0.0,2.0,H,2.0
18/05/14,1314,Genoa,Roma,Home,3.0,1.0,0.0,H,0.0
18/05/2019,1819,Genoa,Cagliari,Home,9.0,1.0,1.0,D,1.0
18/09/11,1112,Genoa,Lazio,Away,4.0,2.0,1.0,A,0.0
18/09/16,1617,Genoa,Sassuolo,Away,5.0,0.0,2.0,H,1.0
18/09/2021,2122,Genoa,Fiorentina,Home,3.0,1.0,2.0,A,0.0
18/10/15,1516,Genoa,Chievo,Home,6.0,3.0,2.0,H,1.0
18/11/12,1213,Genoa,Sampdoria,Away,7.0,1.0,3.0,H,0.0
18/12/11,1112,Genoa,Bologna,Home,5.0,2.0,1.0,H,0.0
18/12/16,1617,Genoa,Palermo,Home,6.0,3.0,4.0,A,1.0
19/01/08,708,Genoa,Atalanta,Home,7.0,2.0,1.0,H,0.0
19/01/14,1314,Genoa,Inter,Home,6.0,1.0,0.0,H,0.0
19/01/2020,1920,Genoa,Roma,Home,8.0,1.0,3.0,A,0.0
19/02/12,1112,Genoa,Chievo,Home,4.0,0.0,1.0,A,0.0
19/02/17,1617,Genoa,Pescara,Away,2.0,0.0,5.0,H,0.0
19/03/08,708,Genoa,Inter,Home,6.0,1.0,1.0,D,0.0
19/03/12,1112,Genoa,Roma,Away,4.0,0.0,1.0,H,0.0
19/03/2021,2021,Genoa,Parma,Away,3.0,2.0,1.0,A,0.0
19/04/14,1314,Genoa,Cagliari,Home,3.0,1.0,2.0,A,0.0
19/04/15,1415,Genoa,Palermo,Away,1.0,1.0,2.0,H,0.0
19/04/2024,2324,Genoa,Lazio,Home,2.0,0.0,1.0,A,0.0
19/04/2026,2526,Genoa,Pisa,Away,5.0,2.0,1.0,A,0.0
19/05/13,1213,Genoa,Bologna,Away,2.0,0.0,0.0,D,0.0
19/05/2024,2324,Genoa,Roma,Away,4.0,0.0,1.0,H,0.0
19/07/2020,1920,Genoa,Lecce,Home,5.0,2.0,1.0,H,0.0
19/08/2023,2324,Genoa,Fiorentina,Home,2.0,1.0,4.0,A,0.0
19/09/10,1011,Genoa,Parma,Away,3.0,1.0,1.0,D,0.0
19/10/08,809,Genoa,Siena,Home,6.0,1.0,0.0,H,0.0
19/10/2020,2021,Genoa,Verona,Away,2.0,0.0,0.0,D,0.0
19/10/2024,2425,Genoa,Bologna,Home,4.0,2.0,2.0,D,0.0
19/10/2025,2526,Genoa,Parma,Home,7.0,0.0,0.0,D,0.0
19/11/17,1718,Genoa,Crotone,Away,7.0,1.0,0.0,A,0.0
20/01/10,910,Genoa,Bari,Home,7.0,1.0,1.0,D,0.0
20/01/13,1213,Genoa,Catania,Home,4.0,0.0,2.0,A,0.0
20/02/10,910,Genoa,Udinese,Home,5.0,3.0,0.0,H,0.0
20/02/11,1011,Genoa,Roma,Home,9.0,4.0,3.0,H,1.0
20/02/2021,2021,Genoa,Verona,Home,4.0,2.0,2.0,D,0.0
20/02/2022,2122,Genoa,Venezia,Away,3.0,1.0,1.0,D,0.0
20/03/10,910,Genoa,Fiorentina,Away,0.0,0.0,3.0,H,0.0
20/03/11,1011,Genoa,Bologna,Away,5.0,1.0,1.0,D,0.0
20/03/16,1516,Genoa,Napoli,Away,2.0,1.0,3.0,H,0.0
20/03/2026,2526,Genoa,Udinese,Home,2.0,0.0,2.0,A,0.0
20/04/08,708,Genoa,Siena,Away,4.0,1.0,0.0,A,1.0
20/04/13,1213,Genoa,Atalanta,Home,4.0,1.0,1.0,D,0.0
20/04/16,1516,Genoa,Inter,Home,5.0,1.0,0.0,H,0.0
20/04/2019,1819,Genoa,Torino,Home,4.0,0.0,1.0,A,0.0
20/05/18,1718,Genoa,Torino,Home,2.0,1.0,2.0,A,0.0
20/08/17,1718,Genoa,Sassuolo,Away,4.0,0.0,0.0,D,0.0
20/09/09,910,Genoa,Chievo,Away,5.0,1.0,3.0,H,0.0
20/09/15,1516,Genoa,Juventus,Home,0.0,0.0,2.0,A,1.0
20/09/17,1718,Genoa,Chievo,Home,2.0,1.0,1.0,D,0.0
20/09/2019,1920,Genoa,Cagliari,Away,2.0,1.0,3.0,H,0.0
20/09/2020,2021,Genoa,Crotone,Home,8.0,4.0,1.0,H,0.0
20/09/2025,2526,Genoa,Bologna,Away,4.0,1.0,2.0,H,0.0
20/10/13,1314,Genoa,Chievo,Home,5.0,2.0,1.0,H,0.0
20/10/14,1415,Genoa,Empoli,Home,3.0,1.0,1.0,D,0.0
20/10/2018,1819,Genoa,Juventus,Away,2.0,1.0,1.0,D,0.0
20/10/2019,1920,Genoa,Parma,Away,6.0,1.0,5.0,H,0.0
20/11/11,1112,Genoa,Novara,Home,4.0,1.0,0.0,H,1.0
20/11/16,1617,Genoa,Lazio,Away,3.0,1.0,3.0,H,1.0
20/12/15,1516,Genoa,Roma,Away,4.0,0.0,2.0,H,0.0
20/12/2020,2021,Genoa,Benevento,Away,2.0,0.0,2.0,H,0.0
21/01/2019,1819,Genoa,Milan,Home,7.0,0.0,2.0,A,0.0
21/01/2024,2324,Genoa,Salernitana,Away,5.0,2.0,1.0,A,0.0
21/02/16,1516,Genoa,Udinese,Home,8.0,2.0,1.0,H,0.0
21/04/2021,2021,Genoa,Benevento,Home,5.0,2.0,2.0,D,0.0
21/05/17,1617,Genoa,Torino,Home,4.0,2.0,1.0,H,0.0
21/05/2022,2122,Genoa,Bologna,Home,5.0,0.0,1.0,A,0.0
21/08/16,1617,Genoa,Cagliari,Home,6.0,3.0,1.0,H,0.0
21/08/2021,2122,Genoa,Inter,Away,5.0,0.0,4.0,H,0.0
21/09/08,809,Genoa,Palermo,Away,3.0,1.0,2.0,H,0.0
21/09/11,1112,Genoa,Catania,Home,10.0,3.0,0.0,H,0.0
21/09/13,1314,Genoa,Livorno,Home,4.0,0.0,0.0,D,0.0
21/09/14,1415,Genoa,Lazio,Home,4.0,1.0,0.0,H,0.0
21/09/16,1617,Genoa,Napoli,Home,5.0,0.0,0.0,D,0.0
21/09/2021,2122,Genoa,Bologna,Away,6.0,2.0,2.0,D,0.0
21/09/2024,2425,Genoa,Venezia,Away,0.0,0.0,2.0,H,0.0
21/10/07,708,Genoa,Juventus,Away,2.0,0.0,1.0,H,0.0
21/10/12,1213,Genoa,Roma,Home,4.0,2.0,4.0,A,0.0
21/11/10,1011,Genoa,Juventus,Home,4.0,0.0,2.0,A,0.0
21/11/2021,2122,Genoa,Roma,Home,1.0,0.0,2.0,A,0.0
21/12/08,809,Genoa,Chievo,Away,3.0,1.0,0.0,A,0.0
21/12/11,1112,Genoa,Napoli,Away,5.0,1.0,6.0,H,0.0
21/12/14,1415,Genoa,Torino,Away,4.0,1.0,2.0,H,0.0
21/12/2019,1920,Genoa,Inter,Away,4.0,0.0,4.0,H,0.0
21/12/2021,2122,Genoa,Atalanta,Home,0.0,0.0,0.0,D,0.0
21/12/2024,2425,Genoa,Napoli,Home,3.0,1.0,2.0,A,0.0
21/12/2025,2526,Genoa,Atalanta,Home,3.0,0.0,1.0,A,1.0
22/01/11,1011,Genoa,Chievo,Away,2.0,0.0,0.0,D,0.0
22/01/12,1112,Genoa,Palermo,Away,6.0,3.0,5.0,H,0.0
22/01/17,1617,Genoa,Crotone,Home,4.0,2.0,2.0,D,0.0
22/01/18,1718,Genoa,Juventus,Away,0.0,0.0,1.0,H,0.0
22/01/2022,2122,Genoa,Udinese,Home,3.0,0.0,0.0,D,1.0
22/02/09,809,Genoa,Napoli,Away,4.0,1.0,0.0,A,0.0
22/02/2025,2425,Genoa,Inter,Away,2.0,0.0,1.0,H,0.0
22/02/2026,2526,Genoa,Torino,Home,5.0,3.0,0.0,H,0.0
22/03/08,708,Genoa,Palermo,Away,6.0,3.0,2.0,A,0.0
22/03/09,809,Genoa,Udinese,Home,5.0,2.0,0.0,H,0.0
22/03/15,1415,Genoa,Juventus,Away,1.0,0.0,1.0,H,0.0
22/04/12,1112,Genoa,Siena,Home,4.0,1.0,4.0,A,0.0
22/05/11,1011,Genoa,Cesena,Home,7.0,3.0,2.0,H,0.0
22/05/2021,2021,Genoa,Cagliari,Away,5.0,1.0,0.0,A,1.0
22/07/2020,1920,Genoa,Sampdoria,Away,5.0,2.0,1.0,A,0.0
22/09/10,1011,Genoa,Fiorentina,Home,8.0,1.0,1.0,D,0.0
22/09/2023,2324,Genoa,Lecce,Away,1.0,0.0,1.0,H,1.0
22/10/11,1112,Genoa,Juventus,Away,5.0,2.0,2.0,D,0.0
22/10/16,1617,Genoa,Sampdoria,Away,5.0,1.0,2.0,H,0.0
22/10/17,1718,Genoa,Milan,Away,2.0,0.0,0.0,D,0.0
22/10/2021,2122,Genoa,Torino,Away,4.0,2.0,3.0,H,0.0
22/10/2023,2324,Genoa,Atalanta,Away,4.0,0.0,2.0,H,0.0
22/11/09,910,Genoa,Livorno,Away,4.0,1.0,2.0,H,0.0
22/11/15,1516,Genoa,Sassuolo,Home,3.0,2.0,1.0,H,1.0
22/11/2020,2021,Genoa,Udinese,Away,1.0,0.0,1.0,H,1.0
22/11/2025,2526,Genoa,Cagliari,Away,8.0,3.0,3.0,D,1.0
22/12/07,708,Genoa,Parma,Home,5.0,1.0,0.0,H,0.0
22/12/12,1213,Genoa,Inter,Away,2.0,1.0,1.0,D,0.0
22/12/13,1314,Genoa,Bologna,Away,1.0,0.0,1.0,H,0.0
22/12/16,1617,Genoa,Torino,Away,4.0,0.0,1.0,H,0.0
22/12/2018,1819,Genoa,Atalanta,Home,7.0,3.0,1.0,H,0.0
22/12/2023,2324,Genoa,Sassuolo,Away,5.0,2.0,1.0,A,0.0
23/02/13,1213,Genoa,Palermo,Away,5.0,0.0,0.0,D,0.0
23/02/2020,1920,Genoa,Lazio,Home,9.0,2.0,3.0,A,0.0
23/03/14,1314,Genoa,Parma,Away,2.0,1.0,1.0,D,0.0
23/04/11,1011,Genoa,Lecce,Home,8.0,4.0,2.0,H,0.0
23/04/17,1617,Genoa,Juventus,Away,2.0,0.0,4.0,H,0.0
23/04/18,1718,Genoa,Verona,Home,8.0,3.0,1.0,H,0.0
23/04/2025,2425,Genoa,Lazio,Home,4.0,0.0,2.0,A,1.0
23/05/15,1415,Genoa,Inter,Home,7.0,3.0,2.0,H,0.0
23/06/2020,1920,Genoa,Parma,Home,3.0,1.0,4.0,A,0.0
23/08/09,910,Genoa,Roma,Home,7.0,3.0,2.0,H,0.0
23/08/15,1516,Genoa,Palermo,Away,3.0,0.0,1.0,H,0.0
23/08/2025,2526,Genoa,Lecce,Home,2.0,0.0,0.0,D,0.0
23/09/07,708,Genoa,Sampdoria,Away,0.0,0.0,0.0,D,0.0
23/09/12,1213,Genoa,Lazio,Away,3.0,1.0,0.0,A,0.0
23/09/15,1516,Genoa,Lazio,Away,3.0,0.0,2.0,H,2.0
23/09/2018,1819,Genoa,Lazio,Away,4.0,1.0,4.0,H,0.0
23/11/08,809,Genoa,Lazio,Away,4.0,1.0,1.0,D,0.0
23/11/13,1314,Genoa,Milan,Away,1.0,1.0,1.0,D,1.0
23/12/17,1718,Genoa,Benevento,Home,5.0,1.0,0.0,H,0.0
23/12/2020,2021,Genoa,Spezia,Away,6.0,2.0,1.0,A,0.0
24/01/10,910,Genoa,Atalanta,Home,4.0,2.0,0.0,H,0.0
24/01/16,1516,Genoa,Verona,Away,2.0,1.0,1.0,D,0.0
24/01/2021,2021,Genoa,Cagliari,Home,6.0,1.0,0.0,H,0.0
24/02/08,708,Genoa,Udinese,Away,9.0,5.0,3.0,A,0.0
24/02/14,1314,Genoa,Napoli,Away,5.0,1.0,1.0,D,0.0
24/02/15,1415,Genoa,Sampdoria,Away,4.0,1.0,1.0,D,0.0
24/02/18,1718,Genoa,Bologna,Away,3.0,0.0,2.0,H,0.0
24/02/2019,1819,Genoa,Chievo,Away,2.0,0.0,0.0,D,0.0
24/02/2024,2324,Genoa,Udinese,Home,4.0,2.0,0.0,H,0.0
24/03/10,910,Genoa,Palermo,Home,5.0,2.0,2.0,D,0.0
24/04/16,1516,Genoa,Bologna,Away,3.0,0.0,2.0,H,0.0
24/04/2021,2021,Genoa,Spezia,Home,6.0,2.0,0.0,H,0.0
24/04/2022,2122,Genoa,Cagliari,Home,2.0,1.0,0.0,H,0.0
24/05/09,809,Genoa,Torino,Away,9.0,3.0,2.0,A,0.0
24/05/2024,2324,Genoa,Bologna,Home,3.0,2.0,0.0,H,0.0
24/05/2025,2425,Genoa,Bologna,Away,3.0,3.0,1.0,A,0.0
24/05/2026,2526,Genoa,Lecce,Away,1.0,0.0,1.0,H,0.0
24/08/2024,2425,Genoa,Monza,Away,1.0,1.0,0.0,A,0.0
24/09/08,809,Genoa,Roma,Home,6.0,3.0,1.0,H,0.0
24/09/09,910,Genoa,Juventus,Home,3.0,2.0,2.0,D,0.0
24/09/13,1314,Genoa,Udinese,Away,1.0,0.0,1.0,H,0.0
24/09/14,1415,Genoa,Verona,Away,9.0,2.0,2.0,D,0.0
24/09/17,1718,Genoa,Inter,Away,3.0,0.0,1.0,H,2.0
24/10/10,1011,Genoa,Catania,Home,4.0,1.0,0.0,H,0.0
24/10/15,1516,Genoa,Empoli,Away,3.0,0.0,2.0,H,0.0
24/10/2020,2021,Genoa,Inter,Home,0.0,0.0,2.0,A,0.0
24/11/07,708,Genoa,Roma,Home,2.0,0.0,1.0,A,0.0
24/11/14,1415,Genoa,Palermo,Home,2.0,1.0,1.0,D,0.0
24/11/2024,2425,Genoa,Cagliari,Home,6.0,2.0,2.0,D,0.0
25/01/09,809,Genoa,Catania,Home,3.0,1.0,1.0,D,1.0
25/01/2020,1920,Genoa,Fiorentina,Away,6.0,0.0,0.0,D,0.0
25/01/2026,2526,Genoa,Bologna,Home,6.0,3.0,2.0,H,0.0
25/02/12,1112,Genoa,Parma,Home,5.0,2.0,2.0,D,0.0
25/02/2022,2122,Genoa,Inter,Home,1.0,0.0,0.0,D,0.0
25/03/12,1112,Genoa,Fiorentina,Home,3.0,2.0,2.0,D,0.0
25/04/10,910,Genoa,Lazio,Home,5.0,1.0,2.0,A,1.0
25/04/12,1112,Genoa,Milan,Away,1.0,0.0,1.0,H,1.0
25/07/2020,1920,Genoa,Inter,Home,2.0,0.0,3.0,A,0.0
25/08/13,1314,Genoa,Inter,Away,0.0,0.0,2.0,H,0.0
25/08/2019,1920,Genoa,Roma,Away,4.0,3.0,3.0,D,0.0
25/09/10,1011,Genoa,Milan,Away,2.0,0.0,1.0,H,0.0
25/09/11,1112,Genoa,Chievo,Away,4.0,1.0,2.0,H,1.0
25/09/16,1617,Genoa,Pescara,Home,4.0,1.0,1.0,D,2.0
25/09/2019,1920,Genoa,Bologna,Home,4.0,0.0,0.0,D,0.0
25/09/2021,2122,Genoa,Verona,Home,4.0,3.0,3.0,D,0.0
25/10/09,910,Genoa,Cagliari,Away,3.0,2.0,3.0,H,1.0
25/10/16,1617,Genoa,Milan,Home,3.0,3.0,0.0,H,0.0
25/10/17,1718,Genoa,Napoli,Home,4.0,2.0,3.0,A,0.0
25/11/12,1213,Genoa,Atalanta,Away,2.0,1.0,0.0,A,1.0
25/11/2018,1819,Genoa,Sampdoria,Home,5.0,1.0,1.0,D,0.0
25/11/2019,1920,Genoa,Spal,Away,6.0,1.0,1.0,D,0.0
26/01/13,1213,Genoa,Juventus,Away,1.0,1.0,1.0,D,0.0
26/01/14,1314,Genoa,Fiorentina,Away,3.0,3.0,3.0,D,0.0
26/01/15,1415,Genoa,Napoli,Away,5.0,1.0,2.0,H,0.0
26/02/17,1617,Genoa,Bologna,Home,6.0,1.0,1.0,D,0.0
26/03/14,1314,Genoa,Lazio,Home,6.0,2.0,0.0,H,0.0
26/04/09,809,Genoa,Bologna,Away,4.0,0.0,2.0,H,0.0
26/04/15,1415,Genoa,Cesena,Home,5.0,3.0,1.0,H,0.0
26/04/2026,2526,Genoa,Como,Home,1.0,0.0,2.0,A,0.0
26/05/2019,1819,Genoa,Fiorentina,Away,1.0,0.0,0.0,D,0.0
26/08/07,708,Genoa,Milan,Home,4.0,0.0,3.0,A,0.0
26/08/12,1213,Genoa,Cagliari,Home,4.0,2.0,0.0,H,0.0
26/08/17,1718,Genoa,Juventus,Home,3.0,2.0,4.0,A,0.0
26/08/2018,1819,Genoa,Empoli,Home,4.0,2.0,1.0,H,0.0
26/09/07,708,Genoa,Udinese,Home,6.0,3.0,2.0,H,1.0
26/09/12,1213,Genoa,Parma,Home,5.0,1.0,1.0,D,0.0
26/09/2018,1819,Genoa,Chievo,Home,5.0,2.0,0.0,H,0.0
26/10/08,809,Genoa,Inter,Away,5.0,0.0,0.0,D,1.0
26/10/11,1112,Genoa,Roma,Home,5.0,2.0,1.0,H,0.0
26/10/14,1415,Genoa,Chievo,Away,4.0,2.0,1.0,A,0.0
26/10/2019,1920,Genoa,Brescia,Home,11.0,3.0,1.0,H,0.0
26/10/2021,2122,Genoa,Spezia,Away,2.0,1.0,1.0,D,0.0
26/10/2025,2526,Genoa,Torino,Away,3.0,1.0,2.0,H,0.0
26/11/17,1718,Genoa,Roma,Home,4.0,1.0,1.0,D,0.0
26/11/2023,2324,Genoa,Frosinone,Away,3.0,1.0,2.0,H,0.0
26/12/2018,1819,Genoa,Cagliari,Away,4.0,0.0,1.0,H,0.0
27/01/08,708,Genoa,Milan,Away,3.0,0.0,2.0,H,1.0
27/01/2025,2425,Genoa,Monza,Home,6.0,2.0,0.0,H,0.0
27/02/08,708,Genoa,Napoli,Home,4.0,2.0,0.0,H,0.0
27/02/11,1011,Genoa,Catania,Away,5.0,1.0,2.0,H,2.0
27/04/08,708,Genoa,Empoli,Home,2.0,0.0,1.0,A,1.0
27/04/14,1314,Genoa,Atalanta,Away,2.0,1.0,1.0,D,1.0
27/04/2025,2425,Genoa,Como,Away,1.0,0.0,1.0,H,0.0
27/06/2020,1920,Genoa,Brescia,Away,8.0,2.0,2.0,D,0.0
27/08/2023,2324,Genoa,Lazio,Away,3.0,1.0,0.0,A,0.0
27/09/08,809,Genoa,Fiorentina,Away,2.0,0.0,1.0,H,0.0
27/09/09,910,Genoa,Udinese,Away,0.0,0.0,2.0,H,0.0
27/09/15,1516,Genoa,Milan,Home,2.0,1.0,0.0,H,0.0
27/09/2020,2021,Genoa,Napoli,Away,1.0,0.0,6.0,H,0.0
27/10/12,1213,Genoa,Milan,Away,3.0,0.0,1.0,H,0.0
27/10/13,1314,Genoa,Juventus,Away,0.0,0.0,2.0,H,0.0
27/10/2023,2324,Genoa,Salernitana,Home,4.0,1.0,0.0,H,0.0
27/10/2024,2425,Genoa,Lazio,Away,2.0,0.0,3.0,H,0.0
27/11/11,1112,Genoa,Cesena,Away,3.0,0.0,2.0,H,0.0
27/11/16,1617,Genoa,Juventus,Home,6.0,3.0,1.0,H,0.0
28/01/09,809,Genoa,Milan,Away,4.0,1.0,1.0,D,0.0
28/01/18,1718,Genoa,Udinese,Home,2.0,0.0,1.0,A,0.0
28/01/2019,1819,Genoa,Empoli,Away,7.0,3.0,1.0,A,0.0
28/01/2024,2324,Genoa,Lecce,Home,7.0,2.0,1.0,H,0.0
28/02/10,910,Genoa,Bologna,Home,6.0,3.0,4.0,A,0.0
28/02/16,1516,Genoa,Chievo,Away,4.0,0.0,1.0,H,0.0
28/02/2021,2021,Genoa,Inter,Away,2.0,0.0,3.0,H,0.0
28/02/2026,2526,Genoa,Inter,Away,2.0,0.0,2.0,H,0.0
28/03/10,910,Genoa,Siena,Away,5.0,0.0,0.0,D,0.0
28/04/13,1213,Genoa,Chievo,Away,3.0,1.0,0.0,A,0.0
28/04/2019,1819,Genoa,Spal,Away,5.0,1.0,1.0,D,0.0
28/05/17,1617,Genoa,Roma,Away,4.0,2.0,3.0,H,0.0
28/08/10,1011,Genoa,Udinese,Away,4.0,1.0,0.0,A,0.0
28/08/16,1617,Genoa,Crotone,Away,8.0,3.0,1.0,A,0.0
28/09/13,1314,Genoa,Napoli,Home,2.0,0.0,2.0,A,0.0
28/09/14,1415,Genoa,Sampdoria,Home,4.0,0.0,1.0,A,0.0
28/09/2023,2324,Genoa,Roma,Home,4.0,4.0,1.0,H,0.0
28/09/2024,2425,Genoa,Juventus,Home,2.0,0.0,3.0,A,0.0
28/10/07,708,Genoa,Fiorentina,Home,4.0,0.0,0.0,D,0.0
28/10/09,910,Genoa,Fiorentina,Home,5.0,2.0,1.0,H,0.0
28/10/15,1516,Genoa,Torino,Away,4.0,3.0,3.0,D,0.0
28/10/2018,1819,Genoa,Udinese,Home,5.0,2.0,2.0,D,1.0
28/11/09,910,Genoa,Sampdoria,Home,5.0,3.0,0.0,H,1.0
28/11/10,1011,Genoa,Brescia,Away,0.0,0.0,0.0,D,0.0
28/11/2021,2122,Genoa,Udinese,Away,2.0,0.0,0.0,D,0.0
28/12/2024,2425,Genoa,Empoli,Away,5.0,2.0,1.0,A,0.0
29/01/12,1112,Genoa,Napoli,Home,4.0,3.0,2.0,H,0.0
29/01/17,1617,Genoa,Fiorentina,Away,3.0,3.0,3.0,D,0.0
29/03/2025,2425,Genoa,Juventus,Away,3.0,0.0,1.0,H,0.0
29/04/12,1112,Genoa,Bologna,Away,6.0,2.0,3.0,H,0.0
29/04/15,1415,Genoa,Milan,Away,9.0,3.0,1.0,A,0.0
29/04/18,1718,Genoa,Atalanta,Away,3.0,1.0,3.0,H,0.0
29/04/2024,2324,Genoa,Cagliari,Home,5.0,3.0,0.0,H,0.0
29/07/2020,1920,Genoa,Sassuolo,Away,3.0,0.0,5.0,H,0.0
29/08/2021,2122,Genoa,Napoli,Home,3.0,1.0,2.0,A,0.0
29/09/2019,1920,Genoa,Lazio,Away,6.0,0.0,4.0,H,0.0
29/09/2025,2526,Genoa,Lazio,Home,5.0,0.0,3.0,A,0.0
29/10/08,809,Genoa,Cagliari,Home,6.0,2.0,1.0,H,0.0
29/10/10,1011,Genoa,Inter,Home,6.0,0.0,1.0,A,0.0
29/10/14,1415,Genoa,Juventus,Home,3.0,1.0,0.0,H,0.0
29/10/17,1718,Genoa,Spal,Away,2.0,0.0,1.0,H,0.0
29/10/2025,2526,Genoa,Cremonese,Home,1.0,0.0,2.0,A,0.0
29/11/15,1516,Genoa,Carpi,Home,3.0,1.0,2.0,A,1.0
29/11/2025,2526,Genoa,Verona,Home,4.0,2.0,1.0,H,0.0
29/12/2018,1819,Genoa,Fiorentina,Home,3.0,0.0,0.0,D,0.0
29/12/2023,2324,Genoa,Inter,Home,4.0,1.0,1.0,D,0.0
29/12/2025,2526,Genoa,Roma,Away,2.0,1.0,3.0,H,0.0
30/01/10,910,Genoa,Napoli,Away,1.0,0.0,0.0,D,0.0
30/01/11,1011,Genoa,Parma,Home,5.0,3.0,1.0,H,0.0
30/01/2026,2526,Genoa,Lazio,Away,4.0,2.0,3.0,H,0.0
30/03/08,708,Genoa,Reggina,Home,8.0,2.0,0.0,H,0.0
30/03/13,1213,Genoa,Siena,Home,8.0,2.0,2.0,D,0.0
30/03/14,1314,Genoa,Verona,Away,3.0,0.0,3.0,H,0.0
30/03/2019,1819,Genoa,Udinese,Away,6.0,0.0,2.0,H,0.0
30/03/2024,2324,Genoa,Frosinone,Home,3.0,1.0,1.0,D,0.0
30/04/11,1011,Genoa,Napoli,Away,1.0,0.0,1.0,H,0.0
30/04/17,1617,Genoa,Chievo,Home,1.0,1.0,2.0,A,0.0
30/04/2022,2122,Genoa,Sampdoria,Away,4.0,0.0,1.0,H,0.0
30/06/2020,1920,Genoa,Juventus,Home,2.0,1.0,3.0,A,0.0
30/08/09,910,Genoa,Atalanta,Away,3.0,1.0,0.0,A,0.0
30/08/15,1516,Genoa,Verona,Home,6.0,2.0,0.0,H,0.0
30/09/07,708,Genoa,Napoli,Away,4.0,2.0,1.0,A,0.0
30/09/12,1213,Genoa,Udinese,Away,3.0,0.0,0.0,D,0.0
30/09/17,1718,Genoa,Bologna,Home,7.0,0.0,1.0,A,0.0
30/09/2018,1819,Genoa,Frosinone,Away,5.0,2.0,1.0,A,0.0
30/10/11,1112,Genoa,Fiorentina,Away,2.0,0.0,1.0,H,0.0
30/10/13,1314,Genoa,Parma,Home,5.0,1.0,0.0,H,0.0
30/10/16,1617,Genoa,Atalanta,Away,2.0,0.0,3.0,H,0.0
30/10/2019,1920,Genoa,Juventus,Away,3.0,1.0,2.0,H,2.0
30/11/08,809,Genoa,Bologna,Home,4.0,1.0,1.0,D,0.0
30/11/13,1314,Genoa,Torino,Home,7.0,1.0,1.0,D,0.0
30/11/14,1415,Genoa,Cesena,Away,5.0,3.0,0.0,A,0.0
30/11/2019,1920,Genoa,Torino,Home,3.0,0.0,1.0,A,0.0
30/11/2020,2021,Genoa,Parma,Home,5.0,1.0,2.0,A,0.0
30/12/17,1718,Genoa,Torino,Away,1.0,0.0,0.0,D,0.0
31/01/15,1415,Genoa,Fiorentina,Home,4.0,1.0,1.0,D,1.0
31/01/16,1516,Genoa,Fiorentina,Home,2.0,0.0,0.0,D,0.0
31/01/2021,2021,Genoa,Crotone,Away,6.0,3.0,0.0,A,0.0
31/03/18,1718,Genoa,Spal,Home,2.0,1.0,1.0,D,0.0
31/05/09,809,Genoa,Lecce,Home,6.0,4.0,1.0,H,0.0
31/05/15,1415,Genoa,Sassuolo,Away,7.0,1.0,3.0,H,1.0
31/08/08,809,Genoa,Catania,Away,3.0,0.0,1.0,H,0.0
31/08/14,1415,Genoa,Napoli,Home,5.0,1.0,2.0,A,0.0
31/08/2025,2526,Genoa,Juventus,Home,1.0,0.0,1.0,A,0.0
31/10/07,708,Genoa,Inter,Away,6.0,1.0,4.0,H,0.0
31/10/2018,1819,Genoa,Milan,Away,2.0,1.0,2.0,H,0.0
31/10/2021,2122,Genoa,Venezia,Home,4.0,0.0,0.0,D,0.0
31/10/2024,2425,Genoa,Fiorentina,Home,4.0,0.0,1.0,A,0.0
01/02/09,809,Inter,Torino,Home,6.0,1.0,1.0,D,0.0
01/02/12,1112,Inter,Palermo,Home,4.0,4.0,4.0,D,0.0
01/02/15,1415,Inter,Sassuolo,Away,4.0,1.0,3.0,H,1.0
01/02/2026,2526,Inter,Cremonese,Away,4.0,2.0,0.0,A,0.0
01/03/09,809,Inter,Roma,Home,8.0,3.0,3.0,D,0.0
01/03/14,1314,Inter,Roma,Away,1.0,0.0,0.0,D,0.0
01/03/15,1415,Inter,Fiorentina,Home,5.0,0.0,1.0,A,0.0
01/03/2019,1819,Inter,Cagliari,Away,7.0,1.0,2.0,H,0.0
01/03/2025,2425,Inter,Napoli,Away,1.0,1.0,1.0,D,0.0
01/04/06,506,Inter,Messina,Home,7.0,3.0,0.0,H,0.0
01/04/07,607,Inter,Parma,Home,9.0,2.0,0.0,H,0.0
01/04/12,1112,Inter,Genoa,Home,9.0,5.0,4.0,H,1.0
01/04/2023,2223,Inter,Fiorentina,Home,3.0,0.0,1.0,A,0.0
01/04/2024,2324,Inter,Empoli,Home,7.0,2.0,0.0,H,0.0
01/05/16,1516,Inter,Lazio,Away,4.0,0.0,2.0,H,1.0
01/05/2021,2021,Inter,Crotone,Away,10.0,2.0,0.0,A,0.0
01/05/2022,2122,Inter,Udinese,Away,5.0,2.0,1.0,A,0.0
01/07/2020,1920,Inter,Brescia,Home,12.0,6.0,0.0,H,0.0
01/08/2020,1920,Inter,Atalanta,Away,4.0,2.0,0.0,A,0.0
01/09/07,708,Inter,Empoli,Away,7.0,2.0,0.0,A,0.0
01/09/13,1314,Inter,Catania,Away,7.0,3.0,0.0,A,0.0
01/09/2018,1819,Inter,Bologna,Away,4.0,3.0,0.0,A,0.0
01/09/2019,1920,Inter,Cagliari,Away,8.0,2.0,1.0,A,0.0
01/10/06,607,Inter,Cagliari,Away,5.0,1.0,1.0,D,0.0
01/10/11,1112,Inter,Napoli,Home,2.0,0.0,3.0,A,1.0
01/10/17,1718,Inter,Benevento,Away,7.0,2.0,1.0,A,0.0
01/10/2022,2223,Inter,Roma,Home,2.0,1.0,2.0,A,0.0
01/11/08,809,Inter,Reggina,Away,7.0,3.0,2.0,A,0.0
01/11/09,910,Inter,Livorno,Away,2.0,2.0,0.0,A,0.0
01/11/14,1415,Inter,Parma,Away,1.0,0.0,2.0,H,0.0
01/12/13,1314,Inter,Sampdoria,Home,2.0,1.0,1.0,D,0.0
01/12/2019,1920,Inter,Spal,Home,10.0,2.0,1.0,H,0.0
01/12/2021,2122,Inter,Spezia,Home,11.0,2.0,0.0,H,0.0
02/02/14,1314,Inter,Juventus,Away,2.0,1.0,3.0,H,0.0
02/02/2020,1920,Inter,Udinese,Away,10.0,2.0,0.0,A,0.0
02/02/2025,2425,Inter,Milan,Away,6.0,1.0,1.0,D,0.0
02/03/08,708,Inter,Napoli,Away,2.0,0.0,1.0,H,0.0
02/04/11,1011,Inter,Milan,Away,3.0,0.0,3.0,H,1.0
02/05/09,809,Inter,Lazio,Home,4.0,2.0,0.0,H,0.0
02/05/10,910,Inter,Lazio,Away,8.0,2.0,0.0,A,0.0
02/05/12,1112,Inter,Parma,Away,4.0,1.0,3.0,H,0.0
02/09/12,1213,Inter,Roma,Home,6.0,1.0,3.0,A,0.0
02/10/05,506,Inter,Juventus,Away,6.0,0.0,2.0,H,0.0
02/10/16,1617,Inter,Roma,Away,5.0,1.0,2.0,H,0.0
02/10/2021,2122,Inter,Sassuolo,Away,3.0,2.0,1.0,A,0.0
02/11/2019,1920,Inter,Bologna,Away,9.0,2.0,1.0,A,0.0
02/11/2025,2526,Inter,Verona,Away,6.0,2.0,1.0,A,0.0
02/12/06,607,Inter,Siena,Home,4.0,2.0,0.0,H,0.0
02/12/07,708,Inter,Fiorentina,Away,7.0,2.0,0.0,A,0.0
02/12/12,1213,Inter,Palermo,Home,4.0,1.0,0.0,H,0.0
02/12/16,1617,Inter,Napoli,Away,6.0,0.0,3.0,H,0.0
02/12/2018,1819,Inter,Roma,Away,7.0,2.0,2.0,D,0.0
03/01/2021,2021,Inter,Crotone,Home,8.0,6.0,2.0,H,0.0
03/02/08,708,Inter,Empoli,Home,4.0,1.0,0.0,H,1.0
03/02/11,1011,Inter,Bari,Away,7.0,3.0,0.0,A,0.0
03/02/13,1213,Inter,Siena,Away,7.0,1.0,3.0,H,1.0
03/02/16,1516,Inter,Chievo,Home,8.0,1.0,0.0,H,0.0
03/02/18,1718,Inter,Crotone,Home,2.0,1.0,1.0,D,0.0
03/02/2019,1819,Inter,Bologna,Home,3.0,0.0,1.0,A,0.0
03/03/07,607,Inter,Livorno,Away,8.0,2.0,1.0,A,1.0
03/03/13,1213,Inter,Catania,Away,6.0,3.0,2.0,A,0.0
03/04/10,910,Inter,Bologna,Home,10.0,3.0,0.0,H,0.0
03/04/13,1213,Inter,Sampdoria,Away,3.0,2.0,0.0,A,0.0
03/04/16,1516,Inter,Torino,Home,2.0,1.0,2.0,A,2.0
03/04/17,1617,Inter,Sampdoria,Home,5.0,1.0,2.0,A,0.0
03/04/2019,1819,Inter,Genoa,Away,9.0,4.0,0.0,A,0.0
03/04/2021,2021,Inter,Bologna,Away,5.0,1.0,0.0,A,0.0
03/04/2022,2122,Inter,Juventus,Away,1.0,1.0,0.0,A,0.0
03/05/15,1415,Inter,Chievo,Home,3.0,0.0,0.0,D,0.0
03/05/2023,2223,Inter,Verona,Away,10.0,6.0,0.0,A,0.0
03/05/2025,2425,Inter,Verona,Home,2.0,1.0,0.0,H,0.0
03/05/2026,2526,Inter,Parma,Home,5.0,2.0,0.0,H,0.0
03/06/2023,2223,Inter,Torino,Away,4.0,1.0,0.0,A,0.0
03/09/2022,2223,Inter,Milan,Away,5.0,2.0,3.0,H,0.0
03/09/2023,2324,Inter,Fiorentina,Home,11.0,4.0,0.0,H,0.0
03/10/09,910,Inter,Udinese,Home,7.0,2.0,1.0,H,0.0
03/10/10,1011,Inter,Juventus,Home,4.0,0.0,0.0,D,0.0
03/11/12,1213,Inter,Juventus,Away,6.0,3.0,1.0,A,0.0
03/11/13,1314,Inter,Udinese,Away,5.0,3.0,0.0,A,0.0
03/11/2018,1819,Inter,Genoa,Home,10.0,5.0,0.0,H,0.0
03/11/2024,2425,Inter,Venezia,Home,8.0,1.0,0.0,H,0.0
03/12/05,506,Inter,Ascoli,Home,8.0,1.0,0.0,H,0.0
03/12/10,1011,Inter,Lazio,Away,5.0,1.0,3.0,H,0.0
03/12/11,1112,Inter,Udinese,Home,2.0,0.0,1.0,A,1.0
03/12/17,1718,Inter,Chievo,Home,13.0,5.0,0.0,H,0.0
03/12/2023,2324,Inter,Napoli,Away,4.0,3.0,0.0,A,0.0
04/01/2023,2223,Inter,Napoli,Home,1.0,1.0,0.0,H,0.0
04/01/2026,2526,Inter,Bologna,Home,10.0,3.0,1.0,H,0.0
04/02/12,1112,Inter,Roma,Away,2.0,0.0,4.0,H,0.0
04/02/2024,2324,Inter,Juventus,Home,3.0,1.0,0.0,H,0.0
04/03/12,1112,Inter,Catania,Home,7.0,2.0,2.0,D,0.0
04/03/2021,2021,Inter,Parma,Away,8.0,2.0,1.0,A,0.0
04/03/2022,2122,Inter,Salernitana,Home,12.0,5.0,0.0,H,0.0
04/03/2024,2324,Inter,Genoa,Home,5.0,2.0,1.0,H,0.0
04/04/15,1415,Inter,Parma,Home,6.0,1.0,1.0,D,0.0
04/04/18,1718,Inter,Milan,Away,2.0,0.0,0.0,D,0.0
04/05/08,708,Inter,Milan,Away,7.0,1.0,2.0,H,0.0
04/05/14,1314,Inter,Milan,Away,0.0,0.0,1.0,H,0.0
04/05/2019,1819,Inter,Udinese,Away,4.0,0.0,0.0,D,0.0
04/05/2024,2324,Inter,Sassuolo,Away,1.0,0.0,1.0,H,0.0
04/10/08,809,Inter,Bologna,Home,11.0,2.0,1.0,H,0.0
04/10/15,1516,Inter,Sampdoria,Away,7.0,1.0,1.0,D,0.0
04/10/2020,2021,Inter,Lazio,Away,4.0,1.0,1.0,D,1.0
04/10/2025,2526,Inter,Cremonese,Home,9.0,4.0,1.0,H,0.0
04/11/07,708,Inter,Juventus,Away,5.0,1.0,1.0,D,0.0
04/11/2023,2324,Inter,Atalanta,Away,4.0,2.0,1.0,A,0.0
04/12/2021,2122,Inter,Roma,Away,4.0,3.0,0.0,A,0.0
05/01/18,1718,Inter,Fiorentina,Away,4.0,1.0,1.0,D,0.0
05/02/06,506,Inter,Chievo,Home,11.0,1.0,0.0,H,0.0
05/02/17,1617,Inter,Juventus,Away,2.0,0.0,1.0,H,1.0
05/02/2021,2021,Inter,Fiorentina,Away,7.0,2.0,0.0,A,0.0
05/02/2022,2122,Inter,Milan,Home,5.0,1.0,2.0,A,0.0
05/02/2023,2223,Inter,Milan,Home,4.0,1.0,0.0,H,0.0
05/03/06,506,Inter,Roma,Away,5.0,1.0,1.0,D,0.0
05/03/17,1617,Inter,Cagliari,Away,10.0,5.0,1.0,A,0.0
05/03/2023,2223,Inter,Lecce,Home,4.0,2.0,0.0,H,0.0
05/04/09,809,Inter,Udinese,Away,1.0,1.0,0.0,A,0.0
05/04/14,1314,Inter,Bologna,Home,6.0,2.0,2.0,D,0.0
05/04/2025,2425,Inter,Parma,Away,4.0,2.0,2.0,D,0.0
05/04/2026,2526,Inter,Roma,Home,9.0,5.0,2.0,H,0.0
05/05/13,1213,Inter,Napoli,Away,5.0,1.0,3.0,H,0.0
05/07/2020,1920,Inter,Bologna,Home,9.0,1.0,2.0,A,1.0
05/10/13,1314,Inter,Roma,Home,3.0,0.0,3.0,A,0.0
05/10/14,1415,Inter,Fiorentina,Away,4.0,0.0,3.0,H,0.0
05/10/2024,2425,Inter,Torino,Home,8.0,3.0,2.0,H,0.0
05/11/05,506,Inter,Lazio,Away,3.0,0.0,0.0,D,0.0
05/11/06,607,Inter,Ascoli,Home,6.0,2.0,0.0,H,0.0
05/11/17,1718,Inter,Torino,Home,5.0,1.0,1.0,D,0.0
05/12/07,708,Inter,Lazio,Home,6.0,3.0,0.0,H,0.0
05/12/09,910,Inter,Juventus,Away,4.0,1.0,2.0,H,0.0
05/12/15,1516,Inter,Genoa,Home,5.0,1.0,0.0,H,1.0
05/12/2020,2021,Inter,Bologna,Home,9.0,3.0,1.0,H,0.0
06/01/10,910,Inter,Chievo,Away,4.0,1.0,0.0,A,0.0
06/01/11,1011,Inter,Napoli,Home,4.0,3.0,1.0,H,0.0
06/01/13,1213,Inter,Udinese,Away,4.0,0.0,3.0,H,1.0
06/01/14,1314,Inter,Lazio,Away,1.0,0.0,1.0,H,0.0
06/01/15,1415,Inter,Juventus,Away,2.0,1.0,1.0,D,1.0
06/01/16,1516,Inter,Empoli,Away,3.0,1.0,0.0,A,0.0
06/01/2020,1920,Inter,Napoli,Away,8.0,3.0,1.0,A,0.0
06/01/2021,2021,Inter,Sampdoria,Away,11.0,1.0,2.0,H,0.0
06/01/2024,2324,Inter,Verona,Home,6.0,2.0,1.0,H,0.0
06/02/11,1011,Inter,Roma,Home,14.0,5.0,3.0,H,0.0
06/02/2025,2425,Inter,Fiorentina,Away,2.0,0.0,3.0,H,0.0
06/03/11,1011,Inter,Genoa,Home,12.0,5.0,2.0,H,0.0
06/03/16,1516,Inter,Palermo,Home,5.0,3.0,1.0,H,0.0
06/04/08,708,Inter,Atalanta,Away,2.0,2.0,0.0,A,0.0
06/05/07,607,Inter,Messina,Away,3.0,1.0,0.0,A,0.0
06/05/12,1112,Inter,Milan,Home,10.0,4.0,2.0,H,0.0
06/05/18,1718,Inter,Udinese,Away,12.0,4.0,0.0,A,0.0
06/05/2022,2122,Inter,Empoli,Home,10.0,4.0,2.0,H,0.0
06/05/2023,2223,Inter,Roma,Away,4.0,2.0,0.0,A,0.0
06/10/07,708,Inter,Napoli,Home,4.0,2.0,1.0,H,0.0
06/10/2019,1920,Inter,Juventus,Home,4.0,1.0,2.0,A,0.0
06/11/10,1011,Inter,Brescia,Home,6.0,1.0,1.0,D,0.0
06/11/16,1617,Inter,Crotone,Home,9.0,3.0,0.0,H,0.0
06/11/2022,2223,Inter,Juventus,Away,4.0,0.0,2.0,H,0.0
06/12/08,809,Inter,Lazio,Away,3.0,3.0,0.0,A,0.0
06/12/2019,1920,Inter,Roma,Home,2.0,0.0,0.0,D,0.0
06/12/2024,2425,Inter,Parma,Home,5.0,3.0,1.0,H,0.0
06/12/2025,2526,Inter,Como,Home,7.0,4.0,0.0,H,0.0
07/01/12,1112,Inter,Parma,Home,6.0,5.0,0.0,H,0.0
07/01/2023,2223,Inter,Monza,Away,3.0,2.0,2.0,D,0.0
07/01/2026,2526,Inter,Parma,Away,8.0,2.0,0.0,A,0.0
07/02/09,809,Inter,Lecce,Away,5.0,3.0,0.0,A,0.0
07/02/10,910,Inter,Cagliari,Home,7.0,3.0,0.0,H,0.0
07/02/16,1516,Inter,Verona,Away,7.0,3.0,3.0,D,0.0
07/03/09,809,Inter,Genoa,Away,3.0,2.0,0.0,A,0.0
07/03/10,910,Inter,Genoa,Home,3.0,0.0,0.0,D,0.0
07/04/07,607,Inter,Reggina,Away,6.0,0.0,0.0,D,0.0
07/04/12,1112,Inter,Cagliari,Away,6.0,2.0,2.0,D,0.0
07/04/13,1213,Inter,Atalanta,Home,6.0,3.0,4.0,A,0.0
07/04/2019,1819,Inter,Atalanta,Home,6.0,0.0,0.0,D,0.0
07/04/2021,2021,Inter,Sassuolo,Home,5.0,2.0,1.0,H,0.0
07/04/2023,2223,Inter,Salernitana,Away,11.0,1.0,1.0,D,0.0
07/05/06,506,Inter,Siena,Home,7.0,1.0,1.0,D,1.0
07/05/16,1516,Inter,Empoli,Home,5.0,2.0,1.0,H,0.0
07/05/17,1617,Inter,Genoa,Away,4.0,0.0,1.0,H,1.0
07/10/12,1213,Inter,Milan,Away,3.0,1.0,0.0,A,1.0
07/10/2018,1819,Inter,Spal,Away,4.0,2.0,1.0,A,0.0
07/10/2023,2324,Inter,Bologna,Home,5.0,2.0,2.0,D,0.0
07/11/2021,2122,Inter,Milan,Away,3.0,1.0,1.0,D,0.0
07/12/14,1415,Inter,Udinese,Home,2.0,1.0,2.0,A,0.0
07/12/2018,1819,Inter,Juventus,Away,4.0,0.0,1.0,H,0.0
08/01/06,506,Inter,Siena,Away,4.0,0.0,0.0,D,0.0
08/01/17,1617,Inter,Udinese,Away,4.0,2.0,1.0,A,0.0
08/02/06,506,Inter,Fiorentina,Away,4.0,1.0,2.0,H,0.0
08/02/15,1415,Inter,Palermo,Home,5.0,3.0,0.0,H,0.0
08/02/2026,2526,Inter,Sassuolo,Away,11.0,5.0,0.0,A,0.0
08/03/08,708,Inter,Reggina,Home,3.0,2.0,0.0,H,0.0
08/03/15,1415,Inter,Napoli,Away,5.0,2.0,2.0,D,0.0
08/03/2020,1920,Inter,Juventus,Away,2.0,0.0,2.0,H,1.0
08/03/2021,2021,Inter,Atalanta,Home,1.0,1.0,0.0,H,0.0
08/03/2025,2425,Inter,Monza,Home,9.0,3.0,2.0,H,0.0
08/03/2026,2526,Inter,Milan,Away,2.0,0.0,1.0,H,0.0
08/04/06,506,Inter,Ascoli,Away,8.0,2.0,1.0,A,1.0
08/04/18,1718,Inter,Torino,Away,8.0,0.0,1.0,H,0.0
08/04/2024,2324,Inter,Udinese,Away,6.0,2.0,1.0,A,0.0
08/05/11,1011,Inter,Fiorentina,Home,7.0,3.0,1.0,H,0.0
08/05/13,1213,Inter,Lazio,Home,8.0,1.0,3.0,A,0.0
08/05/2021,2021,Inter,Sampdoria,Home,7.0,5.0,1.0,H,0.0
08/10/2022,2223,Inter,Sassuolo,Away,4.0,2.0,1.0,A,0.0
08/11/09,910,Inter,Roma,Home,4.0,1.0,1.0,D,0.0
08/11/15,1516,Inter,Torino,Away,2.0,1.0,0.0,A,0.0
08/11/2020,2021,Inter,Atalanta,Away,3.0,1.0,1.0,D,0.0
08/12/13,1314,Inter,Parma,Home,6.0,3.0,3.0,D,0.0
09/01/10,910,Inter,Siena,Home,6.0,4.0,3.0,H,0.0
09/01/11,1011,Inter,Catania,Away,7.0,2.0,1.0,A,0.0
09/01/2022,2122,Inter,Lazio,Home,6.0,2.0,1.0,H,0.0
09/02/14,1314,Inter,Sassuolo,Home,7.0,1.0,0.0,H,0.0
09/02/2019,1819,Inter,Parma,Away,7.0,1.0,0.0,A,0.0
09/02/2020,1920,Inter,Milan,Home,11.0,4.0,2.0,H,0.0
09/03/12,1112,Inter,Chievo,Away,7.0,2.0,0.0,A,0.0
09/03/14,1314,Inter,Torino,Home,3.0,1.0,0.0,H,0.0
09/03/2024,2324,Inter,Bologna,Away,4.0,1.0,0.0,A,0.0
09/04/11,1011,Inter,Chievo,Home,6.0,2.0,0.0,H,0.0
09/04/16,1516,Inter,Frosinone,Away,3.0,1.0,0.0,A,0.0
09/04/17,1617,Inter,Crotone,Away,4.0,1.0,2.0,H,0.0
09/04/2022,2122,Inter,Verona,Home,6.0,2.0,0.0,H,0.0
09/05/10,910,Inter,Chievo,Home,8.0,4.0,3.0,H,0.0
09/05/2026,2526,Inter,Lazio,Away,5.0,3.0,0.0,A,0.0
09/07/2020,1920,Inter,Verona,Away,7.0,2.0,2.0,D,0.0
09/09/06,607,Inter,Fiorentina,Away,5.0,3.0,2.0,A,0.0
09/11/08,809,Inter,Udinese,Home,5.0,1.0,0.0,H,0.0
09/11/13,1314,Inter,Livorno,Home,4.0,2.0,0.0,H,0.0
09/11/14,1415,Inter,Verona,Home,4.0,2.0,2.0,D,1.0
09/11/2019,1920,Inter,Verona,Home,13.0,2.0,1.0,H,0.0
09/11/2022,2223,Inter,Bologna,Home,7.0,6.0,1.0,H,0.0
09/11/2025,2526,Inter,Lazio,Home,3.0,2.0,0.0,H,0.0
09/12/07,708,Inter,Torino,Home,6.0,4.0,0.0,H,0.0
09/12/12,1213,Inter,Napoli,Home,2.0,2.0,1.0,H,0.0
09/12/17,1718,Inter,Juventus,Away,1.0,0.0,0.0,D,0.0
09/12/2023,2324,Inter,Udinese,Home,8.0,4.0,0.0,H,0.0
10/01/09,809,Inter,Cagliari,Home,8.0,1.0,1.0,D,0.0
10/01/16,1516,Inter,Sassuolo,Home,6.0,0.0,1.0,A,0.0
10/01/2021,2021,Inter,Roma,Away,6.0,2.0,2.0,D,0.0
10/02/08,708,Inter,Catania,Away,5.0,2.0,0.0,A,0.0
10/02/10,910,Inter,Parma,Away,8.0,1.0,1.0,D,0.0
10/02/13,1213,Inter,Chievo,Home,9.0,3.0,1.0,H,0.0
10/02/2024,2324,Inter,Roma,Away,6.0,4.0,2.0,A,0.0
10/02/2025,2425,Inter,Fiorentina,Home,8.0,2.0,1.0,H,0.0
10/03/13,1213,Inter,Bologna,Home,4.0,0.0,1.0,A,0.0
10/03/2019,1819,Inter,Spal,Home,4.0,2.0,0.0,H,0.0
10/03/2023,2223,Inter,Spezia,Away,7.0,1.0,2.0,H,0.0
10/04/10,910,Inter,Fiorentina,Away,4.0,2.0,2.0,D,0.0
10/05/09,809,Inter,Chievo,Away,4.0,2.0,2.0,D,0.0
10/05/14,1314,Inter,Lazio,Home,7.0,4.0,1.0,H,0.0
10/05/15,1415,Inter,Lazio,Away,7.0,2.0,1.0,A,0.0
10/05/2024,2324,Inter,Frosinone,Away,5.0,5.0,0.0,A,0.0
10/09/05,506,Inter,Palermo,Away,6.0,2.0,3.0,H,0.0
10/09/17,1718,Inter,Spal,Home,7.0,2.0,0.0,H,0.0
10/09/2022,2223,Inter,Torino,Home,3.0,1.0,0.0,H,0.0
10/11/10,1011,Inter,Lecce,Away,5.0,1.0,1.0,D,0.0
10/11/2024,2425,Inter,Napoli,Home,4.0,1.0,1.0,D,0.0
10/12/06,607,Inter,Empoli,Away,6.0,3.0,0.0,A,0.0
10/12/11,1112,Inter,Fiorentina,Home,6.0,2.0,0.0,H,0.0
11/01/15,1415,Inter,Genoa,Home,7.0,3.0,1.0,H,0.0
11/01/2020,1920,Inter,Atalanta,Home,5.0,1.0,1.0,D,0.0
11/01/2026,2526,Inter,Napoli,Home,4.0,2.0,2.0,D,0.0
11/02/07,607,Inter,Chievo,Away,4.0,2.0,0.0,A,0.0
11/02/18,1718,Inter,Bologna,Home,5.0,2.0,1.0,H,0.0
11/03/06,506,Inter,Sampdoria,Home,6.0,1.0,0.0,H,0.0
11/03/07,607,Inter,Milan,Home,5.0,2.0,1.0,H,0.0
11/03/11,1011,Inter,Brescia,Away,7.0,1.0,1.0,D,1.0
11/03/18,1718,Inter,Napoli,Home,1.0,0.0,0.0,D,0.0
11/04/09,809,Inter,Palermo,Home,6.0,2.0,2.0,D,0.0
11/04/12,1112,Inter,Siena,Home,6.0,2.0,1.0,H,0.0
11/04/15,1415,Inter,Verona,Away,2.0,3.0,0.0,A,0.0
11/04/2021,2021,Inter,Cagliari,Home,8.0,1.0,0.0,H,0.0
11/05/08,708,Inter,Siena,Home,5.0,2.0,2.0,D,0.0
11/05/2025,2425,Inter,Torino,Away,7.0,2.0,0.0,A,0.0
11/09/10,1011,Inter,Udinese,Home,6.0,2.0,1.0,H,0.0
11/09/11,1112,Inter,Palermo,Away,5.0,3.0,4.0,H,0.0
11/09/16,1617,Inter,Pescara,Away,7.0,2.0,1.0,A,0.0
11/11/12,1213,Inter,Atalanta,Away,6.0,2.0,3.0,H,0.0
11/11/2018,1819,Inter,Atalanta,Away,2.0,1.0,4.0,H,1.0
11/12/05,506,Inter,Milan,Home,5.0,3.0,2.0,H,0.0
11/12/16,1617,Inter,Genoa,Home,3.0,2.0,0.0,H,0.0
12/01/13,1213,Inter,Pescara,Home,4.0,2.0,0.0,H,0.0
12/01/2025,2425,Inter,Venezia,Away,6.0,1.0,0.0,A,0.0
12/02/06,506,Inter,Juventus,Home,7.0,1.0,2.0,A,0.0
12/02/12,1112,Inter,Novara,Home,6.0,0.0,1.0,A,0.0
12/02/17,1617,Inter,Empoli,Home,8.0,2.0,0.0,H,0.0
12/02/2022,2122,Inter,Napoli,Away,2.0,1.0,1.0,D,0.0
12/03/10,910,Inter,Catania,Away,4.0,1.0,3.0,H,1.0
12/03/16,1516,Inter,Bologna,Home,3.0,2.0,1.0,H,0.0
12/03/17,1617,Inter,Atalanta,Home,8.0,7.0,1.0,H,0.0
12/04/2025,2425,Inter,Cagliari,Home,4.0,3.0,1.0,H,0.0
12/04/2026,2526,Inter,Como,Away,5.0,4.0,3.0,A,0.0
12/05/13,1213,Inter,Genoa,Away,2.0,0.0,0.0,D,0.0
12/05/18,1718,Inter,Sassuolo,Home,8.0,1.0,2.0,A,0.0
12/05/2021,2021,Inter,Roma,Home,5.0,3.0,1.0,H,0.0
12/09/2021,2122,Inter,Sampdoria,Away,3.0,2.0,2.0,D,0.0
12/11/06,607,Inter,Parma,Away,8.0,2.0,1.0,A,1.0
12/11/2023,2324,Inter,Frosinone,Home,6.0,2.0,0.0,H,0.0
12/12/15,1516,Inter,Udinese,Away,7.0,4.0,0.0,A,0.0
12/12/2021,2122,Inter,Cagliari,Home,15.0,4.0,0.0,H,0.0
13/01/07,607,Inter,Torino,Away,8.0,3.0,1.0,A,0.0
13/01/08,708,Inter,Siena,Away,6.0,3.0,2.0,A,0.0
13/01/14,1314,Inter,Chievo,Home,5.0,1.0,1.0,D,0.0
13/01/2024,2324,Inter,Monza,Away,7.0,5.0,1.0,A,0.0
13/02/11,1011,Inter,Juventus,Away,3.0,0.0,1.0,H,0.0
13/02/2023,2223,Inter,Sampdoria,Away,5.0,0.0,0.0,D,0.0
13/03/2022,2122,Inter,Torino,Away,7.0,1.0,1.0,D,0.0
13/04/08,708,Inter,Fiorentina,Home,10.0,2.0,0.0,H,0.0
13/04/14,1314,Inter,Sampdoria,Away,6.0,4.0,0.0,A,0.0
13/05/07,607,Inter,Lazio,Home,6.0,4.0,3.0,H,0.0
13/05/12,1112,Inter,Lazio,Away,4.0,1.0,3.0,H,0.0
13/05/2019,1819,Inter,Chievo,Home,11.0,2.0,0.0,H,0.0
13/05/2023,2223,Inter,Sassuolo,Home,3.0,4.0,2.0,H,0.0
13/07/2020,1920,Inter,Torino,Home,11.0,3.0,1.0,H,0.0
13/08/2022,2223,Inter,Lecce,Away,9.0,2.0,1.0,A,0.0
13/09/08,809,Inter,Catania,Home,6.0,2.0,1.0,H,1.0
13/09/09,910,Inter,Parma,Home,9.0,2.0,0.0,H,0.0
13/09/15,1516,Inter,Milan,Home,4.0,1.0,0.0,H,0.0
13/09/2025,2526,Inter,Juventus,Away,4.0,3.0,4.0,H,0.0
13/11/2022,2223,Inter,Atalanta,Away,3.0,3.0,2.0,A,0.0
13/12/09,910,Inter,Atalanta,Away,5.0,1.0,1.0,D,1.0
13/12/11,1112,Inter,Genoa,Away,7.0,1.0,0.0,A,0.0
13/12/2020,2021,Inter,Cagliari,Away,11.0,3.0,1.0,A,0.0
14/01/17,1617,Inter,Chievo,Home,14.0,3.0,1.0,H,0.0
14/01/2023,2223,Inter,Verona,Home,3.0,1.0,0.0,H,0.0
14/01/2026,2526,Inter,Lecce,Home,7.0,1.0,0.0,H,0.0
14/02/10,910,Inter,Napoli,Away,2.0,0.0,0.0,D,0.0
14/02/16,1516,Inter,Fiorentina,Away,1.0,1.0,2.0,H,2.0
14/02/2021,2021,Inter,Lazio,Home,7.0,3.0,1.0,H,0.0
14/02/2026,2526,Inter,Juventus,Home,9.0,3.0,2.0,H,0.0
14/03/2021,2021,Inter,Torino,Away,4.0,2.0,1.0,A,0.0
14/03/2026,2526,Inter,Atalanta,Home,3.0,1.0,1.0,D,0.0
14/04/06,506,Inter,Milan,Away,5.0,0.0,1.0,H,0.0
14/04/13,1213,Inter,Cagliari,Away,4.0,0.0,2.0,H,0.0
14/04/18,1718,Inter,Atalanta,Away,2.0,0.0,0.0,D,0.0
14/04/2019,1819,Inter,Frosinone,Away,5.0,3.0,1.0,A,0.0
14/04/2024,2324,Inter,Cagliari,Home,7.0,2.0,2.0,D,0.0
14/05/06,506,Inter,Cagliari,Away,3.0,2.0,2.0,D,0.0
14/05/16,1516,Inter,Sassuolo,Away,6.0,1.0,3.0,H,1.0
14/05/17,1617,Inter,Sassuolo,Home,7.0,1.0,2.0,A,0.0
14/09/13,1314,Inter,Juventus,Home,4.0,1.0,1.0,D,0.0
14/09/14,1415,Inter,Sassuolo,Home,11.0,7.0,0.0,H,0.0
14/09/2019,1920,Inter,Udinese,Home,10.0,1.0,0.0,H,0.0
14/11/10,1011,Inter,Milan,Home,2.0,0.0,1.0,A,0.0
14/12/08,809,Inter,Chievo,Home,8.0,4.0,2.0,H,0.0
14/12/2025,2526,Inter,Genoa,Away,8.0,2.0,1.0,A,0.0
15/01/06,506,Inter,Cagliari,Home,5.0,3.0,2.0,H,0.0
15/01/11,1011,Inter,Bologna,Home,6.0,4.0,1.0,H,0.0
15/01/12,1112,Inter,Milan,Away,4.0,1.0,0.0,A,0.0
15/01/2025,2425,Inter,Bologna,Home,6.0,2.0,2.0,D,0.0
15/02/09,809,Inter,Milan,Home,5.0,2.0,1.0,H,0.0
15/02/14,1314,Inter,Fiorentina,Away,4.0,2.0,1.0,A,0.0
15/02/15,1415,Inter,Atalanta,Away,7.0,4.0,1.0,A,0.0
15/03/09,809,Inter,Fiorentina,Home,8.0,2.0,0.0,H,0.0
15/03/14,1314,Inter,Verona,Away,8.0,2.0,0.0,A,0.0
15/03/15,1415,Inter,Cesena,Home,4.0,1.0,1.0,D,0.0
15/04/07,607,Inter,Palermo,Home,10.0,2.0,2.0,D,0.0
15/04/17,1617,Inter,Milan,Home,4.0,2.0,2.0,D,0.0
15/04/2022,2122,Inter,Spezia,Away,7.0,3.0,1.0,A,0.0
15/04/2023,2223,Inter,Monza,Home,6.0,0.0,1.0,A,0.0
15/05/11,1011,Inter,Napoli,Away,2.0,1.0,1.0,D,0.0
15/05/2021,2021,Inter,Juventus,Away,3.0,2.0,3.0,H,1.0
15/05/2022,2122,Inter,Cagliari,Away,7.0,3.0,1.0,A,0.0
15/09/2018,1819,Inter,Parma,Home,11.0,0.0,1.0,A,0.0
15/09/2024,2425,Inter,Monza,Away,2.0,1.0,1.0,D,0.0
15/10/06,607,Inter,Catania,Home,4.0,2.0,1.0,H,0.0
15/10/11,1112,Inter,Catania,Away,2.0,1.0,2.0,H,0.0
15/10/17,1718,Inter,Milan,Home,6.0,3.0,2.0,H,0.0
15/11/08,809,Inter,Palermo,Away,9.0,2.0,0.0,A,0.0
15/12/12,1213,Inter,Lazio,Away,2.0,0.0,1.0,H,0.0
15/12/13,1314,Inter,Napoli,Away,5.0,2.0,4.0,H,1.0
15/12/14,1415,Inter,Chievo,Away,8.0,2.0,0.0,A,0.0
15/12/2018,1819,Inter,Udinese,Home,4.0,1.0,0.0,H,0.0
15/12/2019,1920,Inter,Fiorentina,Away,5.0,1.0,1.0,D,0.0
16/01/10,910,Inter,Bari,Away,4.0,2.0,2.0,D,0.0
16/01/16,1516,Inter,Atalanta,Away,2.0,1.0,1.0,D,0.0
16/01/2022,2122,Inter,Atalanta,Away,3.0,0.0,0.0,D,0.0
16/02/08,708,Inter,Livorno,Home,6.0,2.0,0.0,H,0.0
16/02/11,1011,Inter,Fiorentina,Away,3.0,2.0,1.0,A,0.0
16/02/2020,1920,Inter,Lazio,Away,6.0,1.0,2.0,H,0.0
16/02/2024,2324,Inter,Salernitana,Home,10.0,4.0,0.0,H,0.0
16/02/2025,2425,Inter,Juventus,Away,2.0,0.0,1.0,H,0.0
16/03/08,708,Inter,Palermo,Home,6.0,2.0,1.0,H,0.0
16/03/2025,2425,Inter,Atalanta,Away,5.0,2.0,0.0,A,1.0
16/04/10,910,Inter,Juventus,Home,5.0,2.0,0.0,H,0.0
16/04/11,1011,Inter,Parma,Away,3.0,0.0,2.0,H,0.0
16/04/16,1516,Inter,Napoli,Home,4.0,2.0,0.0,H,0.0
16/05/10,910,Inter,Siena,Away,6.0,1.0,0.0,A,0.0
16/05/15,1415,Inter,Juventus,Home,7.0,1.0,2.0,A,0.0
16/07/2020,1920,Inter,Spal,Away,8.0,4.0,0.0,A,0.0
16/09/06,607,Inter,Sampdoria,Home,5.0,1.0,1.0,D,0.0
16/09/07,708,Inter,Catania,Home,7.0,2.0,0.0,H,0.0
16/09/12,1213,Inter,Torino,Away,3.0,2.0,0.0,A,0.0
16/09/17,1718,Inter,Crotone,Away,3.0,2.0,0.0,A,0.0
16/09/2023,2324,Inter,Milan,Home,7.0,5.0,1.0,H,0.0
16/10/05,506,Inter,Livorno,Home,11.0,5.0,0.0,H,0.0
16/10/16,1617,Inter,Cagliari,Home,4.0,1.0,2.0,A,0.0
16/10/2021,2122,Inter,Lazio,Away,4.0,1.0,3.0,H,0.0
16/10/2022,2223,Inter,Salernitana,Home,6.0,2.0,0.0,H,0.0
16/12/07,708,Inter,Cagliari,Away,8.0,2.0,0.0,A,0.0
16/12/17,1718,Inter,Udinese,Home,8.0,1.0,3.0,A,0.0
16/12/2020,2021,Inter,Napoli,Home,2.0,1.0,0.0,H,0.0
16/12/2024,2425,Inter,Lazio,Away,7.0,6.0,0.0,A,0.0
17/01/15,1415,Inter,Empoli,Away,1.0,0.0,0.0,D,0.0
17/01/2021,2021,Inter,Juventus,Home,6.0,2.0,0.0,H,0.0
17/01/2026,2526,Inter,Udinese,Away,5.0,1.0,0.0,A,0.0
17/02/07,607,Inter,Cagliari,Home,5.0,1.0,0.0,H,0.0
17/02/12,1112,Inter,Bologna,Home,5.0,0.0,3.0,A,0.0
17/02/13,1213,Inter,Fiorentina,Away,2.0,1.0,4.0,H,0.0
17/02/18,1718,Inter,Genoa,Away,5.0,0.0,2.0,H,0.0
17/02/2019,1819,Inter,Sampdoria,Home,7.0,2.0,1.0,H,0.0
17/03/2019,1819,Inter,Milan,Away,6.0,3.0,2.0,A,0.0
17/03/2024,2324,Inter,Napoli,Home,6.0,1.0,1.0,D,0.0
17/04/18,1718,Inter,Cagliari,Home,9.0,4.0,0.0,H,0.0
17/04/2026,2526,Inter,Cagliari,Home,5.0,3.0,0.0,H,0.0
17/05/09,809,Inter,Siena,Home,7.0,3.0,0.0,H,0.0
17/05/2026,2526,Inter,Verona,Home,6.0,1.0,1.0,D,0.0
17/08/2024,2425,Inter,Genoa,Away,9.0,2.0,2.0,D,0.0
17/09/05,506,Inter,Lecce,Home,8.0,3.0,0.0,H,0.0
17/09/11,1112,Inter,Roma,Home,4.0,0.0,0.0,D,0.0
17/10/09,910,Inter,Genoa,Away,6.0,5.0,0.0,A,0.0
17/10/10,1011,Inter,Cagliari,Away,4.0,1.0,0.0,A,0.0
17/10/2020,2021,Inter,Milan,Home,6.0,1.0,2.0,A,0.0
17/12/06,607,Inter,Messina,Home,11.0,2.0,0.0,H,0.0
17/12/2021,2122,Inter,Salernitana,Away,8.0,5.0,0.0,A,0.0
17/12/2023,2324,Inter,Lazio,Away,4.0,2.0,0.0,A,0.0
18/01/06,506,Inter,Treviso,Away,6.0,1.0,0.0,A,0.0
18/01/09,809,Inter,Atalanta,Away,5.0,1.0,3.0,H,0.0
18/02/06,506,Inter,Livorno,Away,3.0,0.0,0.0,D,0.0
18/02/2023,2223,Inter,Udinese,Home,7.0,3.0,1.0,H,0.0
18/03/07,607,Inter,Ascoli,Away,3.0,2.0,1.0,A,0.0
18/03/12,1112,Inter,Atalanta,Home,4.0,0.0,0.0,D,0.0
18/03/17,1617,Inter,Torino,Away,4.0,2.0,2.0,D,0.0
18/03/18,1718,Inter,Sampdoria,Away,8.0,5.0,0.0,A,0.0
18/04/07,607,Inter,Roma,Home,6.0,1.0,3.0,A,0.0
18/04/09,809,Inter,Juventus,Away,8.0,1.0,1.0,D,0.0
18/04/2021,2021,Inter,Napoli,Away,5.0,1.0,1.0,D,0.0
18/05/08,708,Inter,Parma,Away,6.0,2.0,0.0,A,0.0
18/05/14,1314,Inter,Chievo,Away,3.0,1.0,2.0,H,0.0
18/05/2025,2425,Inter,Lazio,Home,3.0,2.0,2.0,D,0.0
18/09/16,1617,Inter,Juventus,Home,3.0,2.0,1.0,H,1.0
18/09/2021,2122,Inter,Bologna,Home,11.0,6.0,1.0,H,0.0
18/09/2022,2223,Inter,Udinese,Away,3.0,1.0,3.0,H,0.0
18/10/15,1516,Inter,Juventus,Home,2.0,0.0,0.0,D,0.0
18/10/2025,2526,Inter,Roma,Away,3.0,1.0,0.0,A,0.0
18/11/12,1213,Inter,Cagliari,Home,7.0,2.0,2.0,D,0.0
18/12/05,506,Inter,Reggina,Away,10.0,4.0,0.0,A,0.0
18/12/11,1112,Inter,Cesena,Away,2.0,1.0,0.0,A,0.0
18/12/16,1617,Inter,Sassuolo,Away,6.0,1.0,0.0,A,1.0
19/01/11,1011,Inter,Cesena,Home,6.0,3.0,2.0,H,0.0
19/01/14,1314,Inter,Genoa,Away,5.0,0.0,1.0,H,0.0
19/01/2019,1819,Inter,Sassuolo,Home,4.0,0.0,0.0,D,0.0
19/01/2020,1920,Inter,Lecce,Away,10.0,1.0,1.0,D,0.0
19/01/2025,2425,Inter,Empoli,Home,7.0,3.0,1.0,H,0.0
19/02/11,1011,Inter,Cagliari,Home,4.0,1.0,0.0,H,0.0
19/02/17,1617,Inter,Bologna,Away,5.0,1.0,0.0,A,0.0
19/03/06,506,Inter,Lazio,Home,10.0,3.0,1.0,H,0.0
19/03/08,708,Inter,Genoa,Away,1.0,1.0,1.0,D,1.0
19/03/16,1516,Inter,Roma,Away,2.0,1.0,1.0,D,0.0
19/03/2022,2122,Inter,Fiorentina,Home,5.0,1.0,1.0,D,0.0
19/03/2023,2223,Inter,Juventus,Home,3.0,0.0,1.0,A,1.0
19/04/14,1314,Inter,Parma,Away,6.0,2.0,0.0,A,0.0
19/04/15,1415,Inter,Milan,Home,3.0,0.0,0.0,D,0.0
19/05/13,1213,Inter,Udinese,Home,6.0,2.0,5.0,A,0.0
19/05/2019,1819,Inter,Napoli,Away,7.0,1.0,4.0,H,0.0
19/05/2024,2324,Inter,Lazio,Home,7.0,1.0,1.0,D,0.0
19/07/2020,1920,Inter,Roma,Away,3.0,2.0,2.0,D,0.0
19/08/2018,1819,Inter,Sassuolo,Away,4.0,0.0,1.0,H,0.0
19/08/2023,2324,Inter,Monza,Home,3.0,2.0,0.0,H,0.0
19/09/10,1011,Inter,Palermo,Away,6.0,2.0,1.0,A,0.0
19/09/17,1718,Inter,Bologna,Away,3.0,1.0,1.0,D,0.0
19/10/08,809,Inter,Roma,Away,9.0,4.0,0.0,A,0.0
19/10/14,1415,Inter,Napoli,Home,5.0,2.0,2.0,D,0.0
19/11/06,607,Inter,Reggina,Home,4.0,1.0,0.0,H,0.0
19/11/11,1112,Inter,Cagliari,Home,8.0,2.0,1.0,H,0.0
19/11/17,1718,Inter,Atalanta,Home,4.0,2.0,0.0,H,0.0
20/01/08,708,Inter,Parma,Home,9.0,3.0,2.0,H,0.0
20/01/13,1213,Inter,Roma,Away,2.0,1.0,1.0,D,0.0
20/02/10,910,Inter,Sampdoria,Home,1.0,0.0,0.0,D,2.0
20/02/16,1516,Inter,Sampdoria,Home,3.0,3.0,1.0,H,0.0
20/02/2022,2122,Inter,Sassuolo,Home,8.0,0.0,2.0,A,0.0
20/03/10,910,Inter,Palermo,Away,3.0,1.0,1.0,D,0.0
20/03/11,1011,Inter,Lecce,Home,4.0,1.0,0.0,H,0.0
20/04/08,708,Inter,Torino,Away,2.0,1.0,0.0,A,0.0
20/04/16,1516,Inter,Genoa,Away,4.0,0.0,1.0,H,0.0
20/04/2019,1819,Inter,Roma,Home,7.0,1.0,1.0,D,0.0
20/04/2025,2425,Inter,Bologna,Away,1.0,0.0,1.0,H,0.0
20/05/07,607,Inter,Atalanta,Away,4.0,1.0,1.0,D,0.0
20/05/18,1718,Inter,Lazio,Away,6.0,3.0,2.0,A,0.0
20/08/17,1718,Inter,Fiorentina,Home,6.0,3.0,0.0,H,0.0
20/08/2022,2223,Inter,Spezia,Home,8.0,3.0,0.0,H,0.0
20/09/06,607,Inter,Roma,Away,7.0,1.0,0.0,A,1.0
20/09/09,910,Inter,Cagliari,Away,5.0,2.0,1.0,A,0.0
20/09/11,1112,Inter,Novara,Away,2.0,1.0,3.0,H,1.0
20/09/15,1516,Inter,Chievo,Away,3.0,1.0,0.0,A,0.0
20/10/07,708,Inter,Reggina,Away,5.0,1.0,0.0,A,0.0
20/10/13,1314,Inter,Torino,Away,5.0,3.0,3.0,D,1.0
20/10/2019,1920,Inter,Sassuolo,Away,7.0,4.0,3.0,A,0.0
20/10/2024,2425,Inter,Roma,Away,6.0,1.0,0.0,A,0.0
20/11/05,506,Inter,Parma,Home,9.0,2.0,0.0,H,0.0
20/11/16,1617,Inter,Milan,Away,6.0,2.0,2.0,D,0.0
20/12/06,607,Inter,Lazio,Away,4.0,2.0,0.0,A,1.0
20/12/08,809,Inter,Siena,Away,7.0,2.0,1.0,A,0.0
20/12/09,910,Inter,Lazio,Home,4.0,1.0,0.0,H,0.0
20/12/15,1516,Inter,Lazio,Home,1.0,1.0,2.0,A,1.0
20/12/2020,2021,Inter,Spezia,Home,4.0,2.0,1.0,H,0.0
21/01/06,506,Inter,Palermo,Home,9.0,3.0,0.0,H,0.0
21/01/07,607,Inter,Fiorentina,Home,5.0,3.0,1.0,H,0.0
21/01/18,1718,Inter,Roma,Home,7.0,1.0,1.0,D,0.0
21/02/09,809,Inter,Bologna,Away,7.0,2.0,1.0,A,0.0
21/02/2021,2021,Inter,Milan,Away,8.0,3.0,0.0,A,0.0
21/02/2026,2526,Inter,Lecce,Away,9.0,2.0,0.0,A,0.0
21/04/13,1213,Inter,Parma,Home,2.0,1.0,0.0,H,0.0
21/04/2021,2021,Inter,Spezia,Away,6.0,1.0,1.0,D,0.0
21/05/17,1617,Inter,Lazio,Away,3.0,3.0,1.0,A,0.0
21/05/2023,2223,Inter,Napoli,Away,2.0,1.0,3.0,H,1.0
21/06/2020,1920,Inter,Sampdoria,Home,5.0,2.0,1.0,H,0.0
21/08/16,1617,Inter,Chievo,Away,3.0,0.0,2.0,H,0.0
21/08/2021,2122,Inter,Genoa,Home,8.0,4.0,0.0,H,0.0
21/09/05,506,Inter,Chievo,Away,10.0,1.0,0.0,A,0.0
21/09/08,809,Inter,Torino,Away,5.0,3.0,1.0,A,0.0
21/09/14,1415,Inter,Palermo,Away,3.0,1.0,1.0,D,0.0
21/09/16,1617,Inter,Empoli,Away,4.0,2.0,0.0,A,0.0
21/09/2019,1920,Inter,Milan,Away,9.0,2.0,0.0,A,0.0
21/09/2021,2122,Inter,Fiorentina,Away,5.0,3.0,1.0,A,0.0
21/09/2025,2526,Inter,Sassuolo,Home,6.0,2.0,1.0,H,0.0
21/10/12,1213,Inter,Catania,Home,8.0,2.0,0.0,H,0.0
21/10/17,1718,Inter,Napoli,Away,2.0,0.0,0.0,D,0.0
21/10/2018,1819,Inter,Milan,Home,7.0,1.0,0.0,H,0.0
21/10/2023,2324,Inter,Torino,Away,4.0,3.0,0.0,A,0.0
21/11/09,910,Inter,Bologna,Away,8.0,3.0,1.0,A,1.0
21/11/10,1011,Inter,Chievo,Away,7.0,1.0,2.0,H,0.0
21/11/2021,2122,Inter,Napoli,Home,7.0,3.0,2.0,H,0.0
21/12/05,506,Inter,Empoli,Home,9.0,4.0,1.0,H,0.0
21/12/11,1112,Inter,Lecce,Home,8.0,4.0,1.0,H,0.0
21/12/14,1415,Inter,Lazio,Home,6.0,2.0,2.0,D,0.0
21/12/16,1617,Inter,Lazio,Home,6.0,3.0,0.0,H,0.0
21/12/2019,1920,Inter,Genoa,Home,9.0,4.0,0.0,H,0.0
22/01/12,1112,Inter,Lazio,Home,4.0,2.0,1.0,H,0.0
22/01/17,1617,Inter,Palermo,Away,6.0,1.0,0.0,A,1.0
22/01/2022,2122,Inter,Venezia,Home,12.0,2.0,1.0,H,0.0
22/02/2025,2425,Inter,Genoa,Home,5.0,1.0,0.0,H,0.0
22/03/08,708,Inter,Juventus,Home,3.0,1.0,2.0,A,0.0
22/03/09,809,Inter,Reggina,Home,6.0,3.0,0.0,H,0.0
22/03/15,1415,Inter,Sampdoria,Away,2.0,0.0,1.0,H,0.0
22/03/2026,2526,Inter,Fiorentina,Away,4.0,1.0,1.0,D,0.0
22/04/06,506,Inter,Reggina,Home,13.0,4.0,0.0,H,0.0
22/04/07,607,Inter,Siena,Away,7.0,2.0,1.0,A,0.0
22/04/12,1112,Inter,Fiorentina,Away,4.0,0.0,0.0,D,0.0
22/04/17,1617,Inter,Fiorentina,Away,6.0,4.0,5.0,H,0.0
22/04/18,1718,Inter,Chievo,Away,5.0,2.0,1.0,A,0.0
22/04/2024,2324,Inter,Milan,Away,3.0,2.0,1.0,A,1.0
22/05/11,1011,Inter,Catania,Home,6.0,3.0,1.0,H,0.0
22/05/2022,2122,Inter,Sampdoria,Home,12.0,3.0,0.0,H,0.0
22/07/2020,1920,Inter,Fiorentina,Home,9.0,0.0,0.0,D,0.0
22/09/10,1011,Inter,Bari,Home,4.0,4.0,0.0,H,0.0
22/09/13,1314,Inter,Sassuolo,Away,11.0,7.0,0.0,A,0.0
22/09/2018,1819,Inter,Sampdoria,Away,5.0,1.0,0.0,A,0.0
22/09/2024,2425,Inter,Milan,Home,4.0,1.0,2.0,A,0.0
22/10/06,607,Inter,Udinese,Away,4.0,0.0,0.0,D,0.0
22/10/2022,2223,Inter,Fiorentina,Away,7.0,4.0,3.0,A,0.0
22/11/08,809,Inter,Juventus,Home,9.0,1.0,0.0,H,0.0
22/11/15,1516,Inter,Frosinone,Home,10.0,4.0,0.0,H,0.0
22/11/2020,2021,Inter,Torino,Home,7.0,4.0,2.0,H,0.0
22/12/12,1213,Inter,Genoa,Home,4.0,1.0,1.0,D,0.0
22/12/13,1314,Inter,Milan,Home,7.0,1.0,0.0,H,0.0
22/12/2018,1819,Inter,Chievo,Away,3.0,1.0,1.0,D,0.0
22/12/2021,2122,Inter,Torino,Home,3.0,1.0,0.0,H,0.0
23/01/11,1011,Inter,Udinese,Away,6.0,1.0,3.0,H,0.0
23/01/2021,2021,Inter,Udinese,Away,4.0,0.0,0.0,D,0.0
23/01/2023,2223,Inter,Empoli,Home,1.0,0.0,1.0,A,1.0
23/01/2026,2526,Inter,Pisa,Home,14.0,6.0,2.0,H,0.0
23/02/14,1314,Inter,Cagliari,Home,5.0,1.0,1.0,D,0.0
23/02/15,1415,Inter,Cagliari,Away,9.0,2.0,1.0,A,0.0
23/03/14,1314,Inter,Atalanta,Home,6.0,1.0,2.0,A,0.0
23/04/11,1011,Inter,Lazio,Home,6.0,2.0,1.0,H,1.0
23/04/16,1516,Inter,Udinese,Home,9.0,3.0,1.0,H,0.0
23/04/2022,2122,Inter,Roma,Home,8.0,3.0,1.0,H,0.0
23/04/2023,2223,Inter,Empoli,Away,4.0,3.0,0.0,A,0.0
23/05/15,1415,Inter,Genoa,Away,5.0,2.0,3.0,H,0.0
23/05/2021,2021,Inter,Udinese,Home,9.0,5.0,1.0,H,0.0
23/05/2025,2425,Inter,Como,Away,7.0,2.0,0.0,A,0.0
23/05/2026,2526,Inter,Bologna,Away,5.0,3.0,3.0,D,0.0
23/08/09,910,Inter,Bari,Home,3.0,1.0,1.0,D,0.0
23/08/15,1516,Inter,Atalanta,Home,7.0,1.0,0.0,H,0.0
23/09/07,708,Inter,Livorno,Away,10.0,2.0,2.0,D,1.0
23/09/09,910,Inter,Napoli,Home,7.0,3.0,1.0,H,0.0
23/09/12,1213,Inter,Siena,Home,11.0,0.0,2.0,A,0.0
23/09/15,1516,Inter,Verona,Home,4.0,1.0,0.0,H,0.0
23/10/05,506,Inter,Udinese,Away,10.0,1.0,0.0,A,0.0
23/10/11,1112,Inter,Chievo,Home,6.0,1.0,0.0,H,0.0
23/10/16,1617,Inter,Atalanta,Away,4.0,1.0,2.0,H,0.0
23/11/14,1415,Inter,Milan,Away,3.0,1.0,1.0,D,0.0
23/11/2019,1920,Inter,Torino,Away,5.0,3.0,0.0,A,0.0
23/11/2024,2425,Inter,Verona,Away,7.0,5.0,0.0,A,0.0
23/11/2025,2526,Inter,Milan,Home,6.0,0.0,1.0,A,0.0
23/12/06,607,Inter,Atalanta,Home,5.0,2.0,1.0,H,0.0
23/12/07,708,Inter,Milan,Home,3.0,2.0,1.0,H,0.0
23/12/17,1718,Inter,Sassuolo,Away,4.0,0.0,1.0,H,0.0
23/12/2020,2021,Inter,Verona,Away,5.0,2.0,1.0,A,0.0
23/12/2023,2324,Inter,Lecce,Home,8.0,2.0,0.0,H,0.0
23/12/2024,2425,Inter,Como,Home,5.0,2.0,0.0,H,0.0
24/01/10,910,Inter,Milan,Home,6.0,2.0,0.0,H,2.0
24/01/16,1516,Inter,Carpi,Home,7.0,1.0,1.0,D,0.0
24/02/08,708,Inter,Sampdoria,Away,4.0,1.0,1.0,D,0.0
24/02/13,1213,Inter,Milan,Home,4.0,1.0,1.0,D,0.0
24/02/18,1718,Inter,Benevento,Home,4.0,2.0,0.0,H,0.0
24/02/2019,1819,Inter,Fiorentina,Away,6.0,3.0,3.0,D,0.0
24/03/10,910,Inter,Livorno,Home,4.0,3.0,0.0,H,0.0
24/04/10,910,Inter,Atalanta,Home,9.0,3.0,1.0,H,0.0
24/05/09,809,Inter,Cagliari,Away,2.0,1.0,2.0,H,0.0
24/06/2020,1920,Inter,Sassuolo,Home,10.0,3.0,3.0,D,1.0
24/08/2024,2425,Inter,Lecce,Home,3.0,2.0,0.0,H,0.0
24/09/06,607,Inter,Chievo,Home,9.0,4.0,3.0,H,0.0
24/09/08,809,Inter,Lecce,Home,2.0,1.0,0.0,H,0.0
24/09/11,1112,Inter,Bologna,Away,6.0,3.0,1.0,A,0.0
24/09/14,1415,Inter,Atalanta,Home,6.0,2.0,0.0,H,0.0
24/09/17,1718,Inter,Genoa,Home,7.0,1.0,0.0,H,0.0
24/09/2023,2324,Inter,Empoli,Away,6.0,1.0,0.0,A,0.0
24/10/09,910,Inter,Catania,Home,5.0,2.0,1.0,H,0.0
24/10/10,1011,Inter,Sampdoria,Home,7.0,1.0,1.0,D,0.0
24/10/15,1516,Inter,Palermo,Away,7.0,1.0,1.0,D,1.0
24/10/17,1718,Inter,Sampdoria,Home,8.0,3.0,2.0,H,0.0
24/10/2020,2021,Inter,Genoa,Away,6.0,2.0,0.0,A,0.0
24/10/2021,2122,Inter,Juventus,Home,2.0,1.0,1.0,D,0.0
24/11/07,708,Inter,Atalanta,Home,3.0,2.0,1.0,H,0.0
24/11/13,1314,Inter,Bologna,Away,6.0,1.0,1.0,D,0.0
24/11/2018,1819,Inter,Frosinone,Home,14.0,3.0,0.0,H,0.0
25/01/09,809,Inter,Sampdoria,Home,4.0,1.0,0.0,H,0.0
25/01/15,1415,Inter,Torino,Home,2.0,0.0,1.0,A,0.0
25/02/07,607,Inter,Catania,Away,10.0,5.0,2.0,A,0.0
25/02/2022,2122,Inter,Genoa,Away,4.0,0.0,0.0,D,0.0
25/02/2024,2324,Inter,Lecce,Away,7.0,4.0,0.0,A,0.0
25/03/06,506,Inter,Parma,Away,9.0,0.0,1.0,H,0.0
25/03/12,1112,Inter,Juventus,Away,6.0,0.0,2.0,H,0.0
25/04/12,1112,Inter,Udinese,Away,5.0,3.0,1.0,A,0.0
25/04/15,1415,Inter,Roma,Home,3.0,2.0,1.0,H,0.0
25/04/2021,2021,Inter,Verona,Home,4.0,1.0,0.0,H,0.0
25/07/2020,1920,Inter,Genoa,Away,4.0,3.0,0.0,A,0.0
25/08/13,1314,Inter,Genoa,Home,5.0,2.0,0.0,H,0.0
25/08/2025,2526,Inter,Torino,Home,9.0,5.0,0.0,H,0.0
25/09/05,506,Inter,Fiorentina,Home,7.0,1.0,0.0,H,0.0
25/09/10,1011,Inter,Roma,Away,4.0,0.0,1.0,H,0.0
25/09/16,1617,Inter,Bologna,Home,6.0,1.0,1.0,D,0.0
25/09/2018,1819,Inter,Fiorentina,Home,3.0,2.0,1.0,H,0.0
25/09/2019,1920,Inter,Lazio,Home,4.0,1.0,0.0,H,0.0
25/09/2021,2122,Inter,Atalanta,Home,6.0,2.0,2.0,D,0.0
25/10/06,607,Inter,Livorno,Home,11.0,4.0,1.0,H,0.0
25/10/2025,2526,Inter,Napoli,Away,3.0,1.0,3.0,H,0.0
25/11/17,1718,Inter,Cagliari,Away,4.0,3.0,1.0,A,0.0
26/01/14,1314,Inter,Catania,Home,3.0,0.0,0.0,D,0.0
26/01/2020,1920,Inter,Cagliari,Home,5.0,1.0,1.0,D,2.0
26/01/2025,2425,Inter,Lecce,Away,5.0,4.0,0.0,A,0.0
26/02/06,506,Inter,Udinese,Home,7.0,3.0,1.0,H,1.0
26/02/12,1112,Inter,Napoli,Away,1.0,0.0,1.0,H,0.0
26/02/17,1617,Inter,Roma,Home,3.0,1.0,3.0,A,0.0
26/02/2023,2223,Inter,Bologna,Away,4.0,0.0,1.0,H,0.0
26/04/09,809,Inter,Napoli,Away,2.0,0.0,1.0,H,0.0
26/04/14,1314,Inter,Napoli,Home,6.0,0.0,0.0,D,0.0
26/04/2026,2526,Inter,Torino,Away,5.0,2.0,2.0,D,0.0
26/05/2019,1819,Inter,Empoli,Home,15.0,2.0,1.0,H,1.0
26/05/2024,2324,Inter,Verona,Away,11.0,2.0,2.0,D,0.0
26/08/07,708,Inter,Udinese,Home,3.0,1.0,1.0,D,1.0
26/08/12,1213,Inter,Pescara,Away,6.0,3.0,0.0,A,0.0
26/08/17,1718,Inter,Roma,Away,8.0,3.0,1.0,A,0.0
26/08/2018,1819,Inter,Torino,Home,6.0,2.0,2.0,D,0.0
26/08/2019,1920,Inter,Lecce,Home,7.0,4.0,0.0,H,0.0
26/08/2022,2223,Inter,Lazio,Away,7.0,1.0,3.0,H,0.0
26/09/07,708,Inter,Sampdoria,Home,6.0,3.0,0.0,H,0.0
26/09/09,910,Inter,Sampdoria,Away,3.0,0.0,1.0,H,0.0
26/09/12,1213,Inter,Chievo,Away,3.0,2.0,0.0,A,0.0
26/09/13,1314,Inter,Fiorentina,Home,5.0,2.0,1.0,H,0.0
26/09/2020,2021,Inter,Fiorentina,Home,6.0,4.0,3.0,H,0.0
26/10/05,506,Inter,Roma,Home,9.0,2.0,3.0,A,1.0
26/10/08,809,Inter,Genoa,Home,2.0,0.0,0.0,D,0.0
26/10/11,1112,Inter,Atalanta,Away,4.0,1.0,1.0,D,0.0
26/10/13,1314,Inter,Verona,Home,8.0,4.0,2.0,H,1.0
26/10/14,1415,Inter,Cesena,Away,6.0,1.0,0.0,A,0.0
26/10/16,1617,Inter,Torino,Home,6.0,2.0,1.0,H,0.0
26/10/2019,1920,Inter,Parma,Home,7.0,2.0,2.0,D,0.0
26/11/06,607,Inter,Palermo,Away,8.0,2.0,1.0,A,0.0
26/11/12,1213,Inter,Parma,Away,5.0,0.0,1.0,H,0.0
26/11/2023,2324,Inter,Juventus,Away,4.0,1.0,1.0,D,0.0
26/12/2018,1819,Inter,Napoli,Home,5.0,1.0,0.0,H,0.0
27/01/08,708,Inter,Udinese,Away,1.0,0.0,0.0,D,1.0
27/01/13,1213,Inter,Torino,Home,4.0,2.0,2.0,D,0.0
27/01/2019,1819,Inter,Torino,Away,4.0,0.0,1.0,H,1.0
27/02/08,708,Inter,Roma,Home,2.0,1.0,1.0,D,0.0
27/02/11,1011,Inter,Sampdoria,Away,11.0,2.0,0.0,A,0.0
27/03/10,910,Inter,Roma,Away,3.0,1.0,2.0,H,0.0
27/03/14,1314,Inter,Udinese,Home,3.0,0.0,0.0,D,0.0
27/04/08,708,Inter,Cagliari,Home,5.0,2.0,1.0,H,0.0
27/04/2019,1819,Inter,Juventus,Home,6.0,1.0,1.0,D,0.0
27/04/2022,2122,Inter,Bologna,Away,7.0,1.0,2.0,H,0.0
27/04/2025,2425,Inter,Roma,Home,2.0,0.0,1.0,A,0.0
27/05/07,607,Inter,Torino,Home,7.0,3.0,0.0,H,0.0
27/05/2023,2223,Inter,Atalanta,Home,11.0,3.0,2.0,H,0.0
27/08/2021,2122,Inter,Verona,Away,8.0,3.0,1.0,A,0.0
27/09/15,1516,Inter,Fiorentina,Home,2.0,1.0,4.0,A,1.0
27/09/2023,2324,Inter,Sassuolo,Home,3.0,1.0,2.0,A,0.0
27/09/2025,2526,Inter,Cagliari,Away,5.0,2.0,0.0,A,0.0
27/10/15,1516,Inter,Bologna,Away,6.0,1.0,0.0,A,1.0
27/10/2021,2122,Inter,Empoli,Away,9.0,2.0,0.0,A,0.0
27/10/2024,2425,Inter,Juventus,Home,9.0,4.0,4.0,D,0.0
27/11/05,506,Inter,Messina,Away,5.0,2.0,1.0,A,0.0
27/11/11,1112,Inter,Siena,Away,4.0,1.0,0.0,A,0.0
27/11/2021,2122,Inter,Venezia,Away,11.0,2.0,0.0,A,0.0
28/01/07,607,Inter,Sampdoria,Away,5.0,2.0,0.0,A,0.0
28/01/09,809,Inter,Catania,Away,5.0,2.0,0.0,A,1.0
28/01/17,1617,Inter,Pescara,Home,7.0,3.0,0.0,H,0.0
28/01/18,1718,Inter,Spal,Away,6.0,1.0,1.0,D,0.0
28/01/2023,2223,Inter,Cremonese,Away,10.0,2.0,1.0,A,0.0
28/01/2024,2324,Inter,Fiorentina,Away,4.0,1.0,0.0,A,0.0
28/02/07,607,Inter,Udinese,Home,7.0,1.0,1.0,D,0.0
28/02/10,910,Inter,Udinese,Away,5.0,3.0,2.0,A,0.0
28/02/16,1516,Inter,Juventus,Away,3.0,0.0,2.0,H,0.0
28/02/2021,2021,Inter,Genoa,Home,14.0,3.0,0.0,H,0.0
28/02/2024,2324,Inter,Atalanta,Home,7.0,4.0,0.0,H,0.0
28/02/2026,2526,Inter,Genoa,Home,6.0,2.0,0.0,H,0.0
28/04/13,1213,Inter,Palermo,Away,4.0,0.0,1.0,H,0.0
28/04/15,1415,Inter,Udinese,Away,11.0,2.0,1.0,A,0.0
28/04/18,1718,Inter,Juventus,Home,5.0,2.0,3.0,A,1.0
28/04/2024,2324,Inter,Torino,Home,5.0,2.0,0.0,H,0.0
28/05/17,1617,Inter,Udinese,Home,6.0,5.0,2.0,H,0.0
28/06/2020,1920,Inter,Parma,Away,6.0,2.0,1.0,A,1.0
28/07/2020,1920,Inter,Napoli,Home,5.0,2.0,0.0,H,0.0
28/08/05,506,Inter,Treviso,Home,9.0,3.0,0.0,H,0.0
28/08/16,1617,Inter,Palermo,Home,5.0,1.0,1.0,D,0.0
28/08/2023,2324,Inter,Cagliari,Away,3.0,2.0,0.0,A,0.0
28/09/08,809,Inter,Milan,Away,2.0,0.0,1.0,H,2.0
28/09/14,1415,Inter,Cagliari,Home,5.0,1.0,4.0,A,1.0
28/09/2019,1920,Inter,Sampdoria,Away,7.0,3.0,1.0,A,1.0
28/09/2024,2425,Inter,Udinese,Away,7.0,3.0,2.0,A,0.0
28/10/06,607,Inter,Milan,Away,8.0,4.0,3.0,A,1.0
28/10/07,708,Inter,Palermo,Away,5.0,0.0,0.0,D,0.0
28/10/12,1213,Inter,Bologna,Away,6.0,3.0,1.0,A,0.0
28/11/10,1011,Inter,Parma,Home,6.0,5.0,2.0,H,0.0
28/11/16,1617,Inter,Fiorentina,Home,9.0,4.0,2.0,H,0.0
28/11/2020,2021,Inter,Sassuolo,Away,4.0,3.0,0.0,A,0.0
28/12/2024,2425,Inter,Cagliari,Away,5.0,3.0,0.0,A,0.0
28/12/2025,2526,Inter,Atalanta,Away,4.0,1.0,0.0,A,0.0
29/01/06,506,Inter,Lecce,Away,6.0,2.0,0.0,A,0.0
29/01/12,1112,Inter,Lecce,Away,6.0,0.0,1.0,H,0.0
29/03/08,708,Inter,Lazio,Away,5.0,1.0,1.0,D,0.0
29/04/07,607,Inter,Empoli,Home,8.0,3.0,1.0,H,0.0
29/04/12,1112,Inter,Cesena,Home,9.0,2.0,1.0,H,0.0
29/08/09,910,Inter,Milan,Away,7.0,4.0,0.0,A,0.0
29/09/07,708,Inter,Roma,Away,10.0,4.0,1.0,A,0.0
29/09/13,1314,Inter,Cagliari,Away,5.0,1.0,1.0,D,0.0
29/09/2018,1819,Inter,Cagliari,Home,8.0,2.0,0.0,H,0.0
29/10/05,506,Inter,Sampdoria,Away,7.0,2.0,2.0,D,0.0
29/10/08,809,Inter,Fiorentina,Away,2.0,0.0,0.0,D,0.0
29/10/09,910,Inter,Palermo,Home,11.0,5.0,3.0,H,0.0
29/10/10,1011,Inter,Genoa,Away,5.0,1.0,0.0,A,0.0
29/10/11,1112,Inter,Juventus,Home,4.0,1.0,2.0,A,0.0
29/10/13,1314,Inter,Atalanta,Away,4.0,1.0,1.0,D,0.0
29/10/14,1415,Inter,Sampdoria,Home,5.0,1.0,0.0,H,0.0
29/10/2018,1819,Inter,Lazio,Away,7.0,3.0,0.0,A,0.0
29/10/2019,1920,Inter,Brescia,Away,2.0,2.0,1.0,A,0.0
29/10/2022,2223,Inter,Sampdoria,Home,8.0,3.0,0.0,H,0.0
29/10/2023,2324,Inter,Roma,Home,3.0,1.0,0.0,H,0.0
29/10/2025,2526,Inter,Fiorentina,Home,8.0,3.0,0.0,H,0.0
29/11/09,910,Inter,Fiorentina,Home,6.0,1.0,0.0,H,0.0
29/12/2018,1819,Inter,Empoli,Away,6.0,1.0,0.0,A,0.0
29/12/2023,2324,Inter,Genoa,Away,6.0,1.0,1.0,D,0.0
30/01/11,1011,Inter,Palermo,Home,10.0,3.0,2.0,H,0.0
30/01/2021,2021,Inter,Benevento,Home,8.0,4.0,0.0,H,0.0
30/03/13,1213,Inter,Juventus,Home,6.0,1.0,2.0,A,1.0
30/03/2025,2425,Inter,Udinese,Home,3.0,2.0,1.0,H,0.0
30/04/06,506,Inter,Empoli,Away,3.0,0.0,1.0,H,0.0
30/04/11,1011,Inter,Cesena,Away,5.0,2.0,1.0,A,0.0
30/04/17,1617,Inter,Napoli,Home,3.0,0.0,1.0,A,0.0
30/04/2023,2223,Inter,Lazio,Home,9.0,3.0,1.0,H,0.0
30/08/08,809,Inter,Sampdoria,Away,4.0,1.0,1.0,D,0.0
30/08/10,1011,Inter,Bologna,Away,7.0,0.0,0.0,D,0.0
30/08/15,1516,Inter,Carpi,Away,5.0,2.0,1.0,A,0.0
30/08/2022,2223,Inter,Cremonese,Home,7.0,3.0,1.0,H,0.0
30/08/2024,2425,Inter,Atalanta,Home,5.0,4.0,0.0,H,0.0
30/09/12,1213,Inter,Fiorentina,Home,6.0,2.0,1.0,H,0.0
30/09/2020,2021,Inter,Benevento,Away,12.0,5.0,2.0,A,0.0
30/09/2023,2324,Inter,Salernitana,Away,6.0,4.0,0.0,A,0.0
30/10/16,1617,Inter,Sampdoria,Away,3.0,0.0,1.0,H,0.0
30/10/17,1718,Inter,Verona,Away,4.0,2.0,1.0,A,0.0
30/10/2024,2425,Inter,Empoli,Away,5.0,3.0,0.0,A,0.0
30/11/08,809,Inter,Napoli,Home,4.0,2.0,1.0,H,0.0
30/11/14,1415,Inter,Roma,Away,4.0,2.0,4.0,H,0.0
30/11/15,1516,Inter,Napoli,Away,2.0,1.0,2.0,H,1.0
30/11/2025,2526,Inter,Pisa,Away,3.0,2.0,0.0,A,0.0
30/12/17,1718,Inter,Lazio,Home,3.0,0.0,0.0,D,0.0
31/01/16,1516,Inter,Milan,Away,3.0,0.0,3.0,H,0.0
31/03/14,1314,Inter,Livorno,Away,6.0,2.0,2.0,D,0.0
31/03/18,1718,Inter,Verona,Home,4.0,3.0,0.0,H,0.0
31/03/2019,1819,Inter,Lazio,Home,6.0,0.0,1.0,A,0.0
31/05/09,809,Inter,Atalanta,Home,9.0,4.0,3.0,H,0.0
31/05/15,1415,Inter,Empoli,Home,9.0,4.0,3.0,H,0.0
31/08/14,1415,Inter,Torino,Away,2.0,0.0,0.0,D,1.0
31/08/2025,2526,Inter,Udinese,Home,4.0,1.0,2.0,A,0.0
31/10/07,708,Inter,Genoa,Home,10.0,4.0,1.0,H,0.0
31/10/12,1213,Inter,Sampdoria,Home,5.0,3.0,2.0,H,0.0
31/10/15,1516,Inter,Roma,Home,3.0,1.0,0.0,H,0.0
31/10/2020,2021,Inter,Parma,Home,9.0,2.0,2.0,D,0.0
31/10/2021,2122,Inter,Udinese,Home,6.0,2.0,0.0,H,0.0
01/02/15,1415,Juventus,Udinese,Away,2.0,0.0,0.0,D,0.0
01/02/2026,2526,Juventus,Parma,Away,8.0,4.0,1.0,A,0.0
01/03/13,1213,Juventus,Napoli,Away,5.0,1.0,1.0,D,0.0
01/03/2026,2526,Juventus,Roma,Away,5.0,3.0,3.0,D,0.0
01/04/06,506,Juventus,Treviso,Away,6.0,0.0,0.0,D,0.0
01/04/12,1112,Juventus,Napoli,Home,9.0,3.0,0.0,H,0.0
01/04/2023,2223,Juventus,Verona,Home,2.0,1.0,0.0,H,0.0
01/05/16,1516,Juventus,Carpi,Home,3.0,2.0,0.0,H,0.0
01/05/2022,2122,Juventus,Venezia,Home,4.0,2.0,1.0,H,0.0
01/08/2020,1920,Juventus,Roma,Home,4.0,1.0,3.0,A,0.0
01/09/2018,1819,Juventus,Parma,Away,10.0,2.0,1.0,A,0.0
01/09/2024,2425,Juventus,Roma,Home,1.0,0.0,0.0,D,0.0
01/10/17,1718,Juventus,Atalanta,Away,8.0,2.0,2.0,D,0.0
01/10/2023,2324,Juventus,Atalanta,Away,3.0,0.0,0.0,D,0.0
01/11/08,809,Juventus,Roma,Home,6.0,2.0,0.0,H,0.0
01/11/14,1415,Juventus,Empoli,Away,7.0,2.0,0.0,A,0.0
01/11/2020,2021,Juventus,Spezia,Away,5.0,4.0,1.0,A,0.0
01/11/2025,2526,Juventus,Cremonese,Away,5.0,2.0,1.0,A,0.0
01/12/07,708,Juventus,Milan,Away,4.0,0.0,0.0,D,0.0
01/12/12,1213,Juventus,Torino,Home,10.0,3.0,0.0,H,0.0
01/12/13,1314,Juventus,Udinese,Home,5.0,1.0,0.0,H,0.0
01/12/17,1718,Juventus,Napoli,Away,4.0,1.0,0.0,A,0.0
01/12/2018,1819,Juventus,Fiorentina,Away,6.0,3.0,0.0,A,0.0
01/12/2019,1920,Juventus,Sassuolo,Home,9.0,2.0,2.0,D,0.0
01/12/2023,2324,Juventus,Monza,Away,7.0,2.0,1.0,A,0.0
01/12/2024,2425,Juventus,Lecce,Away,3.0,1.0,1.0,D,0.0
02/02/11,1011,Juventus,Palermo,Away,5.0,1.0,2.0,H,0.0
02/02/14,1314,Juventus,Inter,Home,9.0,3.0,1.0,H,0.0
02/02/2019,1819,Juventus,Parma,Home,9.0,3.0,3.0,D,0.0
02/02/2020,1920,Juventus,Fiorentina,Home,8.0,3.0,0.0,H,0.0
02/02/2025,2425,Juventus,Empoli,Home,8.0,4.0,1.0,H,0.0
02/03/08,708,Juventus,Fiorentina,Home,4.0,2.0,3.0,A,0.0
02/03/14,1314,Juventus,Milan,Away,5.0,2.0,0.0,A,0.0
02/03/15,1415,Juventus,Roma,Away,1.0,1.0,1.0,D,0.0
02/03/2021,2021,Juventus,Spezia,Home,9.0,3.0,0.0,H,0.0
02/04/16,1516,Juventus,Empoli,Home,9.0,1.0,0.0,H,0.0
02/04/17,1617,Juventus,Napoli,Away,1.0,1.0,1.0,D,0.0
02/04/2019,1819,Juventus,Cagliari,Away,6.0,2.0,0.0,A,0.0
02/05/10,910,Juventus,Catania,Away,5.0,1.0,1.0,D,0.0
02/05/11,1011,Juventus,Lazio,Away,3.0,1.0,0.0,A,0.0
02/05/12,1112,Juventus,Lecce,Home,7.0,1.0,1.0,D,0.0
02/05/15,1415,Juventus,Sampdoria,Away,5.0,1.0,0.0,A,0.0
02/05/2021,2021,Juventus,Udinese,Away,4.0,2.0,1.0,A,0.0
02/09/07,708,Juventus,Cagliari,Away,4.0,3.0,2.0,A,1.0
02/09/12,1213,Juventus,Udinese,Away,10.0,4.0,1.0,A,0.0
02/10/05,506,Juventus,Inter,Home,5.0,2.0,0.0,H,0.0
02/10/11,1112,Juventus,Milan,Home,7.0,2.0,0.0,H,0.0
02/10/16,1617,Juventus,Empoli,Away,11.0,3.0,0.0,A,0.0
02/10/2021,2122,Juventus,Torino,Away,3.0,1.0,0.0,A,0.0
02/10/2022,2223,Juventus,Bologna,Home,6.0,3.0,0.0,H,0.0
02/11/13,1314,Juventus,Parma,Away,5.0,1.0,0.0,A,0.0
02/11/2019,1920,Juventus,Torino,Away,10.0,1.0,0.0,A,0.0
02/11/2024,2425,Juventus,Udinese,Away,5.0,2.0,0.0,A,0.0
03/01/2021,2021,Juventus,Udinese,Home,10.0,4.0,1.0,H,0.0
03/01/2026,2526,Juventus,Lecce,Home,5.0,1.0,1.0,D,0.0
03/02/08,708,Juventus,Cagliari,Home,6.0,1.0,1.0,D,0.0
03/02/13,1213,Juventus,Chievo,Away,6.0,2.0,1.0,A,0.0
03/02/16,1516,Juventus,Genoa,Home,2.0,1.0,0.0,H,1.0
03/03/12,1112,Juventus,Chievo,Home,5.0,1.0,1.0,D,0.0
03/03/18,1718,Juventus,Lazio,Away,1.0,1.0,0.0,A,0.0
03/03/2019,1819,Juventus,Napoli,Away,3.0,2.0,1.0,A,1.0
03/03/2024,2324,Juventus,Napoli,Away,4.0,1.0,2.0,H,0.0
03/03/2025,2425,Juventus,Verona,Home,9.0,2.0,0.0,H,0.0
03/04/10,910,Juventus,Udinese,Away,6.0,0.0,3.0,H,0.0
03/04/11,1011,Juventus,Roma,Away,6.0,2.0,0.0,A,0.0
03/04/2021,2021,Juventus,Torino,Away,9.0,2.0,2.0,D,0.0
03/04/2022,2122,Juventus,Inter,Home,5.0,0.0,1.0,A,0.0
03/05/09,809,Juventus,Lecce,Home,6.0,2.0,2.0,D,0.0
03/05/2019,1819,Juventus,Torino,Home,4.0,1.0,1.0,D,0.0
03/05/2023,2223,Juventus,Lecce,Home,4.0,2.0,1.0,H,0.0
03/05/2026,2526,Juventus,Verona,Home,7.0,1.0,1.0,D,0.0
03/09/2022,2223,Juventus,Fiorentina,Away,1.0,1.0,1.0,D,0.0
03/09/2023,2324,Juventus,Empoli,Away,5.0,2.0,0.0,A,0.0
03/10/10,1011,Juventus,Inter,Away,8.0,0.0,0.0,D,0.0
03/11/12,1213,Juventus,Inter,Home,7.0,1.0,3.0,A,0.0
03/11/2018,1819,Juventus,Cagliari,Home,5.0,3.0,1.0,H,0.0
03/12/16,1617,Juventus,Atalanta,Home,7.0,3.0,1.0,H,0.0
04/01/2023,2223,Juventus,Cremonese,Away,8.0,1.0,0.0,A,0.0
04/02/18,1718,Juventus,Sassuolo,Home,10.0,7.0,0.0,H,0.0
04/02/2024,2324,Juventus,Inter,Away,1.0,0.0,1.0,H,0.0
04/03/06,506,Juventus,Sampdoria,Away,4.0,1.0,0.0,A,0.0
04/04/15,1415,Juventus,Empoli,Home,7.0,2.0,0.0,H,0.0
04/05/08,708,Juventus,Siena,Away,1.0,0.0,1.0,H,0.0
04/05/2025,2425,Juventus,Bologna,Away,3.0,1.0,1.0,D,0.0
04/06/2023,2223,Juventus,Udinese,Away,5.0,1.0,0.0,A,0.0
04/07/2020,1920,Juventus,Torino,Home,7.0,4.0,1.0,H,0.0
04/10/09,910,Juventus,Palermo,Away,0.0,0.0,2.0,H,0.0
04/10/15,1516,Juventus,Bologna,Home,8.0,3.0,1.0,H,0.0
04/11/07,708,Juventus,Inter,Home,4.0,1.0,1.0,D,0.0
04/12/05,506,Juventus,Fiorentina,Away,,2.0,1.0,A,0.0
04/12/11,1112,Juventus,Cesena,Home,8.0,2.0,0.0,H,0.0
04/12/15,1516,Juventus,Lazio,Away,1.0,2.0,0.0,A,0.0
05/01/14,1314,Juventus,Roma,Home,5.0,3.0,0.0,H,0.0
05/02/06,506,Juventus,Udinese,Home,8.0,1.0,0.0,H,0.0
05/02/11,1011,Juventus,Cagliari,Away,5.0,3.0,1.0,A,0.0
05/02/12,1112,Juventus,Siena,Home,7.0,0.0,0.0,D,0.0
05/02/17,1617,Juventus,Inter,Home,6.0,1.0,0.0,H,0.0
05/03/11,1011,Juventus,Milan,Home,0.0,0.0,1.0,A,0.0
05/03/17,1617,Juventus,Udinese,Away,3.0,1.0,1.0,D,0.0
05/03/2023,2223,Juventus,Roma,Away,5.0,0.0,1.0,H,1.0
05/04/09,809,Juventus,Chievo,Home,6.0,3.0,3.0,D,0.0
05/05/13,1213,Juventus,Palermo,Home,6.0,1.0,0.0,H,1.0
05/05/14,1314,Juventus,Atalanta,Home,4.0,1.0,0.0,H,0.0
05/05/18,1718,Juventus,Bologna,Home,6.0,3.0,1.0,H,0.0
05/05/2024,2324,Juventus,Roma,Away,6.0,1.0,1.0,D,0.0
05/10/08,809,Juventus,Palermo,Home,3.0,1.0,2.0,A,1.0
05/10/14,1415,Juventus,Roma,Home,5.0,3.0,2.0,H,1.0
05/10/2025,2526,Juventus,Milan,Home,3.0,0.0,0.0,D,0.0
05/11/17,1718,Juventus,Benevento,Home,8.0,2.0,1.0,H,0.0
05/11/2023,2324,Juventus,Fiorentina,Away,3.0,1.0,0.0,A,0.0
05/12/09,910,Juventus,Inter,Home,8.0,2.0,1.0,H,1.0
05/12/10,1011,Juventus,Catania,Away,6.0,3.0,1.0,A,0.0
05/12/14,1415,Juventus,Fiorentina,Away,3.0,0.0,0.0,D,0.0
05/12/2020,2021,Juventus,Torino,Home,5.0,2.0,1.0,H,1.0
05/12/2021,2122,Juventus,Genoa,Home,12.0,2.0,0.0,H,0.0
06/01/10,910,Juventus,Parma,Away,2.0,2.0,1.0,A,1.0
06/01/11,1011,Juventus,Parma,Home,2.0,1.0,4.0,A,1.0
06/01/13,1213,Juventus,Sampdoria,Home,7.0,1.0,2.0,A,0.0
06/01/15,1415,Juventus,Inter,Home,5.0,1.0,1.0,D,0.0
06/01/16,1516,Juventus,Verona,Home,6.0,3.0,0.0,H,0.0
06/01/18,1718,Juventus,Cagliari,Away,2.0,1.0,0.0,A,0.0
06/01/2020,1920,Juventus,Cagliari,Home,11.0,4.0,0.0,H,0.0
06/01/2021,2021,Juventus,Milan,Away,10.0,3.0,1.0,A,0.0
06/01/2022,2122,Juventus,Napoli,Home,5.0,1.0,1.0,D,0.0
06/01/2026,2526,Juventus,Sassuolo,Away,10.0,3.0,0.0,A,0.0
06/02/10,910,Juventus,Livorno,Away,3.0,1.0,1.0,D,1.0
06/02/2021,2021,Juventus,Roma,Home,3.0,2.0,0.0,H,0.0
06/02/2022,2122,Juventus,Verona,Home,8.0,2.0,0.0,H,0.0
06/03/10,910,Juventus,Fiorentina,Away,6.0,2.0,1.0,A,0.0
06/03/16,1516,Juventus,Atalanta,Away,5.0,2.0,0.0,A,0.0
06/03/2021,2021,Juventus,Lazio,Home,5.0,3.0,1.0,H,0.0
06/03/2022,2122,Juventus,Spezia,Home,3.0,1.0,0.0,H,0.0
06/04/08,708,Juventus,Palermo,Away,7.0,2.0,3.0,H,0.0
06/04/13,1213,Juventus,Pescara,Home,13.0,2.0,1.0,H,0.0
06/04/2019,1819,Juventus,Milan,Home,6.0,2.0,1.0,H,0.0
06/04/2025,2425,Juventus,Roma,Away,7.0,1.0,1.0,D,0.0
06/04/2026,2526,Juventus,Genoa,Home,5.0,2.0,0.0,H,0.0
06/05/12,1112,Juventus,Cagliari,Away,7.0,2.0,0.0,A,0.0
06/05/17,1617,Juventus,Torino,Home,5.0,1.0,1.0,D,0.0
06/05/2022,2122,Juventus,Genoa,Away,4.0,1.0,2.0,H,0.0
06/10/13,1314,Juventus,Milan,Home,6.0,3.0,2.0,H,0.0
06/10/2018,1819,Juventus,Udinese,Away,7.0,2.0,0.0,A,0.0
06/10/2019,1920,Juventus,Inter,Away,6.0,2.0,1.0,A,0.0
06/10/2024,2425,Juventus,Cagliari,Home,9.0,1.0,1.0,D,1.0
06/11/05,506,Juventus,Livorno,Home,7.0,3.0,0.0,H,0.0
06/11/16,1617,Juventus,Chievo,Away,6.0,2.0,1.0,A,0.0
06/11/2021,2122,Juventus,Fiorentina,Home,3.0,1.0,0.0,H,0.0
06/11/2022,2223,Juventus,Inter,Home,3.0,2.0,0.0,H,0.0
06/12/13,1314,Juventus,Bologna,Away,6.0,2.0,0.0,A,0.0
07/01/06,506,Juventus,Palermo,Away,6.0,2.0,1.0,A,0.0
07/01/2023,2223,Juventus,Udinese,Home,4.0,1.0,0.0,H,0.0
07/01/2024,2324,Juventus,Salernitana,Away,3.0,2.0,1.0,A,0.0
07/02/15,1415,Juventus,Milan,Home,8.0,3.0,1.0,H,0.0
07/02/16,1516,Juventus,Frosinone,Away,9.0,2.0,0.0,A,0.0
07/02/2023,2223,Juventus,Salernitana,Away,5.0,3.0,0.0,A,0.0
07/02/2025,2425,Juventus,Como,Away,3.0,2.0,1.0,A,0.0
07/03/09,809,Juventus,Torino,Away,8.0,1.0,0.0,A,0.0
07/03/12,1112,Juventus,Bologna,Away,4.0,1.0,1.0,D,1.0
07/03/2026,2526,Juventus,Pisa,Home,7.0,4.0,0.0,H,0.0
07/04/12,1112,Juventus,Palermo,Away,8.0,2.0,0.0,A,0.0
07/04/14,1314,Juventus,Livorno,Home,4.0,2.0,0.0,H,0.0
07/04/18,1718,Juventus,Benevento,Away,5.0,4.0,2.0,A,0.0
07/04/2021,2021,Juventus,Napoli,Home,3.0,2.0,1.0,H,0.0
07/04/2024,2324,Juventus,Fiorentina,Home,2.0,1.0,0.0,H,0.0
07/05/06,506,Juventus,Palermo,Home,6.0,2.0,1.0,H,0.0
07/05/2023,2223,Juventus,Atalanta,Away,5.0,2.0,0.0,A,0.0
07/07/2020,1920,Juventus,Milan,Away,4.0,2.0,4.0,H,0.0
07/10/07,708,Juventus,Fiorentina,Away,3.0,1.0,1.0,D,0.0
07/10/12,1213,Juventus,Siena,Away,8.0,2.0,1.0,A,0.0
07/10/2023,2324,Juventus,Torino,Home,6.0,2.0,0.0,H,0.0
07/11/09,910,Juventus,Atalanta,Away,6.0,5.0,2.0,A,0.0
07/11/10,1011,Juventus,Cesena,Home,8.0,3.0,1.0,H,0.0
07/12/08,809,Juventus,Lecce,Away,3.0,2.0,1.0,A,0.0
07/12/2018,1819,Juventus,Inter,Home,6.0,1.0,0.0,H,0.0
07/12/2019,1920,Juventus,Lazio,Away,5.0,1.0,3.0,H,1.0
07/12/2024,2425,Juventus,Bologna,Home,3.0,2.0,2.0,D,0.0
07/12/2025,2526,Juventus,Napoli,Away,2.0,1.0,2.0,H,0.0
08/01/12,1112,Juventus,Lecce,Away,8.0,1.0,0.0,A,0.0
08/01/17,1617,Juventus,Bologna,Home,4.0,3.0,0.0,H,0.0
08/02/06,506,Juventus,Parma,Home,5.0,1.0,1.0,D,0.0
08/02/09,809,Juventus,Catania,Away,6.0,2.0,1.0,A,1.0
08/02/17,1617,Juventus,Crotone,Away,11.0,2.0,0.0,A,0.0
08/02/2020,1920,Juventus,Verona,Away,5.0,1.0,2.0,H,0.0
08/02/2026,2526,Juventus,Lazio,Home,8.0,2.0,2.0,D,0.0
08/03/2019,1819,Juventus,Udinese,Home,6.0,4.0,1.0,H,0.0
08/03/2020,1920,Juventus,Inter,Home,6.0,2.0,0.0,H,0.0
08/04/17,1617,Juventus,Chievo,Home,6.0,2.0,0.0,H,0.0
08/04/2023,2223,Juventus,Lazio,Away,4.0,1.0,2.0,H,0.0
08/05/13,1213,Juventus,Atalanta,Away,3.0,1.0,0.0,A,0.0
08/05/16,1516,Juventus,Verona,Away,5.0,1.0,2.0,H,1.0
08/10/2022,2223,Juventus,Milan,Away,3.0,0.0,2.0,H,0.0
08/11/15,1516,Juventus,Empoli,Away,4.0,3.0,1.0,A,0.0
08/11/2020,2021,Juventus,Lazio,Away,6.0,1.0,1.0,D,0.0
08/11/2025,2526,Juventus,Torino,Home,6.0,0.0,0.0,D,0.0
08/12/2023,2324,Juventus,Napoli,Home,2.0,1.0,0.0,H,0.0
09/01/11,1011,Juventus,Napoli,Away,3.0,0.0,3.0,H,0.0
09/01/2022,2122,Juventus,Roma,Away,5.0,4.0,3.0,A,1.0
09/02/13,1213,Juventus,Fiorentina,Home,7.0,2.0,0.0,H,0.0
09/02/14,1314,Juventus,Verona,Away,4.0,2.0,2.0,D,0.0
09/02/18,1718,Juventus,Fiorentina,Away,3.0,2.0,0.0,A,0.0
09/03/08,708,Juventus,Genoa,Away,4.0,2.0,0.0,A,0.0
09/03/14,1314,Juventus,Fiorentina,Home,2.0,1.0,0.0,H,0.0
09/03/15,1415,Juventus,Sassuolo,Home,4.0,1.0,0.0,H,0.0
09/03/2025,2425,Juventus,Atalanta,Home,2.0,0.0,4.0,A,0.0
09/04/06,506,Juventus,Fiorentina,Home,4.0,1.0,1.0,D,0.0
09/04/16,1516,Juventus,Milan,Away,4.0,2.0,1.0,A,0.0
09/04/2022,2122,Juventus,Cagliari,Away,6.0,2.0,1.0,A,0.0
09/05/10,910,Juventus,Parma,Home,4.0,2.0,3.0,A,0.0
09/05/11,1011,Juventus,Chievo,Home,3.0,2.0,2.0,D,0.0
09/05/15,1415,Juventus,Cagliari,Home,4.0,1.0,1.0,D,0.0
09/05/2021,2021,Juventus,Milan,Home,4.0,0.0,3.0,A,0.0
09/05/2026,2526,Juventus,Lecce,Away,6.0,1.0,0.0,A,0.0
09/09/17,1718,Juventus,Chievo,Home,4.0,3.0,0.0,H,0.0
09/11/08,809,Juventus,Chievo,Away,5.0,2.0,0.0,A,0.0
09/11/14,1415,Juventus,Parma,Home,11.0,7.0,0.0,H,0.0
09/11/2024,2425,Juventus,Torino,Home,4.0,2.0,0.0,H,0.0
09/12/07,708,Juventus,Atalanta,Home,6.0,1.0,0.0,H,0.0
09/12/12,1213,Juventus,Palermo,Away,4.0,1.0,0.0,A,0.0
09/12/17,1718,Juventus,Inter,Home,8.0,0.0,0.0,D,0.0
10/01/10,910,Juventus,Milan,Home,4.0,0.0,3.0,A,0.0
10/01/16,1516,Juventus,Sampdoria,Away,5.0,2.0,1.0,A,0.0
10/01/2021,2021,Juventus,Sassuolo,Home,10.0,3.0,1.0,H,0.0
10/02/08,708,Juventus,Udinese,Away,2.0,2.0,1.0,A,0.0
10/02/2019,1819,Juventus,Sassuolo,Away,5.0,3.0,0.0,A,0.0
10/03/13,1213,Juventus,Catania,Home,5.0,1.0,0.0,H,0.0
10/03/17,1617,Juventus,Milan,Home,11.0,2.0,1.0,H,0.0
10/03/2024,2324,Juventus,Atalanta,Home,5.0,2.0,2.0,D,0.0
10/04/11,1011,Juventus,Genoa,Home,9.0,3.0,2.0,H,0.0
10/05/09,809,Juventus,Milan,Away,6.0,1.0,1.0,D,0.0
10/05/2025,2425,Juventus,Lazio,Away,3.0,1.0,1.0,D,1.0
10/09/16,1617,Juventus,Sassuolo,Home,10.0,3.0,1.0,H,0.0
10/11/10,1011,Juventus,Brescia,Away,4.0,1.0,1.0,D,0.0
10/11/12,1213,Juventus,Pescara,Away,9.0,6.0,1.0,A,0.0
10/11/13,1314,Juventus,Napoli,Home,10.0,3.0,0.0,H,1.0
10/11/2019,1920,Juventus,Milan,Home,5.0,1.0,0.0,H,0.0
10/11/2022,2223,Juventus,Verona,Away,3.0,1.0,0.0,A,1.0
11/01/09,809,Juventus,Siena,Home,3.0,1.0,0.0,H,0.0
11/01/15,1415,Juventus,Napoli,Away,5.0,3.0,1.0,A,0.0
11/01/2025,2425,Juventus,Torino,Away,9.0,1.0,1.0,D,0.0
11/03/12,1112,Juventus,Genoa,Away,5.0,0.0,0.0,D,0.0
11/03/16,1516,Juventus,Sassuolo,Home,7.0,1.0,0.0,H,0.0
11/03/18,1718,Juventus,Udinese,Home,4.0,2.0,0.0,H,0.0
11/04/09,809,Juventus,Genoa,Away,4.0,2.0,3.0,H,1.0
11/04/10,910,Juventus,Cagliari,Home,5.0,1.0,0.0,H,0.0
11/04/12,1112,Juventus,Lazio,Home,9.0,2.0,1.0,H,0.0
11/04/15,1415,Juventus,Parma,Away,3.0,0.0,1.0,H,0.0
11/04/2021,2021,Juventus,Genoa,Home,14.0,3.0,1.0,H,0.0
11/04/2026,2526,Juventus,Atalanta,Away,2.0,1.0,0.0,A,0.0
11/05/08,708,Juventus,Catania,Home,4.0,1.0,1.0,D,0.0
11/05/13,1213,Juventus,Cagliari,Home,5.0,1.0,1.0,D,0.0
11/05/14,1314,Juventus,Roma,Away,5.0,1.0,0.0,A,0.0
11/07/2020,1920,Juventus,Atalanta,Home,5.0,2.0,2.0,D,0.0
11/09/05,506,Juventus,Empoli,Away,8.0,4.0,0.0,A,0.0
11/09/11,1112,Juventus,Parma,Home,6.0,4.0,1.0,H,1.0
11/09/2021,2122,Juventus,Napoli,Away,4.0,1.0,2.0,H,0.0
11/09/2022,2223,Juventus,Salernitana,Home,7.0,2.0,2.0,D,2.0
11/11/07,708,Juventus,Parma,Away,1.0,2.0,2.0,D,0.0
11/11/2018,1819,Juventus,Milan,Away,8.0,2.0,0.0,A,0.0
11/11/2023,2324,Juventus,Cagliari,Home,4.0,2.0,1.0,H,0.0
11/12/05,506,Juventus,Cagliari,Home,9.0,4.0,0.0,H,0.0
11/12/16,1617,Juventus,Torino,Away,8.0,3.0,1.0,A,0.0
11/12/2021,2122,Juventus,Venezia,Away,6.0,1.0,1.0,D,0.0
12/01/08,708,Juventus,Catania,Away,2.0,1.0,1.0,D,0.0
12/01/14,1314,Juventus,Cagliari,Away,9.0,4.0,1.0,A,0.0
12/01/2020,1920,Juventus,Roma,Away,4.0,2.0,1.0,A,0.0
12/01/2026,2526,Juventus,Cremonese,Home,11.0,5.0,0.0,H,0.0
12/02/06,506,Juventus,Inter,Away,4.0,2.0,1.0,A,0.0
12/02/17,1617,Juventus,Cagliari,Away,3.0,2.0,0.0,A,0.0
12/02/2023,2223,Juventus,Fiorentina,Home,3.0,1.0,0.0,H,0.0
12/02/2024,2324,Juventus,Udinese,Home,6.0,0.0,1.0,A,0.0
12/03/06,506,Juventus,Milan,Home,3.0,0.0,0.0,D,0.0
12/03/11,1011,Juventus,Cesena,Away,3.0,2.0,2.0,D,1.0
12/03/2022,2122,Juventus,Sampdoria,Away,3.0,3.0,1.0,A,0.0
12/03/2023,2223,Juventus,Sampdoria,Home,8.0,4.0,2.0,H,0.0
12/04/08,708,Juventus,Milan,Home,6.0,3.0,2.0,H,0.0
12/04/2025,2425,Juventus,Lecce,Home,7.0,2.0,1.0,H,0.0
12/05/2019,1819,Juventus,Roma,Away,4.0,0.0,2.0,H,0.0
12/05/2021,2021,Juventus,Sassuolo,Away,8.0,3.0,1.0,A,0.0
12/05/2024,2324,Juventus,Salernitana,Home,6.0,1.0,1.0,D,0.0
12/09/09,910,Juventus,Lazio,Away,7.0,2.0,0.0,A,0.0
12/09/10,1011,Juventus,Sampdoria,Home,10.0,3.0,3.0,D,0.0
12/09/15,1516,Juventus,Chievo,Home,7.0,1.0,1.0,D,0.0
12/12/09,910,Juventus,Bari,Away,8.0,1.0,3.0,H,0.0
12/12/10,1011,Juventus,Lazio,Home,6.0,2.0,1.0,H,0.0
12/12/11,1112,Juventus,Roma,Away,9.0,1.0,1.0,D,0.0
13/01/13,1213,Juventus,Parma,Away,9.0,1.0,1.0,D,0.0
13/01/2023,2223,Juventus,Napoli,Away,2.0,1.0,5.0,H,0.0
13/02/11,1011,Juventus,Inter,Home,1.0,1.0,0.0,H,0.0
13/02/16,1516,Juventus,Napoli,Home,4.0,1.0,0.0,H,0.0
13/02/2021,2021,Juventus,Napoli,Away,6.0,0.0,1.0,H,0.0
13/02/2022,2122,Juventus,Atalanta,Away,6.0,1.0,1.0,D,0.0
13/04/2019,1819,Juventus,Spal,Away,3.0,1.0,2.0,H,0.0
13/04/2024,2324,Juventus,Torino,Away,3.0,0.0,0.0,D,0.0
13/05/12,1112,Juventus,Atalanta,Home,6.0,3.0,1.0,H,0.0
13/05/18,1718,Juventus,Roma,Away,0.0,0.0,0.0,D,0.0
13/09/14,1415,Juventus,Udinese,Home,7.0,2.0,0.0,H,0.0
13/09/2025,2526,Juventus,Inter,Home,4.0,4.0,3.0,H,0.0
13/11/08,809,Juventus,Genoa,Home,5.0,4.0,1.0,H,0.0
13/11/10,1011,Juventus,Roma,Home,3.0,1.0,1.0,D,0.0
13/11/2022,2223,Juventus,Lazio,Home,9.0,3.0,0.0,H,0.0
13/12/15,1516,Juventus,Fiorentina,Home,6.0,3.0,1.0,H,0.0
13/12/2020,2021,Juventus,Genoa,Away,9.0,3.0,1.0,A,0.0
14/01/2025,2425,Juventus,Atalanta,Away,9.0,1.0,1.0,D,0.0
14/02/10,910,Juventus,Genoa,Home,9.0,3.0,2.0,H,0.0
14/02/2026,2526,Juventus,Inter,Away,8.0,2.0,3.0,H,1.0
14/03/09,809,Juventus,Bologna,Home,9.0,4.0,1.0,H,0.0
14/03/10,910,Juventus,Siena,Home,6.0,3.0,3.0,D,0.0
14/03/15,1415,Juventus,Palermo,Away,3.0,1.0,0.0,A,0.0
14/03/18,1718,Juventus,Atalanta,Home,3.0,2.0,0.0,H,0.0
14/03/2021,2021,Juventus,Cagliari,Away,7.0,3.0,1.0,A,0.0
14/03/2026,2526,Juventus,Udinese,Away,8.0,1.0,0.0,A,0.0
14/04/14,1314,Juventus,Udinese,Away,3.0,2.0,0.0,A,0.0
14/05/06,506,Juventus,Reggina,Away,6.0,2.0,0.0,A,0.0
14/05/16,1516,Juventus,Sampdoria,Home,12.0,5.0,0.0,H,0.0
14/05/17,1617,Juventus,Roma,Away,5.0,1.0,3.0,H,0.0
14/05/2023,2223,Juventus,Cremonese,Home,7.0,2.0,0.0,H,0.0
14/09/08,809,Juventus,Udinese,Home,6.0,1.0,0.0,H,0.0
14/09/13,1314,Juventus,Inter,Away,5.0,1.0,1.0,D,0.0
14/09/2019,1920,Juventus,Fiorentina,Away,4.0,0.0,0.0,D,0.0
14/09/2024,2425,Juventus,Empoli,Away,3.0,0.0,0.0,D,0.0
14/10/17,1718,Juventus,Lazio,Home,6.0,1.0,2.0,A,0.0
14/12/08,809,Juventus,Milan,Home,7.0,4.0,2.0,H,0.0
14/12/14,1415,Juventus,Sampdoria,Home,8.0,1.0,1.0,D,0.0
14/12/2024,2425,Juventus,Venezia,Home,4.0,2.0,2.0,D,0.0
14/12/2025,2526,Juventus,Bologna,Away,3.0,1.0,0.0,A,0.0
15/01/06,506,Juventus,Reggina,Home,13.0,1.0,0.0,H,0.0
15/01/12,1112,Juventus,Cagliari,Home,3.0,1.0,1.0,D,0.0
15/01/17,1617,Juventus,Fiorentina,Away,4.0,1.0,2.0,H,0.0
15/01/2022,2122,Juventus,Udinese,Home,4.0,2.0,0.0,H,0.0
15/02/09,809,Juventus,Sampdoria,Home,6.0,1.0,1.0,D,0.0
15/02/12,1112,Juventus,Parma,Away,4.0,0.0,0.0,D,0.0
15/02/15,1415,Juventus,Cesena,Away,4.0,2.0,2.0,D,0.0
15/02/2019,1819,Juventus,Frosinone,Home,8.0,3.0,0.0,H,0.0
15/04/06,506,Juventus,Cagliari,Away,5.0,1.0,1.0,D,0.0
15/04/13,1213,Juventus,Lazio,Away,5.0,2.0,0.0,A,0.0
15/04/17,1617,Juventus,Pescara,Away,7.0,2.0,0.0,A,0.0
15/04/18,1718,Juventus,Sampdoria,Home,5.0,3.0,0.0,H,0.0
15/05/10,910,Juventus,Milan,Away,6.0,0.0,3.0,H,0.0
15/05/11,1011,Juventus,Parma,Away,4.0,0.0,1.0,H,0.0
15/05/2021,2021,Juventus,Inter,Home,7.0,3.0,2.0,H,1.0
15/07/2020,1920,Juventus,Sassuolo,Away,6.0,3.0,3.0,D,0.0
15/08/2022,2223,Juventus,Sassuolo,Home,4.0,3.0,0.0,H,0.0
15/10/05,506,Juventus,Messina,Home,10.0,1.0,0.0,H,0.0
15/10/16,1617,Juventus,Udinese,Home,5.0,2.0,1.0,H,0.0
15/10/2022,2223,Juventus,Torino,Away,8.0,1.0,0.0,A,0.0
15/12/07,708,Juventus,Lazio,Away,3.0,3.0,2.0,A,0.0
15/12/13,1314,Juventus,Sassuolo,Home,8.0,4.0,0.0,H,0.0
15/12/2018,1819,Juventus,Torino,Away,4.0,1.0,0.0,A,0.0
15/12/2019,1920,Juventus,Udinese,Home,12.0,3.0,1.0,H,0.0
15/12/2023,2324,Juventus,Genoa,Away,4.0,1.0,1.0,D,0.0
16/01/11,1011,Juventus,Bari,Home,3.0,2.0,1.0,H,0.0
16/01/2024,2324,Juventus,Sassuolo,Home,5.0,3.0,0.0,H,0.0
16/02/08,708,Juventus,Roma,Home,3.0,1.0,0.0,H,0.0
16/02/13,1213,Juventus,Roma,Away,3.0,0.0,1.0,H,0.0
16/02/14,1314,Juventus,Chievo,Home,5.0,3.0,1.0,H,0.0
16/02/2020,1920,Juventus,Brescia,Home,11.0,2.0,0.0,H,0.0
16/02/2025,2425,Juventus,Inter,Home,8.0,1.0,0.0,H,0.0
16/03/08,708,Juventus,Napoli,Home,4.0,1.0,0.0,H,0.0
16/03/13,1213,Juventus,Bologna,Away,5.0,2.0,0.0,A,0.0
16/03/14,1314,Juventus,Genoa,Away,1.0,1.0,0.0,A,0.0
16/03/2025,2425,Juventus,Fiorentina,Away,2.0,0.0,3.0,H,0.0
16/04/08,708,Juventus,Parma,Home,5.0,3.0,0.0,H,0.0
16/04/10,910,Juventus,Inter,Away,6.0,0.0,2.0,H,1.0
16/04/2022,2122,Juventus,Bologna,Home,4.0,1.0,1.0,D,0.0
16/04/2023,2223,Juventus,Sassuolo,Away,3.0,0.0,1.0,H,0.0
16/05/15,1415,Juventus,Inter,Away,4.0,2.0,1.0,A,0.0
16/05/2022,2122,Juventus,Lazio,Home,2.0,2.0,2.0,D,0.0
16/09/07,708,Juventus,Udinese,Home,2.0,0.0,1.0,A,0.0
16/09/12,1213,Juventus,Genoa,Away,5.0,3.0,1.0,A,0.0
16/09/2018,1819,Juventus,Sassuolo,Home,6.0,2.0,1.0,H,1.0
16/09/2023,2324,Juventus,Lazio,Home,7.0,3.0,1.0,H,0.0
16/10/11,1112,Juventus,Chievo,Away,2.0,0.0,0.0,D,0.0
16/12/12,1213,Juventus,Atalanta,Home,12.0,3.0,0.0,H,0.0
16/12/2020,2021,Juventus,Atalanta,Home,7.0,1.0,1.0,D,0.0
17/01/10,910,Juventus,Chievo,Away,3.0,0.0,1.0,H,0.0
17/01/16,1516,Juventus,Udinese,Away,8.0,4.0,0.0,A,0.0
17/01/2021,2021,Juventus,Inter,Away,4.0,0.0,2.0,H,0.0
17/01/2026,2526,Juventus,Cagliari,Away,5.0,0.0,1.0,H,0.0
17/02/17,1617,Juventus,Palermo,Home,7.0,4.0,1.0,H,0.0
17/02/2024,2324,Juventus,Verona,Away,4.0,2.0,2.0,D,0.0
17/03/12,1112,Juventus,Fiorentina,Away,7.0,5.0,0.0,A,0.0
17/03/18,1718,Juventus,Spal,Away,3.0,0.0,0.0,D,0.0
17/03/2019,1819,Juventus,Genoa,Away,0.0,0.0,2.0,H,0.0
17/03/2024,2324,Juventus,Genoa,Home,2.0,0.0,0.0,D,1.0
17/04/11,1011,Juventus,Fiorentina,Away,2.0,0.0,0.0,D,0.0
17/04/16,1516,Juventus,Palermo,Home,6.0,4.0,0.0,H,0.0
17/05/08,708,Juventus,Sampdoria,Away,5.0,3.0,3.0,D,1.0
17/05/09,809,Juventus,Atalanta,Home,6.0,2.0,2.0,D,0.0
17/05/2026,2526,Juventus,Fiorentina,Home,9.0,0.0,2.0,A,0.0
17/09/17,1718,Juventus,Sassuolo,Away,6.0,3.0,1.0,A,0.0
17/10/09,910,Juventus,Fiorentina,Home,7.0,1.0,1.0,D,0.0
17/10/10,1011,Juventus,Lecce,Home,5.0,4.0,0.0,H,0.0
17/10/2020,2021,Juventus,Crotone,Away,3.0,1.0,1.0,D,1.0
17/10/2021,2122,Juventus,Roma,Home,2.0,1.0,0.0,H,0.0
17/11/12,1213,Juventus,Lazio,Home,4.0,0.0,0.0,D,0.0
17/12/05,506,Juventus,Lazio,Away,,1.0,1.0,D,0.0
17/12/16,1617,Juventus,Roma,Home,6.0,1.0,0.0,H,0.0
17/12/17,1718,Juventus,Bologna,Away,6.0,3.0,0.0,A,0.0
18/01/06,506,Juventus,Chievo,Away,4.0,1.0,1.0,D,0.0
18/01/09,809,Juventus,Lazio,Away,4.0,1.0,1.0,D,0.0
18/01/14,1314,Juventus,Sampdoria,Home,5.0,4.0,2.0,H,0.0
18/01/15,1415,Juventus,Verona,Home,8.0,4.0,0.0,H,0.0
18/01/2025,2425,Juventus,Milan,Home,6.0,2.0,0.0,H,0.0
18/02/06,506,Juventus,Messina,Away,6.0,2.0,2.0,D,1.0
18/02/12,1112,Juventus,Catania,Home,11.0,3.0,1.0,H,0.0
18/02/18,1718,Juventus,Torino,Away,3.0,1.0,0.0,A,0.0
18/02/2022,2122,Juventus,Torino,Home,3.0,1.0,1.0,D,0.0
18/03/06,506,Juventus,Livorno,Away,3.0,3.0,1.0,A,0.0
18/04/09,809,Juventus,Inter,Home,4.0,1.0,1.0,D,1.0
18/04/15,1415,Juventus,Lazio,Home,4.0,2.0,0.0,H,0.0
18/04/18,1718,Juventus,Crotone,Away,4.0,1.0,1.0,D,0.0
18/04/2021,2021,Juventus,Atalanta,Away,3.0,0.0,1.0,H,0.0
18/05/13,1213,Juventus,Sampdoria,Away,12.0,2.0,3.0,H,0.0
18/05/14,1314,Juventus,Cagliari,Home,8.0,3.0,0.0,H,0.0
18/05/2025,2425,Juventus,Udinese,Home,7.0,2.0,0.0,H,0.0
18/08/2018,1819,Juventus,Chievo,Away,11.0,3.0,2.0,A,0.0
18/09/05,506,Juventus,Ascoli,Home,7.0,2.0,1.0,H,0.0
18/09/11,1112,Juventus,Siena,Away,5.0,1.0,0.0,A,0.0
18/09/16,1617,Juventus,Inter,Away,2.0,1.0,2.0,H,0.0
18/09/2022,2223,Juventus,Monza,Away,2.0,0.0,1.0,H,1.0
18/10/08,809,Juventus,Napoli,Away,5.0,1.0,2.0,H,0.0
18/10/14,1415,Juventus,Sassuolo,Away,7.0,1.0,1.0,D,1.0
18/10/15,1516,Juventus,Inter,Away,4.0,0.0,0.0,D,0.0
18/12/11,1112,Juventus,Novara,Home,12.0,2.0,0.0,H,0.0
18/12/14,1415,Juventus,Cagliari,Away,7.0,3.0,1.0,A,0.0
18/12/2019,1920,Juventus,Sampdoria,Away,4.0,2.0,1.0,A,0.0
18/12/2021,2122,Juventus,Bologna,Away,7.0,2.0,0.0,A,0.0
19/01/13,1213,Juventus,Udinese,Home,8.0,4.0,0.0,H,0.0
19/01/2020,1920,Juventus,Parma,Home,6.0,2.0,1.0,H,0.0
19/02/16,1516,Juventus,Bologna,Away,0.0,0.0,0.0,D,0.0
19/02/2023,2223,Juventus,Spezia,Away,3.0,2.0,0.0,A,0.0
19/03/08,708,Juventus,Empoli,Away,2.0,0.0,0.0,D,0.0
19/03/17,1617,Juventus,Sampdoria,Away,5.0,1.0,0.0,A,0.0
19/03/2023,2223,Juventus,Inter,Away,3.0,1.0,0.0,A,1.0
19/04/14,1314,Juventus,Bologna,Home,7.0,1.0,0.0,H,0.0
19/04/2024,2324,Juventus,Cagliari,Away,3.0,2.0,2.0,D,0.0
19/04/2026,2526,Juventus,Bologna,Home,4.0,2.0,0.0,H,0.0
19/05/18,1718,Juventus,Verona,Home,13.0,2.0,1.0,H,0.0
19/05/2019,1819,Juventus,Atalanta,Home,4.0,1.0,1.0,D,1.0
19/08/17,1718,Juventus,Cagliari,Home,7.0,3.0,0.0,H,0.0
19/08/2024,2425,Juventus,Como,Home,9.0,3.0,0.0,H,0.0
19/09/09,910,Juventus,Livorno,Home,4.0,2.0,0.0,H,0.0
19/09/10,1011,Juventus,Udinese,Away,9.0,4.0,0.0,A,0.0
19/09/2021,2122,Juventus,Milan,Home,4.0,1.0,1.0,D,0.0
19/10/2019,1920,Juventus,Bologna,Home,11.0,2.0,1.0,H,0.0
19/10/2024,2425,Juventus,Lazio,Home,3.0,1.0,0.0,H,0.0
19/10/2025,2526,Juventus,Como,Away,3.0,0.0,2.0,H,0.0
19/11/05,506,Juventus,Roma,Away,6.0,4.0,1.0,A,1.0
19/11/16,1617,Juventus,Pescara,Home,5.0,3.0,0.0,H,0.0
19/11/17,1718,Juventus,Sampdoria,Away,4.0,2.0,3.0,H,0.0
19/12/10,1011,Juventus,Chievo,Away,5.0,1.0,1.0,D,1.0
19/12/2020,2021,Juventus,Parma,Away,7.0,4.0,0.0,A,0.0
20/01/08,708,Juventus,Sampdoria,Home,4.0,0.0,0.0,D,0.0
20/02/11,1011,Juventus,Lecce,Away,1.0,0.0,2.0,H,1.0
20/02/15,1415,Juventus,Atalanta,Home,6.0,2.0,1.0,H,0.0
20/03/11,1011,Juventus,Brescia,Home,5.0,2.0,1.0,H,0.0
20/03/16,1516,Juventus,Torino,Away,7.0,4.0,1.0,A,1.0
20/03/2022,2122,Juventus,Salernitana,Home,7.0,2.0,0.0,H,0.0
20/04/08,708,Juventus,Atalanta,Away,6.0,4.0,0.0,A,0.0
20/04/16,1516,Juventus,Lazio,Home,12.0,3.0,0.0,H,0.0
20/04/2019,1819,Juventus,Fiorentina,Home,5.0,2.0,1.0,H,0.0
20/05/2024,2324,Juventus,Bologna,Away,4.0,3.0,3.0,D,0.0
20/07/2020,1920,Juventus,Lazio,Home,10.0,2.0,1.0,H,0.0
20/08/16,1617,Juventus,Fiorentina,Home,4.0,2.0,1.0,H,0.0
20/08/2023,2324,Juventus,Udinese,Away,4.0,3.0,0.0,A,0.0
20/09/14,1415,Juventus,Milan,Away,4.0,1.0,0.0,A,0.0
20/09/15,1516,Juventus,Genoa,Away,4.0,2.0,0.0,A,0.0
20/09/17,1718,Juventus,Fiorentina,Home,5.0,1.0,0.0,H,0.0
20/09/2020,2021,Juventus,Sampdoria,Home,9.0,3.0,0.0,H,0.0
20/09/2025,2526,Juventus,Verona,Away,4.0,1.0,1.0,D,0.0
20/10/12,1213,Juventus,Napoli,Home,5.0,2.0,0.0,H,0.0
20/10/13,1314,Juventus,Fiorentina,Away,8.0,2.0,4.0,H,0.0
20/10/2018,1819,Juventus,Genoa,Home,4.0,1.0,1.0,D,0.0
20/11/11,1112,Juventus,Palermo,Home,4.0,3.0,0.0,H,0.0
20/11/2021,2122,Juventus,Lazio,Away,5.0,2.0,0.0,A,0.0
20/12/09,910,Juventus,Catania,Home,8.0,1.0,2.0,A,0.0
20/12/15,1516,Juventus,Carpi,Away,6.0,3.0,2.0,A,0.0
20/12/2025,2526,Juventus,Roma,Home,9.0,2.0,1.0,H,0.0
21/01/12,1112,Juventus,Atalanta,Away,8.0,2.0,0.0,A,0.0
21/01/2019,1819,Juventus,Chievo,Home,11.0,3.0,0.0,H,0.0
21/01/2024,2324,Juventus,Lecce,Away,8.0,3.0,0.0,A,0.0
21/02/09,809,Juventus,Palermo,Away,8.0,2.0,0.0,A,0.0
21/02/10,910,Juventus,Bologna,Away,7.0,2.0,1.0,A,0.0
21/02/2026,2526,Juventus,Como,Home,3.0,0.0,2.0,A,0.0
21/03/09,809,Juventus,Roma,Away,5.0,4.0,1.0,A,0.0
21/03/10,910,Juventus,Sampdoria,Away,3.0,0.0,1.0,H,0.0
21/03/2021,2021,Juventus,Benevento,Home,9.0,0.0,1.0,A,0.0
21/03/2026,2526,Juventus,Sassuolo,Home,8.0,1.0,1.0,D,0.0
21/04/13,1213,Juventus,Milan,Home,5.0,1.0,0.0,H,0.0
21/04/2021,2021,Juventus,Parma,Home,8.0,3.0,1.0,H,0.0
21/05/17,1617,Juventus,Crotone,Home,7.0,3.0,0.0,H,0.0
21/05/2022,2122,Juventus,Fiorentina,Away,0.0,0.0,2.0,H,0.0
21/09/05,506,Juventus,Udinese,Away,3.0,1.0,0.0,A,0.0
21/09/08,809,Juventus,Cagliari,Away,5.0,1.0,0.0,A,0.0
21/09/11,1112,Juventus,Bologna,Home,6.0,1.0,1.0,D,1.0
21/09/16,1617,Juventus,Cagliari,Home,13.0,4.0,0.0,H,0.0
21/09/2019,1920,Juventus,Verona,Home,3.0,2.0,1.0,H,0.0
21/09/2024,2425,Juventus,Napoli,Home,1.0,0.0,0.0,D,0.0
21/10/07,708,Juventus,Genoa,Home,5.0,1.0,0.0,H,1.0
21/10/2022,2223,Juventus,Empoli,Home,7.0,4.0,0.0,H,0.0
21/11/10,1011,Juventus,Genoa,Away,4.0,2.0,0.0,A,0.0
21/11/15,1516,Juventus,Milan,Home,5.0,1.0,0.0,H,0.0
21/11/2020,2021,Juventus,Cagliari,Home,8.0,2.0,0.0,H,0.0
21/12/05,506,Juventus,Siena,Home,6.0,2.0,0.0,H,0.0
21/12/08,809,Juventus,Atalanta,Away,5.0,3.0,1.0,A,0.0
21/12/11,1112,Juventus,Udinese,Away,5.0,0.0,0.0,D,0.0
21/12/12,1213,Juventus,Cagliari,Away,10.0,3.0,1.0,A,0.0
21/12/2021,2122,Juventus,Cagliari,Home,4.0,2.0,0.0,H,0.0
22/01/06,506,Juventus,Empoli,Home,6.0,2.0,1.0,H,0.0
22/01/17,1617,Juventus,Lazio,Home,2.0,2.0,0.0,H,0.0
22/01/18,1718,Juventus,Genoa,Home,5.0,1.0,0.0,H,0.0
22/01/2023,2223,Juventus,Atalanta,Home,8.0,3.0,3.0,D,0.0
22/02/2020,1920,Juventus,Spal,Away,9.0,2.0,1.0,A,0.0
22/02/2021,2021,Juventus,Crotone,Home,9.0,3.0,0.0,H,0.0
22/03/08,708,Juventus,Inter,Away,8.0,2.0,1.0,A,0.0
22/03/15,1415,Juventus,Genoa,Home,4.0,1.0,0.0,H,0.0
22/04/06,506,Juventus,Lazio,Home,9.0,1.0,1.0,D,0.0
22/04/12,1112,Juventus,Roma,Home,9.0,4.0,0.0,H,0.0
22/04/18,1718,Juventus,Napoli,Home,0.0,0.0,1.0,A,0.0
22/05/11,1011,Juventus,Napoli,Home,9.0,2.0,2.0,D,0.0
22/05/2023,2223,Juventus,Empoli,Away,4.0,1.0,4.0,H,0.0
22/06/2020,1920,Juventus,Bologna,Away,5.0,2.0,0.0,A,1.0
22/08/2021,2122,Juventus,Udinese,Away,4.0,2.0,2.0,D,0.0
22/08/2022,2223,Juventus,Sampdoria,Away,4.0,0.0,0.0,D,0.0
22/09/12,1213,Juventus,Chievo,Home,9.0,2.0,0.0,H,0.0
22/09/13,1314,Juventus,Verona,Home,15.0,2.0,1.0,H,0.0
22/09/2021,2122,Juventus,Spezia,Away,9.0,3.0,2.0,A,0.0
22/10/11,1112,Juventus,Genoa,Home,7.0,2.0,2.0,D,0.0
22/10/16,1617,Juventus,Milan,Away,3.0,0.0,1.0,H,0.0
22/10/17,1718,Juventus,Udinese,Away,5.0,6.0,2.0,A,1.0
22/10/2023,2324,Juventus,Milan,Away,4.0,1.0,0.0,A,0.0
22/11/08,809,Juventus,Inter,Away,2.0,0.0,1.0,H,0.0
22/11/09,910,Juventus,Udinese,Home,7.0,1.0,0.0,H,0.0
22/11/14,1415,Juventus,Lazio,Away,4.0,3.0,0.0,A,1.0
22/11/2025,2526,Juventus,Fiorentina,Away,4.0,1.0,1.0,D,0.0
22/12/13,1314,Juventus,Atalanta,Away,4.0,4.0,1.0,A,0.0
22/12/2018,1819,Juventus,Roma,Home,7.0,1.0,0.0,H,0.0
22/12/2020,2021,Juventus,Fiorentina,Home,3.0,0.0,3.0,A,1.0
22/12/2024,2425,Juventus,Monza,Away,9.0,2.0,1.0,A,0.0
23/01/10,910,Juventus,Roma,Home,3.0,1.0,2.0,A,1.0
23/01/11,1011,Juventus,Sampdoria,Away,3.0,0.0,0.0,D,0.0
23/01/2022,2122,Juventus,Milan,Away,0.0,0.0,0.0,D,0.0
23/02/08,708,Juventus,Reggina,Away,4.0,1.0,2.0,H,1.0
23/02/14,1314,Juventus,Torino,Home,6.0,1.0,0.0,H,0.0
23/02/2025,2425,Juventus,Cagliari,Away,7.0,1.0,0.0,A,0.0
23/03/14,1314,Juventus,Catania,Away,2.0,1.0,0.0,A,0.0
23/04/11,1011,Juventus,Catania,Home,5.0,2.0,2.0,D,0.0
23/04/17,1617,Juventus,Genoa,Home,4.0,4.0,0.0,H,0.0
23/04/2023,2223,Juventus,Napoli,Home,4.0,0.0,1.0,A,0.0
23/04/2025,2425,Juventus,Parma,Away,2.0,0.0,1.0,H,0.0
23/05/15,1415,Juventus,Napoli,Home,5.0,3.0,1.0,H,0.0
23/05/2021,2021,Juventus,Bologna,Away,11.0,4.0,1.0,A,0.0
23/07/2020,1920,Juventus,Udinese,Away,6.0,1.0,2.0,H,0.0
23/08/09,910,Juventus,Chievo,Home,2.0,1.0,0.0,H,0.0
23/08/15,1516,Juventus,Udinese,Home,5.0,0.0,1.0,A,0.0
23/09/07,708,Juventus,Roma,Away,3.0,2.0,2.0,D,0.0
23/09/10,1011,Juventus,Palermo,Home,9.0,1.0,3.0,A,0.0
23/09/15,1516,Juventus,Frosinone,Home,7.0,1.0,1.0,D,0.0
23/09/17,1718,Juventus,Torino,Home,10.0,4.0,0.0,H,0.0
23/09/2018,1819,Juventus,Frosinone,Away,8.0,2.0,0.0,A,0.0
23/09/2023,2324,Juventus,Sassuolo,Away,2.0,2.0,4.0,H,0.0
23/10/05,506,Juventus,Lecce,Away,9.0,3.0,0.0,A,0.0
23/11/2019,1920,Juventus,Atalanta,Away,5.0,3.0,1.0,A,0.0
23/11/2024,2425,Juventus,Milan,Away,2.0,0.0,0.0,D,0.0
23/12/07,708,Juventus,Siena,Home,3.0,2.0,0.0,H,0.0
23/12/17,1718,Juventus,Roma,Home,7.0,1.0,0.0,H,0.0
23/12/2023,2324,Juventus,Frosinone,Away,3.0,2.0,1.0,A,0.0
24/01/09,809,Juventus,Fiorentina,Home,7.0,1.0,0.0,H,0.0
24/01/16,1516,Juventus,Roma,Home,7.0,1.0,0.0,H,0.0
24/01/2021,2021,Juventus,Bologna,Home,12.0,2.0,0.0,H,0.0
24/02/13,1213,Juventus,Siena,Home,6.0,3.0,0.0,H,0.0
24/02/2019,1819,Juventus,Bologna,Away,4.0,1.0,0.0,A,0.0
24/04/16,1516,Juventus,Fiorentina,Away,3.0,2.0,1.0,A,0.0
24/05/09,809,Juventus,Siena,Away,8.0,3.0,0.0,A,0.0
24/05/2026,2526,Juventus,Torino,Away,4.0,2.0,2.0,D,0.0
24/08/13,1314,Juventus,Sampdoria,Away,4.0,1.0,0.0,A,0.0
24/08/2019,1920,Juventus,Parma,Away,4.0,1.0,0.0,A,0.0
24/08/2025,2526,Juventus,Parma,Home,8.0,2.0,0.0,H,1.0
24/09/05,506,Juventus,Parma,Away,6.0,2.0,1.0,A,0.0
24/09/08,809,Juventus,Catania,Home,8.0,1.0,1.0,D,0.0
24/09/09,910,Juventus,Genoa,Away,8.0,2.0,2.0,D,0.0
24/09/14,1415,Juventus,Cesena,Home,13.0,3.0,0.0,H,0.0
24/09/16,1617,Juventus,Palermo,Away,7.0,1.0,0.0,A,0.0
24/09/2019,1920,Juventus,Brescia,Away,7.0,2.0,1.0,A,0.0
24/10/10,1011,Juventus,Bologna,Away,5.0,0.0,0.0,D,0.0
24/10/2021,2122,Juventus,Inter,Away,4.0,1.0,1.0,D,0.0
24/11/13,1314,Juventus,Livorno,Away,6.0,2.0,0.0,A,0.0
24/11/2018,1819,Juventus,Spal,Home,8.0,2.0,0.0,H,0.0
25/01/14,1314,Juventus,Lazio,Away,3.0,1.0,1.0,D,1.0
25/01/15,1415,Juventus,Chievo,Home,8.0,2.0,0.0,H,0.0
25/01/2025,2425,Juventus,Napoli,Away,2.0,1.0,2.0,H,0.0
25/01/2026,2526,Juventus,Napoli,Home,6.0,3.0,0.0,H,0.0
25/02/12,1112,Juventus,Milan,Away,3.0,1.0,1.0,D,1.0
25/02/17,1617,Juventus,Empoli,Home,6.0,2.0,0.0,H,0.0
25/02/2024,2324,Juventus,Frosinone,Home,5.0,3.0,2.0,H,0.0
25/03/06,506,Juventus,Roma,Home,3.0,1.0,1.0,D,1.0
25/03/10,910,Juventus,Napoli,Away,3.0,1.0,3.0,H,0.0
25/03/12,1112,Juventus,Inter,Home,12.0,2.0,0.0,H,0.0
25/04/10,910,Juventus,Bari,Home,8.0,3.0,0.0,H,0.0
25/04/12,1112,Juventus,Cesena,Away,7.0,1.0,0.0,A,0.0
25/04/2021,2021,Juventus,Fiorentina,Away,1.0,1.0,1.0,D,0.0
25/04/2022,2122,Juventus,Sassuolo,Away,5.0,2.0,1.0,A,0.0
25/05/2024,2324,Juventus,Monza,Home,4.0,2.0,0.0,H,0.0
25/05/2025,2425,Juventus,Venezia,Away,5.0,3.0,2.0,A,0.0
25/08/07,708,Juventus,Livorno,Home,9.0,5.0,1.0,H,0.0
25/08/12,1213,Juventus,Parma,Home,6.0,2.0,0.0,H,0.0
25/08/2018,1819,Juventus,Lazio,Home,9.0,2.0,0.0,H,0.0
25/09/11,1112,Juventus,Catania,Away,5.0,1.0,1.0,D,0.0
25/09/12,1213,Juventus,Fiorentina,Away,2.0,0.0,0.0,D,0.0
25/09/13,1314,Juventus,Chievo,Away,8.0,2.0,1.0,A,0.0
25/10/08,809,Juventus,Torino,Home,5.0,1.0,0.0,H,0.0
25/10/09,910,Juventus,Siena,Away,1.0,1.0,0.0,A,0.0
25/10/11,1112,Juventus,Fiorentina,Home,14.0,2.0,1.0,H,0.0
25/10/15,1516,Juventus,Atalanta,Home,10.0,2.0,0.0,H,0.0
25/10/17,1718,Juventus,Spal,Home,6.0,4.0,1.0,H,0.0
25/10/2020,2021,Juventus,Verona,Home,8.0,1.0,1.0,D,0.0
25/11/07,708,Juventus,Palermo,Home,10.0,5.0,0.0,H,0.0
25/11/12,1213,Juventus,Milan,Away,2.0,0.0,1.0,H,0.0
26/01/13,1213,Juventus,Genoa,Home,6.0,1.0,1.0,D,0.0
26/01/2020,1920,Juventus,Napoli,Away,5.0,1.0,2.0,H,0.0
26/02/06,506,Juventus,Lecce,Home,7.0,3.0,1.0,H,0.0
26/02/08,708,Juventus,Torino,Home,4.0,0.0,0.0,D,1.0
26/02/11,1011,Juventus,Bologna,Home,3.0,0.0,2.0,A,0.0
26/02/2022,2122,Juventus,Empoli,Away,5.0,3.0,2.0,A,0.0
26/03/14,1314,Juventus,Parma,Home,7.0,2.0,1.0,H,0.0
26/04/09,809,Juventus,Reggina,Away,5.0,2.0,2.0,D,0.0
26/04/15,1415,Juventus,Torino,Away,5.0,1.0,2.0,H,0.0
26/04/2026,2526,Juventus,Milan,Away,5.0,0.0,0.0,D,0.0
26/05/2019,1819,Juventus,Sampdoria,Away,1.0,0.0,2.0,H,0.0
26/06/2020,1920,Juventus,Lecce,Home,12.0,4.0,0.0,H,0.0
26/07/2020,1920,Juventus,Sampdoria,Home,8.0,2.0,0.0,H,0.0
26/08/17,1718,Juventus,Genoa,Away,7.0,4.0,2.0,A,0.0
26/08/2024,2425,Juventus,Verona,Away,5.0,3.0,0.0,A,0.0
26/09/07,708,Juventus,Reggina,Home,10.0,4.0,0.0,H,0.0
26/09/10,1011,Juventus,Cagliari,Home,6.0,4.0,2.0,H,0.0
26/09/15,1516,Juventus,Napoli,Away,3.0,1.0,2.0,H,0.0
26/09/2018,1819,Juventus,Bologna,Home,9.0,2.0,0.0,H,0.0
26/09/2021,2122,Juventus,Sampdoria,Home,6.0,3.0,2.0,H,0.0
26/09/2023,2324,Juventus,Lecce,Home,5.0,1.0,0.0,H,0.0
26/10/05,506,Juventus,Sampdoria,Home,9.0,2.0,0.0,H,0.0
26/10/14,1415,Juventus,Palermo,Home,5.0,2.0,0.0,H,0.0
26/10/16,1617,Juventus,Sampdoria,Home,7.0,4.0,1.0,H,0.0
26/10/2019,1920,Juventus,Lecce,Away,6.0,1.0,1.0,D,0.0
26/10/2025,2526,Juventus,Lazio,Away,5.0,0.0,1.0,H,0.0
26/11/11,1112,Juventus,Lazio,Away,5.0,1.0,0.0,A,0.0
26/11/17,1718,Juventus,Crotone,Home,10.0,3.0,0.0,H,0.0
26/11/2023,2324,Juventus,Inter,Home,1.0,1.0,1.0,D,0.0
26/12/2018,1819,Juventus,Atalanta,Away,3.0,2.0,2.0,D,1.0
27/01/08,708,Juventus,Livorno,Away,8.0,3.0,1.0,A,0.0
27/01/18,1718,Juventus,Chievo,Away,7.0,2.0,0.0,A,0.0
27/01/2019,1819,Juventus,Lazio,Away,3.0,2.0,1.0,A,0.0
27/01/2024,2324,Juventus,Empoli,Home,3.0,1.0,1.0,D,1.0
27/02/2021,2021,Juventus,Verona,Away,6.0,1.0,1.0,D,0.0
27/04/08,708,Juventus,Lazio,Home,6.0,5.0,2.0,H,0.0
27/04/2019,1819,Juventus,Inter,Away,4.0,1.0,1.0,D,0.0
27/04/2024,2324,Juventus,Milan,Home,7.0,0.0,0.0,D,0.0
27/04/2025,2425,Juventus,Monza,Home,5.0,2.0,0.0,H,1.0
27/05/17,1617,Juventus,Bologna,Away,7.0,2.0,1.0,A,0.0
27/08/16,1617,Juventus,Lazio,Away,5.0,1.0,0.0,A,0.0
27/08/2022,2223,Juventus,Roma,Home,3.0,1.0,1.0,D,0.0
27/08/2023,2324,Juventus,Bologna,Home,3.0,1.0,1.0,D,0.0
27/09/08,809,Juventus,Sampdoria,Away,2.0,0.0,0.0,D,0.0
27/09/09,910,Juventus,Bologna,Home,5.0,1.0,1.0,D,0.0
27/09/14,1415,Juventus,Atalanta,Away,7.0,3.0,0.0,A,0.0
27/09/2020,2021,Juventus,Roma,Away,3.0,2.0,2.0,D,1.0
27/09/2025,2526,Juventus,Atalanta,Home,10.0,1.0,1.0,D,0.0
27/10/07,708,Juventus,Napoli,Away,4.0,1.0,3.0,H,0.0
27/10/13,1314,Juventus,Genoa,Home,9.0,2.0,0.0,H,0.0
27/10/2018,1819,Juventus,Empoli,Away,7.0,2.0,1.0,A,0.0
27/10/2021,2122,Juventus,Sassuolo,Home,3.0,1.0,2.0,A,0.0
27/10/2024,2425,Juventus,Inter,Away,5.0,4.0,4.0,D,0.0
27/11/05,506,Juventus,Treviso,Home,6.0,3.0,1.0,H,0.0
27/11/10,1011,Juventus,Fiorentina,Home,6.0,1.0,1.0,D,0.0
27/11/16,1617,Juventus,Genoa,Away,2.0,1.0,3.0,H,0.0
27/11/2021,2122,Juventus,Atalanta,Home,2.0,0.0,1.0,A,0.0
27/12/2025,2526,Juventus,Pisa,Away,7.0,2.0,0.0,A,0.0
28/01/09,809,Juventus,Udinese,Away,3.0,1.0,2.0,H,0.0
28/01/12,1112,Juventus,Udinese,Home,5.0,2.0,1.0,H,0.0
28/02/09,809,Juventus,Napoli,Home,4.0,1.0,0.0,H,0.0
28/02/10,910,Juventus,Palermo,Home,1.0,0.0,2.0,A,0.0
28/02/16,1516,Juventus,Inter,Home,6.0,2.0,0.0,H,0.0
28/02/2023,2223,Juventus,Torino,Home,6.0,4.0,2.0,H,0.0
28/03/10,910,Juventus,Atalanta,Home,3.0,2.0,1.0,H,0.0
28/04/13,1213,Juventus,Torino,Away,4.0,2.0,0.0,A,0.0
28/04/14,1314,Juventus,Sassuolo,Away,6.0,3.0,1.0,A,0.0
28/04/17,1617,Juventus,Atalanta,Away,8.0,2.0,2.0,D,0.0
28/04/18,1718,Juventus,Inter,Away,4.0,3.0,2.0,A,0.0
28/05/2023,2223,Juventus,Milan,Home,3.0,0.0,1.0,A,0.0
28/08/05,506,Juventus,Chievo,Home,7.0,1.0,0.0,H,0.0
28/08/2021,2122,Juventus,Empoli,Home,6.0,0.0,1.0,A,0.0
28/09/2019,1920,Juventus,Spal,Home,10.0,2.0,0.0,H,0.0
28/09/2024,2425,Juventus,Genoa,Away,3.0,3.0,0.0,A,0.0
28/10/09,910,Juventus,Sampdoria,Home,9.0,5.0,1.0,H,0.0
28/10/12,1213,Juventus,Catania,Away,9.0,1.0,0.0,A,0.0
28/10/15,1516,Juventus,Sassuolo,Away,3.0,0.0,1.0,H,1.0
28/10/17,1718,Juventus,Milan,Away,4.0,2.0,0.0,A,0.0
28/10/2023,2324,Juventus,Verona,Home,6.0,1.0,0.0,H,0.0
28/11/2020,2021,Juventus,Benevento,Away,5.0,1.0,1.0,D,1.0
29/01/06,506,Juventus,Ascoli,Away,6.0,3.0,1.0,A,0.0
29/01/17,1617,Juventus,Sassuolo,Away,5.0,2.0,0.0,A,0.0
29/01/2023,2223,Juventus,Monza,Home,8.0,0.0,2.0,A,0.0
29/03/2025,2425,Juventus,Genoa,Home,6.0,1.0,0.0,H,0.0
29/04/12,1112,Juventus,Novara,Away,10.0,4.0,0.0,A,0.0
29/04/15,1415,Juventus,Fiorentina,Home,5.0,3.0,2.0,H,0.0
29/07/2020,1920,Juventus,Cagliari,Away,10.0,0.0,2.0,H,0.0
29/08/10,1011,Juventus,Bari,Away,2.0,0.0,1.0,H,0.0
29/09/12,1213,Juventus,Roma,Home,8.0,4.0,1.0,H,0.0
29/09/13,1314,Juventus,Torino,Away,6.0,1.0,0.0,A,0.0
29/09/2018,1819,Juventus,Napoli,Home,9.0,3.0,1.0,H,0.0
29/10/05,506,Juventus,Milan,Away,3.0,1.0,3.0,H,0.0
29/10/08,809,Juventus,Bologna,Away,4.0,2.0,1.0,A,0.0
29/10/11,1112,Juventus,Inter,Away,6.0,2.0,1.0,A,0.0
29/10/14,1415,Juventus,Genoa,Away,4.0,0.0,1.0,H,0.0
29/10/16,1617,Juventus,Napoli,Home,3.0,2.0,1.0,H,0.0
29/10/2022,2223,Juventus,Lecce,Away,5.0,1.0,0.0,A,0.0
29/10/2025,2526,Juventus,Udinese,Home,11.0,3.0,1.0,H,0.0
29/11/08,809,Juventus,Reggina,Home,7.0,4.0,0.0,H,0.0
29/11/09,910,Juventus,Cagliari,Away,4.0,0.0,2.0,H,0.0
29/11/11,1112,Juventus,Napoli,Away,7.0,3.0,3.0,D,0.0
29/11/15,1516,Juventus,Palermo,Away,4.0,3.0,0.0,A,0.0
29/11/2025,2526,Juventus,Cagliari,Home,6.0,2.0,1.0,H,0.0
29/12/2018,1819,Juventus,Sampdoria,Home,8.0,2.0,1.0,H,0.0
29/12/2024,2425,Juventus,Fiorentina,Home,5.0,2.0,2.0,D,0.0
30/01/11,1011,Juventus,Udinese,Home,4.0,1.0,2.0,A,1.0
30/01/2021,2021,Juventus,Sampdoria,Away,4.0,2.0,0.0,A,0.0
30/03/13,1213,Juventus,Inter,Away,5.0,2.0,1.0,A,0.0
30/03/14,1314,Juventus,Napoli,Away,2.0,0.0,2.0,H,0.0
30/03/2019,1819,Juventus,Empoli,Home,6.0,1.0,0.0,H,0.0
30/03/2024,2324,Juventus,Lazio,Away,3.0,0.0,1.0,H,0.0
30/04/06,506,Juventus,Siena,Away,5.0,3.0,0.0,A,0.0
30/04/2023,2223,Juventus,Bologna,Away,5.0,1.0,1.0,D,0.0
30/05/15,1415,Juventus,Verona,Away,4.0,2.0,2.0,D,1.0
30/06/2020,1920,Juventus,Genoa,Away,9.0,3.0,1.0,A,0.0
30/08/09,910,Juventus,Roma,Away,10.0,3.0,1.0,A,0.0
30/08/14,1415,Juventus,Chievo,Away,3.0,1.0,0.0,A,0.0
30/08/15,1516,Juventus,Roma,Away,2.0,1.0,2.0,H,2.0
30/09/07,708,Juventus,Torino,Away,3.0,1.0,0.0,A,0.0
30/10/10,1011,Juventus,Milan,Away,6.0,2.0,1.0,A,0.0
30/10/13,1314,Juventus,Catania,Home,10.0,4.0,0.0,H,0.0
30/10/2019,1920,Juventus,Genoa,Home,11.0,2.0,1.0,H,1.0
30/10/2021,2122,Juventus,Verona,Away,4.0,1.0,2.0,H,0.0
30/10/2024,2425,Juventus,Parma,Home,6.0,2.0,2.0,D,0.0
30/11/14,1415,Juventus,Torino,Home,3.0,2.0,1.0,H,1.0
30/11/2021,2122,Juventus,Salernitana,Away,7.0,2.0,0.0,A,0.0
30/12/17,1718,Juventus,Verona,Away,8.0,3.0,1.0,A,0.0
30/12/2023,2324,Juventus,Roma,Home,4.0,1.0,0.0,H,0.0
31/01/09,809,Juventus,Cagliari,Home,4.0,2.0,3.0,A,0.0
31/01/10,910,Juventus,Lazio,Home,7.0,1.0,1.0,D,0.0
31/01/16,1516,Juventus,Chievo,Away,10.0,4.0,0.0,A,0.0
31/03/18,1718,Juventus,Milan,Home,4.0,3.0,1.0,H,0.0
31/05/09,809,Juventus,Lazio,Home,6.0,2.0,0.0,H,0.0
31/08/08,809,Juventus,Fiorentina,Away,5.0,1.0,1.0,D,0.0
31/08/13,1314,Juventus,Lazio,Home,5.0,4.0,1.0,H,0.0
31/08/2019,1920,Juventus,Napoli,Home,8.0,4.0,3.0,H,0.0
31/08/2022,2223,Juventus,Spezia,Home,3.0,2.0,0.0,H,0.0
31/08/2025,2526,Juventus,Genoa,Away,3.0,1.0,0.0,A,0.0
31/10/07,708,Juventus,Empoli,Home,7.0,3.0,0.0,H,0.0
31/10/09,910,Juventus,Napoli,Home,4.0,2.0,3.0,A,1.0
31/10/12,1213,Juventus,Bologna,Home,12.0,2.0,1.0,H,0.0
31/10/15,1516,Juventus,Torino,Home,6.0,2.0,1.0,H,0.0
01/02/09,809,Lazio,Milan,Home,6.0,0.0,3.0,A,0.0
01/02/11,1011,Lazio,Milan,Away,1.0,0.0,0.0,D,0.0
01/02/12,1112,Lazio,Milan,Home,4.0,2.0,0.0,H,0.0
01/02/15,1415,Lazio,Cesena,Away,6.0,1.0,2.0,H,0.0
01/03/08,708,Lazio,Milan,Away,5.0,1.0,1.0,D,1.0
01/03/15,1415,Lazio,Sassuolo,Away,6.0,3.0,0.0,A,0.0
01/03/2024,2324,Lazio,Milan,Home,3.0,0.0,1.0,A,3.0
01/03/2026,2526,Lazio,Torino,Away,3.0,0.0,2.0,H,0.0
01/04/07,607,Lazio,Udinese,Away,7.0,4.0,2.0,A,0.0
01/04/17,1617,Lazio,Sassuolo,Away,4.0,2.0,1.0,A,0.0
01/05/16,1516,Lazio,Inter,Home,4.0,2.0,0.0,H,0.0
01/08/2020,1920,Lazio,Napoli,Away,4.0,1.0,3.0,H,0.0
01/09/2019,1920,Lazio,Roma,Home,13.0,1.0,1.0,D,0.0
01/10/05,506,Lazio,Udinese,Away,1.0,0.0,3.0,H,0.0
01/10/16,1617,Lazio,Udinese,Away,5.0,3.0,0.0,A,0.0
01/10/17,1718,Lazio,Sassuolo,Home,13.0,6.0,1.0,H,0.0
01/11/09,910,Lazio,Siena,Away,2.0,1.0,1.0,D,0.0
01/11/15,1516,Lazio,Milan,Home,4.0,1.0,3.0,A,0.0
01/11/2020,2021,Lazio,Torino,Away,5.0,4.0,3.0,A,0.0
01/12/2019,1920,Lazio,Udinese,Home,6.0,3.0,0.0,H,0.0
01/12/2024,2425,Lazio,Parma,Away,8.0,1.0,3.0,H,0.0
02/02/14,1314,Lazio,Chievo,Away,6.0,2.0,0.0,A,0.0
02/02/2020,1920,Lazio,Spal,Home,10.0,5.0,1.0,H,0.0
02/03/13,1213,Lazio,Milan,Away,3.0,0.0,3.0,H,1.0
02/03/14,1314,Lazio,Fiorentina,Away,3.0,1.0,0.0,A,0.0
02/03/2019,1819,Lazio,Roma,Home,4.0,3.0,0.0,H,0.0
02/03/2025,2425,Lazio,Milan,Away,8.0,2.0,1.0,A,0.0
02/04/06,506,Lazio,Empoli,Home,8.0,3.0,3.0,D,0.0
02/04/2022,2122,Lazio,Sassuolo,Home,5.0,2.0,1.0,H,0.0
02/04/2023,2223,Lazio,Monza,Away,4.0,2.0,0.0,A,0.0
02/05/09,809,Lazio,Inter,Away,4.0,0.0,2.0,H,0.0
02/05/10,910,Lazio,Inter,Home,4.0,0.0,2.0,A,0.0
02/05/11,1011,Lazio,Juventus,Home,4.0,0.0,1.0,A,1.0
02/05/12,1112,Lazio,Siena,Home,8.0,1.0,1.0,D,0.0
02/05/2021,2021,Lazio,Genoa,Home,12.0,4.0,3.0,H,0.0
02/09/07,708,Lazio,Sampdoria,Away,3.0,0.0,0.0,D,0.0
02/09/12,1213,Lazio,Palermo,Home,6.0,3.0,0.0,H,0.0
02/09/2018,1819,Lazio,Frosinone,Home,8.0,1.0,0.0,H,0.0
02/09/2023,2324,Lazio,Napoli,Away,2.0,2.0,1.0,A,0.0
02/10/11,1112,Lazio,Fiorentina,Away,7.0,2.0,1.0,A,0.0
02/10/2022,2223,Lazio,Spezia,Home,6.0,4.0,0.0,H,0.0
02/11/08,809,Lazio,Catania,Home,7.0,1.0,0.0,H,0.0
02/12/07,708,Lazio,Siena,Away,2.0,1.0,1.0,D,0.0
02/12/12,1213,Lazio,Parma,Home,3.0,2.0,1.0,H,0.0
02/12/13,1314,Lazio,Napoli,Home,4.0,2.0,4.0,A,0.0
02/12/2018,1819,Lazio,Chievo,Away,7.0,1.0,1.0,D,0.0
02/12/2021,2122,Lazio,Udinese,Home,5.0,4.0,4.0,D,1.0
02/12/2023,2324,Lazio,Cagliari,Home,5.0,1.0,0.0,H,0.0
03/01/2021,2021,Lazio,Genoa,Away,4.0,1.0,1.0,D,0.0
03/02/08,708,Lazio,Sampdoria,Home,4.0,2.0,1.0,H,0.0
03/02/13,1213,Lazio,Genoa,Away,3.0,2.0,3.0,H,0.0
03/02/16,1516,Lazio,Napoli,Home,0.0,0.0,2.0,A,0.0
03/02/2025,2425,Lazio,Cagliari,Away,6.0,2.0,1.0,A,0.0
03/03/18,1718,Lazio,Juventus,Home,2.0,0.0,1.0,A,0.0
03/03/2023,2223,Lazio,Napoli,Away,2.0,1.0,0.0,A,0.0
03/04/10,910,Lazio,Napoli,Home,5.0,1.0,1.0,D,0.0
03/04/11,1011,Lazio,Napoli,Away,4.0,3.0,4.0,H,1.0
03/04/16,1516,Lazio,Roma,Home,3.0,1.0,4.0,A,1.0
03/04/2019,1819,Lazio,Spal,Away,5.0,0.0,1.0,H,0.0
03/04/2021,2021,Lazio,Spezia,Home,5.0,2.0,1.0,H,2.0
03/05/15,1415,Lazio,Atalanta,Away,5.0,1.0,1.0,D,0.0
03/05/2023,2223,Lazio,Sassuolo,Home,5.0,2.0,0.0,H,0.0
03/06/2023,2223,Lazio,Empoli,Away,11.0,2.0,0.0,A,0.0
03/09/2022,2223,Lazio,Napoli,Home,2.0,1.0,2.0,A,0.0
03/10/10,1011,Lazio,Brescia,Home,8.0,1.0,0.0,H,0.0
03/10/2021,2122,Lazio,Bologna,Away,4.0,0.0,3.0,H,1.0
03/11/07,708,Lazio,Fiorentina,Home,1.0,0.0,1.0,A,1.0
03/11/13,1314,Lazio,Genoa,Home,4.0,0.0,2.0,A,0.0
03/11/14,1415,Lazio,Cagliari,Home,5.0,4.0,2.0,H,0.0
03/11/2019,1920,Lazio,Milan,Away,7.0,2.0,1.0,A,0.0
03/11/2023,2324,Lazio,Bologna,Away,1.0,0.0,1.0,H,0.0
03/11/2025,2526,Lazio,Cagliari,Home,3.0,2.0,0.0,H,0.0
03/12/06,607,Lazio,Fiorentina,Away,5.0,0.0,1.0,H,0.0
03/12/10,1011,Lazio,Inter,Home,8.0,3.0,1.0,H,0.0
03/12/17,1718,Lazio,Sampdoria,Away,3.0,2.0,1.0,A,0.0
04/01/2023,2223,Lazio,Lecce,Away,2.0,1.0,2.0,H,0.0
04/01/2026,2526,Lazio,Napoli,Home,0.0,0.0,2.0,A,2.0
04/02/2019,1819,Lazio,Frosinone,Away,5.0,1.0,0.0,A,0.0
04/02/2024,2324,Lazio,Atalanta,Away,1.0,1.0,3.0,H,0.0
04/03/07,607,Lazio,Sampdoria,Home,4.0,1.0,0.0,H,0.0
04/03/12,1112,Lazio,Roma,Away,6.0,2.0,1.0,A,1.0
04/04/15,1415,Lazio,Cagliari,Away,10.0,3.0,1.0,A,0.0
04/04/2026,2526,Lazio,Parma,Home,3.0,1.0,1.0,D,0.0
04/05/08,708,Lazio,Palermo,Home,3.0,1.0,2.0,A,0.0
04/05/2024,2324,Lazio,Monza,Away,5.0,2.0,2.0,D,0.0
04/05/2025,2425,Lazio,Empoli,Away,3.0,1.0,0.0,A,1.0
04/05/2026,2526,Lazio,Cremonese,Away,3.0,2.0,1.0,A,0.0
04/07/2020,1920,Lazio,Milan,Home,2.0,0.0,3.0,A,0.0
04/10/08,809,Lazio,Lecce,Home,7.0,1.0,1.0,D,0.0
04/10/09,910,Lazio,Fiorentina,Away,5.0,0.0,0.0,D,0.0
04/10/15,1516,Lazio,Frosinone,Home,10.0,2.0,0.0,H,0.0
04/10/2020,2021,Lazio,Inter,Home,5.0,1.0,1.0,D,1.0
04/10/2025,2526,Lazio,Torino,Home,4.0,3.0,3.0,D,0.0
04/11/12,1213,Lazio,Catania,Away,3.0,0.0,4.0,H,0.0
04/11/2018,1819,Lazio,Spal,Home,11.0,4.0,1.0,H,0.0
04/11/2024,2425,Lazio,Cagliari,Home,5.0,2.0,1.0,H,0.0
04/12/05,506,Lazio,Siena,Home,,3.0,2.0,H,0.0
04/12/15,1516,Lazio,Juventus,Home,3.0,0.0,2.0,A,0.0
04/12/16,1617,Lazio,Roma,Home,2.0,0.0,2.0,A,1.0
05/01/13,1213,Lazio,Cagliari,Home,8.0,2.0,1.0,H,0.0
05/01/15,1415,Lazio,Sampdoria,Home,8.0,3.0,0.0,H,0.0
05/01/2020,1920,Lazio,Brescia,Away,7.0,2.0,1.0,A,0.0
05/01/2025,2425,Lazio,Roma,Away,6.0,0.0,2.0,H,1.0
05/02/06,506,Lazio,Milan,Home,2.0,0.0,0.0,D,0.0
05/02/12,1112,Lazio,Genoa,Away,8.0,2.0,3.0,H,1.0
05/02/17,1617,Lazio,Pescara,Away,10.0,6.0,2.0,A,0.0
05/02/18,1718,Lazio,Genoa,Home,5.0,1.0,2.0,A,0.0
05/02/2020,1920,Lazio,Verona,Home,6.0,0.0,0.0,D,0.0
05/02/2022,2122,Lazio,Fiorentina,Away,7.0,3.0,0.0,A,0.0
05/03/06,506,Lazio,Chievo,Away,5.0,2.0,2.0,D,0.0
05/03/17,1617,Lazio,Bologna,Away,6.0,2.0,0.0,A,0.0
05/03/2022,2122,Lazio,Cagliari,Away,5.0,3.0,0.0,A,1.0
05/04/09,809,Lazio,Siena,Away,4.0,0.0,2.0,H,0.0
05/05/13,1213,Lazio,Bologna,Home,8.0,6.0,0.0,H,0.0
05/05/14,1314,Lazio,Verona,Home,6.0,3.0,3.0,D,1.0
05/05/2019,1819,Lazio,Atalanta,Home,5.0,1.0,3.0,A,0.0
05/10/14,1415,Lazio,Sassuolo,Home,9.0,3.0,2.0,H,1.0
05/11/05,506,Lazio,Inter,Home,3.0,0.0,0.0,D,0.0
05/11/06,607,Lazio,Empoli,Away,4.0,1.0,1.0,D,1.0
05/11/16,1617,Lazio,Napoli,Away,3.0,1.0,1.0,D,0.0
05/12/07,708,Lazio,Inter,Away,4.0,0.0,3.0,H,0.0
05/12/11,1112,Lazio,Novara,Home,8.0,3.0,0.0,H,0.0
05/12/2020,2021,Lazio,Spezia,Away,2.0,2.0,1.0,A,0.0
05/12/2021,2122,Lazio,Sampdoria,Away,5.0,3.0,1.0,A,1.0
06/01/10,910,Lazio,Livorno,Home,9.0,4.0,1.0,H,0.0
06/01/11,1011,Lazio,Genoa,Away,2.0,0.0,0.0,D,0.0
06/01/14,1314,Lazio,Inter,Home,3.0,1.0,0.0,H,0.0
06/01/16,1516,Lazio,Carpi,Home,0.0,0.0,0.0,D,0.0
06/01/18,1718,Lazio,Spal,Away,7.0,5.0,2.0,A,0.0
06/01/2021,2021,Lazio,Fiorentina,Home,6.0,2.0,1.0,H,0.0
06/01/2022,2122,Lazio,Empoli,Home,10.0,3.0,3.0,D,0.0
06/02/11,1011,Lazio,Chievo,Home,3.0,1.0,1.0,D,0.0
06/02/16,1516,Lazio,Genoa,Away,2.0,0.0,0.0,D,0.0
06/02/2023,2223,Lazio,Verona,Away,2.0,1.0,1.0,D,0.0
06/03/11,1011,Lazio,Palermo,Home,4.0,2.0,0.0,H,0.0
06/03/16,1516,Lazio,Torino,Away,5.0,1.0,1.0,D,0.0
06/03/2021,2021,Lazio,Juventus,Away,5.0,1.0,3.0,H,0.0
06/04/08,708,Lazio,Parma,Away,4.0,2.0,2.0,D,0.0
06/04/14,1314,Lazio,Sampdoria,Home,3.0,2.0,0.0,H,1.0
06/04/2024,2324,Lazio,Roma,Away,1.0,0.0,1.0,H,0.0
06/04/2025,2425,Lazio,Atalanta,Away,3.0,1.0,0.0,A,0.0
06/05/07,607,Lazio,Livorno,Home,5.0,1.0,0.0,H,0.0
06/05/12,1112,Lazio,Atalanta,Away,5.0,2.0,0.0,A,0.0
06/05/18,1718,Lazio,Atalanta,Home,2.0,1.0,1.0,D,0.0
06/05/2023,2223,Lazio,Milan,Away,0.0,0.0,2.0,H,0.0
06/10/13,1314,Lazio,Fiorentina,Home,4.0,0.0,0.0,D,0.0
06/10/2019,1920,Lazio,Bologna,Away,6.0,2.0,2.0,D,1.0
06/10/2024,2425,Lazio,Empoli,Home,6.0,2.0,1.0,H,0.0
06/11/11,1112,Lazio,Parma,Home,6.0,1.0,0.0,H,0.0
06/11/2022,2223,Lazio,Roma,Away,3.0,1.0,0.0,A,0.0
06/12/08,809,Lazio,Inter,Home,5.0,0.0,3.0,A,0.0
06/12/09,910,Lazio,Roma,Away,3.0,0.0,1.0,H,0.0
07/01/12,1112,Lazio,Siena,Away,3.0,0.0,4.0,H,1.0
07/01/2024,2324,Lazio,Udinese,Away,2.0,2.0,1.0,A,0.0
07/01/2026,2526,Lazio,Fiorentina,Home,9.0,2.0,2.0,D,0.0
07/02/10,910,Lazio,Catania,Home,5.0,0.0,1.0,A,0.0
07/02/2019,1819,Lazio,Empoli,Home,4.0,1.0,0.0,H,0.0
07/02/2021,2021,Lazio,Cagliari,Home,6.0,1.0,0.0,H,0.0
07/03/10,910,Lazio,Sampdoria,Away,4.0,1.0,2.0,H,1.0
07/04/07,607,Lazio,Messina,Home,5.0,1.0,0.0,H,0.0
07/04/12,1112,Lazio,Napoli,Home,6.0,3.0,1.0,H,0.0
07/04/2019,1819,Lazio,Sassuolo,Home,7.0,2.0,2.0,D,0.0
07/05/06,506,Lazio,Ascoli,Away,6.0,4.0,1.0,A,0.0
07/05/17,1617,Lazio,Sampdoria,Home,11.0,7.0,3.0,H,0.0
07/05/2022,2122,Lazio,Sampdoria,Home,10.0,2.0,0.0,H,0.0
07/07/2020,1920,Lazio,Lecce,Away,10.0,1.0,2.0,H,1.0
07/10/07,708,Lazio,Milan,Home,6.0,1.0,5.0,A,0.0
07/10/12,1213,Lazio,Pescara,Away,6.0,3.0,0.0,A,0.0
07/10/2018,1819,Lazio,Fiorentina,Home,5.0,1.0,0.0,H,0.0
07/11/10,1011,Lazio,Roma,Home,2.0,0.0,2.0,A,0.0
07/11/2021,2122,Lazio,Salernitana,Home,5.0,3.0,0.0,H,0.0
07/12/14,1415,Lazio,Parma,Away,5.0,2.0,1.0,A,0.0
07/12/2019,1920,Lazio,Juventus,Home,8.0,3.0,1.0,H,0.0
07/12/2025,2526,Lazio,Bologna,Home,9.0,1.0,1.0,D,1.0
08/01/06,506,Lazio,Ascoli,Home,8.0,4.0,1.0,H,0.0
08/01/17,1617,Lazio,Crotone,Home,5.0,1.0,0.0,H,0.0
08/01/2023,2223,Lazio,Empoli,Home,4.0,2.0,2.0,D,0.0
08/02/06,506,Lazio,Palermo,Away,2.0,1.0,3.0,H,1.0
08/02/09,809,Lazio,Fiorentina,Away,6.0,0.0,1.0,H,1.0
08/02/2026,2526,Lazio,Juventus,Away,2.0,2.0,2.0,D,0.0
08/03/09,809,Lazio,Napoli,Away,4.0,2.0,0.0,A,0.0
08/04/13,1213,Lazio,Roma,Away,5.0,1.0,1.0,D,1.0
08/04/18,1718,Lazio,Udinese,Away,4.0,2.0,1.0,A,0.0
08/04/2023,2223,Lazio,Juventus,Home,4.0,2.0,1.0,H,0.0
08/05/11,1011,Lazio,Udinese,Away,5.0,1.0,2.0,H,0.0
08/05/13,1213,Lazio,Inter,Away,4.0,3.0,1.0,A,0.0
08/05/16,1516,Lazio,Carpi,Away,7.0,3.0,1.0,A,2.0
08/05/2021,2021,Lazio,Fiorentina,Away,3.0,0.0,2.0,H,1.0
08/10/2023,2324,Lazio,Atalanta,Home,4.0,3.0,2.0,H,0.0
08/11/09,910,Lazio,Milan,Home,6.0,1.0,2.0,A,0.0
08/11/15,1516,Lazio,Roma,Away,2.0,0.0,2.0,H,0.0
08/11/2020,2021,Lazio,Juventus,Home,3.0,1.0,1.0,D,0.0
08/12/07,708,Lazio,Catania,Home,5.0,2.0,0.0,H,0.0
08/12/13,1314,Lazio,Torino,Away,3.0,0.0,1.0,H,0.0
08/12/2018,1819,Lazio,Sampdoria,Home,11.0,2.0,2.0,D,0.0
08/12/2024,2425,Lazio,Napoli,Away,3.0,1.0,0.0,A,0.0
09/01/11,1011,Lazio,Lecce,Home,7.0,1.0,2.0,A,0.0
09/01/16,1516,Lazio,Fiorentina,Away,6.0,3.0,1.0,A,0.0
09/01/2022,2122,Lazio,Inter,Away,2.0,1.0,2.0,H,0.0
09/02/12,1112,Lazio,Cesena,Home,5.0,3.0,2.0,H,1.0
09/02/13,1213,Lazio,Napoli,Home,6.0,1.0,1.0,D,0.0
09/02/14,1314,Lazio,Roma,Home,0.0,0.0,0.0,D,0.0
09/02/15,1415,Lazio,Genoa,Home,1.0,0.0,1.0,A,1.0
09/02/2020,1920,Lazio,Parma,Away,6.0,1.0,0.0,A,0.0
09/02/2025,2425,Lazio,Monza,Home,9.0,5.0,1.0,H,0.0
09/03/08,708,Lazio,Livorno,Home,10.0,2.0,0.0,H,0.0
09/03/14,1314,Lazio,Atalanta,Home,4.0,0.0,1.0,A,1.0
09/03/15,1415,Lazio,Fiorentina,Home,13.0,4.0,0.0,H,0.0
09/03/2026,2526,Lazio,Sassuolo,Home,5.0,2.0,1.0,H,0.0
09/04/06,506,Lazio,Siena,Away,10.0,3.0,2.0,A,0.0
09/04/17,1617,Lazio,Napoli,Home,5.0,0.0,3.0,A,0.0
09/05/09,809,Lazio,Udinese,Home,3.0,1.0,3.0,A,1.0
09/05/10,910,Lazio,Livorno,Away,5.0,2.0,1.0,A,0.0
09/05/2026,2526,Lazio,Inter,Home,5.0,0.0,3.0,A,1.0
09/09/11,1112,Lazio,Milan,Away,5.0,2.0,2.0,D,0.0
09/11/08,809,Lazio,Siena,Home,5.0,3.0,0.0,H,0.0
09/11/14,1415,Lazio,Empoli,Away,1.0,1.0,2.0,H,0.0
09/11/2025,2526,Lazio,Inter,Away,5.0,0.0,2.0,H,0.0
09/12/2023,2324,Lazio,Verona,Away,5.0,1.0,1.0,D,0.0
10/01/10,910,Lazio,Udinese,Away,3.0,1.0,1.0,D,0.0
10/01/2021,2021,Lazio,Parma,Away,5.0,2.0,0.0,A,0.0
10/01/2025,2425,Lazio,Como,Home,4.0,1.0,1.0,D,1.0
10/02/08,708,Lazio,Empoli,Away,5.0,0.0,1.0,H,1.0
10/02/18,1718,Lazio,Napoli,Away,1.0,1.0,4.0,H,0.0
10/02/2024,2324,Lazio,Cagliari,Away,5.0,3.0,1.0,A,0.0
10/03/13,1213,Lazio,Fiorentina,Home,6.0,0.0,2.0,A,0.0
10/03/2019,1819,Lazio,Fiorentina,Away,6.0,1.0,1.0,D,0.0
10/03/2025,2425,Lazio,Udinese,Home,5.0,1.0,1.0,D,0.0
10/04/11,1011,Lazio,Parma,Home,2.0,2.0,0.0,H,0.0
10/04/16,1516,Lazio,Palermo,Away,8.0,3.0,0.0,A,0.0
10/04/2022,2122,Lazio,Genoa,Away,11.0,4.0,1.0,A,0.0
10/05/14,1314,Lazio,Inter,Away,9.0,1.0,4.0,H,0.0
10/05/15,1415,Lazio,Inter,Home,6.0,1.0,2.0,A,2.0
10/05/2025,2425,Lazio,Juventus,Home,6.0,1.0,1.0,D,0.0
10/09/06,607,Lazio,Milan,Away,6.0,1.0,2.0,H,0.0
10/09/17,1718,Lazio,Milan,Home,7.0,4.0,1.0,H,0.0
10/10/2022,2223,Lazio,Fiorentina,Away,6.0,4.0,0.0,A,0.0
10/11/10,1011,Lazio,Cesena,Away,1.0,0.0,1.0,H,0.0
10/11/13,1314,Lazio,Parma,Away,4.0,1.0,1.0,D,0.0
10/11/2019,1920,Lazio,Lecce,Home,7.0,4.0,2.0,H,0.0
10/11/2022,2223,Lazio,Monza,Home,4.0,1.0,0.0,H,0.0
10/11/2024,2425,Lazio,Monza,Away,6.0,1.0,0.0,A,0.0
10/12/06,607,Lazio,Roma,Home,6.0,3.0,0.0,H,0.0
10/12/11,1112,Lazio,Lecce,Away,3.0,3.0,2.0,A,0.0
10/12/12,1213,Lazio,Bologna,Away,8.0,0.0,0.0,D,1.0
10/12/16,1617,Lazio,Sampdoria,Away,7.0,2.0,1.0,A,0.0
11/01/09,809,Lazio,Reggina,Away,6.0,3.0,2.0,A,0.0
11/01/14,1314,Lazio,Bologna,Away,0.0,0.0,0.0,D,0.0
11/01/15,1415,Lazio,Roma,Away,7.0,2.0,2.0,D,0.0
11/01/2020,1920,Lazio,Napoli,Home,6.0,1.0,0.0,H,0.0
11/01/2026,2526,Lazio,Verona,Away,2.0,1.0,0.0,A,0.0
11/02/06,506,Lazio,Udinese,Home,3.0,1.0,1.0,D,0.0
11/02/07,607,Lazio,Atalanta,Away,5.0,0.0,0.0,D,0.0
11/02/16,1516,Lazio,Verona,Home,7.0,5.0,2.0,H,0.0
11/02/2023,2223,Lazio,Atalanta,Home,5.0,0.0,2.0,A,0.0
11/03/07,607,Lazio,Reggina,Away,9.0,3.0,2.0,A,0.0
11/03/12,1112,Lazio,Bologna,Home,5.0,1.0,3.0,A,2.0
11/03/18,1718,Lazio,Cagliari,Away,4.0,2.0,2.0,D,0.0
11/03/2023,2223,Lazio,Bologna,Away,2.0,0.0,0.0,D,0.0
11/03/2024,2324,Lazio,Udinese,Home,6.0,1.0,2.0,A,0.0
11/04/09,809,Lazio,Roma,Home,8.0,4.0,2.0,H,1.0
11/04/10,910,Lazio,Bologna,Away,9.0,3.0,2.0,A,0.0
11/04/12,1112,Lazio,Juventus,Away,3.0,1.0,2.0,H,1.0
11/04/2021,2021,Lazio,Verona,Away,5.0,1.0,0.0,A,0.0
11/05/08,708,Lazio,Genoa,Away,4.0,2.0,0.0,A,0.0
11/05/2019,1819,Lazio,Cagliari,Away,5.0,2.0,1.0,A,0.0
11/07/2020,1920,Lazio,Sassuolo,Home,1.0,1.0,2.0,A,0.0
11/09/05,506,Lazio,Cagliari,Away,3.0,1.0,1.0,D,0.0
11/09/16,1617,Lazio,Chievo,Away,3.0,1.0,1.0,D,0.0
11/09/2022,2223,Lazio,Verona,Home,6.0,2.0,0.0,H,0.0
11/11/12,1213,Lazio,Roma,Home,8.0,3.0,2.0,H,1.0
11/11/2018,1819,Lazio,Sassuolo,Away,3.0,1.0,1.0,D,0.0
11/12/05,506,Lazio,Livorno,Away,7.0,1.0,2.0,H,0.0
11/12/17,1718,Lazio,Torino,Home,7.0,1.0,3.0,A,1.0
12/02/2022,2122,Lazio,Bologna,Home,6.0,3.0,0.0,H,0.0
12/03/06,506,Lazio,Reggina,Home,6.0,3.0,1.0,H,0.0
12/03/2021,2021,Lazio,Crotone,Home,9.0,3.0,2.0,H,0.0
12/04/15,1415,Lazio,Empoli,Home,6.0,4.0,0.0,H,1.0
12/04/2024,2324,Lazio,Salernitana,Home,6.0,4.0,1.0,H,0.0
12/05/13,1213,Lazio,Sampdoria,Home,7.0,2.0,0.0,H,0.0
12/05/2021,2021,Lazio,Parma,Home,6.0,1.0,0.0,H,0.0
12/05/2023,2223,Lazio,Lecce,Home,6.0,2.0,2.0,D,0.0
12/05/2024,2324,Lazio,Empoli,Home,5.0,2.0,0.0,H,0.0
12/09/09,910,Lazio,Juventus,Home,5.0,0.0,2.0,A,0.0
12/09/10,1011,Lazio,Bologna,Home,7.0,3.0,1.0,H,0.0
12/09/2021,2122,Lazio,Milan,Away,5.0,0.0,2.0,H,0.0
12/11/06,607,Lazio,Udinese,Home,11.0,5.0,0.0,H,0.0
12/11/2023,2324,Lazio,Roma,Home,2.0,0.0,0.0,D,0.0
12/12/10,1011,Lazio,Juventus,Away,3.0,1.0,2.0,H,0.0
12/12/2020,2021,Lazio,Verona,Home,5.0,1.0,2.0,A,0.0
12/12/2021,2122,Lazio,Sassuolo,Away,2.0,1.0,2.0,H,0.0
13/01/08,708,Lazio,Genoa,Home,6.0,1.0,2.0,A,0.0
13/01/13,1213,Lazio,Atalanta,Home,4.0,2.0,0.0,H,0.0
13/02/11,1011,Lazio,Brescia,Away,6.0,2.0,0.0,A,0.0
13/02/17,1617,Lazio,Milan,Home,10.0,1.0,1.0,D,0.0
13/03/11,1011,Lazio,Roma,Away,1.0,0.0,2.0,H,2.0
13/03/16,1516,Lazio,Atalanta,Home,2.0,2.0,0.0,H,0.0
13/03/17,1617,Lazio,Torino,Home,5.0,3.0,1.0,H,0.0
13/04/08,708,Lazio,Siena,Home,3.0,1.0,1.0,D,0.0
13/04/14,1314,Lazio,Napoli,Away,7.0,2.0,4.0,H,1.0
13/04/2019,1819,Lazio,Milan,Away,6.0,0.0,1.0,H,0.0
13/04/2025,2425,Lazio,Roma,Home,7.0,1.0,1.0,D,0.0
13/04/2026,2526,Lazio,Fiorentina,Away,6.0,0.0,1.0,H,0.0
13/05/07,607,Lazio,Inter,Away,7.0,3.0,4.0,H,1.0
13/05/12,1112,Lazio,Inter,Home,6.0,3.0,1.0,H,0.0
13/05/17,1617,Lazio,Fiorentina,Away,5.0,2.0,3.0,H,0.0
13/05/18,1718,Lazio,Crotone,Away,7.0,2.0,2.0,D,0.0
13/09/15,1516,Lazio,Udinese,Home,8.0,2.0,0.0,H,0.0
13/11/2022,2223,Lazio,Juventus,Away,3.0,0.0,3.0,H,0.0
13/12/09,910,Lazio,Genoa,Home,2.0,1.0,0.0,H,0.0
13/12/14,1415,Lazio,Atalanta,Home,9.0,3.0,0.0,H,0.0
13/12/2025,2526,Lazio,Parma,Away,5.0,1.0,0.0,A,2.0
14/01/07,607,Lazio,Siena,Home,5.0,1.0,1.0,D,0.0
14/01/2024,2324,Lazio,Lecce,Home,2.0,1.0,0.0,H,0.0
14/02/09,809,Lazio,Torino,Home,3.0,1.0,1.0,D,0.0
14/02/10,910,Lazio,Parma,Away,9.0,2.0,0.0,A,0.0
14/02/2021,2021,Lazio,Inter,Away,7.0,1.0,3.0,H,0.0
14/02/2026,2526,Lazio,Atalanta,Home,5.0,0.0,2.0,A,0.0
14/03/10,910,Lazio,Bari,Home,8.0,0.0,2.0,A,0.0
14/03/2022,2122,Lazio,Venezia,Home,1.0,1.0,0.0,H,0.0
14/04/2023,2223,Lazio,Spezia,Away,7.0,3.0,0.0,A,0.0
14/05/06,506,Lazio,Parma,Home,4.0,1.0,0.0,H,0.0
14/05/11,1011,Lazio,Genoa,Home,6.0,4.0,2.0,H,0.0
14/08/2022,2223,Lazio,Bologna,Home,6.0,2.0,1.0,H,1.0
14/09/08,809,Lazio,Sampdoria,Home,4.0,2.0,0.0,H,0.0
14/09/14,1415,Lazio,Cesena,Home,6.0,3.0,0.0,H,0.0
14/09/2025,2526,Lazio,Sassuolo,Away,3.0,0.0,1.0,H,0.0
14/10/17,1718,Lazio,Juventus,Away,5.0,2.0,1.0,A,0.0
14/11/10,1011,Lazio,Napoli,Home,6.0,2.0,0.0,H,0.0
14/12/08,809,Lazio,Udinese,Away,9.0,3.0,3.0,D,0.0
14/12/15,1516,Lazio,Sampdoria,Home,2.0,1.0,1.0,D,0.0
15/01/06,506,Lazio,Parma,Away,3.0,1.0,1.0,D,0.0
15/01/12,1112,Lazio,Atalanta,Home,5.0,2.0,0.0,H,0.0
15/01/17,1617,Lazio,Atalanta,Home,5.0,2.0,1.0,H,0.0
15/01/2021,2021,Lazio,Roma,Home,9.0,3.0,0.0,H,0.0
15/01/2022,2122,Lazio,Salernitana,Away,8.0,3.0,0.0,A,0.0
15/01/2023,2223,Lazio,Sassuolo,Away,3.0,2.0,0.0,A,0.0
15/02/15,1415,Lazio,Udinese,Away,2.0,1.0,0.0,A,0.0
15/02/2025,2425,Lazio,Napoli,Home,5.0,2.0,2.0,D,0.0
15/03/08,708,Lazio,Udinese,Away,5.0,2.0,2.0,D,0.0
15/03/09,809,Lazio,Chievo,Home,5.0,0.0,3.0,A,1.0
15/03/2026,2526,Lazio,Milan,Home,2.0,1.0,0.0,H,0.0
15/04/06,506,Lazio,Livorno,Home,4.0,3.0,1.0,H,0.0
15/04/07,607,Lazio,Ascoli,Away,8.0,2.0,2.0,D,1.0
15/04/13,1213,Lazio,Juventus,Home,2.0,0.0,2.0,A,0.0
15/04/17,1617,Lazio,Genoa,Away,6.0,2.0,2.0,D,0.0
15/04/18,1718,Lazio,Roma,Home,1.0,0.0,0.0,D,1.0
15/05/10,910,Lazio,Udinese,Home,9.0,3.0,1.0,H,0.0
15/05/16,1516,Lazio,Fiorentina,Home,6.0,2.0,4.0,A,0.0
15/05/2021,2021,Lazio,Roma,Away,5.0,0.0,2.0,H,1.0
15/07/2020,1920,Lazio,Udinese,Away,3.0,0.0,0.0,D,0.0
15/09/07,708,Lazio,Empoli,Home,5.0,0.0,0.0,D,0.0
15/09/13,1314,Lazio,Chievo,Home,6.0,3.0,0.0,H,0.0
15/09/2019,1920,Lazio,Spal,Away,7.0,1.0,2.0,H,0.0
15/10/06,607,Lazio,Cagliari,Home,4.0,0.0,0.0,D,1.0
15/12/07,708,Lazio,Juventus,Home,9.0,2.0,3.0,A,0.0
15/12/12,1213,Lazio,Inter,Home,3.0,1.0,0.0,H,0.0
15/12/13,1314,Lazio,Livorno,Home,5.0,2.0,0.0,H,0.0
15/12/2020,2021,Lazio,Benevento,Away,3.0,1.0,1.0,D,0.0
16/01/11,1011,Lazio,Sampdoria,Home,3.0,1.0,0.0,H,0.0
16/02/14,1314,Lazio,Catania,Away,3.0,1.0,3.0,H,0.0
16/02/2020,1920,Lazio,Inter,Home,6.0,2.0,1.0,H,0.0
16/03/14,1314,Lazio,Cagliari,Away,5.0,2.0,0.0,A,0.0
16/03/15,1415,Lazio,Torino,Away,6.0,2.0,0.0,A,0.0
16/03/2024,2324,Lazio,Frosinone,Away,7.0,3.0,2.0,A,0.0
16/03/2025,2425,Lazio,Bologna,Away,2.0,0.0,5.0,H,0.0
16/04/2022,2122,Lazio,Torino,Home,4.0,1.0,1.0,D,0.0
16/05/15,1415,Lazio,Sampdoria,Away,2.0,1.0,0.0,A,0.0
16/05/2022,2122,Lazio,Juventus,Away,7.0,2.0,2.0,D,0.0
16/09/12,1213,Lazio,Chievo,Away,6.0,3.0,1.0,A,0.0
16/09/2018,1819,Lazio,Empoli,Away,9.0,1.0,0.0,A,0.0
16/09/2023,2324,Lazio,Juventus,Away,5.0,1.0,3.0,H,0.0
16/09/2024,2425,Lazio,Verona,Home,7.0,2.0,1.0,H,0.0
16/10/05,506,Lazio,Fiorentina,Home,9.0,1.0,0.0,H,0.0
16/10/11,1112,Lazio,Roma,Home,4.0,2.0,1.0,H,0.0
16/10/16,1617,Lazio,Bologna,Home,8.0,1.0,1.0,D,0.0
16/10/2021,2122,Lazio,Inter,Home,8.0,3.0,1.0,H,1.0
16/10/2022,2223,Lazio,Udinese,Home,3.0,0.0,0.0,D,0.0
16/11/08,809,Lazio,Roma,Away,4.0,0.0,1.0,H,1.0
16/12/2019,1920,Lazio,Cagliari,Away,7.0,2.0,1.0,A,0.0
16/12/2024,2425,Lazio,Inter,Home,2.0,0.0,6.0,A,0.0
17/01/10,910,Lazio,Atalanta,Away,2.0,0.0,3.0,H,0.0
17/01/16,1516,Lazio,Bologna,Away,3.0,2.0,2.0,D,0.0
17/02/08,708,Lazio,Atalanta,Home,6.0,3.0,0.0,H,0.0
17/02/2019,1819,Lazio,Genoa,Away,6.0,1.0,2.0,H,0.0
17/03/13,1213,Lazio,Torino,Away,2.0,0.0,1.0,H,1.0
17/03/2019,1819,Lazio,Parma,Home,8.0,4.0,1.0,H,0.0
17/04/11,1011,Lazio,Catania,Away,9.0,4.0,1.0,A,0.0
17/04/16,1516,Lazio,Empoli,Home,7.0,2.0,0.0,H,0.0
17/04/2019,1819,Lazio,Udinese,Home,7.0,2.0,0.0,H,0.0
17/05/09,809,Lazio,Palermo,Away,0.0,0.0,2.0,H,0.0
17/05/2026,2526,Lazio,Roma,Away,2.0,0.0,2.0,H,1.0
17/09/06,607,Lazio,Palermo,Home,12.0,1.0,2.0,A,0.0
17/09/16,1617,Lazio,Pescara,Home,11.0,3.0,0.0,H,0.0
17/09/17,1718,Lazio,Genoa,Away,6.0,3.0,2.0,A,0.0
17/10/10,1011,Lazio,Bari,Away,3.0,2.0,0.0,A,0.0
17/10/2020,2021,Lazio,Sampdoria,Away,1.0,0.0,3.0,H,0.0
17/11/12,1213,Lazio,Juventus,Away,0.0,0.0,0.0,D,0.0
17/12/05,506,Lazio,Juventus,Home,,1.0,1.0,D,0.0
17/12/06,607,Lazio,Livorno,Away,2.0,1.0,1.0,D,1.0
17/12/17,1718,Lazio,Atalanta,Away,4.0,3.0,3.0,D,0.0
17/12/2018,1819,Lazio,Atalanta,Away,3.0,0.0,1.0,H,0.0
17/12/2021,2122,Lazio,Genoa,Home,5.0,3.0,1.0,H,0.0
17/12/2023,2324,Lazio,Inter,Home,4.0,0.0,2.0,A,1.0
18/01/06,506,Lazio,Messina,Away,5.0,1.0,1.0,D,0.0
18/01/09,809,Lazio,Juventus,Home,4.0,1.0,1.0,D,0.0
18/01/15,1415,Lazio,Napoli,Home,3.0,0.0,1.0,A,0.0
18/01/2020,1920,Lazio,Sampdoria,Home,12.0,5.0,1.0,H,0.0
18/02/07,607,Lazio,Torino,Home,10.0,2.0,0.0,H,0.0
18/02/13,1213,Lazio,Siena,Away,8.0,0.0,3.0,H,0.0
18/02/17,1617,Lazio,Empoli,Away,8.0,2.0,1.0,A,0.0
18/02/2024,2324,Lazio,Bologna,Home,7.0,1.0,2.0,A,0.0
18/03/07,607,Lazio,Empoli,Home,4.0,3.0,1.0,H,0.0
18/03/12,1112,Lazio,Catania,Away,2.0,0.0,1.0,H,0.0
18/03/18,1718,Lazio,Bologna,Home,4.0,1.0,1.0,D,0.0
18/04/07,607,Lazio,Chievo,Home,3.0,0.0,0.0,D,2.0
18/04/09,809,Lazio,Genoa,Away,5.0,1.0,0.0,A,0.0
18/04/10,910,Lazio,Roma,Home,4.0,1.0,2.0,A,1.0
18/04/15,1415,Lazio,Juventus,Away,4.0,0.0,2.0,H,1.0
18/04/18,1718,Lazio,Fiorentina,Away,8.0,4.0,3.0,A,1.0
18/04/2021,2021,Lazio,Benevento,Home,8.0,5.0,3.0,H,0.0
18/04/2026,2526,Lazio,Napoli,Away,7.0,2.0,0.0,A,0.0
18/05/08,708,Lazio,Napoli,Home,5.0,2.0,1.0,H,0.0
18/05/14,1314,Lazio,Bologna,Home,6.0,1.0,0.0,H,0.0
18/05/2021,2021,Lazio,Torino,Home,11.0,0.0,0.0,D,0.0
18/05/2025,2425,Lazio,Inter,Away,4.0,2.0,2.0,D,0.0
18/08/2018,1819,Lazio,Napoli,Home,5.0,1.0,2.0,A,0.0
18/08/2024,2425,Lazio,Venezia,Home,6.0,3.0,1.0,H,0.0
18/09/05,506,Lazio,Treviso,Home,6.0,3.0,1.0,H,0.0
18/09/10,1011,Lazio,Fiorentina,Away,6.0,2.0,1.0,A,0.0
18/09/11,1112,Lazio,Genoa,Home,2.0,1.0,2.0,A,0.0
18/09/2022,2223,Lazio,Cremonese,Away,6.0,4.0,0.0,A,0.0
18/10/09,910,Lazio,Sampdoria,Home,7.0,1.0,1.0,D,1.0
18/10/15,1516,Lazio,Sassuolo,Away,3.0,1.0,2.0,H,1.0
18/11/17,1718,Lazio,Roma,Away,2.0,1.0,2.0,H,0.0
18/12/11,1112,Lazio,Udinese,Home,5.0,2.0,2.0,D,0.0
18/12/16,1617,Lazio,Fiorentina,Home,5.0,3.0,1.0,H,0.0
19/01/13,1213,Lazio,Palermo,Away,6.0,2.0,2.0,D,0.0
19/01/14,1314,Lazio,Udinese,Away,5.0,3.0,2.0,A,1.0
19/01/2025,2425,Lazio,Verona,Away,5.0,3.0,0.0,A,0.0
19/01/2026,2526,Lazio,Como,Home,4.0,0.0,3.0,A,0.0
19/02/06,506,Lazio,Fiorentina,Away,3.0,2.0,1.0,A,0.0
19/02/12,1112,Lazio,Palermo,Away,10.0,1.0,5.0,H,1.0
19/02/18,1718,Lazio,Verona,Home,10.0,2.0,0.0,H,0.0
19/02/2023,2223,Lazio,Salernitana,Away,7.0,2.0,0.0,A,0.0
19/03/06,506,Lazio,Inter,Away,6.0,1.0,3.0,H,0.0
19/03/08,708,Lazio,Roma,Home,3.0,3.0,2.0,H,0.0
19/03/11,1011,Lazio,Cesena,Home,5.0,1.0,0.0,H,0.0
19/03/17,1617,Lazio,Cagliari,Away,4.0,0.0,0.0,D,0.0
19/03/2023,2223,Lazio,Roma,Home,5.0,1.0,0.0,H,1.0
19/04/14,1314,Lazio,Torino,Home,6.0,3.0,3.0,D,1.0
19/04/2024,2324,Lazio,Genoa,Away,1.0,1.0,0.0,A,0.0
19/05/13,1213,Lazio,Cagliari,Away,3.0,0.0,1.0,H,0.0
19/05/2024,2324,Lazio,Inter,Away,3.0,1.0,1.0,D,0.0
19/09/2021,2122,Lazio,Cagliari,Home,10.0,2.0,2.0,D,0.0
19/10/08,809,Lazio,Bologna,Away,5.0,1.0,3.0,H,0.0
19/10/14,1415,Lazio,Fiorentina,Away,5.0,2.0,0.0,A,0.0
19/10/2019,1920,Lazio,Atalanta,Home,5.0,3.0,3.0,D,0.0
19/10/2024,2425,Lazio,Juventus,Away,1.0,0.0,1.0,H,1.0
19/10/2025,2526,Lazio,Atalanta,Away,1.0,0.0,0.0,D,0.0
19/11/06,607,Lazio,Messina,Away,6.0,4.0,1.0,A,0.0
19/11/11,1112,Lazio,Napoli,Away,1.0,0.0,0.0,D,0.0
19/12/10,1011,Lazio,Udinese,Home,8.0,3.0,2.0,H,0.0
20/01/08,708,Lazio,Napoli,Away,3.0,2.0,2.0,D,1.0
20/01/2019,1819,Lazio,Napoli,Away,9.0,1.0,2.0,H,1.0
20/02/11,1011,Lazio,Bari,Home,10.0,1.0,0.0,H,0.0
20/02/2021,2021,Lazio,Sampdoria,Home,8.0,1.0,0.0,H,0.0
20/02/2022,2122,Lazio,Udinese,Away,2.0,1.0,1.0,D,0.0
20/03/16,1516,Lazio,Milan,Away,2.0,1.0,1.0,D,1.0
20/03/2022,2122,Lazio,Roma,Away,3.0,0.0,3.0,H,0.0
20/04/08,708,Lazio,Catania,Away,1.0,0.0,1.0,H,2.0
20/04/13,1213,Lazio,Udinese,Away,3.0,0.0,1.0,H,0.0
20/04/16,1516,Lazio,Juventus,Away,1.0,0.0,3.0,H,1.0
20/04/2019,1819,Lazio,Chievo,Home,8.0,1.0,2.0,A,2.0
20/05/07,607,Lazio,Parma,Home,3.0,0.0,0.0,D,0.0
20/05/09,809,Lazio,Reggina,Home,5.0,1.0,0.0,H,0.0
20/05/18,1718,Lazio,Inter,Home,4.0,2.0,3.0,A,2.0
20/05/2019,1819,Lazio,Bologna,Home,5.0,3.0,3.0,D,0.0
20/07/2020,1920,Lazio,Juventus,Away,5.0,1.0,2.0,H,0.0
20/08/17,1718,Lazio,Spal,Home,13.0,0.0,0.0,D,0.0
20/08/2022,2223,Lazio,Torino,Away,2.0,0.0,0.0,D,0.0
20/08/2023,2324,Lazio,Lecce,Away,4.0,1.0,2.0,H,0.0
20/09/06,607,Lazio,Chievo,Away,6.0,1.0,0.0,A,0.0
20/09/09,910,Lazio,Catania,Away,3.0,1.0,1.0,D,0.0
20/09/15,1516,Lazio,Napoli,Away,1.0,0.0,5.0,H,0.0
20/09/16,1617,Lazio,Milan,Away,5.0,0.0,2.0,H,0.0
20/09/17,1718,Lazio,Napoli,Home,2.0,1.0,4.0,A,0.0
20/10/12,1213,Lazio,Milan,Home,8.0,3.0,2.0,H,0.0
20/10/13,1314,Lazio,Atalanta,Away,4.0,1.0,2.0,H,0.0
20/11/05,506,Lazio,Sampdoria,Away,1.0,0.0,2.0,H,0.0
20/11/16,1617,Lazio,Genoa,Home,4.0,3.0,1.0,H,0.0
20/11/2021,2122,Lazio,Juventus,Home,1.0,0.0,2.0,A,0.0
20/12/06,607,Lazio,Inter,Home,4.0,0.0,2.0,A,0.0
20/12/08,809,Lazio,Palermo,Home,3.0,1.0,0.0,H,0.0
20/12/09,910,Lazio,Inter,Away,1.0,0.0,1.0,H,0.0
20/12/15,1516,Lazio,Inter,Away,3.0,2.0,1.0,A,1.0
20/12/2020,2021,Lazio,Napoli,Home,2.0,2.0,0.0,H,0.0
20/12/2025,2526,Lazio,Cremonese,Home,2.0,0.0,0.0,D,0.0
21/01/06,506,Lazio,Cagliari,Home,4.0,1.0,1.0,D,2.0
21/01/07,607,Lazio,Milan,Home,5.0,0.0,0.0,D,0.0
21/01/18,1718,Lazio,Chievo,Home,11.0,5.0,1.0,H,0.0
21/02/10,910,Lazio,Palermo,Away,4.0,1.0,3.0,H,0.0
21/02/16,1516,Lazio,Frosinone,Away,2.0,0.0,0.0,D,0.0
21/02/2026,2526,Lazio,Cagliari,Away,3.0,0.0,0.0,D,0.0
21/03/09,809,Lazio,Catania,Away,5.0,0.0,1.0,H,0.0
21/03/10,910,Lazio,Cagliari,Away,6.0,2.0,0.0,A,0.0
21/03/2021,2021,Lazio,Udinese,Away,8.0,1.0,0.0,A,0.0
21/05/17,1617,Lazio,Inter,Home,1.0,1.0,3.0,A,2.0
21/05/2022,2122,Lazio,Verona,Home,7.0,3.0,3.0,D,0.0
21/05/2023,2223,Lazio,Udinese,Away,4.0,1.0,0.0,A,0.0
21/08/16,1617,Lazio,Atalanta,Away,6.0,4.0,3.0,A,0.0
21/08/2021,2122,Lazio,Empoli,Away,5.0,3.0,1.0,A,0.0
21/09/05,506,Lazio,Milan,Away,3.0,0.0,2.0,H,0.0
21/09/08,809,Lazio,Milan,Away,4.0,1.0,4.0,H,0.0
21/09/11,1112,Lazio,Cesena,Away,7.0,2.0,1.0,A,0.0
21/09/14,1415,Lazio,Genoa,Away,7.0,0.0,1.0,H,1.0
21/09/2025,2526,Lazio,Roma,Home,2.0,0.0,1.0,A,2.0
21/10/07,708,Lazio,Livorno,Away,6.0,1.0,0.0,A,1.0
21/10/2018,1819,Lazio,Parma,Away,9.0,2.0,0.0,A,0.0
21/10/2023,2324,Lazio,Sassuolo,Away,6.0,2.0,0.0,A,0.0
21/11/10,1011,Lazio,Parma,Away,5.0,1.0,1.0,D,0.0
21/11/2020,2021,Lazio,Crotone,Away,9.0,2.0,0.0,A,0.0
21/12/05,506,Lazio,Lecce,Away,2.0,0.0,0.0,D,0.0
21/12/11,1112,Lazio,Chievo,Home,0.0,0.0,0.0,D,0.0
21/12/14,1415,Lazio,Inter,Away,2.0,2.0,2.0,D,0.0
21/12/16,1617,Lazio,Inter,Away,4.0,0.0,3.0,H,0.0
21/12/2024,2425,Lazio,Lecce,Away,7.0,2.0,1.0,A,0.0
22/01/12,1112,Lazio,Inter,Away,2.0,1.0,2.0,H,0.0
22/01/17,1617,Lazio,Juventus,Away,2.0,0.0,2.0,H,0.0
22/01/2022,2122,Lazio,Atalanta,Home,1.0,0.0,0.0,D,0.0
22/02/09,809,Lazio,Lecce,Away,4.0,2.0,0.0,A,0.0
22/02/15,1415,Lazio,Palermo,Home,8.0,2.0,1.0,H,0.0
22/02/2024,2324,Lazio,Torino,Away,4.0,2.0,0.0,A,1.0
22/02/2025,2425,Lazio,Venezia,Away,3.0,0.0,0.0,D,0.0
22/03/08,708,Lazio,Fiorentina,Away,2.0,0.0,1.0,H,1.0
22/03/15,1415,Lazio,Verona,Home,6.0,2.0,0.0,H,0.0
22/03/2026,2526,Lazio,Bologna,Away,5.0,2.0,0.0,A,0.0
22/04/06,506,Lazio,Juventus,Away,3.0,1.0,1.0,D,1.0
22/04/07,607,Lazio,Fiorentina,Home,7.0,0.0,1.0,A,0.0
22/04/12,1112,Lazio,Lecce,Home,7.0,1.0,1.0,D,0.0
22/04/18,1718,Lazio,Sampdoria,Home,9.0,4.0,0.0,H,0.0
22/04/2021,2021,Lazio,Napoli,Away,4.0,2.0,5.0,H,0.0
22/04/2023,2223,Lazio,Torino,Home,5.0,0.0,1.0,A,0.0
22/05/11,1011,Lazio,Lecce,Away,12.0,4.0,2.0,A,0.0
22/08/15,1516,Lazio,Bologna,Home,9.0,2.0,1.0,H,0.0
22/09/10,1011,Lazio,Milan,Home,6.0,1.0,1.0,D,0.0
22/09/13,1314,Lazio,Roma,Away,0.0,0.0,2.0,H,1.0
22/09/2019,1920,Lazio,Parma,Home,15.0,2.0,0.0,H,0.0
22/09/2024,2425,Lazio,Fiorentina,Away,6.0,1.0,2.0,H,0.0
22/10/06,607,Lazio,Catania,Away,2.0,1.0,3.0,H,0.0
22/10/17,1718,Lazio,Cagliari,Home,3.0,3.0,0.0,H,0.0
22/11/09,910,Lazio,Napoli,Away,3.0,0.0,0.0,D,0.0
22/11/14,1415,Lazio,Juventus,Home,4.0,0.0,3.0,A,0.0
22/11/15,1516,Lazio,Palermo,Home,3.0,1.0,1.0,D,0.0
22/12/12,1213,Lazio,Sampdoria,Away,1.0,1.0,0.0,A,0.0
22/12/13,1314,Lazio,Verona,Away,9.0,1.0,4.0,H,0.0
22/12/2018,1819,Lazio,Cagliari,Home,10.0,3.0,1.0,H,0.0
22/12/2021,2122,Lazio,Venezia,Away,4.0,3.0,1.0,A,0.0
22/12/2023,2324,Lazio,Empoli,Away,7.0,2.0,0.0,A,0.0
23/01/11,1011,Lazio,Bologna,Away,4.0,1.0,3.0,H,1.0
23/02/14,1314,Lazio,Sassuolo,Home,4.0,3.0,2.0,H,0.0
23/02/2020,1920,Lazio,Genoa,Away,8.0,3.0,2.0,A,0.0
23/03/14,1314,Lazio,Milan,Home,2.0,1.0,1.0,D,0.0
23/04/11,1011,Lazio,Inter,Away,3.0,1.0,2.0,H,1.0
23/04/17,1617,Lazio,Palermo,Home,7.0,6.0,2.0,H,0.0
23/04/2025,2425,Lazio,Genoa,Away,6.0,2.0,0.0,A,1.0
23/05/2021,2021,Lazio,Sassuolo,Away,2.0,0.0,2.0,H,0.0
23/05/2026,2526,Lazio,Pisa,Home,9.0,2.0,1.0,H,0.0
23/07/2020,1920,Lazio,Cagliari,Home,12.0,2.0,1.0,H,0.0
23/08/09,910,Lazio,Atalanta,Home,3.0,1.0,0.0,H,0.0
23/09/07,708,Lazio,Atalanta,Away,5.0,1.0,2.0,H,0.0
23/09/09,910,Lazio,Parma,Home,6.0,1.0,2.0,A,1.0
23/09/12,1213,Lazio,Genoa,Home,7.0,0.0,1.0,A,0.0
23/09/15,1516,Lazio,Genoa,Home,3.0,2.0,0.0,H,0.0
23/09/2018,1819,Lazio,Genoa,Home,8.0,4.0,1.0,H,0.0
23/09/2021,2122,Lazio,Torino,Away,2.0,1.0,1.0,D,0.0
23/09/2023,2324,Lazio,Monza,Home,1.0,1.0,1.0,D,0.0
23/10/05,506,Lazio,Roma,Away,2.0,1.0,1.0,D,0.0
23/10/11,1112,Lazio,Bologna,Away,1.0,2.0,0.0,A,0.0
23/10/16,1617,Lazio,Torino,Away,6.0,2.0,2.0,D,0.0
23/10/2022,2223,Lazio,Atalanta,Away,5.0,2.0,0.0,A,0.0
23/11/08,809,Lazio,Genoa,Home,8.0,1.0,1.0,D,0.0
23/11/2025,2526,Lazio,Lecce,Home,9.0,2.0,0.0,H,0.0
23/12/06,607,Lazio,Parma,Away,7.0,3.0,1.0,A,1.0
23/12/07,708,Lazio,Palermo,Away,5.0,2.0,2.0,D,2.0
23/12/17,1718,Lazio,Crotone,Home,6.0,4.0,0.0,H,0.0
23/12/2020,2021,Lazio,Milan,Away,9.0,2.0,3.0,H,0.0
24/01/10,910,Lazio,Chievo,Home,4.0,1.0,1.0,D,0.0
24/01/15,1415,Lazio,Milan,Home,6.0,3.0,1.0,H,0.0
24/01/16,1516,Lazio,Chievo,Home,7.0,4.0,1.0,H,1.0
24/01/18,1718,Lazio,Udinese,Home,7.0,3.0,0.0,H,0.0
24/01/2021,2021,Lazio,Sassuolo,Home,8.0,2.0,1.0,H,0.0
24/01/2023,2223,Lazio,Milan,Home,5.0,4.0,0.0,H,0.0
24/01/2026,2526,Lazio,Lecce,Away,1.0,0.0,0.0,D,0.0
24/02/08,708,Lazio,Cagliari,Away,3.0,0.0,1.0,H,0.0
24/03/10,910,Lazio,Siena,Home,5.0,2.0,0.0,H,0.0
24/04/16,1516,Lazio,Sampdoria,Away,4.0,1.0,2.0,H,0.0
24/04/2022,2122,Lazio,Milan,Home,2.0,1.0,2.0,A,0.0
24/06/2020,1920,Lazio,Atalanta,Away,3.0,2.0,3.0,H,0.0
24/08/2024,2425,Lazio,Udinese,Away,5.0,1.0,2.0,H,0.0
24/08/2025,2526,Lazio,Como,Away,1.0,0.0,2.0,H,0.0
24/09/06,607,Lazio,Atalanta,Home,9.0,1.0,0.0,H,0.0
24/09/08,809,Lazio,Fiorentina,Home,10.0,3.0,0.0,H,0.0
24/09/17,1718,Lazio,Verona,Away,5.0,3.0,0.0,A,0.0
24/10/10,1011,Lazio,Cagliari,Home,4.0,2.0,1.0,H,0.0
24/10/2020,2021,Lazio,Bologna,Home,4.0,2.0,1.0,H,0.0
24/10/2021,2122,Lazio,Verona,Away,4.0,1.0,4.0,H,0.0
24/11/13,1314,Lazio,Sampdoria,Away,2.0,1.0,1.0,D,0.0
24/11/2019,1920,Lazio,Sassuolo,Away,6.0,2.0,1.0,A,0.0
24/11/2024,2425,Lazio,Bologna,Home,4.0,3.0,0.0,H,0.0
25/01/09,809,Lazio,Cagliari,Home,6.0,1.0,4.0,A,1.0
25/01/14,1314,Lazio,Juventus,Home,3.0,1.0,1.0,D,0.0
25/02/07,607,Lazio,Cagliari,Away,4.0,2.0,0.0,A,0.0
25/02/13,1213,Lazio,Pescara,Home,4.0,2.0,0.0,H,0.0
25/02/18,1718,Lazio,Sassuolo,Away,4.0,3.0,0.0,A,1.0
25/03/12,1112,Lazio,Cagliari,Home,5.0,1.0,0.0,H,0.0
25/04/10,910,Lazio,Genoa,Away,3.0,2.0,1.0,A,0.0
25/04/12,1112,Lazio,Novara,Away,5.0,1.0,2.0,H,0.0
25/05/15,1415,Lazio,Roma,Home,3.0,1.0,2.0,A,0.0
25/05/2025,2425,Lazio,Lecce,Home,7.0,0.0,1.0,A,1.0
25/08/07,708,Lazio,Torino,Home,11.0,2.0,2.0,D,0.0
25/08/13,1314,Lazio,Udinese,Home,6.0,2.0,1.0,H,0.0
25/08/2018,1819,Lazio,Juventus,Away,3.0,0.0,2.0,H,0.0
25/08/2019,1920,Lazio,Sampdoria,Away,10.0,3.0,0.0,A,0.0
25/09/05,506,Lazio,Palermo,Home,5.0,4.0,2.0,H,0.0
25/09/11,1112,Lazio,Palermo,Home,6.0,0.0,0.0,D,0.0
25/09/13,1314,Lazio,Catania,Home,13.0,3.0,1.0,H,0.0
25/09/14,1415,Lazio,Udinese,Home,8.0,0.0,1.0,A,0.0
25/09/16,1617,Lazio,Empoli,Home,3.0,2.0,0.0,H,0.0
25/09/2019,1920,Lazio,Inter,Away,4.0,0.0,1.0,H,0.0
25/10/06,607,Lazio,Sampdoria,Away,7.0,0.0,2.0,H,2.0
25/10/09,910,Lazio,Bari,Away,3.0,0.0,2.0,H,1.0
25/10/15,1516,Lazio,Torino,Home,3.0,3.0,0.0,H,0.0
25/10/17,1718,Lazio,Bologna,Away,3.0,2.0,1.0,A,0.0
25/11/07,708,Lazio,Parma,Home,9.0,1.0,0.0,H,0.0
25/11/2018,1819,Lazio,Milan,Home,6.0,1.0,1.0,D,0.0
25/11/2023,2324,Lazio,Salernitana,Away,2.0,1.0,2.0,H,0.0
26/01/13,1213,Lazio,Chievo,Home,6.0,0.0,1.0,A,0.0
26/01/2020,1920,Lazio,Roma,Away,2.0,1.0,1.0,D,0.0
26/01/2025,2425,Lazio,Fiorentina,Home,3.0,1.0,2.0,A,0.0
26/02/06,506,Lazio,Roma,Home,2.0,0.0,2.0,A,0.0
26/02/12,1112,Lazio,Fiorentina,Home,2.0,1.0,0.0,H,0.0
26/02/17,1617,Lazio,Udinese,Home,2.0,1.0,0.0,H,0.0
26/02/2024,2324,Lazio,Fiorentina,Away,1.0,1.0,2.0,H,0.0
26/03/06,506,Lazio,Sampdoria,Home,3.0,2.0,0.0,H,0.0
26/03/14,1314,Lazio,Genoa,Away,5.0,0.0,2.0,H,1.0
26/04/09,809,Lazio,Atalanta,Home,4.0,0.0,1.0,A,0.0
26/04/15,1415,Lazio,Chievo,Home,7.0,1.0,1.0,D,0.0
26/04/2021,2021,Lazio,Milan,Home,6.0,3.0,0.0,H,0.0
26/05/2019,1819,Lazio,Torino,Away,4.0,1.0,3.0,H,0.0
26/05/2024,2324,Lazio,Sassuolo,Home,6.0,1.0,1.0,D,0.0
26/07/2020,1920,Lazio,Verona,Away,7.0,5.0,1.0,A,0.0
26/08/12,1213,Lazio,Atalanta,Away,4.0,1.0,0.0,A,0.0
26/08/2022,2223,Lazio,Inter,Home,7.0,3.0,1.0,H,0.0
26/09/07,708,Lazio,Cagliari,Home,8.0,3.0,1.0,H,0.0
26/09/10,1011,Lazio,Chievo,Away,4.0,1.0,0.0,A,0.0
26/09/12,1213,Lazio,Napoli,Away,4.0,0.0,3.0,H,0.0
26/09/2018,1819,Lazio,Udinese,Away,2.0,2.0,1.0,A,0.0
26/09/2020,2021,Lazio,Cagliari,Away,7.0,2.0,0.0,A,0.0
26/09/2021,2122,Lazio,Roma,Home,4.0,3.0,2.0,H,0.0
26/10/05,506,Lazio,Chievo,Home,,2.0,2.0,D,0.0
26/10/08,809,Lazio,Napoli,Home,5.0,0.0,1.0,A,0.0
26/10/11,1112,Lazio,Catania,Home,4.0,1.0,1.0,D,0.0
26/10/14,1415,Lazio,Torino,Home,7.0,2.0,1.0,H,0.0
26/10/16,1617,Lazio,Cagliari,Home,12.0,4.0,1.0,H,0.0
26/10/2025,2526,Lazio,Juventus,Home,3.0,1.0,0.0,H,0.0
26/11/06,607,Lazio,Ascoli,Home,9.0,3.0,1.0,H,0.0
26/11/11,1112,Lazio,Juventus,Home,8.0,0.0,1.0,A,0.0
26/11/17,1718,Lazio,Fiorentina,Home,7.0,1.0,1.0,D,0.0
26/12/2018,1819,Lazio,Bologna,Away,7.0,2.0,0.0,A,0.0
27/01/07,607,Lazio,Palermo,Away,8.0,3.0,0.0,A,0.0
27/01/08,708,Lazio,Torino,Away,6.0,0.0,0.0,D,1.0
27/01/2019,1819,Lazio,Juventus,Home,5.0,1.0,2.0,A,0.0
27/02/08,708,Lazio,Reggina,Home,2.0,1.0,0.0,H,0.0
27/02/10,910,Lazio,Fiorentina,Home,4.0,1.0,1.0,D,0.0
27/02/11,1011,Lazio,Cagliari,Away,6.0,0.0,1.0,H,0.0
27/02/2021,2021,Lazio,Bologna,Away,7.0,0.0,2.0,H,0.0
27/02/2022,2122,Lazio,Napoli,Home,8.0,1.0,2.0,A,0.0
27/02/2023,2223,Lazio,Sampdoria,Home,4.0,1.0,0.0,H,0.0
27/04/08,708,Lazio,Juventus,Away,5.0,2.0,5.0,H,1.0
27/04/14,1314,Lazio,Livorno,Away,11.0,2.0,0.0,A,0.0
27/04/2024,2324,Lazio,Verona,Home,5.0,1.0,0.0,H,0.0
27/04/2026,2526,Lazio,Udinese,Home,5.0,3.0,3.0,D,0.0
27/05/07,607,Lazio,Siena,Away,3.0,1.0,2.0,H,0.0
27/06/2020,1920,Lazio,Fiorentina,Home,4.0,2.0,1.0,H,0.0
27/08/16,1617,Lazio,Juventus,Home,1.0,0.0,1.0,A,0.0
27/08/17,1718,Lazio,Chievo,Away,3.0,2.0,1.0,A,0.0
27/08/2023,2324,Lazio,Genoa,Home,2.0,0.0,1.0,A,0.0
27/09/09,910,Lazio,Palermo,Home,12.0,1.0,1.0,D,0.0
27/09/15,1516,Lazio,Verona,Away,3.0,2.0,1.0,A,1.0
27/09/2023,2324,Lazio,Torino,Home,3.0,2.0,0.0,H,0.0
27/10/13,1314,Lazio,Cagliari,Home,3.0,2.0,0.0,H,0.0
27/10/2019,1920,Lazio,Fiorentina,Away,8.0,2.0,1.0,A,0.0
27/10/2021,2122,Lazio,Fiorentina,Home,2.0,1.0,0.0,H,0.0
27/10/2024,2425,Lazio,Genoa,Home,4.0,3.0,0.0,H,0.0
27/11/05,506,Lazio,Empoli,Away,8.0,3.0,2.0,A,0.0
27/11/12,1213,Lazio,Udinese,Home,6.0,3.0,0.0,H,0.0
27/11/16,1617,Lazio,Palermo,Away,6.0,1.0,0.0,A,0.0
27/12/2025,2526,Lazio,Udinese,Away,2.0,1.0,1.0,D,0.0
28/01/09,809,Lazio,Sampdoria,Away,4.0,1.0,3.0,H,0.0
28/01/17,1617,Lazio,Chievo,Home,8.0,0.0,1.0,A,0.0
28/01/18,1718,Lazio,Milan,Away,4.0,1.0,2.0,H,0.0
28/01/2024,2324,Lazio,Napoli,Home,1.0,0.0,0.0,D,0.0
28/02/07,607,Lazio,Catania,Home,6.0,3.0,1.0,H,0.0
28/02/09,809,Lazio,Bologna,Home,5.0,2.0,0.0,H,0.0
28/03/10,910,Lazio,Milan,Away,5.0,1.0,1.0,D,0.0
28/04/13,1213,Lazio,Parma,Away,2.0,0.0,0.0,D,1.0
28/04/2019,1819,Lazio,Sampdoria,Away,5.0,2.0,1.0,A,0.0
28/04/2025,2425,Lazio,Parma,Home,7.0,2.0,2.0,D,0.0
28/05/17,1617,Lazio,Crotone,Away,3.0,1.0,3.0,H,1.0
28/05/2023,2223,Lazio,Cremonese,Home,8.0,3.0,2.0,H,1.0
28/08/05,506,Lazio,Messina,Home,4.0,1.0,0.0,H,0.0
28/08/2021,2122,Lazio,Spezia,Home,10.0,6.0,1.0,H,0.0
28/09/08,809,Lazio,Torino,Away,8.0,3.0,1.0,A,0.0
28/10/07,708,Lazio,Udinese,Home,5.0,0.0,1.0,A,0.0
28/10/09,910,Lazio,Cagliari,Home,7.0,0.0,1.0,A,0.0
28/10/12,1213,Lazio,Fiorentina,Away,2.0,0.0,2.0,H,2.0
28/10/15,1516,Lazio,Atalanta,Away,3.0,1.0,2.0,H,0.0
28/11/10,1011,Lazio,Catania,Home,6.0,1.0,1.0,D,0.0
28/11/2021,2122,Lazio,Napoli,Away,2.0,0.0,4.0,H,0.0
28/12/2024,2425,Lazio,Atalanta,Home,5.0,1.0,1.0,D,0.0
29/01/06,506,Lazio,Treviso,Away,2.0,1.0,0.0,A,0.0
29/01/11,1011,Lazio,Fiorentina,Home,8.0,2.0,0.0,H,0.0
29/01/12,1112,Lazio,Chievo,Away,7.0,3.0,0.0,A,0.0
29/01/2023,2223,Lazio,Fiorentina,Home,1.0,1.0,1.0,D,0.0
29/02/16,1516,Lazio,Sassuolo,Home,3.0,0.0,2.0,A,0.0
29/02/2020,1920,Lazio,Bologna,Home,5.0,2.0,0.0,H,0.0
29/03/08,708,Lazio,Inter,Home,6.0,1.0,1.0,D,0.0
29/04/07,607,Lazio,Roma,Away,0.0,0.0,0.0,D,0.0
29/04/12,1112,Lazio,Udinese,Away,1.0,0.0,2.0,H,1.0
29/04/15,1415,Lazio,Parma,Home,7.0,4.0,0.0,H,0.0
29/04/18,1718,Lazio,Torino,Away,6.0,1.0,0.0,A,0.0
29/07/2020,1920,Lazio,Brescia,Home,15.0,2.0,0.0,H,0.0
29/08/10,1011,Lazio,Sampdoria,Away,1.0,0.0,2.0,H,0.0
29/09/13,1314,Lazio,Sassuolo,Away,4.0,2.0,2.0,D,0.0
29/09/14,1415,Lazio,Palermo,Away,10.0,4.0,0.0,A,0.0
29/09/2018,1819,Lazio,Roma,Away,5.0,1.0,3.0,H,0.0
29/09/2019,1920,Lazio,Genoa,Home,11.0,4.0,0.0,H,0.0
29/09/2024,2425,Lazio,Torino,Away,7.0,3.0,2.0,A,0.0
29/09/2025,2526,Lazio,Genoa,Away,6.0,3.0,0.0,A,0.0
29/10/06,607,Lazio,Reggina,Home,5.0,0.0,0.0,D,1.0
29/10/08,809,Lazio,Chievo,Away,2.0,2.0,1.0,A,0.0
29/10/17,1718,Lazio,Benevento,Away,9.0,5.0,1.0,A,0.0
29/10/2018,1819,Lazio,Inter,Home,4.0,0.0,3.0,A,0.0
29/11/09,910,Lazio,Bologna,Home,4.0,0.0,0.0,D,0.0
29/11/14,1415,Lazio,Chievo,Away,4.0,0.0,0.0,D,0.0
29/11/15,1516,Lazio,Empoli,Away,5.0,0.0,1.0,H,0.0
29/11/2020,2021,Lazio,Udinese,Home,6.0,1.0,3.0,A,0.0
29/11/2025,2526,Lazio,Milan,Away,4.0,0.0,1.0,H,0.0
29/12/2018,1819,Lazio,Torino,Home,5.0,1.0,1.0,D,1.0
29/12/2023,2324,Lazio,Frosinone,Home,5.0,3.0,1.0,H,0.0
30/01/2026,2526,Lazio,Genoa,Home,4.0,3.0,2.0,H,0.0
30/03/13,1213,Lazio,Catania,Home,5.0,2.0,1.0,H,0.0
30/03/14,1314,Lazio,Parma,Home,6.0,3.0,2.0,H,0.0
30/03/2024,2324,Lazio,Juventus,Home,4.0,1.0,0.0,H,0.0
30/04/06,506,Lazio,Lecce,Home,2.0,1.0,0.0,H,0.0
30/04/17,1617,Lazio,Roma,Away,7.0,3.0,1.0,A,0.0
30/04/2022,2122,Lazio,Spezia,Away,9.0,4.0,3.0,A,0.0
30/04/2023,2223,Lazio,Inter,Away,5.0,1.0,3.0,H,0.0
30/06/2020,1920,Lazio,Torino,Away,6.0,2.0,1.0,A,0.0
30/08/09,910,Lazio,Chievo,Away,3.0,2.0,1.0,A,1.0
30/08/15,1516,Lazio,Chievo,Away,2.0,0.0,4.0,H,0.0
30/09/06,607,Lazio,Torino,Away,6.0,4.0,0.0,A,0.0
30/09/07,708,Lazio,Reggina,Away,2.0,1.0,1.0,D,0.0
30/09/12,1213,Lazio,Siena,Home,4.0,2.0,1.0,H,0.0
30/09/2020,2021,Lazio,Atalanta,Home,8.0,1.0,4.0,A,0.0
30/09/2023,2324,Lazio,Milan,Away,4.0,0.0,2.0,H,0.0
30/10/05,506,Lazio,Reggina,Away,2.0,0.0,1.0,H,0.0
30/10/11,1112,Lazio,Cagliari,Away,4.0,3.0,0.0,A,0.0
30/10/13,1314,Lazio,Milan,Away,3.0,1.0,1.0,D,0.0
30/10/14,1415,Lazio,Verona,Away,3.0,1.0,1.0,D,1.0
30/10/16,1617,Lazio,Sassuolo,Home,6.0,2.0,1.0,H,0.0
30/10/2019,1920,Lazio,Torino,Home,8.0,4.0,0.0,H,0.0
30/10/2021,2122,Lazio,Atalanta,Away,5.0,2.0,2.0,D,0.0
30/10/2022,2223,Lazio,Salernitana,Home,4.0,1.0,3.0,A,0.0
30/10/2023,2324,Lazio,Fiorentina,Home,4.0,1.0,0.0,H,0.0
30/10/2025,2526,Lazio,Pisa,Away,6.0,0.0,0.0,D,0.0
30/11/08,809,Lazio,Atalanta,Away,6.0,0.0,2.0,H,0.0
30/12/17,1718,Lazio,Inter,Away,4.0,0.0,0.0,D,0.0
31/01/10,910,Lazio,Juventus,Away,2.0,1.0,1.0,D,0.0
31/01/16,1516,Lazio,Udinese,Away,1.0,0.0,0.0,D,1.0
31/01/2021,2021,Lazio,Atalanta,Away,7.0,3.0,1.0,A,0.0
31/03/12,1112,Lazio,Parma,Away,2.0,1.0,3.0,H,0.0
31/03/18,1718,Lazio,Benevento,Home,14.0,6.0,2.0,H,0.0
31/03/2019,1819,Lazio,Inter,Away,5.0,1.0,0.0,A,0.0
31/03/2025,2425,Lazio,Torino,Home,6.0,1.0,1.0,D,0.0
31/05/09,809,Lazio,Juventus,Away,2.0,0.0,2.0,H,0.0
31/05/15,1415,Lazio,Napoli,Away,5.0,4.0,2.0,A,1.0
31/08/08,809,Lazio,Cagliari,Away,8.0,4.0,1.0,A,0.0
31/08/13,1314,Lazio,Juventus,Away,11.0,1.0,4.0,H,1.0
31/08/14,1415,Lazio,Milan,Away,4.0,1.0,3.0,H,0.0
31/08/2022,2223,Lazio,Sampdoria,Away,6.0,1.0,1.0,D,0.0
31/08/2024,2425,Lazio,Milan,Home,5.0,2.0,2.0,D,0.0
31/08/2025,2526,Lazio,Verona,Home,6.0,4.0,0.0,H,0.0
31/10/07,708,Lazio,Roma,Away,6.0,2.0,3.0,H,0.0
31/10/10,1011,Lazio,Palermo,Away,3.0,1.0,0.0,A,1.0
31/10/12,1213,Lazio,Torino,Home,4.0,1.0,1.0,D,0.0
31/10/2024,2425,Lazio,Como,Away,7.0,5.0,1.0,A,1.0
01/02/09,809,Lecce,Siena,Away,4.0,2.0,1.0,A,1.0
01/02/12,1112,Lecce,Udinese,Away,3.0,1.0,2.0,H,0.0
01/02/2026,2526,Lecce,Torino,Away,2.0,0.0,1.0,H,0.0
01/03/09,809,Lecce,Udinese,Away,2.0,0.0,2.0,H,1.0
01/03/2020,1920,Lecce,Atalanta,Home,3.0,2.0,7.0,A,0.0
01/04/06,506,Lecce,Milan,Home,6.0,1.0,0.0,H,0.0
01/04/12,1112,Lecce,Cesena,Home,6.0,0.0,0.0,D,0.0
01/04/2024,2324,Lecce,Roma,Home,6.0,0.0,0.0,D,0.0
01/05/11,1011,Lecce,Chievo,Away,5.0,0.0,1.0,H,0.0
01/05/2026,2526,Lecce,Pisa,Away,4.0,2.0,1.0,A,0.0
01/07/2020,1920,Lecce,Sampdoria,Home,6.0,1.0,2.0,A,0.0
01/09/2019,1920,Lecce,Verona,Home,3.0,0.0,1.0,A,0.0
01/12/2024,2425,Lecce,Juventus,Home,6.0,1.0,1.0,D,0.0
02/02/11,1011,Lecce,Parma,Away,5.0,1.0,0.0,A,0.0
02/02/2020,1920,Lecce,Torino,Home,11.0,4.0,0.0,H,0.0
02/02/2024,2324,Lecce,Fiorentina,Home,8.0,3.0,2.0,H,0.0
02/05/12,1112,Lecce,Juventus,Away,1.0,1.0,1.0,D,1.0
02/08/2020,1920,Lecce,Parma,Home,8.0,3.0,4.0,A,0.0
02/10/05,506,Lecce,Cagliari,Home,8.0,3.0,0.0,H,0.0
02/10/11,1112,Lecce,Cagliari,Home,4.0,0.0,2.0,A,0.0
02/10/2022,2223,Lecce,Cremonese,Home,1.0,1.0,1.0,D,0.0
02/11/08,809,Lecce,Atalanta,Away,3.0,0.0,0.0,D,0.0
02/11/2024,2425,Lecce,Bologna,Away,0.0,0.0,1.0,H,0.0
02/11/2025,2526,Lecce,Fiorentina,Away,4.0,1.0,0.0,A,0.0
03/01/2026,2526,Lecce,Juventus,Away,1.0,1.0,1.0,D,0.0
03/03/2024,2324,Lecce,Frosinone,Away,4.0,1.0,1.0,D,0.0
03/04/11,1011,Lecce,Udinese,Home,4.0,2.0,0.0,H,0.0
03/04/2023,2223,Lecce,Empoli,Away,0.0,0.0,1.0,H,0.0
03/05/09,809,Lecce,Juventus,Away,3.0,2.0,2.0,D,0.0
03/05/2023,2223,Lecce,Juventus,Away,5.0,1.0,2.0,H,0.0
03/05/2025,2425,Lecce,Napoli,Home,1.0,0.0,1.0,A,0.0
03/09/2023,2324,Lecce,Salernitana,Home,6.0,2.0,0.0,H,0.0
03/10/10,1011,Lecce,Catania,Home,3.0,1.0,0.0,H,0.0
03/11/2019,1920,Lecce,Sassuolo,Home,4.0,2.0,2.0,D,0.0
03/12/11,1112,Lecce,Napoli,Away,4.0,2.0,4.0,H,0.0
03/12/2023,2324,Lecce,Bologna,Home,4.0,1.0,1.0,D,0.0
04/01/2023,2223,Lecce,Lazio,Home,4.0,2.0,1.0,H,0.0
04/02/2023,2223,Lecce,Cremonese,Away,4.0,2.0,0.0,A,0.0
04/03/11,1011,Lecce,Roma,Home,4.0,1.0,2.0,A,0.0
04/03/12,1112,Lecce,Genoa,Home,2.0,2.0,2.0,D,0.0
04/06/2023,2223,Lecce,Bologna,Home,7.0,2.0,3.0,A,0.0
04/07/2020,1920,Lecce,Sassuolo,Away,3.0,2.0,4.0,H,0.0
04/10/08,809,Lecce,Lazio,Away,3.0,1.0,1.0,D,0.0
04/10/2025,2526,Lecce,Parma,Away,3.0,1.0,0.0,A,0.0
04/11/2022,2223,Lecce,Udinese,Away,1.0,1.0,1.0,D,0.0
04/12/05,506,Lecce,Roma,Home,,2.0,2.0,D,0.0
05/01/2025,2425,Lecce,Genoa,Home,3.0,0.0,0.0,D,0.0
05/02/06,506,Lecce,Fiorentina,Away,1.0,0.0,1.0,H,0.0
05/02/12,1112,Lecce,Bologna,Home,3.0,0.0,0.0,D,1.0
05/03/06,506,Lecce,Palermo,Home,5.0,2.0,0.0,H,0.0
05/03/2023,2223,Lecce,Inter,Away,1.0,0.0,2.0,H,0.0
05/04/09,809,Lecce,Milan,Away,2.0,0.0,2.0,H,0.0
05/05/12,1112,Lecce,Fiorentina,Home,3.0,0.0,1.0,A,0.0
05/05/2024,2324,Lecce,Cagliari,Away,3.0,1.0,1.0,D,0.0
05/09/2022,2223,Lecce,Torino,Away,2.0,0.0,1.0,H,0.0
05/10/2024,2425,Lecce,Udinese,Away,3.0,0.0,1.0,H,0.0
05/11/2023,2324,Lecce,Roma,Away,4.0,1.0,2.0,H,0.0
05/12/10,1011,Lecce,Genoa,Home,3.0,1.0,3.0,A,0.0
06/01/11,1011,Lecce,Bari,Home,5.0,0.0,1.0,A,1.0
06/01/2020,1920,Lecce,Udinese,Home,6.0,0.0,1.0,A,0.0
06/01/2024,2324,Lecce,Cagliari,Home,2.0,1.0,1.0,D,0.0
06/01/2026,2526,Lecce,Roma,Home,1.0,0.0,2.0,A,0.0
06/02/11,1011,Lecce,Palermo,Home,5.0,2.0,4.0,A,0.0
06/04/2024,2324,Lecce,Milan,Away,7.0,0.0,3.0,H,1.0
06/04/2025,2425,Lecce,Venezia,Home,4.0,1.0,1.0,D,0.0
06/04/2026,2526,Lecce,Atalanta,Home,0.0,0.0,3.0,A,0.0
06/10/2019,1920,Lecce,Atalanta,Away,2.0,1.0,3.0,H,0.0
06/10/2023,2324,Lecce,Sassuolo,Home,4.0,1.0,1.0,D,0.0
06/11/05,506,Lecce,Parma,Away,4.0,0.0,2.0,H,0.0
06/11/10,1011,Lecce,Bologna,Away,4.0,0.0,2.0,H,0.0
06/11/11,1112,Lecce,Cesena,Away,2.0,1.0,0.0,A,1.0
07/02/09,809,Lecce,Inter,Home,1.0,0.0,3.0,A,0.0
07/04/12,1112,Lecce,Roma,Home,4.0,4.0,2.0,H,0.0
07/04/2023,2223,Lecce,Napoli,Home,3.0,1.0,2.0,A,0.0
07/05/06,506,Lecce,Chievo,Home,4.0,0.0,0.0,D,1.0
07/05/2023,2223,Lecce,Verona,Home,2.0,0.0,1.0,A,0.0
07/07/2020,1920,Lecce,Lazio,Home,3.0,2.0,1.0,H,0.0
07/12/08,809,Lecce,Juventus,Home,4.0,1.0,2.0,A,0.0
07/12/2024,2425,Lecce,Roma,Away,1.0,1.0,4.0,H,0.0
07/12/2025,2526,Lecce,Cremonese,Away,1.0,0.0,2.0,H,0.0
08/01/06,506,Lecce,Chievo,Away,7.0,1.0,3.0,H,0.0
08/01/12,1112,Lecce,Juventus,Home,3.0,0.0,1.0,A,0.0
08/01/2023,2223,Lecce,Spezia,Away,4.0,0.0,0.0,D,0.0
08/02/06,506,Lecce,Empoli,Home,5.0,1.0,2.0,A,1.0
08/02/2026,2526,Lecce,Udinese,Home,5.0,2.0,1.0,H,0.0
08/03/09,809,Lecce,Reggina,Home,5.0,0.0,0.0,D,0.0
08/03/2025,2425,Lecce,Milan,Home,3.0,2.0,3.0,A,0.0
08/03/2026,2526,Lecce,Cremonese,Home,3.0,2.0,1.0,H,0.0
08/05/11,1011,Lecce,Napoli,Home,4.0,2.0,1.0,H,1.0
08/11/2024,2425,Lecce,Empoli,Home,3.0,1.0,1.0,D,0.0
08/11/2025,2526,Lecce,Verona,Home,6.0,0.0,0.0,D,0.0
08/12/2019,1920,Lecce,Genoa,Home,5.0,2.0,2.0,D,0.0
09/01/11,1011,Lecce,Lazio,Away,7.0,2.0,1.0,A,0.0
09/02/2020,1920,Lecce,Napoli,Away,10.0,3.0,2.0,A,0.0
09/02/2025,2425,Lecce,Bologna,Home,1.0,0.0,0.0,D,0.0
09/04/06,506,Lecce,Roma,Away,2.0,1.0,3.0,H,0.0
09/05/2026,2526,Lecce,Juventus,Home,3.0,0.0,1.0,A,0.0
09/10/2022,2223,Lecce,Roma,Away,3.0,1.0,2.0,H,1.0
09/11/08,809,Lecce,Milan,Home,3.0,1.0,1.0,D,0.0
09/11/2022,2223,Lecce,Atalanta,Home,3.0,2.0,1.0,H,0.0
10/03/2024,2324,Lecce,Verona,Home,3.0,0.0,1.0,A,0.0
10/04/11,1011,Lecce,Sampdoria,Away,4.0,2.0,1.0,A,0.0
10/05/09,809,Lecce,Napoli,Home,9.0,1.0,1.0,D,0.0
10/11/10,1011,Lecce,Inter,Home,3.0,1.0,1.0,D,0.0
10/11/2019,1920,Lecce,Lazio,Away,10.0,2.0,4.0,H,0.0
10/12/11,1112,Lecce,Lazio,Home,8.0,2.0,3.0,A,0.0
11/01/09,809,Lecce,Fiorentina,Away,3.0,2.0,1.0,A,0.0
11/01/2025,2425,Lecce,Empoli,Away,6.0,3.0,1.0,A,0.0
11/01/2026,2526,Lecce,Parma,Home,1.0,1.0,2.0,A,2.0
11/02/2023,2223,Lecce,Roma,Home,3.0,1.0,1.0,D,0.0
11/02/2024,2324,Lecce,Bologna,Away,3.0,0.0,4.0,H,0.0
11/03/12,1112,Lecce,Milan,Away,1.0,0.0,2.0,H,0.0
11/04/09,809,Lecce,Sampdoria,Home,7.0,1.0,3.0,A,1.0
11/04/12,1112,Lecce,Catania,Away,3.0,2.0,1.0,A,0.0
11/05/2025,2425,Lecce,Verona,Away,3.0,1.0,1.0,D,0.0
11/09/05,506,Lecce,Ascoli,Home,6.0,0.0,0.0,D,0.0
11/09/11,1112,Lecce,Udinese,Home,2.0,0.0,2.0,A,0.0
11/09/2022,2223,Lecce,Monza,Home,3.0,1.0,1.0,D,0.0
11/11/2023,2324,Lecce,Milan,Home,5.0,2.0,2.0,D,0.0
11/12/05,506,Lecce,Udinese,Away,5.0,2.0,1.0,A,0.0
11/12/2023,2324,Lecce,Empoli,Away,5.0,1.0,1.0,D,0.0
12/02/06,506,Lecce,Cagliari,Away,7.0,0.0,0.0,D,1.0
12/02/12,1112,Lecce,Atalanta,Away,1.0,0.0,0.0,D,0.0
12/03/06,506,Lecce,Messina,Away,3.0,1.0,2.0,H,0.0
12/03/2023,2223,Lecce,Torino,Home,1.0,0.0,2.0,A,0.0
12/04/2025,2425,Lecce,Juventus,Away,3.0,1.0,2.0,H,0.0
12/04/2026,2526,Lecce,Bologna,Away,1.0,0.0,2.0,H,0.0
12/05/2023,2223,Lecce,Lazio,Away,4.0,2.0,2.0,D,0.0
12/07/2020,1920,Lecce,Cagliari,Away,10.0,0.0,0.0,D,0.0
12/09/10,1011,Lecce,Fiorentina,Home,4.0,1.0,0.0,H,0.0
12/11/2022,2223,Lecce,Sampdoria,Away,3.0,2.0,0.0,A,0.0
12/12/10,1011,Lecce,Chievo,Home,7.0,3.0,2.0,H,0.0
12/12/2025,2526,Lecce,Pisa,Home,3.0,1.0,0.0,H,0.0
13/01/2020,1920,Lecce,Parma,Away,6.0,0.0,2.0,H,0.0
13/02/11,1011,Lecce,Catania,Away,6.0,2.0,3.0,H,1.0
13/03/11,1011,Lecce,Bologna,Home,3.0,0.0,1.0,A,0.0
13/04/2024,2324,Lecce,Empoli,Home,7.0,1.0,0.0,H,0.0
13/05/12,1112,Lecce,Chievo,Away,5.0,0.0,1.0,H,1.0
13/05/2024,2324,Lecce,Udinese,Home,2.0,0.0,2.0,A,0.0
13/08/2022,2223,Lecce,Inter,Home,4.0,1.0,2.0,A,0.0
13/12/08,809,Lecce,Napoli,Away,3.0,0.0,3.0,H,0.0
14/01/06,506,Lecce,Sampdoria,Home,5.0,0.0,3.0,A,0.0
14/01/2023,2223,Lecce,Milan,Home,3.0,2.0,2.0,D,0.0
14/01/2024,2324,Lecce,Lazio,Away,3.0,0.0,1.0,H,0.0
14/01/2026,2526,Lecce,Inter,Away,1.0,0.0,1.0,H,0.0
14/03/2025,2425,Lecce,Genoa,Away,2.0,1.0,2.0,H,0.0
14/03/2026,2526,Lecce,Napoli,Away,2.0,1.0,2.0,H,0.0
14/05/06,506,Lecce,Sampdoria,Away,8.0,3.0,1.0,A,0.0
14/09/08,809,Lecce,Chievo,Home,4.0,2.0,0.0,H,0.0
14/09/2025,2526,Lecce,Atalanta,Away,3.0,1.0,4.0,H,0.0
14/11/10,1011,Lecce,Udinese,Away,3.0,0.0,4.0,H,0.0
14/12/2019,1920,Lecce,Brescia,Away,4.0,0.0,3.0,H,0.0
15/01/12,1112,Lecce,Fiorentina,Away,3.0,1.0,0.0,A,0.0
15/02/09,809,Lecce,Cagliari,Away,2.0,0.0,2.0,H,0.0
15/02/2020,1920,Lecce,Spal,Home,4.0,2.0,1.0,H,0.0
15/03/09,809,Lecce,Palermo,Away,5.0,2.0,5.0,H,0.0
15/04/06,506,Lecce,Udinese,Home,6.0,1.0,2.0,A,0.0
15/05/11,1011,Lecce,Bari,Away,6.0,2.0,0.0,A,0.0
15/07/2020,1920,Lecce,Fiorentina,Home,3.0,1.0,3.0,A,0.0
15/09/2024,2425,Lecce,Torino,Away,6.0,0.0,0.0,D,0.0
15/12/2024,2425,Lecce,Monza,Home,4.0,2.0,1.0,H,0.0
16/01/11,1011,Lecce,Milan,Home,2.0,1.0,1.0,D,0.0
16/02/2024,2324,Lecce,Torino,Away,4.0,0.0,2.0,H,1.0
16/02/2025,2425,Lecce,Monza,Away,5.0,0.0,0.0,D,0.0
16/02/2026,2526,Lecce,Cagliari,Away,4.0,2.0,0.0,A,0.0
16/03/2024,2324,Lecce,Salernitana,Away,4.0,1.0,0.0,A,0.0
16/04/2023,2223,Lecce,Sampdoria,Home,11.0,1.0,1.0,D,0.0
16/09/2019,1920,Lecce,Torino,Away,5.0,2.0,1.0,A,0.0
16/09/2022,2223,Lecce,Salernitana,Away,4.0,2.0,1.0,A,0.0
16/10/05,506,Lecce,Reggina,Away,4.0,0.0,2.0,H,1.0
16/10/11,1112,Lecce,Genoa,Away,1.0,0.0,0.0,D,0.0
16/11/08,809,Lecce,Sampdoria,Away,5.0,2.0,3.0,H,0.0
16/12/2023,2324,Lecce,Frosinone,Home,6.0,2.0,1.0,H,0.0
17/04/11,1011,Lecce,Cagliari,Home,5.0,3.0,3.0,D,0.0
17/05/09,809,Lecce,Bologna,Away,3.0,1.0,2.0,H,1.0
17/05/2026,2526,Lecce,Sassuolo,Away,6.0,3.0,2.0,A,0.0
17/09/05,506,Lecce,Inter,Away,5.0,0.0,3.0,H,0.0
17/09/2023,2324,Lecce,Monza,Away,3.0,1.0,1.0,D,1.0
17/10/10,1011,Lecce,Juventus,Away,3.0,0.0,4.0,H,0.0
17/10/2022,2223,Lecce,Fiorentina,Home,2.0,1.0,1.0,D,1.0
17/12/05,506,Lecce,Treviso,Away,,1.0,2.0,H,1.0
18/01/06,506,Lecce,Livorno,Home,8.0,0.0,0.0,D,1.0
18/01/09,809,Lecce,Genoa,Home,1.0,0.0,2.0,A,0.0
18/01/2026,2526,Lecce,Milan,Away,0.0,0.0,1.0,H,0.0
18/03/12,1112,Lecce,Palermo,Home,6.0,1.0,1.0,D,1.0
18/05/2024,2324,Lecce,Atalanta,Home,3.0,0.0,2.0,A,0.0
18/05/2025,2425,Lecce,Torino,Home,4.0,1.0,0.0,H,0.0
18/09/11,1112,Lecce,Bologna,Away,7.0,2.0,0.0,A,0.0
18/10/2025,2526,Lecce,Sassuolo,Home,2.0,0.0,0.0,D,0.0
18/12/11,1112,Lecce,Parma,Away,4.0,3.0,3.0,D,0.0
19/01/2020,1920,Lecce,Inter,Home,3.0,1.0,1.0,D,0.0
19/01/2025,2425,Lecce,Cagliari,Away,2.0,1.0,4.0,H,1.0
19/02/06,506,Lecce,Reggina,Home,3.0,0.0,0.0,D,0.0
19/02/12,1112,Lecce,Siena,Home,6.0,4.0,1.0,H,1.0
19/02/2023,2223,Lecce,Atalanta,Away,2.0,2.0,1.0,A,0.0
19/03/06,506,Lecce,Parma,Home,10.0,1.0,2.0,A,0.0
19/03/2023,2223,Lecce,Fiorentina,Away,2.0,0.0,1.0,H,0.0
19/04/09,809,Lecce,Roma,Away,6.0,2.0,3.0,H,1.0
19/04/2025,2425,Lecce,Como,Home,7.0,0.0,3.0,A,0.0
19/07/2020,1920,Lecce,Genoa,Away,2.0,1.0,2.0,H,0.0
19/08/2024,2425,Lecce,Atalanta,Home,5.0,0.0,4.0,A,0.0
19/09/10,1011,Lecce,Cesena,Away,2.0,0.0,1.0,H,1.0
19/09/2025,2526,Lecce,Cagliari,Home,5.0,1.0,2.0,A,0.0
19/10/08,809,Lecce,Udinese,Home,2.0,2.0,2.0,D,0.0
19/12/10,1011,Lecce,Napoli,Away,2.0,0.0,1.0,H,0.0
20/02/11,1011,Lecce,Juventus,Home,6.0,2.0,0.0,H,1.0
20/03/11,1011,Lecce,Inter,Away,1.0,0.0,1.0,H,0.0
20/04/2026,2526,Lecce,Fiorentina,Home,4.0,1.0,1.0,D,0.0
20/08/2022,2223,Lecce,Sassuolo,Away,1.0,0.0,1.0,H,0.0
20/08/2023,2324,Lecce,Lazio,Home,7.0,2.0,1.0,H,0.0
20/10/2019,1920,Lecce,Milan,Away,7.0,2.0,2.0,D,0.0
20/10/2024,2425,Lecce,Fiorentina,Home,2.0,0.0,6.0,A,1.0
20/11/05,506,Lecce,Siena,Home,12.0,3.0,0.0,H,0.0
20/11/11,1112,Lecce,Roma,Away,2.0,1.0,2.0,H,0.0
21/01/2023,2223,Lecce,Verona,Away,3.0,0.0,2.0,H,0.0
21/01/2024,2324,Lecce,Juventus,Home,3.0,0.0,3.0,A,0.0
21/02/2025,2425,Lecce,Udinese,Home,1.0,0.0,1.0,A,0.0
21/02/2026,2526,Lecce,Inter,Home,0.0,0.0,2.0,A,0.0
21/04/2024,2324,Lecce,Sassuolo,Away,8.0,3.0,0.0,A,0.0
21/05/2023,2223,Lecce,Spezia,Home,1.0,0.0,0.0,D,0.0
21/09/05,506,Lecce,Fiorentina,Home,4.0,1.0,3.0,A,1.0
21/09/08,809,Lecce,Siena,Home,5.0,1.0,1.0,D,0.0
21/09/11,1112,Lecce,Atalanta,Home,6.0,1.0,2.0,A,1.0
21/09/2024,2425,Lecce,Parma,Home,3.0,2.0,2.0,D,1.0
21/11/10,1011,Lecce,Sampdoria,Home,7.0,2.0,3.0,A,1.0
21/12/05,506,Lecce,Lazio,Home,2.0,0.0,0.0,D,1.0
21/12/08,809,Lecce,Bologna,Home,4.0,0.0,0.0,D,0.0
21/12/11,1112,Lecce,Inter,Away,3.0,1.0,4.0,H,0.0
21/12/2024,2425,Lecce,Lazio,Home,2.0,1.0,2.0,A,1.0
22/01/06,506,Lecce,Ascoli,Away,4.0,0.0,2.0,H,0.0
22/01/12,1112,Lecce,Chievo,Home,6.0,2.0,2.0,D,0.0
22/02/09,809,Lecce,Lazio,Home,0.0,0.0,2.0,A,0.0
22/03/09,809,Lecce,Atalanta,Home,7.0,2.0,2.0,D,0.0
22/03/2026,2526,Lecce,Roma,Away,3.0,0.0,1.0,H,0.0
22/04/06,506,Lecce,Treviso,Home,8.0,1.0,1.0,D,1.0
22/04/12,1112,Lecce,Lazio,Away,4.0,1.0,1.0,D,0.0
22/05/11,1011,Lecce,Lazio,Home,2.0,2.0,4.0,A,1.0
22/06/2020,1920,Lecce,Milan,Home,1.0,1.0,4.0,A,0.0
22/07/2020,1920,Lecce,Brescia,Home,10.0,3.0,1.0,H,0.0
22/09/10,1011,Lecce,Parma,Home,5.0,1.0,1.0,D,0.0
22/09/2019,1920,Lecce,Napoli,Home,3.0,1.0,4.0,A,0.0
22/09/2023,2324,Lecce,Genoa,Home,3.0,1.0,0.0,H,0.0
22/12/2019,1920,Lecce,Bologna,Home,3.0,2.0,3.0,A,0.0
23/01/11,1011,Lecce,Fiorentina,Away,4.0,1.0,1.0,D,0.0
23/02/2020,1920,Lecce,Roma,Away,4.0,0.0,4.0,H,0.0
23/04/11,1011,Lecce,Genoa,Away,5.0,2.0,4.0,H,0.0
23/04/2023,2223,Lecce,Milan,Away,4.0,0.0,2.0,H,0.0
23/08/2025,2526,Lecce,Genoa,Away,0.0,0.0,0.0,D,0.0
23/10/05,506,Lecce,Juventus,Home,2.0,0.0,3.0,A,0.0
23/10/11,1112,Lecce,Milan,Home,6.0,3.0,4.0,A,0.0
23/10/2022,2223,Lecce,Bologna,Away,3.0,0.0,2.0,H,0.0
23/10/2023,2324,Lecce,Udinese,Away,1.0,1.0,1.0,D,0.0
23/11/08,809,Lecce,Roma,Home,3.0,0.0,3.0,A,0.0
23/11/2025,2526,Lecce,Lazio,Away,1.0,0.0,2.0,H,0.0
23/12/2023,2324,Lecce,Inter,Away,5.0,0.0,2.0,H,1.0
24/01/2026,2526,Lecce,Lazio,Home,2.0,0.0,0.0,D,0.0
24/05/09,809,Lecce,Fiorentina,Home,10.0,1.0,1.0,D,0.0
24/05/2026,2526,Lecce,Genoa,Home,4.0,1.0,0.0,H,0.0
24/08/2024,2425,Lecce,Inter,Away,4.0,0.0,2.0,H,0.0
24/09/08,809,Lecce,Inter,Away,2.0,0.0,1.0,H,0.0
24/10/10,1011,Lecce,Brescia,Home,6.0,2.0,1.0,H,0.0
25/01/09,809,Lecce,Torino,Home,4.0,3.0,3.0,D,0.0
25/02/2023,2223,Lecce,Sassuolo,Home,0.0,0.0,1.0,A,0.0
25/02/2024,2324,Lecce,Inter,Home,2.0,0.0,4.0,A,0.0
25/03/12,1112,Lecce,Novara,Away,1.0,0.0,0.0,D,0.0
25/04/12,1112,Lecce,Napoli,Home,1.0,0.0,2.0,A,0.0
25/04/2026,2526,Lecce,Verona,Away,2.0,0.0,0.0,D,0.0
25/05/2025,2425,Lecce,Lazio,Away,3.0,1.0,0.0,A,1.0
25/09/05,506,Lecce,Empoli,Away,2.0,0.0,1.0,H,0.0
25/09/11,1112,Lecce,Siena,Away,3.0,0.0,3.0,H,1.0
25/09/2019,1920,Lecce,Spal,Away,5.0,3.0,1.0,A,0.0
25/10/2025,2526,Lecce,Udinese,Away,3.0,2.0,3.0,H,0.0
25/11/2019,1920,Lecce,Cagliari,Home,8.0,2.0,2.0,D,1.0
25/11/2024,2425,Lecce,Venezia,Away,2.0,1.0,0.0,A,0.0
26/01/2020,1920,Lecce,Verona,Away,1.0,0.0,3.0,H,1.0
26/01/2025,2425,Lecce,Inter,Home,4.0,0.0,4.0,A,0.0
26/02/06,506,Lecce,Juventus,Away,3.0,1.0,3.0,H,1.0
26/02/12,1112,Lecce,Cagliari,Away,3.0,2.0,1.0,A,0.0
26/03/06,506,Lecce,Siena,Away,4.0,2.0,1.0,A,0.0
26/04/09,809,Lecce,Catania,Home,5.0,2.0,1.0,H,0.0
26/05/2024,2324,Lecce,Napoli,Away,0.0,0.0,0.0,D,0.0
26/06/2020,1920,Lecce,Juventus,Away,2.0,0.0,4.0,H,1.0
26/07/2020,1920,Lecce,Bologna,Away,10.0,2.0,3.0,H,0.0
26/08/2019,1920,Lecce,Inter,Away,4.0,0.0,4.0,H,1.0
26/09/10,1011,Lecce,Palermo,Away,3.0,2.0,2.0,D,1.0
26/09/2023,2324,Lecce,Juventus,Away,0.0,0.0,1.0,H,1.0
26/10/05,506,Lecce,Palermo,Away,5.0,0.0,3.0,H,0.0
26/10/08,809,Lecce,Reggina,Away,3.0,0.0,2.0,H,0.0
26/10/2019,1920,Lecce,Juventus,Home,5.0,1.0,1.0,D,0.0
26/10/2024,2425,Lecce,Napoli,Away,2.0,0.0,1.0,H,0.0
26/11/05,506,Lecce,Milan,Away,3.0,1.0,2.0,H,0.0
26/11/11,1112,Lecce,Catania,Home,3.0,0.0,1.0,A,0.0
27/01/2023,2223,Lecce,Salernitana,Home,5.0,1.0,2.0,A,0.0
27/02/11,1011,Lecce,Brescia,Away,4.0,2.0,2.0,D,0.0
27/04/2024,2324,Lecce,Monza,Home,4.0,1.0,1.0,D,0.0
27/04/2025,2425,Lecce,Atalanta,Away,3.0,1.0,1.0,D,0.0
27/08/05,506,Lecce,Livorno,Away,5.0,1.0,2.0,H,0.0
27/08/2023,2324,Lecce,Fiorentina,Away,2.0,2.0,2.0,D,0.0
27/09/2024,2425,Lecce,Milan,Away,7.0,0.0,3.0,H,0.0
27/10/11,1112,Lecce,Palermo,Away,3.0,0.0,2.0,H,0.0
27/11/2023,2324,Lecce,Verona,Away,5.0,2.0,2.0,D,0.0
27/12/2025,2526,Lecce,Como,Home,5.0,0.0,3.0,A,0.0
28/01/09,809,Lecce,Chievo,Away,5.0,1.0,1.0,D,1.0
28/01/2024,2324,Lecce,Genoa,Away,5.0,1.0,2.0,H,0.0
28/02/2025,2425,Lecce,Fiorentina,Away,3.0,0.0,1.0,H,0.0
28/02/2026,2526,Lecce,Como,Away,2.0,1.0,3.0,H,0.0
28/04/2023,2223,Lecce,Udinese,Home,3.0,1.0,0.0,H,0.0
28/05/2023,2223,Lecce,Monza,Away,1.0,1.0,0.0,A,0.0
28/08/2022,2223,Lecce,Empoli,Home,5.0,1.0,1.0,D,0.0
28/09/08,809,Lecce,Cagliari,Home,5.0,2.0,0.0,H,0.0
28/09/2025,2526,Lecce,Bologna,Home,4.0,2.0,2.0,D,0.0
28/10/2023,2324,Lecce,Torino,Home,6.0,0.0,1.0,A,0.0
28/10/2025,2526,Lecce,Napoli,Home,2.0,0.0,1.0,A,0.0
28/11/10,1011,Lecce,Cagliari,Away,9.0,2.0,3.0,H,0.0
29/01/06,506,Lecce,Inter,Home,3.0,0.0,2.0,A,1.0
29/01/12,1112,Lecce,Inter,Home,3.0,1.0,0.0,H,0.0
29/03/2025,2425,Lecce,Roma,Home,4.0,0.0,1.0,A,0.0
29/04/12,1112,Lecce,Parma,Home,4.0,1.0,2.0,A,1.0
29/07/2020,1920,Lecce,Udinese,Away,6.0,2.0,1.0,A,0.0
29/08/10,1011,Lecce,Milan,Away,3.0,0.0,4.0,H,0.0
29/08/2025,2526,Lecce,Milan,Home,2.0,0.0,2.0,A,0.0
29/09/2019,1920,Lecce,Roma,Home,6.0,0.0,1.0,A,0.0
29/10/08,809,Lecce,Palermo,Home,1.0,1.0,1.0,D,1.0
29/10/2022,2223,Lecce,Juventus,Home,0.0,0.0,1.0,A,0.0
29/10/2024,2425,Lecce,Verona,Home,6.0,1.0,0.0,H,0.0
29/11/08,809,Lecce,Catania,Away,3.0,1.0,1.0,D,0.0
30/01/11,1011,Lecce,Cesena,Home,4.0,1.0,1.0,D,0.0
30/04/06,506,Lecce,Lazio,Away,2.0,0.0,1.0,H,1.0
30/09/2023,2324,Lecce,Napoli,Home,4.0,0.0,4.0,A,0.0
30/10/05,506,Lecce,Messina,Home,6.0,0.0,2.0,A,0.0
30/10/10,1011,Lecce,Roma,Away,2.0,0.0,2.0,H,1.0
30/10/11,1112,Lecce,Novara,Home,7.0,1.0,1.0,D,0.0
30/10/2019,1920,Lecce,Sampdoria,Away,4.0,1.0,1.0,D,1.0
30/11/2019,1920,Lecce,Fiorentina,Away,6.0,1.0,0.0,A,0.0
30/11/2025,2526,Lecce,Torino,Home,2.0,2.0,1.0,H,0.0
30/12/2023,2324,Lecce,Atalanta,Away,2.0,0.0,1.0,H,0.0
30/12/2024,2425,Lecce,Como,Away,1.0,0.0,2.0,H,0.0
31/01/2025,2425,Lecce,Parma,Away,3.0,3.0,1.0,A,0.0
31/05/09,809,Lecce,Genoa,Away,11.0,1.0,4.0,H,0.0
31/08/08,809,Lecce,Torino,Away,4.0,0.0,3.0,H,0.0
31/08/2022,2223,Lecce,Napoli,Away,4.0,1.0,1.0,D,0.0
31/08/2024,2425,Lecce,Cagliari,Home,4.0,1.0,0.0,H,1.0
01/04/07,607,Livorno,Catania,Home,6.0,4.0,1.0,H,0.0
01/09/13,1314,Livorno,Sassuolo,Away,5.0,4.0,1.0,A,0.0
01/10/06,607,Livorno,Messina,Away,7.0,1.0,0.0,A,0.0
01/11/09,910,Livorno,Inter,Home,3.0,0.0,2.0,A,0.0
01/12/13,1314,Livorno,Chievo,Away,4.0,0.0,3.0,H,0.0
02/02/08,708,Livorno,Palermo,Away,4.0,0.0,1.0,H,0.0
02/02/14,1314,Livorno,Catania,Away,7.0,3.0,3.0,D,0.0
02/03/08,708,Livorno,Catania,Home,3.0,1.0,0.0,H,0.0
02/03/14,1314,Livorno,Napoli,Home,4.0,1.0,1.0,D,0.0
02/04/06,506,Livorno,Chievo,Away,4.0,1.0,2.0,H,0.0
02/05/10,910,Livorno,Sampdoria,Away,1.0,0.0,2.0,H,0.0
02/09/07,708,Livorno,Palermo,Home,4.0,2.0,4.0,A,0.0
02/10/05,506,Livorno,Fiorentina,Away,5.0,2.0,3.0,H,1.0
02/12/07,708,Livorno,Cagliari,Away,2.0,0.0,0.0,D,0.0
03/03/07,607,Livorno,Inter,Home,3.0,1.0,2.0,A,0.0
03/04/10,910,Livorno,Genoa,Away,3.0,1.0,1.0,D,0.0
03/11/13,1314,Livorno,Atalanta,Home,6.0,1.0,0.0,H,0.0
03/12/06,607,Livorno,Chievo,Home,2.0,0.0,2.0,A,0.0
04/05/08,708,Livorno,Atalanta,Away,5.0,2.0,3.0,H,0.0
04/05/14,1314,Livorno,Udinese,Away,6.0,3.0,5.0,H,0.0
04/10/09,910,Livorno,Siena,Away,1.0,0.0,0.0,D,1.0
04/11/07,708,Livorno,Udinese,Home,1.0,0.0,0.0,D,0.0
04/12/05,506,Livorno,Udinese,Away,,2.0,0.0,A,0.0
05/01/14,1314,Livorno,Fiorentina,Away,3.0,0.0,1.0,H,0.0
05/02/06,506,Livorno,Messina,Home,5.0,2.0,2.0,D,0.0
05/03/06,506,Livorno,Cagliari,Home,4.0,0.0,1.0,A,0.0
05/11/06,607,Livorno,Udinese,Home,3.0,1.0,0.0,H,0.0
06/01/10,910,Livorno,Lazio,Away,6.0,1.0,4.0,H,1.0
06/02/10,910,Livorno,Juventus,Home,4.0,1.0,1.0,D,0.0
06/04/08,708,Livorno,Sampdoria,Away,2.0,0.0,2.0,H,0.0
06/05/07,607,Livorno,Lazio,Away,2.0,0.0,1.0,H,0.0
06/10/13,1314,Livorno,Napoli,Away,2.0,0.0,4.0,H,0.0
06/11/05,506,Livorno,Juventus,Away,3.0,0.0,3.0,H,1.0
06/12/09,910,Livorno,Chievo,Home,2.0,0.0,2.0,A,1.0
07/03/10,910,Livorno,Palermo,Away,1.0,0.0,1.0,H,0.0
07/04/07,607,Livorno,Parma,Away,2.0,0.0,1.0,H,1.0
07/04/14,1314,Livorno,Juventus,Away,3.0,0.0,2.0,H,0.0
07/05/06,506,Livorno,Sampdoria,Home,3.0,0.0,0.0,D,0.0
07/10/07,708,Livorno,Catania,Away,3.0,0.0,1.0,H,1.0
07/12/13,1314,Livorno,Milan,Home,7.0,2.0,2.0,D,0.0
08/01/06,506,Livorno,Sampdoria,Away,3.0,2.0,0.0,A,0.0
08/02/06,506,Livorno,Ascoli,Away,1.0,0.0,0.0,D,0.0
08/04/06,506,Livorno,Udinese,Home,6.0,0.0,2.0,A,0.0
08/11/09,910,Livorno,Bari,Away,4.0,0.0,1.0,H,0.0
09/02/14,1314,Livorno,Genoa,Home,5.0,0.0,1.0,A,0.0
09/03/08,708,Livorno,Lazio,Away,2.0,0.0,2.0,H,0.0
09/03/14,1314,Livorno,Sampdoria,Away,6.0,2.0,4.0,H,0.0
09/05/10,910,Livorno,Lazio,Home,2.0,1.0,2.0,A,0.0
09/09/06,607,Livorno,Roma,Away,3.0,0.0,2.0,H,0.0
09/11/13,1314,Livorno,Inter,Away,1.0,0.0,2.0,H,0.0
09/12/06,607,Livorno,Palermo,Away,3.0,0.0,3.0,H,0.0
09/12/07,708,Livorno,Roma,Home,9.0,1.0,1.0,D,0.0
10/01/10,910,Livorno,Parma,Home,3.0,2.0,1.0,H,0.0
10/02/08,708,Livorno,Genoa,Home,2.0,1.0,1.0,D,0.0
11/01/14,1314,Livorno,Parma,Home,5.0,0.0,3.0,A,0.0
11/02/07,607,Livorno,Milan,Away,5.0,1.0,2.0,H,0.0
11/03/07,607,Livorno,Empoli,Away,4.0,2.0,2.0,D,1.0
11/04/10,910,Livorno,Udinese,Home,4.0,0.0,2.0,A,0.0
11/05/08,708,Livorno,Torino,Home,4.0,0.0,1.0,A,0.0
11/05/14,1314,Livorno,Fiorentina,Home,2.0,0.0,1.0,A,1.0
11/09/05,506,Livorno,Treviso,Away,4.0,1.0,0.0,A,0.0
11/11/07,708,Livorno,Siena,Away,3.0,3.0,2.0,A,0.0
11/12/05,506,Livorno,Lazio,Home,5.0,2.0,1.0,H,0.0
12/02/06,506,Livorno,Fiorentina,Home,3.0,2.0,0.0,H,0.0
12/03/06,506,Livorno,Parma,Away,9.0,1.0,2.0,H,0.0
12/09/09,910,Livorno,Milan,Home,6.0,0.0,0.0,D,0.0
12/11/06,607,Livorno,Catania,Away,3.0,2.0,3.0,H,0.0
13/01/08,708,Livorno,Torino,Away,3.0,2.0,1.0,A,0.0
13/02/08,708,Livorno,Milan,Away,2.0,1.0,1.0,D,0.0
13/04/08,708,Livorno,Cagliari,Home,9.0,1.0,2.0,A,0.0
13/04/14,1314,Livorno,Chievo,Home,5.0,2.0,4.0,A,0.0
13/05/07,607,Livorno,Sampdoria,Home,5.0,1.0,0.0,H,0.0
13/12/09,910,Livorno,Catania,Away,3.0,1.0,0.0,A,0.0
14/01/07,607,Livorno,Atalanta,Away,3.0,1.0,5.0,H,1.0
14/02/10,910,Livorno,Bologna,Home,6.0,0.0,1.0,A,0.0
14/03/10,910,Livorno,Roma,Home,4.0,3.0,3.0,D,0.0
14/05/06,506,Livorno,Siena,Away,1.0,0.0,0.0,D,0.0
15/01/06,506,Livorno,Siena,Home,4.0,2.0,2.0,D,0.0
15/04/06,506,Livorno,Lazio,Away,3.0,1.0,3.0,H,1.0
15/04/07,607,Livorno,Reggina,Home,6.0,1.0,1.0,D,0.0
15/09/13,1314,Livorno,Catania,Home,4.0,2.0,0.0,H,0.0
15/10/06,607,Livorno,Ascoli,Away,4.0,2.0,0.0,A,1.0
15/12/13,1314,Livorno,Lazio,Away,1.0,0.0,2.0,H,0.0
16/01/10,910,Livorno,Cagliari,Away,3.0,0.0,3.0,H,0.0
16/02/08,708,Livorno,Inter,Away,4.0,0.0,2.0,H,0.0
16/02/14,1314,Livorno,Cagliari,Away,3.0,2.0,1.0,A,2.0
16/03/08,708,Livorno,Parma,Home,2.0,1.0,1.0,D,0.0
16/03/14,1314,Livorno,Bologna,Home,4.0,2.0,1.0,H,2.0
16/05/10,910,Livorno,Parma,Away,12.0,1.0,4.0,H,0.0
16/09/07,708,Livorno,Genoa,Away,5.0,1.0,1.0,D,1.0
16/10/05,506,Livorno,Inter,Away,1.0,0.0,5.0,H,1.0
17/04/10,910,Livorno,Chievo,Away,1.0,0.0,2.0,H,0.0
17/09/06,607,Livorno,Fiorentina,Home,4.0,1.0,0.0,H,0.0
17/12/06,607,Livorno,Lazio,Home,4.0,1.0,1.0,D,0.0
18/01/06,506,Livorno,Lecce,Away,2.0,0.0,0.0,D,0.0
18/01/14,1314,Livorno,Roma,Away,0.0,0.0,3.0,H,0.0
18/02/06,506,Livorno,Inter,Home,2.0,0.0,0.0,D,0.0
18/02/07,607,Livorno,Messina,Home,7.0,2.0,1.0,H,0.0
18/03/06,506,Livorno,Juventus,Home,3.0,1.0,3.0,A,0.0
18/03/07,607,Livorno,Udinese,Away,2.0,0.0,4.0,H,0.0
18/04/07,607,Livorno,Cagliari,Home,6.0,2.0,1.0,H,0.0
18/05/08,708,Livorno,Empoli,Away,3.0,1.0,2.0,H,0.0
18/05/14,1314,Livorno,Parma,Away,1.0,0.0,2.0,H,0.0
18/09/05,506,Livorno,Roma,Home,4.0,0.0,0.0,D,0.0
18/10/09,910,Livorno,Palermo,Home,4.0,1.0,2.0,A,0.0
18/12/05,506,Livorno,Palermo,Away,5.0,2.0,0.0,A,0.0
19/03/08,708,Livorno,Reggina,Home,11.0,1.0,1.0,D,0.0
19/04/08,708,Livorno,Roma,Away,1.0,1.0,1.0,D,0.0
19/04/14,1314,Livorno,Milan,Away,1.0,0.0,3.0,H,0.0
19/09/09,910,Livorno,Juventus,Away,8.0,0.0,2.0,H,0.0
19/11/06,607,Livorno,Parma,Home,9.0,3.0,0.0,H,0.0
20/01/08,708,Livorno,Empoli,Home,3.0,1.0,0.0,H,0.0
20/05/07,607,Livorno,Torino,Away,4.0,0.0,0.0,D,0.0
20/09/06,607,Livorno,Cagliari,Away,2.0,2.0,2.0,D,0.0
20/10/13,1314,Livorno,Sampdoria,Home,5.0,1.0,2.0,A,0.0
20/11/05,506,Livorno,Empoli,Home,5.0,2.0,0.0,H,0.0
20/12/06,607,Livorno,Sampdoria,Away,1.0,1.0,4.0,H,0.0
20/12/09,910,Livorno,Sampdoria,Home,6.0,3.0,1.0,H,0.0
21/01/07,607,Livorno,Roma,Home,1.0,1.0,1.0,D,0.0
21/02/10,910,Livorno,Fiorentina,Away,5.0,1.0,2.0,H,1.0
21/03/10,910,Livorno,Atalanta,Away,2.0,0.0,3.0,H,0.0
21/09/05,506,Livorno,Messina,Away,3.0,0.0,0.0,D,0.0
21/09/13,1314,Livorno,Genoa,Away,4.0,0.0,0.0,D,0.0
21/10/07,708,Livorno,Lazio,Home,1.0,0.0,1.0,A,0.0
21/12/05,506,Livorno,Milan,Home,2.0,0.0,3.0,A,0.0
21/12/13,1314,Livorno,Udinese,Home,4.0,1.0,2.0,A,0.0
22/01/06,506,Livorno,Treviso,Home,3.0,1.0,1.0,D,0.0
22/03/08,708,Livorno,Udinese,Away,3.0,0.0,2.0,H,0.0
22/03/14,1314,Livorno,Torino,Away,3.0,1.0,3.0,H,0.0
22/04/06,506,Livorno,Palermo,Home,8.0,3.0,1.0,H,0.0
22/04/07,607,Livorno,Chievo,Away,9.0,1.0,2.0,H,0.0
22/10/06,607,Livorno,Siena,Home,1.0,0.0,0.0,D,0.0
22/11/09,910,Livorno,Genoa,Home,3.0,2.0,1.0,H,0.0
23/02/14,1314,Livorno,Verona,Home,4.0,2.0,3.0,A,0.0
23/08/09,910,Livorno,Cagliari,Home,5.0,0.0,0.0,D,0.0
23/09/06,607,Livorno,Milan,Home,2.0,0.0,0.0,D,0.0
23/09/07,708,Livorno,Inter,Home,9.0,2.0,2.0,D,0.0
23/09/09,910,Livorno,Bologna,Away,4.0,0.0,2.0,H,0.0
23/10/05,506,Livorno,Reggina,Home,6.0,1.0,0.0,H,1.0
23/12/06,607,Livorno,Torino,Home,4.0,1.0,1.0,D,0.0
23/12/07,708,Livorno,Atalanta,Home,2.0,1.0,1.0,D,0.0
24/01/10,910,Livorno,Napoli,Home,5.0,0.0,2.0,A,1.0
24/02/08,708,Livorno,Napoli,Home,3.0,1.0,2.0,A,0.0
24/03/10,910,Livorno,Inter,Away,3.0,0.0,3.0,H,0.0
24/11/13,1314,Livorno,Juventus,Home,1.0,0.0,2.0,A,0.0
25/02/06,506,Livorno,Reggina,Away,5.0,1.0,1.0,D,0.0
25/02/07,607,Livorno,Ascoli,Home,6.0,0.0,0.0,D,0.0
25/04/10,910,Livorno,Catania,Home,7.0,3.0,1.0,H,0.0
25/08/07,708,Livorno,Juventus,Away,3.0,1.0,5.0,H,0.0
25/08/13,1314,Livorno,Roma,Home,3.0,0.0,2.0,A,0.0
25/09/05,506,Livorno,Ascoli,Home,2.0,2.0,0.0,H,0.0
25/09/13,1314,Livorno,Cagliari,Home,3.0,1.0,1.0,D,0.0
25/10/06,607,Livorno,Inter,Away,4.0,1.0,4.0,H,0.0
25/10/09,910,Livorno,Roma,Away,2.0,1.0,0.0,A,1.0
25/11/07,708,Livorno,Sampdoria,Home,9.0,3.0,1.0,H,0.0
26/01/14,1314,Livorno,Sassuolo,Home,3.0,3.0,1.0,H,0.0
26/03/06,506,Livorno,Empoli,Away,3.0,1.0,2.0,H,0.0
26/03/14,1314,Livorno,Atalanta,Away,3.0,0.0,2.0,H,0.0
26/09/07,708,Livorno,Napoli,Away,1.0,0.0,1.0,H,0.0
26/09/09,910,Livorno,Fiorentina,Home,5.0,0.0,1.0,A,0.0
26/10/05,506,Livorno,Cagliari,Away,3.0,1.0,1.0,D,0.0
26/11/05,506,Livorno,Chievo,Home,2.0,0.0,0.0,D,0.0
26/11/06,607,Livorno,Reggina,Away,4.0,2.0,2.0,D,1.0
27/01/08,708,Livorno,Juventus,Home,5.0,1.0,3.0,A,1.0
27/02/08,708,Livorno,Fiorentina,Away,0.0,0.0,1.0,H,0.0
27/04/08,708,Livorno,Milan,Home,1.0,1.0,4.0,A,0.0
27/04/14,1314,Livorno,Lazio,Home,4.0,0.0,2.0,A,0.0
27/05/07,607,Livorno,Atalanta,Home,10.0,4.0,2.0,H,0.0
27/08/05,506,Livorno,Lecce,Home,7.0,2.0,1.0,H,0.0
27/10/13,1314,Livorno,Bologna,Away,2.0,0.0,1.0,H,0.0
28/01/07,607,Livorno,Fiorentina,Away,6.0,1.0,2.0,H,0.0
28/02/07,607,Livorno,Siena,Away,2.0,0.0,0.0,D,0.0
28/02/10,910,Livorno,Siena,Home,5.0,1.0,2.0,A,1.0
28/03/10,910,Livorno,Bari,Home,3.0,1.0,1.0,D,0.0
28/10/07,708,Livorno,Parma,Away,4.0,2.0,3.0,H,1.0
28/10/09,910,Livorno,Atalanta,Home,3.0,1.0,0.0,H,0.0
28/11/09,910,Livorno,Udinese,Away,1.0,0.0,2.0,H,0.0
29/01/06,506,Livorno,Roma,Away,2.0,0.0,3.0,H,0.0
29/04/07,607,Livorno,Palermo,Home,5.0,1.0,2.0,A,0.0
29/09/07,708,Livorno,Fiorentina,Home,1.0,0.0,3.0,A,1.0
29/09/13,1314,Livorno,Verona,Away,8.0,1.0,2.0,H,0.0
29/10/06,607,Livorno,Empoli,Home,2.0,0.0,0.0,D,0.0
30/03/08,708,Livorno,Siena,Home,7.0,0.0,0.0,D,0.0
30/04/06,506,Livorno,Milan,Away,2.0,0.0,2.0,H,0.0
30/08/09,910,Livorno,Napoli,Away,6.0,1.0,3.0,H,1.0
30/10/05,506,Livorno,Parma,Home,3.0,2.0,0.0,H,0.0
30/10/13,1314,Livorno,Torino,Home,6.0,3.0,3.0,D,0.0
31/01/10,910,Livorno,Milan,Away,5.0,1.0,1.0,D,0.0
31/03/14,1314,Livorno,Inter,Home,4.0,2.0,2.0,D,0.0
31/10/07,708,Livorno,Reggina,Away,3.0,3.0,1.0,A,0.0
01/04/06,506,Messina,Inter,Away,0.0,0.0,3.0,H,0.0
01/04/07,607,Messina,Cagliari,Away,1.0,0.0,2.0,H,1.0
01/10/06,607,Messina,Livorno,Home,5.0,0.0,1.0,A,0.0
02/10/05,506,Messina,Sampdoria,Home,10.0,1.0,4.0,A,0.0
03/12/06,607,Messina,Sampdoria,Home,5.0,0.0,2.0,A,1.0
04/03/07,607,Messina,Palermo,Home,5.0,2.0,0.0,H,0.0
04/12/05,506,Messina,Treviso,Away,,0.0,0.0,D,1.0
05/02/06,506,Messina,Livorno,Away,3.0,2.0,2.0,D,1.0
05/03/06,506,Messina,Parma,Home,9.0,0.0,1.0,A,0.0
05/11/06,607,Messina,Torino,Away,2.0,1.0,1.0,D,1.0
06/05/07,607,Messina,Inter,Home,4.0,0.0,1.0,A,0.0
06/11/05,506,Messina,Roma,Home,7.0,0.0,2.0,A,0.0
07/04/07,607,Messina,Lazio,Away,0.0,0.0,1.0,H,1.0
07/05/06,506,Messina,Empoli,Home,4.0,1.0,2.0,A,1.0
08/01/06,506,Messina,Empoli,Away,5.0,3.0,1.0,A,0.0
08/02/06,506,Messina,Siena,Home,6.0,0.0,0.0,D,0.0
09/04/06,506,Messina,Treviso,Home,7.0,3.0,1.0,H,0.0
10/09/06,607,Messina,Udinese,Home,5.0,1.0,0.0,H,0.0
10/12/06,607,Messina,Atalanta,Away,5.0,2.0,3.0,H,0.0
11/02/07,607,Messina,Catania,Home,2.0,1.0,1.0,D,0.0
11/03/07,607,Messina,Chievo,Away,1.0,1.0,1.0,D,1.0
11/09/05,506,Messina,Fiorentina,Home,4.0,2.0,2.0,D,0.0
11/12/05,506,Messina,Chievo,Home,,2.0,0.0,H,0.0
12/02/06,506,Messina,Sampdoria,Away,8.0,2.0,4.0,H,1.0
12/03/06,506,Messina,Lecce,Home,7.0,2.0,1.0,H,0.0
12/11/06,607,Messina,Cagliari,Home,9.0,2.0,2.0,D,0.0
13/05/07,607,Messina,Parma,Away,4.0,1.0,4.0,H,0.0
14/01/06,506,Messina,Palermo,Home,1.0,0.0,0.0,D,0.0
14/01/07,607,Messina,Roma,Home,3.0,1.0,1.0,D,1.0
14/05/06,506,Messina,Palermo,Away,3.0,0.0,1.0,H,0.0
14/10/06,607,Messina,Siena,Away,3.0,1.0,3.0,H,2.0
15/04/06,506,Messina,Chievo,Away,2.0,0.0,2.0,H,0.0
15/04/07,607,Messina,Milan,Home,11.0,1.0,3.0,A,0.0
15/10/05,506,Messina,Juventus,Away,4.0,0.0,1.0,H,0.0
17/09/06,607,Messina,Ascoli,Away,2.0,1.0,1.0,D,1.0
17/12/06,607,Messina,Inter,Away,5.0,0.0,2.0,H,0.0
18/01/06,506,Messina,Lazio,Home,9.0,1.0,1.0,D,0.0
18/02/06,506,Messina,Juventus,Home,5.0,2.0,2.0,D,0.0
18/02/07,607,Messina,Livorno,Away,4.0,1.0,2.0,H,0.0
18/03/07,607,Messina,Torino,Home,3.0,0.0,3.0,A,0.0
18/04/07,607,Messina,Reggina,Away,2.0,1.0,3.0,H,1.0
18/09/05,506,Messina,Cagliari,Away,5.0,1.0,1.0,D,0.0
18/12/05,506,Messina,Milan,Away,4.0,0.0,4.0,H,0.0
19/03/06,506,Messina,Roma,Away,6.0,1.0,2.0,H,1.0
19/11/05,506,Messina,Udinese,Away,3.0,0.0,1.0,H,0.0
19/11/06,607,Messina,Lazio,Home,1.0,1.0,4.0,A,0.0
20/05/07,607,Messina,Fiorentina,Home,3.0,2.0,2.0,D,0.0
20/09/06,607,Messina,Reggina,Home,2.0,2.0,0.0,H,0.0
20/12/06,607,Messina,Parma,Home,3.0,1.0,1.0,D,0.0
21/01/07,607,Messina,Udinese,Away,0.0,0.0,1.0,H,0.0
21/04/07,607,Messina,Sampdoria,Away,4.0,1.0,3.0,H,0.0
21/09/05,506,Messina,Livorno,Home,7.0,0.0,0.0,D,0.0
21/10/06,607,Messina,Empoli,Home,3.0,2.0,2.0,D,0.0
21/12/05,506,Messina,Reggina,Home,1.0,1.0,1.0,D,0.0
22/01/06,506,Messina,Fiorentina,Away,3.0,0.0,2.0,H,0.0
22/04/06,506,Messina,Milan,Home,3.0,1.0,3.0,A,3.0
22/10/05,506,Messina,Ascoli,Home,3.0,1.0,1.0,D,1.0
23/09/06,607,Messina,Catania,Away,5.0,2.0,2.0,D,1.0
23/12/06,607,Messina,Fiorentina,Away,3.0,0.0,4.0,H,1.0
25/02/07,607,Messina,Siena,Home,2.0,1.0,0.0,H,0.0
25/09/05,506,Messina,Siena,Away,3.0,2.0,4.0,H,0.0
25/10/06,607,Messina,Palermo,Away,9.0,1.0,2.0,H,0.0
25/11/06,607,Messina,Milan,Away,3.0,0.0,1.0,H,0.0
26/02/06,506,Messina,Ascoli,Away,4.0,0.0,1.0,H,0.0
26/03/06,506,Messina,Udinese,Home,4.0,1.0,1.0,D,0.0
26/10/05,506,Messina,Parma,Away,8.0,1.0,1.0,D,0.0
27/05/07,607,Messina,Roma,Away,8.0,3.0,4.0,H,0.0
27/11/05,506,Messina,Inter,Home,6.0,1.0,2.0,A,0.0
28/01/07,607,Messina,Ascoli,Home,3.0,1.0,2.0,A,0.0
28/02/07,607,Messina,Empoli,Away,3.0,1.0,3.0,H,1.0
28/08/05,506,Messina,Lazio,Away,7.0,0.0,1.0,H,0.0
29/01/06,506,Messina,Cagliari,Home,8.0,1.0,0.0,H,0.0
29/04/07,607,Messina,Atalanta,Home,0.0,0.0,0.0,D,0.0
29/10/06,607,Messina,Chievo,Home,8.0,2.0,1.0,H,1.0
30/04/06,506,Messina,Reggina,Away,5.0,0.0,3.0,H,1.0
30/10/05,506,Messina,Lecce,Away,5.0,2.0,0.0,A,0.0
01/02/09,809,Milan,Lazio,Away,4.0,3.0,0.0,A,0.0
01/02/11,1011,Milan,Lazio,Home,2.0,0.0,0.0,D,0.0
01/02/12,1112,Milan,Lazio,Away,2.0,0.0,2.0,H,0.0
01/02/14,1314,Milan,Torino,Home,6.0,1.0,1.0,D,0.0
01/02/15,1415,Milan,Parma,Home,9.0,3.0,1.0,H,0.0
01/03/08,708,Milan,Lazio,Home,4.0,1.0,1.0,D,0.0
01/03/09,809,Milan,Sampdoria,Away,5.0,1.0,2.0,H,0.0
01/03/2024,2324,Milan,Lazio,Away,5.0,1.0,0.0,A,0.0
01/03/2026,2526,Milan,Cremonese,Away,6.0,2.0,0.0,A,0.0
01/04/06,506,Milan,Lecce,Away,5.0,0.0,1.0,H,0.0
01/05/10,910,Milan,Fiorentina,Home,5.0,1.0,0.0,H,1.0
01/05/11,1011,Milan,Bologna,Home,5.0,1.0,0.0,H,0.0
01/05/16,1516,Milan,Frosinone,Home,11.0,3.0,3.0,D,0.0
01/05/2021,2021,Milan,Benevento,Home,11.0,2.0,0.0,H,0.0
01/05/2022,2122,Milan,Fiorentina,Home,2.0,1.0,0.0,H,0.0
01/07/2020,1920,Milan,Spal,Away,12.0,2.0,2.0,D,0.0
01/08/2020,1920,Milan,Cagliari,Home,7.0,3.0,0.0,H,0.0
01/09/12,1213,Milan,Bologna,Away,6.0,3.0,1.0,A,0.0
01/09/13,1314,Milan,Cagliari,Home,8.0,3.0,1.0,H,0.0
01/09/2023,2324,Milan,Roma,Away,4.0,2.0,1.0,A,1.0
01/10/06,607,Milan,Siena,Home,8.0,0.0,0.0,D,0.0
01/10/17,1718,Milan,Roma,Home,3.0,0.0,2.0,A,1.0
01/10/2022,2223,Milan,Empoli,Away,6.0,3.0,1.0,A,0.0
01/11/15,1516,Milan,Lazio,Away,3.0,3.0,1.0,A,0.0
01/11/2020,2021,Milan,Udinese,Away,4.0,2.0,1.0,A,0.0
01/12/07,708,Milan,Juventus,Home,4.0,0.0,0.0,D,0.0
01/12/13,1314,Milan,Catania,Away,7.0,3.0,1.0,A,0.0
01/12/2019,1920,Milan,Parma,Away,8.0,1.0,0.0,A,0.0
01/12/2021,2122,Milan,Genoa,Away,5.0,3.0,0.0,A,0.0
02/01/2026,2526,Milan,Cagliari,Away,4.0,1.0,0.0,A,0.0
02/02/2020,1920,Milan,Verona,Home,6.0,1.0,1.0,D,0.0
02/02/2025,2425,Milan,Inter,Home,4.0,1.0,1.0,D,0.0
02/03/13,1213,Milan,Lazio,Home,7.0,3.0,0.0,H,0.0
02/03/14,1314,Milan,Juventus,Home,9.0,0.0,2.0,A,0.0
02/03/2019,1819,Milan,Sassuolo,Home,4.0,1.0,0.0,H,0.0
02/03/2025,2425,Milan,Lazio,Home,4.0,1.0,2.0,A,1.0
02/04/11,1011,Milan,Inter,Home,8.0,3.0,0.0,H,1.0
02/04/17,1617,Milan,Pescara,Away,5.0,1.0,1.0,D,0.0
02/04/2019,1819,Milan,Udinese,Home,9.0,1.0,1.0,D,0.0
02/04/2023,2223,Milan,Napoli,Away,8.0,4.0,0.0,A,0.0
02/05/12,1112,Milan,Atalanta,Home,9.0,2.0,0.0,H,0.0
02/10/05,506,Milan,Reggina,Home,7.0,2.0,1.0,H,0.0
02/10/10,1011,Milan,Parma,Away,10.0,1.0,0.0,A,0.0
02/10/11,1112,Milan,Juventus,Away,1.0,0.0,2.0,H,1.0
02/10/16,1617,Milan,Sassuolo,Home,6.0,4.0,3.0,H,0.0
02/11/08,809,Milan,Napoli,Home,6.0,1.0,0.0,H,0.0
02/11/13,1314,Milan,Fiorentina,Home,1.0,0.0,2.0,A,0.0
02/11/14,1415,Milan,Palermo,Home,3.0,0.0,2.0,A,0.0
02/11/2024,2425,Milan,Monza,Away,7.0,1.0,0.0,A,0.0
02/11/2025,2526,Milan,Roma,Home,8.0,1.0,0.0,H,0.0
02/12/11,1112,Milan,Genoa,Away,6.0,2.0,0.0,A,0.0
02/12/2018,1819,Milan,Parma,Home,6.0,2.0,1.0,H,0.0
02/12/2023,2324,Milan,Frosinone,Home,3.0,3.0,1.0,H,0.0
03/01/2021,2021,Milan,Benevento,Away,5.0,2.0,0.0,A,1.0
03/02/08,708,Milan,Fiorentina,Away,2.0,1.0,0.0,A,0.0
03/02/13,1213,Milan,Udinese,Home,9.0,2.0,1.0,H,0.0
03/02/16,1516,Milan,Palermo,Away,8.0,2.0,0.0,A,0.0
03/02/2019,1819,Milan,Roma,Away,5.0,1.0,1.0,D,0.0
03/02/2024,2324,Milan,Frosinone,Away,5.0,3.0,2.0,A,0.0
03/02/2026,2526,Milan,Bologna,Away,3.0,3.0,0.0,A,0.0
03/03/07,607,Milan,Chievo,Home,6.0,3.0,1.0,H,0.0
03/03/12,1112,Milan,Palermo,Away,12.0,4.0,0.0,A,0.0
03/03/2021,2021,Milan,Udinese,Home,7.0,1.0,1.0,D,0.0
03/04/10,910,Milan,Cagliari,Away,3.0,3.0,2.0,A,0.0
03/04/16,1516,Milan,Atalanta,Away,3.0,1.0,2.0,H,0.0
03/04/2021,2021,Milan,Sampdoria,Home,5.0,1.0,1.0,D,0.0
03/05/09,809,Milan,Catania,Away,8.0,2.0,0.0,A,0.0
03/05/15,1415,Milan,Napoli,Away,1.0,0.0,3.0,H,1.0
03/05/2023,2223,Milan,Cremonese,Home,5.0,1.0,1.0,D,0.0
03/05/2026,2526,Milan,Sassuolo,Away,1.0,0.0,2.0,H,1.0
03/09/07,708,Milan,Fiorentina,Home,5.0,1.0,1.0,D,0.0
03/09/2022,2223,Milan,Inter,Home,5.0,3.0,2.0,H,0.0
03/10/2021,2122,Milan,Atalanta,Away,7.0,3.0,2.0,A,0.0
03/11/07,708,Milan,Torino,Home,6.0,0.0,0.0,D,0.0
03/11/12,1213,Milan,Chievo,Home,8.0,5.0,1.0,H,0.0
03/11/2019,1920,Milan,Lazio,Home,4.0,1.0,2.0,A,0.0
03/12/05,506,Milan,Chievo,Away,4.0,1.0,2.0,H,0.0
03/12/06,607,Milan,Cagliari,Away,5.0,2.0,2.0,D,1.0
03/12/17,1718,Milan,Benevento,Away,7.0,2.0,2.0,D,1.0
04/01/2023,2223,Milan,Salernitana,Away,10.0,2.0,1.0,A,0.0
04/02/18,1718,Milan,Udinese,Away,4.0,1.0,1.0,D,1.0
04/03/06,506,Milan,Empoli,Home,8.0,3.0,0.0,H,0.0
04/03/17,1617,Milan,Chievo,Home,6.0,3.0,1.0,H,0.0
04/03/2023,2223,Milan,Fiorentina,Away,6.0,1.0,2.0,H,0.0
04/04/15,1415,Milan,Palermo,Away,5.0,2.0,1.0,A,0.0
04/04/18,1718,Milan,Inter,Home,3.0,0.0,0.0,D,0.0
04/04/2022,2122,Milan,Bologna,Home,7.0,0.0,0.0,D,0.0
04/05/08,708,Milan,Inter,Home,4.0,2.0,1.0,H,0.0
04/05/14,1314,Milan,Inter,Home,4.0,1.0,0.0,H,0.0
04/06/2023,2223,Milan,Verona,Home,5.0,3.0,1.0,H,0.0
04/07/2020,1920,Milan,Lazio,Away,5.0,3.0,0.0,A,0.0
04/10/09,910,Milan,Atalanta,Away,5.0,1.0,1.0,D,0.0
04/10/14,1415,Milan,Chievo,Home,4.0,2.0,0.0,H,0.0
04/10/15,1516,Milan,Napoli,Home,2.0,0.0,4.0,A,0.0
04/10/2020,2021,Milan,Spezia,Home,5.0,3.0,0.0,H,0.0
04/11/2018,1819,Milan,Udinese,Away,9.0,1.0,0.0,A,0.0
04/11/2023,2324,Milan,Udinese,Home,5.0,0.0,1.0,A,0.0
04/12/10,1011,Milan,Brescia,Home,6.0,3.0,0.0,H,0.0
04/12/16,1617,Milan,Crotone,Home,4.0,2.0,1.0,H,0.0
04/12/2021,2122,Milan,Salernitana,Home,8.0,2.0,0.0,H,0.0
05/02/06,506,Milan,Lazio,Away,7.0,0.0,0.0,D,0.0
05/02/12,1112,Milan,Napoli,Home,5.0,0.0,0.0,D,1.0
05/02/17,1617,Milan,Sampdoria,Home,6.0,0.0,1.0,A,1.0
05/02/2022,2122,Milan,Inter,Away,3.0,2.0,1.0,A,1.0
05/02/2023,2223,Milan,Inter,Away,0.0,0.0,1.0,H,0.0
05/03/11,1011,Milan,Juventus,Away,3.0,1.0,0.0,A,0.0
05/04/08,708,Milan,Cagliari,Home,6.0,3.0,1.0,H,0.0
05/04/09,809,Milan,Lecce,Home,10.0,2.0,0.0,H,0.0
05/04/2025,2425,Milan,Fiorentina,Home,6.0,2.0,2.0,D,0.0
05/05/13,1213,Milan,Torino,Home,7.0,1.0,0.0,H,0.0
05/05/18,1718,Milan,Verona,Home,10.0,4.0,1.0,H,0.0
05/05/2024,2324,Milan,Genoa,Home,7.0,3.0,3.0,D,0.0
05/05/2025,2425,Milan,Genoa,Away,5.0,2.0,1.0,A,0.0
05/10/08,809,Milan,Cagliari,Away,4.0,0.0,0.0,D,0.0
05/10/2019,1920,Milan,Genoa,Away,7.0,2.0,1.0,A,2.0
05/10/2025,2526,Milan,Juventus,Away,4.0,0.0,0.0,D,0.0
05/11/06,607,Milan,Atalanta,Away,3.0,0.0,2.0,H,0.0
05/11/17,1718,Milan,Sassuolo,Away,10.0,2.0,0.0,A,0.0
05/11/2022,2223,Milan,Spezia,Home,11.0,2.0,1.0,H,1.0
05/12/09,910,Milan,Sampdoria,Home,8.0,3.0,0.0,H,0.0
06/01/10,910,Milan,Genoa,Home,10.0,5.0,2.0,H,0.0
06/01/11,1011,Milan,Cagliari,Away,3.0,1.0,0.0,A,0.0
06/01/13,1213,Milan,Siena,Home,3.0,2.0,1.0,H,0.0
06/01/14,1314,Milan,Atalanta,Home,8.0,3.0,0.0,H,0.0
06/01/15,1415,Milan,Sassuolo,Home,4.0,1.0,2.0,A,0.0
06/01/16,1516,Milan,Bologna,Home,4.0,0.0,1.0,A,0.0
06/01/18,1718,Milan,Crotone,Home,9.0,1.0,0.0,H,0.0
06/01/2020,1920,Milan,Sampdoria,Home,12.0,0.0,0.0,D,0.0
06/01/2021,2021,Milan,Juventus,Home,7.0,1.0,3.0,A,0.0
06/01/2022,2122,Milan,Roma,Home,5.0,3.0,1.0,H,0.0
06/02/11,1011,Milan,Genoa,Away,2.0,1.0,1.0,D,0.0
06/03/10,910,Milan,Roma,Away,3.0,0.0,0.0,D,0.0
06/03/16,1516,Milan,Sassuolo,Away,5.0,0.0,2.0,H,0.0
06/03/2022,2122,Milan,Napoli,Away,7.0,1.0,0.0,A,0.0
06/04/2019,1819,Milan,Juventus,Away,5.0,1.0,2.0,H,0.0
06/04/2024,2324,Milan,Lecce,Home,8.0,3.0,0.0,H,0.0
06/04/2026,2526,Milan,Napoli,Away,1.0,0.0,1.0,H,0.0
06/05/07,607,Milan,Fiorentina,Home,5.0,0.0,0.0,D,0.0
06/05/12,1112,Milan,Inter,Away,6.0,2.0,4.0,H,0.0
06/05/2019,1819,Milan,Bologna,Home,5.0,2.0,1.0,H,1.0
06/05/2023,2223,Milan,Lazio,Home,3.0,2.0,0.0,H,0.0
06/10/13,1314,Milan,Juventus,Away,5.0,2.0,3.0,H,1.0
06/10/2024,2425,Milan,Fiorentina,Away,8.0,1.0,2.0,H,1.0
06/11/05,506,Milan,Udinese,Home,4.0,5.0,1.0,H,0.0
06/11/11,1112,Milan,Catania,Home,10.0,4.0,0.0,H,0.0
06/11/16,1617,Milan,Palermo,Away,6.0,2.0,1.0,A,0.0
06/12/15,1516,Milan,Carpi,Away,7.0,0.0,0.0,D,0.0
06/12/2020,2021,Milan,Sampdoria,Away,6.0,2.0,1.0,A,0.0
06/12/2024,2425,Milan,Atalanta,Away,2.0,1.0,2.0,H,0.0
07/01/2024,2324,Milan,Empoli,Away,6.0,3.0,0.0,A,0.0
07/02/09,809,Milan,Reggina,Home,7.0,1.0,1.0,D,0.0
07/02/10,910,Milan,Bologna,Away,4.0,0.0,0.0,D,0.0
07/02/15,1415,Milan,Juventus,Away,3.0,1.0,3.0,H,0.0
07/02/16,1516,Milan,Udinese,Home,5.0,1.0,1.0,D,0.0
07/02/2021,2021,Milan,Crotone,Home,12.0,4.0,0.0,H,0.0
07/03/15,1415,Milan,Verona,Home,4.0,2.0,2.0,D,0.0
07/03/2021,2021,Milan,Verona,Away,4.0,2.0,0.0,A,0.0
07/04/07,607,Milan,Empoli,Home,6.0,3.0,1.0,H,0.0
07/04/12,1112,Milan,Fiorentina,Home,5.0,1.0,2.0,A,0.0
07/04/13,1213,Milan,Fiorentina,Away,7.0,2.0,2.0,D,0.0
07/04/14,1314,Milan,Genoa,Away,3.0,2.0,1.0,A,0.0
07/04/2023,2223,Milan,Empoli,Home,4.0,0.0,0.0,D,0.0
07/05/06,506,Milan,Parma,Away,6.0,3.0,2.0,A,0.0
07/05/11,1011,Milan,Roma,Away,1.0,0.0,0.0,D,0.0
07/05/16,1516,Milan,Bologna,Away,5.0,1.0,0.0,A,0.0
07/05/17,1617,Milan,Roma,Home,2.0,1.0,4.0,A,1.0
07/07/2020,1920,Milan,Juventus,Home,9.0,4.0,2.0,H,0.0
07/10/07,708,Milan,Lazio,Away,7.0,5.0,1.0,A,0.0
07/10/12,1213,Milan,Inter,Home,5.0,0.0,1.0,A,0.0
07/10/2018,1819,Milan,Chievo,Home,7.0,3.0,1.0,H,0.0
07/10/2023,2324,Milan,Genoa,Away,3.0,1.0,0.0,A,1.0
07/11/10,1011,Milan,Bari,Away,6.0,3.0,2.0,A,0.0
07/11/15,1516,Milan,Atalanta,Home,3.0,0.0,0.0,D,0.0
07/11/2021,2122,Milan,Inter,Home,4.0,1.0,1.0,D,0.0
07/12/08,809,Milan,Catania,Home,10.0,1.0,0.0,H,0.0
07/12/13,1314,Milan,Livorno,Away,5.0,2.0,2.0,D,0.0
07/12/14,1415,Milan,Genoa,Away,6.0,0.0,1.0,H,0.0
08/01/06,506,Milan,Parma,Home,9.0,4.0,3.0,H,0.0
08/01/12,1112,Milan,Atalanta,Away,3.0,2.0,0.0,A,0.0
08/01/17,1617,Milan,Cagliari,Home,4.0,1.0,0.0,H,0.0
08/01/2023,2223,Milan,Roma,Home,5.0,2.0,2.0,D,0.0
08/01/2026,2526,Milan,Genoa,Home,8.0,1.0,1.0,D,0.0
08/02/06,506,Milan,Treviso,Home,11.0,5.0,0.0,H,0.0
08/02/14,1314,Milan,Napoli,Away,6.0,1.0,3.0,H,0.0
08/02/17,1617,Milan,Bologna,Away,4.0,1.0,0.0,A,2.0
08/02/2025,2425,Milan,Empoli,Away,5.0,2.0,0.0,A,1.0
08/03/09,809,Milan,Atalanta,Home,6.0,3.0,0.0,H,0.0
08/03/13,1213,Milan,Genoa,Away,5.0,2.0,0.0,A,1.0
08/03/14,1314,Milan,Udinese,Away,5.0,0.0,1.0,H,0.0
08/03/2020,1920,Milan,Genoa,Home,4.0,1.0,2.0,A,0.0
08/03/2025,2425,Milan,Lecce,Away,9.0,3.0,2.0,A,0.0
08/03/2026,2526,Milan,Inter,Home,2.0,1.0,0.0,H,0.0
08/04/18,1718,Milan,Sassuolo,Home,8.0,1.0,1.0,D,0.0
08/05/13,1213,Milan,Pescara,Away,5.0,4.0,0.0,A,0.0
08/05/2022,2122,Milan,Verona,Away,8.0,3.0,1.0,A,0.0
08/10/2022,2223,Milan,Juventus,Home,3.0,2.0,0.0,H,0.0
08/11/09,910,Milan,Lazio,Away,5.0,2.0,1.0,A,0.0
08/11/14,1415,Milan,Sampdoria,Away,3.0,2.0,2.0,D,1.0
08/11/2020,2021,Milan,Verona,Home,9.0,2.0,2.0,D,0.0
08/11/2022,2223,Milan,Cremonese,Away,5.0,0.0,0.0,D,0.0
08/11/2025,2526,Milan,Parma,Away,5.0,2.0,2.0,D,0.0
08/12/2019,1920,Milan,Bologna,Away,7.0,3.0,2.0,A,0.0
08/12/2025,2526,Milan,Torino,Away,6.0,3.0,2.0,A,0.0
09/01/11,1011,Milan,Udinese,Home,9.0,4.0,4.0,D,0.0
09/01/16,1516,Milan,Roma,Away,6.0,1.0,1.0,D,0.0
09/01/2021,2021,Milan,Torino,Home,4.0,2.0,0.0,H,0.0
09/01/2022,2122,Milan,Venezia,Away,8.0,3.0,0.0,A,0.0
09/02/2020,1920,Milan,Inter,Away,5.0,2.0,4.0,H,0.0
09/03/08,708,Milan,Empoli,Away,7.0,3.0,1.0,A,0.0
09/03/2019,1819,Milan,Chievo,Away,3.0,2.0,1.0,A,0.0
09/04/06,506,Milan,Chievo,Home,9.0,4.0,1.0,H,0.0
09/04/16,1516,Milan,Juventus,Home,5.0,1.0,2.0,A,0.0
09/04/17,1617,Milan,Palermo,Home,10.0,4.0,0.0,H,0.0
09/05/10,910,Milan,Genoa,Away,4.0,0.0,1.0,H,1.0
09/05/15,1415,Milan,Roma,Home,4.0,2.0,1.0,H,0.0
09/05/2021,2021,Milan,Juventus,Away,6.0,3.0,0.0,A,0.0
09/05/2025,2425,Milan,Bologna,Home,5.0,3.0,1.0,H,0.0
09/09/11,1112,Milan,Lazio,Home,8.0,2.0,2.0,D,0.0
09/11/08,809,Milan,Lecce,Away,3.0,1.0,1.0,D,0.0
09/11/2024,2425,Milan,Cagliari,Away,6.0,3.0,3.0,D,0.0
09/12/12,1213,Milan,Torino,Away,5.0,4.0,2.0,A,0.0
09/12/2018,1819,Milan,Torino,Home,4.0,0.0,0.0,D,0.0
09/12/2023,2324,Milan,Atalanta,Away,4.0,2.0,3.0,H,1.0
10/01/10,910,Milan,Juventus,Away,4.0,3.0,0.0,A,0.0
10/01/15,1415,Milan,Torino,Away,1.0,1.0,1.0,D,1.0
10/02/08,708,Milan,Siena,Home,3.0,1.0,0.0,H,0.0
10/02/13,1213,Milan,Cagliari,Away,7.0,1.0,1.0,D,0.0
10/02/18,1718,Milan,Spal,Away,9.0,4.0,0.0,A,0.0
10/02/2019,1819,Milan,Cagliari,Home,10.0,3.0,0.0,H,0.0
10/02/2023,2223,Milan,Torino,Home,4.0,1.0,0.0,H,0.0
10/03/17,1617,Milan,Juventus,Away,2.0,1.0,2.0,H,1.0
10/03/2024,2324,Milan,Empoli,Home,5.0,1.0,0.0,H,0.0
10/04/11,1011,Milan,Fiorentina,Away,8.0,2.0,1.0,A,1.0
10/04/12,1112,Milan,Chievo,Away,2.0,1.0,0.0,A,0.0
10/04/2021,2021,Milan,Parma,Away,7.0,3.0,1.0,A,1.0
10/04/2022,2122,Milan,Torino,Away,3.0,0.0,0.0,D,0.0
10/05/09,809,Milan,Juventus,Home,3.0,1.0,1.0,D,1.0
10/05/2026,2526,Milan,Atalanta,Home,9.0,2.0,3.0,A,0.0
10/09/05,506,Milan,Siena,Home,11.0,3.0,1.0,H,0.0
10/09/06,607,Milan,Lazio,Home,6.0,2.0,1.0,H,0.0
10/09/17,1718,Milan,Lazio,Away,6.0,1.0,4.0,H,0.0
10/09/2022,2223,Milan,Sampdoria,Away,4.0,2.0,1.0,A,1.0
10/11/10,1011,Milan,Palermo,Home,4.0,3.0,1.0,H,0.0
10/11/13,1314,Milan,Chievo,Away,3.0,0.0,0.0,D,1.0
10/11/2019,1920,Milan,Juventus,Away,7.0,0.0,1.0,H,0.0
10/12/06,607,Milan,Torino,Home,4.0,0.0,0.0,D,0.0
10/12/17,1718,Milan,Bologna,Home,7.0,2.0,1.0,H,0.0
11/01/09,809,Milan,Roma,Away,4.0,2.0,2.0,D,0.0
11/01/2020,1920,Milan,Cagliari,Away,4.0,2.0,0.0,A,0.0
11/01/2025,2425,Milan,Cagliari,Home,11.0,1.0,1.0,D,0.0
11/01/2026,2526,Milan,Fiorentina,Away,3.0,1.0,1.0,D,0.0
11/02/07,607,Milan,Livorno,Home,13.0,2.0,1.0,H,0.0
11/02/12,1112,Milan,Udinese,Away,6.0,2.0,1.0,A,0.0
11/02/2024,2324,Milan,Napoli,Home,6.0,1.0,0.0,H,0.0
11/03/07,607,Milan,Inter,Away,3.0,1.0,2.0,H,0.0
11/03/12,1112,Milan,Lecce,Home,10.0,2.0,0.0,H,0.0
11/03/18,1718,Milan,Genoa,Away,7.0,1.0,0.0,A,0.0
11/04/09,809,Milan,Chievo,Away,5.0,1.0,0.0,A,0.0
11/04/10,910,Milan,Catania,Home,6.0,2.0,2.0,D,0.0
11/04/2025,2425,Milan,Udinese,Away,7.0,4.0,0.0,A,0.0
11/04/2026,2526,Milan,Udinese,Home,3.0,0.0,3.0,A,0.0
11/05/08,708,Milan,Napoli,Away,4.0,1.0,3.0,H,0.0
11/05/14,1314,Milan,Atalanta,Away,2.0,1.0,2.0,H,0.0
11/05/2019,1819,Milan,Fiorentina,Away,5.0,1.0,0.0,A,0.0
11/05/2024,2324,Milan,Cagliari,Home,10.0,5.0,1.0,H,0.0
11/09/10,1011,Milan,Cesena,Away,5.0,0.0,2.0,H,0.0
11/09/16,1617,Milan,Udinese,Home,2.0,0.0,1.0,A,0.0
11/11/06,607,Milan,Roma,Home,11.0,1.0,2.0,A,0.0
11/11/12,1213,Milan,Fiorentina,Home,1.0,1.0,3.0,A,0.0
11/11/2018,1819,Milan,Juventus,Home,2.0,0.0,2.0,A,1.0
11/11/2023,2324,Milan,Lecce,Away,6.0,2.0,2.0,D,1.0
11/12/05,506,Milan,Inter,Away,3.0,2.0,3.0,H,0.0
11/12/11,1112,Milan,Bologna,Away,4.0,2.0,2.0,D,0.0
11/12/2021,2122,Milan,Udinese,Away,1.0,1.0,1.0,D,0.0
12/01/14,1314,Milan,Sassuolo,Away,7.0,3.0,4.0,H,0.0
12/02/06,506,Milan,Reggina,Away,7.0,4.0,1.0,A,0.0
12/02/10,910,Milan,Udinese,Home,6.0,3.0,2.0,H,0.0
12/02/11,1011,Milan,Parma,Home,7.0,4.0,0.0,H,0.0
12/03/06,506,Milan,Juventus,Away,2.0,0.0,0.0,D,1.0
12/03/2022,2122,Milan,Empoli,Home,5.0,1.0,0.0,H,0.0
12/04/08,708,Milan,Juventus,Away,6.0,2.0,3.0,H,1.0
12/04/15,1415,Milan,Sampdoria,Home,6.0,1.0,1.0,D,0.0
12/05/13,1213,Milan,Roma,Home,4.0,0.0,0.0,D,1.0
12/05/2021,2021,Milan,Torino,Away,11.0,7.0,0.0,A,0.0
12/07/2020,1920,Milan,Napoli,Away,4.0,2.0,2.0,D,1.0
12/09/09,910,Milan,Livorno,Away,4.0,0.0,0.0,D,0.0
12/09/2021,2122,Milan,Lazio,Home,3.0,2.0,0.0,H,0.0
12/12/10,1011,Milan,Bologna,Away,6.0,3.0,0.0,A,0.0
12/12/16,1617,Milan,Roma,Away,4.0,0.0,1.0,H,0.0
13/01/08,708,Milan,Napoli,Home,11.0,5.0,2.0,H,0.0
13/01/13,1213,Milan,Sampdoria,Away,5.0,0.0,0.0,D,0.0
13/02/08,708,Milan,Livorno,Home,9.0,1.0,1.0,D,0.0
13/02/17,1617,Milan,Lazio,Away,4.0,1.0,1.0,D,0.0
13/02/2021,2021,Milan,Spezia,Away,0.0,0.0,2.0,H,0.0
13/02/2022,2122,Milan,Sampdoria,Home,7.0,1.0,0.0,H,0.0
13/02/2026,2526,Milan,Pisa,Away,2.0,2.0,1.0,A,1.0
13/03/11,1011,Milan,Bari,Home,7.0,1.0,1.0,D,1.0
13/03/16,1516,Milan,Chievo,Away,1.0,0.0,0.0,D,0.0
13/03/2023,2223,Milan,Salernitana,Home,4.0,1.0,1.0,D,0.0
13/04/14,1314,Milan,Catania,Home,3.0,1.0,0.0,H,0.0
13/04/2019,1819,Milan,Lazio,Home,5.0,1.0,0.0,H,0.0
13/05/07,607,Milan,Catania,Away,9.0,1.0,1.0,D,0.0
13/05/12,1112,Milan,Novara,Home,3.0,2.0,1.0,H,0.0
13/05/17,1617,Milan,Atalanta,Away,4.0,1.0,1.0,D,0.0
13/05/18,1718,Milan,Atalanta,Away,2.0,1.0,1.0,D,1.0
13/05/2023,2223,Milan,Spezia,Away,3.0,0.0,2.0,H,0.0
13/08/2022,2223,Milan,Udinese,Home,5.0,4.0,2.0,H,0.0
13/09/15,1516,Milan,Inter,Away,3.0,0.0,1.0,H,0.0
13/11/2022,2223,Milan,Fiorentina,Home,3.0,2.0,1.0,H,0.0
13/12/09,910,Milan,Palermo,Home,6.0,0.0,2.0,A,0.0
13/12/15,1516,Milan,Verona,Home,6.0,1.0,1.0,D,1.0
13/12/2020,2021,Milan,Parma,Home,10.0,2.0,2.0,D,0.0
14/01/07,607,Milan,Reggina,Home,6.0,3.0,1.0,H,0.0
14/01/2023,2223,Milan,Lecce,Away,5.0,2.0,2.0,D,0.0
14/01/2024,2324,Milan,Roma,Home,5.0,3.0,1.0,H,0.0
14/01/2025,2425,Milan,Como,Away,6.0,2.0,1.0,A,0.0
14/02/14,1314,Milan,Bologna,Home,4.0,1.0,0.0,H,0.0
14/02/16,1516,Milan,Genoa,Home,6.0,2.0,1.0,H,0.0
14/03/10,910,Milan,Chievo,Home,6.0,1.0,0.0,H,0.0
14/03/2021,2021,Milan,Napoli,Home,4.0,0.0,1.0,A,1.0
14/04/06,506,Milan,Inter,Home,4.0,1.0,0.0,H,0.0
14/04/13,1213,Milan,Napoli,Home,5.0,1.0,1.0,D,1.0
14/04/2024,2324,Milan,Sassuolo,Away,7.0,3.0,3.0,D,0.0
14/05/06,506,Milan,Roma,Home,5.0,2.0,1.0,H,0.0
14/05/11,1011,Milan,Cagliari,Home,9.0,4.0,1.0,H,0.0
14/05/16,1516,Milan,Roma,Home,6.0,1.0,3.0,A,0.0
14/09/08,809,Milan,Genoa,Away,6.0,0.0,2.0,H,0.0
14/09/13,1314,Milan,Torino,Away,5.0,2.0,2.0,D,0.0
14/09/14,1415,Milan,Parma,Away,7.0,5.0,4.0,A,1.0
14/09/2024,2425,Milan,Venezia,Home,8.0,4.0,0.0,H,0.0
14/09/2025,2526,Milan,Bologna,Home,3.0,1.0,0.0,H,0.0
14/10/06,607,Milan,Sampdoria,Away,5.0,1.0,1.0,D,0.0
14/11/10,1011,Milan,Inter,Away,1.0,1.0,0.0,A,1.0
14/12/08,809,Milan,Juventus,Away,4.0,2.0,4.0,H,1.0
14/12/14,1415,Milan,Napoli,Home,3.0,2.0,0.0,H,0.0
14/12/2025,2526,Milan,Sassuolo,Home,5.0,2.0,2.0,D,0.0
15/01/06,506,Milan,Roma,Away,3.0,0.0,1.0,H,0.0
15/01/12,1112,Milan,Inter,Home,3.0,0.0,1.0,A,0.0
15/01/2026,2526,Milan,Como,Away,4.0,3.0,1.0,A,0.0
15/02/09,809,Milan,Inter,Away,7.0,1.0,2.0,H,0.0
15/02/13,1213,Milan,Parma,Home,6.0,2.0,1.0,H,0.0
15/02/15,1415,Milan,Empoli,Home,2.0,1.0,1.0,D,1.0
15/02/2025,2425,Milan,Verona,Home,3.0,1.0,0.0,H,0.0
15/03/08,708,Milan,Roma,Away,6.0,1.0,2.0,H,0.0
15/03/09,809,Milan,Siena,Away,5.0,5.0,1.0,A,0.0
15/03/2025,2425,Milan,Como,Home,3.0,2.0,1.0,H,0.0
15/03/2026,2526,Milan,Lazio,Away,3.0,0.0,1.0,H,0.0
15/04/07,607,Milan,Messina,Away,4.0,3.0,1.0,A,0.0
15/04/17,1617,Milan,Inter,Away,6.0,2.0,2.0,D,0.0
15/04/18,1718,Milan,Napoli,Home,2.0,0.0,0.0,D,0.0
15/04/2022,2122,Milan,Genoa,Home,5.0,2.0,0.0,H,0.0
15/04/2023,2223,Milan,Bologna,Away,5.0,1.0,1.0,D,0.0
15/05/10,910,Milan,Juventus,Home,5.0,3.0,0.0,H,0.0
15/05/2022,2122,Milan,Atalanta,Home,6.0,2.0,0.0,H,0.0
15/07/2020,1920,Milan,Parma,Home,7.0,3.0,1.0,H,0.0
15/09/07,708,Milan,Siena,Away,8.0,1.0,1.0,D,0.0
15/09/12,1213,Milan,Atalanta,Home,7.0,0.0,1.0,A,0.0
15/09/2019,1920,Milan,Verona,Away,6.0,1.0,0.0,A,1.0
15/10/11,1112,Milan,Palermo,Home,10.0,3.0,0.0,H,0.0
15/10/17,1718,Milan,Inter,Away,6.0,2.0,3.0,H,0.0
15/12/2019,1920,Milan,Sassuolo,Home,12.0,0.0,0.0,D,0.0
15/12/2024,2425,Milan,Genoa,Home,4.0,0.0,0.0,D,0.0
16/01/11,1011,Milan,Lecce,Away,3.0,1.0,1.0,D,0.0
16/01/17,1617,Milan,Torino,Away,8.0,2.0,2.0,D,1.0
16/02/08,708,Milan,Parma,Away,3.0,0.0,0.0,D,0.0
16/02/2019,1819,Milan,Atalanta,Away,3.0,3.0,1.0,A,0.0
16/03/14,1314,Milan,Parma,Home,3.0,2.0,4.0,A,1.0
16/03/15,1415,Milan,Fiorentina,Away,2.0,1.0,2.0,H,0.0
16/04/11,1011,Milan,Sampdoria,Home,5.0,3.0,0.0,H,0.0
16/05/09,809,Milan,Udinese,Away,3.0,1.0,2.0,H,0.0
16/05/2021,2021,Milan,Cagliari,Home,4.0,0.0,0.0,D,0.0
16/09/16,1617,Milan,Sampdoria,Away,3.0,1.0,0.0,A,0.0
16/09/2018,1819,Milan,Cagliari,Away,7.0,1.0,1.0,D,0.0
16/09/2023,2324,Milan,Inter,Away,2.0,1.0,5.0,H,0.0
16/10/05,506,Milan,Cagliari,Away,4.0,2.0,0.0,A,0.0
16/10/10,1011,Milan,Chievo,Home,11.0,3.0,1.0,H,0.0
16/10/16,1617,Milan,Chievo,Away,5.0,3.0,1.0,A,0.0
16/10/2021,2122,Milan,Verona,Home,4.0,3.0,2.0,H,0.0
16/10/2022,2223,Milan,Verona,Away,6.0,2.0,1.0,A,0.0
16/11/08,809,Milan,Chievo,Home,7.0,1.0,0.0,H,0.0
16/12/06,607,Milan,Fiorentina,Away,3.0,2.0,2.0,D,0.0
16/12/12,1213,Milan,Pescara,Home,8.0,4.0,1.0,H,0.0
16/12/13,1314,Milan,Roma,Home,4.0,2.0,2.0,D,0.0
16/12/2020,2021,Milan,Genoa,Away,4.0,2.0,2.0,D,0.0
17/01/09,809,Milan,Fiorentina,Home,5.0,1.0,0.0,H,1.0
17/01/10,910,Milan,Siena,Home,7.0,4.0,0.0,H,0.0
17/01/16,1516,Milan,Fiorentina,Home,3.0,2.0,0.0,H,0.0
17/01/2022,2122,Milan,Spezia,Home,8.0,1.0,2.0,A,0.0
17/02/07,607,Milan,Siena,Away,4.0,4.0,3.0,A,1.0
17/02/2020,1920,Milan,Torino,Home,3.0,1.0,0.0,H,0.0
17/03/12,1112,Milan,Parma,Away,6.0,2.0,0.0,A,0.0
17/03/13,1213,Milan,Palermo,Home,4.0,2.0,0.0,H,0.0
17/03/2019,1819,Milan,Inter,Home,7.0,2.0,3.0,A,0.0
17/03/2024,2324,Milan,Verona,Away,6.0,3.0,1.0,A,0.0
17/04/16,1516,Milan,Sampdoria,Away,3.0,1.0,0.0,A,0.0
17/05/15,1415,Milan,Sassuolo,Away,3.0,2.0,3.0,H,2.0
17/05/2026,2526,Milan,Genoa,Away,6.0,2.0,1.0,A,0.0
17/08/2024,2425,Milan,Torino,Home,6.0,2.0,2.0,D,0.0
17/09/06,607,Milan,Parma,Away,7.0,2.0,0.0,A,0.0
17/09/17,1718,Milan,Udinese,Home,7.0,2.0,1.0,H,0.0
17/10/15,1516,Milan,Torino,Away,3.0,1.0,1.0,D,0.0
17/10/2020,2021,Milan,Inter,Away,4.0,2.0,1.0,A,0.0
17/11/12,1213,Milan,Napoli,Away,5.0,2.0,2.0,D,0.0
17/12/11,1112,Milan,Siena,Home,6.0,2.0,0.0,H,0.0
17/12/16,1617,Milan,Atalanta,Home,3.0,0.0,0.0,D,0.0
17/12/17,1718,Milan,Verona,Away,8.0,0.0,3.0,H,1.0
17/12/2023,2324,Milan,Monza,Home,9.0,3.0,0.0,H,0.0
18/01/06,506,Milan,Ascoli,Home,5.0,1.0,0.0,H,0.0
18/01/15,1415,Milan,Atalanta,Home,4.0,0.0,1.0,A,0.0
18/01/2021,2021,Milan,Cagliari,Away,8.0,2.0,0.0,A,1.0
18/01/2025,2425,Milan,Juventus,Away,3.0,0.0,2.0,H,0.0
18/01/2026,2526,Milan,Lecce,Home,6.0,1.0,0.0,H,0.0
18/02/06,506,Milan,Cagliari,Home,5.0,1.0,0.0,H,0.0
18/02/18,1718,Milan,Sampdoria,Home,8.0,1.0,0.0,H,0.0
18/02/2023,2223,Milan,Monza,Away,8.0,1.0,0.0,A,0.0
18/02/2024,2324,Milan,Monza,Away,6.0,2.0,4.0,H,1.0
18/02/2026,2526,Milan,Como,Home,4.0,1.0,1.0,D,0.0
18/03/07,607,Milan,Atalanta,Home,5.0,1.0,0.0,H,0.0
18/03/17,1617,Milan,Genoa,Home,5.0,1.0,0.0,H,0.0
18/03/18,1718,Milan,Chievo,Home,6.0,3.0,2.0,H,0.0
18/03/2023,2223,Milan,Udinese,Away,6.0,1.0,3.0,H,0.0
18/04/07,607,Milan,Ascoli,Away,5.0,5.0,2.0,A,0.0
18/04/10,910,Milan,Sampdoria,Away,2.0,1.0,2.0,H,1.0
18/04/18,1718,Milan,Torino,Away,5.0,1.0,1.0,D,0.0
18/04/2021,2021,Milan,Genoa,Home,5.0,2.0,1.0,H,0.0
18/05/08,708,Milan,Udinese,Home,9.0,4.0,1.0,H,0.0
18/05/14,1314,Milan,Sassuolo,Home,9.0,2.0,1.0,H,2.0
18/05/2024,2324,Milan,Torino,Away,4.0,1.0,3.0,H,0.0
18/05/2025,2425,Milan,Roma,Away,3.0,1.0,3.0,H,1.0
18/07/2020,1920,Milan,Bologna,Home,14.0,5.0,1.0,H,0.0
18/09/05,506,Milan,Sampdoria,Away,5.0,1.0,2.0,H,0.0
18/09/10,1011,Milan,Catania,Home,3.0,1.0,1.0,D,0.0
18/09/11,1112,Milan,Napoli,Away,4.0,1.0,3.0,H,0.0
18/09/2022,2223,Milan,Napoli,Home,5.0,1.0,2.0,A,0.0
18/10/09,910,Milan,Roma,Home,5.0,2.0,1.0,H,1.0
18/11/06,607,Milan,Empoli,Away,8.0,0.0,0.0,D,0.0
18/11/17,1718,Milan,Napoli,Away,3.0,1.0,2.0,H,0.0
18/12/05,506,Milan,Messina,Home,8.0,4.0,0.0,H,0.0
18/12/10,1011,Milan,Roma,Home,4.0,0.0,1.0,A,0.0
18/12/2018,1819,Milan,Bologna,Away,4.0,0.0,0.0,D,1.0
19/01/13,1213,Milan,Bologna,Home,7.0,2.0,1.0,H,0.0
19/01/14,1314,Milan,Verona,Home,7.0,1.0,0.0,H,0.0
19/01/2020,1920,Milan,Udinese,Home,10.0,3.0,2.0,H,0.0
19/02/12,1112,Milan,Cesena,Away,7.0,3.0,1.0,A,0.0
19/02/17,1617,Milan,Fiorentina,Home,4.0,2.0,1.0,H,0.0
19/02/2022,2122,Milan,Salernitana,Away,5.0,2.0,2.0,D,0.0
19/03/06,506,Milan,Udinese,Away,4.0,4.0,0.0,A,0.0
19/03/08,708,Milan,Sampdoria,Home,4.0,1.0,2.0,A,0.0
19/03/11,1011,Milan,Palermo,Away,4.0,0.0,1.0,H,0.0
19/03/2022,2122,Milan,Cagliari,Away,5.0,1.0,0.0,A,0.0
19/04/09,809,Milan,Torino,Home,8.0,5.0,1.0,H,0.0
19/04/14,1314,Milan,Livorno,Home,4.0,3.0,0.0,H,0.0
19/04/15,1415,Milan,Inter,Away,3.0,0.0,0.0,D,0.0
19/04/2026,2526,Milan,Verona,Away,3.0,1.0,0.0,A,0.0
19/05/07,607,Milan,Udinese,Home,7.0,2.0,3.0,A,0.0
19/05/13,1213,Milan,Siena,Away,9.0,2.0,1.0,A,1.0
19/05/2019,1819,Milan,Frosinone,Home,3.0,2.0,0.0,H,0.0
19/09/15,1516,Milan,Palermo,Home,8.0,3.0,2.0,H,0.0
19/09/2021,2122,Milan,Juventus,Away,3.0,1.0,1.0,D,0.0
19/10/08,809,Milan,Sampdoria,Home,6.0,3.0,0.0,H,0.0
19/10/13,1314,Milan,Udinese,Home,3.0,1.0,0.0,H,0.0
19/10/14,1415,Milan,Verona,Away,5.0,3.0,1.0,A,0.0
19/10/2024,2425,Milan,Udinese,Home,5.0,1.0,0.0,H,1.0
19/10/2025,2526,Milan,Fiorentina,Home,4.0,2.0,1.0,H,0.0
19/11/11,1112,Milan,Fiorentina,Away,1.0,0.0,0.0,D,0.0
19/12/2021,2122,Milan,Napoli,Home,2.0,0.0,1.0,A,0.0
20/01/08,708,Milan,Udinese,Away,5.0,1.0,0.0,A,0.0
20/01/2024,2324,Milan,Udinese,Away,7.0,3.0,2.0,A,0.0
20/02/11,1011,Milan,Chievo,Away,6.0,2.0,1.0,A,0.0
20/03/16,1516,Milan,Lazio,Home,4.0,1.0,1.0,D,0.0
20/04/08,708,Milan,Reggina,Home,10.0,5.0,1.0,H,0.0
20/04/2019,1819,Milan,Parma,Away,3.0,1.0,1.0,D,0.0
20/04/2025,2425,Milan,Atalanta,Home,1.0,0.0,1.0,A,0.0
20/05/18,1718,Milan,Fiorentina,Home,11.0,5.0,1.0,H,0.0
20/05/2023,2223,Milan,Sampdoria,Home,9.0,5.0,1.0,H,0.0
20/08/17,1718,Milan,Crotone,Away,10.0,3.0,0.0,A,0.0
20/09/06,607,Milan,Ascoli,Home,5.0,1.0,0.0,H,0.0
20/09/09,910,Milan,Bologna,Home,4.0,1.0,0.0,H,0.0
20/09/14,1415,Milan,Juventus,Home,3.0,0.0,1.0,A,0.0
20/09/16,1617,Milan,Lazio,Home,8.0,2.0,0.0,H,0.0
20/09/17,1718,Milan,Spal,Home,7.0,2.0,0.0,H,0.0
20/09/2025,2526,Milan,Udinese,Away,6.0,3.0,0.0,A,0.0
20/10/12,1213,Milan,Lazio,Away,6.0,2.0,3.0,H,0.0
20/10/2019,1920,Milan,Lecce,Home,8.0,2.0,2.0,D,0.0
20/11/05,506,Milan,Fiorentina,Away,5.0,1.0,3.0,H,0.0
20/11/10,1011,Milan,Fiorentina,Home,6.0,1.0,0.0,H,0.0
20/11/16,1617,Milan,Inter,Home,4.0,2.0,2.0,D,0.0
20/11/2021,2122,Milan,Fiorentina,Away,7.0,3.0,4.0,H,0.0
20/12/06,607,Milan,Catania,Home,6.0,3.0,0.0,H,0.0
20/12/11,1112,Milan,Cagliari,Away,3.0,2.0,0.0,A,0.0
20/12/14,1415,Milan,Roma,Away,7.0,0.0,0.0,D,1.0
20/12/15,1516,Milan,Frosinone,Away,10.0,4.0,2.0,A,0.0
20/12/2020,2021,Milan,Sassuolo,Away,5.0,2.0,1.0,A,0.0
20/12/2024,2425,Milan,Verona,Away,6.0,1.0,0.0,A,0.0
21/01/07,607,Milan,Lazio,Away,5.0,0.0,0.0,D,0.0
21/01/17,1617,Milan,Napoli,Home,4.0,1.0,2.0,A,0.0
21/01/18,1718,Milan,Cagliari,Away,6.0,2.0,1.0,A,1.0
21/01/2019,1819,Milan,Genoa,Away,7.0,2.0,0.0,A,0.0
21/02/10,910,Milan,Bari,Away,4.0,2.0,0.0,A,0.0
21/02/2021,2021,Milan,Inter,Home,10.0,0.0,3.0,A,0.0
21/03/10,910,Milan,Napoli,Home,6.0,1.0,1.0,D,0.0
21/03/15,1415,Milan,Cagliari,Home,7.0,3.0,1.0,H,0.0
21/03/2021,2021,Milan,Fiorentina,Away,6.0,3.0,2.0,A,0.0
21/03/2026,2526,Milan,Torino,Home,6.0,3.0,2.0,H,0.0
21/04/07,607,Milan,Cagliari,Home,8.0,3.0,1.0,H,1.0
21/04/13,1213,Milan,Juventus,Away,6.0,0.0,1.0,H,0.0
21/04/16,1516,Milan,Carpi,Home,3.0,0.0,0.0,D,0.0
21/04/18,1718,Milan,Benevento,Home,6.0,0.0,1.0,A,0.0
21/04/2021,2021,Milan,Sassuolo,Home,7.0,1.0,2.0,A,0.0
21/05/17,1617,Milan,Bologna,Home,6.0,3.0,0.0,H,0.0
21/07/2020,1920,Milan,Sassuolo,Away,8.0,2.0,1.0,A,0.0
21/08/16,1617,Milan,Torino,Home,5.0,3.0,2.0,H,1.0
21/08/2022,2223,Milan,Atalanta,Away,7.0,1.0,1.0,D,0.0
21/08/2023,2324,Milan,Bologna,Away,6.0,2.0,0.0,A,0.0
21/09/05,506,Milan,Lazio,Home,7.0,2.0,0.0,H,0.0
21/09/08,809,Milan,Lazio,Home,9.0,4.0,1.0,H,0.0
21/09/11,1112,Milan,Udinese,Home,6.0,1.0,1.0,D,0.0
21/09/2019,1920,Milan,Inter,Home,3.0,0.0,2.0,A,0.0
21/09/2020,2021,Milan,Bologna,Home,6.0,2.0,0.0,H,0.0
21/10/07,708,Milan,Empoli,Home,7.0,0.0,1.0,A,0.0
21/10/2018,1819,Milan,Inter,Away,2.0,0.0,1.0,H,0.0
21/11/15,1516,Milan,Juventus,Away,2.0,0.0,1.0,H,0.0
21/12/05,506,Milan,Livorno,Away,11.0,3.0,0.0,A,0.0
21/12/08,809,Milan,Udinese,Home,11.0,5.0,1.0,H,0.0
22/01/06,506,Milan,Siena,Away,10.0,3.0,0.0,A,0.0
22/01/12,1112,Milan,Novara,Away,9.0,3.0,0.0,A,0.0
22/02/09,809,Milan,Cagliari,Home,3.0,1.0,0.0,H,0.0
22/02/15,1415,Milan,Cesena,Home,2.0,2.0,0.0,H,0.0
22/02/16,1516,Milan,Napoli,Away,2.0,1.0,1.0,D,0.0
22/02/2019,1819,Milan,Empoli,Home,7.0,3.0,0.0,H,0.0
22/02/2020,1920,Milan,Fiorentina,Away,3.0,1.0,1.0,D,0.0
22/02/2025,2425,Milan,Torino,Away,8.0,1.0,2.0,H,0.0
22/02/2026,2526,Milan,Parma,Home,6.0,0.0,1.0,A,0.0
22/03/08,708,Milan,Torino,Away,9.0,1.0,0.0,A,0.0
22/03/09,809,Milan,Napoli,Away,4.0,0.0,0.0,D,0.0
22/04/06,506,Milan,Messina,Away,6.0,3.0,1.0,A,1.0
22/04/12,1112,Milan,Bologna,Home,6.0,1.0,1.0,D,1.0
22/04/2024,2324,Milan,Inter,Home,6.0,1.0,2.0,A,2.0
22/05/11,1011,Milan,Udinese,Away,1.0,0.0,0.0,D,0.0
22/05/2022,2122,Milan,Sassuolo,Away,12.0,3.0,0.0,A,0.0
22/06/2020,1920,Milan,Lecce,Away,11.0,4.0,1.0,A,0.0
22/08/09,910,Milan,Siena,Away,5.0,2.0,1.0,A,0.0
22/09/07,708,Milan,Parma,Home,4.0,1.0,1.0,D,0.0
22/09/10,1011,Milan,Lazio,Away,3.0,1.0,1.0,D,0.0
22/09/13,1314,Milan,Napoli,Home,8.0,1.0,2.0,A,1.0
22/09/15,1516,Milan,Udinese,Away,3.0,3.0,2.0,A,0.0
22/09/2021,2122,Milan,Venezia,Home,4.0,2.0,0.0,H,0.0
22/09/2024,2425,Milan,Inter,Away,8.0,2.0,1.0,A,0.0
22/10/06,607,Milan,Palermo,Home,5.0,0.0,2.0,A,0.0
22/10/16,1617,Milan,Juventus,Home,2.0,1.0,0.0,H,0.0
22/10/17,1718,Milan,Genoa,Home,7.0,0.0,0.0,D,1.0
22/10/2022,2223,Milan,Monza,Home,7.0,4.0,1.0,H,0.0
22/10/2023,2324,Milan,Juventus,Home,1.0,0.0,1.0,A,1.0
22/11/09,910,Milan,Cagliari,Home,5.0,4.0,3.0,H,0.0
22/11/2020,2021,Milan,Napoli,Away,7.0,3.0,1.0,A,0.0
22/12/12,1213,Milan,Roma,Away,10.0,2.0,4.0,H,0.0
22/12/13,1314,Milan,Inter,Away,5.0,0.0,1.0,H,1.0
22/12/2018,1819,Milan,Fiorentina,Home,7.0,0.0,1.0,A,0.0
22/12/2019,1920,Milan,Atalanta,Away,1.0,0.0,5.0,H,0.0
22/12/2021,2122,Milan,Empoli,Away,8.0,4.0,2.0,A,0.0
22/12/2023,2324,Milan,Salernitana,Away,9.0,2.0,2.0,D,0.0
23/01/08,708,Milan,Atalanta,Away,4.0,1.0,2.0,H,0.0
23/01/11,1011,Milan,Cesena,Home,10.0,2.0,0.0,H,0.0
23/01/16,1516,Milan,Empoli,Away,5.0,2.0,2.0,D,0.0
23/01/2021,2021,Milan,Atalanta,Home,3.0,0.0,3.0,A,0.0
23/01/2022,2122,Milan,Juventus,Home,4.0,0.0,0.0,D,0.0
23/02/14,1314,Milan,Sampdoria,Away,8.0,2.0,0.0,A,0.0
23/03/14,1314,Milan,Lazio,Away,0.0,1.0,1.0,D,0.0
23/04/11,1011,Milan,Brescia,Away,4.0,1.0,0.0,A,0.0
23/04/17,1617,Milan,Empoli,Home,12.0,1.0,2.0,A,0.0
23/04/2023,2223,Milan,Lecce,Home,5.0,2.0,0.0,H,0.0
23/05/2021,2021,Milan,Atalanta,Away,3.0,2.0,0.0,A,0.0
23/08/15,1516,Milan,Fiorentina,Away,0.0,0.0,2.0,H,1.0
23/08/2021,2122,Milan,Sampdoria,Away,4.0,1.0,0.0,A,0.0
23/08/2025,2526,Milan,Cremonese,Home,6.0,1.0,2.0,A,0.0
23/09/06,607,Milan,Livorno,Away,5.0,0.0,0.0,D,0.0
23/09/09,910,Milan,Udinese,Away,4.0,0.0,1.0,H,1.0
23/09/12,1213,Milan,Udinese,Away,4.0,1.0,2.0,H,2.0
23/09/14,1415,Milan,Empoli,Away,6.0,2.0,2.0,D,0.0
23/09/2018,1819,Milan,Atalanta,Home,8.0,2.0,2.0,D,0.0
23/09/2023,2324,Milan,Verona,Home,4.0,1.0,0.0,H,0.0
23/10/05,506,Milan,Palermo,Home,11.0,2.0,1.0,H,0.0
23/10/11,1112,Milan,Lecce,Away,6.0,4.0,3.0,A,0.0
23/10/2021,2122,Milan,Bologna,Away,7.0,4.0,2.0,A,0.0
23/11/08,809,Milan,Torino,Away,6.0,2.0,2.0,D,0.0
23/11/13,1314,Milan,Genoa,Home,10.0,1.0,1.0,D,0.0
23/11/14,1415,Milan,Inter,Home,2.0,1.0,1.0,D,0.0
23/11/2019,1920,Milan,Napoli,Home,4.0,1.0,1.0,D,0.0
23/11/2024,2425,Milan,Juventus,Home,1.0,0.0,0.0,D,0.0
23/11/2025,2526,Milan,Inter,Away,3.0,1.0,0.0,A,0.0
23/12/06,607,Milan,Udinese,Away,3.0,3.0,0.0,A,0.0
23/12/07,708,Milan,Inter,Away,3.0,1.0,2.0,H,0.0
23/12/17,1718,Milan,Atalanta,Home,5.0,0.0,2.0,A,0.0
23/12/2020,2021,Milan,Lazio,Home,5.0,3.0,2.0,H,0.0
24/01/10,910,Milan,Inter,Away,4.0,0.0,2.0,H,0.0
24/01/15,1415,Milan,Lazio,Away,2.0,1.0,3.0,H,1.0
24/01/2020,1920,Milan,Brescia,Away,5.0,1.0,0.0,A,0.0
24/01/2023,2223,Milan,Lazio,Away,3.0,0.0,4.0,H,0.0
24/02/08,708,Milan,Palermo,Home,6.0,2.0,1.0,H,0.0
24/02/10,910,Milan,Fiorentina,Away,2.0,2.0,1.0,A,0.0
24/02/13,1213,Milan,Inter,Away,6.0,1.0,1.0,D,0.0
24/03/10,910,Milan,Parma,Away,2.0,0.0,1.0,H,1.0
24/03/12,1112,Milan,Roma,Home,10.0,2.0,1.0,H,0.0
24/04/10,910,Milan,Palermo,Away,4.0,1.0,3.0,H,0.0
24/04/2022,2122,Milan,Lazio,Away,8.0,2.0,1.0,A,0.0
24/05/09,809,Milan,Roma,Home,8.0,2.0,3.0,A,1.0
24/05/15,1415,Milan,Torino,Home,5.0,3.0,0.0,H,1.0
24/05/2025,2425,Milan,Monza,Home,6.0,2.0,0.0,H,0.0
24/05/2026,2526,Milan,Cagliari,Home,3.0,1.0,2.0,A,0.0
24/07/2020,1920,Milan,Atalanta,Home,3.0,1.0,1.0,D,0.0
24/08/13,1314,Milan,Verona,Away,5.0,1.0,2.0,H,0.0
24/08/2024,2425,Milan,Parma,Away,5.0,1.0,2.0,H,0.0
24/09/08,809,Milan,Reggina,Away,4.0,2.0,1.0,A,0.0
24/09/11,1112,Milan,Cesena,Home,4.0,1.0,0.0,H,0.0
24/09/17,1718,Milan,Sampdoria,Away,0.0,0.0,2.0,H,0.0
24/10/2025,2526,Milan,Pisa,Home,7.0,2.0,2.0,D,0.0
25/01/09,809,Milan,Bologna,Away,9.0,4.0,1.0,A,0.0
25/01/2026,2526,Milan,Roma,Away,2.0,1.0,1.0,D,0.0
25/02/07,607,Milan,Sampdoria,Home,4.0,1.0,0.0,H,1.0
25/02/12,1112,Milan,Juventus,Home,3.0,1.0,1.0,D,0.0
25/02/18,1718,Milan,Roma,Away,5.0,2.0,0.0,A,0.0
25/02/2022,2122,Milan,Udinese,Home,3.0,1.0,1.0,D,0.0
25/02/2024,2324,Milan,Atalanta,Home,7.0,1.0,1.0,D,0.0
25/03/06,506,Milan,Fiorentina,Home,6.0,3.0,1.0,H,0.0
25/04/12,1112,Milan,Genoa,Home,2.0,1.0,0.0,H,0.0
25/04/14,1314,Milan,Roma,Away,5.0,0.0,2.0,H,0.0
25/04/15,1415,Milan,Udinese,Away,1.0,1.0,2.0,H,0.0
25/04/16,1516,Milan,Verona,Away,6.0,1.0,2.0,H,0.0
25/05/2024,2324,Milan,Salernitana,Home,11.0,3.0,3.0,D,0.0
25/08/2018,1819,Milan,Napoli,Away,4.0,2.0,3.0,H,0.0
25/08/2019,1920,Milan,Udinese,Away,0.0,0.0,1.0,H,0.0
25/09/05,506,Milan,Treviso,Away,6.0,2.0,0.0,A,0.0
25/09/10,1011,Milan,Genoa,Home,5.0,1.0,0.0,H,0.0
25/09/13,1314,Milan,Bologna,Away,8.0,3.0,3.0,D,0.0
25/09/16,1617,Milan,Fiorentina,Away,1.0,0.0,0.0,D,0.0
25/09/2021,2122,Milan,Spezia,Away,5.0,2.0,1.0,A,0.0
25/10/06,607,Milan,Chievo,Away,6.0,1.0,0.0,A,0.0
25/10/09,910,Milan,Chievo,Away,10.0,2.0,1.0,A,0.0
25/10/10,1011,Milan,Napoli,Away,9.0,2.0,1.0,A,0.0
25/10/15,1516,Milan,Sassuolo,Home,3.0,2.0,1.0,H,0.0
25/10/16,1617,Milan,Genoa,Away,3.0,0.0,3.0,H,1.0
25/10/17,1718,Milan,Chievo,Away,4.0,4.0,1.0,A,0.0
25/11/06,607,Milan,Messina,Home,12.0,1.0,0.0,H,0.0
25/11/07,708,Milan,Cagliari,Away,6.0,2.0,1.0,A,0.0
25/11/12,1213,Milan,Juventus,Home,6.0,1.0,0.0,H,0.0
25/11/2018,1819,Milan,Lazio,Away,4.0,1.0,1.0,D,0.0
25/11/2023,2324,Milan,Fiorentina,Home,6.0,1.0,0.0,H,0.0
26/01/14,1314,Milan,Cagliari,Away,8.0,2.0,1.0,A,0.0
26/01/2019,1819,Milan,Napoli,Home,7.0,0.0,0.0,D,0.0
26/01/2025,2425,Milan,Parma,Home,5.0,3.0,2.0,H,0.0
26/02/06,506,Milan,Palermo,Away,4.0,2.0,0.0,A,1.0
26/02/17,1617,Milan,Sassuolo,Away,6.0,1.0,0.0,A,0.0
26/02/2023,2223,Milan,Atalanta,Home,3.0,2.0,0.0,H,0.0
26/03/14,1314,Milan,Fiorentina,Away,6.0,2.0,0.0,A,0.0
26/04/09,809,Milan,Palermo,Home,8.0,3.0,0.0,H,0.0
26/04/2021,2021,Milan,Lazio,Away,6.0,0.0,3.0,H,0.0
26/04/2026,2526,Milan,Juventus,Home,1.0,0.0,0.0,D,0.0
26/05/2019,1819,Milan,Spal,Away,8.0,3.0,2.0,A,0.0
26/08/07,708,Milan,Genoa,Away,5.0,3.0,0.0,A,0.0
26/08/12,1213,Milan,Sampdoria,Home,6.0,0.0,1.0,A,0.0
26/08/2023,2324,Milan,Torino,Home,7.0,4.0,1.0,H,0.0
26/09/07,708,Milan,Palermo,Away,8.0,1.0,2.0,H,0.0
26/09/12,1213,Milan,Cagliari,Home,3.0,2.0,0.0,H,0.0
26/09/2019,1920,Milan,Torino,Away,4.0,1.0,2.0,H,1.0
26/10/05,506,Milan,Empoli,Away,8.0,3.0,1.0,A,0.0
26/10/08,809,Milan,Atalanta,Away,1.0,1.0,0.0,A,0.0
26/10/11,1112,Milan,Parma,Home,8.0,4.0,1.0,H,0.0
26/10/14,1415,Milan,Fiorentina,Home,2.0,1.0,1.0,D,0.0
26/10/2020,2021,Milan,Roma,Home,11.0,3.0,3.0,D,0.0
26/10/2021,2122,Milan,Torino,Home,2.0,1.0,0.0,H,0.0
26/11/05,506,Milan,Lecce,Home,6.0,2.0,1.0,H,0.0
26/11/16,1617,Milan,Empoli,Away,6.0,4.0,1.0,A,0.0
26/11/17,1718,Milan,Torino,Home,6.0,0.0,0.0,D,0.0
26/12/2018,1819,Milan,Frosinone,Away,8.0,0.0,0.0,D,0.0
27/01/08,708,Milan,Genoa,Home,7.0,2.0,0.0,H,0.0
27/01/13,1213,Milan,Atalanta,Away,3.0,1.0,0.0,A,0.0
27/01/2024,2324,Milan,Bologna,Home,4.0,2.0,2.0,D,0.0
27/02/08,708,Milan,Catania,Away,3.0,1.0,1.0,D,0.0
27/02/16,1516,Milan,Torino,Home,3.0,1.0,0.0,H,0.0
27/02/2025,2425,Milan,Bologna,Away,4.0,1.0,2.0,H,0.0
27/04/08,708,Milan,Livorno,Away,7.0,4.0,1.0,A,0.0
27/04/2024,2324,Milan,Juventus,Away,0.0,0.0,0.0,D,0.0
27/04/2025,2425,Milan,Venezia,Away,2.0,2.0,0.0,A,0.0
27/05/07,607,Milan,Reggina,Away,5.0,0.0,2.0,H,0.0
27/08/16,1617,Milan,Napoli,Away,3.0,2.0,4.0,H,2.0
27/08/17,1718,Milan,Cagliari,Home,5.0,2.0,1.0,H,0.0
27/08/2022,2223,Milan,Bologna,Home,7.0,2.0,0.0,H,0.0
27/09/09,910,Milan,Bari,Home,5.0,0.0,0.0,D,0.0
27/09/15,1516,Milan,Genoa,Away,3.0,0.0,1.0,H,1.0
27/09/2018,1819,Milan,Empoli,Away,11.0,1.0,1.0,D,0.0
27/09/2020,2021,Milan,Crotone,Away,7.0,2.0,0.0,A,0.0
27/09/2023,2324,Milan,Cagliari,Away,6.0,3.0,1.0,A,0.0
27/09/2024,2425,Milan,Lecce,Home,6.0,3.0,0.0,H,1.0
27/10/12,1213,Milan,Genoa,Home,2.0,1.0,0.0,H,0.0
27/10/13,1314,Milan,Parma,Away,5.0,2.0,3.0,H,0.0
27/10/2019,1920,Milan,Roma,Away,4.0,1.0,2.0,H,0.0
27/11/10,1011,Milan,Sampdoria,Away,9.0,1.0,1.0,D,0.0
27/11/11,1112,Milan,Chievo,Home,5.0,4.0,0.0,H,0.0
28/01/06,506,Milan,Sampdoria,Home,8.0,1.0,1.0,D,0.0
28/01/07,607,Milan,Parma,Home,5.0,1.0,0.0,H,0.0
28/01/09,809,Milan,Genoa,Home,5.0,1.0,1.0,D,0.0
28/01/18,1718,Milan,Lazio,Home,5.0,2.0,1.0,H,0.0
28/02/07,607,Milan,Palermo,Away,6.0,0.0,0.0,D,0.0
28/02/10,910,Milan,Atalanta,Home,7.0,3.0,1.0,H,0.0
28/02/11,1011,Milan,Napoli,Home,6.0,3.0,0.0,H,0.0
28/02/15,1415,Milan,Chievo,Away,2.0,0.0,0.0,D,0.0
28/02/2021,2021,Milan,Roma,Away,14.0,2.0,1.0,A,0.0
28/03/10,910,Milan,Lazio,Home,4.0,1.0,1.0,D,0.0
28/04/07,607,Milan,Torino,Away,4.0,1.0,0.0,A,0.0
28/04/13,1213,Milan,Catania,Home,13.0,4.0,2.0,H,0.0
28/04/2019,1819,Milan,Torino,Away,5.0,0.0,2.0,H,1.0
28/05/17,1617,Milan,Cagliari,Away,7.0,1.0,2.0,H,1.0
28/05/2023,2223,Milan,Juventus,Away,3.0,1.0,0.0,A,0.0
28/06/2020,1920,Milan,Roma,Home,7.0,2.0,0.0,H,0.0
28/08/05,506,Milan,Ascoli,Away,9.0,1.0,1.0,D,0.0
28/09/08,809,Milan,Inter,Home,5.0,1.0,0.0,H,0.0
28/09/13,1314,Milan,Sampdoria,Home,5.0,1.0,0.0,H,0.0
28/09/14,1415,Milan,Cesena,Away,4.0,1.0,1.0,D,1.0
28/09/2025,2526,Milan,Napoli,Home,3.0,2.0,1.0,H,1.0
28/10/06,607,Milan,Inter,Home,15.0,3.0,4.0,A,0.0
28/10/07,708,Milan,Roma,Home,1.0,0.0,1.0,A,1.0
28/10/09,910,Milan,Napoli,Away,2.0,2.0,2.0,D,1.0
28/10/15,1516,Milan,Chievo,Home,4.0,1.0,0.0,H,0.0
28/10/17,1718,Milan,Juventus,Home,4.0,0.0,2.0,A,0.0
28/10/2018,1819,Milan,Sampdoria,Home,7.0,3.0,2.0,H,0.0
28/10/2025,2526,Milan,Atalanta,Away,1.0,1.0,1.0,D,0.0
28/11/15,1516,Milan,Sampdoria,Home,10.0,4.0,1.0,H,0.0
28/11/2021,2122,Milan,Sassuolo,Home,2.0,1.0,3.0,A,1.0
28/12/2025,2526,Milan,Verona,Home,5.0,3.0,0.0,H,0.0
29/01/11,1011,Milan,Catania,Away,8.0,2.0,0.0,A,1.0
29/01/12,1112,Milan,Cagliari,Home,7.0,3.0,0.0,H,0.0
29/01/17,1617,Milan,Udinese,Away,5.0,1.0,2.0,H,0.0
29/01/2023,2223,Milan,Sassuolo,Home,5.0,2.0,5.0,A,0.0
29/03/14,1314,Milan,Chievo,Home,5.0,3.0,0.0,H,0.0
29/04/12,1112,Milan,Siena,Away,8.0,4.0,1.0,A,0.0
29/04/15,1415,Milan,Genoa,Home,5.0,1.0,3.0,A,1.0
29/04/18,1718,Milan,Bologna,Away,4.0,2.0,1.0,A,0.0
29/04/2023,2223,Milan,Roma,Away,1.0,1.0,1.0,D,0.0
29/07/2020,1920,Milan,Sampdoria,Away,11.0,4.0,1.0,A,0.0
29/08/09,910,Milan,Inter,Home,2.0,0.0,4.0,A,1.0
29/08/10,1011,Milan,Lecce,Home,13.0,4.0,0.0,H,0.0
29/08/15,1516,Milan,Empoli,Home,4.0,2.0,1.0,H,0.0
29/08/2021,2122,Milan,Cagliari,Home,5.0,4.0,1.0,H,0.0
29/08/2025,2526,Milan,Lecce,Away,6.0,2.0,0.0,A,0.0
29/09/12,1213,Milan,Parma,Away,9.0,1.0,1.0,D,0.0
29/09/2019,1920,Milan,Fiorentina,Home,3.0,1.0,3.0,A,1.0
29/10/05,506,Milan,Juventus,Home,4.0,3.0,1.0,H,0.0
29/10/08,809,Milan,Siena,Home,4.0,2.0,1.0,H,0.0
29/10/11,1112,Milan,Roma,Away,4.0,3.0,2.0,A,1.0
29/10/14,1415,Milan,Cagliari,Away,3.0,1.0,1.0,D,0.0
29/10/2023,2324,Milan,Napoli,Away,6.0,2.0,2.0,D,0.0
29/10/2024,2425,Milan,Napoli,Home,5.0,0.0,2.0,A,0.0
29/11/09,910,Milan,Catania,Away,3.0,2.0,0.0,A,0.0
29/11/2020,2021,Milan,Fiorentina,Home,5.0,2.0,0.0,H,0.0
29/11/2025,2526,Milan,Lazio,Home,4.0,1.0,0.0,H,0.0
29/12/2018,1819,Milan,Spal,Home,6.0,2.0,1.0,H,1.0
29/12/2024,2425,Milan,Roma,Home,7.0,1.0,1.0,D,0.0
30/01/08,708,Milan,Reggina,Away,5.0,1.0,0.0,A,0.0
30/01/2021,2021,Milan,Bologna,Away,13.0,2.0,1.0,A,0.0
30/03/08,708,Milan,Atalanta,Home,8.0,1.0,2.0,A,1.0
30/03/13,1213,Milan,Chievo,Away,9.0,1.0,0.0,A,0.0
30/03/2019,1819,Milan,Sampdoria,Away,5.0,0.0,1.0,H,0.0
30/03/2024,2324,Milan,Fiorentina,Away,10.0,2.0,1.0,A,0.0
30/03/2025,2425,Milan,Napoli,Away,4.0,1.0,2.0,H,0.0
30/04/06,506,Milan,Livorno,Home,9.0,2.0,0.0,H,0.0
30/04/17,1617,Milan,Crotone,Away,7.0,1.0,1.0,D,1.0
30/05/15,1415,Milan,Atalanta,Away,5.0,3.0,1.0,A,0.0
30/08/2022,2223,Milan,Sassuolo,Away,2.0,0.0,0.0,D,0.0
30/09/07,708,Milan,Catania,Home,4.0,1.0,1.0,D,0.0
30/09/2018,1819,Milan,Sassuolo,Away,10.0,4.0,1.0,A,0.0
30/09/2023,2324,Milan,Lazio,Home,7.0,2.0,0.0,H,0.0
30/10/10,1011,Milan,Juventus,Home,5.0,1.0,2.0,A,0.0
30/10/12,1213,Milan,Palermo,Away,8.0,2.0,2.0,D,0.0
30/10/13,1314,Milan,Lazio,Home,5.0,1.0,1.0,D,0.0
30/10/16,1617,Milan,Pescara,Home,9.0,1.0,0.0,H,0.0
30/10/2022,2223,Milan,Torino,Away,1.0,1.0,2.0,H,0.0
30/11/08,809,Milan,Palermo,Away,6.0,1.0,3.0,H,0.0
30/11/12,1213,Milan,Catania,Away,6.0,3.0,1.0,A,1.0
30/11/14,1415,Milan,Udinese,Home,6.0,2.0,0.0,H,1.0
30/11/2024,2425,Milan,Empoli,Home,4.0,3.0,0.0,H,0.0
30/12/17,1718,Milan,Fiorentina,Away,4.0,1.0,1.0,D,0.0
30/12/2023,2324,Milan,Sassuolo,Home,2.0,1.0,0.0,H,0.0
31/01/10,910,Milan,Livorno,Home,7.0,1.0,1.0,D,0.0
31/01/16,1516,Milan,Inter,Home,5.0,3.0,0.0,H,0.0
31/03/07,607,Milan,Roma,Away,2.0,1.0,1.0,D,0.0
31/03/12,1112,Milan,Catania,Away,9.0,1.0,1.0,D,0.0
31/03/18,1718,Milan,Juventus,Away,5.0,1.0,3.0,H,0.0
31/05/09,809,Milan,Fiorentina,Away,3.0,2.0,0.0,A,0.0
31/08/08,809,Milan,Bologna,Home,8.0,1.0,2.0,A,0.0
31/08/14,1415,Milan,Lazio,Home,4.0,3.0,1.0,H,0.0
31/08/2018,1819,Milan,Roma,Home,9.0,2.0,1.0,H,0.0
31/08/2019,1920,Milan,Brescia,Home,6.0,1.0,0.0,H,0.0
31/08/2024,2425,Milan,Lazio,Away,4.0,2.0,2.0,D,0.0
31/10/07,708,Milan,Sampdoria,Away,6.0,5.0,0.0,A,0.0
31/10/09,910,Milan,Parma,Home,3.0,2.0,0.0,H,0.0
31/10/2018,1819,Milan,Genoa,Home,10.0,2.0,1.0,H,0.0
31/10/2019,1920,Milan,Spal,Home,6.0,1.0,0.0,H,0.0
31/10/2021,2122,Milan,Roma,Away,3.0,2.0,1.0,A,1.0
01/02/2025,2425,Monza,Verona,Home,2.0,0.0,1.0,A,0.0
01/09/2024,2425,Monza,Fiorentina,Away,3.0,2.0,2.0,D,0.0
01/12/2023,2324,Monza,Juventus,Home,1.0,1.0,2.0,A,0.0
02/03/2024,2324,Monza,Roma,Home,5.0,1.0,4.0,A,0.0
02/03/2025,2425,Monza,Torino,Home,2.0,0.0,2.0,A,0.0
02/04/2023,2223,Monza,Lazio,Home,3.0,0.0,2.0,A,0.0
02/09/2023,2324,Monza,Atalanta,Away,2.0,0.0,3.0,H,0.0
02/10/2022,2223,Monza,Sampdoria,Away,6.0,3.0,0.0,A,0.0
02/10/2023,2324,Monza,Sassuolo,Away,4.0,1.0,0.0,A,0.0
02/11/2024,2425,Monza,Milan,Home,2.0,0.0,1.0,A,0.0
03/02/2024,2324,Monza,Udinese,Away,2.0,0.0,0.0,D,0.0
03/05/2023,2223,Monza,Roma,Home,4.0,1.0,1.0,D,0.0
04/01/2023,2223,Monza,Fiorentina,Away,3.0,1.0,1.0,D,0.0
04/03/2023,2223,Monza,Empoli,Home,3.0,2.0,1.0,H,0.0
04/05/2024,2324,Monza,Lazio,Home,7.0,2.0,2.0,D,0.0
04/05/2025,2425,Monza,Atalanta,Home,7.0,0.0,4.0,A,0.0
04/06/2023,2223,Monza,Atalanta,Away,4.0,2.0,5.0,H,1.0
05/01/2025,2425,Monza,Cagliari,Home,2.0,1.0,2.0,A,1.0
05/04/2025,2425,Monza,Como,Home,4.0,1.0,3.0,A,0.0
05/09/2022,2223,Monza,Atalanta,Home,3.0,0.0,2.0,A,0.0
05/11/2023,2324,Monza,Verona,Away,6.0,3.0,1.0,A,0.0
06/01/2024,2324,Monza,Frosinone,Away,2.0,3.0,2.0,A,0.0
06/02/2023,2223,Monza,Sampdoria,Home,5.0,2.0,2.0,D,0.0
06/10/2024,2425,Monza,Roma,Home,3.0,1.0,1.0,D,0.0
06/11/2022,2223,Monza,Verona,Home,3.0,2.0,0.0,H,0.0
07/01/2023,2223,Monza,Inter,Home,4.0,2.0,2.0,D,0.0
07/04/2024,2324,Monza,Napoli,Home,2.0,2.0,4.0,A,0.0
07/05/2023,2223,Monza,Torino,Away,8.0,1.0,1.0,D,0.0
08/03/2025,2425,Monza,Inter,Away,4.0,2.0,3.0,H,0.0
08/04/2023,2223,Monza,Udinese,Away,5.0,2.0,2.0,D,0.0
08/10/2023,2324,Monza,Salernitana,Home,7.0,3.0,0.0,H,0.0
09/02/2025,2425,Monza,Lazio,Away,1.0,1.0,5.0,H,0.0
09/03/2024,2324,Monza,Genoa,Away,5.0,3.0,2.0,A,0.0
09/10/2022,2223,Monza,Spezia,Home,4.0,2.0,0.0,H,0.0
09/12/2024,2425,Monza,Udinese,Home,4.0,1.0,2.0,A,0.0
10/11/2022,2223,Monza,Lazio,Away,0.0,0.0,1.0,H,0.0
10/11/2024,2425,Monza,Lazio,Home,2.0,0.0,1.0,A,0.0
10/12/2023,2324,Monza,Genoa,Home,3.0,1.0,0.0,H,0.0
11/02/2024,2324,Monza,Verona,Home,1.0,0.0,0.0,D,0.0
11/05/2025,2425,Monza,Udinese,Away,2.0,2.0,1.0,A,0.0
11/09/2022,2223,Monza,Lecce,Away,1.0,1.0,1.0,D,0.0
11/11/2023,2324,Monza,Torino,Home,5.0,1.0,1.0,D,0.0
12/02/2023,2223,Monza,Bologna,Away,4.0,1.0,0.0,A,0.0
12/03/2023,2223,Monza,Verona,Away,3.0,1.0,1.0,D,0.0
12/04/2025,2425,Monza,Venezia,Away,3.0,0.0,1.0,H,0.0
13/01/2024,2324,Monza,Inter,Home,2.0,1.0,5.0,A,0.0
13/01/2025,2425,Monza,Fiorentina,Home,3.0,2.0,1.0,H,0.0
13/04/2024,2324,Monza,Bologna,Away,0.0,0.0,0.0,D,0.0
13/05/2024,2324,Monza,Fiorentina,Away,2.0,1.0,2.0,H,0.0
13/08/2022,2223,Monza,Torino,Home,4.0,1.0,2.0,A,0.0
13/11/2022,2223,Monza,Salernitana,Home,7.0,3.0,0.0,H,0.0
14/01/2023,2223,Monza,Cremonese,Away,3.0,3.0,2.0,A,0.0
14/05/2023,2223,Monza,Napoli,Home,4.0,2.0,0.0,H,0.0
15/03/2025,2425,Monza,Parma,Home,4.0,1.0,1.0,D,0.0
15/04/2023,2223,Monza,Inter,Away,2.0,1.0,0.0,A,0.0
15/09/2024,2425,Monza,Inter,Home,2.0,1.0,1.0,D,0.0
15/10/2022,2223,Monza,Empoli,Away,4.0,0.0,1.0,H,1.0
15/12/2024,2425,Monza,Lecce,Away,1.0,1.0,2.0,H,0.0
16/02/2025,2425,Monza,Lecce,Home,3.0,0.0,0.0,D,0.0
16/03/2024,2324,Monza,Cagliari,Home,3.0,1.0,0.0,H,0.0
17/08/2024,2425,Monza,Empoli,Away,1.0,0.0,0.0,D,0.0
17/09/2023,2324,Monza,Lecce,Home,6.0,1.0,1.0,D,1.0
17/12/2023,2324,Monza,Milan,Away,4.0,0.0,3.0,H,0.0
18/01/2025,2425,Monza,Bologna,Away,1.0,1.0,3.0,H,0.0
18/02/2023,2223,Monza,Milan,Home,5.0,0.0,1.0,A,0.0
18/02/2024,2324,Monza,Milan,Home,6.0,4.0,2.0,H,0.0
18/03/2023,2223,Monza,Cremonese,Home,7.0,1.0,1.0,D,0.0
18/05/2025,2425,Monza,Empoli,Home,4.0,1.0,3.0,A,0.0
18/09/2022,2223,Monza,Juventus,Home,4.0,1.0,0.0,H,0.0
19/04/2025,2425,Monza,Napoli,Home,0.0,0.0,1.0,A,0.0
19/05/2023,2223,Monza,Sassuolo,Away,5.0,2.0,1.0,A,0.0
19/05/2024,2324,Monza,Frosinone,Home,2.0,0.0,1.0,A,0.0
19/08/2023,2324,Monza,Inter,Away,2.0,0.0,2.0,H,0.0
21/01/2024,2324,Monza,Empoli,Away,5.0,0.0,3.0,H,0.0
21/04/2024,2324,Monza,Atalanta,Home,2.0,1.0,2.0,A,0.0
21/08/2022,2223,Monza,Napoli,Away,1.0,0.0,4.0,H,0.0
21/10/2024,2425,Monza,Verona,Away,4.0,3.0,0.0,A,0.0
22/01/2023,2223,Monza,Sassuolo,Home,3.0,1.0,1.0,D,0.0
22/09/2024,2425,Monza,Bologna,Home,3.0,1.0,2.0,A,0.0
22/10/2022,2223,Monza,Milan,Away,6.0,1.0,4.0,H,0.0
22/10/2023,2324,Monza,Roma,Away,4.0,0.0,1.0,H,1.0
22/12/2023,2324,Monza,Fiorentina,Home,2.0,0.0,1.0,A,0.0
22/12/2024,2425,Monza,Juventus,Home,5.0,1.0,2.0,A,0.0
23/04/2023,2223,Monza,Fiorentina,Home,5.0,3.0,2.0,H,0.0
23/09/2023,2324,Monza,Lazio,Away,4.0,1.0,1.0,D,0.0
24/02/2024,2324,Monza,Salernitana,Away,7.0,2.0,0.0,A,0.0
24/02/2025,2425,Monza,Roma,Away,2.0,0.0,4.0,H,0.0
24/05/2025,2425,Monza,Milan,Away,2.0,0.0,2.0,H,0.0
24/08/2024,2425,Monza,Genoa,Home,2.0,0.0,1.0,A,0.0
24/11/2024,2425,Monza,Torino,Away,6.0,1.0,1.0,D,0.0
25/05/2024,2324,Monza,Juventus,Away,4.0,0.0,2.0,H,1.0
26/02/2023,2223,Monza,Salernitana,Away,3.0,0.0,3.0,H,1.0
26/08/2022,2223,Monza,Udinese,Home,5.0,1.0,2.0,A,0.0
26/08/2023,2324,Monza,Empoli,Home,5.0,2.0,0.0,H,0.0
26/11/2023,2324,Monza,Cagliari,Away,4.0,1.0,1.0,D,0.0
27/01/2025,2425,Monza,Genoa,Away,1.0,0.0,2.0,H,0.0
27/04/2024,2324,Monza,Lecce,Away,1.0,1.0,1.0,D,0.0
27/04/2025,2425,Monza,Juventus,Away,3.0,0.0,2.0,H,0.0
27/10/2024,2425,Monza,Venezia,Home,2.0,2.0,2.0,D,1.0
28/01/2024,2324,Monza,Sassuolo,Home,1.0,1.0,0.0,H,0.0
28/04/2023,2223,Monza,Spezia,Away,4.0,2.0,0.0,A,0.0
28/05/2023,2223,Monza,Lecce,Home,1.0,0.0,1.0,A,0.0
28/09/2023,2324,Monza,Bologna,Home,3.0,0.0,0.0,D,0.0
28/12/2024,2425,Monza,Parma,Away,4.0,1.0,2.0,H,1.0
29/01/2023,2223,Monza,Juventus,Away,3.0,2.0,0.0,A,0.0
29/09/2024,2425,Monza,Napoli,Away,1.0,0.0,2.0,H,0.0
29/10/2023,2324,Monza,Udinese,Home,4.0,1.0,1.0,D,0.0
29/12/2023,2324,Monza,Napoli,Away,3.0,0.0,0.0,D,0.0
30/03/2024,2324,Monza,Torino,Away,2.0,0.0,1.0,H,1.0
30/03/2025,2425,Monza,Cagliari,Away,3.0,0.0,3.0,H,0.0
30/08/2022,2223,Monza,Roma,Away,1.0,0.0,3.0,H,0.0
30/10/2024,2425,Monza,Atalanta,Away,3.0,0.0,2.0,H,0.0
30/11/2024,2425,Monza,Como,Away,3.0,1.0,1.0,D,0.0
31/10/2022,2223,Monza,Bologna,Home,3.0,1.0,2.0,A,0.0
01/02/12,1112,Napoli,Cesena,Home,10.0,0.0,0.0,D,0.0
01/02/15,1415,Napoli,Chievo,Away,4.0,2.0,1.0,A,0.0
01/03/13,1213,Napoli,Juventus,Home,8.0,1.0,1.0,D,0.0
01/03/15,1415,Napoli,Torino,Away,3.0,0.0,1.0,H,0.0
01/03/2025,2425,Napoli,Inter,Home,4.0,1.0,1.0,D,0.0
01/04/12,1112,Napoli,Juventus,Away,0.0,0.0,3.0,H,1.0
01/05/12,1112,Napoli,Palermo,Home,2.0,2.0,0.0,H,0.0
01/08/2020,1920,Napoli,Lazio,Home,6.0,3.0,1.0,H,0.0
01/10/11,1112,Napoli,Inter,Away,4.0,3.0,0.0,A,0.0
01/10/17,1718,Napoli,Cagliari,Home,6.0,3.0,0.0,H,0.0
01/10/2022,2223,Napoli,Torino,Home,7.0,3.0,1.0,H,0.0
01/11/14,1415,Napoli,Roma,Home,6.0,2.0,0.0,H,0.0
01/11/15,1516,Napoli,Genoa,Away,8.0,0.0,0.0,D,0.0
01/11/2020,2021,Napoli,Sassuolo,Home,7.0,0.0,2.0,A,0.0
01/11/2025,2526,Napoli,Como,Home,8.0,0.0,0.0,D,0.0
01/12/14,1415,Napoli,Sampdoria,Away,2.0,1.0,1.0,D,1.0
01/12/17,1718,Napoli,Juventus,Home,6.0,0.0,1.0,A,0.0
01/12/2019,1920,Napoli,Bologna,Home,5.0,1.0,2.0,A,0.0
01/12/2021,2122,Napoli,Sassuolo,Away,4.0,2.0,2.0,D,0.0
01/12/2024,2425,Napoli,Torino,Away,6.0,1.0,0.0,A,0.0
02/02/08,708,Napoli,Udinese,Home,5.0,3.0,1.0,H,1.0
02/02/11,1011,Napoli,Chievo,Away,3.0,0.0,2.0,H,0.0
02/02/13,1213,Napoli,Catania,Home,3.0,2.0,0.0,H,0.0
02/02/14,1314,Napoli,Atalanta,Away,3.0,0.0,3.0,H,0.0
02/02/2019,1819,Napoli,Sampdoria,Home,14.0,3.0,0.0,H,0.0
02/02/2025,2425,Napoli,Roma,Away,2.0,1.0,1.0,D,0.0
02/03/08,708,Napoli,Inter,Home,5.0,1.0,0.0,H,0.0
02/03/14,1314,Napoli,Livorno,Away,7.0,1.0,1.0,D,0.0
02/04/17,1617,Napoli,Juventus,Home,4.0,1.0,1.0,D,0.0
02/04/2023,2223,Napoli,Milan,Home,4.0,0.0,4.0,A,0.0
02/05/10,910,Napoli,Chievo,Away,4.0,2.0,1.0,A,0.0
02/05/16,1516,Napoli,Atalanta,Home,10.0,2.0,1.0,H,0.0
02/05/2021,2021,Napoli,Cagliari,Home,6.0,1.0,1.0,D,0.0
02/05/2026,2526,Napoli,Como,Away,1.0,0.0,0.0,D,0.0
02/07/2020,1920,Napoli,Atalanta,Away,8.0,0.0,2.0,H,0.0
02/09/07,708,Napoli,Udinese,Away,8.0,5.0,0.0,A,0.0
02/09/12,1213,Napoli,Fiorentina,Home,1.0,2.0,1.0,H,0.0
02/09/2018,1819,Napoli,Sampdoria,Away,6.0,0.0,3.0,H,0.0
02/09/2023,2324,Napoli,Lazio,Home,4.0,1.0,2.0,A,0.0
02/10/16,1617,Napoli,Atalanta,Away,3.0,0.0,1.0,H,0.0
02/11/08,809,Napoli,Milan,Away,4.0,0.0,1.0,H,1.0
02/11/13,1314,Napoli,Catania,Home,8.0,2.0,1.0,H,0.0
02/11/2018,1819,Napoli,Empoli,Home,13.0,5.0,1.0,H,0.0
02/11/2019,1920,Napoli,Roma,Away,6.0,1.0,2.0,H,0.0
02/12/07,708,Napoli,Atalanta,Away,2.0,1.0,5.0,H,0.0
02/12/12,1213,Napoli,Pescara,Home,11.0,5.0,1.0,H,0.0
02/12/13,1314,Napoli,Lazio,Away,7.0,4.0,2.0,A,0.0
02/12/16,1617,Napoli,Inter,Home,11.0,3.0,0.0,H,0.0
03/01/2021,2021,Napoli,Cagliari,Away,12.0,4.0,1.0,A,0.0
03/02/16,1516,Napoli,Lazio,Away,5.0,2.0,0.0,A,0.0
03/02/2020,1920,Napoli,Sampdoria,Away,10.0,4.0,2.0,A,0.0
03/03/18,1718,Napoli,Roma,Home,13.0,2.0,4.0,A,0.0
03/03/2019,1819,Napoli,Juventus,Home,5.0,1.0,2.0,A,1.0
03/03/2021,2021,Napoli,Sassuolo,Away,8.0,3.0,3.0,D,0.0
03/03/2023,2223,Napoli,Lazio,Home,2.0,0.0,1.0,A,0.0
03/03/2024,2324,Napoli,Juventus,Home,7.0,2.0,1.0,H,0.0
03/04/10,910,Napoli,Lazio,Away,6.0,1.0,1.0,D,0.0
03/04/11,1011,Napoli,Lazio,Home,7.0,4.0,3.0,H,0.0
03/04/16,1516,Napoli,Udinese,Away,2.0,1.0,3.0,H,1.0
03/04/2019,1819,Napoli,Empoli,Away,5.0,1.0,2.0,H,0.0
03/04/2021,2021,Napoli,Crotone,Home,11.0,4.0,3.0,H,0.0
03/04/2022,2122,Napoli,Atalanta,Away,5.0,3.0,1.0,A,0.0
03/05/09,809,Napoli,Siena,Away,3.0,1.0,2.0,H,0.0
03/05/15,1415,Napoli,Milan,Home,7.0,3.0,0.0,H,0.0
03/05/2025,2425,Napoli,Lecce,Away,2.0,1.0,0.0,A,0.0
03/09/2022,2223,Napoli,Lazio,Away,7.0,2.0,1.0,A,0.0
03/10/10,1011,Napoli,Roma,Home,6.0,2.0,0.0,H,0.0
03/10/2021,2122,Napoli,Fiorentina,Away,6.0,2.0,1.0,A,0.0
03/11/2024,2425,Napoli,Atalanta,Home,3.0,0.0,3.0,A,0.0
03/12/11,1112,Napoli,Lecce,Home,9.0,4.0,2.0,H,0.0
03/12/2018,1819,Napoli,Atalanta,Away,5.0,2.0,1.0,A,0.0
03/12/2023,2324,Napoli,Inter,Home,4.0,0.0,3.0,A,0.0
04/01/2023,2223,Napoli,Inter,Away,2.0,0.0,1.0,H,0.0
04/01/2025,2425,Napoli,Fiorentina,Away,4.0,3.0,0.0,A,0.0
04/01/2026,2526,Napoli,Lazio,Away,3.0,2.0,0.0,A,1.0
04/02/17,1617,Napoli,Bologna,Away,9.0,7.0,1.0,A,1.0
04/02/18,1718,Napoli,Benevento,Away,5.0,2.0,0.0,A,0.0
04/02/2024,2324,Napoli,Verona,Home,8.0,2.0,1.0,H,0.0
04/03/12,1112,Napoli,Parma,Away,4.0,2.0,1.0,A,0.0
04/03/17,1617,Napoli,Roma,Away,4.0,2.0,1.0,A,0.0
04/04/15,1415,Napoli,Roma,Away,5.0,0.0,1.0,H,0.0
04/05/08,708,Napoli,Torino,Away,3.0,1.0,2.0,H,0.0
04/05/2023,2223,Napoli,Udinese,Away,4.0,1.0,1.0,D,0.0
04/06/2023,2223,Napoli,Sampdoria,Home,9.0,2.0,0.0,H,0.0
04/10/09,910,Napoli,Roma,Away,2.0,1.0,2.0,H,0.0
04/10/15,1516,Napoli,Milan,Away,4.0,4.0,0.0,A,0.0
04/10/2024,2425,Napoli,Como,Home,6.0,3.0,1.0,H,0.0
04/11/07,708,Napoli,Reggina,Home,8.0,1.0,1.0,D,0.0
04/11/12,1213,Napoli,Torino,Home,2.0,1.0,1.0,D,0.0
04/11/2023,2324,Napoli,Salernitana,Away,8.0,2.0,0.0,A,0.0
04/12/2021,2122,Napoli,Atalanta,Home,4.0,2.0,3.0,A,0.0
05/02/12,1112,Napoli,Milan,Away,1.0,0.0,0.0,D,0.0
05/02/2023,2223,Napoli,Spezia,Away,5.0,3.0,0.0,A,0.0
05/03/16,1516,Napoli,Chievo,Home,10.0,3.0,1.0,H,0.0
05/04/09,809,Napoli,Sampdoria,Away,4.0,2.0,2.0,D,0.0
05/05/13,1213,Napoli,Inter,Home,9.0,3.0,1.0,H,0.0
05/05/2019,1819,Napoli,Cagliari,Home,8.0,2.0,1.0,H,0.0
05/07/2020,1920,Napoli,Roma,Home,12.0,2.0,1.0,H,0.0
05/10/08,809,Napoli,Genoa,Away,6.0,2.0,3.0,H,0.0
05/10/14,1415,Napoli,Torino,Home,9.0,2.0,1.0,H,0.0
05/10/2025,2526,Napoli,Genoa,Home,5.0,2.0,1.0,H,0.0
05/11/16,1617,Napoli,Lazio,Home,8.0,1.0,1.0,D,0.0
05/11/17,1718,Napoli,Chievo,Away,5.0,0.0,0.0,D,0.0
05/11/2022,2223,Napoli,Atalanta,Away,5.0,2.0,1.0,A,0.0
06/01/10,910,Napoli,Atalanta,Away,6.0,2.0,0.0,A,0.0
06/01/11,1011,Napoli,Inter,Away,5.0,1.0,3.0,H,0.0
06/01/13,1213,Napoli,Roma,Home,6.0,4.0,1.0,H,0.0
06/01/14,1314,Napoli,Sampdoria,Home,6.0,2.0,0.0,H,0.0
06/01/15,1415,Napoli,Cesena,Away,6.0,4.0,1.0,A,0.0
06/01/16,1516,Napoli,Torino,Home,8.0,2.0,1.0,H,0.0
06/01/18,1718,Napoli,Verona,Home,9.0,2.0,0.0,H,0.0
06/01/2020,1920,Napoli,Inter,Home,8.0,1.0,3.0,A,0.0
06/01/2021,2021,Napoli,Spezia,Home,11.0,1.0,2.0,A,0.0
06/01/2022,2122,Napoli,Juventus,Away,4.0,1.0,1.0,D,0.0
06/02/11,1011,Napoli,Cesena,Home,5.0,2.0,0.0,H,0.0
06/02/2021,2021,Napoli,Genoa,Away,11.0,1.0,2.0,H,0.0
06/02/2022,2122,Napoli,Venezia,Away,6.0,2.0,0.0,A,0.0
06/03/11,1011,Napoli,Brescia,Home,5.0,0.0,0.0,D,0.0
06/03/2022,2122,Napoli,Milan,Home,2.0,0.0,1.0,A,0.0
06/03/2026,2526,Napoli,Torino,Home,9.0,2.0,1.0,H,0.0
06/04/08,708,Napoli,Catania,Away,3.0,0.0,3.0,H,0.0
06/04/14,1314,Napoli,Parma,Away,1.0,0.0,1.0,H,0.0
06/04/2026,2526,Napoli,Milan,Home,3.0,1.0,0.0,H,0.0
06/05/12,1112,Napoli,Bologna,Away,3.0,0.0,2.0,H,1.0
06/05/14,1314,Napoli,Cagliari,Home,16.0,3.0,0.0,H,0.0
06/05/17,1617,Napoli,Cagliari,Home,9.0,3.0,1.0,H,0.0
06/05/18,1718,Napoli,Torino,Home,5.0,2.0,2.0,D,0.0
06/05/2024,2324,Napoli,Udinese,Away,4.0,1.0,1.0,D,0.0
06/10/07,708,Napoli,Inter,Away,4.0,1.0,2.0,H,0.0
06/10/13,1314,Napoli,Livorno,Home,6.0,4.0,0.0,H,0.0
06/10/2019,1920,Napoli,Torino,Away,3.0,0.0,0.0,D,0.0
06/12/09,910,Napoli,Bari,Home,6.0,3.0,2.0,H,0.0
06/12/10,1011,Napoli,Palermo,Home,9.0,1.0,0.0,H,0.0
06/12/15,1516,Napoli,Bologna,Away,7.0,2.0,3.0,H,0.0
06/12/2020,2021,Napoli,Crotone,Away,6.0,4.0,0.0,A,0.0
07/01/17,1617,Napoli,Sampdoria,Home,9.0,2.0,1.0,H,0.0
07/01/2024,2324,Napoli,Torino,Away,3.0,0.0,3.0,H,1.0
07/01/2026,2526,Napoli,Verona,Home,4.0,2.0,2.0,D,0.0
07/02/10,910,Napoli,Udinese,Away,6.0,1.0,3.0,H,1.0
07/02/16,1516,Napoli,Carpi,Home,7.0,1.0,0.0,H,0.0
07/02/2026,2526,Napoli,Genoa,Away,5.0,3.0,2.0,A,1.0
07/03/10,910,Napoli,Bologna,Away,4.0,1.0,2.0,H,0.0
07/03/2021,2021,Napoli,Bologna,Home,8.0,3.0,1.0,H,0.0
07/04/12,1112,Napoli,Lazio,Away,2.0,1.0,3.0,H,0.0
07/04/13,1213,Napoli,Genoa,Home,9.0,2.0,0.0,H,0.0
07/04/2019,1819,Napoli,Genoa,Home,10.0,1.0,1.0,D,0.0
07/04/2021,2021,Napoli,Juventus,Away,5.0,1.0,2.0,H,0.0
07/04/2023,2223,Napoli,Lecce,Away,3.0,2.0,1.0,A,0.0
07/04/2024,2324,Napoli,Monza,Away,8.0,4.0,2.0,A,0.0
07/04/2025,2425,Napoli,Bologna,Away,2.0,1.0,1.0,D,0.0
07/05/2022,2122,Napoli,Torino,Away,6.0,1.0,0.0,A,0.0
07/05/2023,2223,Napoli,Fiorentina,Home,3.0,1.0,0.0,H,0.0
07/10/12,1213,Napoli,Udinese,Home,6.0,2.0,1.0,H,0.0
07/10/2018,1819,Napoli,Sassuolo,Home,7.0,2.0,0.0,H,0.0
07/11/09,910,Napoli,Catania,Away,1.0,0.0,0.0,D,0.0
07/11/10,1011,Napoli,Parma,Home,5.0,2.0,0.0,H,0.0
07/11/2021,2122,Napoli,Verona,Home,1.0,1.0,1.0,D,0.0
07/12/08,809,Napoli,Siena,Home,6.0,2.0,0.0,H,0.0
07/12/13,1314,Napoli,Udinese,Home,6.0,3.0,3.0,D,0.0
07/12/14,1415,Napoli,Empoli,Home,10.0,2.0,2.0,D,0.0
07/12/2019,1920,Napoli,Udinese,Away,3.0,1.0,1.0,D,1.0
07/12/2025,2526,Napoli,Juventus,Home,4.0,2.0,1.0,H,0.0
08/01/12,1112,Napoli,Palermo,Away,6.0,3.0,1.0,A,0.0
08/01/2023,2223,Napoli,Sampdoria,Away,8.0,2.0,0.0,A,0.0
08/02/09,809,Napoli,Palermo,Away,2.0,1.0,2.0,H,0.0
08/02/14,1314,Napoli,Milan,Home,14.0,3.0,1.0,H,0.0
08/02/15,1415,Napoli,Udinese,Home,4.0,3.0,1.0,H,0.0
08/03/09,809,Napoli,Lazio,Home,7.0,0.0,2.0,A,0.0
08/03/15,1415,Napoli,Inter,Home,7.0,2.0,2.0,D,1.0
08/03/2024,2324,Napoli,Torino,Home,8.0,1.0,1.0,D,0.0
08/04/18,1718,Napoli,Chievo,Home,12.0,2.0,1.0,H,0.0
08/05/11,1011,Napoli,Lecce,Away,5.0,1.0,2.0,H,1.0
08/05/13,1213,Napoli,Bologna,Away,4.0,3.0,0.0,A,0.0
08/05/16,1516,Napoli,Torino,Away,6.0,2.0,1.0,A,0.0
08/05/2021,2021,Napoli,Spezia,Away,7.0,4.0,1.0,A,0.0
08/07/2020,1920,Napoli,Genoa,Away,11.0,2.0,1.0,A,0.0
08/10/2023,2324,Napoli,Fiorentina,Home,4.0,1.0,3.0,A,0.0
08/11/15,1516,Napoli,Udinese,Home,5.0,1.0,0.0,H,0.0
08/11/2020,2021,Napoli,Bologna,Away,4.0,1.0,0.0,A,0.0
08/11/2022,2223,Napoli,Empoli,Home,4.0,2.0,0.0,H,0.0
08/12/2018,1819,Napoli,Frosinone,Home,10.0,4.0,0.0,H,0.0
08/12/2023,2324,Napoli,Juventus,Away,1.0,0.0,1.0,H,0.0
08/12/2024,2425,Napoli,Lazio,Home,1.0,0.0,1.0,A,0.0
09/01/11,1011,Napoli,Juventus,Home,7.0,3.0,0.0,H,0.0
09/01/2022,2122,Napoli,Sampdoria,Home,5.0,1.0,0.0,H,0.0
09/02/13,1213,Napoli,Lazio,Away,7.0,1.0,1.0,D,0.0
09/02/2019,1819,Napoli,Fiorentina,Away,4.0,0.0,0.0,D,0.0
09/02/2020,1920,Napoli,Lecce,Home,9.0,2.0,3.0,A,0.0
09/02/2025,2425,Napoli,Udinese,Home,4.0,1.0,1.0,D,0.0
09/03/08,708,Napoli,Roma,Home,3.0,0.0,2.0,A,0.0
09/03/12,1112,Napoli,Cagliari,Home,6.0,6.0,3.0,H,0.0
09/03/14,1314,Napoli,Roma,Home,4.0,1.0,0.0,H,0.0
09/03/2025,2425,Napoli,Fiorentina,Home,11.0,2.0,1.0,H,0.0
09/04/17,1617,Napoli,Lazio,Away,7.0,3.0,0.0,A,0.0
09/05/10,910,Napoli,Atalanta,Home,4.0,2.0,0.0,H,0.0
09/10/2022,2223,Napoli,Cremonese,Away,10.0,4.0,1.0,A,0.0
09/11/08,809,Napoli,Sampdoria,Home,3.0,2.0,0.0,H,0.0
09/11/14,1415,Napoli,Fiorentina,Away,5.0,1.0,0.0,A,0.0
09/11/2019,1920,Napoli,Genoa,Home,8.0,0.0,0.0,D,0.0
09/11/2025,2526,Napoli,Bologna,Away,1.0,0.0,2.0,H,0.0
09/12/07,708,Napoli,Parma,Home,1.0,1.0,0.0,H,0.0
09/12/12,1213,Napoli,Inter,Away,6.0,1.0,2.0,H,0.0
10/01/10,910,Napoli,Sampdoria,Home,3.0,1.0,0.0,H,0.0
10/01/16,1516,Napoli,Frosinone,Away,10.0,5.0,1.0,A,0.0
10/01/2021,2021,Napoli,Udinese,Away,6.0,2.0,1.0,A,0.0
10/02/08,708,Napoli,Sampdoria,Away,1.0,0.0,2.0,H,0.0
10/02/17,1617,Napoli,Genoa,Home,8.0,2.0,0.0,H,0.0
10/02/18,1718,Napoli,Lazio,Home,7.0,4.0,1.0,H,0.0
10/03/13,1213,Napoli,Chievo,Away,4.0,0.0,2.0,H,0.0
10/03/2019,1819,Napoli,Sassuolo,Away,4.0,1.0,1.0,D,0.0
10/04/10,910,Napoli,Parma,Home,9.0,2.0,3.0,A,1.0
10/04/11,1011,Napoli,Bologna,Away,4.0,2.0,0.0,A,0.0
10/04/16,1516,Napoli,Verona,Home,6.0,3.0,0.0,H,0.0
10/04/2022,2122,Napoli,Fiorentina,Home,3.0,2.0,3.0,A,0.0
10/05/09,809,Napoli,Lecce,Away,1.0,1.0,1.0,D,0.0
10/05/15,1415,Napoli,Parma,Away,12.0,2.0,2.0,D,0.0
10/09/11,1112,Napoli,Cesena,Away,6.0,3.0,1.0,A,0.0
10/09/16,1617,Napoli,Palermo,Away,7.0,3.0,0.0,A,0.0
10/09/17,1718,Napoli,Bologna,Away,7.0,3.0,0.0,A,0.0
10/09/2022,2223,Napoli,Spezia,Home,6.0,1.0,0.0,H,0.0
10/11/07,708,Napoli,Palermo,Away,6.0,1.0,2.0,H,0.0
10/11/10,1011,Napoli,Cagliari,Away,7.0,1.0,0.0,A,0.0
10/11/13,1314,Napoli,Juventus,Away,5.0,0.0,3.0,H,0.0
10/11/2018,1819,Napoli,Genoa,Away,7.0,2.0,1.0,A,0.0
10/11/2024,2425,Napoli,Inter,Away,2.0,1.0,1.0,D,0.0
10/12/17,1718,Napoli,Fiorentina,Home,4.0,0.0,0.0,D,0.0
11/01/09,809,Napoli,Catania,Home,4.0,1.0,0.0,H,0.0
11/01/15,1415,Napoli,Juventus,Home,2.0,1.0,3.0,A,0.0
11/01/2020,1920,Napoli,Lazio,Away,7.0,0.0,1.0,H,0.0
11/01/2026,2526,Napoli,Inter,Away,3.0,2.0,2.0,D,0.0
11/02/2024,2324,Napoli,Milan,Away,2.0,0.0,1.0,H,0.0
11/03/18,1718,Napoli,Inter,Away,2.0,0.0,0.0,D,0.0
11/03/2023,2223,Napoli,Atalanta,Home,6.0,2.0,0.0,H,0.0
11/04/09,809,Napoli,Atalanta,Home,1.0,0.0,0.0,D,0.0
11/04/12,1112,Napoli,Atalanta,Home,4.0,1.0,3.0,A,1.0
11/04/2021,2021,Napoli,Sampdoria,Away,9.0,2.0,0.0,A,0.0
11/05/08,708,Napoli,Milan,Home,6.0,3.0,1.0,H,0.0
11/05/14,1314,Napoli,Sampdoria,Away,5.0,5.0,2.0,A,0.0
11/05/2021,2021,Napoli,Udinese,Home,12.0,5.0,1.0,H,0.0
11/05/2024,2324,Napoli,Bologna,Home,6.0,0.0,2.0,A,0.0
11/05/2025,2425,Napoli,Genoa,Home,11.0,2.0,2.0,D,0.0
11/05/2026,2526,Napoli,Bologna,Home,5.0,2.0,3.0,A,0.0
11/09/2021,2122,Napoli,Juventus,Home,7.0,2.0,1.0,H,0.0
11/11/12,1213,Napoli,Genoa,Away,9.0,4.0,2.0,A,0.0
11/12/10,1011,Napoli,Genoa,Away,2.0,1.0,0.0,A,1.0
11/12/11,1112,Napoli,Novara,Away,4.0,1.0,1.0,D,0.0
11/12/16,1617,Napoli,Cagliari,Away,11.0,5.0,0.0,A,0.0
12/01/14,1314,Napoli,Verona,Away,8.0,3.0,0.0,A,0.0
12/01/2025,2425,Napoli,Verona,Home,3.0,2.0,0.0,H,0.0
12/02/11,1011,Napoli,Roma,Away,4.0,2.0,0.0,A,0.0
12/02/2022,2122,Napoli,Inter,Home,4.0,1.0,1.0,D,0.0
12/02/2023,2223,Napoli,Cremonese,Home,10.0,3.0,0.0,H,0.0
12/03/17,1617,Napoli,Crotone,Home,6.0,3.0,0.0,H,0.0
12/04/15,1415,Napoli,Fiorentina,Home,6.0,3.0,0.0,H,0.0
12/04/2026,2526,Napoli,Parma,Away,6.0,1.0,1.0,D,0.0
12/05/13,1213,Napoli,Siena,Home,10.0,2.0,1.0,H,0.0
12/05/2019,1819,Napoli,Spal,Away,8.0,2.0,1.0,A,0.0
12/07/2020,1920,Napoli,Milan,Home,9.0,2.0,2.0,D,0.0
12/09/10,1011,Napoli,Bari,Home,6.0,2.0,2.0,D,0.0
12/11/2022,2223,Napoli,Udinese,Home,5.0,3.0,2.0,H,0.0
12/11/2023,2324,Napoli,Empoli,Home,7.0,0.0,1.0,A,0.0
12/12/09,910,Napoli,Cagliari,Away,8.0,3.0,3.0,D,1.0
12/12/2021,2122,Napoli,Empoli,Home,6.0,0.0,1.0,A,0.0
13/01/08,708,Napoli,Milan,Away,3.0,2.0,5.0,H,1.0
13/01/13,1213,Napoli,Palermo,Home,4.0,3.0,0.0,H,0.0
13/01/2023,2223,Napoli,Juventus,Home,10.0,5.0,1.0,H,0.0
13/01/2024,2324,Napoli,Salernitana,Home,7.0,2.0,1.0,H,0.0
13/02/12,1112,Napoli,Chievo,Home,5.0,2.0,0.0,H,0.0
13/02/16,1516,Napoli,Juventus,Away,1.0,0.0,1.0,H,0.0
13/02/2021,2021,Napoli,Juventus,Home,3.0,1.0,0.0,H,0.0
13/03/10,910,Napoli,Fiorentina,Home,7.0,1.0,3.0,A,0.0
13/03/11,1011,Napoli,Parma,Away,5.0,3.0,1.0,A,0.0
13/03/16,1516,Napoli,Palermo,Away,7.0,1.0,0.0,A,0.0
13/03/2022,2122,Napoli,Verona,Away,4.0,2.0,1.0,A,0.0
13/04/08,708,Napoli,Atalanta,Home,8.0,2.0,0.0,H,0.0
13/04/14,1314,Napoli,Lazio,Home,7.0,4.0,2.0,H,0.0
13/05/12,1112,Napoli,Siena,Home,5.0,2.0,1.0,H,0.0
13/05/18,1718,Napoli,Sampdoria,Away,9.0,2.0,0.0,A,0.0
13/09/09,910,Napoli,Genoa,Away,4.0,1.0,4.0,H,2.0
13/09/15,1516,Napoli,Empoli,Away,4.0,2.0,2.0,D,0.0
13/09/2025,2526,Napoli,Fiorentina,Away,9.0,3.0,1.0,A,0.0
13/12/08,809,Napoli,Lecce,Home,5.0,3.0,0.0,H,0.0
13/12/15,1516,Napoli,Roma,Home,4.0,0.0,0.0,D,0.0
13/12/2020,2021,Napoli,Sampdoria,Home,8.0,2.0,1.0,H,0.0
14/01/2026,2526,Napoli,Parma,Home,4.0,0.0,0.0,D,0.0
14/02/09,809,Napoli,Bologna,Home,7.0,1.0,1.0,D,0.0
14/02/10,910,Napoli,Inter,Home,2.0,0.0,0.0,D,0.0
14/02/15,1415,Napoli,Palermo,Away,3.0,1.0,3.0,H,0.0
14/03/2021,2021,Napoli,Milan,Away,5.0,1.0,0.0,A,0.0
14/03/2026,2526,Napoli,Lecce,Home,4.0,2.0,1.0,H,0.0
14/04/13,1213,Napoli,Milan,Away,3.0,1.0,1.0,D,0.0
14/04/2019,1819,Napoli,Chievo,Away,5.0,3.0,1.0,A,0.0
14/04/2024,2324,Napoli,Frosinone,Home,9.0,2.0,2.0,D,1.0
14/04/2025,2425,Napoli,Empoli,Home,6.0,3.0,0.0,H,0.0
14/05/16,1516,Napoli,Frosinone,Home,12.0,4.0,0.0,H,0.0
14/05/17,1617,Napoli,Torino,Away,6.0,5.0,0.0,A,0.0
14/05/2023,2223,Napoli,Monza,Away,7.0,0.0,2.0,H,0.0
14/09/08,809,Napoli,Fiorentina,Home,5.0,2.0,1.0,H,0.0
14/09/13,1314,Napoli,Atalanta,Home,11.0,2.0,0.0,H,0.0
14/09/14,1415,Napoli,Chievo,Home,9.0,0.0,1.0,A,0.0
14/09/2019,1920,Napoli,Sampdoria,Home,9.0,2.0,0.0,H,0.0
14/10/17,1718,Napoli,Roma,Away,6.0,1.0,0.0,A,0.0
14/11/10,1011,Napoli,Lazio,Away,1.0,0.0,2.0,H,0.0
14/12/14,1415,Napoli,Milan,Away,7.0,0.0,2.0,H,0.0
14/12/2019,1920,Napoli,Parma,Home,9.0,1.0,2.0,A,0.0
14/12/2024,2425,Napoli,Udinese,Away,4.0,3.0,1.0,A,0.0
14/12/2025,2526,Napoli,Udinese,Away,0.0,0.0,1.0,H,0.0
15/01/11,1011,Napoli,Fiorentina,Home,3.0,0.0,0.0,D,0.0
15/01/17,1617,Napoli,Pescara,Home,10.0,3.0,1.0,H,0.0
15/02/2025,2425,Napoli,Lazio,Away,3.0,2.0,2.0,D,0.0
15/02/2026,2526,Napoli,Roma,Home,7.0,2.0,2.0,D,0.0
15/03/09,809,Napoli,Reggina,Away,2.0,1.0,1.0,D,0.0
15/03/15,1415,Napoli,Verona,Away,7.0,0.0,2.0,H,0.0
15/04/17,1617,Napoli,Udinese,Home,6.0,3.0,0.0,H,0.0
15/04/18,1718,Napoli,Milan,Away,4.0,0.0,0.0,D,0.0
15/04/2023,2223,Napoli,Verona,Home,1.0,0.0,0.0,D,0.0
15/05/11,1011,Napoli,Inter,Home,7.0,1.0,1.0,D,0.0
15/05/2022,2122,Napoli,Genoa,Home,9.0,3.0,0.0,H,0.0
15/07/2020,1920,Napoli,Bologna,Away,4.0,1.0,1.0,D,0.0
15/08/2022,2223,Napoli,Verona,Away,8.0,5.0,2.0,A,0.0
15/09/2018,1819,Napoli,Fiorentina,Home,5.0,1.0,0.0,H,0.0
15/09/2024,2425,Napoli,Cagliari,Away,5.0,4.0,0.0,A,0.0
15/10/11,1112,Napoli,Parma,Home,5.0,1.0,2.0,A,0.0
15/10/16,1617,Napoli,Roma,Home,5.0,1.0,3.0,A,0.0
15/12/13,1314,Napoli,Inter,Home,9.0,4.0,2.0,H,0.0
16/01/12,1112,Napoli,Bologna,Home,3.0,1.0,1.0,D,0.0
16/01/16,1516,Napoli,Sassuolo,Home,6.0,3.0,1.0,H,0.0
16/02/14,1314,Napoli,Sassuolo,Away,7.0,2.0,0.0,A,0.0
16/02/2020,1920,Napoli,Cagliari,Away,4.0,1.0,0.0,A,0.0
16/03/08,708,Napoli,Juventus,Away,2.0,0.0,1.0,H,0.0
16/03/2025,2425,Napoli,Venezia,Away,7.0,0.0,0.0,D,0.0
16/04/16,1516,Napoli,Inter,Away,2.0,0.0,2.0,H,0.0
16/05/10,910,Napoli,Sampdoria,Away,5.0,0.0,1.0,H,0.0
16/05/2021,2021,Napoli,Fiorentina,Away,8.0,2.0,0.0,A,0.0
16/09/07,708,Napoli,Sampdoria,Home,6.0,2.0,0.0,H,0.0
16/09/12,1213,Napoli,Parma,Home,6.0,3.0,1.0,H,0.0
16/09/2023,2324,Napoli,Genoa,Away,4.0,2.0,2.0,D,0.0
16/10/2022,2223,Napoli,Bologna,Home,11.0,3.0,2.0,H,0.0
16/11/08,809,Napoli,Atalanta,Away,3.0,1.0,3.0,H,1.0
16/12/07,708,Napoli,Siena,Away,3.0,1.0,1.0,D,0.0
16/12/12,1213,Napoli,Bologna,Home,9.0,2.0,3.0,A,0.0
16/12/17,1718,Napoli,Torino,Away,4.0,3.0,1.0,A,0.0
16/12/2018,1819,Napoli,Cagliari,Away,5.0,1.0,0.0,A,0.0
16/12/2020,2021,Napoli,Inter,Away,5.0,0.0,1.0,H,1.0
16/12/2023,2324,Napoli,Cagliari,Home,5.0,2.0,1.0,H,0.0
17/01/10,910,Napoli,Palermo,Home,3.0,0.0,0.0,D,0.0
17/01/2021,2021,Napoli,Fiorentina,Home,7.0,6.0,0.0,H,0.0
17/01/2022,2122,Napoli,Bologna,Away,5.0,2.0,0.0,A,0.0
17/01/2026,2526,Napoli,Sassuolo,Home,4.0,1.0,0.0,H,0.0
17/02/08,708,Napoli,Empoli,Home,3.0,1.0,3.0,A,2.0
17/02/12,1112,Napoli,Fiorentina,Away,5.0,3.0,0.0,A,0.0
17/02/13,1213,Napoli,Sampdoria,Home,6.0,0.0,0.0,D,0.0
17/02/2019,1819,Napoli,Torino,Home,10.0,0.0,0.0,D,0.0
17/02/2023,2223,Napoli,Sassuolo,Away,4.0,2.0,0.0,A,0.0
17/02/2024,2324,Napoli,Genoa,Home,7.0,1.0,1.0,D,0.0
17/03/13,1213,Napoli,Atalanta,Home,9.0,3.0,2.0,H,0.0
17/03/14,1314,Napoli,Torino,Away,4.0,1.0,0.0,A,0.0
17/03/2019,1819,Napoli,Udinese,Home,5.0,4.0,2.0,H,0.0
17/03/2024,2324,Napoli,Inter,Away,3.0,1.0,1.0,D,0.0
17/04/11,1011,Napoli,Udinese,Home,3.0,1.0,2.0,A,0.0
17/05/09,809,Napoli,Torino,Home,4.0,1.0,2.0,A,0.0
17/05/2024,2324,Napoli,Fiorentina,Away,3.0,2.0,2.0,D,0.0
17/05/2026,2526,Napoli,Pisa,Away,5.0,3.0,0.0,A,0.0
17/09/16,1617,Napoli,Bologna,Home,10.0,3.0,1.0,H,0.0
17/09/17,1718,Napoli,Benevento,Home,14.0,6.0,0.0,H,0.0
17/10/10,1011,Napoli,Catania,Away,2.0,1.0,1.0,D,1.0
17/10/2020,2021,Napoli,Atalanta,Home,14.0,4.0,1.0,H,0.0
17/10/2021,2122,Napoli,Torino,Home,3.0,1.0,0.0,H,0.0
17/11/12,1213,Napoli,Milan,Home,5.0,2.0,2.0,D,0.0
18/01/09,809,Napoli,Chievo,Away,1.0,1.0,2.0,H,1.0
18/01/15,1415,Napoli,Lazio,Away,5.0,1.0,0.0,A,0.0
18/01/2020,1920,Napoli,Fiorentina,Home,5.0,0.0,2.0,A,0.0
18/01/2025,2425,Napoli,Atalanta,Away,3.0,3.0,2.0,A,0.0
18/02/18,1718,Napoli,Spal,Home,5.0,1.0,0.0,H,0.0
18/03/12,1112,Napoli,Udinese,Away,7.0,2.0,2.0,D,0.0
18/03/18,1718,Napoli,Genoa,Home,4.0,1.0,0.0,H,0.0
18/04/10,910,Napoli,Bari,Away,5.0,2.0,1.0,A,0.0
18/04/18,1718,Napoli,Udinese,Home,9.0,4.0,2.0,H,0.0
18/04/2021,2021,Napoli,Inter,Home,3.0,1.0,1.0,D,0.0
18/04/2022,2122,Napoli,Roma,Home,4.0,1.0,1.0,D,0.0
18/04/2026,2526,Napoli,Lazio,Home,0.0,0.0,2.0,A,0.0
18/05/08,708,Napoli,Lazio,Away,2.0,1.0,2.0,H,0.0
18/05/14,1314,Napoli,Verona,Home,11.0,5.0,1.0,H,0.0
18/05/15,1415,Napoli,Cesena,Home,4.0,3.0,2.0,H,0.0
18/05/2025,2425,Napoli,Parma,Away,2.0,0.0,0.0,D,0.0
18/08/2018,1819,Napoli,Lazio,Away,6.0,2.0,1.0,A,0.0
18/08/2024,2425,Napoli,Verona,Away,5.0,0.0,3.0,H,0.0
18/09/11,1112,Napoli,Milan,Home,4.0,3.0,1.0,H,0.0
18/09/2022,2223,Napoli,Milan,Away,4.0,2.0,1.0,A,0.0
18/10/08,809,Napoli,Juventus,Home,5.0,2.0,1.0,H,0.0
18/10/09,910,Napoli,Bologna,Home,7.0,2.0,1.0,H,0.0
18/10/13,1314,Napoli,Roma,Away,3.0,0.0,2.0,H,1.0
18/10/15,1516,Napoli,Fiorentina,Home,6.0,2.0,1.0,H,0.0
18/10/2025,2526,Napoli,Torino,Away,5.0,0.0,1.0,H,0.0
18/11/17,1718,Napoli,Milan,Home,10.0,2.0,1.0,H,0.0
18/12/11,1112,Napoli,Roma,Home,6.0,1.0,3.0,A,0.0
18/12/14,1415,Napoli,Parma,Home,7.0,2.0,0.0,H,0.0
18/12/16,1617,Napoli,Torino,Home,10.0,5.0,3.0,H,0.0
19/01/14,1314,Napoli,Bologna,Away,4.0,2.0,2.0,D,0.0
19/02/17,1617,Napoli,Chievo,Away,6.0,3.0,1.0,A,0.0
19/03/08,708,Napoli,Fiorentina,Home,7.0,2.0,0.0,H,0.0
19/03/17,1617,Napoli,Empoli,Away,6.0,3.0,2.0,A,0.0
19/03/2022,2122,Napoli,Udinese,Home,8.0,2.0,1.0,H,0.0
19/03/2023,2223,Napoli,Torino,Away,6.0,4.0,0.0,A,0.0
19/04/09,809,Napoli,Cagliari,Away,4.0,0.0,2.0,H,0.0
19/04/14,1314,Napoli,Udinese,Away,3.0,1.0,1.0,D,1.0
19/04/15,1415,Napoli,Cagliari,Away,5.0,3.0,0.0,A,1.0
19/04/16,1516,Napoli,Bologna,Home,14.0,6.0,0.0,H,0.0
19/04/2025,2425,Napoli,Monza,Away,5.0,1.0,0.0,A,0.0
19/05/13,1213,Napoli,Roma,Away,3.0,1.0,2.0,H,0.0
19/05/2019,1819,Napoli,Inter,Home,6.0,4.0,1.0,H,0.0
19/07/2020,1920,Napoli,Udinese,Home,10.0,2.0,1.0,H,0.0
19/08/17,1718,Napoli,Verona,Away,12.0,3.0,1.0,A,1.0
19/08/2023,2324,Napoli,Frosinone,Away,8.0,3.0,1.0,A,0.0
19/09/09,910,Napoli,Udinese,Home,6.0,0.0,0.0,D,0.0
19/09/10,1011,Napoli,Sampdoria,Away,3.0,2.0,1.0,A,0.0
19/10/14,1415,Napoli,Inter,Away,4.0,2.0,2.0,D,0.0
19/10/2019,1920,Napoli,Verona,Home,7.0,2.0,0.0,H,0.0
19/11/11,1112,Napoli,Lazio,Home,6.0,0.0,0.0,D,0.0
19/11/16,1617,Napoli,Udinese,Away,4.0,2.0,1.0,A,0.0
19/12/10,1011,Napoli,Lecce,Home,5.0,1.0,0.0,H,0.0
19/12/2021,2122,Napoli,Milan,Away,2.0,1.0,0.0,A,0.0
20/01/08,708,Napoli,Lazio,Home,13.0,2.0,2.0,D,1.0
20/01/13,1213,Napoli,Fiorentina,Away,5.0,1.0,1.0,D,0.0
20/01/2019,1819,Napoli,Lazio,Home,13.0,2.0,1.0,H,0.0
20/02/11,1011,Napoli,Catania,Home,5.0,1.0,0.0,H,0.0
20/03/11,1011,Napoli,Cagliari,Home,3.0,2.0,1.0,H,0.0
20/03/16,1516,Napoli,Genoa,Home,11.0,3.0,1.0,H,0.0
20/03/2026,2526,Napoli,Cagliari,Away,5.0,1.0,0.0,A,0.0
20/04/08,708,Napoli,Parma,Away,8.0,2.0,1.0,A,1.0
20/04/2024,2324,Napoli,Empoli,Away,1.0,0.0,1.0,H,0.0
20/05/17,1617,Napoli,Fiorentina,Home,9.0,4.0,1.0,H,0.0
20/05/18,1718,Napoli,Crotone,Home,9.0,2.0,1.0,H,0.0
20/09/15,1516,Napoli,Lazio,Home,10.0,5.0,0.0,H,0.0
20/09/17,1718,Napoli,Lazio,Away,11.0,4.0,1.0,A,0.0
20/09/2020,2021,Napoli,Parma,Away,7.0,2.0,0.0,A,0.0
20/09/2021,2122,Napoli,Udinese,Away,8.0,4.0,0.0,A,0.0
20/10/07,708,Napoli,Roma,Away,4.0,4.0,4.0,D,0.0
20/10/12,1213,Napoli,Juventus,Away,1.0,0.0,2.0,H,0.0
20/10/2018,1819,Napoli,Udinese,Away,4.0,3.0,0.0,A,0.0
20/10/2024,2425,Napoli,Empoli,Away,1.0,1.0,0.0,A,0.0
20/12/09,910,Napoli,Chievo,Home,3.0,2.0,0.0,H,0.0
20/12/15,1516,Napoli,Atalanta,Away,5.0,3.0,1.0,A,1.0
20/12/2020,2021,Napoli,Lazio,Away,6.0,0.0,2.0,H,0.0
21/01/17,1617,Napoli,Milan,Away,5.0,2.0,1.0,A,0.0
21/01/18,1718,Napoli,Atalanta,Away,3.0,1.0,0.0,A,0.0
21/01/2023,2223,Napoli,Salernitana,Away,4.0,2.0,0.0,A,0.0
21/02/10,910,Napoli,Siena,Away,3.0,0.0,0.0,D,0.0
21/02/2020,1920,Napoli,Brescia,Away,5.0,2.0,1.0,A,0.0
21/02/2021,2021,Napoli,Atalanta,Away,4.0,2.0,4.0,H,0.0
21/02/2022,2122,Napoli,Cagliari,Away,3.0,1.0,1.0,D,0.0
21/03/10,910,Napoli,Milan,Away,6.0,1.0,1.0,D,0.0
21/03/2021,2021,Napoli,Roma,Away,5.0,2.0,0.0,A,0.0
21/04/12,1112,Napoli,Novara,Home,8.0,2.0,0.0,H,0.0
21/04/13,1213,Napoli,Cagliari,Home,7.0,3.0,2.0,H,0.0
21/05/2023,2223,Napoli,Inter,Home,9.0,3.0,1.0,H,0.0
21/08/16,1617,Napoli,Pescara,Away,4.0,2.0,2.0,D,0.0
21/08/2022,2223,Napoli,Monza,Home,5.0,4.0,0.0,H,0.0
21/09/08,809,Napoli,Udinese,Away,1.0,0.0,0.0,D,0.0
21/09/11,1112,Napoli,Chievo,Away,1.0,0.0,1.0,H,0.0
21/09/14,1415,Napoli,Udinese,Away,3.0,0.0,1.0,H,0.0
21/09/16,1617,Napoli,Genoa,Away,3.0,0.0,0.0,D,0.0
21/09/2024,2425,Napoli,Juventus,Away,1.0,0.0,0.0,D,0.0
21/10/17,1718,Napoli,Inter,Home,3.0,0.0,0.0,D,0.0
21/10/2023,2324,Napoli,Verona,Away,10.0,3.0,1.0,A,0.0
21/11/10,1011,Napoli,Bologna,Home,12.0,4.0,1.0,H,0.0
21/11/2021,2122,Napoli,Inter,Away,3.0,2.0,3.0,H,0.0
21/12/08,809,Napoli,Torino,Away,5.0,0.0,1.0,H,0.0
21/12/11,1112,Napoli,Genoa,Home,9.0,6.0,1.0,H,0.0
21/12/13,1314,Napoli,Cagliari,Away,2.0,1.0,1.0,D,0.0
21/12/2024,2425,Napoli,Genoa,Away,2.0,2.0,1.0,A,0.0
22/01/12,1112,Napoli,Siena,Away,7.0,1.0,1.0,D,0.0
22/02/09,809,Napoli,Genoa,Home,1.0,0.0,1.0,A,0.0
22/02/16,1516,Napoli,Milan,Home,4.0,1.0,1.0,D,0.0
22/02/2026,2526,Napoli,Atalanta,Away,4.0,1.0,2.0,H,0.0
22/03/08,708,Napoli,Reggina,Away,3.0,1.0,1.0,D,0.0
22/03/09,809,Napoli,Milan,Home,4.0,0.0,0.0,D,0.0
22/03/15,1415,Napoli,Atalanta,Home,9.0,1.0,1.0,D,0.0
22/04/18,1718,Napoli,Juventus,Away,4.0,1.0,0.0,A,0.0
22/04/2019,1819,Napoli,Atalanta,Home,9.0,1.0,2.0,A,0.0
22/04/2021,2021,Napoli,Lazio,Home,8.0,5.0,2.0,H,0.0
22/05/11,1011,Napoli,Juventus,Away,5.0,2.0,2.0,D,0.0
22/05/2022,2122,Napoli,Spezia,Away,4.0,3.0,0.0,A,0.0
22/07/2020,1920,Napoli,Parma,Away,4.0,1.0,2.0,H,0.0
22/08/2021,2122,Napoli,Venezia,Home,4.0,2.0,0.0,H,1.0
22/09/10,1011,Napoli,Chievo,Home,6.0,1.0,3.0,A,0.0
22/09/13,1314,Napoli,Milan,Away,3.0,2.0,1.0,A,0.0
22/09/2019,1920,Napoli,Lecce,Away,10.0,4.0,1.0,A,0.0
22/09/2025,2526,Napoli,Pisa,Home,6.0,3.0,2.0,H,0.0
22/11/09,910,Napoli,Lazio,Home,3.0,0.0,0.0,D,0.0
22/11/15,1516,Napoli,Verona,Away,10.0,2.0,0.0,A,0.0
22/11/2020,2021,Napoli,Milan,Home,9.0,1.0,3.0,A,1.0
22/11/2025,2526,Napoli,Atalanta,Home,6.0,3.0,1.0,H,0.0
22/12/12,1213,Napoli,Siena,Away,5.0,2.0,0.0,A,0.0
22/12/16,1617,Napoli,Fiorentina,Away,8.0,3.0,3.0,D,0.0
22/12/2018,1819,Napoli,Spal,Home,8.0,1.0,0.0,H,0.0
22/12/2019,1920,Napoli,Sassuolo,Away,11.0,2.0,1.0,A,0.0
22/12/2021,2122,Napoli,Spezia,Home,7.0,0.0,1.0,A,0.0
23/01/11,1011,Napoli,Bari,Away,3.0,2.0,0.0,A,0.0
23/01/2022,2122,Napoli,Salernitana,Home,14.0,4.0,1.0,H,0.0
23/02/15,1415,Napoli,Sassuolo,Home,3.0,2.0,0.0,H,1.0
23/02/2025,2425,Napoli,Como,Away,4.0,1.0,2.0,H,0.0
23/03/14,1314,Napoli,Fiorentina,Home,5.0,0.0,1.0,A,1.0
23/04/11,1011,Napoli,Palermo,Away,3.0,1.0,2.0,H,0.0
23/04/17,1617,Napoli,Sassuolo,Away,6.0,2.0,2.0,D,0.0
23/04/2023,2223,Napoli,Juventus,Away,6.0,1.0,0.0,A,0.0
23/05/15,1415,Napoli,Juventus,Away,7.0,1.0,3.0,H,1.0
23/05/2021,2021,Napoli,Verona,Home,3.0,1.0,1.0,D,0.0
23/05/2025,2425,Napoli,Cagliari,Home,6.0,2.0,0.0,H,0.0
23/06/2020,1920,Napoli,Verona,Away,8.0,2.0,0.0,A,0.0
23/08/09,910,Napoli,Palermo,Away,4.0,1.0,2.0,H,0.0
23/08/15,1516,Napoli,Sassuolo,Away,3.0,1.0,2.0,H,0.0
23/08/2025,2526,Napoli,Sassuolo,Away,4.0,2.0,0.0,A,0.0
23/09/07,708,Napoli,Empoli,Away,3.0,0.0,0.0,D,0.0
23/09/09,910,Napoli,Inter,Away,4.0,1.0,3.0,H,0.0
23/09/12,1213,Napoli,Catania,Away,6.0,0.0,0.0,D,0.0
23/09/15,1516,Napoli,Carpi,Away,4.0,0.0,0.0,D,0.0
23/09/17,1718,Napoli,Spal,Away,12.0,3.0,2.0,A,0.0
23/09/2018,1819,Napoli,Torino,Away,8.0,3.0,1.0,A,0.0
23/09/2021,2122,Napoli,Sampdoria,Away,9.0,4.0,0.0,A,0.0
23/10/11,1112,Napoli,Cagliari,Away,4.0,0.0,0.0,D,0.0
23/10/16,1617,Napoli,Crotone,Away,8.0,2.0,1.0,A,1.0
23/10/2022,2223,Napoli,Roma,Away,5.0,1.0,0.0,A,0.0
23/11/08,809,Napoli,Cagliari,Home,6.0,2.0,2.0,D,0.0
23/11/13,1314,Napoli,Parma,Home,4.0,0.0,1.0,A,0.0
23/11/14,1415,Napoli,Cagliari,Home,6.0,3.0,3.0,D,0.0
23/11/2019,1920,Napoli,Milan,Away,6.0,1.0,1.0,D,0.0
23/12/07,708,Napoli,Torino,Home,6.0,1.0,1.0,D,0.0
23/12/17,1718,Napoli,Sampdoria,Home,9.0,3.0,2.0,H,1.0
23/12/2020,2021,Napoli,Torino,Home,6.0,1.0,1.0,D,0.0
23/12/2023,2324,Napoli,Roma,Away,2.0,0.0,2.0,H,2.0
24/01/10,910,Napoli,Livorno,Away,4.0,2.0,0.0,A,0.0
24/01/16,1516,Napoli,Sampdoria,Away,9.0,4.0,2.0,A,0.0
24/01/2021,2021,Napoli,Verona,Away,4.0,1.0,3.0,H,0.0
24/02/08,708,Napoli,Livorno,Away,6.0,2.0,1.0,A,0.0
24/02/14,1314,Napoli,Genoa,Home,3.0,1.0,1.0,D,0.0
24/02/2019,1819,Napoli,Parma,Away,5.0,4.0,0.0,A,0.0
24/04/2022,2122,Napoli,Empoli,Away,2.0,2.0,3.0,H,0.0
24/04/2026,2526,Napoli,Cremonese,Home,9.0,4.0,0.0,H,0.0
24/05/09,809,Napoli,Catania,Away,4.0,1.0,3.0,H,1.0
24/05/2026,2526,Napoli,Udinese,Home,6.0,1.0,0.0,H,0.0
24/08/2019,1920,Napoli,Fiorentina,Away,6.0,4.0,3.0,A,0.0
24/09/08,809,Napoli,Palermo,Home,4.0,2.0,1.0,H,0.0
24/09/11,1112,Napoli,Fiorentina,Home,3.0,0.0,0.0,D,0.0
24/09/14,1415,Napoli,Palermo,Home,8.0,3.0,3.0,D,0.0
24/09/16,1617,Napoli,Chievo,Home,5.0,2.0,0.0,H,0.0
24/09/2023,2324,Napoli,Bologna,Away,4.0,0.0,0.0,D,0.0
24/10/2021,2122,Napoli,Roma,Away,3.0,0.0,0.0,D,0.0
24/11/2024,2425,Napoli,Roma,Home,2.0,1.0,0.0,H,0.0
25/01/09,809,Napoli,Roma,Home,4.0,0.0,3.0,A,0.0
25/01/14,1314,Napoli,Chievo,Home,4.0,1.0,1.0,D,0.0
25/01/2025,2425,Napoli,Juventus,Home,3.0,2.0,1.0,H,0.0
25/01/2026,2526,Napoli,Juventus,Away,1.0,0.0,3.0,H,0.0
25/02/13,1213,Napoli,Udinese,Away,1.0,0.0,0.0,D,0.0
25/02/17,1617,Napoli,Atalanta,Home,8.0,0.0,2.0,A,0.0
25/02/2023,2223,Napoli,Empoli,Away,6.0,2.0,0.0,A,1.0
25/02/2024,2324,Napoli,Cagliari,Away,4.0,1.0,1.0,D,0.0
25/03/10,910,Napoli,Juventus,Home,6.0,3.0,1.0,H,0.0
25/03/12,1112,Napoli,Catania,Home,5.0,2.0,2.0,D,0.0
25/04/10,910,Napoli,Cagliari,Home,7.0,0.0,0.0,D,0.0
25/04/12,1112,Napoli,Lecce,Away,4.0,2.0,0.0,A,0.0
25/04/16,1516,Napoli,Roma,Away,4.0,0.0,1.0,H,0.0
25/05/2019,1819,Napoli,Bologna,Away,8.0,2.0,3.0,H,0.0
25/07/2020,1920,Napoli,Sassuolo,Home,9.0,2.0,0.0,H,0.0
25/08/13,1314,Napoli,Bologna,Home,6.0,3.0,0.0,H,0.0
25/08/2018,1819,Napoli,Milan,Home,13.0,3.0,2.0,H,0.0
25/08/2024,2425,Napoli,Bologna,Home,5.0,3.0,0.0,H,0.0
25/09/13,1314,Napoli,Sassuolo,Home,8.0,1.0,1.0,D,0.0
25/09/2019,1920,Napoli,Cagliari,Home,8.0,0.0,1.0,A,1.0
25/10/09,910,Napoli,Fiorentina,Away,7.0,1.0,0.0,A,0.0
25/10/10,1011,Napoli,Milan,Home,5.0,1.0,2.0,A,1.0
25/10/15,1516,Napoli,Chievo,Away,4.0,1.0,0.0,A,0.0
25/10/17,1718,Napoli,Genoa,Away,6.0,3.0,2.0,A,0.0
25/10/2020,2021,Napoli,Benevento,Away,8.0,2.0,1.0,A,0.0
25/10/2025,2526,Napoli,Inter,Home,3.0,3.0,1.0,H,0.0
25/11/07,708,Napoli,Catania,Home,10.0,2.0,0.0,H,0.0
25/11/2018,1819,Napoli,Chievo,Home,10.0,0.0,0.0,D,0.0
25/11/2023,2324,Napoli,Atalanta,Away,4.0,2.0,1.0,A,0.0
26/01/15,1415,Napoli,Genoa,Home,5.0,2.0,1.0,H,0.0
26/01/2019,1819,Napoli,Milan,Away,8.0,0.0,0.0,D,1.0
26/01/2020,1920,Napoli,Juventus,Home,4.0,2.0,1.0,H,0.0
26/02/12,1112,Napoli,Inter,Home,5.0,1.0,0.0,H,1.0
26/02/18,1718,Napoli,Cagliari,Away,8.0,5.0,0.0,A,0.0
26/03/14,1314,Napoli,Catania,Away,8.0,4.0,2.0,A,0.0
26/04/09,809,Napoli,Inter,Home,7.0,1.0,0.0,H,0.0
26/04/14,1314,Napoli,Inter,Away,1.0,0.0,0.0,D,0.0
26/04/15,1415,Napoli,Sampdoria,Home,11.0,4.0,2.0,H,0.0
26/04/2021,2021,Napoli,Torino,Away,10.0,2.0,0.0,A,0.0
26/05/2024,2324,Napoli,Lecce,Home,5.0,0.0,0.0,D,0.0
26/08/07,708,Napoli,Cagliari,Home,5.0,0.0,2.0,A,0.0
26/08/12,1213,Napoli,Palermo,Away,3.0,3.0,0.0,A,0.0
26/09/07,708,Napoli,Livorno,Home,9.0,1.0,0.0,H,0.0
26/09/10,1011,Napoli,Cesena,Away,11.0,4.0,1.0,A,0.0
26/09/12,1213,Napoli,Lazio,Home,7.0,3.0,0.0,H,0.0
26/09/15,1516,Napoli,Juventus,Home,5.0,2.0,1.0,H,0.0
26/09/2018,1819,Napoli,Parma,Home,8.0,3.0,0.0,H,0.0
26/09/2021,2122,Napoli,Cagliari,Home,7.0,2.0,0.0,H,0.0
26/10/08,809,Napoli,Lazio,Away,2.0,1.0,0.0,A,0.0
26/10/11,1112,Napoli,Udinese,Home,4.0,2.0,0.0,H,0.0
26/10/14,1415,Napoli,Verona,Home,16.0,6.0,2.0,H,0.0
26/10/16,1617,Napoli,Empoli,Home,10.0,2.0,0.0,H,0.0
26/10/2024,2425,Napoli,Lecce,Home,8.0,1.0,0.0,H,0.0
26/11/11,1112,Napoli,Atalanta,Away,1.0,1.0,1.0,D,0.0
26/11/12,1213,Napoli,Cagliari,Away,4.0,1.0,0.0,A,0.0
26/11/17,1718,Napoli,Udinese,Away,4.0,1.0,0.0,A,0.0
26/12/2018,1819,Napoli,Inter,Away,4.0,0.0,1.0,H,2.0
27/01/08,708,Napoli,Cagliari,Away,4.0,1.0,2.0,H,0.0
27/01/13,1213,Napoli,Parma,Away,8.0,2.0,1.0,A,0.0
27/02/08,708,Napoli,Genoa,Away,1.0,0.0,2.0,H,1.0
27/02/2022,2122,Napoli,Lazio,Away,7.0,2.0,1.0,A,0.0
27/04/08,708,Napoli,Siena,Home,4.0,0.0,0.0,D,0.0
27/04/13,1213,Napoli,Pescara,Away,10.0,3.0,0.0,A,0.0
27/04/2025,2425,Napoli,Torino,Home,2.0,2.0,0.0,H,0.0
27/08/16,1617,Napoli,Milan,Home,8.0,4.0,2.0,H,0.0
27/08/17,1718,Napoli,Atalanta,Home,4.0,3.0,1.0,H,0.0
27/08/2023,2324,Napoli,Sassuolo,Home,5.0,2.0,0.0,H,0.0
27/09/09,910,Napoli,Siena,Home,5.0,2.0,1.0,H,0.0
27/09/2020,2021,Napoli,Genoa,Home,11.0,6.0,0.0,H,0.0
27/09/2023,2324,Napoli,Udinese,Home,10.0,4.0,1.0,H,0.0
27/10/07,708,Napoli,Juventus,Home,6.0,3.0,1.0,H,0.0
27/10/13,1314,Napoli,Torino,Home,7.0,2.0,0.0,H,0.0
27/10/2019,1920,Napoli,Spal,Away,4.0,1.0,1.0,D,0.0
28/01/09,809,Napoli,Fiorentina,Away,5.0,1.0,2.0,H,1.0
28/01/18,1718,Napoli,Bologna,Home,4.0,3.0,1.0,H,0.0
28/01/2024,2324,Napoli,Lazio,Away,0.0,0.0,0.0,D,0.0
28/02/09,809,Napoli,Juventus,Away,2.0,0.0,1.0,H,0.0
28/02/10,910,Napoli,Roma,Home,6.0,2.0,2.0,D,0.0
28/02/11,1011,Napoli,Milan,Away,0.0,0.0,3.0,H,0.0
28/02/2021,2021,Napoli,Benevento,Home,8.0,2.0,0.0,H,1.0
28/02/2024,2324,Napoli,Sassuolo,Away,9.0,6.0,1.0,A,0.0
28/02/2026,2526,Napoli,Verona,Away,5.0,2.0,1.0,A,0.0
28/03/10,910,Napoli,Catania,Home,5.0,1.0,0.0,H,0.0
28/04/12,1112,Napoli,Roma,Away,6.0,2.0,2.0,D,0.0
28/04/2019,1819,Napoli,Frosinone,Away,13.0,2.0,0.0,A,0.0
28/04/2024,2324,Napoli,Roma,Home,9.0,2.0,2.0,D,0.0
28/05/17,1617,Napoli,Sampdoria,Away,7.0,4.0,2.0,A,0.0
28/05/2023,2223,Napoli,Bologna,Away,8.0,2.0,2.0,D,0.0
28/06/2020,1920,Napoli,Spal,Home,11.0,3.0,1.0,H,0.0
28/07/2020,1920,Napoli,Inter,Away,2.0,0.0,2.0,H,0.0
28/08/2022,2223,Napoli,Fiorentina,Away,2.0,0.0,0.0,D,0.0
28/09/08,809,Napoli,Bologna,Away,1.0,1.0,0.0,A,0.0
28/09/13,1314,Napoli,Genoa,Away,3.0,2.0,0.0,A,0.0
28/09/14,1415,Napoli,Sassuolo,Away,3.0,1.0,0.0,A,0.0
28/09/2025,2526,Napoli,Milan,Away,7.0,1.0,2.0,H,0.0
28/10/09,910,Napoli,Milan,Home,10.0,2.0,2.0,D,0.0
28/10/12,1213,Napoli,Chievo,Home,6.0,1.0,0.0,H,0.0
28/10/15,1516,Napoli,Palermo,Home,8.0,2.0,0.0,H,0.0
28/10/2018,1819,Napoli,Roma,Home,6.0,1.0,1.0,D,0.0
28/10/2021,2122,Napoli,Bologna,Home,6.0,3.0,0.0,H,0.0
28/10/2025,2526,Napoli,Lecce,Away,3.0,1.0,0.0,A,0.0
28/11/10,1011,Napoli,Udinese,Away,5.0,1.0,3.0,H,0.0
28/11/16,1617,Napoli,Sassuolo,Home,6.0,1.0,1.0,D,0.0
28/11/2021,2122,Napoli,Lazio,Home,8.0,4.0,0.0,H,0.0
28/12/2025,2526,Napoli,Cremonese,Away,8.0,2.0,0.0,A,0.0
29/01/12,1112,Napoli,Genoa,Away,5.0,2.0,3.0,H,0.0
29/01/17,1617,Napoli,Palermo,Home,10.0,1.0,1.0,D,0.0
29/01/2023,2223,Napoli,Roma,Home,6.0,2.0,1.0,H,0.0
29/02/16,1516,Napoli,Fiorentina,Away,5.0,1.0,1.0,D,0.0
29/02/2020,1920,Napoli,Torino,Home,10.0,2.0,1.0,H,0.0
29/04/18,1718,Napoli,Fiorentina,Away,1.0,0.0,3.0,H,1.0
29/08/10,1011,Napoli,Fiorentina,Away,2.0,1.0,1.0,D,1.0
29/08/2021,2122,Napoli,Genoa,Away,8.0,2.0,1.0,A,0.0
29/09/2018,1819,Napoli,Juventus,Away,6.0,1.0,3.0,H,1.0
29/09/2019,1920,Napoli,Brescia,Home,7.0,2.0,1.0,H,0.0
29/09/2024,2425,Napoli,Monza,Home,2.0,2.0,0.0,H,0.0
29/10/08,809,Napoli,Reggina,Home,4.0,3.0,0.0,H,0.0
29/10/11,1112,Napoli,Catania,Away,4.0,1.0,2.0,H,1.0
29/10/14,1415,Napoli,Atalanta,Away,6.0,1.0,1.0,D,0.0
29/10/16,1617,Napoli,Juventus,Away,2.0,1.0,2.0,H,0.0
29/10/17,1718,Napoli,Sassuolo,Home,9.0,3.0,1.0,H,0.0
29/10/2022,2223,Napoli,Sassuolo,Home,6.0,4.0,0.0,H,0.0
29/10/2023,2324,Napoli,Milan,Home,4.0,2.0,2.0,D,1.0
29/10/2024,2425,Napoli,Milan,Away,4.0,2.0,0.0,A,0.0
29/11/09,910,Napoli,Parma,Away,4.0,1.0,1.0,D,1.0
29/11/11,1112,Napoli,Juventus,Home,7.0,3.0,3.0,D,0.0
29/11/2020,2021,Napoli,Roma,Home,9.0,4.0,0.0,H,0.0
29/12/17,1718,Napoli,Crotone,Away,7.0,1.0,0.0,A,0.0
29/12/2018,1819,Napoli,Bologna,Home,9.0,3.0,2.0,H,0.0
29/12/2023,2324,Napoli,Monza,Home,9.0,0.0,0.0,D,0.0
29/12/2024,2425,Napoli,Venezia,Home,8.0,1.0,0.0,H,0.0
30/01/10,910,Napoli,Genoa,Home,4.0,0.0,0.0,D,0.0
30/01/11,1011,Napoli,Sampdoria,Home,9.0,4.0,0.0,H,0.0
30/03/08,708,Napoli,Palermo,Home,4.0,1.0,0.0,H,0.0
30/03/13,1213,Napoli,Torino,Away,8.0,5.0,3.0,A,0.0
30/03/14,1314,Napoli,Juventus,Home,7.0,2.0,0.0,H,0.0
30/03/2024,2324,Napoli,Atalanta,Home,6.0,0.0,3.0,A,0.0
30/03/2025,2425,Napoli,Milan,Home,3.0,2.0,1.0,H,0.0
30/04/11,1011,Napoli,Genoa,Home,5.0,1.0,0.0,H,0.0
30/04/15,1415,Napoli,Empoli,Away,5.0,2.0,4.0,H,0.0
30/04/17,1617,Napoli,Inter,Away,4.0,1.0,0.0,A,0.0
30/04/2022,2122,Napoli,Sassuolo,Home,8.0,6.0,1.0,H,0.0
30/04/2023,2223,Napoli,Salernitana,Home,8.0,1.0,1.0,D,0.0
30/08/09,910,Napoli,Livorno,Home,5.0,3.0,1.0,H,0.0
30/08/15,1516,Napoli,Sampdoria,Home,7.0,2.0,2.0,D,0.0
30/08/2025,2526,Napoli,Cagliari,Home,6.0,1.0,0.0,H,0.0
30/09/07,708,Napoli,Genoa,Home,3.0,1.0,2.0,A,0.0
30/09/12,1213,Napoli,Sampdoria,Away,4.0,1.0,0.0,A,0.0
30/09/2023,2324,Napoli,Lecce,Away,6.0,4.0,0.0,A,0.0
30/10/13,1314,Napoli,Fiorentina,Away,2.0,2.0,1.0,A,1.0
30/10/2019,1920,Napoli,Atalanta,Home,11.0,2.0,2.0,D,0.0
30/11/08,809,Napoli,Inter,Away,2.0,1.0,2.0,H,0.0
30/11/15,1516,Napoli,Inter,Home,4.0,2.0,1.0,H,0.0
30/11/2025,2526,Napoli,Roma,Away,5.0,1.0,0.0,A,0.0
31/01/09,809,Napoli,Udinese,Home,2.0,2.0,2.0,D,0.0
31/01/16,1516,Napoli,Empoli,Home,6.0,5.0,1.0,H,0.0
31/01/2021,2021,Napoli,Parma,Home,6.0,2.0,0.0,H,0.0
31/01/2026,2526,Napoli,Fiorentina,Home,6.0,2.0,1.0,H,0.0
31/03/18,1718,Napoli,Sassuolo,Away,4.0,1.0,1.0,D,0.0
31/03/2019,1819,Napoli,Roma,Away,10.0,4.0,1.0,A,0.0
31/05/09,809,Napoli,Chievo,Home,5.0,3.0,0.0,H,0.0
31/05/15,1415,Napoli,Lazio,Home,7.0,2.0,4.0,A,1.0
31/08/08,809,Napoli,Roma,Away,5.0,1.0,1.0,D,1.0
31/08/13,1314,Napoli,Chievo,Away,8.0,4.0,2.0,A,0.0
31/08/14,1415,Napoli,Genoa,Away,5.0,2.0,1.0,A,0.0
31/08/2019,1920,Napoli,Juventus,Away,7.0,3.0,4.0,H,0.0
31/08/2022,2223,Napoli,Lecce,Home,7.0,1.0,1.0,D,0.0
31/08/2024,2425,Napoli,Parma,Home,7.0,2.0,1.0,H,0.0
31/10/07,708,Napoli,Fiorentina,Away,2.0,0.0,1.0,H,0.0
31/10/09,910,Napoli,Juventus,Away,5.0,3.0,2.0,A,0.0
31/10/10,1011,Napoli,Brescia,Away,5.0,1.0,0.0,A,0.0
31/10/12,1213,Napoli,Atalanta,Away,7.0,0.0,1.0,H,0.0
31/10/2021,2122,Napoli,Salernitana,Away,3.0,1.0,0.0,A,1.0
01/04/12,1112,Novara,Roma,Away,6.0,2.0,5.0,H,0.0
02/02/12,1112,Novara,Chievo,Home,4.0,1.0,2.0,A,0.0
02/05/12,1112,Novara,Fiorentina,Away,2.0,2.0,2.0,D,0.0
02/10/11,1112,Novara,Catania,Home,7.0,3.0,3.0,D,0.0
04/03/12,1112,Novara,Bologna,Away,0.0,0.0,1.0,H,1.0
05/02/12,1112,Novara,Cagliari,Home,4.0,0.0,0.0,D,0.0
05/11/11,1112,Novara,Roma,Home,2.0,0.0,2.0,A,0.0
05/12/11,1112,Novara,Lazio,Away,4.0,0.0,3.0,H,0.0
06/05/12,1112,Novara,Cesena,Home,6.0,3.0,0.0,H,0.0
07/04/12,1112,Novara,Genoa,Home,3.0,1.0,1.0,D,1.0
08/01/12,1112,Novara,Fiorentina,Home,0.0,0.0,3.0,A,0.0
11/03/12,1112,Novara,Udinese,Home,5.0,1.0,0.0,H,0.0
11/04/12,1112,Novara,Parma,Away,4.0,0.0,2.0,H,0.0
11/09/11,1112,Novara,Chievo,Away,4.0,2.0,2.0,D,0.0
11/12/11,1112,Novara,Napoli,Home,2.0,1.0,1.0,D,0.0
12/02/12,1112,Novara,Inter,Away,3.0,1.0,0.0,A,1.0
13/05/12,1112,Novara,Milan,Away,3.0,1.0,2.0,H,0.0
15/01/12,1112,Novara,Cesena,Away,6.0,1.0,3.0,H,0.0
16/10/11,1112,Novara,Bologna,Home,2.0,0.0,2.0,A,0.0
17/09/11,1112,Novara,Cagliari,Away,4.0,1.0,2.0,H,0.0
18/03/12,1112,Novara,Siena,Away,3.0,2.0,0.0,A,0.0
18/12/11,1112,Novara,Juventus,Away,3.0,0.0,2.0,H,0.0
19/02/12,1112,Novara,Atalanta,Home,4.0,0.0,0.0,D,1.0
20/09/11,1112,Novara,Inter,Home,9.0,3.0,1.0,H,0.0
20/11/11,1112,Novara,Genoa,Away,2.0,0.0,1.0,H,1.0
21/04/12,1112,Novara,Napoli,Away,2.0,0.0,2.0,H,0.0
21/12/11,1112,Novara,Palermo,Home,5.0,2.0,2.0,D,0.0
22/01/12,1112,Novara,Milan,Home,2.0,0.0,3.0,A,0.0
23/10/11,1112,Novara,Udinese,Away,5.0,0.0,3.0,H,0.0
25/03/12,1112,Novara,Lecce,Home,4.0,0.0,0.0,D,0.0
25/04/12,1112,Novara,Lazio,Home,6.0,2.0,1.0,H,0.0
25/09/11,1112,Novara,Atalanta,Away,3.0,1.0,2.0,H,0.0
26/02/12,1112,Novara,Catania,Away,4.0,1.0,3.0,H,0.0
26/10/11,1112,Novara,Siena,Home,6.0,1.0,1.0,D,0.0
26/11/11,1112,Novara,Parma,Home,6.0,2.0,1.0,H,1.0
29/01/12,1112,Novara,Palermo,Away,2.0,0.0,2.0,H,0.0
29/04/12,1112,Novara,Juventus,Home,2.0,0.0,4.0,A,0.0
30/10/11,1112,Novara,Lecce,Away,3.0,1.0,1.0,D,0.0
01/02/09,809,Palermo,Genoa,Away,1.0,0.0,1.0,H,0.0
01/02/12,1112,Palermo,Inter,Away,5.0,4.0,4.0,D,0.0
01/02/15,1415,Palermo,Verona,Home,5.0,2.0,1.0,H,0.0
01/03/09,809,Palermo,Catania,Home,12.0,0.0,4.0,A,1.0
01/03/15,1415,Palermo,Empoli,Home,3.0,0.0,0.0,D,0.0
01/04/07,607,Palermo,Torino,Away,5.0,0.0,0.0,D,0.0
01/04/12,1112,Palermo,Bologna,Away,3.0,3.0,1.0,A,1.0
01/05/11,1011,Palermo,Parma,Away,6.0,1.0,3.0,H,0.0
01/05/12,1112,Palermo,Napoli,Away,4.0,0.0,2.0,H,0.0
01/05/16,1516,Palermo,Sampdoria,Home,4.0,2.0,0.0,H,0.0
01/10/06,607,Palermo,Chievo,Away,3.0,1.0,0.0,A,0.0
01/11/09,910,Palermo,Genoa,Home,6.0,0.0,0.0,D,0.0
02/02/07,607,Palermo,Catania,Away,6.0,2.0,1.0,A,0.0
02/02/08,708,Palermo,Livorno,Home,6.0,1.0,0.0,H,0.0
02/02/11,1011,Palermo,Juventus,Home,3.0,2.0,1.0,H,0.0
02/03/08,708,Palermo,Reggina,Away,1.0,0.0,0.0,D,0.0
02/04/06,506,Palermo,Ascoli,Home,4.0,1.0,1.0,D,1.0
02/04/17,1617,Palermo,Cagliari,Home,5.0,1.0,3.0,A,0.0
02/05/10,910,Palermo,Siena,Away,5.0,2.0,1.0,A,0.0
02/05/15,1415,Palermo,Sassuolo,Away,2.0,0.0,0.0,D,0.0
02/09/07,708,Palermo,Livorno,Away,8.0,4.0,2.0,A,0.0
02/09/12,1213,Palermo,Lazio,Away,2.0,0.0,3.0,H,0.0
02/10/05,506,Palermo,Empoli,Home,10.0,2.0,2.0,D,0.0
02/10/11,1112,Palermo,Siena,Home,5.0,2.0,0.0,H,1.0
02/10/16,1617,Palermo,Sampdoria,Away,2.0,1.0,1.0,D,1.0
02/11/08,809,Palermo,Chievo,Home,3.0,3.0,0.0,H,1.0
02/11/14,1415,Palermo,Milan,Away,7.0,2.0,0.0,A,0.0
02/11/15,1516,Palermo,Empoli,Home,4.0,0.0,1.0,A,0.0
02/12/07,708,Palermo,Catania,Away,5.0,1.0,3.0,H,1.0
02/12/12,1213,Palermo,Inter,Away,1.0,0.0,1.0,H,0.0
03/02/13,1213,Palermo,Atalanta,Home,6.0,1.0,2.0,A,0.0
03/02/16,1516,Palermo,Milan,Home,2.0,0.0,2.0,A,0.0
03/03/12,1112,Palermo,Milan,Home,4.0,0.0,4.0,A,0.0
03/03/13,1213,Palermo,Torino,Away,2.0,0.0,0.0,D,0.0
03/04/10,910,Palermo,Catania,Away,6.0,0.0,2.0,H,0.0
03/04/11,1011,Palermo,Catania,Away,4.0,0.0,4.0,H,0.0
03/04/16,1516,Palermo,Chievo,Away,4.0,1.0,3.0,H,0.0
03/05/09,809,Palermo,Cagliari,Home,13.0,5.0,1.0,H,0.0
03/10/10,1011,Palermo,Fiorentina,Away,6.0,2.0,1.0,A,0.0
03/12/06,607,Palermo,Parma,Away,3.0,0.0,0.0,D,0.0
04/03/07,607,Palermo,Messina,Away,5.0,0.0,2.0,H,1.0
04/04/15,1415,Palermo,Milan,Home,3.0,1.0,2.0,A,0.0
04/05/08,708,Palermo,Lazio,Away,2.0,2.0,1.0,A,0.0
04/10/09,910,Palermo,Juventus,Home,8.0,2.0,0.0,H,0.0
04/10/15,1516,Palermo,Roma,Home,5.0,2.0,4.0,A,0.0
04/11/07,708,Palermo,Genoa,Away,4.0,3.0,3.0,D,0.0
04/11/12,1213,Palermo,Roma,Away,7.0,1.0,4.0,H,0.0
04/12/05,506,Palermo,Cagliari,Home,,2.0,2.0,D,0.0
04/12/11,1112,Palermo,Parma,Away,3.0,0.0,0.0,D,0.0
04/12/16,1617,Palermo,Fiorentina,Away,2.0,1.0,2.0,H,0.0
05/02/06,506,Palermo,Reggina,Away,4.0,2.0,2.0,D,0.0
05/02/12,1112,Palermo,Atalanta,Home,11.0,2.0,1.0,H,0.0
05/02/17,1617,Palermo,Crotone,Home,4.0,1.0,0.0,H,0.0
05/03/06,506,Palermo,Lecce,Away,3.0,0.0,2.0,H,0.0
05/03/17,1617,Palermo,Torino,Away,3.0,1.0,3.0,H,1.0
05/04/09,809,Palermo,Torino,Home,3.0,1.0,0.0,H,0.0
05/05/13,1213,Palermo,Juventus,Away,1.0,0.0,1.0,H,0.0
05/10/08,809,Palermo,Juventus,Away,4.0,2.0,1.0,A,0.0
05/10/14,1415,Palermo,Empoli,Away,2.0,0.0,3.0,H,0.0
05/11/06,607,Palermo,Sampdoria,Home,6.0,2.0,0.0,H,0.0
05/11/11,1112,Palermo,Bologna,Home,6.0,3.0,1.0,H,0.0
06/01/10,910,Palermo,Sampdoria,Away,3.0,1.0,1.0,D,0.0
06/01/11,1011,Palermo,Sampdoria,Home,6.0,3.0,0.0,H,0.0
06/01/13,1213,Palermo,Parma,Away,6.0,1.0,2.0,H,0.0
06/01/15,1415,Palermo,Cagliari,Home,7.0,5.0,0.0,H,0.0
06/01/16,1516,Palermo,Fiorentina,Home,3.0,1.0,3.0,A,0.0
06/02/10,910,Palermo,Parma,Home,5.0,2.0,1.0,H,0.0
06/02/11,1011,Palermo,Lecce,Away,6.0,4.0,2.0,A,0.0
06/03/11,1011,Palermo,Lazio,Away,2.0,0.0,2.0,H,0.0
06/03/16,1516,Palermo,Inter,Away,4.0,1.0,3.0,H,0.0
06/04/08,708,Palermo,Juventus,Home,4.0,3.0,2.0,H,0.0
06/05/07,607,Palermo,Roma,Home,9.0,1.0,2.0,A,0.0
06/05/12,1112,Palermo,Chievo,Home,10.0,4.0,4.0,D,0.0
06/10/12,1213,Palermo,Genoa,Away,5.0,1.0,1.0,D,0.0
06/11/05,506,Palermo,Sampdoria,Home,7.0,0.0,2.0,A,0.0
06/11/16,1617,Palermo,Milan,Home,7.0,1.0,2.0,A,0.0
06/12/09,910,Palermo,Cagliari,Home,7.0,2.0,1.0,H,0.0
06/12/10,1011,Palermo,Napoli,Away,1.0,0.0,1.0,H,0.0
06/12/14,1415,Palermo,Torino,Away,3.0,2.0,2.0,D,0.0
06/12/15,1516,Palermo,Atalanta,Away,4.0,0.0,3.0,H,0.0
07/01/06,506,Palermo,Juventus,Home,6.0,1.0,2.0,A,0.0
07/01/17,1617,Palermo,Empoli,Away,4.0,0.0,1.0,H,0.0
07/02/16,1516,Palermo,Sassuolo,Away,2.0,2.0,2.0,D,1.0
07/03/10,910,Palermo,Livorno,Home,5.0,1.0,0.0,H,0.0
07/04/07,607,Palermo,Cagliari,Home,3.0,1.0,3.0,A,1.0
07/04/12,1112,Palermo,Juventus,Home,1.0,0.0,2.0,A,0.0
07/04/13,1213,Palermo,Sampdoria,Away,5.0,3.0,1.0,A,0.0
07/05/06,506,Palermo,Juventus,Away,4.0,1.0,2.0,H,0.0
07/05/11,1011,Palermo,Bari,Home,4.0,2.0,1.0,H,0.0
07/05/17,1617,Palermo,Chievo,Away,5.0,1.0,1.0,D,0.0
07/10/07,708,Palermo,Reggina,Home,8.0,1.0,1.0,D,1.0
07/11/10,1011,Palermo,Genoa,Home,4.0,1.0,0.0,H,0.0
07/12/08,809,Palermo,Cagliari,Away,7.0,0.0,1.0,H,0.0
08/01/12,1112,Palermo,Napoli,Home,3.0,1.0,3.0,A,0.0
08/02/06,506,Palermo,Lazio,Home,5.0,3.0,1.0,H,0.0
08/02/09,809,Palermo,Napoli,Home,5.0,2.0,1.0,H,0.0
08/02/15,1415,Palermo,Inter,Away,1.0,0.0,3.0,H,0.0
08/03/08,708,Palermo,Udinese,Home,9.0,1.0,1.0,D,0.0
08/03/09,809,Palermo,Fiorentina,Away,4.0,2.0,0.0,A,0.0
08/03/15,1415,Palermo,Cesena,Away,1.0,0.0,0.0,D,0.0
08/05/13,1213,Palermo,Udinese,Home,4.0,2.0,3.0,A,0.0
08/05/16,1516,Palermo,Fiorentina,Away,0.0,0.0,0.0,D,0.0
08/11/08,809,Palermo,Torino,Away,2.0,0.0,1.0,H,1.0
08/11/09,910,Palermo,Bologna,Away,3.0,1.0,3.0,H,0.0
08/11/15,1516,Palermo,Chievo,Home,3.0,1.0,0.0,H,0.0
08/12/07,708,Palermo,Fiorentina,Home,8.0,2.0,0.0,H,0.0
09/01/11,1011,Palermo,Chievo,Away,4.0,0.0,0.0,D,0.0
09/04/06,506,Palermo,Cagliari,Away,3.0,1.0,1.0,D,0.0
09/04/17,1617,Palermo,Milan,Away,2.0,0.0,4.0,H,1.0
09/05/10,910,Palermo,Sampdoria,Home,4.0,1.0,1.0,D,0.0
09/11/14,1415,Palermo,Udinese,Home,4.0,1.0,1.0,D,0.0
09/12/06,607,Palermo,Livorno,Home,9.0,3.0,0.0,H,0.0
09/12/12,1213,Palermo,Juventus,Home,1.0,0.0,1.0,A,1.0
10/01/10,910,Palermo,Atalanta,Home,2.0,1.0,0.0,H,0.0
10/01/16,1516,Palermo,Verona,Away,2.0,1.0,0.0,A,0.0
10/02/08,708,Palermo,Torino,Away,5.0,1.0,3.0,H,1.0
10/02/13,1213,Palermo,Pescara,Home,3.0,1.0,1.0,D,0.0
10/03/12,1112,Palermo,Roma,Home,6.0,0.0,1.0,A,0.0
10/03/13,1213,Palermo,Siena,Home,3.0,1.0,2.0,A,0.0
10/04/11,1011,Palermo,Cesena,Home,8.0,2.0,2.0,D,0.0
10/04/16,1516,Palermo,Lazio,Home,2.0,0.0,3.0,A,0.0
10/05/09,809,Palermo,Siena,Away,2.0,0.0,1.0,H,0.0
10/05/15,1415,Palermo,Atalanta,Home,8.0,2.0,3.0,A,0.0
10/09/05,506,Palermo,Inter,Home,13.0,3.0,2.0,H,0.0
10/09/06,607,Palermo,Reggina,Home,6.0,4.0,3.0,H,0.0
10/09/16,1617,Palermo,Napoli,Home,1.0,0.0,3.0,A,0.0
10/11/07,708,Palermo,Napoli,Home,5.0,2.0,1.0,H,0.0
10/11/10,1011,Palermo,Milan,Away,8.0,1.0,3.0,H,0.0
10/12/11,1112,Palermo,Cesena,Home,6.0,0.0,1.0,A,1.0
11/01/09,809,Palermo,Atalanta,Home,4.0,3.0,2.0,H,0.0
11/01/15,1415,Palermo,Fiorentina,Away,5.0,3.0,4.0,H,0.0
11/02/07,607,Palermo,Empoli,Home,5.0,0.0,1.0,A,0.0
11/02/12,1112,Palermo,Cagliari,Away,5.0,1.0,2.0,H,0.0
11/03/07,607,Palermo,Fiorentina,Home,2.0,1.0,1.0,D,1.0
11/04/09,809,Palermo,Inter,Away,4.0,2.0,2.0,D,0.0
11/04/10,910,Palermo,Chievo,Home,10.0,3.0,1.0,H,0.0
11/04/12,1112,Palermo,Fiorentina,Away,2.0,0.0,0.0,D,0.0
11/05/08,708,Palermo,Sampdoria,Home,4.0,0.0,2.0,A,0.0
11/09/11,1112,Palermo,Inter,Home,9.0,4.0,3.0,H,0.0
11/11/12,1213,Palermo,Sampdoria,Home,8.0,2.0,0.0,H,0.0
11/12/05,506,Palermo,Roma,Away,2.0,2.0,1.0,A,0.0
11/12/10,1011,Palermo,Parma,Home,4.0,3.0,1.0,H,0.0
11/12/16,1617,Palermo,Chievo,Home,3.0,0.0,2.0,A,0.0
12/02/06,506,Palermo,Empoli,Away,3.0,1.0,0.0,A,1.0
12/02/17,1617,Palermo,Atalanta,Home,5.0,1.0,3.0,A,0.0
12/03/06,506,Palermo,Udinese,Home,3.0,2.0,0.0,H,0.0
12/03/17,1617,Palermo,Roma,Home,3.0,0.0,3.0,A,0.0
12/04/08,708,Palermo,Catania,Home,5.0,1.0,0.0,H,0.0
12/04/15,1415,Palermo,Udinese,Away,5.0,3.0,1.0,A,0.0
12/05/13,1213,Palermo,Fiorentina,Away,2.0,0.0,1.0,H,0.0
12/09/10,1011,Palermo,Brescia,Away,11.0,2.0,3.0,H,0.0
12/11/06,607,Palermo,Torino,Home,11.0,3.0,0.0,H,0.0
12/12/15,1516,Palermo,Frosinone,Home,6.0,4.0,1.0,H,0.0
13/01/08,708,Palermo,Sampdoria,Away,2.0,0.0,3.0,H,0.0
13/01/13,1213,Palermo,Napoli,Away,3.0,0.0,3.0,H,0.0
13/02/10,910,Palermo,Roma,Away,7.0,1.0,4.0,H,0.0
13/02/11,1011,Palermo,Fiorentina,Home,5.0,2.0,4.0,A,0.0
13/03/11,1011,Palermo,Genoa,Away,3.0,0.0,1.0,H,0.0
13/03/16,1516,Palermo,Napoli,Home,1.0,0.0,1.0,A,0.0
13/05/07,607,Palermo,Ascoli,Away,4.0,2.0,3.0,H,1.0
13/05/12,1112,Palermo,Genoa,Away,4.0,0.0,2.0,H,0.0
13/09/08,809,Palermo,Roma,Home,6.0,3.0,1.0,H,0.0
13/09/09,910,Palermo,Bari,Home,10.0,1.0,1.0,D,0.0
13/09/15,1516,Palermo,Carpi,Home,6.0,2.0,2.0,D,0.0
13/12/09,910,Palermo,Milan,Away,4.0,2.0,0.0,A,0.0
13/12/14,1415,Palermo,Sassuolo,Home,4.0,2.0,1.0,H,0.0
14/01/06,506,Palermo,Messina,Away,2.0,0.0,0.0,D,0.0
14/01/07,607,Palermo,Udinese,Home,5.0,2.0,0.0,H,0.0
14/02/15,1415,Palermo,Napoli,Home,4.0,3.0,1.0,H,0.0
14/02/16,1516,Palermo,Torino,Home,5.0,1.0,3.0,A,0.0
14/03/10,910,Palermo,Udinese,Away,4.0,2.0,3.0,H,0.0
14/03/15,1415,Palermo,Juventus,Home,0.0,0.0,1.0,A,0.0
14/04/13,1213,Palermo,Bologna,Home,6.0,1.0,1.0,D,0.0
14/05/06,506,Palermo,Messina,Home,3.0,1.0,0.0,H,0.0
14/05/17,1617,Palermo,Genoa,Home,3.0,1.0,0.0,H,0.0
14/11/10,1011,Palermo,Catania,Home,8.0,3.0,1.0,H,0.0
14/12/08,809,Palermo,Siena,Home,12.0,2.0,0.0,H,0.0
15/01/12,1112,Palermo,Chievo,Away,2.0,0.0,1.0,H,0.0
15/01/17,1617,Palermo,Sassuolo,Away,3.0,1.0,4.0,H,0.0
15/02/09,809,Palermo,Reggina,Away,3.0,0.0,0.0,D,0.0
15/03/09,809,Palermo,Lecce,Home,7.0,5.0,2.0,H,0.0
15/04/06,506,Palermo,Roma,Home,7.0,3.0,3.0,D,0.0
15/04/07,607,Palermo,Inter,Away,7.0,2.0,2.0,D,0.0
15/04/17,1617,Palermo,Bologna,Home,2.0,0.0,0.0,D,0.0
15/05/11,1011,Palermo,Sampdoria,Away,5.0,2.0,1.0,A,0.0
15/05/16,1516,Palermo,Verona,Home,3.0,3.0,2.0,H,1.0
15/09/12,1213,Palermo,Cagliari,Home,3.0,1.0,1.0,D,0.0
15/09/14,1415,Palermo,Verona,Away,4.0,1.0,2.0,H,0.0
15/10/06,607,Palermo,Atalanta,Home,4.0,2.0,3.0,A,0.0
15/10/11,1112,Palermo,Milan,Away,0.0,0.0,3.0,H,0.0
15/11/08,809,Palermo,Inter,Home,6.0,0.0,2.0,A,0.0
15/12/12,1213,Palermo,Udinese,Away,9.0,1.0,1.0,D,0.0
16/01/11,1011,Palermo,Cagliari,Away,2.0,1.0,3.0,H,0.0
16/02/13,1213,Palermo,Chievo,Away,1.0,1.0,1.0,D,0.0
16/03/08,708,Palermo,Inter,Away,4.0,1.0,2.0,H,0.0
16/04/11,1011,Palermo,Roma,Away,4.0,3.0,2.0,A,0.0
16/05/10,910,Palermo,Atalanta,Away,9.0,2.0,1.0,A,0.0
16/09/07,708,Palermo,Torino,Home,3.0,1.0,1.0,D,0.0
16/10/05,506,Palermo,Chievo,Home,6.0,2.0,2.0,D,1.0
16/12/07,708,Palermo,Atalanta,Away,5.0,3.0,1.0,A,0.0
17/01/10,910,Palermo,Napoli,Away,3.0,0.0,0.0,D,0.0
17/01/15,1415,Palermo,Roma,Home,3.0,1.0,1.0,D,0.0
17/01/16,1516,Palermo,Genoa,Away,3.0,0.0,4.0,H,1.0
17/02/08,708,Palermo,Cagliari,Home,6.0,2.0,1.0,H,0.0
17/02/17,1617,Palermo,Juventus,Away,3.0,1.0,4.0,H,0.0
17/03/07,607,Palermo,Sampdoria,Away,2.0,1.0,1.0,D,0.0
17/03/13,1213,Palermo,Milan,Away,3.0,0.0,2.0,H,0.0
17/04/16,1516,Palermo,Juventus,Away,4.0,0.0,4.0,H,0.0
17/05/09,809,Palermo,Lazio,Home,3.0,2.0,0.0,H,0.0
17/05/15,1415,Palermo,Cagliari,Away,6.0,1.0,0.0,A,0.0
17/09/06,607,Palermo,Lazio,Away,5.0,2.0,1.0,A,0.0
17/10/10,1011,Palermo,Bologna,Home,11.0,4.0,1.0,H,0.0
17/10/16,1617,Palermo,Torino,Home,3.0,1.0,4.0,A,0.0
17/12/06,607,Palermo,Roma,Away,3.0,0.0,4.0,H,1.0
18/01/06,506,Palermo,Parma,Home,9.0,4.0,2.0,H,0.0
18/01/09,809,Palermo,Sampdoria,Away,4.0,2.0,0.0,A,0.0
18/02/07,607,Palermo,Chievo,Home,3.0,1.0,1.0,D,0.0
18/03/12,1112,Palermo,Lecce,Away,5.0,1.0,1.0,D,1.0
18/04/10,910,Palermo,Cagliari,Away,8.0,2.0,2.0,D,0.0
18/05/08,708,Palermo,Siena,Away,5.0,2.0,2.0,D,0.0
18/09/05,506,Palermo,Siena,Away,10.0,2.0,1.0,A,0.0
18/09/11,1112,Palermo,Atalanta,Away,0.0,0.0,1.0,H,0.0
18/09/16,1617,Palermo,Crotone,Away,5.0,1.0,1.0,D,0.0
18/10/09,910,Palermo,Livorno,Away,2.0,2.0,1.0,A,0.0
18/10/15,1516,Palermo,Bologna,Away,4.0,1.0,0.0,A,0.0
18/11/06,607,Palermo,Cagliari,Away,4.0,0.0,1.0,H,1.0
18/11/12,1213,Palermo,Bologna,Away,1.0,0.0,3.0,H,3.0
18/12/05,506,Palermo,Livorno,Home,4.0,0.0,2.0,A,1.0
18/12/11,1112,Palermo,Catania,Away,3.0,0.0,2.0,H,0.0
18/12/16,1617,Palermo,Genoa,Away,4.0,4.0,3.0,A,0.0
19/01/13,1213,Palermo,Lazio,Home,3.0,2.0,2.0,D,0.0
19/02/06,506,Palermo,Chievo,Away,1.0,0.0,0.0,D,0.0
19/02/11,1011,Palermo,Bologna,Away,4.0,0.0,1.0,H,1.0
19/02/12,1112,Palermo,Lazio,Home,6.0,5.0,1.0,H,0.0
19/03/06,506,Palermo,Sampdoria,Away,7.0,2.0,0.0,A,0.0
19/03/08,708,Palermo,Parma,Away,2.0,1.0,2.0,H,1.0
19/03/11,1011,Palermo,Milan,Home,6.0,1.0,0.0,H,0.0
19/03/16,1516,Palermo,Empoli,Away,2.0,0.0,0.0,D,0.0
19/03/17,1617,Palermo,Udinese,Away,2.0,1.0,4.0,H,1.0
19/04/08,708,Palermo,Fiorentina,Away,5.0,0.0,1.0,H,1.0
19/04/09,809,Palermo,Bologna,Home,10.0,4.0,1.0,H,0.0
19/04/15,1415,Palermo,Genoa,Home,7.0,2.0,1.0,H,0.0
19/05/13,1213,Palermo,Parma,Home,10.0,1.0,3.0,A,0.0
19/09/10,1011,Palermo,Inter,Home,5.0,1.0,2.0,A,0.0
19/09/15,1516,Palermo,Milan,Away,3.0,2.0,3.0,H,0.0
19/10/08,809,Palermo,Catania,Away,3.0,0.0,2.0,H,1.0
19/10/14,1415,Palermo,Cesena,Home,4.0,2.0,1.0,H,0.0
19/12/10,1011,Palermo,Bari,Away,6.0,1.0,1.0,D,0.0
20/01/07,607,Palermo,Reggina,Away,3.0,0.0,0.0,D,0.0
20/01/08,708,Palermo,Siena,Home,4.0,2.0,3.0,A,0.0
20/03/10,910,Palermo,Inter,Home,3.0,1.0,1.0,D,0.0
20/04/16,1516,Palermo,Atalanta,Home,3.0,2.0,2.0,D,1.0
20/05/07,607,Palermo,Siena,Home,5.0,2.0,1.0,H,0.0
20/09/06,607,Palermo,Catania,Home,9.0,5.0,3.0,H,1.0
20/09/09,910,Palermo,Parma,Away,6.0,0.0,1.0,H,0.0
20/11/05,506,Palermo,Treviso,Away,6.0,2.0,2.0,D,0.0
20/11/11,1112,Palermo,Juventus,Away,2.0,0.0,3.0,H,0.0
20/11/16,1617,Palermo,Bologna,Away,4.0,1.0,3.0,H,0.0
20/12/06,607,Palermo,Ascoli,Home,6.0,4.0,0.0,H,0.0
20/12/08,809,Palermo,Lazio,Away,2.0,0.0,1.0,H,1.0
20/12/09,910,Palermo,Siena,Home,8.0,1.0,0.0,H,0.0
20/12/15,1516,Palermo,Sampdoria,Away,5.0,0.0,2.0,H,0.0
21/01/06,506,Palermo,Inter,Away,5.0,0.0,3.0,H,0.0
21/02/09,809,Palermo,Juventus,Home,6.0,0.0,2.0,A,0.0
21/02/10,910,Palermo,Lazio,Home,4.0,3.0,1.0,H,0.0
21/02/16,1516,Palermo,Roma,Away,1.0,0.0,5.0,H,0.0
21/03/15,1415,Palermo,Chievo,Away,4.0,0.0,1.0,H,1.0
21/04/13,1213,Palermo,Catania,Away,4.0,1.0,1.0,D,0.0
21/08/16,1617,Palermo,Sassuolo,Home,2.0,0.0,1.0,A,1.0
21/09/05,506,Palermo,Reggina,Home,10.0,1.0,0.0,H,0.0
21/09/08,809,Palermo,Genoa,Home,5.0,2.0,1.0,H,0.0
21/09/11,1112,Palermo,Cagliari,Home,3.0,3.0,2.0,H,0.0
21/09/14,1415,Palermo,Inter,Home,2.0,1.0,1.0,D,0.0
21/09/16,1617,Palermo,Atalanta,Away,2.0,1.0,0.0,A,0.0
21/10/07,708,Palermo,Udinese,Away,3.0,1.0,1.0,D,0.0
21/10/12,1213,Palermo,Torino,Home,7.0,0.0,0.0,D,0.0
21/11/10,1011,Palermo,Cesena,Away,6.0,2.0,1.0,A,0.0
21/12/05,506,Palermo,Fiorentina,Away,6.0,0.0,1.0,H,0.0
21/12/11,1112,Palermo,Novara,Away,2.0,2.0,2.0,D,1.0
21/12/14,1415,Palermo,Atalanta,Away,5.0,3.0,3.0,D,0.0
22/01/11,1011,Palermo,Brescia,Home,8.0,1.0,0.0,H,0.0
22/01/12,1112,Palermo,Genoa,Home,8.0,5.0,3.0,H,0.0
22/01/17,1617,Palermo,Inter,Home,0.0,0.0,1.0,A,1.0
22/02/15,1415,Palermo,Lazio,Away,6.0,1.0,2.0,H,1.0
22/03/08,708,Palermo,Genoa,Home,8.0,2.0,3.0,A,0.0
22/03/09,809,Palermo,Chievo,Away,2.0,0.0,1.0,H,1.0
22/04/06,506,Palermo,Livorno,Away,6.0,1.0,3.0,H,0.0
22/04/07,607,Palermo,Parma,Home,5.0,3.0,4.0,A,1.0
22/04/12,1112,Palermo,Cesena,Away,5.0,2.0,2.0,D,0.0
22/05/11,1011,Palermo,Chievo,Home,4.0,1.0,3.0,A,0.0
22/05/17,1617,Palermo,Pescara,Away,3.0,0.0,2.0,H,0.0
22/10/06,607,Palermo,Milan,Away,4.0,2.0,0.0,A,0.0
22/11/09,910,Palermo,Catania,Home,3.0,1.0,1.0,D,0.0
22/11/15,1516,Palermo,Lazio,Away,8.0,1.0,1.0,D,0.0
22/12/12,1213,Palermo,Fiorentina,Home,1.0,0.0,3.0,A,0.0
22/12/16,1617,Palermo,Pescara,Home,2.0,1.0,1.0,D,0.0
23/02/13,1213,Palermo,Genoa,Home,2.0,0.0,0.0,D,1.0
23/04/11,1011,Palermo,Napoli,Home,3.0,2.0,1.0,H,0.0
23/04/17,1617,Palermo,Lazio,Away,2.0,2.0,6.0,H,0.0
23/08/09,910,Palermo,Napoli,Home,4.0,2.0,1.0,H,0.0
23/08/15,1516,Palermo,Genoa,Home,6.0,1.0,0.0,H,0.0
23/09/07,708,Palermo,Cagliari,Away,5.0,1.0,0.0,A,0.0
23/09/09,910,Palermo,Roma,Home,6.0,3.0,3.0,D,0.0
23/09/10,1011,Palermo,Juventus,Away,8.0,3.0,1.0,A,0.0
23/09/12,1213,Palermo,Atalanta,Away,2.0,0.0,1.0,H,0.0
23/09/15,1516,Palermo,Sassuolo,Home,2.0,0.0,1.0,A,1.0
23/10/05,506,Palermo,Milan,Away,4.0,1.0,2.0,H,0.0
23/10/11,1112,Palermo,Roma,Away,8.0,0.0,1.0,H,0.0
23/10/16,1617,Palermo,Roma,Away,3.0,1.0,4.0,H,0.0
23/11/08,809,Palermo,Bologna,Away,8.0,1.0,1.0,D,0.0
23/12/06,607,Palermo,Siena,Away,4.0,1.0,1.0,D,0.0
23/12/07,708,Palermo,Lazio,Home,6.0,2.0,2.0,D,0.0
24/01/10,910,Palermo,Fiorentina,Home,8.0,3.0,0.0,H,0.0
24/01/16,1516,Palermo,Udinese,Home,8.0,4.0,1.0,H,0.0
24/02/07,607,Palermo,Atalanta,Away,2.0,1.0,1.0,D,0.0
24/02/08,708,Palermo,Milan,Away,1.0,1.0,2.0,H,0.0
24/03/10,910,Palermo,Genoa,Away,6.0,2.0,2.0,D,1.0
24/03/12,1112,Palermo,Udinese,Home,3.0,1.0,1.0,D,0.0
24/04/10,910,Palermo,Milan,Home,9.0,3.0,1.0,H,0.0
24/04/16,1516,Palermo,Frosinone,Away,2.0,2.0,0.0,A,0.0
24/05/09,809,Palermo,Atalanta,Away,5.0,2.0,2.0,D,0.0
24/05/15,1415,Palermo,Fiorentina,Home,5.0,2.0,3.0,A,0.0
24/09/06,607,Palermo,Empoli,Away,4.0,0.0,2.0,H,1.0
24/09/08,809,Palermo,Napoli,Away,4.0,1.0,2.0,H,0.0
24/09/14,1415,Palermo,Napoli,Away,6.0,3.0,3.0,D,0.0
24/09/16,1617,Palermo,Juventus,Home,2.0,0.0,1.0,A,0.0
24/10/10,1011,Palermo,Udinese,Away,7.0,1.0,2.0,H,0.0
24/10/15,1516,Palermo,Inter,Home,2.0,1.0,1.0,D,0.0
24/11/12,1213,Palermo,Catania,Home,10.0,3.0,1.0,H,0.0
24/11/14,1415,Palermo,Genoa,Away,5.0,1.0,1.0,D,0.0
25/01/09,809,Palermo,Udinese,Home,6.0,3.0,2.0,H,1.0
25/01/15,1415,Palermo,Sampdoria,Away,6.0,1.0,1.0,D,1.0
25/04/12,1112,Palermo,Parma,Home,7.0,1.0,2.0,A,0.0
25/09/05,506,Palermo,Lazio,Away,4.0,2.0,4.0,H,0.0
25/09/11,1112,Palermo,Lazio,Away,5.0,0.0,0.0,D,0.0
25/10/06,607,Palermo,Messina,Home,7.0,2.0,1.0,H,0.0
25/10/09,910,Palermo,Udinese,Home,7.0,1.0,0.0,H,0.0
25/11/07,708,Palermo,Juventus,Away,2.0,0.0,5.0,H,0.0
26/01/08,708,Palermo,Roma,Away,0.0,0.0,1.0,H,1.0
26/02/06,506,Palermo,Milan,Home,3.0,0.0,2.0,A,0.0
26/02/12,1112,Palermo,Siena,Away,5.0,1.0,4.0,H,1.0
26/02/17,1617,Palermo,Sampdoria,Home,6.0,1.0,1.0,D,0.0
26/03/06,506,Palermo,Treviso,Home,5.0,1.0,0.0,H,0.0
26/04/09,809,Palermo,Milan,Away,2.0,0.0,3.0,H,1.0
26/04/15,1415,Palermo,Parma,Away,3.0,0.0,1.0,H,0.0
26/08/07,708,Palermo,Roma,Home,4.0,0.0,2.0,A,0.0
26/08/12,1213,Palermo,Napoli,Home,6.0,0.0,3.0,A,0.0
26/09/07,708,Palermo,Milan,Home,4.0,2.0,1.0,H,0.0
26/09/10,1011,Palermo,Lecce,Home,10.0,2.0,2.0,D,0.0
26/09/12,1213,Palermo,Pescara,Away,7.0,0.0,1.0,H,1.0
26/10/05,506,Palermo,Lecce,Home,4.0,3.0,0.0,H,1.0
26/10/08,809,Palermo,Fiorentina,Home,7.0,1.0,3.0,A,0.0
26/10/14,1415,Palermo,Juventus,Away,1.0,0.0,2.0,H,0.0
26/11/06,607,Palermo,Inter,Home,3.0,1.0,2.0,A,0.0
27/01/07,607,Palermo,Lazio,Home,3.0,0.0,3.0,A,0.0
27/01/13,1213,Palermo,Cagliari,Away,2.0,1.0,1.0,D,1.0
27/02/08,708,Palermo,Empoli,Home,7.0,2.0,0.0,H,0.0
27/02/11,1011,Palermo,Udinese,Home,3.0,0.0,7.0,A,2.0
27/03/10,910,Palermo,Bologna,Home,4.0,3.0,1.0,H,0.0
27/04/08,708,Palermo,Atalanta,Home,1.0,0.0,0.0,D,0.0
27/05/07,607,Palermo,Udinese,Away,9.0,2.0,1.0,A,0.0
27/09/09,910,Palermo,Lazio,Away,1.0,1.0,1.0,D,0.0
27/09/15,1516,Palermo,Torino,Away,3.0,1.0,2.0,H,0.0
27/10/11,1112,Palermo,Lecce,Home,8.0,2.0,0.0,H,0.0
27/10/12,1213,Palermo,Siena,Away,5.0,0.0,0.0,D,0.0
27/10/16,1617,Palermo,Udinese,Home,2.0,1.0,3.0,A,1.0
27/11/05,506,Palermo,Ascoli,Away,2.0,1.0,1.0,D,0.0
27/11/11,1112,Palermo,Fiorentina,Home,4.0,2.0,0.0,H,0.0
27/11/16,1617,Palermo,Lazio,Home,4.0,0.0,1.0,A,1.0
28/01/06,506,Palermo,Siena,Home,5.0,1.0,3.0,A,0.0
28/01/09,809,Palermo,Roma,Away,6.0,1.0,2.0,H,0.0
28/02/07,607,Palermo,Milan,Home,3.0,0.0,0.0,D,0.0
28/02/10,910,Palermo,Juventus,Away,4.0,2.0,0.0,A,0.0
28/02/16,1516,Palermo,Bologna,Home,4.0,0.0,0.0,D,0.0
28/04/12,1112,Palermo,Catania,Home,3.0,1.0,1.0,D,0.0
28/04/13,1213,Palermo,Inter,Home,8.0,1.0,0.0,H,0.0
28/05/17,1617,Palermo,Empoli,Home,5.0,2.0,1.0,H,0.0
28/08/05,506,Palermo,Parma,Away,9.0,1.0,1.0,D,0.0
28/08/16,1617,Palermo,Inter,Away,3.0,1.0,1.0,D,0.0
28/09/08,809,Palermo,Reggina,Home,1.0,1.0,0.0,H,0.0
28/10/07,708,Palermo,Inter,Home,3.0,0.0,0.0,D,0.0
28/10/15,1516,Palermo,Napoli,Away,0.0,0.0,2.0,H,0.0
28/11/10,1011,Palermo,Roma,Home,5.0,3.0,1.0,H,0.0
29/01/12,1112,Palermo,Novara,Home,6.0,2.0,0.0,H,0.0
29/01/17,1617,Palermo,Napoli,Away,2.0,1.0,1.0,D,1.0
29/04/07,607,Palermo,Livorno,Away,3.0,2.0,1.0,A,0.0
29/04/15,1415,Palermo,Torino,Home,3.0,2.0,2.0,D,0.0
29/08/10,1011,Palermo,Cagliari,Home,4.0,0.0,0.0,D,0.0
29/09/14,1415,Palermo,Lazio,Home,4.0,0.0,4.0,A,0.0
29/10/06,607,Palermo,Fiorentina,Away,5.0,3.0,2.0,A,0.0
29/10/08,809,Palermo,Lecce,Away,1.0,1.0,1.0,D,0.0
29/10/09,910,Palermo,Inter,Away,7.0,3.0,5.0,H,0.0
29/10/14,1415,Palermo,Chievo,Home,6.0,1.0,0.0,H,0.0
29/11/09,910,Palermo,Chievo,Away,2.0,0.0,1.0,H,1.0
29/11/15,1516,Palermo,Juventus,Home,0.0,0.0,3.0,A,0.0
30/01/10,910,Palermo,Bari,Away,6.0,2.0,4.0,H,1.0
30/01/11,1011,Palermo,Inter,Away,6.0,2.0,3.0,H,0.0
30/01/16,1516,Palermo,Carpi,Away,1.0,1.0,1.0,D,0.0
30/03/08,708,Palermo,Napoli,Away,3.0,0.0,1.0,H,0.0
30/03/13,1213,Palermo,Roma,Home,4.0,2.0,0.0,H,0.0
30/04/06,506,Palermo,Fiorentina,Home,4.0,1.0,0.0,H,0.0
30/04/17,1617,Palermo,Fiorentina,Home,2.0,2.0,0.0,H,0.0
30/08/08,809,Palermo,Udinese,Away,4.0,1.0,3.0,H,0.0
30/08/09,910,Palermo,Fiorentina,Away,3.0,0.0,1.0,H,0.0
30/08/15,1516,Palermo,Udinese,Away,1.0,1.0,0.0,A,1.0
30/09/07,708,Palermo,Empoli,Away,2.0,1.0,3.0,H,1.0
30/09/12,1213,Palermo,Chievo,Home,8.0,4.0,1.0,H,1.0
30/10/05,506,Palermo,Udinese,Away,3.0,0.0,0.0,D,0.0
30/10/11,1112,Palermo,Udinese,Away,7.0,0.0,1.0,H,0.0
30/10/12,1213,Palermo,Milan,Home,4.0,2.0,2.0,D,0.0
30/11/08,809,Palermo,Milan,Home,10.0,3.0,1.0,H,0.0
30/11/14,1415,Palermo,Parma,Home,4.0,2.0,1.0,H,1.0
31/05/09,809,Palermo,Sampdoria,Home,10.0,2.0,2.0,D,0.0
31/05/15,1415,Palermo,Roma,Away,3.0,2.0,1.0,A,0.0
31/08/14,1415,Palermo,Sampdoria,Home,1.0,1.0,1.0,D,0.0
31/10/07,708,Palermo,Parma,Home,3.0,1.0,1.0,D,0.0
31/10/10,1011,Palermo,Lazio,Home,8.0,0.0,1.0,A,0.0
31/10/16,1617,Palermo,Cagliari,Away,3.0,1.0,2.0,H,0.0
01/02/15,1415,Parma,Milan,Away,5.0,1.0,3.0,H,0.0
01/02/2020,1920,Parma,Cagliari,Away,5.0,2.0,2.0,D,0.0
01/02/2026,2526,Parma,Juventus,Home,4.0,1.0,4.0,A,0.0
01/03/08,708,Parma,Roma,Away,3.0,0.0,4.0,H,0.0
01/03/2025,2425,Parma,Udinese,Away,4.0,0.0,1.0,H,0.0
01/04/07,607,Parma,Inter,Away,7.0,0.0,2.0,H,0.0
01/05/10,910,Parma,Roma,Home,4.0,1.0,2.0,A,1.0
01/05/11,1011,Parma,Palermo,Home,5.0,3.0,1.0,H,0.0
01/07/2020,1920,Parma,Verona,Away,5.0,2.0,3.0,H,0.0
01/09/13,1314,Parma,Udinese,Away,1.0,1.0,3.0,H,0.0
01/09/2018,1819,Parma,Juventus,Home,7.0,1.0,2.0,A,0.0
01/09/2019,1920,Parma,Udinese,Away,3.0,3.0,1.0,A,0.0
01/10/06,607,Parma,Sampdoria,Away,5.0,2.0,3.0,H,1.0
01/11/14,1415,Parma,Inter,Home,4.0,2.0,0.0,H,0.0
01/12/2019,1920,Parma,Milan,Home,0.0,0.0,1.0,A,0.0
01/12/2024,2425,Parma,Lazio,Home,4.0,3.0,1.0,H,0.0
02/02/11,1011,Parma,Lecce,Home,6.0,0.0,1.0,A,0.0
02/02/2019,1819,Parma,Juventus,Away,5.0,3.0,3.0,D,0.0
02/03/14,1314,Parma,Sassuolo,Away,6.0,1.0,0.0,A,0.0
02/03/2019,1819,Parma,Empoli,Away,7.0,3.0,3.0,D,0.0
02/04/06,506,Parma,Udinese,Away,1.0,0.0,2.0,H,0.0
02/04/14,1314,Parma,Roma,Away,3.0,2.0,4.0,H,0.0
02/05/12,1112,Parma,Inter,Home,4.0,3.0,1.0,H,0.0
02/08/2020,1920,Parma,Lecce,Away,11.0,4.0,3.0,A,0.0
02/09/07,708,Parma,Atalanta,Away,2.0,0.0,2.0,H,0.0
02/09/12,1213,Parma,Chievo,Home,3.0,2.0,0.0,H,0.0
02/10/05,506,Parma,Ascoli,Away,4.0,1.0,3.0,H,1.0
02/10/10,1011,Parma,Milan,Home,3.0,0.0,1.0,A,0.0
02/10/11,1112,Parma,Genoa,Home,9.0,3.0,1.0,H,0.0
02/11/13,1314,Parma,Juventus,Home,1.0,0.0,1.0,A,0.0
02/11/2025,2526,Parma,Bologna,Home,1.0,1.0,3.0,A,1.0
02/12/07,708,Parma,Empoli,Home,7.0,1.0,0.0,H,0.0
02/12/12,1213,Parma,Lazio,Away,4.0,1.0,2.0,H,0.0
02/12/2018,1819,Parma,Milan,Away,1.0,1.0,2.0,H,0.0
03/01/2021,2021,Parma,Torino,Home,6.0,0.0,3.0,A,0.0
03/01/2026,2526,Parma,Sassuolo,Away,5.0,1.0,1.0,D,0.0
03/02/08,708,Parma,Atalanta,Home,5.0,2.0,3.0,A,0.0
03/02/13,1213,Parma,Fiorentina,Away,4.0,0.0,2.0,H,0.0
03/03/13,1213,Parma,Sampdoria,Away,2.0,0.0,1.0,H,0.0
03/04/10,910,Parma,Fiorentina,Home,5.0,1.0,1.0,D,0.0
03/04/11,1011,Parma,Bari,Home,7.0,1.0,2.0,A,0.0
03/04/2019,1819,Parma,Frosinone,Away,6.0,2.0,3.0,H,0.0
03/04/2021,2021,Parma,Benevento,Away,7.0,2.0,2.0,D,0.0
03/05/2021,2021,Parma,Torino,Away,1.0,0.0,1.0,H,0.0
03/05/2025,2425,Parma,Como,Home,3.0,0.0,1.0,A,0.0
03/05/2026,2526,Parma,Inter,Away,0.0,0.0,2.0,H,0.0
03/11/2019,1920,Parma,Fiorentina,Away,3.0,1.0,1.0,D,0.0
03/12/06,607,Parma,Palermo,Home,5.0,0.0,0.0,D,0.0
04/02/06,506,Parma,Roma,Home,4.0,0.0,3.0,A,0.0
04/03/07,607,Parma,Reggina,Home,11.0,2.0,2.0,D,0.0
04/03/12,1112,Parma,Napoli,Home,4.0,1.0,2.0,A,0.0
04/03/2021,2021,Parma,Inter,Home,3.0,1.0,2.0,A,0.0
04/04/15,1415,Parma,Inter,Away,2.0,1.0,1.0,D,0.0
04/04/2026,2526,Parma,Lazio,Away,4.0,1.0,1.0,D,0.0
04/05/08,708,Parma,Genoa,Home,5.0,1.0,0.0,H,0.0
04/05/14,1314,Parma,Sampdoria,Home,7.0,2.0,0.0,H,0.0
04/05/15,1415,Parma,Cagliari,Away,3.0,0.0,4.0,H,0.0
04/10/09,910,Parma,Sampdoria,Away,4.0,1.0,1.0,D,0.0
04/10/2020,2021,Parma,Verona,Home,5.0,1.0,0.0,H,0.0
04/10/2025,2526,Parma,Lecce,Home,2.0,0.0,1.0,A,0.0
04/11/06,607,Parma,Siena,Away,4.0,2.0,2.0,D,0.0
04/11/07,708,Parma,Siena,Home,6.0,2.0,2.0,D,0.0
04/11/12,1213,Parma,Pescara,Away,5.0,0.0,2.0,H,0.0
04/11/2018,1819,Parma,Frosinone,Home,1.0,0.0,0.0,D,1.0
04/11/2024,2425,Parma,Genoa,Home,0.0,0.0,1.0,A,0.0
04/12/05,506,Parma,Reggina,Away,,1.0,2.0,H,1.0
04/12/11,1112,Parma,Palermo,Home,4.0,0.0,0.0,D,0.0
05/01/2025,2425,Parma,Torino,Away,3.0,0.0,0.0,D,0.0
05/02/12,1112,Parma,Chievo,Away,5.0,2.0,1.0,A,0.0
05/03/06,506,Parma,Messina,Away,5.0,1.0,0.0,A,0.0
05/04/2025,2425,Parma,Inter,Home,4.0,2.0,2.0,D,0.0
05/05/13,1213,Parma,Atalanta,Home,7.0,2.0,0.0,H,0.0
05/05/2019,1819,Parma,Sampdoria,Home,6.0,3.0,3.0,D,1.0
05/07/2020,1920,Parma,Fiorentina,Home,2.0,1.0,2.0,A,0.0
05/10/14,1415,Parma,Genoa,Home,3.0,1.0,2.0,A,0.0
05/10/2019,1920,Parma,Spal,Away,2.0,0.0,1.0,H,0.0
05/12/10,1011,Parma,Udinese,Home,5.0,2.0,1.0,H,0.0
06/01/10,910,Parma,Juventus,Home,3.0,1.0,2.0,A,0.0
06/01/11,1011,Parma,Juventus,Away,9.0,4.0,1.0,A,0.0
06/01/13,1213,Parma,Palermo,Home,4.0,2.0,1.0,H,0.0
06/01/14,1314,Parma,Torino,Home,5.0,3.0,1.0,H,0.0
06/01/15,1415,Parma,Fiorentina,Home,2.0,1.0,0.0,H,0.0
06/01/2020,1920,Parma,Atalanta,Away,1.0,0.0,5.0,H,0.0
06/01/2021,2021,Parma,Atalanta,Away,1.0,0.0,3.0,H,0.0
06/02/10,910,Parma,Palermo,Away,2.0,1.0,2.0,H,0.0
06/02/11,1011,Parma,Fiorentina,Home,3.0,1.0,1.0,D,0.0
06/03/11,1011,Parma,Chievo,Away,5.0,0.0,0.0,D,1.0
06/04/08,708,Parma,Lazio,Home,6.0,2.0,2.0,D,0.0
06/04/14,1314,Parma,Napoli,Home,1.0,1.0,0.0,H,0.0
06/04/2019,1819,Parma,Torino,Home,1.0,0.0,0.0,D,0.0
06/05/07,607,Parma,Chievo,Away,3.0,0.0,1.0,H,0.0
06/05/12,1112,Parma,Siena,Away,2.0,2.0,0.0,A,0.0
06/10/13,1314,Parma,Sassuolo,Home,3.0,3.0,1.0,H,1.0
06/10/2024,2425,Parma,Bologna,Away,2.0,0.0,0.0,D,1.0
06/11/05,506,Parma,Lecce,Home,3.0,2.0,0.0,H,0.0
06/11/11,1112,Parma,Lazio,Away,2.0,0.0,1.0,H,0.0
06/12/09,910,Parma,Genoa,Away,3.0,2.0,2.0,D,0.0
06/12/2020,2021,Parma,Benevento,Home,0.0,0.0,0.0,D,0.0
06/12/2024,2425,Parma,Inter,Away,2.0,1.0,3.0,H,0.0
07/01/12,1112,Parma,Inter,Away,1.0,0.0,5.0,H,0.0
07/01/2026,2526,Parma,Inter,Home,0.0,0.0,2.0,A,0.0
07/02/2021,2021,Parma,Bologna,Home,8.0,0.0,3.0,A,0.0
07/03/10,910,Parma,Siena,Away,4.0,1.0,1.0,D,1.0
07/03/12,1112,Parma,Fiorentina,Home,7.0,2.0,2.0,D,0.0
07/03/2021,2021,Parma,Fiorentina,Away,6.0,3.0,3.0,D,0.0
07/04/07,607,Parma,Livorno,Home,3.0,1.0,0.0,H,0.0
07/04/12,1112,Parma,Udinese,Away,4.0,1.0,3.0,H,0.0
07/04/13,1213,Parma,Siena,Away,5.0,0.0,0.0,D,0.0
07/05/06,506,Parma,Milan,Home,7.0,2.0,3.0,A,0.0
07/10/07,708,Parma,Roma,Home,2.0,0.0,3.0,A,1.0
07/10/12,1213,Parma,Catania,Away,1.0,0.0,2.0,H,1.0
07/10/2018,1819,Parma,Genoa,Away,5.0,3.0,1.0,A,0.0
07/11/10,1011,Parma,Napoli,Away,1.0,0.0,2.0,H,0.0
07/11/2020,2021,Parma,Fiorentina,Home,0.0,0.0,0.0,D,0.0
07/12/14,1415,Parma,Lazio,Home,1.0,1.0,2.0,A,0.0
08/01/06,506,Parma,Milan,Away,6.0,3.0,4.0,H,0.0
08/02/06,506,Parma,Juventus,Away,2.0,1.0,1.0,D,0.0
08/02/2026,2526,Parma,Bologna,Away,1.0,1.0,0.0,A,1.0
08/03/15,1415,Parma,Atalanta,Home,4.0,0.0,0.0,D,1.0
08/03/2020,1920,Parma,Spal,Home,2.0,0.0,1.0,A,0.0
08/03/2025,2425,Parma,Torino,Home,4.0,2.0,2.0,D,0.0
08/03/2026,2526,Parma,Fiorentina,Away,0.0,0.0,0.0,D,0.0
08/04/15,1415,Parma,Udinese,Home,7.0,1.0,0.0,H,0.0
08/05/11,1011,Parma,Bologna,Away,3.0,0.0,0.0,D,0.0
08/05/13,1213,Parma,Cagliari,Away,5.0,1.0,0.0,A,0.0
08/07/2020,1920,Parma,Roma,Away,2.0,1.0,2.0,H,0.0
08/11/09,910,Parma,Chievo,Home,5.0,2.0,0.0,H,0.0
08/11/2025,2526,Parma,Milan,Home,4.0,2.0,2.0,D,0.0
08/12/12,1213,Parma,Atalanta,Away,1.0,1.0,2.0,H,0.0
08/12/13,1314,Parma,Inter,Away,8.0,3.0,3.0,D,0.0
08/12/2019,1920,Parma,Sampdoria,Away,2.0,1.0,0.0,A,0.0
08/12/2025,2526,Parma,Pisa,Away,2.0,1.0,0.0,A,0.0
09/01/11,1011,Parma,Cagliari,Home,5.0,1.0,2.0,A,0.0
09/02/14,1314,Parma,Catania,Home,1.0,0.0,0.0,D,0.0
09/02/2019,1819,Parma,Inter,Home,2.0,0.0,1.0,A,0.0
09/02/2020,1920,Parma,Lazio,Home,6.0,0.0,1.0,A,0.0
09/02/2025,2425,Parma,Cagliari,Away,1.0,1.0,2.0,H,0.0
09/03/08,708,Parma,Sampdoria,Home,4.0,1.0,2.0,A,0.0
09/03/14,1314,Parma,Verona,Home,6.0,2.0,0.0,H,0.0
09/03/2019,1819,Parma,Genoa,Home,4.0,1.0,0.0,H,0.0
09/04/06,506,Parma,Reggina,Home,5.0,4.0,0.0,H,1.0
09/05/10,910,Parma,Juventus,Away,3.0,3.0,2.0,A,0.0
09/05/2021,2021,Parma,Atalanta,Home,2.0,2.0,5.0,A,0.0
09/11/14,1415,Parma,Juventus,Away,1.0,0.0,7.0,H,0.0
09/11/2024,2425,Parma,Venezia,Away,3.0,2.0,1.0,A,0.0
09/12/07,708,Parma,Napoli,Away,1.0,0.0,1.0,H,0.0
09/12/2018,1819,Parma,Chievo,Home,7.0,1.0,1.0,D,0.0
10/01/10,910,Parma,Livorno,Away,4.0,1.0,2.0,H,0.0
10/01/2021,2021,Parma,Lazio,Home,3.0,0.0,2.0,A,0.0
10/02/08,708,Parma,Cagliari,Away,1.0,1.0,1.0,D,0.0
10/02/10,910,Parma,Inter,Home,4.0,1.0,1.0,D,1.0
10/02/13,1213,Parma,Genoa,Home,4.0,0.0,0.0,D,0.0
10/03/13,1213,Parma,Torino,Home,10.0,4.0,1.0,H,0.0
10/04/10,910,Parma,Napoli,Away,6.0,3.0,2.0,A,0.0
10/04/11,1011,Parma,Lazio,Away,5.0,0.0,2.0,H,0.0
10/04/2021,2021,Parma,Milan,Home,5.0,1.0,3.0,A,0.0
10/05/15,1415,Parma,Napoli,Home,5.0,2.0,2.0,D,0.0
10/05/2025,2425,Parma,Empoli,Away,1.0,1.0,2.0,H,1.0
10/05/2026,2526,Parma,Roma,Home,3.0,2.0,3.0,A,1.0
10/09/06,607,Parma,Torino,Away,4.0,1.0,1.0,D,0.0
10/11/13,1314,Parma,Lazio,Home,4.0,1.0,1.0,D,1.0
10/11/2018,1819,Parma,Torino,Away,7.0,2.0,1.0,A,0.0
10/11/2019,1920,Parma,Roma,Home,8.0,2.0,0.0,H,0.0
10/12/06,607,Parma,Cagliari,Away,3.0,0.0,0.0,D,0.0
11/01/14,1314,Parma,Livorno,Away,5.0,3.0,0.0,A,0.0
11/01/15,1415,Parma,Verona,Away,2.0,1.0,3.0,H,0.0
11/01/2026,2526,Parma,Lecce,Away,2.0,2.0,1.0,A,0.0
11/02/07,607,Parma,Roma,Away,2.0,0.0,3.0,H,1.0
11/02/15,1415,Parma,Chievo,Home,2.0,0.0,1.0,A,1.0
11/03/07,607,Parma,Atalanta,Away,11.0,1.0,1.0,D,0.0
11/03/12,1112,Parma,Atalanta,Away,3.0,1.0,1.0,D,0.0
11/04/12,1112,Parma,Novara,Home,7.0,2.0,0.0,H,0.0
11/04/15,1415,Parma,Juventus,Home,1.0,1.0,0.0,H,0.0
11/05/08,708,Parma,Fiorentina,Away,2.0,1.0,3.0,H,1.0
11/05/14,1314,Parma,Torino,Away,4.0,1.0,1.0,D,1.0
11/09/05,506,Parma,Chievo,Away,2.0,0.0,1.0,H,0.0
11/09/11,1112,Parma,Juventus,Away,1.0,1.0,4.0,H,0.0
11/11/07,708,Parma,Juventus,Home,4.0,2.0,2.0,D,0.0
11/11/10,1011,Parma,Sampdoria,Home,6.0,1.0,0.0,H,0.0
11/11/12,1213,Parma,Siena,Home,7.0,0.0,0.0,D,0.0
11/12/05,506,Parma,Sampdoria,Home,4.0,1.0,1.0,D,0.0
11/12/10,1011,Parma,Palermo,Away,4.0,1.0,3.0,H,0.0
11/12/11,1112,Parma,Cagliari,Away,5.0,0.0,0.0,D,0.0
12/01/2025,2425,Parma,Genoa,Away,3.0,0.0,1.0,H,0.0
12/02/06,506,Parma,Ascoli,Home,2.0,0.0,0.0,D,0.0
12/02/11,1011,Parma,Milan,Away,4.0,0.0,4.0,H,0.0
12/03/06,506,Parma,Livorno,Home,5.0,2.0,1.0,H,0.0
12/04/2026,2526,Parma,Napoli,Home,2.0,1.0,1.0,D,0.0
12/05/13,1213,Parma,Bologna,Home,7.0,0.0,2.0,A,0.0
12/05/2021,2021,Parma,Lazio,Away,5.0,0.0,1.0,H,0.0
12/07/2020,1920,Parma,Bologna,Home,5.0,2.0,2.0,D,0.0
12/09/10,1011,Parma,Catania,Away,4.0,1.0,2.0,H,1.0
12/11/06,607,Parma,Inter,Home,3.0,1.0,2.0,A,0.0
13/01/07,607,Parma,Empoli,Away,2.0,0.0,2.0,H,1.0
13/01/08,708,Parma,Fiorentina,Home,3.0,1.0,2.0,A,0.0
13/01/13,1213,Parma,Juventus,Home,2.0,1.0,1.0,D,0.0
13/01/2020,1920,Parma,Lecce,Home,5.0,2.0,0.0,H,0.0
13/03/11,1011,Parma,Napoli,Home,2.0,1.0,3.0,A,1.0
13/03/2026,2526,Parma,Torino,Away,3.0,1.0,4.0,H,0.0
13/04/08,708,Parma,Empoli,Away,3.0,1.0,1.0,D,0.0
13/04/14,1314,Parma,Bologna,Away,2.0,1.0,1.0,D,0.0
13/04/2025,2425,Parma,Fiorentina,Away,3.0,0.0,0.0,D,0.0
13/05/07,607,Parma,Messina,Home,7.0,4.0,1.0,H,0.0
13/05/12,1112,Parma,Bologna,Home,6.0,1.0,0.0,H,0.0
13/05/2019,1819,Parma,Bologna,Away,1.0,1.0,4.0,H,1.0
13/09/09,910,Parma,Inter,Away,1.0,0.0,2.0,H,0.0
13/09/2025,2526,Parma,Cagliari,Away,5.0,0.0,2.0,H,0.0
13/12/09,910,Parma,Bologna,Home,7.0,2.0,1.0,H,0.0
13/12/2020,2021,Parma,Milan,Away,3.0,2.0,2.0,D,0.0
13/12/2025,2526,Parma,Lazio,Home,5.0,0.0,1.0,A,0.0
14/01/2026,2526,Parma,Napoli,Away,1.0,0.0,0.0,D,0.0
14/02/10,910,Parma,Lazio,Home,3.0,0.0,2.0,A,1.0
14/03/10,910,Parma,Atalanta,Home,3.0,1.0,0.0,H,0.0
14/03/2021,2021,Parma,Roma,Home,4.0,2.0,0.0,H,0.0
14/04/13,1213,Parma,Udinese,Home,3.0,0.0,3.0,A,0.0
14/04/2019,1819,Parma,Sassuolo,Away,1.0,0.0,0.0,D,0.0
14/05/06,506,Parma,Lazio,Away,2.0,0.0,1.0,H,0.0
14/09/14,1415,Parma,Milan,Home,3.0,4.0,5.0,A,1.0
14/11/10,1011,Parma,Bari,Away,2.0,1.0,0.0,A,0.0
14/12/14,1415,Parma,Cagliari,Home,0.0,0.0,0.0,D,0.0
14/12/2019,1920,Parma,Napoli,Away,5.0,2.0,1.0,A,0.0
15/01/06,506,Parma,Lazio,Home,3.0,1.0,1.0,D,0.0
15/01/12,1112,Parma,Siena,Home,6.0,3.0,1.0,H,0.0
15/02/12,1112,Parma,Juventus,Home,1.0,0.0,0.0,D,0.0
15/02/13,1213,Parma,Milan,Away,2.0,1.0,2.0,H,0.0
15/02/15,1415,Parma,Roma,Away,0.0,0.0,0.0,D,0.0
15/02/2021,2021,Parma,Verona,Away,4.0,1.0,2.0,H,0.0
15/02/2026,2526,Parma,Verona,Home,8.0,2.0,1.0,H,0.0
15/03/15,1415,Parma,Sassuolo,Away,3.0,1.0,4.0,H,1.0
15/03/2025,2425,Parma,Monza,Away,6.0,1.0,1.0,D,0.0
15/04/06,506,Parma,Sampdoria,Away,5.0,2.0,1.0,A,0.0
15/04/07,607,Parma,Catania,Home,5.0,1.0,1.0,D,0.0
15/04/15,1415,Parma,Genoa,Away,3.0,0.0,2.0,H,0.0
15/05/11,1011,Parma,Juventus,Home,3.0,1.0,0.0,H,0.0
15/07/2020,1920,Parma,Milan,Away,5.0,1.0,3.0,H,0.0
15/09/2018,1819,Parma,Inter,Away,6.0,1.0,0.0,A,0.0
15/09/2019,1920,Parma,Cagliari,Home,8.0,1.0,3.0,A,0.0
15/10/06,607,Parma,Udinese,Home,7.0,0.0,3.0,A,0.0
15/10/11,1112,Parma,Napoli,Away,3.0,2.0,1.0,A,0.0
15/12/13,1314,Parma,Cagliari,Home,2.0,0.0,0.0,D,0.0
15/12/2024,2425,Parma,Verona,Home,8.0,2.0,3.0,A,0.0
16/01/11,1011,Parma,Brescia,Away,0.0,0.0,2.0,H,1.0
16/02/08,708,Parma,Milan,Home,4.0,0.0,0.0,D,0.0
16/02/14,1314,Parma,Atalanta,Away,7.0,4.0,0.0,A,0.0
16/02/2019,1819,Parma,Cagliari,Away,3.0,1.0,2.0,H,0.0
16/02/2020,1920,Parma,Sassuolo,Away,6.0,1.0,0.0,A,0.0
16/02/2025,2425,Parma,Roma,Home,1.0,0.0,1.0,A,0.0
16/03/08,708,Parma,Livorno,Away,4.0,1.0,1.0,D,0.0
16/03/14,1314,Parma,Milan,Away,6.0,4.0,2.0,A,0.0
16/04/08,708,Parma,Juventus,Away,3.0,0.0,3.0,H,1.0
16/04/11,1011,Parma,Inter,Home,3.0,2.0,0.0,H,0.0
16/05/10,910,Parma,Livorno,Home,10.0,4.0,1.0,H,0.0
16/05/2021,2021,Parma,Sassuolo,Home,8.0,1.0,3.0,A,0.0
16/09/07,708,Parma,Cagliari,Home,4.0,1.0,1.0,D,0.0
16/09/12,1213,Parma,Napoli,Away,5.0,1.0,3.0,H,0.0
16/09/13,1314,Parma,Roma,Home,2.0,1.0,3.0,A,0.0
16/09/2024,2425,Parma,Udinese,Home,3.0,2.0,3.0,A,1.0
16/10/05,506,Parma,Treviso,Home,2.0,1.0,1.0,D,0.0
16/12/07,708,Parma,Reggina,Home,9.0,3.0,0.0,H,0.0
16/12/12,1213,Parma,Cagliari,Home,8.0,4.0,1.0,H,0.0
16/12/2018,1819,Parma,Sampdoria,Away,0.0,0.0,2.0,H,0.0
16/12/2020,2021,Parma,Cagliari,Home,3.0,0.0,0.0,D,0.0
17/01/10,910,Parma,Udinese,Home,3.0,0.0,0.0,D,1.0
17/01/2021,2021,Parma,Sassuolo,Away,2.0,1.0,1.0,D,0.0
17/03/12,1112,Parma,Milan,Home,4.0,0.0,2.0,A,0.0
17/03/13,1213,Parma,Roma,Away,3.0,0.0,2.0,H,0.0
17/03/2019,1819,Parma,Lazio,Away,2.0,1.0,4.0,H,0.0
17/04/2021,2021,Parma,Cagliari,Away,6.0,3.0,4.0,H,0.0
17/05/2026,2526,Parma,Como,Away,2.0,0.0,1.0,H,0.0
17/08/2024,2425,Parma,Fiorentina,Home,5.0,1.0,1.0,D,0.0
17/09/05,506,Parma,Empoli,Home,12.0,1.0,0.0,H,0.0
17/09/06,607,Parma,Milan,Home,6.0,0.0,2.0,A,0.0
17/10/10,1011,Parma,Cesena,Away,2.0,1.0,1.0,D,0.0
17/12/06,607,Parma,Chievo,Home,8.0,2.0,2.0,D,0.0
18/01/06,506,Parma,Palermo,Away,7.0,2.0,4.0,H,0.0
18/01/15,1415,Parma,Sampdoria,Home,1.0,0.0,2.0,A,0.0
18/01/2026,2526,Parma,Genoa,Home,2.0,0.0,0.0,D,0.0
18/02/07,607,Parma,Sampdoria,Home,4.0,0.0,1.0,A,0.0
18/03/07,607,Parma,Siena,Home,7.0,1.0,0.0,H,0.0
18/04/07,607,Parma,Fiorentina,Home,5.0,2.0,0.0,H,0.0
18/04/10,910,Parma,Genoa,Home,8.0,2.0,3.0,A,0.0
18/04/2026,2526,Parma,Udinese,Away,1.0,1.0,0.0,A,0.0
18/05/08,708,Parma,Inter,Home,1.0,0.0,2.0,A,0.0
18/05/14,1314,Parma,Livorno,Home,4.0,2.0,0.0,H,0.0
18/05/15,1415,Parma,Fiorentina,Away,4.0,0.0,3.0,H,0.0
18/05/2025,2425,Parma,Napoli,Home,4.0,0.0,0.0,D,0.0
18/09/11,1112,Parma,Chievo,Home,5.0,2.0,1.0,H,1.0
18/10/09,910,Parma,Siena,Home,9.0,1.0,0.0,H,0.0
18/10/2020,2021,Parma,Udinese,Away,3.0,2.0,3.0,H,0.0
18/11/12,1213,Parma,Udinese,Away,7.0,2.0,2.0,D,0.0
18/12/05,506,Parma,Siena,Away,2.0,2.0,2.0,D,0.0
18/12/11,1112,Parma,Lecce,Home,4.0,3.0,3.0,D,0.0
18/12/14,1415,Parma,Napoli,Away,0.0,0.0,2.0,H,0.0
19/01/14,1314,Parma,Chievo,Away,4.0,2.0,1.0,A,0.0
19/01/2019,1819,Parma,Udinese,Away,4.0,2.0,1.0,A,0.0
19/01/2020,1920,Parma,Juventus,Away,7.0,1.0,2.0,H,0.0
19/01/2025,2425,Parma,Venezia,Home,8.0,1.0,1.0,D,0.0
19/02/06,506,Parma,Treviso,Away,3.0,1.0,0.0,A,0.0
19/02/12,1112,Parma,Roma,Away,3.0,0.0,1.0,H,0.0
19/03/06,506,Parma,Lecce,Away,5.0,2.0,1.0,A,0.0
19/03/08,708,Parma,Palermo,Home,4.0,2.0,1.0,H,1.0
19/03/2021,2021,Parma,Genoa,Home,9.0,1.0,2.0,A,0.0
19/04/14,1314,Parma,Inter,Home,3.0,0.0,2.0,A,1.0
19/04/15,1415,Parma,Empoli,Away,5.0,2.0,2.0,D,0.0
19/05/13,1213,Parma,Palermo,Away,8.0,3.0,1.0,A,0.0
19/05/2019,1819,Parma,Fiorentina,Home,5.0,1.0,0.0,H,0.0
19/07/2020,1920,Parma,Sampdoria,Home,7.0,2.0,3.0,A,0.0
19/08/2018,1819,Parma,Udinese,Home,6.0,2.0,2.0,D,0.0
19/09/10,1011,Parma,Genoa,Home,3.0,1.0,1.0,D,0.0
19/10/14,1415,Parma,Atalanta,Away,1.0,0.0,1.0,H,0.0
19/10/2024,2425,Parma,Como,Away,3.0,1.0,1.0,D,0.0
19/10/2025,2526,Parma,Genoa,Away,0.0,0.0,0.0,D,1.0
19/11/06,607,Parma,Livorno,Away,5.0,0.0,3.0,H,1.0
19/12/10,1011,Parma,Bologna,Home,2.0,0.0,0.0,D,0.0
19/12/2020,2021,Parma,Juventus,Home,5.0,0.0,4.0,A,0.0
20/01/08,708,Parma,Inter,Away,4.0,2.0,3.0,H,1.0
20/01/13,1213,Parma,Chievo,Away,1.0,1.0,1.0,D,0.0
20/02/11,1011,Parma,Cesena,Home,8.0,2.0,2.0,D,0.0
20/03/11,1011,Parma,Sampdoria,Away,2.0,1.0,0.0,A,1.0
20/04/08,708,Parma,Napoli,Home,5.0,1.0,2.0,A,3.0
20/04/2019,1819,Parma,Milan,Home,3.0,1.0,1.0,D,0.0
20/05/07,607,Parma,Lazio,Away,2.0,0.0,0.0,D,0.0
20/06/2020,1920,Parma,Torino,Away,5.0,1.0,1.0,D,0.0
20/09/06,607,Parma,Fiorentina,Away,5.0,0.0,1.0,H,0.0
20/09/09,910,Parma,Palermo,Home,3.0,1.0,0.0,H,0.0
20/09/2020,2021,Parma,Napoli,Home,2.0,0.0,2.0,A,0.0
20/10/13,1314,Parma,Verona,Away,6.0,2.0,3.0,H,0.0
20/10/2019,1920,Parma,Genoa,Home,7.0,5.0,1.0,H,0.0
20/11/05,506,Parma,Inter,Away,3.0,0.0,2.0,H,0.0
20/11/11,1112,Parma,Udinese,Home,4.0,2.0,0.0,H,0.0
20/12/06,607,Parma,Messina,Away,9.0,1.0,1.0,D,0.0
20/12/09,910,Parma,Roma,Away,2.0,0.0,2.0,H,1.0
21/01/07,607,Parma,Torino,Home,2.0,1.0,0.0,H,0.0
21/02/10,910,Parma,Cagliari,Away,4.0,0.0,2.0,H,0.0
21/02/2021,2021,Parma,Udinese,Home,6.0,2.0,2.0,D,0.0
21/03/10,910,Parma,Bari,Away,3.0,1.0,1.0,D,0.0
21/03/2026,2526,Parma,Cremonese,Home,1.0,0.0,2.0,A,0.0
21/04/12,1112,Parma,Cagliari,Home,4.0,3.0,0.0,H,0.0
21/04/13,1213,Parma,Inter,Away,5.0,0.0,1.0,H,0.0
21/04/2021,2021,Parma,Juventus,Away,4.0,1.0,3.0,H,0.0
21/09/05,506,Parma,Roma,Away,2.0,1.0,4.0,H,0.0
21/09/11,1112,Parma,Fiorentina,Away,0.0,0.0,3.0,H,0.0
21/09/14,1415,Parma,Chievo,Away,4.0,3.0,2.0,A,0.0
21/09/2024,2425,Parma,Lecce,Away,10.0,2.0,2.0,D,1.0
21/09/2025,2526,Parma,Cremonese,Away,3.0,0.0,0.0,D,0.0
21/10/07,708,Parma,Sampdoria,Away,4.0,0.0,3.0,H,0.0
21/10/12,1213,Parma,Sampdoria,Home,8.0,2.0,1.0,H,0.0
21/10/2018,1819,Parma,Lazio,Home,1.0,0.0,2.0,A,0.0
21/11/09,910,Parma,Fiorentina,Away,3.0,3.0,2.0,A,0.0
21/11/10,1011,Parma,Lazio,Home,4.0,1.0,1.0,D,0.0
21/12/05,506,Parma,Cagliari,Home,4.0,1.0,0.0,H,0.0
21/12/11,1112,Parma,Catania,Home,5.0,3.0,3.0,D,0.0
22/01/06,506,Parma,Chievo,Home,6.0,2.0,1.0,H,1.0
22/01/11,1011,Parma,Catania,Home,2.0,2.0,0.0,H,0.0
22/01/12,1112,Parma,Bologna,Away,2.0,0.0,0.0,D,0.0
22/02/2025,2425,Parma,Bologna,Home,3.0,2.0,0.0,H,0.0
22/02/2026,2526,Parma,Milan,Away,3.0,1.0,0.0,A,0.0
22/03/08,708,Parma,Siena,Away,2.0,0.0,2.0,H,0.0
22/03/15,1415,Parma,Torino,Home,1.0,0.0,2.0,A,1.0
22/04/06,506,Parma,Siena,Home,3.0,1.0,1.0,D,0.0
22/04/07,607,Parma,Palermo,Away,7.0,4.0,3.0,A,0.0
22/05/11,1011,Parma,Cagliari,Away,5.0,1.0,1.0,D,0.0
22/05/2021,2021,Parma,Sampdoria,Away,1.0,0.0,3.0,H,0.0
22/07/2020,1920,Parma,Napoli,Home,3.0,2.0,1.0,H,0.0
22/09/07,708,Parma,Milan,Away,3.0,1.0,1.0,D,0.0
22/09/10,1011,Parma,Lecce,Away,4.0,1.0,1.0,D,0.0
22/09/12,1213,Parma,Fiorentina,Home,3.0,1.0,1.0,D,1.0
22/09/13,1314,Parma,Catania,Away,3.0,0.0,0.0,D,0.0
22/09/2018,1819,Parma,Cagliari,Home,8.0,2.0,0.0,H,0.0
22/09/2019,1920,Parma,Lazio,Away,1.0,0.0,2.0,H,0.0
22/10/05,506,Parma,Fiorentina,Away,4.0,1.0,4.0,H,0.0
22/10/06,607,Parma,Ascoli,Home,4.0,1.0,0.0,H,0.0
22/11/2020,2021,Parma,Roma,Away,1.0,0.0,3.0,H,0.0
22/12/07,708,Parma,Genoa,Away,1.0,0.0,1.0,H,0.0
22/12/12,1213,Parma,Bologna,Away,8.0,2.0,1.0,A,0.0
22/12/13,1314,Parma,Sampdoria,Away,5.0,1.0,1.0,D,0.0
22/12/2018,1819,Parma,Bologna,Home,1.0,0.0,0.0,D,0.0
22/12/2019,1920,Parma,Brescia,Home,6.0,1.0,1.0,D,0.0
22/12/2020,2021,Parma,Crotone,Away,7.0,1.0,2.0,H,0.0
22/12/2024,2425,Parma,Roma,Away,3.0,0.0,5.0,H,0.0
23/01/10,910,Parma,Catania,Away,2.0,0.0,3.0,H,0.0
23/02/08,708,Parma,Torino,Away,7.0,4.0,4.0,D,0.0
23/03/14,1314,Parma,Genoa,Home,3.0,1.0,1.0,D,0.0
23/04/11,1011,Parma,Udinese,Away,3.0,2.0,0.0,A,0.0
23/04/2025,2425,Parma,Juventus,Home,3.0,1.0,0.0,H,0.0
23/06/2020,1920,Parma,Genoa,Away,8.0,4.0,1.0,A,0.0
23/08/09,910,Parma,Udinese,Away,5.0,2.0,2.0,D,0.0
23/09/09,910,Parma,Lazio,Away,4.0,2.0,1.0,A,0.0
23/10/11,1112,Parma,Atalanta,Home,2.0,1.0,2.0,A,0.0
23/11/13,1314,Parma,Napoli,Away,4.0,1.0,0.0,A,0.0
23/11/14,1415,Parma,Empoli,Home,2.0,0.0,2.0,A,0.0
23/11/2024,2425,Parma,Atalanta,Home,3.0,1.0,3.0,A,0.0
23/11/2025,2526,Parma,Verona,Away,7.0,2.0,1.0,A,0.0
23/12/06,607,Parma,Lazio,Home,5.0,1.0,3.0,A,0.0
24/01/2021,2021,Parma,Sampdoria,Home,7.0,0.0,2.0,A,0.0
24/02/13,1213,Parma,Catania,Home,3.0,1.0,2.0,A,0.0
24/02/14,1314,Parma,Fiorentina,Home,5.0,2.0,2.0,D,1.0
24/02/2019,1819,Parma,Napoli,Home,2.0,0.0,4.0,A,0.0
24/03/10,910,Parma,Milan,Home,4.0,1.0,0.0,H,0.0
24/04/2021,2021,Parma,Crotone,Home,4.0,3.0,4.0,A,0.0
24/05/15,1415,Parma,Verona,Home,7.0,2.0,2.0,D,0.0
24/05/2026,2526,Parma,Sassuolo,Home,3.0,1.0,0.0,H,0.0
24/08/2019,1920,Parma,Juventus,Home,4.0,0.0,1.0,A,0.0
24/08/2024,2425,Parma,Milan,Home,5.0,2.0,1.0,H,0.0
24/08/2025,2526,Parma,Juventus,Away,2.0,0.0,2.0,H,0.0
24/09/05,506,Parma,Juventus,Home,3.0,1.0,2.0,A,0.0
24/09/06,607,Parma,Roma,Home,4.0,0.0,4.0,A,0.0
24/09/14,1415,Parma,Roma,Home,4.0,1.0,2.0,A,0.0
24/10/10,1011,Parma,Roma,Home,1.0,0.0,0.0,D,0.0
24/11/2019,1920,Parma,Bologna,Away,7.0,2.0,2.0,D,0.0
25/01/15,1415,Parma,Cesena,Home,2.0,1.0,2.0,A,0.0
25/01/2026,2526,Parma,Atalanta,Away,2.0,0.0,4.0,H,0.0
25/02/06,506,Parma,Fiorentina,Home,7.0,2.0,4.0,A,0.0
25/02/07,607,Parma,Udinese,Away,4.0,3.0,3.0,D,0.0
25/02/12,1112,Parma,Genoa,Away,4.0,2.0,2.0,D,1.0
25/03/06,506,Parma,Inter,Home,9.0,1.0,0.0,H,0.0
25/03/12,1112,Parma,Cesena,Away,7.0,2.0,2.0,D,0.0
25/04/10,910,Parma,Bologna,Away,4.0,1.0,2.0,H,1.0
25/04/12,1112,Parma,Palermo,Away,4.0,2.0,1.0,A,0.0
25/04/2026,2526,Parma,Pisa,Home,5.0,1.0,0.0,H,0.0
25/05/2025,2425,Parma,Atalanta,Away,10.0,3.0,2.0,A,0.0
25/07/2020,1920,Parma,Brescia,Away,6.0,2.0,1.0,A,0.0
25/08/12,1213,Parma,Juventus,Away,5.0,0.0,2.0,H,0.0
25/08/13,1314,Parma,Chievo,Home,4.0,0.0,0.0,D,0.0
25/09/11,1112,Parma,Roma,Home,4.0,0.0,1.0,A,0.0
25/09/13,1314,Parma,Atalanta,Home,6.0,4.0,3.0,H,1.0
25/09/2019,1920,Parma,Sassuolo,Home,4.0,1.0,0.0,H,0.0
25/10/06,607,Parma,Reggina,Away,5.0,2.0,3.0,H,1.0
25/10/09,910,Parma,Atalanta,Away,7.0,1.0,3.0,H,0.0
25/10/14,1415,Parma,Sassuolo,Home,4.0,1.0,3.0,A,0.0
25/10/2020,2021,Parma,Spezia,Home,7.0,2.0,2.0,D,0.0
25/10/2025,2526,Parma,Como,Home,3.0,0.0,0.0,D,0.0
25/11/07,708,Parma,Lazio,Away,1.0,0.0,1.0,H,0.0
25/11/2018,1819,Parma,Sassuolo,Home,4.0,2.0,1.0,H,0.0
26/01/14,1314,Parma,Udinese,Home,5.0,1.0,0.0,H,0.0
26/01/2020,1920,Parma,Udinese,Home,5.0,2.0,0.0,H,0.0
26/01/2025,2425,Parma,Milan,Away,5.0,2.0,3.0,H,0.0
26/03/14,1314,Parma,Juventus,Away,3.0,1.0,2.0,H,1.0
26/04/15,1415,Parma,Palermo,Home,5.0,1.0,0.0,H,0.0
26/05/2019,1819,Parma,Roma,Away,5.0,1.0,2.0,H,0.0
26/08/07,708,Parma,Catania,Home,8.0,2.0,2.0,D,0.0
26/08/2018,1819,Parma,Spal,Away,0.0,0.0,1.0,H,0.0
26/09/07,708,Parma,Torino,Home,6.0,2.0,0.0,H,0.0
26/09/10,1011,Parma,Fiorentina,Away,2.0,0.0,2.0,H,0.0
26/09/12,1213,Parma,Genoa,Away,4.0,1.0,1.0,D,0.0
26/09/2018,1819,Parma,Napoli,Away,0.0,0.0,3.0,H,0.0
26/10/05,506,Parma,Messina,Home,5.0,1.0,1.0,D,0.0
26/10/11,1112,Parma,Milan,Away,2.0,1.0,4.0,H,0.0
26/10/2019,1920,Parma,Inter,Away,5.0,2.0,2.0,D,0.0
26/11/06,607,Parma,Catania,Away,3.0,0.0,2.0,H,1.0
26/11/11,1112,Parma,Novara,Away,4.0,1.0,2.0,H,0.0
26/11/12,1213,Parma,Inter,Home,5.0,1.0,0.0,H,0.0
26/12/2018,1819,Parma,Fiorentina,Away,2.0,1.0,0.0,A,0.0
27/01/08,708,Parma,Catania,Away,2.0,0.0,0.0,D,0.0
27/01/13,1213,Parma,Napoli,Home,4.0,1.0,2.0,A,0.0
27/01/2019,1819,Parma,Spal,Home,5.0,2.0,3.0,A,0.0
27/02/08,708,Parma,Udinese,Home,4.0,2.0,0.0,H,0.0
27/02/11,1011,Parma,Roma,Away,3.0,2.0,2.0,D,1.0
27/02/2021,2021,Parma,Spezia,Away,5.0,2.0,2.0,D,0.0
27/02/2026,2526,Parma,Cagliari,Home,4.0,1.0,1.0,D,0.0
27/04/08,708,Parma,Reggina,Away,1.0,1.0,2.0,H,1.0
27/04/14,1314,Parma,Cagliari,Away,4.0,0.0,1.0,H,1.0
27/05/07,607,Parma,Empoli,Home,12.0,3.0,1.0,H,0.0
27/09/09,910,Parma,Cagliari,Home,1.0,0.0,2.0,A,0.0
27/10/13,1314,Parma,Milan,Home,8.0,3.0,2.0,H,0.0
27/10/2018,1819,Parma,Atalanta,Away,5.0,0.0,3.0,H,0.0
27/10/2024,2425,Parma,Empoli,Home,4.0,1.0,1.0,D,0.0
27/11/05,506,Parma,Udinese,Home,2.0,1.0,2.0,A,0.0
27/12/2025,2526,Parma,Fiorentina,Home,2.0,1.0,0.0,H,0.0
28/01/07,607,Parma,Milan,Away,2.0,0.0,1.0,H,0.0
28/01/12,1112,Parma,Catania,Away,1.0,1.0,1.0,D,0.0
28/02/07,607,Parma,Ascoli,Away,6.0,0.0,0.0,D,0.0
28/02/10,910,Parma,Sampdoria,Home,5.0,1.0,0.0,H,0.0
28/03/10,910,Parma,Chievo,Away,3.0,0.0,0.0,D,0.0
28/04/13,1213,Parma,Lazio,Home,3.0,0.0,0.0,D,0.0
28/04/2019,1819,Parma,Chievo,Away,2.0,1.0,1.0,D,0.0
28/04/2025,2425,Parma,Lazio,Away,5.0,2.0,2.0,D,0.0
28/06/2020,1920,Parma,Inter,Home,2.0,1.0,2.0,A,1.0
28/07/2020,1920,Parma,Atalanta,Home,6.0,1.0,2.0,A,0.0
28/08/05,506,Parma,Palermo,Home,3.0,1.0,1.0,D,0.0
28/09/2020,2021,Parma,Bologna,Away,4.0,1.0,4.0,H,1.0
28/10/07,708,Parma,Livorno,Home,8.0,3.0,2.0,H,0.0
28/10/09,910,Parma,Bari,Home,2.0,2.0,0.0,H,0.0
28/10/12,1213,Parma,Torino,Away,5.0,3.0,1.0,A,0.0
28/11/10,1011,Parma,Inter,Away,7.0,2.0,5.0,H,0.0
28/12/2024,2425,Parma,Monza,Home,3.0,2.0,1.0,H,0.0
29/01/06,506,Parma,Empoli,Away,4.0,2.0,1.0,A,0.0
29/04/07,607,Parma,Cagliari,Home,5.0,2.0,1.0,H,0.0
29/04/12,1112,Parma,Lecce,Away,2.0,2.0,1.0,A,0.0
29/04/15,1415,Parma,Lazio,Away,3.0,0.0,4.0,H,0.0
29/08/10,1011,Parma,Brescia,Home,9.0,2.0,0.0,H,0.0
29/09/12,1213,Parma,Milan,Home,2.0,1.0,1.0,D,0.0
29/09/14,1415,Parma,Udinese,Away,6.0,2.0,4.0,H,1.0
29/09/2025,2526,Parma,Torino,Home,2.0,2.0,1.0,H,0.0
29/10/06,607,Parma,Atalanta,Home,6.0,3.0,1.0,H,0.0
29/10/14,1415,Parma,Torino,Away,2.0,0.0,1.0,H,1.0
29/10/2019,1920,Parma,Verona,Home,7.0,0.0,1.0,A,0.0
29/10/2025,2526,Parma,Roma,Away,5.0,1.0,2.0,H,0.0
29/11/09,910,Parma,Napoli,Home,5.0,1.0,1.0,D,0.0
29/11/2025,2526,Parma,Udinese,Home,2.0,0.0,2.0,A,1.0
29/12/2018,1819,Parma,Roma,Home,2.0,0.0,2.0,A,0.0
30/01/11,1011,Parma,Genoa,Away,4.0,1.0,3.0,H,0.0
30/03/13,1213,Parma,Pescara,Home,8.0,3.0,0.0,H,0.0
30/03/14,1314,Parma,Lazio,Away,3.0,2.0,3.0,H,0.0
30/04/06,506,Parma,Cagliari,Away,3.0,1.0,3.0,H,0.0
30/08/09,910,Parma,Catania,Home,9.0,2.0,1.0,H,0.0
30/08/2025,2526,Parma,Atalanta,Home,3.0,1.0,1.0,D,0.0
30/09/07,708,Parma,Udinese,Away,2.0,1.0,2.0,H,0.0
30/09/13,1314,Parma,Fiorentina,Away,5.0,2.0,2.0,D,0.0
30/09/2018,1819,Parma,Empoli,Home,3.0,1.0,0.0,H,0.0
30/09/2019,1920,Parma,Torino,Home,7.0,3.0,2.0,H,0.0
30/09/2024,2425,Parma,Cagliari,Home,4.0,2.0,3.0,A,0.0
30/10/05,506,Parma,Livorno,Away,5.0,0.0,2.0,H,0.0
30/10/11,1112,Parma,Cesena,Home,7.0,2.0,0.0,H,0.0
30/10/13,1314,Parma,Genoa,Away,3.0,0.0,1.0,H,0.0
30/10/2024,2425,Parma,Juventus,Away,5.0,2.0,2.0,D,0.0
30/11/13,1314,Parma,Bologna,Home,8.0,1.0,1.0,D,0.0
30/11/14,1415,Parma,Palermo,Away,5.0,1.0,2.0,H,1.0
30/11/2020,2021,Parma,Genoa,Away,3.0,2.0,1.0,A,0.0
31/01/2021,2021,Parma,Napoli,Away,1.0,0.0,2.0,H,0.0
31/01/2025,2425,Parma,Lecce,Home,7.0,1.0,3.0,A,0.0
31/03/12,1112,Parma,Lazio,Home,6.0,3.0,1.0,H,0.0
31/03/2019,1819,Parma,Atalanta,Home,4.0,1.0,3.0,A,0.0
31/03/2025,2425,Parma,Verona,Away,1.0,0.0,0.0,D,0.0
31/05/15,1415,Parma,Sampdoria,Away,3.0,2.0,2.0,D,0.0
31/08/14,1415,Parma,Cesena,Away,1.0,0.0,1.0,H,0.0
31/08/2024,2425,Parma,Napoli,Away,2.0,1.0,2.0,H,1.0
31/10/07,708,Parma,Palermo,Away,3.0,1.0,1.0,D,0.0
31/10/09,910,Parma,Milan,Away,6.0,0.0,2.0,H,0.0
31/10/10,1011,Parma,Chievo,Home,4.0,0.0,0.0,D,1.0
31/10/12,1213,Parma,Roma,Home,6.0,3.0,2.0,H,1.0
31/10/2020,2021,Parma,Inter,Away,3.0,2.0,2.0,D,0.0
01/02/17,1617,Pescara,Fiorentina,Home,3.0,1.0,2.0,A,0.0
01/09/12,1213,Pescara,Torino,Away,0.0,0.0,3.0,H,1.0
01/10/16,1617,Pescara,Chievo,Home,2.0,0.0,2.0,A,0.0
02/04/17,1617,Pescara,Milan,Home,3.0,1.0,1.0,D,0.0
02/12/12,1213,Pescara,Napoli,Away,1.0,1.0,5.0,H,1.0
03/02/13,1213,Pescara,Bologna,Home,2.0,2.0,3.0,A,0.0
03/03/13,1213,Pescara,Udinese,Home,4.0,0.0,1.0,A,0.0
04/03/17,1617,Pescara,Sampdoria,Away,4.0,1.0,3.0,H,0.0
04/11/12,1213,Pescara,Parma,Home,3.0,2.0,0.0,H,0.0
04/12/16,1617,Pescara,Cagliari,Home,2.0,1.0,1.0,D,0.0
05/02/17,1617,Pescara,Lazio,Home,6.0,2.0,6.0,A,0.0
05/05/13,1213,Pescara,Genoa,Away,1.0,1.0,4.0,H,0.0
06/01/13,1213,Pescara,Fiorentina,Away,3.0,2.0,0.0,A,0.0
06/04/13,1213,Pescara,Juventus,Away,2.0,1.0,2.0,H,1.0
06/11/16,1617,Pescara,Empoli,Home,7.0,0.0,4.0,A,0.0
07/05/17,1617,Pescara,Crotone,Home,2.0,0.0,1.0,A,1.0
07/10/12,1213,Pescara,Lazio,Home,4.0,0.0,3.0,A,0.0
08/04/17,1617,Pescara,Empoli,Away,4.0,1.0,1.0,D,0.0
08/05/13,1213,Pescara,Milan,Home,0.0,0.0,4.0,A,0.0
09/12/12,1213,Pescara,Genoa,Home,5.0,2.0,0.0,H,0.0
10/02/13,1213,Pescara,Palermo,Away,4.0,1.0,1.0,D,0.0
10/03/13,1213,Pescara,Atalanta,Away,1.0,1.0,2.0,H,0.0
10/11/12,1213,Pescara,Juventus,Home,6.0,1.0,6.0,A,0.0
10/12/16,1617,Pescara,Crotone,Away,3.0,1.0,2.0,H,1.0
11/05/13,1213,Pescara,Catania,Away,2.0,0.0,1.0,H,0.0
11/09/16,1617,Pescara,Inter,Home,5.0,1.0,2.0,A,0.0
12/01/13,1213,Pescara,Inter,Away,2.0,0.0,2.0,H,0.0
12/02/17,1617,Pescara,Torino,Away,5.0,3.0,5.0,H,0.0
12/03/17,1617,Pescara,Udinese,Home,3.0,1.0,3.0,A,0.0
13/04/13,1213,Pescara,Siena,Home,9.0,2.0,3.0,A,0.0
14/05/17,1617,Pescara,Bologna,Away,4.0,1.0,3.0,H,0.0
15/01/17,1617,Pescara,Napoli,Away,2.0,1.0,3.0,H,0.0
15/04/17,1617,Pescara,Juventus,Home,2.0,0.0,2.0,A,0.0
15/10/16,1617,Pescara,Sampdoria,Home,7.0,1.0,1.0,D,1.0
16/09/12,1213,Pescara,Sampdoria,Home,6.0,2.0,3.0,A,0.0
16/12/12,1213,Pescara,Milan,Away,5.0,1.0,4.0,H,0.0
17/02/13,1213,Pescara,Cagliari,Home,2.0,0.0,2.0,A,0.0
17/03/13,1213,Pescara,Chievo,Home,2.0,0.0,2.0,A,0.0
17/09/16,1617,Pescara,Lazio,Away,3.0,0.0,3.0,H,0.0
18/11/12,1213,Pescara,Siena,Away,4.0,0.0,1.0,H,2.0
18/12/16,1617,Pescara,Bologna,Home,1.0,0.0,3.0,A,1.0
19/02/17,1617,Pescara,Genoa,Home,6.0,5.0,0.0,H,0.0
19/03/17,1617,Pescara,Atalanta,Away,1.0,0.0,3.0,H,0.0
19/05/13,1213,Pescara,Fiorentina,Home,5.0,1.0,5.0,A,0.0
19/11/16,1617,Pescara,Juventus,Away,3.0,0.0,3.0,H,0.0
20/01/13,1213,Pescara,Torino,Home,2.0,0.0,2.0,A,1.0
21/04/13,1213,Pescara,Roma,Away,5.0,1.0,1.0,D,0.0
21/08/16,1617,Pescara,Napoli,Home,3.0,2.0,2.0,D,0.0
21/09/16,1617,Pescara,Torino,Home,4.0,0.0,0.0,D,0.0
21/10/12,1213,Pescara,Udinese,Away,6.0,0.0,1.0,H,0.0
21/12/12,1213,Pescara,Catania,Home,3.0,2.0,1.0,H,0.0
22/01/17,1617,Pescara,Sassuolo,Home,5.0,1.0,3.0,A,0.0
22/05/17,1617,Pescara,Palermo,Home,4.0,2.0,0.0,H,0.0
22/12/16,1617,Pescara,Palermo,Away,2.0,1.0,1.0,D,0.0
23/09/12,1213,Pescara,Bologna,Away,6.0,1.0,1.0,D,1.0
23/10/16,1617,Pescara,Udinese,Away,3.0,1.0,3.0,H,0.0
24/04/17,1617,Pescara,Roma,Home,4.0,1.0,4.0,A,0.0
25/02/13,1213,Pescara,Lazio,Away,1.0,0.0,2.0,H,0.0
25/09/16,1617,Pescara,Genoa,Away,4.0,1.0,1.0,D,0.0
25/11/12,1213,Pescara,Roma,Home,0.0,0.0,1.0,A,0.0
26/02/17,1617,Pescara,Chievo,Away,3.0,0.0,2.0,H,0.0
26/08/12,1213,Pescara,Inter,Home,5.0,0.0,3.0,A,0.0
26/09/12,1213,Pescara,Palermo,Home,4.0,1.0,0.0,H,0.0
26/10/16,1617,Pescara,Atalanta,Home,0.0,0.0,1.0,A,0.0
27/01/13,1213,Pescara,Sampdoria,Away,0.0,0.0,6.0,H,0.0
27/04/13,1213,Pescara,Napoli,Home,2.0,0.0,3.0,A,0.0
27/11/16,1617,Pescara,Roma,Away,7.0,2.0,3.0,H,0.0
28/01/17,1617,Pescara,Inter,Away,4.0,0.0,3.0,H,0.0
28/05/17,1617,Pescara,Fiorentina,Away,6.0,2.0,2.0,D,0.0
28/08/16,1617,Pescara,Sassuolo,Away,5.0,3.0,0.0,A,0.0
28/10/12,1213,Pescara,Atalanta,Home,4.0,0.0,0.0,D,0.0
30/03/13,1213,Pescara,Parma,Away,1.0,0.0,3.0,H,0.0
30/04/17,1617,Pescara,Cagliari,Away,8.0,0.0,1.0,H,0.0
30/09/12,1213,Pescara,Cagliari,Away,4.0,2.0,1.0,A,0.0
30/10/16,1617,Pescara,Milan,Away,6.0,0.0,1.0,H,0.0
31/10/12,1213,Pescara,Chievo,Away,3.0,0.0,2.0,H,1.0
01/05/2026,2526,Pisa,Lecce,Home,7.0,1.0,2.0,A,0.0
02/03/2026,2526,Pisa,Bologna,Home,3.0,0.0,1.0,A,0.0
02/11/2025,2526,Pisa,Torino,Away,3.0,2.0,2.0,D,0.0
03/01/2026,2526,Pisa,Genoa,Away,2.0,1.0,1.0,D,0.0
05/04/2026,2526,Pisa,Torino,Home,1.0,0.0,1.0,A,0.0
05/10/2025,2526,Pisa,Bologna,Away,0.0,0.0,4.0,H,1.0
06/01/2026,2526,Pisa,Como,Home,4.0,0.0,3.0,A,0.0
06/02/2026,2526,Pisa,Verona,Away,3.0,0.0,0.0,D,0.0
07/03/2026,2526,Pisa,Juventus,Away,2.0,0.0,4.0,H,0.0
07/11/2025,2526,Pisa,Cremonese,Home,6.0,1.0,0.0,H,0.0
08/12/2025,2526,Pisa,Parma,Home,2.0,0.0,1.0,A,1.0
10/01/2026,2526,Pisa,Udinese,Away,7.0,2.0,2.0,D,0.0
10/04/2026,2526,Pisa,Roma,Away,5.0,0.0,3.0,H,0.0
10/05/2026,2526,Pisa,Cremonese,Away,0.0,0.0,3.0,H,2.0
12/12/2025,2526,Pisa,Lecce,Away,0.0,0.0,1.0,H,0.0
13/02/2026,2526,Pisa,Milan,Home,2.0,1.0,2.0,A,0.0
14/09/2025,2526,Pisa,Udinese,Home,2.0,0.0,1.0,A,0.0
15/03/2026,2526,Pisa,Cagliari,Home,6.0,3.0,1.0,H,1.0
16/01/2026,2526,Pisa,Atalanta,Home,6.0,1.0,1.0,D,0.0
17/05/2026,2526,Pisa,Napoli,Home,2.0,0.0,3.0,A,0.0
18/10/2025,2526,Pisa,Verona,Home,0.0,0.0,0.0,D,0.0
19/04/2026,2526,Pisa,Genoa,Home,4.0,1.0,2.0,A,0.0
21/12/2025,2526,Pisa,Cagliari,Away,3.0,2.0,2.0,D,0.0
22/03/2026,2526,Pisa,Como,Away,0.0,0.0,5.0,H,0.0
22/09/2025,2526,Pisa,Napoli,Away,6.0,2.0,3.0,H,0.0
23/01/2026,2526,Pisa,Inter,Away,3.0,2.0,6.0,H,0.0
23/02/2026,2526,Pisa,Fiorentina,Away,1.0,0.0,1.0,H,0.0
23/05/2026,2526,Pisa,Lazio,Away,2.0,1.0,2.0,H,0.0
24/08/2025,2526,Pisa,Atalanta,Away,2.0,1.0,1.0,D,0.0
24/10/2025,2526,Pisa,Milan,Away,2.0,2.0,2.0,D,0.0
24/11/2025,2526,Pisa,Sassuolo,Away,3.0,2.0,2.0,D,0.0
25/04/2026,2526,Pisa,Parma,Away,3.0,0.0,1.0,H,0.0
27/12/2025,2526,Pisa,Juventus,Home,0.0,0.0,2.0,A,0.0
28/09/2025,2526,Pisa,Fiorentina,Home,1.0,0.0,0.0,D,0.0
30/08/2025,2526,Pisa,Roma,Home,3.0,0.0,1.0,A,0.0
30/10/2025,2526,Pisa,Lazio,Home,2.0,0.0,0.0,D,0.0
30/11/2025,2526,Pisa,Inter,Home,2.0,0.0,2.0,A,0.0
31/01/2026,2526,Pisa,Sassuolo,Home,6.0,1.0,3.0,A,0.0
01/02/09,809,Reggina,Roma,Home,5.0,2.0,2.0,D,0.0
01/03/09,809,Reggina,Fiorentina,Home,7.0,1.0,1.0,D,0.0
01/11/08,809,Reggina,Inter,Home,7.0,2.0,3.0,A,0.0
01/12/07,708,Reggina,Sampdoria,Away,3.0,0.0,3.0,H,1.0
02/03/08,708,Reggina,Palermo,Home,5.0,0.0,0.0,D,0.0
02/04/06,506,Reggina,Siena,Home,4.0,1.0,1.0,D,0.0
02/05/09,809,Reggina,Bologna,Away,3.0,2.0,1.0,A,0.0
02/09/07,708,Reggina,Torino,Away,5.0,2.0,2.0,D,0.0
02/10/05,506,Reggina,Milan,Away,1.0,1.0,2.0,H,0.0
03/02/08,708,Reggina,Torino,Home,3.0,1.0,3.0,A,0.0
03/12/06,607,Reggina,Udinese,Away,1.0,1.0,1.0,D,1.0
04/03/07,607,Reggina,Parma,Away,7.0,2.0,2.0,D,0.0
04/05/08,708,Reggina,Catania,Away,4.0,2.0,1.0,A,0.0
04/11/06,607,Reggina,Catania,Home,7.0,0.0,1.0,A,0.0
04/11/07,708,Reggina,Napoli,Away,3.0,1.0,1.0,D,0.0
04/12/05,506,Reggina,Parma,Home,,2.0,1.0,H,0.0
05/02/06,506,Reggina,Palermo,Home,2.0,2.0,2.0,D,0.0
05/03/06,506,Reggina,Treviso,Away,3.0,1.0,0.0,A,0.0
05/04/09,809,Reggina,Genoa,Home,2.0,0.0,1.0,A,0.0
05/10/08,809,Reggina,Catania,Home,7.0,1.0,1.0,D,0.0
05/11/05,506,Reggina,Empoli,Away,4.0,0.0,3.0,H,0.0
06/04/08,708,Reggina,Fiorentina,Away,2.0,0.0,2.0,H,0.0
06/05/07,607,Reggina,Sampdoria,Away,4.0,0.0,0.0,D,0.0
07/01/06,506,Reggina,Fiorentina,Home,3.0,1.0,1.0,D,0.0
07/02/09,809,Reggina,Milan,Away,3.0,1.0,1.0,D,0.0
07/04/07,607,Reggina,Inter,Home,4.0,0.0,0.0,D,0.0
07/05/06,506,Reggina,Fiorentina,Away,5.0,2.0,5.0,H,0.0
07/10/07,708,Reggina,Palermo,Away,5.0,1.0,1.0,D,0.0
07/12/08,809,Reggina,Bologna,Home,8.0,2.0,2.0,D,0.0
08/02/06,506,Reggina,Udinese,Away,4.0,2.0,1.0,A,0.0
08/03/08,708,Reggina,Inter,Away,8.0,0.0,2.0,H,0.0
08/03/09,809,Reggina,Lecce,Away,7.0,0.0,0.0,D,0.0
09/02/08,708,Reggina,Roma,Away,3.0,0.0,2.0,H,0.0
09/04/06,506,Reggina,Parma,Away,4.0,0.0,4.0,H,1.0
09/05/09,809,Reggina,Sampdoria,Away,5.0,0.0,5.0,H,1.0
09/11/08,809,Reggina,Genoa,Away,2.0,0.0,4.0,H,1.0
09/12/06,607,Reggina,Ascoli,Home,5.0,2.0,1.0,H,0.0
10/09/06,607,Reggina,Palermo,Away,8.0,3.0,4.0,H,1.0
11/01/09,809,Reggina,Lazio,Home,2.0,2.0,3.0,A,0.0
11/02/07,607,Reggina,Torino,Away,3.0,2.0,1.0,A,0.0
11/03/07,607,Reggina,Lazio,Home,6.0,2.0,3.0,A,0.0
11/05/08,708,Reggina,Empoli,Home,7.0,2.0,0.0,H,0.0
11/09/05,506,Reggina,Sampdoria,Away,7.0,2.0,3.0,H,1.0
11/11/07,708,Reggina,Genoa,Home,4.0,2.0,0.0,H,0.0
11/12/05,506,Reggina,Ascoli,Away,3.0,1.0,1.0,D,1.0
12/01/08,708,Reggina,Empoli,Away,3.0,1.0,1.0,D,0.0
12/02/06,506,Reggina,Milan,Home,4.0,1.0,4.0,A,0.0
12/03/06,506,Reggina,Lazio,Away,3.0,1.0,3.0,H,0.0
12/04/09,809,Reggina,Udinese,Home,8.0,0.0,2.0,A,2.0
12/11/06,607,Reggina,Siena,Away,7.0,1.0,0.0,A,0.0
13/04/08,708,Reggina,Sampdoria,Home,4.0,1.0,0.0,H,0.0
13/05/07,607,Reggina,Chievo,Home,2.0,1.0,1.0,D,0.0
14/01/07,607,Reggina,Milan,Away,6.0,1.0,3.0,H,0.0
14/05/06,506,Reggina,Juventus,Home,1.0,0.0,2.0,A,0.0
14/09/08,809,Reggina,Torino,Home,1.0,1.0,1.0,D,0.0
14/12/08,809,Reggina,Sampdoria,Home,6.0,0.0,2.0,A,0.0
15/01/06,506,Reggina,Juventus,Away,0.0,0.0,1.0,H,0.0
15/02/09,809,Reggina,Palermo,Home,3.0,0.0,0.0,D,0.0
15/03/09,809,Reggina,Napoli,Home,3.0,1.0,1.0,D,0.0
15/04/06,506,Reggina,Ascoli,Home,4.0,2.0,0.0,H,1.0
15/04/07,607,Reggina,Livorno,Away,1.0,1.0,1.0,D,0.0
15/10/06,607,Reggina,Roma,Home,3.0,1.0,0.0,H,0.0
16/03/08,708,Reggina,Siena,Home,9.0,4.0,0.0,H,0.0
16/09/06,607,Reggina,Cagliari,Home,8.0,2.0,1.0,H,0.0
16/09/07,708,Reggina,Roma,Home,2.0,0.0,2.0,A,1.0
16/10/05,506,Reggina,Lecce,Home,8.0,2.0,0.0,H,0.0
16/11/08,809,Reggina,Udinese,Away,4.0,1.0,0.0,A,0.0
16/12/07,708,Reggina,Parma,Away,2.0,0.0,3.0,H,0.0
17/01/09,809,Reggina,Siena,Away,5.0,0.0,1.0,H,0.0
17/02/08,708,Reggina,Udinese,Home,5.0,1.0,3.0,A,0.0
17/05/09,809,Reggina,Cagliari,Home,8.0,2.0,1.0,H,0.0
17/12/06,607,Reggina,Sampdoria,Home,4.0,0.0,1.0,A,0.0
18/01/06,506,Reggina,Roma,Away,4.0,1.0,3.0,H,0.0
18/02/07,607,Reggina,Atalanta,Home,3.0,1.0,1.0,D,0.0
18/03/07,607,Reggina,Catania,Away,7.0,4.0,1.0,A,0.0
18/04/07,607,Reggina,Messina,Home,8.0,3.0,1.0,H,0.0
18/05/08,708,Reggina,Cagliari,Away,3.0,2.0,2.0,D,0.0
18/09/05,506,Reggina,Chievo,Home,8.0,1.0,3.0,A,0.0
18/10/08,809,Reggina,Fiorentina,Away,1.0,0.0,3.0,H,1.0
18/12/05,506,Reggina,Inter,Home,5.0,0.0,4.0,A,0.0
19/02/06,506,Reggina,Lecce,Away,3.0,0.0,0.0,D,0.0
19/03/06,506,Reggina,Empoli,Home,3.0,0.0,2.0,A,1.0
19/03/08,708,Reggina,Livorno,Away,1.0,1.0,1.0,D,0.0
19/04/09,809,Reggina,Atalanta,Away,3.0,1.0,0.0,A,0.0
19/11/06,607,Reggina,Inter,Away,2.0,0.0,1.0,H,0.0
20/01/07,607,Reggina,Palermo,Home,1.0,0.0,0.0,D,0.0
20/01/08,708,Reggina,Cagliari,Home,3.0,2.0,0.0,H,0.0
20/04/08,708,Reggina,Milan,Away,5.0,1.0,5.0,H,0.0
20/05/07,607,Reggina,Empoli,Away,6.0,3.0,3.0,D,0.0
20/05/09,809,Reggina,Lazio,Away,5.0,0.0,1.0,H,0.0
20/09/06,607,Reggina,Messina,Away,3.0,0.0,2.0,H,0.0
20/09/08,809,Reggina,Roma,Away,1.0,0.0,3.0,H,0.0
20/10/07,708,Reggina,Inter,Home,4.0,0.0,1.0,A,0.0
20/11/05,506,Reggina,Cagliari,Home,7.0,3.0,1.0,H,1.0
20/12/06,607,Reggina,Chievo,Away,3.0,2.0,3.0,H,0.0
21/09/05,506,Reggina,Palermo,Away,3.0,0.0,1.0,H,0.0
21/12/05,506,Reggina,Messina,Away,5.0,1.0,1.0,D,1.0
21/12/08,809,Reggina,Cagliari,Away,2.0,1.0,1.0,D,0.0
22/01/06,506,Reggina,Sampdoria,Home,5.0,2.0,1.0,H,0.0
22/02/09,809,Reggina,Catania,Away,2.0,0.0,2.0,H,0.0
22/03/08,708,Reggina,Napoli,Home,2.0,1.0,1.0,D,0.0
22/03/09,809,Reggina,Inter,Away,8.0,0.0,3.0,H,0.0
22/04/06,506,Reggina,Inter,Away,2.0,0.0,4.0,H,0.0
22/04/07,607,Reggina,Udinese,Home,1.0,1.0,1.0,D,0.0
22/09/07,708,Reggina,Udinese,Away,1.0,0.0,2.0,H,0.0
22/10/06,607,Reggina,Fiorentina,Away,1.0,0.0,3.0,H,0.0
23/02/08,708,Reggina,Juventus,Home,3.0,2.0,1.0,H,0.0
23/10/05,506,Reggina,Livorno,Away,1.0,0.0,1.0,H,1.0
23/11/08,809,Reggina,Atalanta,Home,6.0,3.0,1.0,H,0.0
23/12/06,607,Reggina,Empoli,Home,6.0,4.0,1.0,H,0.0
23/12/07,708,Reggina,Catania,Home,6.0,3.0,1.0,H,0.0
24/01/09,809,Reggina,Chievo,Home,3.0,0.0,1.0,A,1.0
24/09/05,506,Reggina,Udinese,Home,4.0,2.0,0.0,H,0.0
24/09/06,607,Reggina,Torino,Home,3.0,1.0,1.0,D,0.0
24/09/08,809,Reggina,Milan,Home,7.0,1.0,2.0,A,0.0
25/02/06,506,Reggina,Livorno,Home,7.0,1.0,1.0,D,0.0
25/02/07,607,Reggina,Roma,Away,3.0,0.0,3.0,H,0.0
25/10/06,607,Reggina,Parma,Home,8.0,3.0,2.0,H,1.0
25/11/07,708,Reggina,Fiorentina,Home,1.0,0.0,0.0,D,0.0
26/03/06,506,Reggina,Cagliari,Away,2.0,2.0,0.0,A,0.0
26/04/09,809,Reggina,Juventus,Home,3.0,2.0,2.0,D,0.0
26/08/07,708,Reggina,Atalanta,Home,4.0,1.0,1.0,D,0.0
26/09/07,708,Reggina,Juventus,Away,1.0,0.0,4.0,H,0.0
26/10/05,506,Reggina,Treviso,Home,5.0,1.0,2.0,A,0.0
26/10/08,809,Reggina,Lecce,Home,3.0,2.0,0.0,H,0.0
26/11/06,607,Reggina,Livorno,Home,6.0,2.0,2.0,D,0.0
27/01/08,708,Reggina,Atalanta,Away,5.0,2.0,2.0,D,0.0
27/02/08,708,Reggina,Lazio,Away,2.0,0.0,1.0,H,0.0
27/04/08,708,Reggina,Parma,Home,10.0,2.0,1.0,H,0.0
27/05/07,607,Reggina,Milan,Home,3.0,2.0,0.0,H,0.0
27/11/05,506,Reggina,Siena,Away,2.0,0.0,0.0,D,0.0
28/01/07,607,Reggina,Cagliari,Away,5.0,2.0,0.0,A,0.0
28/01/09,809,Reggina,Torino,Away,3.0,0.0,0.0,D,0.0
28/02/07,607,Reggina,Fiorentina,Home,5.0,1.0,1.0,D,0.0
28/08/05,506,Reggina,Roma,Home,3.0,0.0,3.0,A,1.0
28/09/08,809,Reggina,Palermo,Away,1.0,0.0,1.0,H,0.0
28/10/07,708,Reggina,Siena,Away,1.0,0.0,0.0,D,0.0
29/01/06,506,Reggina,Chievo,Away,5.0,0.0,4.0,H,0.0
29/04/07,607,Reggina,Ascoli,Away,8.0,3.0,2.0,A,0.0
29/10/06,607,Reggina,Lazio,Away,3.0,0.0,0.0,D,0.0
29/10/08,809,Reggina,Napoli,Away,0.0,0.0,3.0,H,0.0
29/11/08,809,Reggina,Juventus,Away,1.0,0.0,4.0,H,0.0
30/01/08,708,Reggina,Milan,Home,2.0,0.0,1.0,A,0.0
30/03/08,708,Reggina,Genoa,Away,4.0,0.0,2.0,H,0.0
30/04/06,506,Reggina,Messina,Home,8.0,3.0,0.0,H,0.0
30/09/06,607,Reggina,Atalanta,Away,2.0,1.0,1.0,D,0.0
30/09/07,708,Reggina,Lazio,Home,3.0,1.0,1.0,D,1.0
30/10/05,506,Reggina,Lazio,Home,5.0,1.0,0.0,H,0.0
31/03/07,607,Reggina,Siena,Home,3.0,0.0,1.0,A,1.0
31/05/09,809,Reggina,Siena,Home,3.0,1.0,1.0,D,0.0
31/08/08,809,Reggina,Chievo,Away,2.0,1.0,2.0,H,0.0
31/10/07,708,Reggina,Livorno,Home,1.0,1.0,3.0,A,0.0
01/02/09,809,Roma,Reggina,Away,7.0,2.0,2.0,D,0.0
01/02/12,1112,Roma,Cagliari,Away,6.0,2.0,4.0,H,0.0
01/02/13,1213,Roma,Cagliari,Home,8.0,2.0,4.0,A,0.0
01/02/2020,1920,Roma,Sassuolo,Away,9.0,2.0,4.0,H,1.0
01/03/08,708,Roma,Parma,Home,5.0,4.0,0.0,H,0.0
01/03/09,809,Roma,Inter,Away,10.0,3.0,3.0,D,0.0
01/03/14,1314,Roma,Inter,Home,4.0,0.0,0.0,D,0.0
01/03/2020,1920,Roma,Cagliari,Away,14.0,4.0,3.0,A,0.0
01/03/2026,2526,Roma,Juventus,Home,5.0,3.0,3.0,D,0.0
01/04/12,1112,Roma,Novara,Home,8.0,5.0,2.0,H,0.0
01/04/17,1617,Roma,Empoli,Home,5.0,2.0,0.0,H,0.0
01/04/2024,2324,Roma,Lecce,Away,3.0,0.0,0.0,D,0.0
01/05/10,910,Roma,Parma,Away,4.0,2.0,1.0,A,0.0
01/05/11,1011,Roma,Bari,Away,5.0,3.0,2.0,A,2.0
01/05/12,1112,Roma,Chievo,Away,4.0,0.0,0.0,D,0.0
01/05/2022,2122,Roma,Bologna,Home,5.0,0.0,0.0,D,0.0
01/08/2020,1920,Roma,Juventus,Away,7.0,3.0,1.0,A,0.0
01/09/13,1314,Roma,Verona,Home,11.0,3.0,0.0,H,0.0
01/09/2019,1920,Roma,Lazio,Away,5.0,1.0,1.0,D,0.0
01/09/2023,2324,Roma,Milan,Home,2.0,1.0,2.0,A,0.0
01/09/2024,2425,Roma,Juventus,Away,1.0,0.0,0.0,D,0.0
01/10/06,607,Roma,Empoli,Home,7.0,1.0,0.0,H,0.0
01/10/11,1112,Roma,Atalanta,Home,6.0,3.0,1.0,H,0.0
01/10/17,1718,Roma,Milan,Away,6.0,2.0,0.0,A,0.0
01/10/2022,2223,Roma,Inter,Away,3.0,2.0,1.0,A,0.0
01/10/2023,2324,Roma,Frosinone,Home,5.0,2.0,0.0,H,0.0
01/11/08,809,Roma,Juventus,Away,0.0,0.0,2.0,H,0.0
01/11/09,910,Roma,Bologna,Home,9.0,2.0,1.0,H,0.0
01/11/14,1415,Roma,Napoli,Away,2.0,0.0,2.0,H,0.0
01/11/2020,2021,Roma,Fiorentina,Home,7.0,2.0,0.0,H,0.0
01/12/13,1314,Roma,Atalanta,Away,7.0,1.0,1.0,D,0.0
01/12/17,1718,Roma,Spal,Home,15.0,3.0,1.0,H,0.0
01/12/2019,1920,Roma,Verona,Away,5.0,3.0,1.0,A,0.0
01/12/2021,2122,Roma,Bologna,Away,5.0,0.0,1.0,H,0.0
02/02/11,1011,Roma,Brescia,Home,5.0,1.0,1.0,D,0.0
02/02/16,1516,Roma,Sassuolo,Away,5.0,2.0,0.0,A,1.0
02/02/2025,2425,Roma,Napoli,Home,2.0,1.0,1.0,D,0.0
02/02/2026,2526,Roma,Udinese,Away,3.0,0.0,1.0,H,0.0
02/03/15,1415,Roma,Juventus,Home,3.0,1.0,1.0,D,1.0
02/03/2019,1819,Roma,Lazio,Away,3.0,0.0,3.0,H,1.0
02/03/2024,2324,Roma,Monza,Away,6.0,4.0,1.0,A,0.0
02/03/2025,2425,Roma,Como,Home,4.0,2.0,1.0,H,0.0
02/04/06,506,Roma,Fiorentina,Away,7.0,1.0,1.0,D,0.0
02/04/14,1314,Roma,Parma,Home,6.0,4.0,2.0,H,0.0
02/04/2023,2223,Roma,Sampdoria,Home,11.0,3.0,0.0,H,0.0
02/05/16,1516,Roma,Genoa,Away,8.0,3.0,2.0,A,0.0
02/05/2021,2021,Roma,Sampdoria,Away,5.0,0.0,2.0,H,0.0
02/07/2020,1920,Roma,Udinese,Home,6.0,0.0,2.0,A,1.0
02/09/07,708,Roma,Siena,Home,9.0,3.0,0.0,H,0.0
02/09/12,1213,Roma,Inter,Away,3.0,3.0,1.0,A,1.0
02/10/05,506,Roma,Siena,Home,9.0,2.0,3.0,A,0.0
02/10/16,1617,Roma,Inter,Home,8.0,2.0,1.0,H,0.0
02/11/2019,1920,Roma,Napoli,Home,7.0,2.0,1.0,H,1.0
02/11/2025,2526,Roma,Milan,Away,6.0,0.0,1.0,H,0.0
02/12/06,607,Roma,Atalanta,Home,5.0,2.0,1.0,H,0.0
02/12/07,708,Roma,Udinese,Home,8.0,2.0,1.0,H,0.0
02/12/12,1213,Roma,Siena,Away,7.0,3.0,1.0,A,0.0
02/12/2018,1819,Roma,Inter,Home,6.0,2.0,2.0,D,0.0
02/12/2024,2425,Roma,Atalanta,Home,1.0,0.0,2.0,A,0.0
03/01/2021,2021,Roma,Sampdoria,Home,8.0,1.0,0.0,H,0.0
03/01/2026,2526,Roma,Atalanta,Away,4.0,0.0,1.0,H,0.0
03/02/08,708,Roma,Siena,Away,4.0,0.0,3.0,H,0.0
03/02/2019,1819,Roma,Milan,Home,9.0,1.0,1.0,D,0.0
03/03/07,607,Roma,Ascoli,Away,9.0,1.0,1.0,D,0.0
03/03/13,1213,Roma,Genoa,Home,3.0,3.0,1.0,H,0.0
03/03/18,1718,Roma,Napoli,Away,5.0,4.0,2.0,A,0.0
03/03/2021,2021,Roma,Fiorentina,Away,6.0,2.0,1.0,A,0.0
03/04/10,910,Roma,Bari,Away,2.0,1.0,0.0,A,0.0
03/04/11,1011,Roma,Juventus,Home,5.0,0.0,2.0,A,0.0
03/04/16,1516,Roma,Lazio,Away,6.0,4.0,1.0,A,0.0
03/04/2019,1819,Roma,Fiorentina,Home,6.0,2.0,2.0,D,0.0
03/04/2021,2021,Roma,Sassuolo,Away,9.0,2.0,2.0,D,0.0
03/04/2022,2122,Roma,Sampdoria,Away,1.0,1.0,0.0,A,0.0
03/05/09,809,Roma,Chievo,Home,9.0,0.0,0.0,D,0.0
03/05/15,1415,Roma,Genoa,Home,6.0,2.0,0.0,H,0.0
03/05/2023,2223,Roma,Monza,Away,8.0,1.0,1.0,D,1.0
03/10/10,1011,Roma,Napoli,Away,2.0,0.0,2.0,H,0.0
03/10/2020,2021,Roma,Udinese,Away,3.0,1.0,0.0,A,0.0
03/10/2021,2122,Roma,Empoli,Home,7.0,2.0,0.0,H,0.0
03/11/13,1314,Roma,Torino,Away,3.0,1.0,1.0,D,0.0
03/11/2018,1819,Roma,Fiorentina,Away,6.0,1.0,1.0,D,0.0
03/11/2024,2425,Roma,Verona,Away,3.0,2.0,3.0,H,0.0
03/12/2023,2324,Roma,Sassuolo,Away,7.0,2.0,1.0,A,0.0
04/01/2023,2223,Roma,Bologna,Home,4.0,1.0,0.0,H,0.0
04/02/06,506,Roma,Parma,Away,10.0,3.0,0.0,A,0.0
04/02/12,1112,Roma,Inter,Home,6.0,4.0,0.0,H,0.0
04/02/18,1718,Roma,Verona,Away,8.0,1.0,0.0,A,1.0
04/02/2023,2223,Roma,Empoli,Home,6.0,2.0,0.0,H,0.0
04/03/11,1011,Roma,Lecce,Away,4.0,2.0,1.0,A,0.0
04/03/12,1112,Roma,Lazio,Home,1.0,1.0,2.0,A,1.0
04/03/16,1516,Roma,Fiorentina,Home,7.0,4.0,1.0,H,0.0
04/03/17,1617,Roma,Napoli,Home,4.0,1.0,2.0,A,0.0
04/04/15,1415,Roma,Napoli,Home,2.0,1.0,0.0,H,0.0
04/05/08,708,Roma,Sampdoria,Away,6.0,3.0,0.0,A,0.0
04/05/13,1213,Roma,Fiorentina,Away,3.0,1.0,0.0,A,0.0
04/05/14,1314,Roma,Catania,Away,4.0,1.0,4.0,H,0.0
04/05/2025,2425,Roma,Fiorentina,Home,4.0,1.0,0.0,H,0.0
04/05/2026,2526,Roma,Fiorentina,Home,7.0,4.0,0.0,H,0.0
04/06/2023,2223,Roma,Spezia,Home,5.0,2.0,1.0,H,0.0
04/09/2022,2223,Roma,Udinese,Away,2.0,0.0,4.0,H,0.0
04/10/09,910,Roma,Napoli,Home,3.0,2.0,1.0,H,0.0
04/10/15,1516,Roma,Palermo,Away,8.0,4.0,2.0,A,0.0
04/11/07,708,Roma,Empoli,Away,7.0,2.0,2.0,D,0.0
04/11/12,1213,Roma,Palermo,Home,11.0,4.0,1.0,H,1.0
04/12/05,506,Roma,Lecce,Away,,2.0,2.0,D,0.0
04/12/10,1011,Roma,Chievo,Away,4.0,2.0,2.0,D,1.0
04/12/11,1112,Roma,Fiorentina,Away,2.0,0.0,3.0,H,3.0
04/12/16,1617,Roma,Lazio,Away,4.0,2.0,0.0,A,0.0
04/12/2021,2122,Roma,Inter,Home,1.0,0.0,3.0,A,0.0
05/01/14,1314,Roma,Juventus,Away,4.0,0.0,3.0,H,2.0
05/01/2020,1920,Roma,Torino,Home,11.0,0.0,2.0,A,0.0
05/01/2025,2425,Roma,Lazio,Home,5.0,2.0,0.0,H,0.0
05/02/2022,2122,Roma,Genoa,Home,3.0,0.0,0.0,D,1.0
05/02/2024,2324,Roma,Cagliari,Home,6.0,4.0,0.0,H,0.0
05/03/06,506,Roma,Inter,Home,3.0,1.0,1.0,D,0.0
05/03/2022,2122,Roma,Atalanta,Home,4.0,1.0,0.0,H,1.0
05/03/2023,2223,Roma,Juventus,Home,2.0,1.0,0.0,H,0.0
05/04/08,708,Roma,Genoa,Home,4.0,3.0,2.0,H,0.0
05/04/09,809,Roma,Bologna,Home,6.0,2.0,1.0,H,0.0
05/04/2026,2526,Roma,Inter,Away,3.0,2.0,5.0,H,0.0
05/05/12,1112,Roma,Catania,Home,11.0,2.0,2.0,D,0.0
05/05/2019,1819,Roma,Genoa,Away,5.0,1.0,1.0,D,0.0
05/05/2024,2324,Roma,Juventus,Home,5.0,1.0,1.0,D,0.0
05/07/2020,1920,Roma,Napoli,Away,4.0,1.0,2.0,H,0.0
05/10/08,809,Roma,Siena,Away,6.0,0.0,1.0,H,2.0
05/10/13,1314,Roma,Inter,Away,5.0,3.0,0.0,A,1.0
05/10/14,1415,Roma,Juventus,Away,2.0,2.0,3.0,H,1.0
05/10/2025,2526,Roma,Fiorentina,Away,3.0,2.0,1.0,A,0.0
05/11/06,607,Roma,Fiorentina,Home,6.0,3.0,1.0,H,0.0
05/11/11,1112,Roma,Novara,Away,9.0,2.0,0.0,A,0.0
05/11/17,1718,Roma,Fiorentina,Away,10.0,4.0,2.0,A,0.0
05/11/2023,2324,Roma,Lecce,Home,5.0,2.0,1.0,H,0.0
05/12/07,708,Roma,Cagliari,Home,3.0,2.0,0.0,H,0.0
05/12/15,1516,Roma,Torino,Away,3.0,1.0,1.0,D,0.0
06/01/10,910,Roma,Cagliari,Away,2.0,2.0,2.0,D,0.0
06/01/11,1011,Roma,Catania,Home,9.0,4.0,2.0,H,0.0
06/01/13,1213,Roma,Napoli,Away,8.0,1.0,4.0,H,1.0
06/01/15,1415,Roma,Udinese,Away,7.0,1.0,0.0,A,0.0
06/01/16,1516,Roma,Chievo,Away,5.0,3.0,3.0,D,0.0
06/01/18,1718,Roma,Atalanta,Home,5.0,1.0,2.0,A,0.0
06/01/2021,2021,Roma,Crotone,Away,5.0,3.0,1.0,A,0.0
06/01/2022,2122,Roma,Milan,Away,5.0,1.0,3.0,H,2.0
06/01/2026,2526,Roma,Lecce,Away,3.0,2.0,0.0,A,0.0
06/02/11,1011,Roma,Inter,Away,8.0,3.0,5.0,H,1.0
06/02/2021,2021,Roma,Juventus,Away,3.0,0.0,2.0,H,0.0
06/03/10,910,Roma,Milan,Home,3.0,0.0,0.0,D,0.0
06/04/14,1314,Roma,Cagliari,Away,3.0,3.0,1.0,A,0.0
06/04/2019,1819,Roma,Sampdoria,Away,5.0,1.0,0.0,A,0.0
06/04/2024,2324,Roma,Lazio,Home,3.0,1.0,0.0,H,0.0
06/04/2025,2425,Roma,Juventus,Home,4.0,1.0,1.0,D,0.0
06/05/07,607,Roma,Palermo,Away,7.0,2.0,1.0,A,0.0
06/05/18,1718,Roma,Cagliari,Away,1.0,1.0,0.0,A,0.0
06/05/2023,2223,Roma,Inter,Home,3.0,0.0,2.0,A,0.0
06/10/2018,1819,Roma,Empoli,Away,4.0,2.0,0.0,A,0.0
06/10/2019,1920,Roma,Cagliari,Home,8.0,1.0,1.0,D,0.0
06/10/2024,2425,Roma,Monza,Away,4.0,1.0,1.0,D,0.0
06/11/05,506,Roma,Messina,Away,5.0,2.0,0.0,A,0.0
06/11/16,1617,Roma,Bologna,Home,8.0,3.0,0.0,H,0.0
06/11/2022,2223,Roma,Lazio,Home,2.0,0.0,1.0,A,0.0
06/12/08,809,Roma,Chievo,Away,8.0,1.0,0.0,A,1.0
06/12/09,910,Roma,Lazio,Home,6.0,1.0,0.0,H,1.0
06/12/14,1415,Roma,Sassuolo,Home,5.0,2.0,2.0,D,1.0
06/12/2019,1920,Roma,Inter,Away,2.0,0.0,0.0,D,0.0
06/12/2020,2021,Roma,Sassuolo,Home,5.0,0.0,0.0,D,1.0
07/01/2024,2324,Roma,Atalanta,Home,6.0,1.0,1.0,D,0.0
07/02/10,910,Roma,Fiorentina,Away,2.0,1.0,0.0,A,0.0
07/02/16,1516,Roma,Sampdoria,Home,4.0,2.0,1.0,H,0.0
07/02/17,1617,Roma,Fiorentina,Home,8.0,4.0,0.0,H,0.0
07/02/2020,1920,Roma,Bologna,Home,10.0,2.0,3.0,A,1.0
07/03/09,809,Roma,Udinese,Home,4.0,1.0,1.0,D,1.0
07/03/2021,2021,Roma,Genoa,Home,4.0,1.0,0.0,H,0.0
07/04/07,607,Roma,Catania,Away,7.0,2.0,0.0,A,0.0
07/04/12,1112,Roma,Lecce,Away,7.0,2.0,4.0,H,0.0
07/04/18,1718,Roma,Fiorentina,Home,9.0,0.0,2.0,A,0.0
07/05/06,506,Roma,Treviso,Home,5.0,1.0,0.0,H,0.0
07/05/11,1011,Roma,Milan,Home,2.0,0.0,0.0,D,0.0
07/05/13,1213,Roma,Chievo,Home,4.0,0.0,1.0,A,0.0
07/05/17,1617,Roma,Milan,Away,10.0,4.0,1.0,A,0.0
07/10/07,708,Roma,Parma,Away,5.0,3.0,0.0,A,0.0
07/10/12,1213,Roma,Atalanta,Home,7.0,2.0,0.0,H,0.0
07/11/10,1011,Roma,Lazio,Away,6.0,2.0,0.0,A,0.0
07/11/2021,2122,Roma,Venezia,Away,10.0,2.0,3.0,H,0.0
07/12/2024,2425,Roma,Lecce,Home,9.0,4.0,1.0,H,0.0
07/12/2025,2526,Roma,Cagliari,Away,2.0,0.0,1.0,H,1.0
08/01/06,506,Roma,Treviso,Away,4.0,1.0,0.0,A,0.0
08/01/12,1112,Roma,Chievo,Home,8.0,2.0,0.0,H,0.0
08/01/17,1617,Roma,Genoa,Away,3.0,1.0,0.0,A,0.0
08/01/2023,2223,Roma,Milan,Away,3.0,2.0,2.0,D,0.0
08/02/06,506,Roma,Cagliari,Home,12.0,4.0,3.0,H,1.0
08/02/09,809,Roma,Genoa,Home,7.0,3.0,0.0,H,1.0
08/02/12,1112,Roma,Catania,Away,4.0,1.0,1.0,D,0.0
08/02/15,1415,Roma,Cagliari,Away,6.0,2.0,1.0,A,0.0
08/02/2019,1819,Roma,Chievo,Away,9.0,3.0,0.0,A,0.0
08/03/15,1415,Roma,Chievo,Away,3.0,0.0,0.0,D,0.0
08/03/2026,2526,Roma,Genoa,Away,1.0,1.0,2.0,H,0.0
08/04/13,1213,Roma,Lazio,Home,6.0,1.0,1.0,D,0.0
08/04/2023,2223,Roma,Torino,Away,1.0,1.0,0.0,A,0.0
08/05/16,1516,Roma,Chievo,Home,11.0,3.0,0.0,H,0.0
08/07/2020,1920,Roma,Parma,Home,7.0,2.0,1.0,H,0.0
08/10/2023,2324,Roma,Cagliari,Away,5.0,4.0,1.0,A,0.0
08/11/08,809,Roma,Bologna,Away,3.0,1.0,1.0,D,0.0
08/11/09,910,Roma,Inter,Away,4.0,1.0,1.0,D,0.0
08/11/15,1516,Roma,Lazio,Home,2.0,2.0,0.0,H,0.0
08/11/2020,2021,Roma,Genoa,Away,11.0,3.0,1.0,A,0.0
08/12/12,1213,Roma,Fiorentina,Home,9.0,4.0,2.0,H,0.0
08/12/13,1314,Roma,Fiorentina,Home,9.0,2.0,1.0,H,1.0
08/12/2018,1819,Roma,Cagliari,Away,7.0,2.0,2.0,D,0.0
09/01/10,910,Roma,Chievo,Home,3.0,1.0,0.0,H,1.0
09/01/11,1011,Roma,Sampdoria,Away,4.0,1.0,2.0,H,1.0
09/01/16,1516,Roma,Milan,Home,5.0,1.0,1.0,D,0.0
09/01/2022,2122,Roma,Juventus,Home,7.0,3.0,4.0,A,0.0
09/02/08,708,Roma,Reggina,Home,7.0,2.0,0.0,H,0.0
09/02/14,1314,Roma,Lazio,Away,4.0,0.0,0.0,D,0.0
09/02/2025,2425,Roma,Venezia,Away,5.0,1.0,0.0,A,0.0
09/02/2026,2526,Roma,Cagliari,Home,5.0,2.0,0.0,H,0.0
09/03/08,708,Roma,Napoli,Away,6.0,2.0,0.0,A,0.0
09/03/13,1213,Roma,Udinese,Away,4.0,1.0,1.0,D,0.0
09/03/14,1314,Roma,Napoli,Away,6.0,0.0,1.0,H,0.0
09/03/18,1718,Roma,Torino,Home,5.0,3.0,0.0,H,0.0
09/03/2025,2425,Roma,Empoli,Away,7.0,1.0,0.0,A,0.0
09/04/06,506,Roma,Lecce,Home,5.0,3.0,1.0,H,0.0
09/04/11,1011,Roma,Udinese,Away,2.0,2.0,1.0,A,0.0
09/04/17,1617,Roma,Bologna,Away,5.0,3.0,0.0,A,0.0
09/05/10,910,Roma,Cagliari,Home,11.0,2.0,1.0,H,0.0
09/05/15,1415,Roma,Milan,Away,3.0,1.0,2.0,H,0.0
09/05/2021,2021,Roma,Crotone,Home,13.0,5.0,0.0,H,0.0
09/05/2022,2122,Roma,Fiorentina,Away,1.0,0.0,2.0,H,0.0
09/09/06,607,Roma,Livorno,Home,7.0,2.0,0.0,H,0.0
09/10/2022,2223,Roma,Lecce,Home,6.0,2.0,1.0,H,0.0
09/11/14,1415,Roma,Torino,Home,8.0,3.0,0.0,H,0.0
09/11/2022,2223,Roma,Sassuolo,Away,4.0,1.0,1.0,D,0.0
09/11/2025,2526,Roma,Udinese,Home,4.0,2.0,0.0,H,0.0
09/12/07,708,Roma,Livorno,Away,6.0,1.0,1.0,D,0.0
10/01/2021,2021,Roma,Inter,Home,8.0,2.0,2.0,D,0.0
10/01/2026,2526,Roma,Sassuolo,Home,6.0,2.0,0.0,H,0.0
10/02/13,1213,Roma,Sampdoria,Away,5.0,1.0,3.0,H,0.0
10/02/2024,2324,Roma,Inter,Home,3.0,2.0,4.0,A,0.0
10/03/12,1112,Roma,Palermo,Away,4.0,1.0,0.0,A,0.0
10/03/2024,2324,Roma,Fiorentina,Away,5.0,2.0,2.0,D,0.0
10/04/2022,2122,Roma,Salernitana,Home,7.0,2.0,1.0,H,0.0
10/04/2026,2526,Roma,Pisa,Home,3.0,3.0,0.0,H,0.0
10/05/09,809,Roma,Cagliari,Away,11.0,2.0,2.0,D,0.0
10/05/2026,2526,Roma,Parma,Away,7.0,3.0,2.0,A,0.0
10/11/10,1011,Roma,Fiorentina,Home,8.0,3.0,2.0,H,0.0
10/11/13,1314,Roma,Sassuolo,Home,6.0,1.0,1.0,D,0.0
10/11/2019,1920,Roma,Parma,Away,7.0,0.0,2.0,H,0.0
10/11/2024,2425,Roma,Bologna,Home,5.0,2.0,3.0,A,0.0
10/12/06,607,Roma,Lazio,Away,5.0,0.0,3.0,H,0.0
10/12/17,1718,Roma,Chievo,Away,8.0,0.0,0.0,D,0.0
10/12/2023,2324,Roma,Fiorentina,Home,1.0,1.0,1.0,D,2.0
11/01/09,809,Roma,Milan,Home,10.0,2.0,2.0,D,0.0
11/01/15,1415,Roma,Lazio,Home,4.0,2.0,2.0,D,0.0
11/02/07,607,Roma,Parma,Home,10.0,3.0,0.0,H,0.0
11/02/18,1718,Roma,Benevento,Home,9.0,5.0,2.0,H,0.0
11/02/2023,2223,Roma,Lecce,Away,5.0,1.0,1.0,D,0.0
11/03/07,607,Roma,Udinese,Home,7.0,3.0,1.0,H,0.0
11/03/2019,1819,Roma,Empoli,Home,2.0,2.0,1.0,H,1.0
11/04/09,809,Roma,Lazio,Away,10.0,2.0,4.0,H,2.0
11/04/10,910,Roma,Atalanta,Home,2.0,2.0,1.0,H,0.0
11/04/12,1112,Roma,Udinese,Home,9.0,3.0,1.0,H,0.0
11/04/16,1516,Roma,Bologna,Home,5.0,1.0,1.0,D,0.0
11/04/2021,2021,Roma,Bologna,Home,7.0,1.0,0.0,H,0.0
11/05/08,708,Roma,Atalanta,Home,4.0,2.0,1.0,H,0.0
11/05/14,1314,Roma,Juventus,Home,7.0,0.0,1.0,A,0.0
11/07/2020,1920,Roma,Brescia,Away,9.0,3.0,0.0,A,0.0
11/09/05,506,Roma,Udinese,Home,4.0,0.0,1.0,A,0.0
11/09/10,1011,Roma,Cagliari,Away,6.0,1.0,5.0,H,1.0
11/09/11,1112,Roma,Cagliari,Home,8.0,1.0,2.0,A,1.0
11/09/16,1617,Roma,Sampdoria,Home,8.0,3.0,2.0,H,0.0
11/11/06,607,Roma,Milan,Away,6.0,2.0,1.0,A,0.0
11/11/12,1213,Roma,Lazio,Away,4.0,2.0,3.0,H,1.0
11/11/2018,1819,Roma,Sampdoria,Home,6.0,4.0,1.0,H,0.0
11/12/05,506,Roma,Palermo,Home,3.0,1.0,2.0,A,0.0
12/01/14,1314,Roma,Genoa,Home,8.0,4.0,0.0,H,0.0
12/01/2020,1920,Roma,Juventus,Home,9.0,1.0,2.0,A,0.0
12/01/2025,2425,Roma,Bologna,Away,4.0,2.0,2.0,D,0.0
12/02/06,506,Roma,Siena,Away,6.0,2.0,0.0,A,0.0
12/02/11,1011,Roma,Napoli,Home,2.0,0.0,2.0,A,0.0
12/02/16,1516,Roma,Carpi,Away,6.0,3.0,1.0,A,0.0
12/02/17,1617,Roma,Crotone,Away,3.0,2.0,0.0,A,0.0
12/03/06,506,Roma,Ascoli,Away,8.0,2.0,3.0,H,1.0
12/03/17,1617,Roma,Palermo,Away,5.0,3.0,0.0,A,0.0
12/03/2023,2223,Roma,Sassuolo,Home,7.0,3.0,4.0,A,1.0
12/04/14,1314,Roma,Atalanta,Home,7.0,3.0,1.0,H,0.0
12/04/15,1415,Roma,Torino,Away,6.0,1.0,1.0,D,0.0
12/05/13,1213,Roma,Milan,Away,8.0,0.0,0.0,D,1.0
12/05/2019,1819,Roma,Juventus,Home,4.0,2.0,0.0,H,0.0
12/05/2021,2021,Roma,Inter,Away,6.0,1.0,3.0,H,0.0
12/05/2024,2324,Roma,Atalanta,Away,6.0,1.0,2.0,H,0.0
12/05/2025,2425,Roma,Atalanta,Away,4.0,1.0,2.0,H,0.0
12/09/15,1516,Roma,Frosinone,Away,3.0,2.0,0.0,A,0.0
12/09/2021,2122,Roma,Sassuolo,Home,9.0,2.0,1.0,H,0.0
12/09/2022,2223,Roma,Empoli,Away,7.0,2.0,1.0,A,0.0
12/11/2023,2324,Roma,Lazio,Away,1.0,0.0,0.0,D,0.0
12/12/10,1011,Roma,Bari,Home,6.0,1.0,0.0,H,0.0
12/12/11,1112,Roma,Juventus,Home,4.0,1.0,1.0,D,0.0
12/12/16,1617,Roma,Milan,Home,4.0,1.0,0.0,H,0.0
13/01/08,708,Roma,Atalanta,Away,3.0,2.0,1.0,A,0.0
13/01/13,1213,Roma,Catania,Away,2.0,0.0,1.0,H,0.0
13/02/10,910,Roma,Palermo,Home,5.0,4.0,1.0,H,0.0
13/02/12,1112,Roma,Siena,Away,2.0,0.0,1.0,H,0.0
13/02/2022,2122,Roma,Sassuolo,Away,7.0,2.0,2.0,D,0.0
13/03/11,1011,Roma,Lazio,Home,2.0,2.0,0.0,H,0.0
13/03/16,1516,Roma,Udinese,Away,7.0,2.0,1.0,A,0.0
13/03/2022,2122,Roma,Udinese,Away,2.0,1.0,1.0,D,0.0
13/04/08,708,Roma,Udinese,Away,10.0,3.0,1.0,A,0.0
13/04/2019,1819,Roma,Udinese,Home,5.0,1.0,0.0,H,0.0
13/04/2025,2425,Roma,Lazio,Away,4.0,1.0,1.0,D,0.0
13/05/07,607,Roma,Torino,Home,7.0,0.0,1.0,A,0.0
13/05/12,1112,Roma,Cesena,Away,8.0,3.0,2.0,A,0.0
13/05/18,1718,Roma,Juventus,Home,2.0,0.0,0.0,D,1.0
13/09/08,809,Roma,Palermo,Away,7.0,1.0,3.0,H,0.0
13/09/09,910,Roma,Siena,Away,4.0,2.0,1.0,A,0.0
13/09/14,1415,Roma,Empoli,Away,2.0,1.0,0.0,A,0.0
13/11/10,1011,Roma,Juventus,Away,2.0,1.0,1.0,D,0.0
13/11/2022,2223,Roma,Torino,Home,4.0,1.0,1.0,D,0.0
13/12/09,910,Roma,Sampdoria,Away,2.0,0.0,0.0,D,0.0
13/12/15,1516,Roma,Napoli,Away,0.0,0.0,0.0,D,0.0
13/12/2020,2021,Roma,Bologna,Away,8.0,5.0,1.0,A,0.0
13/12/2021,2122,Roma,Spezia,Home,6.0,2.0,0.0,H,1.0
14/01/07,607,Roma,Messina,Away,6.0,1.0,1.0,D,0.0
14/01/09,809,Roma,Sampdoria,Home,8.0,2.0,0.0,H,0.0
14/01/2024,2324,Roma,Milan,Away,5.0,1.0,3.0,H,0.0
14/02/2021,2021,Roma,Udinese,Home,8.0,3.0,0.0,H,0.0
14/03/10,910,Roma,Livorno,Away,5.0,3.0,3.0,D,0.0
14/03/2021,2021,Roma,Parma,Away,6.0,0.0,2.0,H,0.0
14/04/13,1213,Roma,Torino,Away,4.0,2.0,1.0,A,1.0
14/05/06,506,Roma,Milan,Away,4.0,1.0,2.0,H,1.0
14/05/16,1516,Roma,Milan,Away,9.0,3.0,1.0,A,0.0
14/05/17,1617,Roma,Juventus,Home,7.0,3.0,1.0,H,0.0
14/05/2022,2122,Roma,Venezia,Home,16.0,1.0,1.0,D,0.0
14/05/2023,2223,Roma,Bologna,Away,2.0,0.0,0.0,D,0.0
14/08/2022,2223,Roma,Salernitana,Away,5.0,1.0,0.0,A,0.0
14/09/2025,2526,Roma,Torino,Home,5.0,0.0,1.0,A,0.0
14/10/17,1718,Roma,Napoli,Home,2.0,0.0,1.0,A,0.0
14/12/08,809,Roma,Cagliari,Home,7.0,3.0,2.0,H,0.0
14/12/14,1415,Roma,Genoa,Away,6.0,1.0,0.0,A,0.0
15/01/06,506,Roma,Milan,Home,6.0,1.0,0.0,H,0.0
15/01/17,1617,Roma,Udinese,Away,4.0,1.0,0.0,A,0.0
15/01/2021,2021,Roma,Lazio,Away,2.0,0.0,3.0,H,0.0
15/01/2023,2223,Roma,Fiorentina,Home,4.0,2.0,0.0,H,0.0
15/02/09,809,Roma,Atalanta,Away,2.0,0.0,3.0,H,1.0
15/02/15,1415,Roma,Parma,Home,4.0,0.0,0.0,D,0.0
15/02/2020,1920,Roma,Atalanta,Away,1.0,1.0,2.0,H,0.0
15/02/2026,2526,Roma,Napoli,Away,2.0,2.0,2.0,D,0.0
15/03/08,708,Roma,Milan,Home,4.0,2.0,1.0,H,0.0
15/03/09,809,Roma,Sampdoria,Away,5.0,2.0,2.0,D,1.0
15/03/2026,2526,Roma,Como,Away,1.0,1.0,2.0,H,1.0
15/04/06,506,Roma,Palermo,Away,6.0,3.0,3.0,D,0.0
15/04/07,607,Roma,Sampdoria,Home,13.0,4.0,0.0,H,0.0
15/04/17,1617,Roma,Atalanta,Home,5.0,1.0,1.0,D,0.0
15/04/18,1718,Roma,Lazio,Away,1.0,0.0,0.0,D,0.0
15/05/11,1011,Roma,Catania,Away,3.0,1.0,2.0,H,0.0
15/05/2021,2021,Roma,Lazio,Home,2.0,2.0,0.0,H,0.0
15/07/2020,1920,Roma,Verona,Home,6.0,2.0,1.0,H,0.0
15/09/2019,1920,Roma,Sassuolo,Home,10.0,4.0,2.0,H,0.0
15/09/2024,2425,Roma,Genoa,Away,6.0,1.0,1.0,D,0.0
15/10/06,607,Roma,Reggina,Away,5.0,0.0,1.0,H,0.0
15/10/16,1617,Roma,Napoli,Away,6.0,3.0,1.0,A,0.0
15/12/2019,1920,Roma,Spal,Home,13.0,3.0,1.0,H,0.0
15/12/2024,2425,Roma,Como,Away,1.0,0.0,2.0,H,0.0
15/12/2025,2526,Roma,Como,Home,4.0,1.0,0.0,H,0.0
16/01/11,1011,Roma,Cesena,Away,5.0,1.0,0.0,A,0.0
16/01/2022,2122,Roma,Cagliari,Home,7.0,1.0,0.0,H,0.0
16/02/08,708,Roma,Juventus,Away,1.0,0.0,1.0,H,0.0
16/02/13,1213,Roma,Juventus,Home,5.0,1.0,0.0,H,0.0
16/02/14,1314,Roma,Sampdoria,Home,6.0,3.0,0.0,H,0.0
16/02/2025,2425,Roma,Parma,Away,4.0,1.0,0.0,A,0.0
16/03/15,1415,Roma,Sampdoria,Home,9.0,0.0,2.0,A,1.0
16/03/2019,1819,Roma,Spal,Away,5.0,1.0,2.0,H,0.0
16/03/2025,2425,Roma,Cagliari,Home,1.0,1.0,0.0,H,0.0
16/04/11,1011,Roma,Palermo,Home,5.0,2.0,3.0,A,0.0
16/04/2023,2223,Roma,Udinese,Home,7.0,3.0,0.0,H,0.0
16/05/09,809,Roma,Catania,Home,9.0,4.0,3.0,H,0.0
16/05/10,910,Roma,Chievo,Away,6.0,2.0,0.0,A,0.0
16/09/07,708,Roma,Reggina,Away,9.0,2.0,0.0,A,0.0
16/09/12,1213,Roma,Bologna,Home,7.0,2.0,3.0,A,0.0
16/09/13,1314,Roma,Parma,Away,8.0,3.0,1.0,A,0.0
16/09/17,1718,Roma,Verona,Home,10.0,3.0,0.0,H,0.0
16/09/2018,1819,Roma,Chievo,Home,9.0,2.0,2.0,D,0.0
16/10/05,506,Roma,Empoli,Away,4.0,0.0,1.0,H,0.0
16/10/10,1011,Roma,Genoa,Home,4.0,2.0,1.0,H,0.0
16/10/11,1112,Roma,Lazio,Away,2.0,1.0,2.0,H,1.0
16/11/08,809,Roma,Lazio,Home,4.0,1.0,0.0,H,1.0
16/12/07,708,Roma,Torino,Away,2.0,0.0,0.0,D,0.0
16/12/12,1213,Roma,Chievo,Away,2.0,0.0,1.0,H,0.0
16/12/13,1314,Roma,Milan,Away,4.0,2.0,2.0,D,0.0
16/12/17,1718,Roma,Cagliari,Home,6.0,1.0,0.0,H,0.0
16/12/2018,1819,Roma,Genoa,Home,7.0,3.0,2.0,H,0.0
17/01/10,910,Roma,Genoa,Home,6.0,3.0,0.0,H,0.0
17/01/15,1415,Roma,Palermo,Away,3.0,1.0,1.0,D,0.0
17/01/16,1516,Roma,Verona,Home,4.0,1.0,1.0,D,0.0
17/01/2025,2425,Roma,Genoa,Home,7.0,3.0,1.0,H,0.0
17/02/07,607,Roma,Empoli,Away,5.0,0.0,1.0,H,0.0
17/02/18,1718,Roma,Udinese,Away,7.0,2.0,0.0,A,0.0
17/03/13,1213,Roma,Parma,Home,5.0,2.0,0.0,H,0.0
17/03/14,1314,Roma,Udinese,Home,9.0,3.0,2.0,H,0.0
17/03/2024,2324,Roma,Sassuolo,Home,4.0,1.0,0.0,H,0.0
17/04/16,1516,Roma,Atalanta,Away,7.0,3.0,3.0,D,0.0
17/05/15,1415,Roma,Udinese,Home,6.0,2.0,1.0,H,0.0
17/05/2026,2526,Roma,Lazio,Home,7.0,2.0,0.0,H,1.0
17/09/06,607,Roma,Siena,Away,12.0,3.0,1.0,A,0.0
17/09/11,1112,Roma,Inter,Away,3.0,0.0,0.0,D,0.0
17/09/2023,2324,Roma,Empoli,Home,9.0,7.0,0.0,H,0.0
17/10/15,1516,Roma,Empoli,Home,5.0,3.0,1.0,H,0.0
17/10/2021,2122,Roma,Juventus,Away,4.0,0.0,1.0,H,0.0
17/10/2022,2223,Roma,Sampdoria,Away,4.0,1.0,0.0,A,0.0
17/12/06,607,Roma,Palermo,Home,12.0,4.0,0.0,H,0.0
17/12/16,1617,Roma,Juventus,Away,2.0,0.0,1.0,H,0.0
17/12/2020,2021,Roma,Torino,Home,8.0,3.0,1.0,H,0.0
17/12/2023,2324,Roma,Bologna,Away,3.0,0.0,2.0,H,0.0
18/01/06,506,Roma,Reggina,Home,7.0,3.0,1.0,H,0.0
18/01/09,809,Roma,Torino,Away,5.0,1.0,0.0,A,0.0
18/01/14,1314,Roma,Livorno,Home,10.0,3.0,0.0,H,0.0
18/01/2026,2526,Roma,Torino,Away,5.0,2.0,0.0,A,0.0
18/02/2019,1819,Roma,Bologna,Home,4.0,2.0,1.0,H,0.0
18/02/2024,2324,Roma,Frosinone,Away,5.0,3.0,0.0,A,0.0
18/03/07,607,Roma,Fiorentina,Away,11.0,0.0,0.0,D,0.0
18/03/18,1718,Roma,Crotone,Away,8.0,2.0,0.0,A,0.0
18/04/07,607,Roma,Inter,Away,8.0,3.0,1.0,A,0.0
18/04/10,910,Roma,Lazio,Away,3.0,2.0,1.0,A,0.0
18/04/18,1718,Roma,Genoa,Home,6.0,2.0,1.0,H,0.0
18/04/2021,2021,Roma,Torino,Away,4.0,1.0,3.0,H,1.0
18/04/2022,2122,Roma,Napoli,Away,6.0,1.0,1.0,D,0.0
18/04/2026,2526,Roma,Atalanta,Home,9.0,1.0,1.0,D,0.0
18/05/08,708,Roma,Catania,Away,2.0,1.0,1.0,D,0.0
18/05/14,1314,Roma,Genoa,Away,4.0,0.0,1.0,H,0.0
18/05/2019,1819,Roma,Sassuolo,Away,6.0,0.0,0.0,D,0.0
18/05/2025,2425,Roma,Milan,Home,6.0,3.0,1.0,H,0.0
18/08/2024,2425,Roma,Cagliari,Away,3.0,0.0,0.0,D,0.0
18/09/05,506,Roma,Livorno,Away,5.0,0.0,0.0,D,0.0
18/09/16,1617,Roma,Fiorentina,Away,3.0,0.0,1.0,H,0.0
18/09/2022,2223,Roma,Atalanta,Home,5.0,0.0,1.0,A,0.0
18/10/09,910,Roma,Milan,Away,9.0,1.0,2.0,H,0.0
18/10/13,1314,Roma,Napoli,Home,4.0,2.0,0.0,H,0.0
18/10/14,1415,Roma,Chievo,Home,8.0,3.0,0.0,H,0.0
18/10/2020,2021,Roma,Benevento,Home,10.0,5.0,2.0,H,0.0
18/10/2025,2526,Roma,Inter,Home,5.0,0.0,1.0,A,0.0
18/11/17,1718,Roma,Lazio,Home,7.0,2.0,1.0,H,0.0
18/12/05,506,Roma,Sampdoria,Away,6.0,1.0,1.0,D,0.0
18/12/10,1011,Roma,Milan,Away,2.0,1.0,0.0,A,0.0
18/12/11,1112,Roma,Napoli,Away,4.0,3.0,1.0,A,0.0
18/12/2021,2122,Roma,Atalanta,Away,5.0,4.0,1.0,A,0.0
19/01/2019,1819,Roma,Torino,Home,9.0,3.0,2.0,H,0.0
19/01/2020,1920,Roma,Genoa,Away,7.0,3.0,1.0,A,0.0
19/02/06,506,Roma,Empoli,Home,6.0,1.0,0.0,H,0.0
19/02/12,1112,Roma,Parma,Home,8.0,1.0,0.0,H,0.0
19/02/17,1617,Roma,Torino,Home,7.0,4.0,1.0,H,0.0
19/02/2022,2122,Roma,Verona,Home,3.0,2.0,2.0,D,0.0
19/02/2023,2223,Roma,Verona,Home,5.0,1.0,0.0,H,0.0
19/03/06,506,Roma,Messina,Home,7.0,2.0,1.0,H,0.0
19/03/08,708,Roma,Lazio,Away,3.0,2.0,3.0,H,0.0
19/03/12,1112,Roma,Genoa,Home,8.0,1.0,0.0,H,0.0
19/03/16,1516,Roma,Inter,Home,6.0,1.0,1.0,D,0.0
19/03/17,1617,Roma,Sassuolo,Home,8.0,3.0,1.0,H,0.0
19/03/2023,2223,Roma,Lazio,Away,3.0,0.0,1.0,H,2.0
19/04/08,708,Roma,Livorno,Home,9.0,1.0,1.0,D,0.0
19/04/09,809,Roma,Lecce,Home,8.0,3.0,2.0,H,0.0
19/04/14,1314,Roma,Fiorentina,Away,4.0,1.0,0.0,A,0.0
19/04/15,1415,Roma,Atalanta,Home,7.0,1.0,1.0,D,0.0
19/04/2025,2425,Roma,Verona,Home,3.0,1.0,0.0,H,0.0
19/05/13,1213,Roma,Napoli,Home,8.0,2.0,1.0,H,0.0
19/05/2024,2324,Roma,Genoa,Home,6.0,1.0,0.0,H,1.0
19/07/2020,1920,Roma,Inter,Home,3.0,2.0,2.0,D,0.0
19/08/2018,1819,Roma,Torino,Away,13.0,1.0,0.0,A,0.0
19/09/10,1011,Roma,Bologna,Home,4.0,2.0,2.0,D,0.0
19/09/2020,2021,Roma,Verona,Away,7.0,0.0,0.0,D,0.0
19/09/2021,2122,Roma,Verona,Away,2.0,2.0,3.0,H,0.0
19/10/08,809,Roma,Inter,Home,7.0,0.0,4.0,A,0.0
19/11/05,506,Roma,Juventus,Home,3.0,1.0,4.0,A,0.0
19/11/06,607,Roma,Catania,Home,16.0,7.0,0.0,H,0.0
19/11/12,1213,Roma,Torino,Home,9.0,2.0,0.0,H,0.0
20/01/08,708,Roma,Catania,Home,10.0,2.0,0.0,H,0.0
20/01/13,1213,Roma,Inter,Home,3.0,1.0,1.0,D,0.0
20/01/2024,2324,Roma,Verona,Home,2.0,2.0,1.0,H,0.0
20/02/11,1011,Roma,Genoa,Away,4.0,3.0,4.0,H,0.0
20/03/10,910,Roma,Udinese,Home,9.0,4.0,2.0,H,0.0
20/03/11,1011,Roma,Fiorentina,Away,5.0,2.0,2.0,D,0.0
20/03/2022,2122,Roma,Lazio,Home,5.0,3.0,0.0,H,0.0
20/04/16,1516,Roma,Torino,Home,6.0,3.0,2.0,H,0.0
20/04/2019,1819,Roma,Inter,Away,5.0,1.0,1.0,D,0.0
20/05/07,607,Roma,Cagliari,Away,7.0,2.0,3.0,H,0.0
20/05/17,1617,Roma,Chievo,Away,11.0,5.0,3.0,A,0.0
20/05/18,1718,Roma,Sassuolo,Away,6.0,1.0,0.0,A,0.0
20/05/2022,2122,Roma,Torino,Away,6.0,3.0,0.0,A,0.0
20/08/16,1617,Roma,Udinese,Home,9.0,4.0,0.0,H,0.0
20/08/17,1718,Roma,Atalanta,Away,1.0,1.0,0.0,A,0.0
20/08/2023,2324,Roma,Salernitana,Home,3.0,2.0,2.0,D,0.0
20/09/06,607,Roma,Inter,Home,6.0,0.0,1.0,A,0.0
20/09/08,809,Roma,Reggina,Home,9.0,3.0,0.0,H,0.0
20/09/09,910,Roma,Fiorentina,Home,9.0,3.0,1.0,H,0.0
20/09/15,1516,Roma,Sassuolo,Home,7.0,2.0,2.0,D,0.0
20/09/17,1718,Roma,Benevento,Away,7.0,4.0,0.0,A,0.0
20/10/07,708,Roma,Napoli,Home,6.0,4.0,4.0,D,0.0
20/10/2018,1819,Roma,Spal,Home,9.0,0.0,2.0,A,0.0
20/10/2019,1920,Roma,Sampdoria,Away,1.0,0.0,0.0,D,1.0
20/10/2024,2425,Roma,Inter,Home,3.0,0.0,1.0,A,0.0
20/11/10,1011,Roma,Udinese,Home,5.0,2.0,0.0,H,1.0
20/11/11,1112,Roma,Lecce,Home,6.0,2.0,1.0,H,0.0
20/11/16,1617,Roma,Atalanta,Away,5.0,1.0,2.0,H,0.0
20/12/06,607,Roma,Torino,Away,8.0,2.0,1.0,A,0.0
20/12/09,910,Roma,Parma,Home,6.0,2.0,0.0,H,0.0
20/12/14,1415,Roma,Milan,Home,5.0,0.0,0.0,D,0.0
20/12/15,1516,Roma,Genoa,Home,3.0,2.0,0.0,H,1.0
20/12/2019,1920,Roma,Fiorentina,Away,6.0,4.0,1.0,A,0.0
20/12/2020,2021,Roma,Atalanta,Away,4.0,1.0,4.0,H,0.0
20/12/2025,2526,Roma,Juventus,Away,5.0,1.0,2.0,H,0.0
21/01/07,607,Roma,Livorno,Away,7.0,1.0,1.0,D,1.0
21/01/12,1112,Roma,Cesena,Home,11.0,5.0,1.0,H,0.0
21/01/18,1718,Roma,Inter,Away,1.0,1.0,1.0,D,0.0
21/02/09,809,Roma,Siena,Home,4.0,1.0,0.0,H,0.0
21/02/10,910,Roma,Catania,Home,4.0,1.0,0.0,H,0.0
21/02/16,1516,Roma,Palermo,Home,5.0,5.0,0.0,H,0.0
21/02/2021,2021,Roma,Benevento,Away,8.0,0.0,0.0,D,0.0
21/03/09,809,Roma,Juventus,Home,6.0,1.0,4.0,A,0.0
21/03/2021,2021,Roma,Napoli,Home,5.0,0.0,2.0,A,0.0
21/04/13,1213,Roma,Pescara,Home,6.0,1.0,1.0,D,0.0
21/04/18,1718,Roma,Spal,Away,7.0,3.0,0.0,A,0.0
21/09/05,506,Roma,Parma,Home,12.0,4.0,1.0,H,0.0
21/09/14,1415,Roma,Cagliari,Home,3.0,2.0,0.0,H,0.0
21/09/16,1617,Roma,Crotone,Home,7.0,4.0,0.0,H,0.0
21/09/2025,2526,Roma,Lazio,Away,6.0,1.0,0.0,A,0.0
21/10/12,1213,Roma,Genoa,Away,7.0,4.0,2.0,A,0.0
21/11/15,1516,Roma,Bologna,Away,5.0,2.0,2.0,D,0.0
21/11/2021,2122,Roma,Genoa,Away,4.0,2.0,0.0,A,0.0
21/12/05,506,Roma,Chievo,Home,6.0,4.0,0.0,H,0.0
21/12/08,809,Roma,Catania,Away,4.0,2.0,3.0,H,0.0
21/12/11,1112,Roma,Bologna,Away,6.0,2.0,0.0,A,0.0
22/01/06,506,Roma,Udinese,Away,7.0,4.0,1.0,A,0.0
22/01/11,1011,Roma,Cagliari,Home,8.0,3.0,0.0,H,0.0
22/01/17,1617,Roma,Cagliari,Home,6.0,1.0,0.0,H,0.0
22/01/2023,2223,Roma,Spezia,Away,3.0,2.0,0.0,A,0.0
22/02/14,1314,Roma,Bologna,Away,2.0,1.0,0.0,A,0.0
22/02/15,1415,Roma,Verona,Away,7.0,1.0,1.0,D,0.0
22/02/2026,2526,Roma,Cremonese,Home,5.0,3.0,0.0,H,0.0
22/03/08,708,Roma,Empoli,Home,3.0,2.0,1.0,H,1.0
22/03/14,1314,Roma,Chievo,Away,4.0,2.0,0.0,A,0.0
22/03/15,1415,Roma,Cesena,Away,4.0,1.0,0.0,A,0.0
22/03/2026,2526,Roma,Lecce,Home,2.0,1.0,0.0,H,0.0
22/04/06,506,Roma,Sampdoria,Home,4.0,0.0,0.0,D,1.0
22/04/07,607,Roma,Atalanta,Away,10.0,1.0,2.0,H,1.0
22/04/12,1112,Roma,Juventus,Away,1.0,0.0,4.0,H,1.0
22/04/2021,2021,Roma,Atalanta,Home,3.0,1.0,1.0,D,1.0
22/04/2024,2324,Roma,Bologna,Home,5.0,1.0,3.0,A,0.0
22/05/11,1011,Roma,Sampdoria,Home,5.0,3.0,1.0,H,0.0
22/05/2023,2223,Roma,Salernitana,Home,5.0,2.0,2.0,D,0.0
22/07/2020,1920,Roma,Spal,Away,9.0,6.0,1.0,A,0.0
22/08/15,1516,Roma,Verona,Away,8.0,1.0,1.0,D,0.0
22/08/2021,2122,Roma,Fiorentina,Home,6.0,3.0,1.0,H,1.0
22/08/2022,2223,Roma,Cremonese,Home,12.0,1.0,0.0,H,0.0
22/09/10,1011,Roma,Brescia,Away,8.0,1.0,2.0,H,1.0
22/09/11,1112,Roma,Siena,Home,4.0,1.0,1.0,D,0.0
22/09/13,1314,Roma,Lazio,Home,5.0,2.0,0.0,H,0.0
22/09/2019,1920,Roma,Bologna,Away,7.0,2.0,1.0,A,1.0
22/09/2024,2425,Roma,Udinese,Home,6.0,3.0,0.0,H,0.0
22/10/06,607,Roma,Chievo,Home,11.0,1.0,1.0,D,0.0
22/10/17,1718,Roma,Torino,Away,5.0,1.0,0.0,A,0.0
22/10/2023,2324,Roma,Monza,Home,4.0,1.0,0.0,H,0.0
22/11/09,910,Roma,Bari,Home,8.0,3.0,1.0,H,0.0
22/11/14,1415,Roma,Atalanta,Away,2.0,2.0,1.0,A,0.0
22/11/2020,2021,Roma,Parma,Home,7.0,3.0,0.0,H,0.0
22/12/07,708,Roma,Sampdoria,Home,6.0,2.0,0.0,H,0.0
22/12/12,1213,Roma,Milan,Home,7.0,4.0,2.0,H,1.0
22/12/13,1314,Roma,Catania,Home,10.0,4.0,0.0,H,0.0
22/12/16,1617,Roma,Chievo,Home,9.0,3.0,1.0,H,0.0
22/12/2018,1819,Roma,Juventus,Away,4.0,0.0,1.0,H,0.0
22/12/2021,2122,Roma,Sampdoria,Home,4.0,1.0,1.0,D,0.0
22/12/2024,2425,Roma,Parma,Home,9.0,5.0,0.0,H,0.0
23/01/10,910,Roma,Juventus,Away,3.0,2.0,1.0,A,0.0
23/01/2021,2021,Roma,Spezia,Home,8.0,4.0,3.0,H,0.0
23/01/2022,2122,Roma,Empoli,Away,8.0,4.0,2.0,A,0.0
23/02/11,1011,Roma,Bologna,Away,3.0,1.0,0.0,A,0.0
23/02/2019,1819,Roma,Frosinone,Away,5.0,3.0,2.0,A,0.0
23/02/2020,1920,Roma,Lecce,Home,11.0,4.0,0.0,H,0.0
23/04/11,1011,Roma,Chievo,Home,9.0,1.0,0.0,H,0.0
23/04/2022,2122,Roma,Inter,Away,2.0,1.0,3.0,H,0.0
23/05/2021,2021,Roma,Spezia,Away,10.0,2.0,2.0,D,0.0
23/08/09,910,Roma,Genoa,Away,6.0,2.0,3.0,H,0.0
23/08/2025,2526,Roma,Bologna,Home,4.0,1.0,0.0,H,0.0
23/09/07,708,Roma,Juventus,Home,9.0,2.0,2.0,D,0.0
23/09/09,910,Roma,Palermo,Away,7.0,3.0,3.0,D,0.0
23/09/12,1213,Roma,Cagliari,Away,,3.0,0.0,A,
23/09/15,1516,Roma,Sampdoria,Away,8.0,1.0,2.0,H,0.0
23/09/17,1718,Roma,Udinese,Home,8.0,3.0,1.0,H,0.0
23/09/2018,1819,Roma,Bologna,Away,9.0,0.0,2.0,H,0.0
23/09/2021,2122,Roma,Udinese,Home,2.0,1.0,0.0,H,1.0
23/10/05,506,Roma,Lazio,Home,4.0,1.0,1.0,D,0.0
23/10/11,1112,Roma,Palermo,Home,1.0,1.0,0.0,H,0.0
23/10/16,1617,Roma,Palermo,Home,7.0,4.0,1.0,H,0.0
23/10/2022,2223,Roma,Napoli,Home,0.0,0.0,1.0,A,0.0
23/11/08,809,Roma,Lecce,Away,7.0,3.0,0.0,A,0.0
23/11/2025,2526,Roma,Cremonese,Away,6.0,3.0,1.0,A,0.0
23/12/06,607,Roma,Cagliari,Home,5.0,2.0,0.0,H,0.0
23/12/17,1718,Roma,Juventus,Away,3.0,0.0,1.0,H,0.0
23/12/2020,2021,Roma,Cagliari,Home,9.0,3.0,2.0,H,0.0
23/12/2023,2324,Roma,Napoli,Home,4.0,2.0,0.0,H,0.0
24/01/16,1516,Roma,Juventus,Away,1.0,0.0,1.0,H,0.0
24/01/18,1718,Roma,Sampdoria,Away,4.0,1.0,1.0,D,0.0
24/02/08,708,Roma,Fiorentina,Home,9.0,1.0,0.0,H,1.0
24/02/13,1213,Roma,Atalanta,Away,5.0,3.0,2.0,A,0.0
24/02/2025,2425,Roma,Monza,Home,6.0,4.0,0.0,H,0.0
24/03/10,910,Roma,Bologna,Away,6.0,2.0,0.0,A,0.0
24/03/12,1112,Roma,Milan,Away,3.0,1.0,2.0,H,0.0
24/04/17,1617,Roma,Pescara,Away,6.0,4.0,1.0,A,0.0
24/04/2023,2223,Roma,Atalanta,Away,1.0,1.0,3.0,H,0.0
24/05/09,809,Roma,Milan,Away,7.0,3.0,2.0,A,0.0
24/05/2026,2526,Roma,Verona,Away,7.0,2.0,0.0,A,0.0
24/06/2020,1920,Roma,Sampdoria,Home,10.0,2.0,1.0,H,0.0
24/09/06,607,Roma,Parma,Away,8.0,4.0,0.0,A,0.0
24/09/08,809,Roma,Genoa,Away,4.0,1.0,3.0,H,1.0
24/09/14,1415,Roma,Parma,Away,4.0,2.0,1.0,A,0.0
24/09/2023,2324,Roma,Torino,Away,3.0,1.0,1.0,D,0.0
24/10/10,1011,Roma,Parma,Away,1.0,0.0,0.0,D,0.0
24/10/2021,2122,Roma,Napoli,Home,1.0,0.0,0.0,D,0.0
24/11/07,708,Roma,Genoa,Away,4.0,1.0,0.0,A,0.0
24/11/2018,1819,Roma,Udinese,Away,9.0,0.0,1.0,H,0.0
24/11/2019,1920,Roma,Brescia,Home,6.0,3.0,0.0,H,0.0
24/11/2024,2425,Roma,Napoli,Away,1.0,0.0,1.0,H,0.0
25/01/09,809,Roma,Napoli,Away,8.0,3.0,0.0,A,0.0
25/01/15,1415,Roma,Fiorentina,Away,6.0,1.0,1.0,D,0.0
25/01/2026,2526,Roma,Milan,Home,7.0,1.0,1.0,D,0.0
25/02/07,607,Roma,Reggina,Home,9.0,3.0,0.0,H,0.0
25/02/18,1718,Roma,Milan,Home,3.0,0.0,2.0,A,0.0
25/03/06,506,Roma,Juventus,Away,4.0,1.0,1.0,D,0.0
25/03/14,1314,Roma,Torino,Home,9.0,2.0,1.0,H,0.0
25/04/09,809,Roma,Fiorentina,Away,2.0,1.0,4.0,H,1.0
25/04/10,910,Roma,Sampdoria,Home,7.0,1.0,2.0,A,0.0
25/04/12,1112,Roma,Fiorentina,Home,4.0,1.0,2.0,A,1.0
25/04/14,1314,Roma,Milan,Home,4.0,2.0,0.0,H,0.0
25/04/15,1415,Roma,Inter,Away,4.0,1.0,2.0,H,0.0
25/04/16,1516,Roma,Napoli,Home,3.0,1.0,0.0,H,0.0
25/04/2021,2021,Roma,Cagliari,Away,7.0,2.0,3.0,H,0.0
25/04/2024,2324,Roma,Udinese,Away,5.0,2.0,1.0,A,0.0
25/04/2026,2526,Roma,Bologna,Away,2.0,2.0,0.0,A,0.0
25/05/15,1415,Roma,Lazio,Away,2.0,2.0,1.0,A,0.0
25/05/2025,2425,Roma,Torino,Away,5.0,2.0,0.0,A,0.0
25/08/13,1314,Roma,Livorno,Away,6.0,2.0,0.0,A,0.0
25/08/2019,1920,Roma,Genoa,Home,9.0,3.0,3.0,D,0.0
25/08/2024,2425,Roma,Empoli,Home,6.0,1.0,2.0,A,0.0
25/09/05,506,Roma,Cagliari,Away,5.0,0.0,0.0,D,0.0
25/09/10,1011,Roma,Inter,Home,4.0,1.0,0.0,H,0.0
25/09/11,1112,Roma,Parma,Away,4.0,1.0,0.0,A,0.0
25/09/13,1314,Roma,Sampdoria,Away,4.0,2.0,0.0,A,0.0
25/09/16,1617,Roma,Torino,Away,5.0,1.0,3.0,H,0.0
25/09/2019,1920,Roma,Atalanta,Home,4.0,0.0,2.0,A,0.0
25/10/06,607,Roma,Ascoli,Home,10.0,2.0,2.0,D,0.0
25/10/09,910,Roma,Livorno,Home,5.0,0.0,1.0,A,0.0
25/10/14,1415,Roma,Sampdoria,Away,4.0,0.0,0.0,D,0.0
25/10/15,1516,Roma,Fiorentina,Away,4.0,2.0,1.0,A,1.0
25/10/17,1718,Roma,Crotone,Home,4.0,1.0,0.0,H,0.0
25/11/11,1112,Roma,Udinese,Away,1.0,0.0,2.0,H,0.0
25/11/12,1213,Roma,Pescara,Away,6.0,1.0,0.0,A,0.0
25/11/13,1314,Roma,Cagliari,Home,5.0,0.0,0.0,D,0.0
26/01/08,708,Roma,Palermo,Home,2.0,1.0,0.0,H,0.0
26/01/14,1314,Roma,Verona,Away,5.0,3.0,1.0,A,0.0
26/01/2020,1920,Roma,Lazio,Home,7.0,1.0,1.0,D,0.0
26/01/2025,2425,Roma,Udinese,Away,10.0,2.0,1.0,A,0.0
26/02/06,506,Roma,Lazio,Away,3.0,2.0,0.0,A,0.0
26/02/12,1112,Roma,Atalanta,Away,1.0,1.0,4.0,H,2.0
26/02/17,1617,Roma,Inter,Away,5.0,3.0,1.0,A,0.0
26/02/2024,2324,Roma,Torino,Home,3.0,3.0,2.0,H,0.0
26/05/2019,1819,Roma,Parma,Home,8.0,2.0,1.0,H,0.0
26/05/2024,2324,Roma,Empoli,Away,3.0,1.0,2.0,H,0.0
26/07/2020,1920,Roma,Fiorentina,Home,7.0,2.0,1.0,H,0.0
26/08/07,708,Roma,Palermo,Away,11.0,2.0,0.0,A,0.0
26/08/12,1213,Roma,Catania,Home,5.0,2.0,2.0,D,0.0
26/08/17,1718,Roma,Inter,Home,3.0,1.0,3.0,A,0.0
26/08/2023,2324,Roma,Verona,Away,7.0,1.0,2.0,H,0.0
26/09/07,708,Roma,Fiorentina,Away,9.0,2.0,2.0,D,0.0
26/09/12,1213,Roma,Sampdoria,Home,7.0,1.0,1.0,D,0.0
26/09/15,1516,Roma,Carpi,Home,10.0,5.0,1.0,H,0.0
26/09/2018,1819,Roma,Frosinone,Home,13.0,4.0,0.0,H,0.0
26/09/2021,2122,Roma,Lazio,Away,8.0,2.0,3.0,H,0.0
26/10/05,506,Roma,Inter,Away,5.0,3.0,2.0,A,1.0
26/10/08,809,Roma,Udinese,Away,8.0,1.0,3.0,H,0.0
26/10/11,1112,Roma,Genoa,Away,5.0,1.0,2.0,H,0.0
26/10/16,1617,Roma,Sassuolo,Away,5.0,3.0,1.0,A,0.0
26/10/2020,2021,Roma,Milan,Away,9.0,3.0,3.0,D,0.0
26/10/2025,2526,Roma,Sassuolo,Away,8.0,1.0,0.0,A,0.0
26/11/06,607,Roma,Sampdoria,Away,9.0,4.0,2.0,A,0.0
26/11/17,1718,Roma,Genoa,Away,4.0,1.0,1.0,D,1.0
26/11/2023,2324,Roma,Udinese,Home,5.0,3.0,1.0,H,0.0
26/12/2018,1819,Roma,Sassuolo,Home,10.0,3.0,1.0,H,0.0
27/01/13,1213,Roma,Bologna,Away,7.0,3.0,3.0,D,0.0
27/01/2019,1819,Roma,Atalanta,Away,5.0,3.0,3.0,D,0.0
27/02/08,708,Roma,Inter,Away,3.0,1.0,1.0,D,1.0
27/02/11,1011,Roma,Parma,Home,5.0,2.0,2.0,D,0.0
27/02/16,1516,Roma,Empoli,Away,6.0,3.0,1.0,A,0.0
27/02/2022,2122,Roma,Spezia,Away,10.0,1.0,0.0,A,0.0
27/03/10,910,Roma,Inter,Home,4.0,2.0,1.0,H,0.0
27/04/08,708,Roma,Torino,Home,7.0,4.0,1.0,H,1.0
27/04/2019,1819,Roma,Cagliari,Home,11.0,3.0,0.0,H,0.0
27/04/2025,2425,Roma,Inter,Away,7.0,1.0,0.0,A,0.0
27/05/07,607,Roma,Messina,Home,7.0,4.0,3.0,H,0.0
27/05/2023,2223,Roma,Fiorentina,Away,4.0,1.0,2.0,H,0.0
27/08/2018,1819,Roma,Atalanta,Home,11.0,3.0,3.0,D,0.0
27/08/2022,2223,Roma,Juventus,Away,4.0,1.0,1.0,D,0.0
27/09/09,910,Roma,Catania,Away,3.0,1.0,1.0,D,0.0
27/09/14,1415,Roma,Verona,Home,6.0,2.0,0.0,H,0.0
27/09/2020,2021,Roma,Juventus,Home,6.0,2.0,2.0,D,0.0
27/10/13,1314,Roma,Udinese,Away,5.0,1.0,0.0,A,1.0
27/10/2019,1920,Roma,Milan,Home,5.0,2.0,1.0,H,0.0
27/10/2021,2122,Roma,Cagliari,Away,3.0,2.0,1.0,A,0.0
27/10/2024,2425,Roma,Fiorentina,Away,5.0,1.0,5.0,H,1.0
27/11/05,506,Roma,Fiorentina,Home,5.0,1.0,1.0,D,1.0
27/11/16,1617,Roma,Pescara,Home,7.0,3.0,2.0,H,0.0
28/01/07,607,Roma,Siena,Home,6.0,1.0,0.0,H,0.0
28/01/09,809,Roma,Palermo,Home,4.0,2.0,1.0,H,0.0
28/01/18,1718,Roma,Sampdoria,Home,8.0,0.0,1.0,A,0.0
28/02/07,607,Roma,Chievo,Away,4.0,2.0,2.0,D,0.0
28/02/10,910,Roma,Napoli,Away,5.0,2.0,2.0,D,0.0
28/02/2021,2021,Roma,Milan,Home,10.0,1.0,2.0,A,0.0
28/02/2023,2223,Roma,Cremonese,Away,3.0,1.0,2.0,H,0.0
28/04/12,1112,Roma,Napoli,Home,8.0,2.0,2.0,D,0.0
28/04/13,1213,Roma,Siena,Home,6.0,4.0,0.0,H,0.0
28/04/18,1718,Roma,Chievo,Home,7.0,4.0,1.0,H,1.0
28/04/2024,2324,Roma,Napoli,Away,4.0,2.0,2.0,D,0.0
28/05/17,1617,Roma,Genoa,Home,7.0,3.0,2.0,H,0.0
28/06/2020,1920,Roma,Milan,Away,2.0,0.0,2.0,H,0.0
28/08/05,506,Roma,Reggina,Away,9.0,3.0,0.0,A,0.0
28/08/10,1011,Roma,Cesena,Home,5.0,0.0,0.0,D,0.0
28/08/16,1617,Roma,Cagliari,Away,7.0,2.0,2.0,D,0.0
28/09/08,809,Roma,Atalanta,Home,4.0,2.0,0.0,H,0.0
28/09/2023,2324,Roma,Genoa,Away,3.0,1.0,4.0,H,0.0
28/09/2025,2526,Roma,Verona,Home,5.0,2.0,0.0,H,0.0
28/10/06,607,Roma,Udinese,Away,10.0,1.0,0.0,A,0.0
28/10/07,708,Roma,Milan,Away,8.0,1.0,0.0,A,0.0
28/10/09,910,Roma,Udinese,Away,5.0,1.0,2.0,H,1.0
28/10/12,1213,Roma,Udinese,Home,5.0,2.0,3.0,A,1.0
28/10/15,1516,Roma,Udinese,Home,9.0,3.0,1.0,H,0.0
28/10/17,1718,Roma,Bologna,Home,3.0,1.0,0.0,H,0.0
28/10/2018,1819,Roma,Napoli,Away,5.0,1.0,1.0,D,0.0
28/11/10,1011,Roma,Palermo,Away,5.0,1.0,3.0,H,0.0
28/11/2021,2122,Roma,Torino,Home,2.0,1.0,0.0,H,0.0
29/01/06,506,Roma,Livorno,Home,10.0,3.0,0.0,H,0.0
29/01/12,1112,Roma,Bologna,Home,8.0,1.0,1.0,D,0.0
29/01/17,1617,Roma,Sampdoria,Away,10.0,2.0,3.0,H,0.0
29/01/2023,2223,Roma,Napoli,Away,3.0,1.0,2.0,H,0.0
29/01/2024,2324,Roma,Salernitana,Away,2.0,2.0,1.0,A,0.0
29/03/08,708,Roma,Cagliari,Away,8.0,1.0,1.0,D,0.0
29/03/2025,2425,Roma,Lecce,Away,6.0,1.0,0.0,A,0.0
29/04/07,607,Roma,Lazio,Home,7.0,0.0,0.0,D,0.0
29/04/15,1415,Roma,Sassuolo,Away,5.0,3.0,0.0,A,0.0
29/04/2023,2223,Roma,Milan,Home,1.0,1.0,1.0,D,0.0
29/07/2020,1920,Roma,Torino,Away,7.0,3.0,2.0,A,0.0
29/08/2021,2122,Roma,Salernitana,Away,10.0,4.0,0.0,A,0.0
29/09/07,708,Roma,Inter,Home,4.0,1.0,4.0,A,1.0
29/09/12,1213,Roma,Juventus,Away,3.0,1.0,4.0,H,0.0
29/09/13,1314,Roma,Bologna,Home,7.0,5.0,0.0,H,0.0
29/09/2018,1819,Roma,Lazio,Home,7.0,3.0,1.0,H,0.0
29/09/2019,1920,Roma,Lecce,Away,6.0,1.0,0.0,A,0.0
29/09/2024,2425,Roma,Venezia,Home,5.0,2.0,1.0,H,0.0
29/10/11,1112,Roma,Milan,Home,9.0,2.0,3.0,A,0.0
29/10/14,1415,Roma,Cesena,Home,6.0,2.0,0.0,H,0.0
29/10/2023,2324,Roma,Inter,Away,1.0,0.0,1.0,H,0.0
29/10/2025,2526,Roma,Parma,Home,6.0,2.0,1.0,H,0.0
29/11/09,910,Roma,Atalanta,Away,5.0,2.0,1.0,A,0.0
29/11/15,1516,Roma,Atalanta,Home,3.0,0.0,2.0,A,1.0
29/11/2020,2021,Roma,Napoli,Away,1.0,0.0,4.0,H,0.0
29/12/2018,1819,Roma,Parma,Away,8.0,2.0,0.0,A,0.0
29/12/2024,2425,Roma,Milan,Away,5.0,1.0,1.0,D,0.0
29/12/2025,2526,Roma,Genoa,Home,8.0,3.0,1.0,H,0.0
30/01/16,1516,Roma,Frosinone,Home,6.0,3.0,1.0,H,0.0
30/03/13,1213,Roma,Palermo,Away,8.0,0.0,2.0,H,0.0
30/03/14,1314,Roma,Sassuolo,Away,4.0,2.0,0.0,A,0.0
30/04/06,506,Roma,Chievo,Away,10.0,4.0,4.0,D,0.0
30/04/17,1617,Roma,Lazio,Home,6.0,1.0,3.0,A,1.0
30/08/09,910,Roma,Juventus,Home,4.0,1.0,3.0,A,0.0
30/08/14,1415,Roma,Fiorentina,Home,5.0,2.0,0.0,H,0.0
30/08/15,1516,Roma,Juventus,Home,7.0,2.0,1.0,H,0.0
30/08/2022,2223,Roma,Monza,Home,7.0,3.0,0.0,H,0.0
30/08/2025,2526,Roma,Pisa,Away,5.0,1.0,0.0,A,0.0
30/10/05,506,Roma,Ascoli,Home,8.0,2.0,1.0,H,1.0
30/10/10,1011,Roma,Lecce,Home,10.0,2.0,0.0,H,1.0
30/10/16,1617,Roma,Empoli,Away,5.0,0.0,0.0,D,0.0
30/10/2019,1920,Roma,Udinese,Away,6.0,4.0,0.0,A,1.0
30/11/08,809,Roma,Fiorentina,Home,6.0,1.0,0.0,H,0.0
30/11/14,1415,Roma,Inter,Home,6.0,4.0,2.0,H,0.0
30/11/2025,2526,Roma,Napoli,Home,2.0,0.0,1.0,A,0.0
30/12/17,1718,Roma,Sassuolo,Home,4.0,1.0,1.0,D,0.0
30/12/2023,2324,Roma,Juventus,Away,2.0,0.0,1.0,H,0.0
31/01/10,910,Roma,Siena,Home,8.0,2.0,1.0,H,0.0
31/01/15,1415,Roma,Empoli,Home,3.0,1.0,1.0,D,1.0
31/01/2021,2021,Roma,Verona,Home,6.0,3.0,1.0,H,0.0
31/03/07,607,Roma,Milan,Home,7.0,1.0,1.0,D,0.0
31/03/18,1718,Roma,Bologna,Away,5.0,1.0,1.0,D,0.0
31/03/2019,1819,Roma,Napoli,Home,5.0,1.0,4.0,A,0.0
31/05/09,809,Roma,Torino,Home,7.0,3.0,2.0,H,0.0
31/05/15,1415,Roma,Palermo,Home,2.0,1.0,2.0,A,0.0
31/08/08,809,Roma,Napoli,Home,7.0,1.0,1.0,D,0.0
31/08/2018,1819,Roma,Milan,Away,3.0,1.0,2.0,H,0.0
31/10/07,708,Roma,Lazio,Home,9.0,3.0,2.0,H,0.0
31/10/12,1213,Roma,Parma,Away,7.0,2.0,3.0,H,0.0
31/10/13,1314,Roma,Chievo,Home,3.0,1.0,0.0,H,0.0
31/10/15,1516,Roma,Inter,Away,9.0,0.0,1.0,H,1.0
31/10/2021,2122,Roma,Milan,Home,6.0,1.0,2.0,A,0.0
31/10/2022,2223,Roma,Verona,Away,6.0,3.0,1.0,A,0.0
31/10/2024,2425,Roma,Torino,Home,3.0,1.0,0.0,H,0.0
01/04/2024,2324,Salernitana,Bologna,Away,2.0,0.0,3.0,H,0.0
01/09/2022,2223,Salernitana,Bologna,Away,4.0,1.0,1.0,D,0.0
02/03/2024,2324,Salernitana,Udinese,Away,1.0,1.0,1.0,D,0.0
02/04/2022,2122,Salernitana,Torino,Home,3.0,0.0,1.0,A,1.0
02/04/2023,2223,Salernitana,Spezia,Away,2.0,1.0,1.0,D,0.0
02/05/2022,2122,Salernitana,Atalanta,Away,9.0,1.0,1.0,D,0.0
02/10/2021,2122,Salernitana,Genoa,Home,4.0,1.0,0.0,H,0.0
02/10/2022,2223,Salernitana,Sassuolo,Away,1.0,0.0,5.0,H,0.0
03/05/2023,2223,Salernitana,Fiorentina,Home,3.0,3.0,3.0,D,0.0
03/06/2023,2223,Salernitana,Cremonese,Away,1.0,0.0,2.0,H,0.0
03/09/2023,2324,Salernitana,Lecce,Away,4.0,0.0,2.0,H,0.0
03/12/2023,2324,Salernitana,Fiorentina,Away,1.0,0.0,3.0,H,0.0
04/01/2023,2223,Salernitana,Milan,Home,1.0,1.0,2.0,A,0.0
04/02/2024,2324,Salernitana,Torino,Away,1.0,0.0,0.0,D,0.0
04/03/2022,2122,Salernitana,Inter,Away,3.0,0.0,5.0,H,0.0
04/11/2023,2324,Salernitana,Napoli,Home,3.0,0.0,2.0,A,0.0
04/12/2021,2122,Salernitana,Milan,Away,2.0,0.0,2.0,H,0.0
05/03/2023,2223,Salernitana,Sampdoria,Away,4.0,0.0,0.0,D,0.0
05/04/2024,2324,Salernitana,Sassuolo,Home,2.0,2.0,2.0,D,0.0
05/05/2022,2122,Salernitana,Venezia,Home,4.0,2.0,1.0,H,0.0
05/09/2022,2223,Salernitana,Empoli,Home,4.0,2.0,2.0,D,0.0
05/11/2022,2223,Salernitana,Cremonese,Home,2.0,2.0,2.0,D,0.0
06/05/2024,2324,Salernitana,Atalanta,Home,2.0,1.0,2.0,A,0.0
07/01/2024,2324,Salernitana,Juventus,Home,3.0,1.0,2.0,A,1.0
07/02/2022,2122,Salernitana,Spezia,Home,5.0,2.0,2.0,D,0.0
07/02/2023,2223,Salernitana,Juventus,Home,1.0,0.0,3.0,A,0.0
07/04/2023,2223,Salernitana,Inter,Home,3.0,1.0,1.0,D,0.0
07/11/2021,2122,Salernitana,Lazio,Away,0.0,0.0,3.0,H,0.0
08/01/2023,2223,Salernitana,Torino,Home,4.0,1.0,1.0,D,0.0
08/05/2022,2122,Salernitana,Cagliari,Home,2.0,1.0,1.0,D,1.0
08/05/2023,2223,Salernitana,Empoli,Away,2.0,1.0,2.0,H,0.0
08/10/2023,2324,Salernitana,Monza,Away,5.0,0.0,3.0,H,0.0
09/01/2022,2122,Salernitana,Verona,Away,5.0,2.0,1.0,A,0.0
09/02/2024,2324,Salernitana,Empoli,Home,4.0,1.0,3.0,A,0.0
09/03/2024,2324,Salernitana,Cagliari,Away,5.0,2.0,4.0,H,0.0
09/10/2022,2223,Salernitana,Verona,Home,4.0,2.0,1.0,H,1.0
09/11/2022,2223,Salernitana,Fiorentina,Away,1.0,1.0,2.0,H,0.0
10/04/2022,2122,Salernitana,Roma,Away,3.0,1.0,2.0,H,0.0
10/11/2023,2324,Salernitana,Sassuolo,Away,2.0,2.0,2.0,D,0.0
10/12/2023,2324,Salernitana,Bologna,Home,2.0,1.0,2.0,A,0.0
11/09/2022,2223,Salernitana,Juventus,Away,5.0,2.0,2.0,D,1.0
11/12/2021,2122,Salernitana,Fiorentina,Away,6.0,0.0,4.0,H,0.0
12/03/2022,2122,Salernitana,Sassuolo,Home,5.0,2.0,2.0,D,0.0
12/04/2024,2324,Salernitana,Lazio,Away,5.0,1.0,4.0,H,0.0
12/05/2024,2324,Salernitana,Juventus,Away,4.0,1.0,1.0,D,0.0
12/09/2021,2122,Salernitana,Torino,Away,2.0,0.0,4.0,H,0.0
13/01/2024,2324,Salernitana,Napoli,Away,2.0,1.0,2.0,H,0.0
13/02/2022,2122,Salernitana,Genoa,Away,4.0,1.0,1.0,D,0.0
13/02/2023,2223,Salernitana,Verona,Away,3.0,0.0,1.0,H,0.0
13/03/2023,2223,Salernitana,Milan,Away,3.0,1.0,1.0,D,0.0
13/05/2023,2223,Salernitana,Atalanta,Home,4.0,1.0,0.0,H,0.0
13/11/2022,2223,Salernitana,Monza,Away,0.0,0.0,3.0,H,1.0
14/05/2022,2122,Salernitana,Empoli,Away,9.0,1.0,1.0,D,0.0
14/08/2022,2223,Salernitana,Roma,Home,2.0,0.0,1.0,A,0.0
15/01/2022,2122,Salernitana,Lazio,Home,1.0,0.0,3.0,A,0.0
15/01/2023,2223,Salernitana,Atalanta,Away,2.0,2.0,8.0,H,0.0
16/02/2024,2324,Salernitana,Inter,Away,0.0,0.0,4.0,H,0.0
16/03/2024,2324,Salernitana,Lecce,Home,6.0,0.0,1.0,A,0.0
16/04/2022,2122,Salernitana,Sampdoria,Away,2.0,2.0,1.0,A,0.0
16/04/2023,2223,Salernitana,Torino,Away,1.0,1.0,1.0,D,0.0
16/09/2022,2223,Salernitana,Lecce,Home,4.0,1.0,2.0,A,0.0
16/10/2021,2122,Salernitana,Spezia,Away,4.0,1.0,2.0,H,0.0
16/10/2022,2223,Salernitana,Inter,Away,3.0,0.0,2.0,H,0.0
17/12/2021,2122,Salernitana,Inter,Home,2.0,0.0,5.0,A,0.0
18/03/2023,2223,Salernitana,Bologna,Home,4.0,2.0,2.0,D,0.0
18/09/2021,2122,Salernitana,Atalanta,Home,1.0,0.0,1.0,A,0.0
18/09/2023,2324,Salernitana,Torino,Home,4.0,0.0,3.0,A,0.0
18/12/2023,2324,Salernitana,Atalanta,Away,3.0,1.0,4.0,H,0.0
19/02/2022,2122,Salernitana,Milan,Home,5.0,2.0,2.0,D,0.0
19/02/2023,2223,Salernitana,Lazio,Home,2.0,0.0,2.0,A,1.0
20/03/2022,2122,Salernitana,Juventus,Away,4.0,0.0,2.0,H,0.0
20/04/2022,2122,Salernitana,Udinese,Away,2.0,1.0,0.0,A,0.0
20/05/2024,2324,Salernitana,Verona,Home,1.0,1.0,2.0,A,0.0
20/08/2022,2223,Salernitana,Udinese,Away,6.0,0.0,0.0,D,0.0
20/08/2023,2324,Salernitana,Roma,Away,2.0,2.0,2.0,D,0.0
21/01/2023,2223,Salernitana,Napoli,Home,2.0,0.0,2.0,A,0.0
21/01/2024,2324,Salernitana,Genoa,Home,2.0,1.0,2.0,A,0.0
21/04/2024,2324,Salernitana,Fiorentina,Home,1.0,0.0,2.0,A,0.0
21/11/2021,2122,Salernitana,Sampdoria,Home,2.0,0.0,2.0,A,0.0
22/04/2023,2223,Salernitana,Sassuolo,Home,5.0,3.0,0.0,H,0.0
22/05/2022,2122,Salernitana,Udinese,Home,10.0,0.0,4.0,A,0.0
22/05/2023,2223,Salernitana,Roma,Away,3.0,2.0,2.0,D,0.0
22/08/2021,2122,Salernitana,Bologna,Away,4.0,2.0,3.0,H,1.0
22/09/2021,2122,Salernitana,Verona,Home,4.0,2.0,2.0,D,0.0
22/09/2023,2324,Salernitana,Frosinone,Home,6.0,1.0,1.0,D,0.0
22/10/2022,2223,Salernitana,Spezia,Home,4.0,1.0,0.0,H,0.0
22/10/2023,2324,Salernitana,Cagliari,Home,2.0,2.0,2.0,D,0.0
22/12/2023,2324,Salernitana,Milan,Home,7.0,2.0,2.0,D,1.0
23/01/2022,2122,Salernitana,Napoli,Away,1.0,1.0,4.0,H,1.0
23/10/2021,2122,Salernitana,Empoli,Home,6.0,2.0,4.0,A,0.0
24/02/2024,2324,Salernitana,Monza,Home,3.0,0.0,2.0,A,0.0
24/04/2022,2122,Salernitana,Fiorentina,Home,4.0,2.0,1.0,H,0.0
25/05/2024,2324,Salernitana,Milan,Away,6.0,3.0,3.0,D,0.0
25/11/2023,2324,Salernitana,Lazio,Home,6.0,2.0,1.0,H,0.0
26/02/2022,2122,Salernitana,Bologna,Home,4.0,1.0,1.0,D,0.0
26/02/2023,2223,Salernitana,Monza,Home,5.0,3.0,0.0,H,0.0
26/04/2024,2324,Salernitana,Frosinone,Away,2.0,0.0,3.0,H,0.0
26/09/2021,2122,Salernitana,Sassuolo,Away,5.0,0.0,1.0,H,0.0
26/10/2021,2122,Salernitana,Venezia,Away,7.0,2.0,1.0,A,0.0
26/11/2021,2122,Salernitana,Cagliari,Away,2.0,1.0,1.0,D,0.0
27/01/2023,2223,Salernitana,Lecce,Away,6.0,2.0,1.0,A,0.0
27/05/2023,2223,Salernitana,Udinese,Home,3.0,3.0,2.0,H,0.0
27/09/2023,2324,Salernitana,Empoli,Away,2.0,0.0,1.0,H,0.0
27/10/2023,2324,Salernitana,Genoa,Away,2.0,0.0,1.0,H,0.0
28/08/2022,2223,Salernitana,Sampdoria,Home,6.0,4.0,0.0,H,0.0
28/08/2023,2324,Salernitana,Udinese,Home,4.0,1.0,1.0,D,0.0
29/01/2024,2324,Salernitana,Roma,Home,7.0,1.0,2.0,A,0.0
29/08/2021,2122,Salernitana,Roma,Home,0.0,0.0,4.0,A,0.0
30/04/2023,2223,Salernitana,Napoli,Away,2.0,1.0,1.0,D,0.0
30/09/2023,2324,Salernitana,Inter,Home,3.0,0.0,4.0,A,0.0
30/10/2022,2223,Salernitana,Lazio,Away,6.0,3.0,1.0,A,0.0
30/11/2021,2122,Salernitana,Juventus,Home,0.0,0.0,2.0,A,0.0
30/12/2023,2324,Salernitana,Verona,Away,3.0,1.0,0.0,A,0.0
31/10/2021,2122,Salernitana,Napoli,Home,3.0,0.0,1.0,A,1.0
01/02/09,809,Sampdoria,Chievo,Away,3.0,1.0,1.0,D,0.0
01/02/15,1415,Sampdoria,Torino,Away,1.0,1.0,5.0,H,0.0
01/03/09,809,Sampdoria,Milan,Home,5.0,2.0,1.0,H,0.0
01/03/15,1415,Sampdoria,Atalanta,Away,7.0,2.0,1.0,A,0.0
01/04/07,607,Sampdoria,Chievo,Away,2.0,1.0,1.0,D,0.0
01/05/11,1011,Sampdoria,Brescia,Home,7.0,3.0,3.0,D,0.0
01/05/16,1516,Sampdoria,Palermo,Away,4.0,0.0,2.0,H,0.0
01/07/2020,1920,Sampdoria,Lecce,Away,5.0,2.0,1.0,A,0.0
01/08/2020,1920,Sampdoria,Brescia,Away,5.0,1.0,1.0,D,1.0
01/09/13,1314,Sampdoria,Bologna,Away,5.0,2.0,2.0,D,0.0
01/09/2019,1920,Sampdoria,Sassuolo,Away,5.0,1.0,4.0,H,1.0
01/10/06,607,Sampdoria,Parma,Home,8.0,3.0,2.0,H,0.0
01/10/2018,1819,Sampdoria,Spal,Home,9.0,2.0,1.0,H,0.0
01/11/09,910,Sampdoria,Bari,Home,4.0,0.0,0.0,D,0.0
01/11/2020,2021,Sampdoria,Genoa,Home,3.0,1.0,1.0,D,0.0
01/12/07,708,Sampdoria,Reggina,Home,5.0,3.0,0.0,H,0.0
01/12/13,1314,Sampdoria,Inter,Away,5.0,1.0,1.0,D,0.0
01/12/14,1415,Sampdoria,Napoli,Home,3.0,1.0,1.0,D,0.0
01/12/2018,1819,Sampdoria,Bologna,Home,6.0,4.0,1.0,H,0.0
02/02/11,1011,Sampdoria,Cagliari,Home,1.0,0.0,1.0,A,0.0
02/02/13,1213,Sampdoria,Torino,Away,0.0,0.0,0.0,D,0.0
02/02/2019,1819,Sampdoria,Napoli,Away,2.0,0.0,3.0,H,0.0
02/03/08,708,Sampdoria,Torino,Home,6.0,2.0,2.0,D,1.0
02/03/14,1314,Sampdoria,Torino,Away,4.0,2.0,0.0,A,0.0
02/04/06,506,Sampdoria,Cagliari,Home,5.0,1.0,1.0,D,0.0
02/04/2023,2223,Sampdoria,Roma,Away,3.0,0.0,3.0,H,1.0
02/05/10,910,Sampdoria,Livorno,Home,3.0,2.0,0.0,H,0.0
02/05/15,1415,Sampdoria,Juventus,Home,2.0,0.0,1.0,A,0.0
02/05/2021,2021,Sampdoria,Roma,Home,9.0,2.0,0.0,H,0.0
02/09/07,708,Sampdoria,Lazio,Home,3.0,0.0,0.0,D,1.0
02/09/12,1213,Sampdoria,Siena,Home,5.0,2.0,1.0,H,0.0
02/09/2018,1819,Sampdoria,Napoli,Home,4.0,3.0,0.0,H,0.0
02/10/05,506,Sampdoria,Messina,Away,7.0,4.0,1.0,A,0.0
02/10/16,1617,Sampdoria,Palermo,Home,7.0,1.0,1.0,D,0.0
02/10/2020,2021,Sampdoria,Fiorentina,Away,10.0,2.0,1.0,A,0.0
02/10/2022,2223,Sampdoria,Monza,Home,1.0,0.0,3.0,A,0.0
02/11/08,809,Sampdoria,Torino,Home,5.0,1.0,0.0,H,0.0
02/11/14,1415,Sampdoria,Fiorentina,Home,6.0,3.0,1.0,H,0.0
02/11/15,1516,Sampdoria,Chievo,Away,3.0,1.0,1.0,D,0.0
02/12/12,1213,Sampdoria,Fiorentina,Away,3.0,2.0,2.0,D,1.0
02/12/2019,1920,Sampdoria,Cagliari,Away,5.0,3.0,4.0,H,0.0
03/01/2021,2021,Sampdoria,Roma,Away,2.0,0.0,1.0,H,0.0
03/02/08,708,Sampdoria,Lazio,Away,2.0,1.0,2.0,H,0.0
03/02/14,1314,Sampdoria,Genoa,Away,7.0,1.0,0.0,A,0.0
03/02/16,1516,Sampdoria,Torino,Home,4.0,2.0,2.0,D,0.0
03/02/18,1718,Sampdoria,Torino,Home,3.0,1.0,1.0,D,0.0
03/02/2020,1920,Sampdoria,Napoli,Home,10.0,2.0,4.0,A,0.0
03/03/13,1213,Sampdoria,Parma,Home,3.0,1.0,0.0,H,0.0
03/03/2019,1819,Sampdoria,Spal,Away,10.0,2.0,1.0,A,0.0
03/03/2021,2021,Sampdoria,Genoa,Away,6.0,1.0,1.0,D,0.0
03/04/10,910,Sampdoria,Chievo,Away,6.0,2.0,1.0,A,0.0
03/04/11,1011,Sampdoria,Chievo,Away,1.0,0.0,0.0,D,0.0
03/04/13,1213,Sampdoria,Inter,Home,9.0,0.0,2.0,A,0.0
03/04/16,1516,Sampdoria,Fiorentina,Away,4.0,1.0,1.0,D,1.0
03/04/17,1617,Sampdoria,Inter,Away,3.0,2.0,1.0,A,0.0
03/04/18,1718,Sampdoria,Atalanta,Away,3.0,2.0,1.0,A,0.0
03/04/2019,1819,Sampdoria,Torino,Away,3.0,1.0,2.0,H,0.0
03/04/2021,2021,Sampdoria,Milan,Away,4.0,1.0,1.0,D,1.0
03/04/2022,2122,Sampdoria,Roma,Home,3.0,0.0,1.0,A,0.0
03/05/09,809,Sampdoria,Genoa,Away,2.0,1.0,3.0,H,1.0
03/05/2023,2223,Sampdoria,Torino,Home,0.0,0.0,2.0,A,1.0
03/10/10,1011,Sampdoria,Bologna,Away,4.0,1.0,1.0,D,0.0
03/10/2021,2122,Sampdoria,Udinese,Home,3.0,3.0,3.0,D,0.0
03/11/13,1314,Sampdoria,Sassuolo,Home,5.0,3.0,4.0,A,1.0
03/12/06,607,Sampdoria,Messina,Away,4.0,2.0,0.0,A,0.0
03/12/17,1718,Sampdoria,Lazio,Home,3.0,1.0,2.0,A,0.0
04/01/2023,2223,Sampdoria,Sassuolo,Away,4.0,2.0,1.0,A,0.0
04/03/06,506,Sampdoria,Juventus,Home,2.0,0.0,1.0,A,0.0
04/03/07,607,Sampdoria,Lazio,Away,4.0,0.0,1.0,H,0.0
04/03/17,1617,Sampdoria,Pescara,Home,7.0,3.0,1.0,H,0.0
04/04/15,1415,Sampdoria,Fiorentina,Away,0.0,0.0,2.0,H,0.0
04/05/08,708,Sampdoria,Roma,Home,11.0,0.0,3.0,A,0.0
04/05/14,1314,Sampdoria,Parma,Away,4.0,0.0,2.0,H,0.0
04/06/2023,2223,Sampdoria,Napoli,Away,4.0,0.0,2.0,H,0.0
04/09/2022,2223,Sampdoria,Verona,Away,3.0,1.0,2.0,H,0.0
04/10/09,910,Sampdoria,Parma,Home,3.0,1.0,1.0,D,0.0
04/10/15,1516,Sampdoria,Inter,Home,6.0,1.0,1.0,D,0.0
04/11/07,708,Sampdoria,Cagliari,Away,4.0,3.0,0.0,A,1.0
04/11/12,1213,Sampdoria,Atalanta,Home,5.0,1.0,2.0,A,0.0
04/11/17,1718,Sampdoria,Genoa,Away,5.0,2.0,0.0,A,0.0
04/11/2018,1819,Sampdoria,Torino,Home,4.0,1.0,4.0,A,0.0
04/11/2019,1920,Sampdoria,Spal,Away,4.0,1.0,0.0,A,0.0
04/12/05,506,Sampdoria,Empoli,Home,,2.0,0.0,H,0.0
04/12/16,1617,Sampdoria,Torino,Home,2.0,2.0,0.0,H,0.0
05/01/15,1415,Sampdoria,Lazio,Away,1.0,0.0,3.0,H,0.0
05/01/16,1516,Sampdoria,Genoa,Away,5.0,3.0,2.0,A,0.0
05/02/06,506,Sampdoria,Treviso,Home,4.0,1.0,1.0,D,0.0
05/02/11,1011,Sampdoria,Udinese,Away,4.0,0.0,2.0,H,0.0
05/02/17,1617,Sampdoria,Milan,Away,3.0,1.0,0.0,A,0.0
05/03/16,1516,Sampdoria,Verona,Away,8.0,3.0,0.0,A,0.0
05/03/2022,2122,Sampdoria,Udinese,Away,4.0,1.0,2.0,H,0.0
05/03/2023,2223,Sampdoria,Salernitana,Home,3.0,0.0,0.0,D,0.0
05/04/09,809,Sampdoria,Napoli,Home,3.0,2.0,2.0,D,0.0
05/05/13,1213,Sampdoria,Udinese,Away,5.0,1.0,3.0,H,0.0
05/05/2019,1819,Sampdoria,Parma,Away,10.0,3.0,3.0,D,1.0
05/07/2020,1920,Sampdoria,Spal,Home,5.0,3.0,0.0,H,0.0
05/10/08,809,Sampdoria,Atalanta,Away,3.0,2.0,4.0,H,2.0
05/10/14,1415,Sampdoria,Atalanta,Home,3.0,1.0,0.0,H,0.0
05/10/2019,1920,Sampdoria,Verona,Away,3.0,0.0,2.0,H,0.0
05/11/06,607,Sampdoria,Palermo,Away,4.0,0.0,2.0,H,1.0
05/12/09,910,Sampdoria,Milan,Away,1.0,0.0,3.0,H,0.0
05/12/10,1011,Sampdoria,Bari,Home,6.0,3.0,0.0,H,0.0
05/12/2021,2122,Sampdoria,Lazio,Home,5.0,1.0,3.0,A,0.0
06/01/10,910,Sampdoria,Palermo,Home,8.0,1.0,1.0,D,0.0
06/01/11,1011,Sampdoria,Palermo,Away,3.0,0.0,3.0,H,0.0
06/01/13,1213,Sampdoria,Juventus,Away,4.0,2.0,1.0,A,1.0
06/01/14,1314,Sampdoria,Napoli,Away,4.0,0.0,2.0,H,0.0
06/01/18,1718,Sampdoria,Benevento,Away,6.0,2.0,3.0,H,1.0
06/01/2020,1920,Sampdoria,Milan,Away,4.0,0.0,0.0,D,0.0
06/01/2021,2021,Sampdoria,Inter,Home,6.0,2.0,1.0,H,0.0
06/01/2022,2122,Sampdoria,Cagliari,Home,1.0,1.0,2.0,A,1.0
06/02/2022,2122,Sampdoria,Sassuolo,Home,7.0,4.0,0.0,H,0.0
06/02/2023,2223,Sampdoria,Monza,Away,6.0,2.0,2.0,D,0.0
06/03/11,1011,Sampdoria,Cesena,Home,4.0,2.0,3.0,A,0.0
06/04/08,708,Sampdoria,Livorno,Home,9.0,2.0,0.0,H,0.0
06/04/14,1314,Sampdoria,Lazio,Away,5.0,0.0,2.0,H,0.0
06/04/2019,1819,Sampdoria,Roma,Home,2.0,0.0,1.0,A,0.0
06/05/07,607,Sampdoria,Reggina,Home,6.0,0.0,0.0,D,0.0
06/05/18,1718,Sampdoria,Sassuolo,Away,0.0,0.0,1.0,H,0.0
06/10/12,1213,Sampdoria,Chievo,Away,2.0,1.0,2.0,H,0.0
06/10/13,1314,Sampdoria,Torino,Home,6.0,2.0,2.0,D,0.0
06/11/05,506,Sampdoria,Palermo,Away,3.0,2.0,0.0,A,0.0
06/11/16,1617,Sampdoria,Fiorentina,Away,6.0,1.0,1.0,D,0.0
06/11/2022,2223,Sampdoria,Fiorentina,Home,2.0,0.0,2.0,A,0.0
06/12/15,1516,Sampdoria,Sassuolo,Home,2.0,1.0,3.0,A,0.0
06/12/2020,2021,Sampdoria,Milan,Home,3.0,1.0,2.0,A,0.0
07/01/17,1617,Sampdoria,Napoli,Away,2.0,1.0,2.0,H,1.0
07/02/10,910,Sampdoria,Siena,Away,3.0,2.0,1.0,A,0.0
07/02/16,1516,Sampdoria,Roma,Away,4.0,1.0,2.0,H,0.0
07/02/2021,2021,Sampdoria,Benevento,Away,5.0,1.0,1.0,D,0.0
07/03/10,910,Sampdoria,Lazio,Home,3.0,2.0,1.0,H,0.0
07/03/15,1415,Sampdoria,Cagliari,Home,5.0,2.0,0.0,H,0.0
07/03/2021,2021,Sampdoria,Cagliari,Home,5.0,2.0,2.0,D,0.0
07/04/07,607,Sampdoria,Torino,Home,4.0,1.0,0.0,H,0.0
07/04/13,1213,Sampdoria,Palermo,Home,3.0,1.0,3.0,A,0.0
07/04/18,1718,Sampdoria,Genoa,Home,4.0,0.0,0.0,D,0.0
07/05/06,506,Sampdoria,Livorno,Away,1.0,0.0,0.0,D,0.0
07/05/17,1617,Sampdoria,Lazio,Away,7.0,3.0,7.0,H,1.0
07/05/2022,2122,Sampdoria,Lazio,Away,2.0,0.0,2.0,H,0.0
07/10/07,708,Sampdoria,Torino,Away,2.0,0.0,1.0,H,1.0
07/10/2018,1819,Sampdoria,Atalanta,Away,3.0,1.0,0.0,A,0.0
07/11/10,1011,Sampdoria,Catania,Home,4.0,0.0,0.0,D,0.0
07/11/2020,2021,Sampdoria,Cagliari,Away,1.0,0.0,2.0,H,1.0
07/11/2021,2122,Sampdoria,Bologna,Home,4.0,1.0,2.0,A,0.0
07/12/08,809,Sampdoria,Genoa,Home,2.0,0.0,1.0,A,0.0
08/01/06,506,Sampdoria,Livorno,Home,6.0,0.0,2.0,A,1.0
08/01/2023,2223,Sampdoria,Napoli,Home,2.0,0.0,2.0,A,1.0
08/02/06,506,Sampdoria,Chievo,Away,5.0,1.0,1.0,D,1.0
08/02/09,809,Sampdoria,Siena,Home,4.0,2.0,2.0,D,0.0
08/02/15,1415,Sampdoria,Sassuolo,Home,5.0,1.0,1.0,D,0.0
08/02/2020,1920,Sampdoria,Torino,Away,6.0,3.0,1.0,A,0.0
08/03/09,809,Sampdoria,Bologna,Away,7.0,0.0,3.0,H,0.0
08/03/2020,1920,Sampdoria,Verona,Home,7.0,2.0,1.0,H,0.0
08/04/2023,2223,Sampdoria,Cremonese,Home,9.0,2.0,3.0,A,0.0
08/05/11,1011,Sampdoria,Genoa,Away,2.0,1.0,2.0,H,0.0
08/05/13,1213,Sampdoria,Catania,Home,6.0,1.0,1.0,D,0.0
08/05/16,1516,Sampdoria,Genoa,Home,3.0,0.0,3.0,A,0.0
08/05/2021,2021,Sampdoria,Inter,Away,4.0,1.0,5.0,H,0.0
08/05/2023,2223,Sampdoria,Udinese,Away,3.0,0.0,2.0,H,0.0
08/07/2020,1920,Sampdoria,Atalanta,Away,3.0,0.0,2.0,H,0.0
08/10/2022,2223,Sampdoria,Bologna,Away,3.0,1.0,1.0,D,0.0
08/11/09,910,Sampdoria,Cagliari,Away,3.0,0.0,2.0,H,1.0
08/11/14,1415,Sampdoria,Milan,Home,8.0,2.0,2.0,D,0.0
08/11/15,1516,Sampdoria,Fiorentina,Home,2.0,0.0,2.0,A,0.0
08/12/13,1314,Sampdoria,Catania,Home,7.0,2.0,0.0,H,0.0
08/12/14,1415,Sampdoria,Verona,Away,7.0,3.0,1.0,A,0.0
08/12/2018,1819,Sampdoria,Lazio,Away,3.0,2.0,2.0,D,1.0
08/12/2019,1920,Sampdoria,Parma,Home,6.0,0.0,1.0,A,0.0
09/01/11,1011,Sampdoria,Roma,Home,3.0,2.0,1.0,H,2.0
09/01/2022,2122,Sampdoria,Napoli,Away,1.0,0.0,1.0,H,0.0
09/02/14,1314,Sampdoria,Cagliari,Home,3.0,1.0,0.0,H,0.0
09/03/08,708,Sampdoria,Parma,Away,3.0,2.0,1.0,A,0.0
09/03/14,1314,Sampdoria,Livorno,Home,7.0,4.0,2.0,H,0.0
09/04/06,506,Sampdoria,Empoli,Away,4.0,1.0,2.0,H,0.0
09/04/17,1617,Sampdoria,Fiorentina,Home,4.0,2.0,2.0,D,0.0
09/05/09,809,Sampdoria,Reggina,Home,9.0,5.0,0.0,H,0.0
09/05/10,910,Sampdoria,Palermo,Away,1.0,1.0,1.0,D,0.0
09/11/08,809,Sampdoria,Napoli,Away,4.0,0.0,2.0,H,0.0
09/11/2022,2223,Sampdoria,Torino,Away,1.0,0.0,2.0,H,0.0
09/12/07,708,Sampdoria,Udinese,Away,2.0,2.0,3.0,H,0.0
09/12/17,1718,Sampdoria,Cagliari,Away,9.0,2.0,2.0,D,0.0
10/01/10,910,Sampdoria,Napoli,Away,1.0,0.0,1.0,H,0.0
10/01/16,1516,Sampdoria,Juventus,Home,2.0,1.0,2.0,A,1.0
10/02/08,708,Sampdoria,Napoli,Home,5.0,2.0,0.0,H,0.0
10/02/13,1213,Sampdoria,Roma,Home,6.0,3.0,1.0,H,0.0
10/02/2019,1819,Sampdoria,Frosinone,Home,7.0,0.0,1.0,A,0.0
10/03/07,607,Sampdoria,Cagliari,Home,5.0,1.0,1.0,D,0.0
10/03/13,1213,Sampdoria,Cagliari,Away,3.0,1.0,3.0,H,0.0
10/03/2019,1819,Sampdoria,Atalanta,Home,6.0,1.0,2.0,A,0.0
10/04/11,1011,Sampdoria,Lecce,Home,8.0,1.0,2.0,A,1.0
10/04/16,1516,Sampdoria,Udinese,Home,5.0,2.0,0.0,H,0.0
10/05/15,1415,Sampdoria,Udinese,Away,11.0,4.0,1.0,A,0.0
10/09/06,607,Sampdoria,Empoli,Home,4.0,1.0,2.0,A,2.0
10/09/2022,2223,Sampdoria,Milan,Home,4.0,1.0,2.0,A,0.0
10/11/07,708,Sampdoria,Empoli,Home,8.0,3.0,0.0,H,0.0
10/11/13,1314,Sampdoria,Fiorentina,Away,3.0,1.0,2.0,H,0.0
10/11/2019,1920,Sampdoria,Atalanta,Home,2.0,0.0,0.0,D,0.0
10/12/06,607,Sampdoria,Siena,Home,4.0,0.0,0.0,D,0.0
10/12/12,1213,Sampdoria,Udinese,Home,4.0,0.0,2.0,A,0.0
10/12/16,1617,Sampdoria,Lazio,Home,5.0,1.0,2.0,A,0.0
10/12/2021,2122,Sampdoria,Genoa,Away,6.0,3.0,1.0,A,0.0
11/01/09,809,Sampdoria,Udinese,Away,4.0,1.0,1.0,D,0.0
11/01/15,1415,Sampdoria,Empoli,Home,6.0,1.0,0.0,H,0.0
11/01/2021,2021,Sampdoria,Spezia,Away,4.0,1.0,2.0,H,0.0
11/02/07,607,Sampdoria,Ascoli,Home,7.0,2.0,0.0,H,0.0
11/02/18,1718,Sampdoria,Verona,Home,10.0,2.0,0.0,H,0.0
11/03/06,506,Sampdoria,Inter,Away,2.0,0.0,1.0,H,0.0
11/03/17,1617,Sampdoria,Genoa,Away,4.0,1.0,0.0,A,0.0
11/03/18,1718,Sampdoria,Crotone,Away,2.0,1.0,4.0,H,0.0
11/04/09,809,Sampdoria,Lecce,Away,5.0,3.0,1.0,A,0.0
11/04/10,910,Sampdoria,Genoa,Home,2.0,1.0,0.0,H,0.0
11/04/2021,2021,Sampdoria,Napoli,Home,5.0,0.0,2.0,A,0.0
11/04/2022,2122,Sampdoria,Bologna,Away,2.0,0.0,2.0,H,0.0
11/05/08,708,Sampdoria,Palermo,Away,3.0,2.0,0.0,A,0.0
11/05/14,1314,Sampdoria,Napoli,Home,10.0,2.0,5.0,A,0.0
11/09/05,506,Sampdoria,Reggina,Home,7.0,3.0,2.0,H,0.0
11/09/16,1617,Sampdoria,Roma,Away,7.0,2.0,3.0,H,0.0
11/11/10,1011,Sampdoria,Parma,Away,3.0,0.0,1.0,H,0.0
11/11/12,1213,Sampdoria,Palermo,Away,4.0,0.0,2.0,H,0.0
11/11/2018,1819,Sampdoria,Roma,Away,3.0,1.0,4.0,H,0.0
11/12/05,506,Sampdoria,Parma,Away,4.0,1.0,1.0,D,0.0
12/01/2020,1920,Sampdoria,Brescia,Home,11.0,5.0,1.0,H,0.0
12/02/06,506,Sampdoria,Messina,Home,11.0,4.0,2.0,H,0.0
12/02/17,1617,Sampdoria,Bologna,Home,5.0,3.0,1.0,H,0.0
12/03/16,1516,Sampdoria,Empoli,Away,5.0,1.0,1.0,D,0.0
12/03/2022,2122,Sampdoria,Juventus,Home,5.0,1.0,3.0,A,0.0
12/03/2023,2223,Sampdoria,Juventus,Away,3.0,2.0,4.0,H,0.0
12/04/15,1415,Sampdoria,Milan,Away,3.0,1.0,1.0,D,0.0
12/05/13,1213,Sampdoria,Lazio,Away,3.0,0.0,2.0,H,1.0
12/05/2019,1819,Sampdoria,Empoli,Home,7.0,1.0,2.0,A,0.0
12/05/2021,2021,Sampdoria,Spezia,Home,6.0,2.0,2.0,D,0.0
12/07/2020,1920,Sampdoria,Udinese,Away,6.0,3.0,1.0,A,0.0
12/09/10,1011,Sampdoria,Juventus,Away,5.0,3.0,3.0,D,0.0
12/09/2021,2122,Sampdoria,Inter,Home,3.0,2.0,2.0,D,0.0
12/11/06,607,Sampdoria,Chievo,Home,8.0,3.0,0.0,H,0.0
12/11/2022,2223,Sampdoria,Lecce,Home,2.0,0.0,2.0,A,0.0
12/12/10,1011,Sampdoria,Brescia,Away,4.0,0.0,1.0,H,0.0
13/01/08,708,Sampdoria,Palermo,Home,6.0,3.0,0.0,H,0.0
13/01/13,1213,Sampdoria,Milan,Home,5.0,0.0,0.0,D,0.0
13/01/14,1314,Sampdoria,Udinese,Home,6.0,3.0,0.0,H,1.0
13/02/10,910,Sampdoria,Fiorentina,Home,5.0,2.0,0.0,H,0.0
13/02/11,1011,Sampdoria,Bologna,Home,5.0,3.0,1.0,H,0.0
13/02/2022,2122,Sampdoria,Milan,Away,1.0,0.0,1.0,H,0.0
13/02/2023,2223,Sampdoria,Inter,Home,2.0,0.0,0.0,D,0.0
13/03/11,1011,Sampdoria,Catania,Away,1.0,0.0,1.0,H,1.0
13/04/08,708,Sampdoria,Reggina,Away,4.0,0.0,1.0,H,0.0
13/04/14,1314,Sampdoria,Inter,Home,6.0,0.0,4.0,A,1.0
13/05/07,607,Sampdoria,Livorno,Away,2.0,0.0,1.0,H,0.0
13/05/18,1718,Sampdoria,Napoli,Home,2.0,0.0,2.0,A,0.0
13/08/2022,2223,Sampdoria,Atalanta,Home,1.0,0.0,2.0,A,0.0
13/09/09,910,Sampdoria,Atalanta,Away,3.0,1.0,0.0,A,1.0
13/12/09,910,Sampdoria,Roma,Home,1.0,0.0,0.0,D,0.0
13/12/2020,2021,Sampdoria,Napoli,Away,3.0,1.0,2.0,H,0.0
14/01/06,506,Sampdoria,Lecce,Away,9.0,3.0,0.0,A,0.0
14/01/07,607,Sampdoria,Fiorentina,Home,5.0,0.0,0.0,D,0.0
14/01/09,809,Sampdoria,Roma,Away,3.0,0.0,2.0,H,0.0
14/02/16,1516,Sampdoria,Atalanta,Home,2.0,0.0,0.0,D,0.0
14/02/2021,2021,Sampdoria,Fiorentina,Home,3.0,2.0,1.0,H,0.0
14/03/10,910,Sampdoria,Bologna,Away,2.0,1.0,1.0,D,0.0
14/03/2021,2021,Sampdoria,Bologna,Away,9.0,1.0,3.0,H,0.0
14/04/13,1213,Sampdoria,Genoa,Away,1.0,1.0,1.0,D,1.0
14/04/2019,1819,Sampdoria,Genoa,Home,7.0,2.0,0.0,H,0.0
14/05/06,506,Sampdoria,Lecce,Home,6.0,1.0,3.0,A,0.0
14/05/16,1516,Sampdoria,Juventus,Away,1.0,0.0,5.0,H,1.0
14/05/17,1617,Sampdoria,Chievo,Home,3.0,1.0,1.0,D,0.0
14/09/08,809,Sampdoria,Lazio,Away,3.0,0.0,2.0,H,0.0
14/09/14,1415,Sampdoria,Torino,Home,4.0,2.0,0.0,H,0.0
14/09/15,1516,Sampdoria,Bologna,Home,4.0,2.0,0.0,H,0.0
14/09/2019,1920,Sampdoria,Napoli,Away,2.0,0.0,2.0,H,0.0
14/10/06,607,Sampdoria,Milan,Home,5.0,1.0,1.0,D,0.0
14/11/10,1011,Sampdoria,Chievo,Home,3.0,0.0,0.0,D,0.0
14/12/08,809,Sampdoria,Reggina,Away,11.0,2.0,0.0,A,0.0
14/12/14,1415,Sampdoria,Juventus,Away,3.0,1.0,1.0,D,0.0
14/12/15,1516,Sampdoria,Lazio,Away,4.0,1.0,1.0,D,0.0
14/12/2019,1920,Sampdoria,Genoa,Away,1.0,1.0,0.0,A,0.0
15/01/17,1617,Sampdoria,Empoli,Home,2.0,0.0,0.0,D,0.0
15/01/2022,2122,Sampdoria,Torino,Home,3.0,1.0,2.0,A,0.0
15/02/09,809,Sampdoria,Juventus,Away,3.0,1.0,1.0,D,0.0
15/02/15,1415,Sampdoria,Chievo,Away,3.0,1.0,2.0,H,0.0
15/03/09,809,Sampdoria,Roma,Home,7.0,2.0,2.0,D,0.0
15/04/06,506,Sampdoria,Parma,Home,3.0,1.0,2.0,A,0.0
15/04/07,607,Sampdoria,Roma,Away,2.0,0.0,4.0,H,0.0
15/04/17,1617,Sampdoria,Sassuolo,Away,3.0,1.0,2.0,H,0.0
15/04/18,1718,Sampdoria,Juventus,Away,3.0,0.0,3.0,H,0.0
15/05/11,1011,Sampdoria,Palermo,Home,5.0,1.0,2.0,A,0.0
15/05/2023,2223,Sampdoria,Empoli,Home,3.0,1.0,1.0,D,0.0
15/07/2020,1920,Sampdoria,Cagliari,Home,4.0,3.0,0.0,H,0.0
15/09/13,1314,Sampdoria,Genoa,Home,2.0,0.0,3.0,A,0.0
15/09/2018,1819,Sampdoria,Frosinone,Away,7.0,5.0,0.0,A,0.0
15/10/16,1617,Sampdoria,Pescara,Away,9.0,1.0,1.0,D,0.0
15/10/17,1718,Sampdoria,Atalanta,Home,7.0,3.0,1.0,H,0.0
15/12/13,1314,Sampdoria,Chievo,Away,2.0,1.0,0.0,A,0.0
16/01/11,1011,Sampdoria,Lazio,Away,4.0,0.0,1.0,H,0.0
16/01/2021,2021,Sampdoria,Udinese,Home,8.0,2.0,1.0,H,0.0
16/01/2023,2223,Sampdoria,Empoli,Away,7.0,0.0,1.0,H,0.0
16/02/11,1011,Sampdoria,Genoa,Home,4.0,0.0,1.0,A,0.0
16/02/14,1314,Sampdoria,Roma,Away,2.0,0.0,3.0,H,1.0
16/02/2020,1920,Sampdoria,Fiorentina,Home,8.0,1.0,5.0,A,1.0
16/03/08,708,Sampdoria,Catania,Home,4.0,3.0,1.0,H,0.0
16/03/14,1314,Sampdoria,Atalanta,Away,4.0,0.0,3.0,H,0.0
16/03/15,1415,Sampdoria,Roma,Away,2.0,2.0,0.0,A,0.0
16/03/2019,1819,Sampdoria,Sassuolo,Away,11.0,5.0,3.0,A,0.0
16/04/11,1011,Sampdoria,Milan,Away,1.0,0.0,3.0,H,0.0
16/04/2022,2122,Sampdoria,Salernitana,Home,1.0,1.0,2.0,A,0.0
16/04/2023,2223,Sampdoria,Lecce,Away,2.0,1.0,1.0,D,0.0
16/05/10,910,Sampdoria,Napoli,Home,5.0,1.0,0.0,H,0.0
16/05/15,1415,Sampdoria,Lazio,Home,1.0,0.0,1.0,A,0.0
16/05/2021,2021,Sampdoria,Udinese,Away,6.0,1.0,0.0,A,0.0
16/05/2022,2122,Sampdoria,Fiorentina,Home,5.0,4.0,1.0,H,1.0
16/09/06,607,Sampdoria,Inter,Away,1.0,1.0,1.0,D,0.0
16/09/07,708,Sampdoria,Napoli,Away,2.0,0.0,2.0,H,0.0
16/09/12,1213,Sampdoria,Pescara,Away,5.0,3.0,2.0,A,0.0
16/09/16,1617,Sampdoria,Milan,Home,3.0,0.0,1.0,A,0.0
16/10/05,506,Sampdoria,Ascoli,Away,7.0,1.0,2.0,H,0.0
16/11/08,809,Sampdoria,Lecce,Home,8.0,3.0,2.0,H,0.0
16/12/07,708,Sampdoria,Fiorentina,Home,7.0,2.0,2.0,D,0.0
16/12/12,1213,Sampdoria,Catania,Away,2.0,1.0,3.0,H,0.0
16/12/2018,1819,Sampdoria,Parma,Home,10.0,2.0,0.0,H,0.0
16/12/2020,2021,Sampdoria,Verona,Away,3.0,2.0,1.0,A,0.0
17/01/10,910,Sampdoria,Catania,Home,6.0,1.0,1.0,D,0.0
17/01/16,1516,Sampdoria,Carpi,Away,4.0,1.0,2.0,H,0.0
17/02/08,708,Sampdoria,Genoa,Away,5.0,1.0,0.0,A,0.0
17/02/13,1213,Sampdoria,Napoli,Away,4.0,0.0,0.0,D,0.0
17/02/2019,1819,Sampdoria,Inter,Away,2.0,1.0,2.0,H,0.0
17/03/07,607,Sampdoria,Palermo,Home,2.0,1.0,1.0,D,1.0
17/04/16,1516,Sampdoria,Milan,Home,3.0,0.0,1.0,A,0.0
17/04/2021,2021,Sampdoria,Verona,Home,5.0,3.0,1.0,H,0.0
17/05/08,708,Sampdoria,Juventus,Home,6.0,3.0,3.0,D,0.0
17/05/09,809,Sampdoria,Fiorentina,Away,1.0,0.0,1.0,H,0.0
17/05/14,1314,Sampdoria,Udinese,Away,4.0,3.0,3.0,D,0.0
17/09/17,1718,Sampdoria,Torino,Away,5.0,2.0,2.0,D,0.0
17/09/2022,2223,Sampdoria,Spezia,Away,8.0,1.0,2.0,H,0.0
17/10/10,1011,Sampdoria,Fiorentina,Home,6.0,2.0,1.0,H,0.0
17/10/2020,2021,Sampdoria,Lazio,Home,8.0,3.0,0.0,H,0.0
17/10/2021,2122,Sampdoria,Cagliari,Away,3.0,1.0,3.0,H,0.0
17/10/2022,2223,Sampdoria,Roma,Home,1.0,0.0,1.0,A,0.0
17/12/06,607,Sampdoria,Reggina,Away,3.0,1.0,0.0,A,0.0
17/12/17,1718,Sampdoria,Sassuolo,Home,2.0,0.0,1.0,A,0.0
18/01/06,506,Sampdoria,Fiorentina,Home,8.0,3.0,1.0,H,0.0
18/01/09,809,Sampdoria,Palermo,Home,7.0,0.0,2.0,A,0.0
18/01/14,1314,Sampdoria,Juventus,Away,5.0,2.0,4.0,H,0.0
18/01/15,1415,Sampdoria,Parma,Away,5.0,2.0,0.0,A,0.0
18/01/2020,1920,Sampdoria,Lazio,Away,4.0,1.0,5.0,H,1.0
18/02/07,607,Sampdoria,Parma,Away,4.0,1.0,0.0,A,0.0
18/02/18,1718,Sampdoria,Milan,Away,2.0,0.0,1.0,H,0.0
18/02/2023,2223,Sampdoria,Bologna,Home,4.0,1.0,2.0,A,0.0
18/03/18,1718,Sampdoria,Inter,Home,2.0,0.0,5.0,A,0.0
18/04/07,607,Sampdoria,Udinese,Away,4.0,0.0,1.0,H,0.0
18/04/10,910,Sampdoria,Milan,Home,5.0,2.0,1.0,H,0.0
18/04/15,1415,Sampdoria,Cesena,Home,3.0,0.0,0.0,D,0.0
18/04/18,1718,Sampdoria,Bologna,Home,2.0,1.0,0.0,H,0.0
18/05/13,1213,Sampdoria,Juventus,Home,4.0,3.0,2.0,H,0.0
18/09/05,506,Sampdoria,Milan,Home,4.0,2.0,1.0,H,0.0
18/10/09,910,Sampdoria,Lazio,Away,9.0,1.0,1.0,D,1.0
18/10/15,1516,Sampdoria,Frosinone,Away,2.0,0.0,2.0,H,0.0
18/11/12,1213,Sampdoria,Genoa,Home,4.0,3.0,1.0,H,0.0
18/12/05,506,Sampdoria,Roma,Home,4.0,1.0,1.0,D,0.0
18/12/16,1617,Sampdoria,Chievo,Away,6.0,1.0,2.0,H,0.0
18/12/2019,1920,Sampdoria,Juventus,Home,4.0,1.0,2.0,A,1.0
19/02/06,506,Sampdoria,Ascoli,Home,4.0,1.0,2.0,A,1.0
19/02/17,1617,Sampdoria,Cagliari,Home,2.0,1.0,1.0,D,0.0
19/02/2022,2122,Sampdoria,Empoli,Home,3.0,2.0,0.0,H,0.0
19/03/06,506,Sampdoria,Palermo,Home,7.0,0.0,2.0,A,0.0
19/03/08,708,Sampdoria,Milan,Away,4.0,2.0,1.0,A,1.0
19/03/17,1617,Sampdoria,Juventus,Home,5.0,0.0,1.0,A,0.0
19/03/2023,2223,Sampdoria,Verona,Home,4.0,3.0,1.0,H,0.0
19/04/09,809,Sampdoria,Catania,Away,3.0,0.0,2.0,H,0.0
19/04/14,1314,Sampdoria,Catania,Away,2.0,1.0,2.0,H,0.0
19/05/2019,1819,Sampdoria,Chievo,Away,6.0,0.0,0.0,D,0.0
19/07/2020,1920,Sampdoria,Parma,Away,5.0,3.0,2.0,A,0.0
19/09/10,1011,Sampdoria,Napoli,Home,2.0,1.0,2.0,A,0.0
19/09/2018,1819,Sampdoria,Fiorentina,Home,4.0,1.0,1.0,D,0.0
19/09/2021,2122,Sampdoria,Empoli,Away,7.0,3.0,0.0,A,0.0
19/10/08,809,Sampdoria,Milan,Away,3.0,0.0,3.0,H,1.0
19/10/14,1415,Sampdoria,Cagliari,Away,8.0,2.0,2.0,D,1.0
19/11/06,607,Sampdoria,Torino,Away,1.0,0.0,1.0,H,0.0
19/11/17,1718,Sampdoria,Juventus,Home,5.0,3.0,2.0,H,0.0
19/12/2020,2021,Sampdoria,Crotone,Home,4.0,3.0,1.0,H,0.0
19/12/2021,2122,Sampdoria,Venezia,Home,8.0,1.0,1.0,D,0.0
20/01/08,708,Sampdoria,Juventus,Away,1.0,0.0,0.0,D,0.0
20/01/13,1213,Sampdoria,Siena,Away,1.0,0.0,1.0,H,0.0
20/01/2019,1819,Sampdoria,Fiorentina,Away,5.0,3.0,3.0,D,0.0
20/02/10,910,Sampdoria,Inter,Away,4.0,0.0,0.0,D,1.0
20/02/11,1011,Sampdoria,Fiorentina,Away,2.0,0.0,0.0,D,0.0
20/02/16,1516,Sampdoria,Inter,Away,3.0,1.0,3.0,H,0.0
20/02/2021,2021,Sampdoria,Lazio,Away,2.0,0.0,1.0,H,0.0
20/03/11,1011,Sampdoria,Parma,Home,4.0,0.0,1.0,A,0.0
20/03/16,1516,Sampdoria,Chievo,Home,7.0,0.0,1.0,A,0.0
20/03/2022,2122,Sampdoria,Venezia,Away,4.0,2.0,0.0,A,0.0
20/04/08,708,Sampdoria,Udinese,Home,4.0,3.0,0.0,H,0.0
20/04/16,1516,Sampdoria,Sassuolo,Away,2.0,0.0,0.0,D,1.0
20/04/2019,1819,Sampdoria,Bologna,Away,3.0,0.0,3.0,H,0.0
20/05/07,607,Sampdoria,Catania,Home,8.0,1.0,0.0,H,0.0
20/05/18,1718,Sampdoria,Spal,Away,3.0,1.0,3.0,H,0.0
20/05/2023,2223,Sampdoria,Milan,Away,3.0,1.0,5.0,H,0.0
20/08/17,1718,Sampdoria,Benevento,Home,6.0,2.0,1.0,H,0.0
20/09/06,607,Sampdoria,Udinese,Home,8.0,3.0,3.0,D,0.0
20/09/09,910,Sampdoria,Siena,Home,9.0,4.0,1.0,H,0.0
20/09/15,1516,Sampdoria,Torino,Away,5.0,0.0,2.0,H,0.0
20/09/17,1718,Sampdoria,Verona,Away,5.0,0.0,0.0,D,0.0
20/09/2020,2021,Sampdoria,Juventus,Away,2.0,0.0,3.0,H,0.0
20/10/13,1314,Sampdoria,Livorno,Away,2.0,2.0,1.0,A,0.0
20/10/2019,1920,Sampdoria,Roma,Home,2.0,0.0,0.0,D,0.0
20/11/05,506,Sampdoria,Lazio,Home,8.0,2.0,0.0,H,0.0
20/11/16,1617,Sampdoria,Sassuolo,Home,8.0,3.0,2.0,H,0.0
20/12/06,607,Sampdoria,Livorno,Home,8.0,4.0,1.0,H,0.0
20/12/09,910,Sampdoria,Livorno,Away,4.0,1.0,3.0,H,1.0
20/12/15,1516,Sampdoria,Palermo,Home,6.0,2.0,0.0,H,0.0
21/01/07,607,Sampdoria,Empoli,Away,5.0,0.0,2.0,H,0.0
21/01/18,1718,Sampdoria,Fiorentina,Home,10.0,3.0,1.0,H,0.0
21/03/10,910,Sampdoria,Juventus,Home,6.0,1.0,0.0,H,0.0
21/03/2021,2021,Sampdoria,Torino,Home,5.0,1.0,0.0,H,0.0
21/04/07,607,Sampdoria,Messina,Home,9.0,3.0,1.0,H,0.0
21/04/13,1213,Sampdoria,Bologna,Away,6.0,1.0,1.0,D,0.0
21/04/2021,2021,Sampdoria,Crotone,Away,5.0,1.0,0.0,A,0.0
21/05/17,1617,Sampdoria,Udinese,Away,4.0,1.0,1.0,D,1.0
21/06/2020,1920,Sampdoria,Inter,Away,3.0,1.0,2.0,H,0.0
21/08/16,1617,Sampdoria,Empoli,Away,5.0,1.0,0.0,A,0.0
21/09/05,506,Sampdoria,Treviso,Away,6.0,2.0,0.0,A,0.0
21/09/08,809,Sampdoria,Chievo,Home,3.0,1.0,1.0,D,0.0
21/09/13,1314,Sampdoria,Cagliari,Away,4.0,2.0,2.0,D,0.0
21/09/14,1415,Sampdoria,Sassuolo,Away,3.0,0.0,0.0,D,0.0
21/09/16,1617,Sampdoria,Bologna,Away,3.0,0.0,2.0,H,1.0
21/10/07,708,Sampdoria,Parma,Home,8.0,3.0,0.0,H,0.0
21/10/12,1213,Sampdoria,Parma,Away,1.0,1.0,2.0,H,1.0
21/10/17,1718,Sampdoria,Crotone,Home,5.0,5.0,0.0,H,0.0
21/11/10,1011,Sampdoria,Lecce,Away,6.0,3.0,2.0,A,0.0
21/11/2021,2122,Sampdoria,Salernitana,Away,6.0,2.0,0.0,A,0.0
21/12/05,506,Sampdoria,Udinese,Away,5.0,0.0,2.0,H,0.0
21/12/08,809,Sampdoria,Fiorentina,Home,1.0,0.0,1.0,A,0.0
21/12/14,1415,Sampdoria,Udinese,Home,5.0,2.0,2.0,D,0.0
22/01/06,506,Sampdoria,Reggina,Away,2.0,1.0,2.0,H,0.0
22/01/17,1617,Sampdoria,Atalanta,Away,3.0,0.0,1.0,H,0.0
22/01/2023,2223,Sampdoria,Udinese,Home,1.0,0.0,1.0,A,0.0
22/02/09,809,Sampdoria,Atalanta,Home,3.0,1.0,0.0,H,0.0
22/03/08,708,Sampdoria,Cagliari,Home,3.0,1.0,1.0,D,0.0
22/03/09,809,Sampdoria,Torino,Away,7.0,3.0,1.0,A,0.0
22/03/15,1415,Sampdoria,Inter,Home,2.0,1.0,0.0,H,0.0
22/04/06,506,Sampdoria,Roma,Away,3.0,0.0,0.0,D,0.0
22/04/18,1718,Sampdoria,Lazio,Away,2.0,0.0,4.0,H,0.0
22/04/2023,2223,Sampdoria,Spezia,Home,3.0,1.0,1.0,D,0.0
22/05/11,1011,Sampdoria,Roma,Away,3.0,1.0,3.0,H,0.0
22/05/2021,2021,Sampdoria,Parma,Home,4.0,3.0,0.0,H,0.0
22/05/2022,2122,Sampdoria,Inter,Away,3.0,0.0,3.0,H,0.0
22/07/2020,1920,Sampdoria,Genoa,Home,7.0,1.0,2.0,A,0.0
22/08/2022,2223,Sampdoria,Juventus,Home,1.0,0.0,0.0,D,0.0
22/09/10,1011,Sampdoria,Cagliari,Away,2.0,0.0,0.0,D,0.0
22/09/2018,1819,Sampdoria,Inter,Home,4.0,0.0,1.0,A,0.0
22/09/2019,1920,Sampdoria,Torino,Home,6.0,1.0,0.0,H,0.0
22/10/06,607,Sampdoria,Atalanta,Away,3.0,2.0,3.0,H,0.0
22/10/16,1617,Sampdoria,Genoa,Home,7.0,2.0,1.0,H,0.0
22/10/2018,1819,Sampdoria,Sassuolo,Home,2.0,0.0,0.0,D,0.0
22/10/2021,2122,Sampdoria,Spezia,Home,2.0,2.0,1.0,H,0.0
22/11/09,910,Sampdoria,Chievo,Home,8.0,2.0,1.0,H,0.0
22/11/15,1516,Sampdoria,Udinese,Away,0.0,0.0,1.0,H,1.0
22/11/2020,2021,Sampdoria,Bologna,Home,4.0,1.0,2.0,A,0.0
22/12/07,708,Sampdoria,Roma,Away,4.0,0.0,2.0,H,1.0
22/12/12,1213,Sampdoria,Lazio,Home,2.0,0.0,1.0,A,0.0
22/12/13,1314,Sampdoria,Parma,Home,3.0,1.0,1.0,D,0.0
22/12/16,1617,Sampdoria,Udinese,Home,3.0,0.0,0.0,D,0.0
22/12/2018,1819,Sampdoria,Empoli,Away,12.0,4.0,2.0,A,0.0
22/12/2021,2122,Sampdoria,Roma,Away,2.0,1.0,1.0,D,0.0
23/01/11,1011,Sampdoria,Juventus,Home,0.0,0.0,0.0,D,0.0
23/01/2022,2122,Sampdoria,Spezia,Away,0.0,0.0,1.0,H,1.0
23/02/14,1314,Sampdoria,Milan,Home,3.0,0.0,2.0,A,1.0
23/03/14,1314,Sampdoria,Verona,Home,9.0,5.0,0.0,H,0.0
23/04/11,1011,Sampdoria,Bari,Away,5.0,1.0,0.0,A,1.0
23/04/17,1617,Sampdoria,Crotone,Home,5.0,1.0,2.0,A,0.0
23/04/2022,2122,Sampdoria,Verona,Away,3.0,1.0,1.0,D,0.0
23/08/09,910,Sampdoria,Catania,Away,4.0,2.0,1.0,A,0.0
23/08/15,1516,Sampdoria,Carpi,Home,7.0,5.0,2.0,H,1.0
23/08/2021,2122,Sampdoria,Milan,Home,3.0,0.0,1.0,A,0.0
23/09/07,708,Sampdoria,Genoa,Home,0.0,0.0,0.0,D,0.0
23/09/09,910,Sampdoria,Fiorentina,Away,3.0,0.0,2.0,H,0.0
23/09/12,1213,Sampdoria,Torino,Home,4.0,1.0,1.0,D,0.0
23/09/15,1516,Sampdoria,Roma,Home,3.0,2.0,1.0,H,0.0
23/09/2021,2122,Sampdoria,Napoli,Home,5.0,0.0,4.0,A,0.0
23/10/05,506,Sampdoria,Siena,Home,8.0,3.0,3.0,D,1.0
23/11/08,809,Sampdoria,Catania,Home,9.0,3.0,0.0,H,0.0
23/11/14,1415,Sampdoria,Cesena,Away,6.0,1.0,1.0,D,0.0
23/12/06,607,Sampdoria,Catania,Away,4.0,2.0,4.0,H,0.0
23/12/17,1718,Sampdoria,Napoli,Away,2.0,2.0,3.0,H,0.0
23/12/2020,2021,Sampdoria,Sassuolo,Home,6.0,2.0,3.0,A,1.0
24/01/10,910,Sampdoria,Udinese,Away,8.0,3.0,2.0,A,0.0
24/01/16,1516,Sampdoria,Napoli,Home,4.0,2.0,4.0,A,1.0
24/01/18,1718,Sampdoria,Roma,Home,3.0,1.0,1.0,D,0.0
24/01/2021,2021,Sampdoria,Parma,Away,4.0,2.0,0.0,A,0.0
24/02/08,708,Sampdoria,Inter,Home,5.0,1.0,1.0,D,0.0
24/02/13,1213,Sampdoria,Chievo,Home,4.0,2.0,0.0,H,0.0
24/02/15,1415,Sampdoria,Genoa,Home,3.0,1.0,1.0,D,0.0
24/02/2019,1819,Sampdoria,Cagliari,Home,6.0,1.0,0.0,H,0.0
24/03/10,910,Sampdoria,Bari,Away,3.0,1.0,2.0,H,0.0
24/04/16,1516,Sampdoria,Lazio,Home,7.0,2.0,1.0,H,0.0
24/04/2021,2021,Sampdoria,Sassuolo,Away,3.0,0.0,1.0,H,0.0
24/05/09,809,Sampdoria,Udinese,Home,5.0,2.0,2.0,D,0.0
24/05/15,1415,Sampdoria,Empoli,Away,5.0,1.0,1.0,D,0.0
24/06/2020,1920,Sampdoria,Roma,Away,9.0,1.0,2.0,H,0.0
24/08/13,1314,Sampdoria,Juventus,Home,1.0,0.0,1.0,A,1.0
24/09/06,607,Sampdoria,Ascoli,Away,6.0,1.0,1.0,D,1.0
24/09/08,809,Sampdoria,Siena,Away,2.0,0.0,0.0,D,0.0
24/09/14,1415,Sampdoria,Chievo,Home,5.0,2.0,1.0,H,0.0
24/09/17,1718,Sampdoria,Milan,Home,4.0,2.0,0.0,H,0.0
24/10/09,910,Sampdoria,Bologna,Home,7.0,4.0,1.0,H,0.0
24/10/10,1011,Sampdoria,Inter,Away,3.0,1.0,1.0,D,0.0
24/10/17,1718,Sampdoria,Inter,Away,2.0,2.0,3.0,H,0.0
24/10/2020,2021,Sampdoria,Atalanta,Away,4.0,3.0,1.0,A,0.0
24/10/2022,2223,Sampdoria,Cremonese,Away,4.0,1.0,0.0,A,0.0
24/11/13,1314,Sampdoria,Lazio,Home,5.0,1.0,1.0,D,1.0
24/11/2019,1920,Sampdoria,Udinese,Home,13.0,2.0,1.0,H,0.0
25/01/09,809,Sampdoria,Inter,Away,1.0,0.0,1.0,H,0.0
25/01/15,1415,Sampdoria,Palermo,Home,6.0,1.0,1.0,D,0.0
25/02/07,607,Sampdoria,Milan,Away,4.0,0.0,1.0,H,1.0
25/02/18,1718,Sampdoria,Udinese,Home,3.0,2.0,1.0,H,0.0
25/04/10,910,Sampdoria,Roma,Away,3.0,2.0,1.0,A,0.0
25/08/2019,1920,Sampdoria,Lazio,Home,8.0,0.0,3.0,A,0.0
25/09/05,506,Sampdoria,Chievo,Home,5.0,1.0,2.0,A,0.0
25/09/13,1314,Sampdoria,Roma,Home,3.0,0.0,2.0,A,1.0
25/09/2019,1920,Sampdoria,Fiorentina,Away,4.0,1.0,2.0,H,1.0
25/10/06,607,Sampdoria,Lazio,Home,6.0,2.0,0.0,H,0.0
25/10/14,1415,Sampdoria,Roma,Home,2.0,0.0,0.0,D,0.0
25/10/15,1516,Sampdoria,Verona,Home,6.0,4.0,1.0,H,0.0
25/11/07,708,Sampdoria,Livorno,Away,3.0,1.0,3.0,H,0.0
25/11/12,1213,Sampdoria,Bologna,Home,5.0,1.0,0.0,H,0.0
25/11/17,1718,Sampdoria,Bologna,Away,7.0,0.0,3.0,H,0.0
25/11/2018,1819,Sampdoria,Genoa,Away,2.0,1.0,1.0,D,0.0
26/01/08,708,Sampdoria,Siena,Home,2.0,1.0,0.0,H,0.0
26/01/14,1314,Sampdoria,Bologna,Home,5.0,1.0,1.0,D,0.0
26/01/2019,1819,Sampdoria,Udinese,Home,9.0,4.0,0.0,H,0.0
26/01/2020,1920,Sampdoria,Sassuolo,Home,5.0,0.0,0.0,D,0.0
26/02/06,506,Sampdoria,Siena,Away,6.0,0.0,1.0,H,1.0
26/02/17,1617,Sampdoria,Palermo,Away,3.0,1.0,1.0,D,0.0
26/03/06,506,Sampdoria,Lazio,Away,1.0,0.0,2.0,H,0.0
26/03/14,1314,Sampdoria,Sassuolo,Away,8.0,2.0,1.0,A,1.0
26/04/09,809,Sampdoria,Cagliari,Home,9.0,3.0,3.0,D,0.0
26/04/15,1415,Sampdoria,Napoli,Away,2.0,2.0,4.0,H,0.0
26/05/2019,1819,Sampdoria,Juventus,Home,3.0,2.0,0.0,H,0.0
26/05/2023,2223,Sampdoria,Sassuolo,Home,3.0,2.0,2.0,D,0.0
26/07/2020,1920,Sampdoria,Juventus,Away,8.0,0.0,2.0,H,1.0
26/08/07,708,Sampdoria,Siena,Away,5.0,2.0,1.0,A,0.0
26/08/12,1213,Sampdoria,Milan,Away,3.0,1.0,0.0,A,0.0
26/08/2018,1819,Sampdoria,Udinese,Away,4.0,0.0,1.0,H,0.0
26/09/07,708,Sampdoria,Inter,Away,1.0,0.0,3.0,H,0.0
26/09/09,910,Sampdoria,Inter,Home,2.0,1.0,0.0,H,0.0
26/09/10,1011,Sampdoria,Udinese,Home,2.0,0.0,0.0,D,0.0
26/09/12,1213,Sampdoria,Roma,Away,2.0,1.0,1.0,D,1.0
26/09/16,1617,Sampdoria,Cagliari,Away,2.0,1.0,2.0,H,0.0
26/09/2018,1819,Sampdoria,Cagliari,Away,5.0,0.0,0.0,D,0.0
26/09/2020,2021,Sampdoria,Benevento,Home,4.0,2.0,3.0,A,0.0
26/09/2021,2122,Sampdoria,Juventus,Away,3.0,2.0,3.0,H,0.0
26/10/05,506,Sampdoria,Juventus,Away,4.0,0.0,2.0,H,0.0
26/10/08,809,Sampdoria,Bologna,Home,9.0,2.0,0.0,H,0.0
26/10/13,1314,Sampdoria,Atalanta,Home,6.0,1.0,0.0,H,0.0
26/10/16,1617,Sampdoria,Juventus,Away,3.0,1.0,4.0,H,0.0
26/11/06,607,Sampdoria,Roma,Home,4.0,2.0,4.0,A,0.0
26/12/2018,1819,Sampdoria,Chievo,Home,6.0,2.0,0.0,H,0.0
27/01/13,1213,Sampdoria,Pescara,Home,10.0,6.0,0.0,H,0.0
27/02/08,708,Sampdoria,Atalanta,Away,2.0,1.0,4.0,H,0.0
27/02/11,1011,Sampdoria,Inter,Home,4.0,0.0,2.0,A,0.0
27/02/2023,2223,Sampdoria,Lazio,Away,2.0,0.0,1.0,H,0.0
27/04/08,708,Sampdoria,Fiorentina,Away,4.0,2.0,2.0,D,0.0
27/04/14,1314,Sampdoria,Chievo,Home,5.0,2.0,1.0,H,1.0
27/05/07,607,Sampdoria,Fiorentina,Away,3.0,1.0,5.0,H,0.0
27/08/05,506,Sampdoria,Fiorentina,Away,4.0,1.0,2.0,H,0.0
27/08/17,1718,Sampdoria,Fiorentina,Away,5.0,2.0,1.0,A,0.0
27/09/08,809,Sampdoria,Juventus,Home,3.0,0.0,0.0,D,0.0
27/10/2019,1920,Sampdoria,Bologna,Away,3.0,1.0,2.0,H,0.0
27/10/2021,2122,Sampdoria,Atalanta,Home,3.0,1.0,3.0,A,0.0
27/11/05,506,Sampdoria,Cagliari,Away,1.0,0.0,2.0,H,0.0
27/11/10,1011,Sampdoria,Milan,Home,4.0,1.0,1.0,D,0.0
27/11/16,1617,Sampdoria,Crotone,Away,6.0,1.0,1.0,D,0.0
27/11/2021,2122,Sampdoria,Verona,Home,5.0,3.0,1.0,H,0.0
28/01/06,506,Sampdoria,Milan,Away,8.0,1.0,1.0,D,0.0
28/01/07,607,Sampdoria,Inter,Home,1.0,0.0,2.0,A,1.0
28/01/09,809,Sampdoria,Lazio,Home,4.0,3.0,1.0,H,0.0
28/01/18,1718,Sampdoria,Roma,Away,10.0,1.0,0.0,A,0.0
28/01/2023,2223,Sampdoria,Atalanta,Away,5.0,0.0,2.0,H,0.0
28/02/07,607,Sampdoria,Atalanta,Home,5.0,2.0,1.0,H,0.0
28/02/10,910,Sampdoria,Parma,Away,7.0,0.0,1.0,H,0.0
28/02/16,1516,Sampdoria,Frosinone,Home,6.0,2.0,0.0,H,0.0
28/02/2021,2021,Sampdoria,Atalanta,Home,3.0,0.0,2.0,A,0.0
28/02/2022,2122,Sampdoria,Atalanta,Away,1.0,0.0,4.0,H,0.0
28/03/10,910,Sampdoria,Cagliari,Home,2.0,1.0,1.0,D,0.0
28/04/13,1213,Sampdoria,Fiorentina,Home,2.0,0.0,3.0,A,1.0
28/04/2019,1819,Sampdoria,Lazio,Home,5.0,1.0,2.0,A,1.0
28/05/17,1617,Sampdoria,Napoli,Home,2.0,2.0,4.0,A,0.0
28/06/2020,1920,Sampdoria,Bologna,Home,7.0,1.0,2.0,A,0.0
28/08/16,1617,Sampdoria,Atalanta,Home,4.0,2.0,1.0,H,0.0
28/08/2022,2223,Sampdoria,Salernitana,Away,6.0,0.0,4.0,H,0.0
28/09/13,1314,Sampdoria,Milan,Away,1.0,0.0,1.0,H,0.0
28/09/14,1415,Sampdoria,Genoa,Away,1.0,1.0,0.0,A,0.0
28/09/15,1516,Sampdoria,Atalanta,Away,4.0,1.0,2.0,H,0.0
28/09/2019,1920,Sampdoria,Inter,Home,2.0,1.0,3.0,A,0.0
28/10/07,708,Sampdoria,Catania,Away,3.0,0.0,2.0,H,0.0
28/10/09,910,Sampdoria,Juventus,Away,2.0,1.0,5.0,H,0.0
28/10/12,1213,Sampdoria,Cagliari,Home,3.0,0.0,1.0,A,0.0
28/10/2018,1819,Sampdoria,Milan,Away,2.0,2.0,3.0,H,0.0
28/11/09,910,Sampdoria,Genoa,Away,2.0,0.0,3.0,H,2.0
28/11/15,1516,Sampdoria,Milan,Away,2.0,1.0,4.0,H,0.0
29/01/17,1617,Sampdoria,Roma,Home,7.0,3.0,2.0,H,0.0
29/04/07,607,Sampdoria,Siena,Away,7.0,2.0,0.0,A,0.0
29/04/15,1415,Sampdoria,Verona,Home,5.0,1.0,1.0,D,1.0
29/04/17,1617,Sampdoria,Torino,Away,4.0,1.0,1.0,D,0.0
29/04/18,1718,Sampdoria,Cagliari,Home,6.0,4.0,1.0,H,0.0
29/07/2020,1920,Sampdoria,Milan,Home,5.0,1.0,4.0,A,0.0
29/08/10,1011,Sampdoria,Lazio,Home,4.0,2.0,0.0,H,0.0
29/08/2021,2122,Sampdoria,Sassuolo,Away,3.0,0.0,0.0,D,0.0
29/10/05,506,Sampdoria,Inter,Home,8.0,2.0,2.0,D,0.0
29/10/06,607,Sampdoria,Cagliari,Away,0.0,0.0,1.0,H,0.0
29/10/14,1415,Sampdoria,Inter,Away,4.0,0.0,1.0,H,0.0
29/10/15,1516,Sampdoria,Empoli,Home,3.0,1.0,1.0,D,0.0
29/10/17,1718,Sampdoria,Chievo,Home,7.0,4.0,1.0,H,0.0
29/10/2022,2223,Sampdoria,Inter,Away,2.0,0.0,3.0,H,0.0
29/12/2018,1819,Sampdoria,Juventus,Away,3.0,1.0,2.0,H,0.0
30/01/11,1011,Sampdoria,Napoli,Away,1.0,0.0,4.0,H,0.0
30/01/2021,2021,Sampdoria,Juventus,Home,2.0,0.0,2.0,A,0.0
30/03/08,708,Sampdoria,Empoli,Away,2.0,2.0,0.0,A,0.0
30/03/13,1213,Sampdoria,Atalanta,Away,1.0,0.0,0.0,D,0.0
30/03/14,1314,Sampdoria,Fiorentina,Home,7.0,0.0,0.0,D,0.0
30/03/2019,1819,Sampdoria,Milan,Home,8.0,1.0,0.0,H,0.0
30/04/06,506,Sampdoria,Udinese,Home,6.0,1.0,1.0,D,0.0
30/04/2022,2122,Sampdoria,Genoa,Home,2.0,1.0,0.0,H,0.0
30/04/2023,2223,Sampdoria,Fiorentina,Away,1.0,0.0,5.0,H,0.0
30/08/08,809,Sampdoria,Inter,Home,3.0,1.0,1.0,D,0.0
30/08/09,910,Sampdoria,Udinese,Home,7.0,3.0,1.0,H,0.0
30/08/15,1516,Sampdoria,Napoli,Away,4.0,2.0,2.0,D,0.0
30/09/07,708,Sampdoria,Atalanta,Home,3.0,3.0,0.0,H,0.0
30/09/12,1213,Sampdoria,Napoli,Home,2.0,0.0,1.0,A,1.0
30/09/17,1718,Sampdoria,Udinese,Away,2.0,0.0,4.0,H,1.0
30/10/13,1314,Sampdoria,Verona,Away,5.0,0.0,2.0,H,0.0
30/10/16,1617,Sampdoria,Inter,Home,3.0,1.0,0.0,H,0.0
30/10/2019,1920,Sampdoria,Lecce,Home,6.0,1.0,1.0,D,0.0
30/10/2021,2122,Sampdoria,Torino,Away,1.0,0.0,3.0,H,1.0
30/11/08,809,Sampdoria,Cagliari,Away,6.0,0.0,1.0,H,0.0
30/11/2020,2021,Sampdoria,Torino,Away,2.0,2.0,2.0,D,0.0
30/11/2021,2122,Sampdoria,Fiorentina,Away,4.0,1.0,3.0,H,0.0
30/12/17,1718,Sampdoria,Spal,Home,8.0,2.0,0.0,H,0.0
31/01/10,910,Sampdoria,Atalanta,Home,7.0,2.0,0.0,H,1.0
31/01/16,1516,Sampdoria,Bologna,Away,6.0,2.0,3.0,H,0.0
31/03/18,1718,Sampdoria,Chievo,Away,7.0,1.0,2.0,H,0.0
31/05/09,809,Sampdoria,Palermo,Away,8.0,2.0,2.0,D,0.0
31/05/15,1415,Sampdoria,Parma,Home,7.0,2.0,2.0,D,0.0
31/08/14,1415,Sampdoria,Palermo,Away,3.0,1.0,1.0,D,1.0
31/08/2022,2223,Sampdoria,Lazio,Home,3.0,1.0,1.0,D,0.0
31/10/07,708,Sampdoria,Milan,Home,3.0,0.0,5.0,A,0.0
31/10/10,1011,Sampdoria,Cesena,Away,3.0,1.0,0.0,A,0.0
31/10/12,1213,Sampdoria,Inter,Away,2.0,2.0,3.0,H,2.0
01/02/15,1415,Sassuolo,Inter,Home,4.0,3.0,1.0,H,1.0
01/02/2020,1920,Sassuolo,Roma,Home,9.0,4.0,2.0,H,0.0
01/03/15,1415,Sassuolo,Lazio,Home,4.0,0.0,3.0,A,0.0
01/03/2026,2526,Sassuolo,Atalanta,Home,5.0,2.0,1.0,H,1.0
01/04/17,1617,Sassuolo,Lazio,Home,3.0,1.0,2.0,A,0.0
01/04/2024,2324,Sassuolo,Udinese,Home,5.0,1.0,1.0,D,0.0
01/05/16,1516,Sassuolo,Verona,Home,1.0,1.0,0.0,H,0.0
01/07/2020,1920,Sassuolo,Fiorentina,Away,8.0,3.0,1.0,A,0.0
01/09/13,1314,Sassuolo,Livorno,Home,4.0,1.0,4.0,A,0.0
01/09/2019,1920,Sassuolo,Sampdoria,Home,8.0,4.0,1.0,H,0.0
01/09/2023,2324,Sassuolo,Verona,Home,7.0,3.0,1.0,H,0.0
01/10/17,1718,Sassuolo,Lazio,Away,6.0,1.0,6.0,H,0.0
01/11/15,1516,Sassuolo,Udinese,Away,2.0,0.0,0.0,D,0.0
01/11/2020,2021,Sassuolo,Napoli,Away,5.0,2.0,0.0,A,0.0
01/12/13,1314,Sassuolo,Cagliari,Away,4.0,2.0,2.0,D,0.0
01/12/2019,1920,Sassuolo,Juventus,Away,4.0,2.0,2.0,D,0.0
01/12/2021,2122,Sassuolo,Napoli,Home,7.0,2.0,2.0,D,0.0
02/02/14,1314,Sassuolo,Verona,Home,2.0,1.0,2.0,A,0.0
02/02/16,1516,Sassuolo,Roma,Home,6.0,0.0,2.0,A,0.0
02/03/14,1314,Sassuolo,Parma,Home,3.0,0.0,1.0,A,1.0
02/03/2019,1819,Sassuolo,Milan,Away,6.0,0.0,1.0,H,1.0
02/04/16,1516,Sassuolo,Carpi,Away,7.0,3.0,1.0,A,0.0
02/04/2022,2122,Sassuolo,Lazio,Away,5.0,1.0,2.0,H,0.0
02/05/15,1415,Sassuolo,Palermo,Home,2.0,0.0,0.0,D,0.0
02/05/2021,2021,Sassuolo,Atalanta,Home,7.0,1.0,1.0,D,1.0
02/06/2023,2223,Sassuolo,Fiorentina,Home,2.0,1.0,3.0,A,2.0
02/08/2020,1920,Sassuolo,Udinese,Home,14.0,0.0,1.0,A,0.0
02/09/2018,1819,Sassuolo,Genoa,Home,8.0,5.0,3.0,H,0.0
02/10/16,1617,Sassuolo,Milan,Away,5.0,3.0,4.0,H,0.0
02/10/2021,2122,Sassuolo,Inter,Home,8.0,1.0,2.0,A,0.0
02/10/2022,2223,Sassuolo,Salernitana,Home,11.0,5.0,0.0,H,0.0
02/10/2023,2324,Sassuolo,Monza,Home,7.0,0.0,1.0,A,0.0
02/11/14,1415,Sassuolo,Chievo,Away,3.0,0.0,0.0,D,0.0
02/12/2018,1819,Sassuolo,Udinese,Home,3.0,0.0,0.0,D,0.0
03/01/2021,2021,Sassuolo,Atalanta,Away,4.0,1.0,5.0,H,0.0
03/01/2026,2526,Sassuolo,Parma,Home,3.0,1.0,1.0,D,0.0
03/02/2019,1819,Sassuolo,Genoa,Away,8.0,1.0,1.0,D,0.0
03/02/2024,2324,Sassuolo,Bologna,Away,4.0,2.0,4.0,H,0.0
03/03/2021,2021,Sassuolo,Napoli,Home,8.0,3.0,3.0,D,0.0
03/03/2024,2324,Sassuolo,Verona,Away,2.0,0.0,1.0,H,0.0
03/04/2021,2021,Sassuolo,Roma,Home,6.0,2.0,2.0,D,0.0
03/04/2023,2223,Sassuolo,Torino,Home,4.0,1.0,1.0,D,0.0
03/05/2023,2223,Sassuolo,Lazio,Away,2.0,0.0,2.0,H,0.0
03/05/2026,2526,Sassuolo,Milan,Home,4.0,2.0,0.0,H,0.0
03/10/2020,2021,Sassuolo,Crotone,Home,4.0,4.0,1.0,H,0.0
03/10/2025,2526,Sassuolo,Verona,Away,3.0,1.0,0.0,A,0.0
03/11/13,1314,Sassuolo,Sampdoria,Away,10.0,4.0,3.0,A,0.0
03/11/2019,1920,Sassuolo,Lecce,Away,5.0,2.0,2.0,D,0.0
03/11/2025,2526,Sassuolo,Genoa,Home,4.0,1.0,2.0,A,0.0
03/12/17,1718,Sassuolo,Fiorentina,Away,1.0,0.0,3.0,H,0.0
03/12/2023,2324,Sassuolo,Roma,Home,2.0,1.0,2.0,A,1.0
04/01/2023,2223,Sassuolo,Sampdoria,Home,4.0,1.0,2.0,A,0.0
04/02/18,1718,Sassuolo,Juventus,Away,1.0,0.0,7.0,H,0.0
04/02/2023,2223,Sassuolo,Atalanta,Home,8.0,1.0,0.0,H,0.0
04/04/15,1415,Sassuolo,Chievo,Home,2.0,1.0,0.0,H,1.0
04/04/18,1718,Sassuolo,Chievo,Away,4.0,1.0,1.0,D,2.0
04/04/2019,1819,Sassuolo,Chievo,Home,8.0,4.0,0.0,H,0.0
04/04/2026,2526,Sassuolo,Cagliari,Home,2.0,2.0,1.0,H,0.0
04/05/2024,2324,Sassuolo,Inter,Home,2.0,1.0,0.0,H,0.0
04/07/2020,1920,Sassuolo,Lecce,Home,7.0,4.0,2.0,H,0.0
04/09/2022,2223,Sassuolo,Cremonese,Away,7.0,0.0,0.0,D,0.0
04/10/15,1516,Sassuolo,Empoli,Away,1.0,0.0,1.0,H,0.0
04/11/2018,1819,Sassuolo,Chievo,Away,4.0,2.0,0.0,A,0.0
04/12/16,1617,Sassuolo,Empoli,Home,6.0,3.0,0.0,H,0.0
05/01/2020,1920,Sassuolo,Genoa,Away,3.0,1.0,2.0,H,0.0
05/02/17,1617,Sassuolo,Genoa,Away,3.0,1.0,0.0,A,0.0
05/03/17,1617,Sassuolo,Crotone,Away,1.0,0.0,0.0,D,0.0
05/04/2024,2324,Sassuolo,Salernitana,Away,5.0,2.0,2.0,D,0.0
05/05/2019,1819,Sassuolo,Frosinone,Home,5.0,2.0,2.0,D,0.0
05/10/14,1415,Sassuolo,Lazio,Away,6.0,2.0,3.0,H,1.0
05/11/17,1718,Sassuolo,Milan,Home,1.0,0.0,2.0,A,0.0
05/11/2022,2223,Sassuolo,Empoli,Away,3.0,0.0,1.0,H,0.0
05/12/2021,2122,Sassuolo,Spezia,Away,5.0,2.0,2.0,D,0.0
06/01/14,1314,Sassuolo,Genoa,Away,1.0,0.0,2.0,H,0.0
06/01/15,1415,Sassuolo,Milan,Away,2.0,2.0,1.0,A,0.0
06/01/16,1516,Sassuolo,Frosinone,Home,3.0,2.0,2.0,D,1.0
06/01/18,1718,Sassuolo,Genoa,Away,1.0,0.0,1.0,H,0.0
06/01/2021,2021,Sassuolo,Genoa,Home,6.0,2.0,1.0,H,0.0
06/01/2022,2122,Sassuolo,Genoa,Home,7.0,1.0,1.0,D,0.0
06/01/2024,2324,Sassuolo,Fiorentina,Home,1.0,1.0,0.0,H,0.0
06/01/2026,2526,Sassuolo,Juventus,Home,2.0,0.0,3.0,A,0.0
06/02/2021,2021,Sassuolo,Spezia,Home,4.0,1.0,2.0,A,0.0
06/02/2022,2122,Sassuolo,Sampdoria,Away,9.0,0.0,4.0,H,0.0
06/03/16,1516,Sassuolo,Milan,Home,4.0,2.0,0.0,H,1.0
06/03/2021,2021,Sassuolo,Udinese,Away,2.0,0.0,2.0,H,0.0
06/03/2022,2122,Sassuolo,Venezia,Away,10.0,4.0,1.0,A,0.0
06/03/2023,2223,Sassuolo,Cremonese,Home,7.0,3.0,2.0,H,0.0
06/04/14,1314,Sassuolo,Atalanta,Away,4.0,2.0,0.0,A,0.0
06/05/14,1314,Sassuolo,Fiorentina,Away,6.0,4.0,3.0,A,0.0
06/05/18,1718,Sassuolo,Sampdoria,Home,7.0,1.0,0.0,H,0.0
06/10/13,1314,Sassuolo,Parma,Away,7.0,1.0,3.0,H,1.0
06/10/2023,2324,Sassuolo,Lecce,Away,1.0,1.0,1.0,D,0.0
06/11/16,1617,Sassuolo,Atalanta,Home,3.0,0.0,3.0,A,0.0
06/11/2020,2021,Sassuolo,Udinese,Home,1.0,0.0,0.0,D,0.0
06/11/2023,2324,Sassuolo,Torino,Away,2.0,1.0,2.0,H,0.0
06/12/14,1415,Sassuolo,Roma,Away,3.0,2.0,2.0,D,1.0
06/12/15,1516,Sassuolo,Sampdoria,Away,10.0,3.0,1.0,A,0.0
06/12/2020,2021,Sassuolo,Roma,Away,2.0,0.0,0.0,D,0.0
06/12/2025,2526,Sassuolo,Fiorentina,Home,5.0,3.0,1.0,H,0.0
07/01/2023,2223,Sassuolo,Fiorentina,Away,4.0,1.0,2.0,H,0.0
07/02/16,1516,Sassuolo,Palermo,Home,6.0,2.0,2.0,D,0.0
07/04/2019,1819,Sassuolo,Lazio,Away,2.0,2.0,2.0,D,0.0
07/04/2021,2021,Sassuolo,Inter,Away,5.0,1.0,2.0,H,0.0
07/05/17,1617,Sassuolo,Fiorentina,Home,8.0,2.0,2.0,D,0.0
07/05/2022,2122,Sassuolo,Udinese,Home,6.0,1.0,1.0,D,0.0
07/10/2018,1819,Sassuolo,Napoli,Away,7.0,0.0,2.0,H,1.0
07/11/2021,2122,Sassuolo,Udinese,Away,4.0,2.0,3.0,H,0.0
08/01/17,1617,Sassuolo,Torino,Home,2.0,0.0,0.0,D,0.0
08/02/15,1415,Sassuolo,Sampdoria,Away,4.0,1.0,1.0,D,0.0
08/02/2026,2526,Sassuolo,Inter,Home,2.0,0.0,5.0,A,1.0
08/04/17,1617,Sassuolo,Atalanta,Away,2.0,1.0,1.0,D,0.0
08/04/18,1718,Sassuolo,Milan,Away,3.0,1.0,1.0,D,0.0
08/04/2023,2223,Sassuolo,Verona,Away,5.0,1.0,2.0,H,0.0
08/05/16,1516,Sassuolo,Frosinone,Away,5.0,1.0,0.0,A,0.0
08/05/2023,2223,Sassuolo,Bologna,Home,2.0,1.0,1.0,D,0.0
08/05/2026,2526,Sassuolo,Torino,Away,7.0,1.0,2.0,H,0.0
08/07/2020,1920,Sassuolo,Bologna,Away,5.0,2.0,1.0,A,0.0
08/10/2022,2223,Sassuolo,Inter,Home,3.0,1.0,2.0,A,0.0
08/11/14,1415,Sassuolo,Atalanta,Home,5.0,0.0,0.0,D,0.0
08/11/15,1516,Sassuolo,Carpi,Home,4.0,1.0,0.0,H,0.0
08/11/2019,1920,Sassuolo,Bologna,Home,8.0,3.0,1.0,H,0.0
08/12/13,1314,Sassuolo,Chievo,Home,2.0,0.0,1.0,A,0.0
08/12/2019,1920,Sassuolo,Cagliari,Home,3.0,2.0,2.0,D,0.0
09/01/2022,2122,Sassuolo,Empoli,Away,14.0,5.0,1.0,A,0.0
09/02/14,1314,Sassuolo,Inter,Away,1.0,0.0,1.0,H,0.0
09/02/2020,1920,Sassuolo,Spal,Away,9.0,2.0,1.0,A,0.0
09/03/14,1314,Sassuolo,Bologna,Away,3.0,0.0,0.0,D,0.0
09/03/15,1415,Sassuolo,Juventus,Away,1.0,0.0,1.0,H,0.0
09/03/2020,1920,Sassuolo,Brescia,Home,10.0,3.0,0.0,H,0.0
09/03/2024,2324,Sassuolo,Frosinone,Home,4.0,1.0,0.0,H,0.0
09/03/2026,2526,Sassuolo,Lazio,Away,4.0,1.0,2.0,H,0.0
09/04/16,1516,Sassuolo,Genoa,Home,5.0,0.0,1.0,A,0.0
09/05/2021,2021,Sassuolo,Genoa,Away,7.0,2.0,1.0,A,0.0
09/11/2022,2223,Sassuolo,Roma,Home,6.0,1.0,1.0,D,0.0
09/11/2025,2526,Sassuolo,Atalanta,Away,4.0,3.0,0.0,A,0.0
09/12/2018,1819,Sassuolo,Fiorentina,Home,7.0,3.0,3.0,D,1.0
10/01/15,1415,Sassuolo,Udinese,Home,2.0,1.0,1.0,D,0.0
10/01/16,1516,Sassuolo,Inter,Away,6.0,1.0,0.0,A,0.0
10/01/2021,2021,Sassuolo,Juventus,Away,2.0,1.0,3.0,H,1.0
10/01/2026,2526,Sassuolo,Roma,Away,3.0,0.0,2.0,H,0.0
10/02/2019,1819,Sassuolo,Juventus,Home,2.0,0.0,3.0,A,0.0
10/02/2024,2324,Sassuolo,Torino,Home,4.0,1.0,1.0,D,0.0
10/03/2019,1819,Sassuolo,Napoli,Home,1.0,1.0,1.0,D,0.0
10/04/2022,2122,Sassuolo,Atalanta,Home,7.0,2.0,1.0,H,0.0
10/05/15,1415,Sassuolo,Cesena,Away,7.0,3.0,2.0,A,0.0
10/09/16,1617,Sassuolo,Juventus,Away,3.0,1.0,3.0,H,0.0
10/09/17,1718,Sassuolo,Atalanta,Away,3.0,1.0,2.0,H,0.0
10/11/13,1314,Sassuolo,Roma,Away,7.0,1.0,1.0,D,0.0
10/11/2023,2324,Sassuolo,Salernitana,Home,9.0,2.0,2.0,D,0.0
10/12/17,1718,Sassuolo,Crotone,Home,7.0,2.0,1.0,H,0.0
11/02/18,1718,Sassuolo,Cagliari,Home,1.0,0.0,0.0,D,0.0
11/03/16,1516,Sassuolo,Juventus,Away,2.0,0.0,1.0,H,0.0
11/03/18,1718,Sassuolo,Spal,Home,4.0,1.0,1.0,D,0.0
11/05/14,1314,Sassuolo,Genoa,Home,10.0,4.0,2.0,H,0.0
11/07/2020,1920,Sassuolo,Lazio,Away,4.0,2.0,1.0,A,0.0
11/09/2022,2223,Sassuolo,Udinese,Home,2.0,1.0,3.0,A,1.0
11/11/2018,1819,Sassuolo,Lazio,Home,4.0,1.0,1.0,D,0.0
11/12/2020,2021,Sassuolo,Benevento,Home,2.0,1.0,0.0,H,1.0
11/12/2023,2324,Sassuolo,Cagliari,Away,4.0,1.0,2.0,H,1.0
12/01/14,1314,Sassuolo,Milan,Home,8.0,4.0,3.0,H,0.0
12/01/2020,1920,Sassuolo,Udinese,Away,5.0,0.0,3.0,H,0.0
12/02/17,1617,Sassuolo,Chievo,Home,5.0,1.0,3.0,A,1.0
12/02/2023,2223,Sassuolo,Udinese,Away,1.0,2.0,2.0,D,0.0
12/03/17,1617,Sassuolo,Bologna,Home,5.0,0.0,1.0,A,0.0
12/03/2022,2122,Sassuolo,Salernitana,Away,7.0,2.0,2.0,D,1.0
12/03/2023,2223,Sassuolo,Roma,Away,10.0,4.0,3.0,A,0.0
12/04/14,1314,Sassuolo,Cagliari,Home,3.0,1.0,1.0,D,0.0
12/04/15,1415,Sassuolo,Atalanta,Away,2.0,1.0,2.0,H,1.0
12/04/2021,2021,Sassuolo,Benevento,Away,4.0,1.0,0.0,A,0.0
12/04/2026,2526,Sassuolo,Genoa,Away,6.0,1.0,2.0,H,1.0
12/05/18,1718,Sassuolo,Inter,Away,5.0,2.0,1.0,A,0.0
12/05/2019,1819,Sassuolo,Torino,Away,3.0,2.0,3.0,H,1.0
12/05/2021,2021,Sassuolo,Juventus,Home,3.0,1.0,3.0,A,0.0
12/05/2024,2324,Sassuolo,Genoa,Away,4.0,1.0,2.0,H,0.0
12/09/2021,2122,Sassuolo,Roma,Away,7.0,1.0,2.0,H,0.0
12/11/2022,2223,Sassuolo,Bologna,Away,3.0,0.0,3.0,H,0.0
12/12/16,1617,Sassuolo,Fiorentina,Away,5.0,1.0,2.0,H,0.0
12/12/2021,2122,Sassuolo,Lazio,Home,6.0,2.0,1.0,H,1.0
13/02/16,1516,Sassuolo,Chievo,Away,2.0,1.0,1.0,D,0.0
13/02/2022,2122,Sassuolo,Roma,Home,3.0,2.0,2.0,D,1.0
13/03/2021,2021,Sassuolo,Verona,Home,8.0,3.0,2.0,H,0.0
13/05/2023,2223,Sassuolo,Inter,Away,5.0,2.0,4.0,H,0.0
13/09/15,1516,Sassuolo,Atalanta,Home,9.0,2.0,2.0,D,1.0
13/12/14,1415,Sassuolo,Palermo,Away,7.0,1.0,2.0,H,2.0
14/02/15,1415,Sassuolo,Fiorentina,Home,6.0,1.0,3.0,A,0.0
14/02/2021,2021,Sassuolo,Crotone,Away,4.0,2.0,1.0,A,0.0
14/04/2019,1819,Sassuolo,Parma,Home,8.0,0.0,0.0,D,0.0
14/04/2024,2324,Sassuolo,Milan,Home,5.0,3.0,3.0,D,0.0
14/05/16,1516,Sassuolo,Inter,Home,3.0,3.0,1.0,H,0.0
14/05/17,1617,Sassuolo,Inter,Away,4.0,2.0,1.0,A,0.0
14/09/14,1415,Sassuolo,Inter,Away,2.0,0.0,7.0,H,1.0
14/09/2025,2526,Sassuolo,Lazio,Home,3.0,1.0,0.0,H,0.0
14/12/2025,2526,Sassuolo,Milan,Away,3.0,2.0,2.0,D,0.0
15/01/17,1617,Sassuolo,Palermo,Home,7.0,4.0,1.0,H,0.0
15/01/2023,2223,Sassuolo,Lazio,Home,2.0,0.0,2.0,A,0.0
15/02/2026,2526,Sassuolo,Udinese,Away,3.0,2.0,1.0,A,0.0
15/03/15,1415,Sassuolo,Parma,Home,7.0,4.0,1.0,H,0.0
15/03/2026,2526,Sassuolo,Bologna,Home,3.0,0.0,1.0,A,0.0
15/04/17,1617,Sassuolo,Sampdoria,Home,3.0,2.0,1.0,H,0.0
15/04/18,1718,Sassuolo,Benevento,Home,3.0,2.0,2.0,D,0.0
15/05/2022,2122,Sassuolo,Bologna,Away,7.0,3.0,1.0,A,0.0
15/07/2020,1920,Sassuolo,Juventus,Home,12.0,3.0,3.0,D,0.0
15/08/2022,2223,Sassuolo,Juventus,Away,7.0,0.0,3.0,H,0.0
15/09/13,1314,Sassuolo,Verona,Away,2.0,0.0,2.0,H,0.0
15/09/2019,1920,Sassuolo,Roma,Away,5.0,2.0,4.0,H,0.0
15/10/17,1718,Sassuolo,Chievo,Home,4.0,0.0,0.0,D,0.0
15/10/2022,2223,Sassuolo,Atalanta,Away,3.0,1.0,2.0,H,0.0
15/12/13,1314,Sassuolo,Juventus,Away,0.0,0.0,4.0,H,0.0
15/12/2019,1920,Sassuolo,Milan,Away,6.0,0.0,0.0,D,0.0
16/01/16,1516,Sassuolo,Napoli,Away,3.0,1.0,3.0,H,0.0
16/01/2022,2122,Sassuolo,Verona,Home,5.0,2.0,4.0,A,0.0
16/01/2024,2324,Sassuolo,Juventus,Away,4.0,0.0,3.0,H,0.0
16/02/14,1314,Sassuolo,Napoli,Home,2.0,0.0,2.0,A,0.0
16/02/2020,1920,Sassuolo,Parma,Home,5.0,0.0,1.0,A,0.0
16/03/14,1314,Sassuolo,Catania,Home,10.0,3.0,1.0,H,0.0
16/03/2019,1819,Sassuolo,Sampdoria,Home,5.0,3.0,5.0,A,0.0
16/04/2022,2122,Sassuolo,Cagliari,Away,2.0,0.0,1.0,H,0.0
16/04/2023,2223,Sassuolo,Juventus,Home,4.0,1.0,0.0,H,0.0
16/05/2021,2021,Sassuolo,Parma,Away,12.0,3.0,1.0,A,0.0
16/09/2018,1819,Sassuolo,Juventus,Away,6.0,1.0,2.0,H,0.0
16/10/16,1617,Sassuolo,Crotone,Home,9.0,2.0,1.0,H,0.0
16/12/2018,1819,Sassuolo,Frosinone,Away,3.0,2.0,0.0,A,0.0
16/12/2020,2021,Sassuolo,Fiorentina,Away,7.0,1.0,1.0,D,0.0
17/01/2021,2021,Sassuolo,Parma,Home,6.0,1.0,1.0,D,0.0
17/01/2026,2526,Sassuolo,Napoli,Away,4.0,0.0,1.0,H,0.0
17/02/2019,1819,Sassuolo,Empoli,Away,2.0,0.0,3.0,H,0.0
17/02/2023,2223,Sassuolo,Napoli,Home,2.0,0.0,2.0,A,0.0
17/02/2024,2324,Sassuolo,Atalanta,Away,4.0,0.0,3.0,H,0.0
17/03/18,1718,Sassuolo,Udinese,Away,3.0,2.0,1.0,A,0.0
17/03/2021,2021,Sassuolo,Torino,Away,5.0,2.0,3.0,H,0.0
17/03/2023,2223,Sassuolo,Spezia,Home,6.0,1.0,0.0,H,0.0
17/03/2024,2324,Sassuolo,Roma,Away,2.0,0.0,1.0,H,0.0
17/04/16,1516,Sassuolo,Fiorentina,Away,1.0,1.0,3.0,H,0.0
17/04/2021,2021,Sassuolo,Fiorentina,Home,6.0,3.0,1.0,H,0.0
17/04/2026,2526,Sassuolo,Como,Home,4.0,2.0,1.0,H,0.0
17/05/15,1415,Sassuolo,Milan,Home,5.0,3.0,2.0,H,0.0
17/05/2026,2526,Sassuolo,Lecce,Home,6.0,2.0,3.0,A,0.0
17/09/17,1718,Sassuolo,Juventus,Home,4.0,1.0,3.0,A,0.0
17/09/2021,2122,Sassuolo,Torino,Home,1.0,0.0,1.0,A,0.0
17/09/2022,2223,Sassuolo,Torino,Away,5.0,1.0,0.0,A,0.0
17/09/2023,2324,Sassuolo,Frosinone,Away,7.0,2.0,4.0,H,0.0
17/10/2021,2122,Sassuolo,Genoa,Away,5.0,2.0,2.0,D,0.0
17/12/17,1718,Sassuolo,Sampdoria,Away,7.0,1.0,0.0,A,0.0
17/12/2023,2324,Sassuolo,Udinese,Away,7.0,2.0,2.0,D,0.0
18/01/15,1415,Sassuolo,Genoa,Away,9.0,3.0,3.0,D,0.0
18/01/2020,1920,Sassuolo,Torino,Home,6.0,2.0,1.0,H,0.0
18/02/18,1718,Sassuolo,Bologna,Away,6.0,1.0,2.0,H,1.0
18/03/2022,2122,Sassuolo,Spezia,Home,7.0,4.0,1.0,H,0.0
18/04/18,1718,Sassuolo,Verona,Away,5.0,1.0,0.0,A,0.0
18/05/14,1314,Sassuolo,Milan,Away,5.0,1.0,2.0,H,1.0
18/05/2019,1819,Sassuolo,Roma,Home,3.0,0.0,0.0,D,0.0
18/07/2020,1920,Sassuolo,Cagliari,Away,2.0,1.0,1.0,D,0.0
18/09/16,1617,Sassuolo,Genoa,Home,6.0,2.0,0.0,H,0.0
18/10/14,1415,Sassuolo,Juventus,Home,2.0,1.0,1.0,D,0.0
18/10/15,1516,Sassuolo,Lazio,Home,4.0,2.0,1.0,H,0.0
18/10/2020,2021,Sassuolo,Bologna,Away,12.0,4.0,3.0,A,0.0
18/10/2025,2526,Sassuolo,Lecce,Away,2.0,0.0,0.0,D,0.0
18/12/16,1617,Sassuolo,Inter,Home,4.0,0.0,1.0,A,0.0
18/12/2019,1920,Sassuolo,Brescia,Away,6.0,2.0,0.0,A,0.0
19/01/14,1314,Sassuolo,Torino,Home,2.0,0.0,2.0,A,0.0
19/01/2019,1819,Sassuolo,Inter,Away,6.0,0.0,0.0,D,0.0
19/02/17,1617,Sassuolo,Udinese,Away,6.0,2.0,1.0,A,0.0
19/03/17,1617,Sassuolo,Roma,Away,4.0,1.0,3.0,H,0.0
19/04/14,1314,Sassuolo,Chievo,Away,5.0,1.0,0.0,A,0.0
19/04/15,1415,Sassuolo,Torino,Home,1.0,1.0,1.0,D,0.0
19/05/2023,2223,Sassuolo,Monza,Home,4.0,1.0,2.0,A,1.0
19/05/2024,2324,Sassuolo,Cagliari,Home,0.0,0.0,2.0,A,1.0
19/08/2018,1819,Sassuolo,Inter,Home,5.0,1.0,0.0,H,0.0
19/11/17,1718,Sassuolo,Benevento,Away,5.0,2.0,1.0,A,0.0
19/12/2021,2122,Sassuolo,Fiorentina,Away,4.0,2.0,2.0,D,0.0
20/01/16,1516,Sassuolo,Torino,Home,3.0,1.0,1.0,D,0.0
20/02/2021,2021,Sassuolo,Bologna,Home,11.0,1.0,1.0,D,0.0
20/02/2022,2122,Sassuolo,Inter,Away,5.0,2.0,0.0,A,0.0
20/02/2026,2526,Sassuolo,Verona,Home,4.0,3.0,0.0,H,0.0
20/03/16,1516,Sassuolo,Udinese,Home,1.0,1.0,1.0,D,0.0
20/04/16,1516,Sassuolo,Sampdoria,Home,8.0,0.0,0.0,D,0.0
20/04/2019,1819,Sassuolo,Udinese,Away,2.0,1.0,1.0,D,0.0
20/05/18,1718,Sassuolo,Roma,Home,3.0,0.0,1.0,A,0.0
20/08/17,1718,Sassuolo,Genoa,Home,3.0,0.0,0.0,D,0.0
20/08/2022,2223,Sassuolo,Lecce,Home,3.0,1.0,0.0,H,0.0
20/08/2023,2324,Sassuolo,Atalanta,Home,3.0,0.0,2.0,A,0.0
20/09/15,1516,Sassuolo,Roma,Away,4.0,2.0,2.0,D,0.0
20/09/17,1718,Sassuolo,Cagliari,Away,6.0,1.0,0.0,A,0.0
20/09/2020,2021,Sassuolo,Cagliari,Home,10.0,1.0,1.0,D,0.0
20/10/13,1314,Sassuolo,Bologna,Home,5.0,2.0,1.0,H,0.0
20/10/2019,1920,Sassuolo,Inter,Home,4.0,3.0,4.0,A,0.0
20/11/16,1617,Sassuolo,Sampdoria,Away,5.0,2.0,3.0,H,0.0
20/12/14,1415,Sassuolo,Cesena,Home,9.0,1.0,1.0,D,0.0
20/12/15,1516,Sassuolo,Verona,Away,5.0,1.0,1.0,D,0.0
20/12/2020,2021,Sassuolo,Milan,Home,5.0,1.0,2.0,A,0.0
21/01/18,1718,Sassuolo,Torino,Home,6.0,1.0,1.0,D,0.0
21/02/16,1516,Sassuolo,Empoli,Home,7.0,3.0,2.0,H,1.0
21/03/2026,2526,Sassuolo,Juventus,Away,1.0,1.0,1.0,D,0.0
21/04/18,1718,Sassuolo,Fiorentina,Home,6.0,1.0,0.0,H,0.0
21/04/2021,2021,Sassuolo,Milan,Away,7.0,2.0,1.0,A,0.0
21/04/2024,2324,Sassuolo,Lecce,Home,3.0,0.0,3.0,A,0.0
21/05/17,1617,Sassuolo,Cagliari,Home,8.0,6.0,2.0,H,0.0
21/06/2020,1920,Sassuolo,Atalanta,Away,6.0,1.0,4.0,H,0.0
21/07/2020,1920,Sassuolo,Milan,Home,3.0,1.0,2.0,A,1.0
21/08/16,1617,Sassuolo,Palermo,Away,8.0,1.0,0.0,A,0.0
21/08/2021,2122,Sassuolo,Verona,Away,8.0,3.0,2.0,A,0.0
21/09/14,1415,Sassuolo,Sampdoria,Home,5.0,0.0,0.0,D,0.0
21/09/16,1617,Sassuolo,Chievo,Away,2.0,1.0,2.0,H,0.0
21/09/2018,1819,Sassuolo,Empoli,Home,10.0,3.0,1.0,H,0.0
21/09/2021,2122,Sassuolo,Atalanta,Away,1.0,1.0,2.0,H,0.0
21/09/2025,2526,Sassuolo,Inter,Away,5.0,1.0,2.0,H,0.0
21/10/2023,2324,Sassuolo,Lazio,Home,2.0,0.0,2.0,A,0.0
21/11/2021,2122,Sassuolo,Cagliari,Home,4.0,2.0,2.0,D,0.0
21/12/2025,2526,Sassuolo,Torino,Home,1.0,0.0,1.0,A,0.0
22/01/17,1617,Sassuolo,Pescara,Away,5.0,3.0,1.0,A,0.0
22/01/2023,2223,Sassuolo,Monza,Away,1.0,1.0,1.0,D,0.0
22/03/15,1415,Sassuolo,Empoli,Away,1.0,1.0,3.0,H,0.0
22/04/2023,2223,Sassuolo,Salernitana,Away,2.0,0.0,3.0,H,0.0
22/05/2022,2122,Sassuolo,Milan,Home,3.0,0.0,3.0,A,0.0
22/09/13,1314,Sassuolo,Inter,Home,4.0,0.0,7.0,A,0.0
22/09/2019,1920,Sassuolo,Spal,Home,8.0,3.0,0.0,H,0.0
22/10/17,1718,Sassuolo,Spal,Away,2.0,1.0,0.0,A,1.0
22/10/2018,1819,Sassuolo,Sampdoria,Away,2.0,0.0,0.0,D,0.0
22/11/15,1516,Sassuolo,Genoa,Away,4.0,1.0,2.0,H,1.0
22/11/2020,2021,Sassuolo,Verona,Away,5.0,2.0,0.0,A,0.0
22/12/13,1314,Sassuolo,Fiorentina,Home,3.0,0.0,1.0,A,0.0
22/12/16,1617,Sassuolo,Cagliari,Away,4.0,3.0,4.0,H,1.0
22/12/2018,1819,Sassuolo,Torino,Home,6.0,1.0,1.0,D,0.0
22/12/2019,1920,Sassuolo,Napoli,Home,5.0,1.0,2.0,A,0.0
22/12/2021,2122,Sassuolo,Bologna,Home,5.0,0.0,3.0,A,0.0
22/12/2023,2324,Sassuolo,Genoa,Home,3.0,1.0,2.0,A,0.0
23/01/2022,2122,Sassuolo,Torino,Away,1.0,1.0,1.0,D,0.0
23/02/14,1314,Sassuolo,Lazio,Away,4.0,2.0,3.0,H,0.0
23/02/15,1415,Sassuolo,Napoli,Away,1.0,0.0,2.0,H,0.0
23/03/14,1314,Sassuolo,Udinese,Away,1.0,0.0,1.0,H,0.0
23/04/17,1617,Sassuolo,Napoli,Home,4.0,2.0,2.0,D,0.0
23/05/2021,2021,Sassuolo,Lazio,Home,5.0,2.0,0.0,H,1.0
23/08/15,1516,Sassuolo,Napoli,Home,6.0,2.0,1.0,H,0.0
23/08/2025,2526,Sassuolo,Napoli,Home,2.0,0.0,2.0,A,1.0
23/09/15,1516,Sassuolo,Palermo,Away,4.0,1.0,0.0,A,0.0
23/09/2023,2324,Sassuolo,Juventus,Home,7.0,4.0,2.0,H,0.0
23/10/16,1617,Sassuolo,Bologna,Away,3.0,1.0,1.0,D,0.0
23/10/2020,2021,Sassuolo,Torino,Home,9.0,3.0,3.0,D,0.0
23/10/2021,2122,Sassuolo,Venezia,Home,7.0,3.0,1.0,H,0.0
23/11/14,1415,Sassuolo,Torino,Away,6.0,1.0,0.0,A,0.0
23/12/17,1718,Sassuolo,Inter,Home,4.0,1.0,0.0,H,0.0
23/12/2020,2021,Sassuolo,Sampdoria,Away,8.0,3.0,2.0,A,0.0
24/01/15,1415,Sassuolo,Cagliari,Away,3.0,1.0,2.0,H,1.0
24/01/16,1516,Sassuolo,Bologna,Home,2.0,0.0,2.0,A,1.0
24/01/2021,2021,Sassuolo,Lazio,Away,1.0,1.0,2.0,H,0.0
24/02/2019,1819,Sassuolo,Spal,Home,2.0,1.0,1.0,D,1.0
24/02/2024,2324,Sassuolo,Empoli,Home,5.0,2.0,3.0,A,0.0
24/04/16,1516,Sassuolo,Torino,Away,4.0,3.0,1.0,A,0.0
24/04/2021,2021,Sassuolo,Sampdoria,Home,8.0,1.0,0.0,H,0.0
24/05/15,1415,Sassuolo,Udinese,Away,3.0,1.0,0.0,A,0.0
24/05/2026,2526,Sassuolo,Parma,Away,1.0,0.0,1.0,H,0.0
24/06/2020,1920,Sassuolo,Inter,Away,4.0,3.0,3.0,D,0.0
24/09/14,1415,Sassuolo,Fiorentina,Away,0.0,0.0,0.0,D,0.0
24/09/17,1718,Sassuolo,Bologna,Home,3.0,0.0,1.0,A,1.0
24/10/2022,2223,Sassuolo,Verona,Home,3.0,2.0,1.0,H,0.0
24/11/13,1314,Sassuolo,Atalanta,Home,6.0,2.0,0.0,H,1.0
24/11/2019,1920,Sassuolo,Lazio,Home,2.0,1.0,2.0,A,0.0
24/11/2025,2526,Sassuolo,Pisa,Home,7.0,2.0,2.0,D,0.0
25/01/2026,2526,Sassuolo,Cremonese,Home,7.0,1.0,0.0,H,0.0
25/02/18,1718,Sassuolo,Lazio,Home,4.0,0.0,3.0,A,1.0
25/02/2023,2223,Sassuolo,Lecce,Away,3.0,1.0,0.0,A,0.0
25/04/2022,2122,Sassuolo,Juventus,Home,7.0,1.0,2.0,A,0.0
25/07/2020,1920,Sassuolo,Napoli,Away,1.0,0.0,2.0,H,0.0
25/08/13,1314,Sassuolo,Torino,Away,4.0,0.0,2.0,H,0.0
25/08/2019,1920,Sassuolo,Torino,Away,9.0,1.0,2.0,H,0.0
25/09/13,1314,Sassuolo,Napoli,Away,6.0,1.0,1.0,D,0.0
25/09/16,1617,Sassuolo,Udinese,Home,5.0,1.0,0.0,H,0.0
25/09/2019,1920,Sassuolo,Parma,Away,5.0,0.0,1.0,H,0.0
25/10/14,1415,Sassuolo,Parma,Away,3.0,3.0,1.0,A,0.0
25/10/15,1516,Sassuolo,Milan,Away,2.0,1.0,2.0,H,1.0
25/10/17,1718,Sassuolo,Udinese,Home,3.0,0.0,1.0,A,0.0
25/10/2019,1920,Sassuolo,Verona,Away,5.0,1.0,0.0,A,0.0
25/11/17,1718,Sassuolo,Verona,Home,3.0,0.0,2.0,A,0.0
25/11/2018,1819,Sassuolo,Parma,Away,5.0,1.0,2.0,H,0.0
26/01/14,1314,Sassuolo,Livorno,Away,3.0,1.0,3.0,H,0.0
26/01/2019,1819,Sassuolo,Cagliari,Home,9.0,3.0,0.0,H,0.0
26/01/2020,1920,Sassuolo,Sampdoria,Away,2.0,0.0,0.0,D,1.0
26/02/17,1617,Sassuolo,Milan,Home,5.0,0.0,1.0,A,0.0
26/02/2022,2122,Sassuolo,Fiorentina,Home,6.0,2.0,1.0,H,0.0
26/03/14,1314,Sassuolo,Sampdoria,Home,6.0,1.0,2.0,A,0.0
26/04/15,1415,Sassuolo,Verona,Away,7.0,2.0,3.0,H,0.0
26/04/2026,2526,Sassuolo,Fiorentina,Away,1.0,0.0,0.0,D,0.0
26/05/2019,1819,Sassuolo,Atalanta,Away,3.0,1.0,3.0,H,2.0
26/05/2023,2223,Sassuolo,Sampdoria,Away,8.0,2.0,2.0,D,0.0
26/05/2024,2324,Sassuolo,Lazio,Away,3.0,1.0,1.0,D,0.0
26/08/2018,1819,Sassuolo,Cagliari,Away,6.0,2.0,2.0,D,1.0
26/09/2021,2122,Sassuolo,Salernitana,Home,6.0,1.0,0.0,H,0.0
26/10/16,1617,Sassuolo,Roma,Home,3.0,1.0,3.0,A,0.0
26/10/2025,2526,Sassuolo,Roma,Home,1.0,0.0,1.0,A,0.0
26/11/2023,2324,Sassuolo,Empoli,Away,9.0,4.0,3.0,A,0.0
26/12/2018,1819,Sassuolo,Roma,Away,3.0,1.0,3.0,H,0.0
27/01/18,1718,Sassuolo,Atalanta,Home,1.0,0.0,3.0,A,1.0
27/08/17,1718,Sassuolo,Torino,Away,2.0,0.0,3.0,H,0.0
27/08/2022,2223,Sassuolo,Spezia,Away,8.0,2.0,2.0,D,0.0
27/08/2023,2324,Sassuolo,Napoli,Away,1.0,0.0,2.0,H,1.0
27/09/15,1516,Sassuolo,Chievo,Home,5.0,1.0,1.0,D,0.0
27/09/2018,1819,Sassuolo,Spal,Away,5.0,2.0,0.0,A,0.0
27/09/2020,2021,Sassuolo,Spezia,Away,8.0,4.0,1.0,A,0.0
27/09/2023,2324,Sassuolo,Inter,Away,6.0,2.0,1.0,A,0.0
27/10/13,1314,Sassuolo,Catania,Away,1.0,0.0,0.0,D,0.0
27/10/2021,2122,Sassuolo,Juventus,Away,4.0,2.0,1.0,A,0.0
28/01/2024,2324,Sassuolo,Monza,Away,3.0,0.0,1.0,H,0.0
28/02/2024,2324,Sassuolo,Napoli,Home,2.0,1.0,6.0,A,0.0
28/04/14,1314,Sassuolo,Juventus,Home,4.0,1.0,3.0,A,0.0
28/04/2024,2324,Sassuolo,Fiorentina,Away,2.0,1.0,5.0,H,0.0
28/05/17,1617,Sassuolo,Torino,Away,7.0,3.0,5.0,H,0.0
28/06/2020,1920,Sassuolo,Verona,Home,9.0,3.0,3.0,D,0.0
28/08/16,1617,Sassuolo,Pescara,Home,3.0,0.0,3.0,A,0.0
28/09/14,1415,Sassuolo,Napoli,Home,1.0,0.0,1.0,A,0.0
28/09/2019,1920,Sassuolo,Atalanta,Home,7.0,1.0,4.0,A,0.0
28/09/2025,2526,Sassuolo,Udinese,Home,5.0,3.0,1.0,H,0.0
28/10/14,1415,Sassuolo,Empoli,Home,6.0,3.0,1.0,H,0.0
28/10/15,1516,Sassuolo,Juventus,Home,3.0,1.0,0.0,H,0.0
28/10/2018,1819,Sassuolo,Bologna,Home,6.0,2.0,2.0,D,0.0
28/10/2023,2324,Sassuolo,Bologna,Home,6.0,1.0,1.0,D,0.0
28/11/16,1617,Sassuolo,Napoli,Away,1.0,1.0,1.0,D,0.0
28/11/2020,2021,Sassuolo,Inter,Home,3.0,0.0,3.0,A,0.0
28/11/2021,2122,Sassuolo,Milan,Away,5.0,3.0,1.0,A,0.0
28/11/2025,2526,Sassuolo,Como,Away,5.0,0.0,2.0,H,0.0
28/12/2025,2526,Sassuolo,Bologna,Away,5.0,1.0,1.0,D,0.0
29/01/17,1617,Sassuolo,Juventus,Home,3.0,0.0,2.0,A,0.0
29/01/2023,2223,Sassuolo,Milan,Away,7.0,5.0,2.0,A,0.0
29/02/16,1516,Sassuolo,Lazio,Away,6.0,2.0,0.0,A,0.0
29/04/15,1415,Sassuolo,Roma,Home,6.0,0.0,3.0,A,0.0
29/04/18,1718,Sassuolo,Crotone,Away,6.0,1.0,4.0,H,0.0
29/04/2019,1819,Sassuolo,Fiorentina,Away,5.0,1.0,0.0,A,0.0
29/07/2020,1920,Sassuolo,Genoa,Home,9.0,5.0,0.0,H,0.0
29/08/15,1516,Sassuolo,Bologna,Away,2.0,1.0,0.0,A,0.0
29/08/2021,2122,Sassuolo,Sampdoria,Home,6.0,0.0,0.0,D,0.0
29/08/2025,2526,Sassuolo,Cremonese,Away,6.0,2.0,3.0,H,0.0
29/09/13,1314,Sassuolo,Lazio,Home,6.0,2.0,2.0,D,0.0
29/10/17,1718,Sassuolo,Napoli,Away,1.0,1.0,3.0,H,0.0
29/10/2022,2223,Sassuolo,Napoli,Away,6.0,0.0,4.0,H,1.0
29/11/14,1415,Sassuolo,Verona,Home,4.0,2.0,1.0,H,0.0
29/12/2018,1819,Sassuolo,Atalanta,Home,8.0,2.0,6.0,A,0.0
30/01/16,1516,Sassuolo,Atalanta,Away,1.0,1.0,1.0,D,0.0
30/03/14,1314,Sassuolo,Roma,Home,2.0,0.0,2.0,A,0.0
30/04/17,1617,Sassuolo,Empoli,Away,6.0,3.0,1.0,A,0.0
30/04/2022,2122,Sassuolo,Napoli,Away,4.0,1.0,6.0,H,0.0
30/04/2023,2223,Sassuolo,Empoli,Home,4.0,2.0,1.0,H,1.0
30/08/2022,2223,Sassuolo,Milan,Home,3.0,0.0,0.0,D,0.0
30/09/2018,1819,Sassuolo,Milan,Home,2.0,1.0,4.0,A,0.0
30/10/13,1314,Sassuolo,Udinese,Home,7.0,1.0,2.0,A,1.0
30/10/16,1617,Sassuolo,Lazio,Away,5.0,1.0,2.0,H,0.0
30/10/2019,1920,Sassuolo,Fiorentina,Home,5.0,1.0,2.0,A,0.0
30/10/2025,2526,Sassuolo,Cagliari,Away,4.0,2.0,1.0,A,0.0
30/11/15,1516,Sassuolo,Fiorentina,Home,2.0,1.0,1.0,D,0.0
30/12/17,1718,Sassuolo,Roma,Away,5.0,1.0,1.0,D,0.0
30/12/2023,2324,Sassuolo,Milan,Away,6.0,0.0,1.0,H,0.0
31/01/2021,2021,Sassuolo,Cagliari,Away,5.0,1.0,1.0,D,0.0
31/01/2026,2526,Sassuolo,Pisa,Away,5.0,3.0,1.0,A,0.0
31/03/18,1718,Sassuolo,Napoli,Home,4.0,1.0,1.0,D,0.0
31/03/2019,1819,Sassuolo,Bologna,Away,4.0,1.0,2.0,H,0.0
31/05/15,1415,Sassuolo,Genoa,Home,6.0,3.0,1.0,H,0.0
31/08/14,1415,Sassuolo,Cagliari,Home,5.0,1.0,1.0,D,0.0
31/10/2021,2122,Sassuolo,Empoli,Home,5.0,1.0,2.0,A,0.0
01/02/09,809,Siena,Lecce,Home,3.0,1.0,2.0,A,1.0
01/03/09,809,Siena,Genoa,Home,6.0,0.0,0.0,D,0.0
01/04/12,1112,Siena,Udinese,Home,3.0,1.0,0.0,H,0.0
01/10/06,607,Siena,Milan,Away,6.0,0.0,0.0,D,0.0
01/11/09,910,Siena,Lazio,Home,3.0,1.0,1.0,D,0.0
02/03/08,708,Siena,Empoli,Away,6.0,2.0,0.0,A,0.0
02/04/06,506,Siena,Reggina,Away,2.0,1.0,1.0,D,0.0
02/05/10,910,Siena,Palermo,Home,6.0,1.0,2.0,A,0.0
02/05/12,1112,Siena,Lazio,Away,2.0,1.0,1.0,D,0.0
02/09/07,708,Siena,Roma,Away,3.0,0.0,3.0,H,0.0
02/09/12,1213,Siena,Sampdoria,Away,3.0,1.0,2.0,H,1.0
02/10/05,506,Siena,Roma,Away,4.0,3.0,2.0,A,1.0
02/10/11,1112,Siena,Palermo,Away,1.0,0.0,2.0,H,0.0
02/11/08,809,Siena,Fiorentina,Home,4.0,1.0,0.0,H,0.0
02/12/06,607,Siena,Inter,Away,3.0,0.0,2.0,H,0.0
02/12/07,708,Siena,Lazio,Home,5.0,1.0,1.0,D,0.0
02/12/12,1213,Siena,Roma,Home,2.0,1.0,3.0,A,0.0
03/02/08,708,Siena,Roma,Home,7.0,3.0,0.0,H,0.0
03/02/13,1213,Siena,Inter,Home,6.0,3.0,1.0,H,0.0
03/03/13,1213,Siena,Atalanta,Home,1.0,0.0,2.0,A,0.0
03/04/10,910,Siena,Atalanta,Away,1.0,0.0,2.0,H,0.0
03/05/09,809,Siena,Napoli,Home,5.0,2.0,1.0,H,0.0
04/02/06,506,Siena,Ascoli,Home,6.0,1.0,1.0,D,0.0
04/03/07,607,Siena,Catania,Away,5.0,1.0,1.0,D,0.0
04/03/12,1112,Siena,Cagliari,Home,5.0,3.0,0.0,H,0.0
04/05/08,708,Siena,Juventus,Home,5.0,1.0,0.0,H,0.0
04/10/09,910,Siena,Livorno,Home,6.0,0.0,0.0,D,0.0
04/11/06,607,Siena,Parma,Home,4.0,2.0,2.0,D,0.0
04/11/07,708,Siena,Parma,Away,8.0,2.0,2.0,D,0.0
04/11/12,1213,Siena,Genoa,Home,2.0,1.0,0.0,H,0.0
04/12/05,506,Siena,Lazio,Away,,2.0,3.0,H,0.0
04/12/11,1112,Siena,Bologna,Away,4.0,0.0,1.0,H,0.0
05/02/12,1112,Siena,Juventus,Away,2.0,0.0,0.0,D,0.0
05/03/06,506,Siena,Fiorentina,Away,5.0,1.0,2.0,H,0.0
05/04/09,809,Siena,Lazio,Home,4.0,2.0,0.0,H,0.0
05/05/13,1213,Siena,Catania,Away,3.0,0.0,3.0,H,1.0
05/10/08,809,Siena,Roma,Home,3.0,1.0,0.0,H,0.0
06/01/10,910,Siena,Fiorentina,Home,5.0,1.0,5.0,A,0.0
06/01/13,1213,Siena,Milan,Away,3.0,1.0,2.0,H,0.0
06/04/08,708,Siena,Udinese,Home,7.0,1.0,1.0,D,0.0
06/05/07,607,Siena,Atalanta,Away,5.0,1.0,3.0,H,2.0
06/05/12,1112,Siena,Parma,Home,0.0,0.0,2.0,A,0.0
06/11/05,506,Siena,Chievo,Home,5.0,0.0,1.0,A,0.0
06/11/11,1112,Siena,Udinese,Away,5.0,1.0,2.0,H,0.0
06/12/09,910,Siena,Catania,Home,3.0,3.0,2.0,H,0.0
07/01/12,1112,Siena,Lazio,Home,7.0,4.0,0.0,H,0.0
07/02/10,910,Siena,Sampdoria,Home,5.0,1.0,2.0,A,0.0
07/03/10,910,Siena,Parma,Home,2.0,1.0,1.0,D,0.0
07/04/07,607,Siena,Udinese,Home,4.0,2.0,2.0,D,0.0
07/04/12,1112,Siena,Atalanta,Away,4.0,2.0,1.0,A,0.0
07/04/13,1213,Siena,Parma,Home,0.0,0.0,0.0,D,0.0
07/05/06,506,Siena,Inter,Away,5.0,1.0,1.0,D,0.0
07/10/07,708,Siena,Empoli,Home,10.0,3.0,0.0,H,0.0
07/10/12,1213,Siena,Juventus,Home,3.0,1.0,2.0,A,0.0
07/12/08,809,Siena,Napoli,Away,2.0,0.0,2.0,H,0.0
08/01/06,506,Siena,Inter,Home,0.0,0.0,0.0,D,0.0
08/02/06,506,Siena,Messina,Away,2.0,0.0,0.0,D,0.0
08/02/09,809,Siena,Sampdoria,Away,3.0,2.0,2.0,D,0.0
08/03/09,809,Siena,Catania,Away,7.0,3.0,0.0,A,0.0
08/05/13,1213,Siena,Fiorentina,Home,1.0,0.0,1.0,A,0.0
08/11/09,910,Siena,Genoa,Away,6.0,2.0,4.0,H,0.0
09/01/10,910,Siena,Inter,Away,5.0,3.0,4.0,H,1.0
09/03/08,708,Siena,Fiorentina,Home,1.0,1.0,0.0,H,1.0
09/04/06,506,Siena,Lazio,Home,9.0,2.0,3.0,A,0.0
09/05/10,910,Siena,Fiorentina,Away,5.0,1.0,1.0,D,0.0
09/11/08,809,Siena,Lazio,Away,5.0,0.0,3.0,H,0.0
09/12/07,708,Siena,Genoa,Away,7.0,3.0,1.0,A,0.0
09/12/12,1213,Siena,Catania,Home,5.0,1.0,3.0,A,0.0
10/02/08,708,Siena,Milan,Away,5.0,0.0,1.0,H,1.0
10/02/13,1213,Siena,Bologna,Away,1.0,1.0,1.0,D,0.0
10/03/13,1213,Siena,Palermo,Away,3.0,2.0,1.0,A,0.0
10/05/09,809,Siena,Palermo,Home,3.0,1.0,0.0,H,0.0
10/09/05,506,Siena,Milan,Away,3.0,1.0,3.0,H,0.0
10/09/06,607,Siena,Chievo,Away,6.0,2.0,1.0,A,0.0
10/12/05,506,Siena,Empoli,Home,,1.0,0.0,H,0.0
10/12/06,607,Siena,Sampdoria,Away,0.0,0.0,0.0,D,1.0
10/12/11,1112,Siena,Genoa,Home,0.0,0.0,2.0,A,0.0
11/01/09,809,Siena,Juventus,Away,2.0,0.0,1.0,H,0.0
11/02/07,607,Siena,Cagliari,Away,5.0,2.0,2.0,D,0.0
11/03/06,506,Siena,Treviso,Home,5.0,1.0,0.0,H,0.0
11/03/07,607,Siena,Ascoli,Home,12.0,0.0,1.0,A,0.0
11/03/12,1112,Siena,Cesena,Away,3.0,2.0,0.0,A,0.0
11/04/09,809,Siena,Bologna,Away,6.0,4.0,1.0,A,0.0
11/04/10,910,Siena,Bari,Home,12.0,3.0,2.0,H,0.0
11/04/12,1112,Siena,Inter,Away,4.0,1.0,2.0,H,1.0
11/05/08,708,Siena,Inter,Away,4.0,2.0,2.0,D,0.0
11/09/11,1112,Siena,Catania,Away,2.0,0.0,0.0,D,0.0
11/11/07,708,Siena,Livorno,Home,7.0,2.0,3.0,A,0.0
11/11/12,1213,Siena,Parma,Away,2.0,0.0,0.0,D,0.0
12/02/06,506,Siena,Roma,Home,6.0,0.0,2.0,A,0.0
12/05/13,1213,Siena,Napoli,Away,3.0,1.0,2.0,H,0.0
12/11/06,607,Siena,Reggina,Home,4.0,0.0,1.0,A,0.0
13/01/08,708,Siena,Inter,Home,4.0,2.0,3.0,A,0.0
13/01/13,1213,Siena,Torino,Away,7.0,2.0,3.0,H,0.0
13/02/12,1112,Siena,Roma,Home,3.0,1.0,0.0,H,0.0
13/04/08,708,Siena,Lazio,Away,5.0,1.0,1.0,D,0.0
13/04/13,1213,Siena,Pescara,Away,10.0,3.0,2.0,A,0.0
13/05/07,607,Siena,Empoli,Home,6.0,2.0,0.0,H,0.0
13/05/12,1112,Siena,Napoli,Away,4.0,1.0,2.0,H,0.0
13/09/09,910,Siena,Roma,Home,2.0,1.0,2.0,A,1.0
13/12/09,910,Siena,Udinese,Home,9.0,2.0,1.0,H,0.0
14/01/07,607,Siena,Lazio,Away,6.0,1.0,1.0,D,0.0
14/02/10,910,Siena,Chievo,Away,7.0,1.0,0.0,A,0.0
14/03/10,910,Siena,Juventus,Away,6.0,3.0,3.0,D,0.0
14/05/06,506,Siena,Livorno,Home,5.0,0.0,0.0,D,0.0
14/09/08,809,Siena,Cagliari,Home,6.0,2.0,0.0,H,0.0
14/10/06,607,Siena,Messina,Home,9.0,3.0,1.0,H,1.0
14/12/08,809,Siena,Palermo,Away,4.0,0.0,2.0,H,0.0
15/01/06,506,Siena,Livorno,Away,9.0,2.0,2.0,D,0.0
15/01/12,1112,Siena,Parma,Away,3.0,1.0,3.0,H,0.0
15/02/09,809,Siena,Udinese,Home,5.0,1.0,1.0,D,0.0
15/03/09,809,Siena,Milan,Home,3.0,1.0,5.0,A,0.0
15/04/06,506,Siena,Empoli,Away,9.0,1.0,2.0,H,0.0
15/04/07,607,Siena,Fiorentina,Away,3.0,0.0,1.0,H,0.0
15/09/07,708,Siena,Milan,Home,5.0,1.0,1.0,D,1.0
15/10/05,506,Siena,Udinese,Home,6.0,2.0,3.0,A,0.0
16/03/08,708,Siena,Reggina,Away,0.0,0.0,4.0,H,0.0
16/05/10,910,Siena,Inter,Home,2.0,0.0,1.0,A,0.0
16/09/12,1213,Siena,Udinese,Home,6.0,2.0,2.0,D,0.0
16/10/11,1112,Siena,Cagliari,Away,2.0,0.0,0.0,D,0.0
16/11/08,809,Siena,Bologna,Home,8.0,1.0,1.0,D,0.0
16/12/07,708,Siena,Napoli,Home,2.0,1.0,1.0,D,0.0
16/12/12,1213,Siena,Fiorentina,Away,4.0,1.0,4.0,H,1.0
17/01/09,809,Siena,Reggina,Home,6.0,1.0,0.0,H,0.0
17/01/10,910,Siena,Milan,Away,2.0,0.0,4.0,H,1.0
17/02/07,607,Siena,Milan,Home,4.0,3.0,4.0,A,0.0
17/02/08,708,Siena,Torino,Home,6.0,0.0,0.0,D,0.0
17/03/13,1213,Siena,Cagliari,Home,2.0,0.0,0.0,D,0.0
17/05/09,809,Siena,Inter,Away,6.0,0.0,3.0,H,0.0
17/09/06,607,Siena,Roma,Home,2.0,1.0,3.0,A,1.0
17/12/06,607,Siena,Atalanta,Home,9.0,1.0,1.0,D,1.0
17/12/11,1112,Siena,Milan,Away,3.0,0.0,2.0,H,0.0
18/01/06,506,Siena,Cagliari,Away,4.0,0.0,1.0,H,0.0
18/02/13,1213,Siena,Lazio,Home,3.0,3.0,0.0,H,0.0
18/03/07,607,Siena,Parma,Away,4.0,0.0,1.0,H,1.0
18/03/12,1112,Siena,Novara,Home,0.0,0.0,2.0,A,0.0
18/04/07,607,Siena,Torino,Home,5.0,1.0,0.0,H,0.0
18/04/10,910,Siena,Catania,Away,5.0,2.0,2.0,D,0.0
18/05/08,708,Siena,Palermo,Home,4.0,2.0,2.0,D,0.0
18/09/05,506,Siena,Palermo,Home,3.0,1.0,2.0,A,0.0
18/09/11,1112,Siena,Juventus,Home,1.0,0.0,1.0,A,0.0
18/10/09,910,Siena,Parma,Away,1.0,0.0,1.0,H,1.0
18/11/12,1213,Siena,Pescara,Home,5.0,1.0,0.0,H,0.0
18/12/05,506,Siena,Parma,Home,4.0,2.0,2.0,D,0.0
19/02/06,506,Siena,Udinese,Away,3.0,2.0,1.0,A,0.0
19/02/12,1112,Siena,Lecce,Away,4.0,1.0,4.0,H,0.0
19/03/06,506,Siena,Chievo,Away,4.0,1.0,4.0,H,2.0
19/03/08,708,Siena,Catania,Away,4.0,0.0,0.0,D,0.0
19/04/09,809,Siena,Chievo,Home,3.0,0.0,2.0,A,0.0
19/05/13,1213,Siena,Milan,Home,2.0,1.0,2.0,A,1.0
19/10/08,809,Siena,Genoa,Away,1.0,0.0,1.0,H,0.0
19/11/06,607,Siena,Udinese,Away,5.0,0.0,3.0,H,0.0
20/01/08,708,Siena,Palermo,Away,4.0,3.0,2.0,A,0.0
20/01/13,1213,Siena,Sampdoria,Home,3.0,1.0,0.0,H,0.0
20/04/08,708,Siena,Genoa,Home,4.0,0.0,1.0,A,0.0
20/05/07,607,Siena,Palermo,Away,5.0,1.0,2.0,H,0.0
20/09/06,607,Siena,Torino,Away,5.0,2.0,1.0,A,0.0
20/09/09,910,Siena,Sampdoria,Away,5.0,1.0,4.0,H,0.0
20/11/05,506,Siena,Lecce,Away,5.0,0.0,3.0,H,0.0
20/11/11,1112,Siena,Atalanta,Home,9.0,2.0,2.0,D,0.0
20/12/06,607,Siena,Empoli,Away,6.0,0.0,1.0,H,0.0
20/12/08,809,Siena,Inter,Home,2.0,1.0,2.0,A,0.0
20/12/09,910,Siena,Palermo,Away,3.0,0.0,1.0,H,0.0
20/12/11,1112,Siena,Fiorentina,Home,3.0,0.0,0.0,D,0.0
21/01/07,607,Siena,Chievo,Home,7.0,2.0,1.0,H,0.0
21/02/09,809,Siena,Roma,Away,3.0,0.0,1.0,H,0.0
21/02/10,910,Siena,Napoli,Home,2.0,0.0,0.0,D,0.0
21/03/10,910,Siena,Bologna,Home,2.0,1.0,0.0,H,0.0
21/04/13,1213,Siena,Chievo,Home,4.0,0.0,1.0,A,0.0
21/09/05,506,Siena,Ascoli,Away,4.0,1.0,1.0,D,0.0
21/09/08,809,Siena,Lecce,Away,3.0,1.0,1.0,D,0.0
21/10/07,708,Siena,Fiorentina,Away,5.0,0.0,3.0,H,0.0
21/10/12,1213,Siena,Atalanta,Away,1.0,1.0,2.0,H,0.0
21/12/05,506,Siena,Juventus,Away,5.0,0.0,2.0,H,0.0
22/01/06,506,Siena,Milan,Home,3.0,0.0,3.0,A,0.0
22/01/12,1112,Siena,Napoli,Home,1.0,1.0,1.0,D,0.0
22/02/12,1112,Siena,Catania,Home,8.0,0.0,1.0,A,0.0
22/03/08,708,Siena,Parma,Home,4.0,2.0,0.0,H,0.0
22/03/09,809,Siena,Fiorentina,Away,2.0,0.0,1.0,H,0.0
22/04/06,506,Siena,Parma,Away,1.0,1.0,1.0,D,0.0
22/04/07,607,Siena,Inter,Home,4.0,1.0,2.0,A,0.0
22/04/12,1112,Siena,Genoa,Away,8.0,4.0,1.0,A,0.0
22/08/09,910,Siena,Milan,Home,4.0,1.0,2.0,A,0.0
22/09/11,1112,Siena,Roma,Away,4.0,1.0,1.0,D,0.0
22/10/06,607,Siena,Livorno,Away,2.0,0.0,0.0,D,0.0
22/11/09,910,Siena,Atalanta,Home,5.0,0.0,2.0,A,0.0
22/12/12,1213,Siena,Napoli,Home,0.0,0.0,2.0,A,1.0
23/09/07,708,Siena,Torino,Away,5.0,1.0,1.0,D,1.0
23/09/09,910,Siena,Chievo,Home,3.0,0.0,0.0,D,0.0
23/09/12,1213,Siena,Inter,Away,3.0,2.0,0.0,A,0.0
23/10/05,506,Siena,Sampdoria,Away,8.0,3.0,3.0,D,0.0
23/10/11,1112,Siena,Cesena,Home,4.0,2.0,0.0,H,0.0
23/11/08,809,Siena,Chievo,Away,9.0,2.0,0.0,A,0.0
23/12/06,607,Siena,Palermo,Home,3.0,1.0,1.0,D,0.0
23/12/07,708,Siena,Juventus,Away,3.0,0.0,2.0,H,0.0
24/01/10,910,Siena,Cagliari,Home,4.0,1.0,1.0,D,1.0
24/02/08,708,Siena,Atalanta,Away,3.0,2.0,2.0,D,0.0
24/02/13,1213,Siena,Juventus,Away,2.0,0.0,3.0,H,0.0
24/03/10,910,Siena,Lazio,Away,1.0,0.0,2.0,H,0.0
24/05/09,809,Siena,Juventus,Home,2.0,0.0,3.0,A,0.0
24/09/06,607,Siena,Cagliari,Home,1.0,0.0,0.0,D,1.0
24/09/08,809,Siena,Sampdoria,Home,0.0,0.0,0.0,D,0.0
25/01/09,809,Siena,Atalanta,Home,3.0,1.0,0.0,H,0.0
25/02/07,607,Siena,Messina,Away,5.0,0.0,1.0,H,0.0
25/03/12,1112,Siena,Chievo,Away,2.0,1.0,1.0,D,0.0
25/04/10,910,Siena,Udinese,Away,4.0,1.0,4.0,H,0.0
25/04/12,1112,Siena,Bologna,Home,4.0,1.0,1.0,D,0.0
25/09/05,506,Siena,Messina,Home,5.0,4.0,2.0,H,0.0
25/09/11,1112,Siena,Lecce,Home,4.0,3.0,0.0,H,0.0
25/10/06,607,Siena,Catania,Home,9.0,1.0,1.0,D,0.0
25/10/08,809,Siena,Catania,Home,11.0,1.0,1.0,D,0.0
25/10/09,910,Siena,Juventus,Home,2.0,0.0,1.0,A,0.0
25/11/07,708,Siena,Udinese,Away,2.0,0.0,2.0,H,0.0
25/11/12,1213,Siena,Chievo,Away,1.0,0.0,0.0,D,0.0
26/01/08,708,Siena,Sampdoria,Away,4.0,0.0,1.0,H,0.0
26/02/06,506,Siena,Sampdoria,Home,5.0,1.0,0.0,H,0.0
26/02/12,1112,Siena,Palermo,Home,7.0,4.0,1.0,H,0.0
26/03/06,506,Siena,Lecce,Home,7.0,1.0,2.0,A,1.0
26/04/09,809,Siena,Torino,Away,2.0,0.0,1.0,H,0.0
26/08/07,708,Siena,Sampdoria,Home,5.0,1.0,2.0,A,0.0
26/08/12,1213,Siena,Torino,Home,0.0,0.0,0.0,D,0.0
26/09/07,708,Siena,Atalanta,Home,1.0,1.0,1.0,D,0.0
26/10/05,506,Siena,Fiorentina,Home,7.0,0.0,2.0,A,0.0
26/10/11,1112,Siena,Novara,Away,4.0,1.0,1.0,D,0.0
26/11/06,607,Siena,Fiorentina,Home,6.0,1.0,1.0,D,0.0
27/01/13,1213,Siena,Udinese,Away,1.0,0.0,1.0,H,0.0
27/02/08,708,Siena,Cagliari,Home,2.0,1.0,0.0,H,0.0
27/04/08,708,Siena,Napoli,Away,2.0,0.0,0.0,D,0.0
27/05/07,607,Siena,Lazio,Home,4.0,2.0,1.0,H,0.0
27/09/09,910,Siena,Napoli,Away,2.0,1.0,2.0,H,0.0
27/09/12,1213,Siena,Bologna,Home,3.0,1.0,0.0,H,0.0
27/10/12,1213,Siena,Palermo,Home,1.0,0.0,0.0,D,0.0
27/11/05,506,Siena,Reggina,Home,0.0,0.0,0.0,D,1.0
27/11/11,1112,Siena,Inter,Home,0.0,0.0,1.0,A,1.0
28/01/06,506,Siena,Palermo,Away,4.0,3.0,1.0,A,0.0
28/01/07,607,Siena,Roma,Away,4.0,0.0,1.0,H,1.0
28/01/09,809,Siena,Cagliari,Away,6.0,0.0,1.0,H,0.0
28/02/07,607,Siena,Livorno,Home,6.0,0.0,0.0,D,0.0
28/02/10,910,Siena,Livorno,Away,7.0,2.0,1.0,A,0.0
28/03/10,910,Siena,Genoa,Home,4.0,0.0,0.0,D,0.0
28/04/13,1213,Siena,Roma,Away,3.0,0.0,4.0,H,0.0
28/08/05,506,Siena,Cagliari,Home,6.0,2.0,1.0,H,1.0
28/09/08,809,Siena,Udinese,Away,3.0,1.0,2.0,H,0.0
28/10/07,708,Siena,Reggina,Home,2.0,0.0,0.0,D,0.0
28/10/09,910,Siena,Bologna,Away,8.0,1.0,2.0,H,0.0
29/01/12,1112,Siena,Fiorentina,Away,4.0,1.0,2.0,H,0.0
29/04/07,607,Siena,Sampdoria,Home,6.0,0.0,2.0,A,0.0
29/04/12,1112,Siena,Milan,Home,4.0,1.0,4.0,A,0.0
29/10/06,607,Siena,Ascoli,Away,4.0,1.0,0.0,A,1.0
29/10/08,809,Siena,Milan,Away,4.0,1.0,2.0,H,0.0
29/11/09,910,Siena,Bari,Away,3.0,1.0,2.0,H,0.0
30/03/08,708,Siena,Livorno,Away,4.0,0.0,0.0,D,0.0
30/03/13,1213,Siena,Genoa,Away,3.0,2.0,2.0,D,0.0
30/04/06,506,Siena,Juventus,Home,5.0,0.0,3.0,A,0.0
30/08/09,910,Siena,Cagliari,Away,6.0,3.0,1.0,A,0.0
30/09/07,708,Siena,Cagliari,Away,2.0,0.0,1.0,H,0.0
30/09/12,1213,Siena,Lazio,Away,3.0,1.0,2.0,H,0.0
30/10/05,506,Siena,Treviso,Away,4.0,1.0,0.0,A,0.0
30/10/11,1112,Siena,Chievo,Home,7.0,4.0,1.0,H,0.0
30/11/08,809,Siena,Torino,Home,5.0,1.0,0.0,H,0.0
31/01/10,910,Siena,Roma,Away,3.0,1.0,2.0,H,0.0
31/03/07,607,Siena,Reggina,Away,4.0,1.0,0.0,A,1.0
31/05/09,809,Siena,Reggina,Away,8.0,1.0,1.0,D,1.0
31/08/08,809,Siena,Atalanta,Away,1.0,0.0,1.0,H,1.0
31/10/07,708,Siena,Catania,Home,2.0,1.0,1.0,D,0.0
31/10/12,1213,Siena,Cagliari,Away,4.0,2.0,4.0,H,1.0
01/07/2020,1920,Spal,Milan,Home,3.0,2.0,2.0,D,1.0
01/10/17,1718,Spal,Crotone,Home,5.0,1.0,1.0,D,0.0
01/10/2018,1819,Spal,Sampdoria,Away,4.0,1.0,2.0,H,0.0
01/12/17,1718,Spal,Roma,Away,2.0,1.0,3.0,H,1.0
01/12/2018,1819,Spal,Empoli,Home,5.0,2.0,2.0,D,1.0
01/12/2019,1920,Spal,Inter,Away,3.0,1.0,2.0,H,0.0
02/02/2020,1920,Spal,Lazio,Away,5.0,1.0,5.0,H,0.0
02/08/2020,1920,Spal,Fiorentina,Home,5.0,1.0,3.0,A,0.0
02/09/2018,1819,Spal,Torino,Away,3.0,0.0,1.0,H,0.0
03/02/2019,1819,Spal,Torino,Home,1.0,0.0,0.0,D,0.0
03/03/18,1718,Spal,Bologna,Home,1.0,1.0,0.0,H,1.0
03/03/2019,1819,Spal,Sampdoria,Home,2.0,1.0,2.0,A,1.0
03/04/2019,1819,Spal,Lazio,Home,4.0,1.0,0.0,H,0.0
04/02/18,1718,Spal,Cagliari,Away,3.0,0.0,2.0,H,0.0
04/05/2019,1819,Spal,Chievo,Away,8.0,4.0,0.0,A,0.0
04/11/2018,1819,Spal,Lazio,Away,3.0,1.0,4.0,H,0.0
04/11/2019,1920,Spal,Sampdoria,Home,2.0,0.0,1.0,A,0.0
05/01/2020,1920,Spal,Verona,Home,2.0,0.0,2.0,A,1.0
05/07/2020,1920,Spal,Sampdoria,Away,3.0,0.0,3.0,H,0.0
05/10/2019,1920,Spal,Parma,Home,7.0,1.0,0.0,H,1.0
05/11/17,1718,Spal,Atalanta,Away,3.0,1.0,1.0,D,0.0
06/01/18,1718,Spal,Lazio,Home,4.0,2.0,5.0,A,0.0
06/05/18,1718,Spal,Benevento,Home,4.0,2.0,0.0,H,0.0
07/04/18,1718,Spal,Atalanta,Home,4.0,1.0,1.0,D,0.0
07/04/2019,1819,Spal,Cagliari,Away,2.0,1.0,2.0,H,0.0
07/10/2018,1819,Spal,Inter,Home,6.0,1.0,2.0,A,0.0
08/03/2020,1920,Spal,Parma,Away,2.0,1.0,0.0,A,0.0
08/12/2019,1920,Spal,Brescia,Home,4.0,0.0,1.0,A,0.0
09/02/2020,1920,Spal,Sassuolo,Home,5.0,1.0,2.0,A,0.0
09/07/2020,1920,Spal,Udinese,Home,3.0,0.0,3.0,A,0.0
09/12/2018,1819,Spal,Genoa,Away,7.0,1.0,1.0,D,0.0
10/02/18,1718,Spal,Milan,Home,0.0,0.0,4.0,A,0.0
10/02/2019,1819,Spal,Atalanta,Away,3.0,1.0,2.0,H,0.0
10/03/2019,1819,Spal,Inter,Away,1.0,0.0,2.0,H,0.0
10/09/17,1718,Spal,Inter,Away,1.0,0.0,2.0,H,0.0
10/11/2018,1819,Spal,Cagliari,Home,4.0,2.0,2.0,D,0.0
10/11/2019,1920,Spal,Udinese,Away,4.0,0.0,0.0,D,0.0
10/12/17,1718,Spal,Verona,Home,10.0,2.0,2.0,D,0.0
11/03/18,1718,Spal,Sassuolo,Away,2.0,1.0,1.0,D,0.0
12/01/2020,1920,Spal,Fiorentina,Away,3.0,0.0,1.0,H,0.0
12/05/2019,1819,Spal,Napoli,Home,5.0,1.0,2.0,A,0.0
12/07/2020,1920,Spal,Genoa,Away,0.0,0.0,2.0,H,0.0
13/04/2019,1819,Spal,Juventus,Home,3.0,2.0,1.0,H,0.0
13/05/18,1718,Spal,Torino,Away,4.0,1.0,2.0,H,0.0
15/02/2020,1920,Spal,Lecce,Away,5.0,1.0,2.0,H,0.0
15/04/18,1718,Spal,Fiorentina,Away,1.0,0.0,0.0,D,0.0
15/09/2019,1920,Spal,Lazio,Home,4.0,2.0,1.0,H,0.0
15/10/17,1718,Spal,Bologna,Away,2.0,1.0,2.0,H,0.0
15/12/2019,1920,Spal,Roma,Away,3.0,1.0,3.0,H,0.0
16/03/2019,1819,Spal,Roma,Home,6.0,2.0,1.0,H,0.0
16/07/2020,1920,Spal,Inter,Home,1.0,0.0,4.0,A,0.0
16/12/2018,1819,Spal,Chievo,Home,3.0,0.0,0.0,D,0.0
17/02/2019,1819,Spal,Fiorentina,Home,4.0,1.0,4.0,A,0.0
17/03/18,1718,Spal,Juventus,Home,0.0,0.0,0.0,D,0.0
17/09/17,1718,Spal,Cagliari,Home,3.0,0.0,2.0,A,0.0
17/09/2018,1819,Spal,Atalanta,Home,6.0,2.0,0.0,H,0.0
17/12/17,1718,Spal,Benevento,Away,5.0,2.0,1.0,A,0.0
18/02/18,1718,Spal,Napoli,Away,1.0,0.0,1.0,H,0.0
18/04/18,1718,Spal,Chievo,Home,1.0,0.0,0.0,D,0.0
18/05/2019,1819,Spal,Udinese,Away,5.0,2.0,3.0,H,0.0
19/07/2020,1920,Spal,Brescia,Away,7.0,1.0,2.0,H,0.0
19/08/2018,1819,Spal,Bologna,Away,5.0,1.0,0.0,A,0.0
19/11/17,1718,Spal,Fiorentina,Home,1.0,1.0,1.0,D,1.0
20/01/2019,1819,Spal,Bologna,Home,9.0,1.0,1.0,D,0.0
20/01/2020,1920,Spal,Atalanta,Away,7.0,2.0,1.0,A,0.0
20/04/2019,1819,Spal,Empoli,Away,7.0,4.0,2.0,A,0.0
20/05/18,1718,Spal,Sampdoria,Home,6.0,3.0,1.0,H,0.0
20/08/17,1718,Spal,Lazio,Away,2.0,0.0,0.0,D,0.0
20/09/17,1718,Spal,Milan,Away,0.0,0.0,2.0,H,0.0
20/10/2018,1819,Spal,Roma,Away,5.0,2.0,0.0,A,1.0
20/10/2019,1920,Spal,Cagliari,Away,5.0,0.0,2.0,H,0.0
21/01/18,1718,Spal,Udinese,Away,4.0,1.0,1.0,D,0.0
21/04/18,1718,Spal,Roma,Home,3.0,0.0,3.0,A,0.0
21/12/2019,1920,Spal,Torino,Away,4.0,2.0,1.0,A,0.0
22/02/2020,1920,Spal,Juventus,Home,5.0,1.0,2.0,A,0.0
22/07/2020,1920,Spal,Roma,Home,4.0,1.0,6.0,A,0.0
22/09/2018,1819,Spal,Fiorentina,Away,2.0,0.0,3.0,H,0.0
22/09/2019,1920,Spal,Sassuolo,Away,3.0,0.0,3.0,H,0.0
22/10/17,1718,Spal,Sassuolo,Home,2.0,0.0,1.0,A,0.0
22/12/2018,1819,Spal,Napoli,Away,6.0,0.0,1.0,H,0.0
23/06/2020,1920,Spal,Cagliari,Home,2.0,0.0,1.0,A,0.0
23/09/17,1718,Spal,Napoli,Home,2.0,2.0,3.0,A,0.0
23/12/17,1718,Spal,Torino,Home,4.0,2.0,2.0,D,0.0
24/02/2019,1819,Spal,Sassuolo,Away,3.0,1.0,1.0,D,0.0
24/11/2018,1819,Spal,Juventus,Away,1.0,0.0,2.0,H,0.0
25/01/2020,1920,Spal,Bologna,Home,5.0,1.0,3.0,A,0.0
25/02/18,1718,Spal,Crotone,Away,6.0,3.0,2.0,A,0.0
25/08/2019,1920,Spal,Atalanta,Home,3.0,2.0,3.0,A,0.0
25/09/2019,1920,Spal,Lecce,Home,7.0,1.0,3.0,A,0.0
25/10/17,1718,Spal,Juventus,Away,2.0,1.0,4.0,H,0.0
25/11/17,1718,Spal,Chievo,Away,5.0,1.0,2.0,H,0.0
25/11/2019,1920,Spal,Genoa,Home,7.0,1.0,1.0,D,0.0
26/05/2019,1819,Spal,Milan,Home,4.0,2.0,3.0,A,0.0
26/07/2020,1920,Spal,Torino,Home,2.0,1.0,1.0,D,0.0
26/08/2018,1819,Spal,Parma,Home,5.0,1.0,0.0,H,0.0
26/12/2018,1819,Spal,Udinese,Home,4.0,0.0,0.0,D,0.0
27/01/2019,1819,Spal,Parma,Away,6.0,3.0,2.0,A,0.0
27/08/17,1718,Spal,Udinese,Home,4.0,3.0,2.0,H,0.0
27/09/2018,1819,Spal,Sassuolo,Home,2.0,0.0,2.0,A,0.0
27/10/2019,1920,Spal,Napoli,Home,3.0,1.0,1.0,D,0.0
28/01/18,1718,Spal,Inter,Home,3.0,1.0,1.0,D,0.0
28/04/2019,1819,Spal,Genoa,Home,5.0,1.0,1.0,D,0.0
28/06/2020,1920,Spal,Napoli,Away,3.0,1.0,3.0,H,0.0
28/09/2019,1920,Spal,Juventus,Away,1.0,0.0,2.0,H,0.0
28/10/2018,1819,Spal,Frosinone,Home,5.0,0.0,3.0,A,0.0
29/04/18,1718,Spal,Verona,Away,6.0,3.0,1.0,A,0.0
29/07/2020,1920,Spal,Verona,Away,5.0,0.0,3.0,H,0.0
29/10/17,1718,Spal,Genoa,Home,3.0,1.0,0.0,H,0.0
29/12/2018,1819,Spal,Milan,Away,4.0,1.0,2.0,H,0.0
30/08/2019,1920,Spal,Bologna,Away,1.0,0.0,1.0,H,0.0
30/12/17,1718,Spal,Sampdoria,Away,2.0,0.0,2.0,H,0.0
31/03/18,1718,Spal,Genoa,Away,4.0,1.0,1.0,D,1.0
31/03/2019,1819,Spal,Frosinone,Away,3.0,1.0,0.0,A,0.0
31/10/2019,1920,Spal,Milan,Away,2.0,0.0,1.0,H,0.0
01/05/2021,2021,Spezia,Verona,Away,2.0,1.0,1.0,D,0.0
01/11/2020,2021,Spezia,Juventus,Home,3.0,1.0,4.0,A,0.0
01/12/2021,2122,Spezia,Inter,Away,4.0,0.0,2.0,H,0.0
02/03/2021,2021,Spezia,Juventus,Away,2.0,0.0,3.0,H,0.0
02/04/2022,2122,Spezia,Venezia,Home,5.0,1.0,0.0,H,0.0
02/04/2023,2223,Spezia,Salernitana,Home,3.0,1.0,1.0,D,0.0
02/10/2022,2223,Spezia,Lazio,Away,2.0,0.0,4.0,H,0.0
03/01/2021,2021,Spezia,Verona,Home,1.0,0.0,1.0,A,1.0
03/04/2021,2021,Spezia,Lazio,Away,3.0,1.0,2.0,H,0.0
03/05/2023,2223,Spezia,Atalanta,Away,4.0,2.0,3.0,H,0.0
03/10/2021,2122,Spezia,Verona,Away,4.0,0.0,4.0,H,1.0
04/01/2023,2223,Spezia,Atalanta,Home,3.0,2.0,2.0,D,0.0
04/06/2023,2223,Spezia,Roma,Away,2.0,1.0,2.0,H,1.0
04/09/2022,2223,Spezia,Bologna,Home,5.0,2.0,2.0,D,0.0
04/10/2020,2021,Spezia,Milan,Away,2.0,0.0,3.0,H,0.0
05/02/2023,2223,Spezia,Napoli,Home,3.0,0.0,3.0,A,0.0
05/03/2023,2223,Spezia,Verona,Home,4.0,0.0,0.0,D,1.0
05/11/2022,2223,Spezia,Milan,Away,5.0,1.0,2.0,H,0.0
05/12/2020,2021,Spezia,Lazio,Home,6.0,1.0,2.0,A,0.0
05/12/2021,2122,Spezia,Sassuolo,Home,4.0,2.0,2.0,D,0.0
06/01/2021,2021,Spezia,Napoli,Away,4.0,2.0,1.0,A,1.0
06/01/2022,2122,Spezia,Verona,Home,3.0,1.0,2.0,A,1.0
06/02/2021,2021,Spezia,Sassuolo,Away,7.0,2.0,1.0,A,0.0
06/03/2021,2021,Spezia,Benevento,Home,7.0,1.0,1.0,D,0.0
06/03/2022,2122,Spezia,Juventus,Away,4.0,0.0,1.0,H,0.0
06/05/2023,2223,Spezia,Cremonese,Away,8.0,0.0,2.0,H,0.0
06/11/2021,2122,Spezia,Torino,Home,3.0,1.0,0.0,H,0.0
07/02/2022,2122,Spezia,Salernitana,Away,2.0,2.0,2.0,D,0.0
07/11/2020,2021,Spezia,Benevento,Away,7.0,3.0,0.0,A,0.0
08/01/2023,2223,Spezia,Lecce,Home,2.0,0.0,0.0,D,0.0
08/04/2023,2223,Spezia,Fiorentina,Away,3.0,1.0,1.0,D,0.0
08/05/2021,2021,Spezia,Napoli,Home,3.0,1.0,4.0,A,0.0
08/05/2022,2122,Spezia,Atalanta,Home,1.0,1.0,3.0,A,0.0
08/11/2022,2223,Spezia,Udinese,Home,6.0,1.0,1.0,D,0.0
09/01/2022,2122,Spezia,Genoa,Away,9.0,1.0,0.0,A,0.0
09/04/2022,2122,Spezia,Empoli,Away,5.0,0.0,0.0,D,0.0
09/10/2022,2223,Spezia,Monza,Away,1.0,0.0,2.0,H,0.0
10/03/2023,2223,Spezia,Inter,Home,2.0,2.0,1.0,H,0.0
10/04/2021,2021,Spezia,Crotone,Home,7.0,3.0,2.0,H,0.0
10/09/2022,2223,Spezia,Napoli,Away,1.0,0.0,1.0,H,0.0
11/01/2021,2021,Spezia,Sampdoria,Home,4.0,2.0,1.0,H,0.0
11/02/2023,2223,Spezia,Empoli,Away,3.0,2.0,2.0,D,1.0
12/03/2021,2021,Spezia,Atalanta,Away,3.0,1.0,3.0,H,0.0
12/03/2022,2122,Spezia,Cagliari,Home,7.0,2.0,0.0,H,0.0
12/05/2021,2021,Spezia,Sampdoria,Away,7.0,2.0,2.0,D,0.0
12/09/2021,2122,Spezia,Udinese,Home,5.0,0.0,1.0,A,0.0
12/12/2020,2021,Spezia,Crotone,Away,5.0,1.0,4.0,H,0.0
13/02/2021,2021,Spezia,Milan,Home,5.0,2.0,0.0,H,0.0
13/05/2023,2223,Spezia,Milan,Home,4.0,2.0,0.0,H,0.0
13/11/2022,2223,Spezia,Verona,Away,9.0,2.0,1.0,A,0.0
13/12/2021,2122,Spezia,Roma,Away,2.0,0.0,2.0,H,0.0
14/02/2022,2122,Spezia,Fiorentina,Home,1.0,1.0,2.0,A,0.0
14/04/2023,2223,Spezia,Lazio,Home,2.0,0.0,3.0,A,1.0
14/05/2022,2122,Spezia,Udinese,Away,6.0,3.0,2.0,A,0.0
14/08/2022,2223,Spezia,Empoli,Home,2.0,1.0,0.0,H,0.0
15/01/2023,2223,Spezia,Torino,Away,5.0,1.0,0.0,A,0.0
15/04/2022,2122,Spezia,Inter,Home,2.0,1.0,3.0,A,0.0
15/05/2021,2021,Spezia,Torino,Home,11.0,4.0,1.0,H,0.0
16/01/2021,2021,Spezia,Torino,Away,3.0,0.0,0.0,D,1.0
16/10/2021,2122,Spezia,Salernitana,Home,5.0,2.0,1.0,H,0.0
16/10/2022,2223,Spezia,Cremonese,Home,6.0,2.0,2.0,D,0.0
16/12/2020,2021,Spezia,Bologna,Home,5.0,2.0,2.0,D,0.0
17/01/2022,2122,Spezia,Milan,Away,6.0,2.0,1.0,A,0.0
17/03/2023,2223,Spezia,Sassuolo,Away,1.0,0.0,1.0,H,0.0
17/09/2022,2223,Spezia,Sampdoria,Home,3.0,2.0,1.0,H,0.0
18/03/2022,2122,Spezia,Sassuolo,Away,1.0,1.0,4.0,H,0.0
18/04/2021,2021,Spezia,Bologna,Away,5.0,1.0,4.0,H,0.0
18/10/2020,2021,Spezia,Fiorentina,Home,2.0,2.0,2.0,D,0.0
19/02/2021,2021,Spezia,Fiorentina,Away,3.0,0.0,3.0,H,0.0
19/02/2023,2223,Spezia,Juventus,Home,7.0,0.0,2.0,A,0.0
19/09/2021,2122,Spezia,Venezia,Away,3.0,2.0,1.0,A,0.0
19/12/2021,2122,Spezia,Empoli,Home,2.0,1.0,1.0,D,0.0
20/03/2021,2021,Spezia,Cagliari,Home,6.0,2.0,1.0,H,0.0
20/08/2022,2223,Spezia,Inter,Away,0.0,0.0,3.0,H,0.0
20/11/2021,2122,Spezia,Atalanta,Away,5.0,2.0,5.0,H,0.0
20/12/2020,2021,Spezia,Inter,Away,1.0,1.0,2.0,H,0.0
21/02/2022,2122,Spezia,Bologna,Away,2.0,1.0,2.0,H,0.0
21/04/2021,2021,Spezia,Inter,Home,1.0,1.0,1.0,D,0.0
21/05/2023,2223,Spezia,Lecce,Away,0.0,0.0,0.0,D,0.0
21/11/2020,2021,Spezia,Atalanta,Home,3.0,0.0,0.0,D,0.0
22/01/2023,2223,Spezia,Roma,Home,0.0,0.0,2.0,A,0.0
22/04/2023,2223,Spezia,Sampdoria,Away,7.0,1.0,1.0,D,0.0
22/05/2022,2122,Spezia,Napoli,Home,4.0,0.0,3.0,A,0.0
22/09/2021,2122,Spezia,Juventus,Home,5.0,2.0,3.0,A,0.0
22/10/2021,2122,Spezia,Sampdoria,Away,7.0,1.0,2.0,H,0.0
22/10/2022,2223,Spezia,Salernitana,Away,2.0,0.0,1.0,H,0.0
22/12/2021,2122,Spezia,Napoli,Away,0.0,1.0,0.0,A,0.0
23/01/2021,2021,Spezia,Roma,Away,3.0,3.0,4.0,H,0.0
23/01/2022,2122,Spezia,Sampdoria,Home,2.0,1.0,0.0,H,0.0
23/04/2022,2122,Spezia,Torino,Away,2.0,1.0,2.0,H,0.0
23/05/2021,2021,Spezia,Roma,Home,9.0,2.0,2.0,D,0.0
23/08/2021,2122,Spezia,Cagliari,Away,6.0,2.0,2.0,D,0.0
23/12/2020,2021,Spezia,Genoa,Home,5.0,1.0,2.0,A,0.0
24/04/2021,2021,Spezia,Genoa,Away,1.0,0.0,2.0,H,0.0
25/09/2021,2122,Spezia,Milan,Home,2.0,1.0,2.0,A,0.0
25/10/2020,2021,Spezia,Parma,Away,9.0,2.0,2.0,D,0.0
26/02/2023,2223,Spezia,Udinese,Away,2.0,2.0,2.0,D,0.0
26/10/2021,2122,Spezia,Genoa,Home,3.0,1.0,1.0,D,0.0
27/01/2023,2223,Spezia,Bologna,Away,4.0,0.0,2.0,H,0.0
27/02/2021,2021,Spezia,Parma,Home,7.0,2.0,2.0,D,0.0
27/02/2022,2122,Spezia,Roma,Home,3.0,0.0,1.0,A,1.0
27/05/2023,2223,Spezia,Torino,Home,1.0,0.0,4.0,A,0.0
27/08/2022,2223,Spezia,Sassuolo,Home,2.0,2.0,2.0,D,1.0
27/09/2020,2021,Spezia,Sassuolo,Home,6.0,1.0,4.0,A,0.0
28/04/2023,2223,Spezia,Monza,Home,4.0,0.0,2.0,A,0.0
28/08/2021,2122,Spezia,Lazio,Away,2.0,1.0,6.0,H,1.0
28/11/2021,2122,Spezia,Bologna,Home,5.0,0.0,1.0,A,0.0
29/11/2020,2021,Spezia,Cagliari,Away,5.0,2.0,2.0,D,0.0
30/04/2022,2122,Spezia,Lazio,Home,3.0,3.0,4.0,A,0.0
30/09/2020,2021,Spezia,Udinese,Away,3.0,2.0,0.0,A,1.0
30/10/2022,2223,Spezia,Fiorentina,Home,6.0,1.0,2.0,A,1.0
31/01/2021,2021,Spezia,Udinese,Home,5.0,0.0,1.0,A,1.0
31/08/2022,2223,Spezia,Juventus,Away,0.0,0.0,2.0,H,0.0
31/10/2021,2122,Spezia,Fiorentina,Away,0.0,0.0,3.0,H,0.0
01/02/09,809,Torino,Inter,Away,3.0,1.0,1.0,D,0.0
01/02/14,1314,Torino,Milan,Away,2.0,1.0,1.0,D,0.0
01/02/15,1415,Torino,Sampdoria,Home,9.0,5.0,1.0,H,0.0
01/02/2025,2425,Torino,Atalanta,Away,3.0,1.0,1.0,D,0.0
01/02/2026,2526,Torino,Lecce,Home,5.0,1.0,0.0,H,0.0
01/03/09,809,Torino,Cagliari,Away,3.0,0.0,0.0,D,0.0
01/03/15,1415,Torino,Napoli,Home,4.0,1.0,0.0,H,0.0
01/03/2026,2526,Torino,Lazio,Home,5.0,2.0,0.0,H,0.0
01/04/07,607,Torino,Palermo,Home,6.0,0.0,0.0,D,0.0
01/05/2022,2122,Torino,Empoli,Away,3.0,3.0,1.0,A,0.0
01/09/12,1213,Torino,Pescara,Home,9.0,3.0,0.0,H,0.0
01/09/13,1314,Torino,Atalanta,Away,2.0,0.0,2.0,H,0.0
01/09/2019,1920,Torino,Atalanta,Away,6.0,3.0,2.0,A,0.0
01/09/2022,2223,Torino,Atalanta,Away,2.0,1.0,3.0,H,0.0
01/10/17,1718,Torino,Verona,Home,5.0,2.0,2.0,D,0.0
01/10/2022,2223,Torino,Napoli,Away,3.0,1.0,3.0,H,0.0
01/11/2020,2021,Torino,Lazio,Home,6.0,3.0,4.0,A,0.0
01/12/12,1213,Torino,Juventus,Away,2.0,0.0,3.0,H,1.0
01/12/2024,2425,Torino,Napoli,Home,1.0,0.0,1.0,A,0.0
02/02/13,1213,Torino,Sampdoria,Home,2.0,0.0,0.0,D,0.0
02/02/2020,1920,Torino,Lecce,Away,4.0,0.0,4.0,H,0.0
02/03/08,708,Torino,Sampdoria,Away,4.0,2.0,2.0,D,0.0
02/03/14,1314,Torino,Sampdoria,Home,6.0,0.0,2.0,A,0.0
02/03/2024,2324,Torino,Fiorentina,Home,2.0,0.0,0.0,D,1.0
02/03/2025,2425,Torino,Monza,Away,7.0,2.0,0.0,A,0.0
02/04/17,1617,Torino,Udinese,Home,7.0,2.0,2.0,D,0.0
02/04/2022,2122,Torino,Salernitana,Away,5.0,1.0,0.0,A,0.0
02/05/2025,2425,Torino,Venezia,Home,4.0,1.0,1.0,D,0.0
02/05/2026,2526,Torino,Udinese,Away,1.0,0.0,2.0,H,0.0
02/08/2020,1920,Torino,Bologna,Away,11.0,1.0,1.0,D,0.0
02/09/07,708,Torino,Reggina,Home,5.0,2.0,2.0,D,0.0
02/09/2018,1819,Torino,Spal,Home,7.0,1.0,0.0,H,0.0
02/10/16,1617,Torino,Fiorentina,Home,5.0,2.0,1.0,H,0.0
02/10/2021,2122,Torino,Juventus,Home,2.0,0.0,1.0,A,0.0
02/10/2023,2324,Torino,Verona,Home,2.0,0.0,0.0,D,0.0
02/11/08,809,Torino,Sampdoria,Away,4.0,0.0,1.0,H,0.0
02/11/14,1415,Torino,Atalanta,Home,2.0,0.0,0.0,D,0.0
02/11/2019,1920,Torino,Juventus,Home,4.0,0.0,1.0,A,0.0
02/11/2025,2526,Torino,Pisa,Home,3.0,2.0,2.0,D,0.0
02/12/07,708,Torino,Genoa,Home,6.0,1.0,1.0,D,0.0
02/12/17,1718,Torino,Atalanta,Home,4.0,1.0,1.0,D,0.0
02/12/2018,1819,Torino,Genoa,Home,10.0,2.0,1.0,H,0.0
02/12/2021,2122,Torino,Empoli,Home,3.0,2.0,2.0,D,1.0
03/01/2021,2021,Torino,Parma,Away,8.0,3.0,0.0,A,0.0
03/02/08,708,Torino,Reggina,Away,7.0,3.0,1.0,A,0.0
03/02/16,1516,Torino,Sampdoria,Away,6.0,2.0,2.0,D,0.0
03/02/18,1718,Torino,Sampdoria,Away,5.0,1.0,1.0,D,1.0
03/02/2019,1819,Torino,Spal,Away,1.0,0.0,0.0,D,1.0
03/03/13,1213,Torino,Palermo,Home,1.0,0.0,0.0,D,0.0
03/03/2019,1819,Torino,Chievo,Home,6.0,3.0,0.0,H,0.0
03/04/16,1516,Torino,Inter,Away,3.0,2.0,1.0,A,0.0
03/04/2019,1819,Torino,Sampdoria,Home,6.0,2.0,1.0,H,0.0
03/04/2021,2021,Torino,Juventus,Home,7.0,2.0,2.0,D,0.0
03/04/2023,2223,Torino,Sassuolo,Away,2.0,1.0,1.0,D,0.0
03/05/09,809,Torino,Fiorentina,Away,5.0,0.0,1.0,H,1.0
03/05/2019,1819,Torino,Juventus,Away,2.0,1.0,1.0,D,0.0
03/05/2021,2021,Torino,Parma,Home,5.0,1.0,0.0,H,0.0
03/05/2023,2223,Torino,Sampdoria,Away,4.0,2.0,0.0,A,0.0
03/05/2024,2324,Torino,Bologna,Home,1.0,0.0,0.0,D,0.0
03/06/2023,2223,Torino,Inter,Home,5.0,0.0,1.0,A,0.0
03/09/2023,2324,Torino,Genoa,Home,3.0,1.0,0.0,H,0.0
03/10/15,1516,Torino,Carpi,Away,3.0,1.0,2.0,H,0.0
03/11/07,708,Torino,Milan,Away,2.0,0.0,0.0,D,0.0
03/11/13,1314,Torino,Roma,Home,5.0,1.0,1.0,D,0.0
03/11/2024,2425,Torino,Fiorentina,Home,1.0,0.0,1.0,A,0.0
03/12/06,607,Torino,Empoli,Home,7.0,1.0,0.0,H,0.0
04/01/2023,2223,Torino,Verona,Home,3.0,1.0,1.0,D,0.0
04/01/2026,2526,Torino,Verona,Away,5.0,3.0,0.0,A,0.0
04/02/2024,2324,Torino,Salernitana,Home,1.0,0.0,0.0,D,0.0
04/03/07,607,Torino,Fiorentina,Away,3.0,1.0,5.0,H,0.0
04/04/15,1415,Torino,Atalanta,Away,7.0,2.0,1.0,A,1.0
04/04/18,1718,Torino,Crotone,Home,5.0,4.0,1.0,H,0.0
04/05/08,708,Torino,Napoli,Home,4.0,2.0,1.0,H,0.0
04/05/14,1314,Torino,Chievo,Away,3.0,1.0,0.0,A,0.0
04/07/2020,1920,Torino,Juventus,Away,6.0,1.0,4.0,H,0.0
04/10/2025,2526,Torino,Lazio,Away,8.0,3.0,3.0,D,0.0
04/11/12,1213,Torino,Napoli,Away,4.0,1.0,1.0,D,0.0
04/11/2018,1819,Torino,Sampdoria,Away,8.0,4.0,1.0,A,0.0
04/11/2020,2021,Torino,Genoa,Away,1.0,2.0,1.0,A,0.0
04/12/16,1617,Torino,Sampdoria,Away,3.0,0.0,2.0,H,0.0
04/12/2023,2324,Torino,Atalanta,Home,5.0,3.0,0.0,H,0.0
05/01/13,1213,Torino,Catania,Away,2.0,0.0,0.0,D,0.0
05/01/2020,1920,Torino,Roma,Away,6.0,2.0,0.0,A,0.0
05/01/2025,2425,Torino,Parma,Home,4.0,0.0,0.0,D,0.0
05/02/17,1617,Torino,Empoli,Away,4.0,1.0,1.0,D,0.0
05/02/2023,2223,Torino,Udinese,Home,3.0,1.0,0.0,H,0.0
05/03/17,1617,Torino,Palermo,Home,6.0,3.0,1.0,H,0.0
05/04/09,809,Torino,Palermo,Away,2.0,0.0,1.0,H,0.0
05/04/2026,2526,Torino,Pisa,Away,2.0,1.0,0.0,A,0.0
05/05/13,1213,Torino,Milan,Away,3.0,0.0,1.0,H,0.0
05/09/2022,2223,Torino,Lecce,Home,4.0,1.0,0.0,H,0.0
05/10/08,809,Torino,Udinese,Away,3.0,0.0,2.0,H,0.0
05/10/14,1415,Torino,Napoli,Away,2.0,1.0,2.0,H,0.0
05/10/2018,1819,Torino,Frosinone,Home,10.0,3.0,2.0,H,0.0
05/10/2024,2425,Torino,Inter,Away,5.0,2.0,3.0,H,1.0
05/11/06,607,Torino,Messina,Home,6.0,1.0,1.0,D,0.0
05/11/16,1617,Torino,Cagliari,Home,9.0,5.0,1.0,H,0.0
05/11/17,1718,Torino,Inter,Away,3.0,1.0,1.0,D,0.0
05/12/15,1516,Torino,Roma,Home,5.0,1.0,1.0,D,0.0
05/12/2020,2021,Torino,Juventus,Away,2.0,1.0,2.0,H,0.0
06/01/14,1314,Torino,Parma,Away,4.0,1.0,3.0,H,0.0
06/01/15,1415,Torino,Chievo,Away,3.0,0.0,0.0,D,0.0
06/01/16,1516,Torino,Napoli,Away,4.0,1.0,2.0,H,0.0
06/01/18,1718,Torino,Bologna,Home,6.0,3.0,0.0,H,0.0
06/01/2021,2021,Torino,Verona,Home,5.0,1.0,1.0,D,0.0
06/02/2021,2021,Torino,Atalanta,Away,11.0,3.0,3.0,D,0.0
06/02/2022,2122,Torino,Udinese,Away,1.0,0.0,2.0,H,1.0
06/03/16,1516,Torino,Lazio,Home,4.0,1.0,1.0,D,0.0
06/03/2022,2122,Torino,Bologna,Away,2.0,0.0,0.0,D,0.0
06/03/2023,2223,Torino,Bologna,Home,5.0,1.0,0.0,H,0.0
06/03/2026,2526,Torino,Napoli,Away,4.0,1.0,2.0,H,0.0
06/04/08,708,Torino,Empoli,Home,5.0,0.0,1.0,A,0.0
06/04/13,1213,Torino,Bologna,Away,7.0,2.0,2.0,D,0.0
06/04/14,1314,Torino,Catania,Away,6.0,2.0,1.0,A,0.0
06/04/2019,1819,Torino,Parma,Away,4.0,0.0,0.0,D,0.0
06/04/2024,2324,Torino,Empoli,Away,5.0,2.0,3.0,H,0.0
06/04/2025,2425,Torino,Verona,Home,3.0,1.0,1.0,D,1.0
06/05/07,607,Torino,Ascoli,Home,4.0,1.0,0.0,H,0.0
06/05/15,1415,Torino,Empoli,Home,5.0,0.0,1.0,A,0.0
06/05/17,1617,Torino,Juventus,Away,2.0,1.0,1.0,D,1.0
06/05/18,1718,Torino,Napoli,Away,2.0,2.0,2.0,D,0.0
06/10/13,1314,Torino,Sampdoria,Away,3.0,2.0,2.0,D,0.0
06/10/2019,1920,Torino,Napoli,Home,6.0,0.0,0.0,D,0.0
06/11/2021,2122,Torino,Spezia,Away,1.0,0.0,1.0,H,0.0
06/11/2022,2223,Torino,Bologna,Away,2.0,1.0,2.0,H,0.0
06/11/2023,2324,Torino,Sassuolo,Home,9.0,2.0,1.0,H,0.0
06/12/14,1415,Torino,Palermo,Home,6.0,2.0,2.0,D,0.0
06/12/2021,2122,Torino,Cagliari,Away,3.0,1.0,1.0,D,0.0
07/01/2024,2324,Torino,Napoli,Home,6.0,3.0,0.0,H,0.0
07/01/2026,2526,Torino,Udinese,Home,4.0,1.0,2.0,A,0.0
07/02/15,1415,Torino,Verona,Away,5.0,3.0,1.0,A,0.0
07/02/16,1516,Torino,Chievo,Home,4.0,1.0,2.0,A,0.0
07/02/2026,2526,Torino,Fiorentina,Away,4.0,2.0,2.0,D,0.0
07/03/09,809,Torino,Juventus,Home,2.0,0.0,1.0,A,0.0
07/03/2021,2021,Torino,Crotone,Away,6.0,2.0,4.0,H,1.0
07/04/07,607,Torino,Sampdoria,Away,0.0,0.0,1.0,H,1.0
07/05/2022,2122,Torino,Napoli,Home,3.0,0.0,1.0,A,0.0
07/05/2023,2223,Torino,Monza,Home,5.0,1.0,1.0,D,0.0
07/10/07,708,Torino,Sampdoria,Home,5.0,1.0,0.0,H,0.0
07/10/12,1213,Torino,Cagliari,Home,2.0,0.0,1.0,A,0.0
07/10/2023,2324,Torino,Juventus,Away,1.0,0.0,2.0,H,0.0
07/12/08,809,Torino,Fiorentina,Home,5.0,1.0,4.0,A,0.0
07/12/2024,2425,Torino,Genoa,Away,3.0,0.0,0.0,D,0.0
08/01/17,1617,Torino,Sassuolo,Away,1.0,0.0,0.0,D,0.0
08/01/2023,2223,Torino,Salernitana,Away,8.0,1.0,1.0,D,0.0
08/02/09,809,Torino,Chievo,Home,5.0,1.0,1.0,D,0.0
08/02/2020,1920,Torino,Sampdoria,Home,2.0,1.0,3.0,A,1.0
08/02/2025,2425,Torino,Genoa,Home,3.0,1.0,1.0,D,0.0
08/03/15,1415,Torino,Udinese,Away,7.0,2.0,3.0,H,0.0
08/03/2024,2324,Torino,Napoli,Away,2.0,1.0,1.0,D,0.0
08/03/2025,2425,Torino,Parma,Away,2.0,2.0,2.0,D,0.0
08/04/18,1718,Torino,Inter,Home,3.0,1.0,0.0,H,0.0
08/04/2023,2223,Torino,Roma,Home,1.0,0.0,1.0,A,0.0
08/05/13,1213,Torino,Genoa,Home,2.0,0.0,0.0,D,0.0
08/05/16,1516,Torino,Napoli,Home,2.0,1.0,2.0,A,1.0
08/05/2026,2526,Torino,Sassuolo,Home,4.0,2.0,1.0,H,0.0
08/07/2020,1920,Torino,Brescia,Home,10.0,3.0,1.0,H,0.0
08/11/08,809,Torino,Palermo,Home,5.0,1.0,0.0,H,0.0
08/11/15,1516,Torino,Inter,Home,8.0,0.0,1.0,A,0.0
08/11/2020,2021,Torino,Crotone,Home,1.0,0.0,0.0,D,0.0
08/11/2025,2526,Torino,Juventus,Away,3.0,0.0,0.0,D,0.0
08/12/13,1314,Torino,Lazio,Home,3.0,1.0,0.0,H,0.0
08/12/2019,1920,Torino,Fiorentina,Home,5.0,2.0,1.0,H,0.0
08/12/2025,2526,Torino,Milan,Home,4.0,2.0,3.0,A,0.0
09/01/2021,2021,Torino,Milan,Away,4.0,0.0,2.0,H,0.0
09/02/14,1314,Torino,Bologna,Home,5.0,1.0,2.0,A,0.0
09/03/08,708,Torino,Atalanta,Home,2.0,1.0,0.0,H,0.0
09/03/14,1314,Torino,Inter,Away,2.0,0.0,1.0,H,0.0
09/03/18,1718,Torino,Roma,Away,3.0,0.0,3.0,H,0.0
09/04/17,1617,Torino,Cagliari,Away,5.0,3.0,2.0,A,1.0
09/05/2021,2021,Torino,Verona,Away,4.0,1.0,1.0,D,0.0
09/10/2022,2223,Torino,Empoli,Home,7.0,1.0,1.0,D,0.0
09/11/14,1415,Torino,Roma,Away,4.0,0.0,3.0,H,0.0
09/11/2019,1920,Torino,Brescia,Away,7.0,4.0,0.0,A,0.0
09/11/2022,2223,Torino,Sampdoria,Home,5.0,2.0,0.0,H,0.0
09/11/2024,2425,Torino,Juventus,Away,1.0,0.0,2.0,H,0.0
09/12/07,708,Torino,Inter,Away,3.0,0.0,4.0,H,0.0
09/12/12,1213,Torino,Milan,Home,3.0,2.0,4.0,A,0.0
09/12/2018,1819,Torino,Milan,Away,4.0,0.0,0.0,D,0.0
10/01/09,809,Torino,Genoa,Away,4.0,0.0,3.0,H,0.0
10/01/15,1415,Torino,Milan,Home,5.0,1.0,1.0,D,0.0
10/01/16,1516,Torino,Empoli,Home,6.0,0.0,1.0,A,0.0
10/01/2022,2122,Torino,Fiorentina,Home,6.0,4.0,0.0,H,0.0
10/01/2026,2526,Torino,Atalanta,Away,3.0,0.0,2.0,H,0.0
10/02/08,708,Torino,Palermo,Home,7.0,3.0,1.0,H,0.0
10/02/13,1213,Torino,Udinese,Away,1.0,0.0,1.0,H,0.0
10/02/2019,1819,Torino,Udinese,Home,7.0,1.0,0.0,H,0.0
10/02/2023,2223,Torino,Milan,Away,2.0,0.0,1.0,H,0.0
10/02/2024,2324,Torino,Sassuolo,Away,2.0,1.0,1.0,D,0.0
10/03/13,1213,Torino,Parma,Away,3.0,1.0,4.0,H,0.0
10/03/2019,1819,Torino,Frosinone,Away,7.0,2.0,1.0,A,0.0
10/04/16,1516,Torino,Atalanta,Home,3.0,2.0,1.0,H,0.0
10/04/2021,2021,Torino,Udinese,Away,2.0,1.0,0.0,A,0.0
10/04/2022,2122,Torino,Milan,Home,3.0,0.0,0.0,D,0.0
10/05/09,809,Torino,Bologna,Home,7.0,1.0,1.0,D,0.0
10/09/06,607,Torino,Parma,Home,9.0,1.0,1.0,D,0.0
10/09/17,1718,Torino,Benevento,Away,6.0,1.0,0.0,A,0.0
10/09/2022,2223,Torino,Inter,Away,7.0,0.0,1.0,H,0.0
10/11/13,1314,Torino,Cagliari,Away,4.0,1.0,2.0,H,0.0
10/11/2018,1819,Torino,Parma,Home,4.0,1.0,2.0,A,0.0
10/12/06,607,Torino,Milan,Away,3.0,0.0,0.0,D,0.0
10/12/2023,2324,Torino,Frosinone,Away,3.0,0.0,0.0,D,0.0
11/01/2025,2425,Torino,Juventus,Home,2.0,1.0,1.0,D,0.0
11/02/07,607,Torino,Reggina,Home,9.0,1.0,2.0,A,0.0
11/02/18,1718,Torino,Udinese,Home,7.0,2.0,0.0,H,0.0
11/03/07,607,Torino,Catania,Home,4.0,1.0,0.0,H,0.0
11/04/09,809,Torino,Catania,Home,4.0,2.0,1.0,H,0.0
11/04/2026,2526,Torino,Verona,Home,2.0,2.0,1.0,H,0.0
11/05/08,708,Torino,Livorno,Away,4.0,1.0,0.0,A,0.0
11/05/14,1314,Torino,Parma,Home,1.0,1.0,1.0,D,1.0
11/05/15,1415,Torino,Genoa,Away,4.0,1.0,5.0,H,0.0
11/05/2025,2425,Torino,Inter,Home,3.0,0.0,2.0,A,0.0
11/09/16,1617,Torino,Atalanta,Away,7.0,1.0,2.0,H,0.0
11/11/07,708,Torino,Catania,Home,2.0,1.0,1.0,D,0.0
11/11/12,1213,Torino,Bologna,Home,3.0,1.0,0.0,H,0.0
11/11/2023,2324,Torino,Monza,Away,5.0,1.0,1.0,D,0.0
11/12/16,1617,Torino,Juventus,Home,2.0,1.0,3.0,A,0.0
11/12/17,1718,Torino,Lazio,Away,6.0,3.0,1.0,A,0.0
12/01/14,1314,Torino,Fiorentina,Home,5.0,0.0,0.0,D,0.0
12/01/2020,1920,Torino,Bologna,Home,3.0,1.0,0.0,H,0.0
12/02/17,1617,Torino,Pescara,Home,9.0,5.0,3.0,H,0.0
12/02/2022,2122,Torino,Venezia,Home,2.0,1.0,2.0,A,0.0
12/03/2023,2223,Torino,Lecce,Away,2.0,2.0,0.0,A,0.0
12/04/15,1415,Torino,Roma,Home,2.0,1.0,1.0,D,0.0
12/05/13,1213,Torino,Chievo,Away,6.0,1.0,1.0,D,0.0
12/05/2019,1819,Torino,Sassuolo,Home,11.0,3.0,2.0,H,0.0
12/05/2021,2021,Torino,Milan,Home,1.0,0.0,7.0,A,0.0
12/05/2024,2324,Torino,Verona,Away,2.0,2.0,1.0,A,0.0
12/09/2021,2122,Torino,Salernitana,Home,7.0,4.0,0.0,H,0.0
12/11/06,607,Torino,Palermo,Away,4.0,0.0,3.0,H,0.0
12/12/2020,2021,Torino,Udinese,Home,5.0,2.0,3.0,A,0.0
12/12/2021,2122,Torino,Bologna,Home,7.0,2.0,1.0,H,0.0
13/01/07,607,Torino,Inter,Home,4.0,1.0,3.0,A,1.0
13/01/08,708,Torino,Livorno,Home,7.0,1.0,2.0,A,0.0
13/01/13,1213,Torino,Siena,Home,3.0,3.0,2.0,H,0.0
13/01/2024,2324,Torino,Genoa,Away,0.0,0.0,0.0,D,0.0
13/02/2021,2021,Torino,Genoa,Home,2.0,0.0,0.0,D,0.0
13/03/16,1516,Torino,Genoa,Away,5.0,2.0,3.0,H,0.0
13/03/17,1617,Torino,Lazio,Away,2.0,1.0,3.0,H,0.0
13/03/2022,2122,Torino,Inter,Home,4.0,1.0,1.0,D,0.0
13/03/2026,2526,Torino,Parma,Home,6.0,4.0,1.0,H,0.0
13/04/08,708,Torino,Genoa,Away,1.0,0.0,3.0,H,0.0
13/04/14,1314,Torino,Genoa,Home,5.0,2.0,1.0,H,0.0
13/04/2024,2324,Torino,Juventus,Home,2.0,0.0,0.0,D,1.0
13/04/2025,2425,Torino,Como,Away,4.0,0.0,1.0,H,0.0
13/05/07,607,Torino,Roma,Away,2.0,1.0,0.0,A,0.0
13/05/18,1718,Torino,Spal,Home,10.0,2.0,1.0,H,0.0
13/07/2020,1920,Torino,Inter,Away,4.0,1.0,3.0,H,0.0
13/08/2022,2223,Torino,Monza,Away,6.0,2.0,1.0,A,0.0
13/09/15,1516,Torino,Verona,Away,5.0,2.0,2.0,D,0.0
13/11/2022,2223,Torino,Roma,Away,2.0,1.0,1.0,D,0.0
13/12/08,809,Torino,Bologna,Away,5.0,2.0,5.0,H,1.0
13/12/2024,2425,Torino,Empoli,Away,4.0,1.0,0.0,A,0.0
13/12/2025,2526,Torino,Cremonese,Home,6.0,1.0,0.0,H,0.0
14/02/09,809,Torino,Lazio,Away,2.0,1.0,1.0,D,1.0
14/02/16,1516,Torino,Palermo,Away,8.0,3.0,1.0,A,0.0
14/02/2025,2425,Torino,Bologna,Away,5.0,2.0,3.0,H,0.0
14/03/2021,2021,Torino,Inter,Home,4.0,1.0,2.0,A,0.0
14/04/13,1213,Torino,Roma,Home,4.0,1.0,2.0,A,0.0
14/04/18,1718,Torino,Chievo,Away,3.0,0.0,0.0,D,0.0
14/04/2019,1819,Torino,Cagliari,Home,8.0,1.0,1.0,D,1.0
14/05/17,1617,Torino,Napoli,Home,1.0,0.0,5.0,A,0.0
14/05/2022,2122,Torino,Verona,Away,5.0,1.0,0.0,A,0.0
14/05/2023,2223,Torino,Verona,Away,8.0,1.0,0.0,A,0.0
14/09/08,809,Torino,Reggina,Away,5.0,1.0,1.0,D,0.0
14/09/13,1314,Torino,Milan,Home,3.0,2.0,2.0,D,0.0
14/09/14,1415,Torino,Sampdoria,Away,0.0,0.0,2.0,H,0.0
14/09/2025,2526,Torino,Roma,Away,4.0,1.0,0.0,A,0.0
15/01/2022,2122,Torino,Sampdoria,Away,12.0,2.0,1.0,A,0.0
15/01/2023,2223,Torino,Spezia,Home,4.0,0.0,1.0,A,0.0
15/02/15,1415,Torino,Cagliari,Home,7.0,1.0,1.0,D,0.0
15/02/2026,2526,Torino,Bologna,Home,2.0,1.0,2.0,A,0.0
15/03/09,809,Torino,Atalanta,Away,2.0,0.0,2.0,H,0.0
15/03/2025,2425,Torino,Empoli,Home,3.0,1.0,0.0,H,0.0
15/04/07,607,Torino,Atalanta,Home,6.0,1.0,2.0,A,0.0
15/04/17,1617,Torino,Crotone,Home,8.0,1.0,1.0,D,0.0
15/05/16,1516,Torino,Empoli,Away,5.0,1.0,2.0,H,0.0
15/05/2021,2021,Torino,Spezia,Away,3.0,1.0,4.0,H,0.0
15/09/2024,2425,Torino,Lecce,Home,0.0,0.0,0.0,D,0.0
15/10/06,607,Torino,Chievo,Home,3.0,1.0,0.0,H,0.0
15/10/17,1718,Torino,Crotone,Away,9.0,2.0,2.0,D,0.0
15/10/2022,2223,Torino,Juventus,Home,2.0,0.0,1.0,A,0.0
15/12/13,1314,Torino,Udinese,Away,3.0,2.0,0.0,A,0.0
15/12/14,1415,Torino,Empoli,Away,3.0,0.0,0.0,D,1.0
15/12/2018,1819,Torino,Juventus,Home,3.0,0.0,1.0,A,0.0
15/12/2019,1920,Torino,Verona,Away,8.0,3.0,3.0,D,0.0
16/01/16,1516,Torino,Frosinone,Home,9.0,4.0,2.0,H,0.0
16/01/17,1617,Torino,Milan,Home,7.0,2.0,2.0,D,0.0
16/01/2021,2021,Torino,Spezia,Home,2.0,0.0,0.0,D,0.0
16/02/2024,2324,Torino,Lecce,Home,4.0,2.0,0.0,H,0.0
16/03/08,708,Torino,Cagliari,Away,1.0,0.0,3.0,H,0.0
16/03/15,1415,Torino,Lazio,Home,2.0,0.0,2.0,A,0.0
16/03/2019,1819,Torino,Bologna,Home,7.0,2.0,3.0,A,1.0
16/03/2024,2324,Torino,Udinese,Away,5.0,2.0,0.0,A,0.0
16/04/16,1516,Torino,Bologna,Away,3.0,1.0,0.0,A,0.0
16/04/2022,2122,Torino,Lazio,Away,4.0,1.0,1.0,D,0.0
16/04/2023,2223,Torino,Salernitana,Home,5.0,1.0,1.0,D,0.0
16/07/2020,1920,Torino,Genoa,Home,4.0,3.0,0.0,H,0.0
16/09/07,708,Torino,Palermo,Away,4.0,1.0,1.0,D,0.0
16/09/12,1213,Torino,Inter,Home,3.0,0.0,2.0,A,0.0
16/09/2018,1819,Torino,Udinese,Away,4.0,1.0,1.0,D,0.0
16/09/2019,1920,Torino,Lecce,Home,3.0,1.0,2.0,A,0.0
16/11/08,809,Torino,Catania,Away,3.0,2.0,3.0,H,0.0
16/12/07,708,Torino,Roma,Home,4.0,0.0,0.0,D,1.0
16/12/12,1213,Torino,Genoa,Away,3.0,1.0,1.0,D,0.0
16/12/17,1718,Torino,Napoli,Home,2.0,1.0,3.0,A,0.0
16/12/2023,2324,Torino,Empoli,Home,3.0,1.0,0.0,H,0.0
17/02/08,708,Torino,Siena,Away,3.0,0.0,0.0,D,0.0
17/02/13,1213,Torino,Atalanta,Home,9.0,2.0,1.0,H,0.0
17/02/14,1314,Torino,Verona,Away,5.0,3.0,1.0,A,0.0
17/02/2019,1819,Torino,Napoli,Away,1.0,0.0,0.0,D,0.0
17/02/2020,1920,Torino,Milan,Away,1.0,0.0,1.0,H,0.0
17/03/13,1213,Torino,Lazio,Home,4.0,1.0,0.0,H,0.0
17/03/14,1314,Torino,Napoli,Home,4.0,0.0,1.0,A,0.0
17/03/2021,2021,Torino,Sassuolo,Home,15.0,3.0,2.0,H,0.0
17/05/09,809,Torino,Napoli,Away,5.0,2.0,1.0,A,0.0
17/05/15,1415,Torino,Chievo,Home,9.0,2.0,0.0,H,0.0
17/05/2026,2526,Torino,Cagliari,Away,3.0,1.0,2.0,H,0.0
17/08/2024,2425,Torino,Milan,Away,3.0,2.0,2.0,D,0.0
17/09/06,607,Torino,Udinese,Away,4.0,0.0,2.0,H,0.0
17/09/17,1718,Torino,Sampdoria,Home,3.0,2.0,2.0,D,0.0
17/09/2021,2122,Torino,Sassuolo,Away,6.0,1.0,0.0,A,0.0
17/09/2022,2223,Torino,Sassuolo,Home,3.0,0.0,1.0,A,0.0
17/10/15,1516,Torino,Milan,Home,2.0,1.0,1.0,D,0.0
17/10/16,1617,Torino,Palermo,Away,7.0,4.0,1.0,A,0.0
17/10/2021,2122,Torino,Napoli,Away,3.0,0.0,1.0,H,0.0
17/12/06,607,Torino,Ascoli,Away,5.0,2.0,0.0,A,1.0
17/12/2020,2021,Torino,Roma,Away,8.0,1.0,3.0,H,1.0
18/01/09,809,Torino,Roma,Home,2.0,0.0,1.0,A,1.0
18/01/15,1415,Torino,Cesena,Away,4.0,3.0,2.0,A,0.0
18/01/2020,1920,Torino,Sassuolo,Away,3.0,1.0,2.0,H,0.0
18/01/2026,2526,Torino,Roma,Home,4.0,0.0,2.0,A,0.0
18/02/07,607,Torino,Lazio,Away,5.0,0.0,2.0,H,0.0
18/02/18,1718,Torino,Juventus,Home,3.0,0.0,1.0,A,0.0
18/02/2022,2122,Torino,Juventus,Away,3.0,1.0,1.0,D,0.0
18/03/07,607,Torino,Messina,Away,7.0,3.0,0.0,A,0.0
18/03/17,1617,Torino,Inter,Home,5.0,2.0,2.0,D,0.0
18/03/18,1718,Torino,Fiorentina,Home,3.0,1.0,2.0,A,0.0
18/03/2022,2122,Torino,Genoa,Away,3.0,0.0,1.0,H,0.0
18/04/07,607,Torino,Siena,Away,3.0,0.0,1.0,H,0.0
18/04/18,1718,Torino,Milan,Home,5.0,1.0,1.0,D,1.0
18/04/2021,2021,Torino,Roma,Home,11.0,3.0,1.0,H,0.0
18/05/08,708,Torino,Fiorentina,Home,3.0,0.0,1.0,A,0.0
18/05/14,1314,Torino,Fiorentina,Away,5.0,2.0,2.0,D,0.0
18/05/2021,2021,Torino,Lazio,Away,4.0,0.0,0.0,D,0.0
18/05/2024,2324,Torino,Milan,Home,5.0,3.0,1.0,H,0.0
18/05/2025,2425,Torino,Lecce,Away,4.0,0.0,1.0,H,0.0
18/09/16,1617,Torino,Empoli,Home,5.0,0.0,0.0,D,0.0
18/09/2023,2324,Torino,Salernitana,Away,3.0,3.0,0.0,A,0.0
18/10/2020,2021,Torino,Cagliari,Home,6.0,2.0,3.0,A,1.0
18/10/2025,2526,Torino,Napoli,Home,2.0,1.0,0.0,H,0.0
18/12/16,1617,Torino,Napoli,Away,5.0,3.0,5.0,H,0.0
19/01/08,708,Torino,Fiorentina,Away,2.0,1.0,2.0,H,0.0
19/01/14,1314,Torino,Sassuolo,Away,5.0,2.0,0.0,A,0.0
19/01/2019,1819,Torino,Roma,Away,3.0,2.0,3.0,H,0.0
19/01/2025,2425,Torino,Fiorentina,Away,3.0,1.0,1.0,D,1.0
19/02/17,1617,Torino,Roma,Away,4.0,1.0,4.0,H,0.0
19/02/2021,2021,Torino,Cagliari,Away,6.0,1.0,0.0,A,0.0
19/03/08,708,Torino,Udinese,Home,6.0,0.0,1.0,A,0.0
19/03/2023,2223,Torino,Napoli,Home,2.0,0.0,4.0,A,0.0
19/04/09,809,Torino,Milan,Away,4.0,1.0,5.0,H,0.0
19/04/14,1314,Torino,Lazio,Away,8.0,3.0,3.0,D,0.0
19/04/15,1415,Torino,Sassuolo,Away,8.0,1.0,1.0,D,0.0
19/04/2026,2526,Torino,Cremonese,Away,1.0,0.0,0.0,D,0.0
19/05/13,1213,Torino,Catania,Home,5.0,2.0,2.0,D,0.0
19/05/2019,1819,Torino,Empoli,Away,6.0,1.0,4.0,H,0.0
19/07/2020,1920,Torino,Fiorentina,Away,1.0,0.0,2.0,H,0.0
19/08/2018,1819,Torino,Roma,Home,5.0,0.0,1.0,A,0.0
19/09/2020,2021,Torino,Fiorentina,Away,3.0,0.0,1.0,H,0.0
19/10/08,809,Torino,Cagliari,Home,5.0,0.0,1.0,A,0.0
19/10/14,1415,Torino,Udinese,Home,5.0,1.0,0.0,H,0.0
19/11/06,607,Torino,Sampdoria,Home,3.0,1.0,0.0,H,0.0
19/11/12,1213,Torino,Roma,Away,4.0,0.0,2.0,H,0.0
19/11/17,1718,Torino,Chievo,Home,5.0,1.0,1.0,D,0.0
19/12/2021,2122,Torino,Verona,Home,1.0,1.0,0.0,H,0.0
20/01/13,1213,Torino,Pescara,Away,5.0,2.0,0.0,A,0.0
20/01/16,1516,Torino,Sassuolo,Away,5.0,1.0,1.0,D,0.0
20/02/2023,2223,Torino,Cremonese,Home,6.0,2.0,2.0,D,0.0
20/03/16,1516,Torino,Juventus,Home,6.0,1.0,4.0,A,0.0
20/04/08,708,Torino,Inter,Home,3.0,0.0,1.0,A,0.0
20/04/16,1516,Torino,Roma,Away,5.0,2.0,3.0,H,0.0
20/04/2019,1819,Torino,Genoa,Away,4.0,1.0,0.0,A,0.0
20/05/07,607,Torino,Livorno,Home,4.0,0.0,0.0,D,0.0
20/05/18,1718,Torino,Genoa,Away,2.0,2.0,1.0,A,0.0
20/05/2022,2122,Torino,Roma,Home,2.0,0.0,3.0,A,0.0
20/06/2020,1920,Torino,Parma,Home,9.0,1.0,1.0,D,0.0
20/08/17,1718,Torino,Bologna,Away,3.0,1.0,1.0,D,0.0
20/08/2022,2223,Torino,Lazio,Home,1.0,0.0,0.0,D,0.0
20/09/06,607,Torino,Siena,Home,4.0,1.0,2.0,A,0.0
20/09/15,1516,Torino,Sampdoria,Home,8.0,2.0,0.0,H,0.0
20/09/17,1718,Torino,Udinese,Away,8.0,3.0,2.0,A,0.0
20/09/2024,2425,Torino,Verona,Away,3.0,3.0,2.0,A,0.0
20/10/13,1314,Torino,Inter,Home,5.0,3.0,3.0,D,0.0
20/10/2019,1920,Torino,Udinese,Away,5.0,0.0,1.0,H,0.0
20/10/2024,2425,Torino,Cagliari,Away,5.0,2.0,3.0,H,0.0
20/11/16,1617,Torino,Crotone,Away,4.0,2.0,0.0,A,0.0
20/12/06,607,Torino,Roma,Home,6.0,1.0,2.0,A,1.0
20/12/15,1516,Torino,Udinese,Home,1.0,0.0,1.0,A,0.0
20/12/2020,2021,Torino,Bologna,Home,5.0,1.0,1.0,D,0.0
21/01/07,607,Torino,Parma,Away,3.0,0.0,1.0,H,0.0
21/01/18,1718,Torino,Sassuolo,Away,4.0,1.0,1.0,D,0.0
21/01/2023,2223,Torino,Fiorentina,Away,3.0,1.0,0.0,A,0.0
21/02/16,1516,Torino,Carpi,Home,4.0,0.0,0.0,D,0.0
21/03/2021,2021,Torino,Sampdoria,Away,1.0,0.0,1.0,H,0.0
21/03/2026,2526,Torino,Milan,Away,7.0,2.0,3.0,H,0.0
21/04/13,1213,Torino,Fiorentina,Away,4.0,3.0,4.0,H,1.0
21/04/2021,2021,Torino,Bologna,Away,5.0,1.0,1.0,D,0.0
21/04/2024,2324,Torino,Frosinone,Home,2.0,0.0,0.0,D,0.0
21/05/17,1617,Torino,Genoa,Away,1.0,1.0,2.0,H,0.0
21/05/2023,2223,Torino,Fiorentina,Home,4.0,1.0,1.0,D,0.0
21/08/16,1617,Torino,Milan,Away,4.0,2.0,3.0,H,0.0
21/08/2021,2122,Torino,Atalanta,Home,8.0,1.0,2.0,A,0.0
21/08/2023,2324,Torino,Cagliari,Home,2.0,0.0,0.0,D,0.0
21/09/08,809,Torino,Inter,Home,5.0,1.0,3.0,A,0.0
21/09/14,1415,Torino,Verona,Home,4.0,0.0,1.0,A,0.0
21/09/16,1617,Torino,Pescara,Away,3.0,0.0,0.0,D,2.0
21/09/2025,2526,Torino,Atalanta,Home,5.0,0.0,3.0,A,0.0
21/10/06,607,Torino,Cagliari,Away,0.0,0.0,0.0,D,0.0
21/10/07,708,Torino,Atalanta,Away,4.0,2.0,2.0,D,1.0
21/10/12,1213,Torino,Palermo,Away,6.0,0.0,0.0,D,0.0
21/10/2018,1819,Torino,Bologna,Away,8.0,2.0,2.0,D,0.0
21/10/2023,2324,Torino,Inter,Home,3.0,0.0,3.0,A,0.0
21/12/08,809,Torino,Napoli,Home,6.0,1.0,0.0,H,0.0
21/12/14,1415,Torino,Genoa,Home,4.0,2.0,1.0,H,0.0
21/12/2019,1920,Torino,Spal,Home,6.0,1.0,2.0,A,1.0
21/12/2024,2425,Torino,Bologna,Home,0.0,0.0,2.0,A,0.0
21/12/2025,2526,Torino,Sassuolo,Away,5.0,1.0,0.0,A,0.0
22/01/17,1617,Torino,Bologna,Away,2.0,0.0,2.0,H,0.0
22/01/2021,2021,Torino,Benevento,Away,6.0,2.0,2.0,D,0.0
22/02/09,809,Torino,Udinese,Home,8.0,1.0,0.0,H,0.0
22/02/15,1415,Torino,Fiorentina,Away,5.0,1.0,1.0,D,0.0
22/02/2024,2324,Torino,Lazio,Home,4.0,0.0,2.0,A,0.0
22/02/2025,2425,Torino,Milan,Home,3.0,2.0,1.0,H,0.0
22/02/2026,2526,Torino,Genoa,Away,3.0,0.0,3.0,H,1.0
22/03/08,708,Torino,Milan,Home,1.0,0.0,1.0,A,0.0
22/03/09,809,Torino,Sampdoria,Home,5.0,1.0,3.0,A,0.0
22/03/14,1314,Torino,Livorno,Home,11.0,3.0,1.0,H,0.0
22/03/15,1415,Torino,Parma,Away,5.0,2.0,0.0,A,0.0
22/04/07,607,Torino,Empoli,Away,6.0,0.0,0.0,D,0.0
22/04/18,1718,Torino,Atalanta,Away,1.0,1.0,2.0,H,0.0
22/04/2023,2223,Torino,Lazio,Away,3.0,1.0,0.0,A,0.0
22/07/2020,1920,Torino,Verona,Home,4.0,1.0,1.0,D,0.0
22/09/13,1314,Torino,Bologna,Away,6.0,2.0,1.0,A,0.0
22/09/2019,1920,Torino,Sampdoria,Away,1.0,0.0,1.0,H,0.0
22/10/17,1718,Torino,Roma,Home,0.0,0.0,1.0,A,0.0
22/10/2021,2122,Torino,Genoa,Home,6.0,3.0,2.0,H,0.0
22/11/15,1516,Torino,Atalanta,Away,4.0,1.0,0.0,A,0.0
22/11/2020,2021,Torino,Inter,Away,6.0,2.0,4.0,H,0.0
22/11/2021,2122,Torino,Udinese,Home,4.0,2.0,1.0,H,0.0
22/12/12,1213,Torino,Chievo,Home,2.0,2.0,0.0,H,0.0
22/12/13,1314,Torino,Chievo,Home,6.0,4.0,1.0,H,0.0
22/12/16,1617,Torino,Genoa,Home,5.0,1.0,0.0,H,0.0
22/12/2018,1819,Torino,Sassuolo,Away,3.0,1.0,1.0,D,0.0
22/12/2021,2122,Torino,Inter,Away,3.0,0.0,1.0,H,0.0
23/01/2022,2122,Torino,Sassuolo,Home,6.0,1.0,1.0,D,0.0
23/02/08,708,Torino,Parma,Home,6.0,4.0,4.0,D,0.0
23/02/14,1314,Torino,Juventus,Away,3.0,0.0,1.0,H,0.0
23/02/2019,1819,Torino,Atalanta,Home,7.0,2.0,0.0,H,0.0
23/04/17,1617,Torino,Chievo,Away,5.0,3.0,1.0,A,0.0
23/04/2022,2122,Torino,Spezia,Home,6.0,2.0,1.0,H,0.0
23/04/2025,2425,Torino,Udinese,Home,4.0,2.0,0.0,H,0.0
23/05/2021,2021,Torino,Benevento,Home,7.0,1.0,1.0,D,0.0
23/06/2020,1920,Torino,Udinese,Home,3.0,1.0,0.0,H,0.0
23/08/15,1516,Torino,Frosinone,Away,7.0,2.0,1.0,A,0.0
23/09/07,708,Torino,Siena,Home,3.0,1.0,1.0,D,0.0
23/09/12,1213,Torino,Sampdoria,Away,2.0,1.0,1.0,D,0.0
23/09/15,1516,Torino,Chievo,Away,1.0,0.0,1.0,H,0.0
23/09/17,1718,Torino,Juventus,Away,1.0,0.0,4.0,H,1.0
23/09/2018,1819,Torino,Napoli,Home,3.0,1.0,3.0,A,0.0
23/09/2021,2122,Torino,Lazio,Home,5.0,1.0,1.0,D,0.0
23/10/16,1617,Torino,Lazio,Home,4.0,2.0,2.0,D,0.0
23/10/2020,2021,Torino,Sassuolo,Away,12.0,3.0,3.0,D,0.0
23/10/2022,2223,Torino,Udinese,Away,4.0,2.0,1.0,A,0.0
23/11/08,809,Torino,Milan,Home,5.0,2.0,2.0,D,0.0
23/11/14,1415,Torino,Sassuolo,Home,5.0,0.0,1.0,A,0.0
23/11/2019,1920,Torino,Inter,Home,2.0,0.0,3.0,A,0.0
23/12/06,607,Torino,Livorno,Away,4.0,1.0,1.0,D,1.0
23/12/07,708,Torino,Napoli,Away,1.0,1.0,1.0,D,1.0
23/12/17,1718,Torino,Spal,Away,5.0,2.0,2.0,D,0.0
23/12/2020,2021,Torino,Napoli,Away,3.0,1.0,1.0,D,0.0
23/12/2023,2324,Torino,Udinese,Home,4.0,1.0,1.0,D,0.0
24/01/16,1516,Torino,Fiorentina,Away,2.0,0.0,2.0,H,0.0
24/01/2025,2425,Torino,Cagliari,Home,6.0,2.0,0.0,H,0.0
24/01/2026,2526,Torino,Como,Away,1.0,0.0,6.0,H,0.0
24/02/07,607,Torino,Chievo,Away,4.0,0.0,3.0,H,0.0
24/02/13,1213,Torino,Cagliari,Away,6.0,3.0,4.0,H,2.0
24/04/16,1516,Torino,Sassuolo,Home,3.0,1.0,3.0,A,0.0
24/05/09,809,Torino,Genoa,Home,5.0,2.0,3.0,A,1.0
24/05/15,1415,Torino,Milan,Away,3.0,0.0,3.0,H,1.0
24/05/2026,2526,Torino,Juventus,Home,5.0,2.0,2.0,D,0.0
24/09/06,607,Torino,Reggina,Away,3.0,1.0,1.0,D,0.0
24/09/08,809,Torino,Chievo,Away,2.0,1.0,1.0,D,1.0
24/09/14,1415,Torino,Cagliari,Away,4.0,2.0,1.0,A,0.0
24/09/2023,2324,Torino,Roma,Home,4.0,1.0,1.0,D,0.0
24/11/13,1314,Torino,Catania,Home,7.0,4.0,1.0,H,0.0
24/11/2024,2425,Torino,Monza,Home,5.0,1.0,1.0,D,0.0
24/11/2025,2526,Torino,Como,Home,2.0,1.0,5.0,A,0.0
25/01/09,809,Torino,Lecce,Away,6.0,3.0,3.0,D,0.0
25/01/15,1415,Torino,Inter,Away,2.0,1.0,0.0,A,0.0
25/01/2020,1920,Torino,Atalanta,Home,4.0,0.0,7.0,A,2.0
25/02/18,1718,Torino,Verona,Away,2.0,1.0,2.0,H,0.0
25/03/14,1314,Torino,Roma,Away,2.0,1.0,2.0,H,0.0
25/05/2025,2425,Torino,Roma,Home,4.0,0.0,2.0,A,0.0
25/08/07,708,Torino,Lazio,Away,3.0,2.0,2.0,D,1.0
25/08/13,1314,Torino,Sassuolo,Home,5.0,2.0,0.0,H,0.0
25/08/2019,1920,Torino,Sassuolo,Home,4.0,2.0,1.0,H,0.0
25/08/2024,2425,Torino,Atalanta,Home,6.0,2.0,1.0,H,0.0
25/08/2025,2526,Torino,Inter,Away,4.0,0.0,5.0,H,0.0
25/09/13,1314,Torino,Verona,Home,7.0,2.0,2.0,D,0.0
25/09/16,1617,Torino,Roma,Home,9.0,3.0,1.0,H,0.0
25/10/06,607,Torino,Fiorentina,Home,6.0,0.0,1.0,A,0.0
25/10/08,809,Torino,Juventus,Away,0.0,0.0,1.0,H,0.0
25/10/15,1516,Torino,Lazio,Away,3.0,0.0,3.0,H,0.0
25/10/17,1718,Torino,Fiorentina,Away,0.0,0.0,3.0,H,1.0
25/10/2024,2425,Torino,Como,Home,2.0,1.0,0.0,H,0.0
25/11/07,708,Torino,Empoli,Away,4.0,0.0,0.0,D,0.0
25/11/12,1213,Torino,Fiorentina,Home,4.0,2.0,2.0,D,0.0
26/01/14,1314,Torino,Atalanta,Home,4.0,1.0,0.0,H,0.0
26/01/2024,2324,Torino,Cagliari,Away,6.0,2.0,1.0,A,0.0
26/02/08,708,Torino,Juventus,Away,1.0,0.0,0.0,D,0.0
26/02/2024,2324,Torino,Roma,Away,6.0,2.0,3.0,H,0.0
26/04/09,809,Torino,Siena,Home,6.0,1.0,0.0,H,0.0
26/04/15,1415,Torino,Juventus,Home,3.0,2.0,1.0,H,0.0
26/04/2021,2021,Torino,Napoli,Home,6.0,0.0,2.0,A,1.0
26/04/2026,2526,Torino,Inter,Home,2.0,2.0,2.0,D,0.0
26/05/2019,1819,Torino,Lazio,Home,7.0,3.0,1.0,H,0.0
26/05/2024,2324,Torino,Atalanta,Away,1.0,0.0,3.0,H,0.0
26/07/2020,1920,Torino,Spal,Away,7.0,1.0,1.0,D,0.0
26/08/12,1213,Torino,Siena,Away,1.0,0.0,0.0,D,0.0
26/08/2018,1819,Torino,Inter,Away,7.0,2.0,2.0,D,0.0
26/08/2023,2324,Torino,Milan,Away,1.0,1.0,4.0,H,0.0
26/09/07,708,Torino,Parma,Away,0.0,0.0,2.0,H,0.0
26/09/12,1213,Torino,Udinese,Home,2.0,0.0,0.0,D,0.0
26/09/2018,1819,Torino,Atalanta,Away,0.0,0.0,0.0,D,0.0
26/09/2019,1920,Torino,Milan,Home,5.0,2.0,1.0,H,0.0
26/09/2020,2021,Torino,Atalanta,Home,5.0,2.0,4.0,A,0.0
26/10/14,1415,Torino,Lazio,Away,4.0,1.0,2.0,H,0.0
26/10/16,1617,Torino,Inter,Away,2.0,1.0,2.0,H,0.0
26/10/2021,2122,Torino,Milan,Away,2.0,0.0,1.0,H,0.0
26/10/2025,2526,Torino,Genoa,Home,6.0,2.0,1.0,H,0.0
26/11/06,607,Torino,Atalanta,Away,2.0,2.0,1.0,A,0.0
26/11/16,1617,Torino,Chievo,Home,4.0,2.0,1.0,H,0.0
26/11/17,1718,Torino,Milan,Away,2.0,0.0,0.0,D,0.0
26/11/2018,1819,Torino,Cagliari,Away,5.0,0.0,0.0,D,0.0
26/12/2018,1819,Torino,Empoli,Home,10.0,3.0,0.0,H,0.0
27/01/07,607,Torino,Udinese,Home,5.0,2.0,3.0,A,1.0
27/01/08,708,Torino,Lazio,Home,5.0,0.0,0.0,D,1.0
27/01/13,1213,Torino,Inter,Away,5.0,2.0,2.0,D,0.0
27/01/2019,1819,Torino,Inter,Home,4.0,1.0,0.0,H,0.0
27/02/16,1516,Torino,Milan,Away,4.0,0.0,1.0,H,0.0
27/02/17,1617,Torino,Fiorentina,Away,5.0,2.0,2.0,D,0.0
27/02/2022,2122,Torino,Cagliari,Home,6.0,1.0,2.0,A,0.0
27/04/08,708,Torino,Roma,Away,5.0,1.0,4.0,H,0.0
27/04/14,1314,Torino,Udinese,Home,3.0,2.0,0.0,H,0.0
27/04/2022,2122,Torino,Atalanta,Away,4.0,4.0,4.0,D,0.0
27/04/2025,2425,Torino,Napoli,Away,0.0,0.0,2.0,H,0.0
27/05/07,607,Torino,Inter,Away,3.0,0.0,3.0,H,0.0
27/05/2023,2223,Torino,Spezia,Away,4.0,4.0,0.0,A,0.0
27/06/2020,1920,Torino,Cagliari,Away,6.0,2.0,4.0,H,0.0
27/08/17,1718,Torino,Sassuolo,Home,5.0,3.0,0.0,H,0.0
27/08/2022,2223,Torino,Cremonese,Away,5.0,2.0,1.0,A,0.0
27/09/15,1516,Torino,Palermo,Home,3.0,2.0,1.0,H,2.0
27/09/2021,2122,Torino,Venezia,Away,3.0,1.0,1.0,D,1.0
27/09/2023,2324,Torino,Lazio,Away,2.0,0.0,2.0,H,0.0
27/10/07,708,Torino,Cagliari,Home,4.0,2.0,0.0,H,0.0
27/10/13,1314,Torino,Napoli,Away,3.0,0.0,2.0,H,1.0
27/10/2018,1819,Torino,Fiorentina,Home,4.0,1.0,1.0,D,0.0
27/10/2019,1920,Torino,Cagliari,Home,5.0,1.0,1.0,D,0.0
27/11/2023,2324,Torino,Bologna,Away,3.0,0.0,2.0,H,0.0
27/12/2025,2526,Torino,Cagliari,Home,10.0,1.0,2.0,A,0.0
28/01/09,809,Torino,Reggina,Home,2.0,0.0,0.0,D,0.0
28/01/18,1718,Torino,Benevento,Home,5.0,3.0,0.0,H,0.0
28/01/2023,2223,Torino,Empoli,Away,4.0,2.0,2.0,D,0.0
28/02/07,607,Torino,Cagliari,Home,4.0,1.0,0.0,H,1.0
28/02/2023,2223,Torino,Juventus,Away,3.0,2.0,4.0,H,0.0
28/04/07,607,Torino,Milan,Home,3.0,0.0,1.0,A,1.0
28/04/13,1213,Torino,Juventus,Home,2.0,0.0,2.0,A,1.0
28/04/2019,1819,Torino,Milan,Home,3.0,2.0,0.0,H,0.0
28/04/2024,2324,Torino,Inter,Away,3.0,0.0,2.0,H,1.0
28/05/17,1617,Torino,Sassuolo,Home,9.0,5.0,3.0,H,0.0
28/08/16,1617,Torino,Bologna,Home,11.0,5.0,1.0,H,0.0
28/08/2021,2122,Torino,Fiorentina,Away,1.0,1.0,2.0,H,0.0
28/09/08,809,Torino,Lazio,Home,3.0,1.0,3.0,A,2.0
28/09/14,1415,Torino,Fiorentina,Home,3.0,1.0,1.0,D,0.0
28/10/12,1213,Torino,Parma,Home,4.0,1.0,3.0,A,1.0
28/10/15,1516,Torino,Genoa,Home,6.0,3.0,3.0,D,0.0
28/10/2023,2324,Torino,Lecce,Away,2.0,1.0,0.0,A,0.0
28/11/15,1516,Torino,Bologna,Home,6.0,2.0,0.0,H,0.0
28/11/2021,2122,Torino,Roma,Away,3.0,0.0,1.0,H,0.0
29/01/17,1617,Torino,Atalanta,Home,4.0,1.0,1.0,D,0.0
29/01/2021,2021,Torino,Fiorentina,Home,6.0,1.0,1.0,D,0.0
29/02/2020,1920,Torino,Napoli,Away,3.0,1.0,2.0,H,0.0
29/04/15,1415,Torino,Palermo,Away,4.0,2.0,2.0,D,0.0
29/04/17,1617,Torino,Sampdoria,Home,5.0,1.0,1.0,D,0.0
29/04/18,1718,Torino,Lazio,Home,2.0,0.0,1.0,A,0.0
29/04/2023,2223,Torino,Atalanta,Home,4.0,1.0,2.0,A,0.0
29/07/2020,1920,Torino,Roma,Home,5.0,2.0,3.0,A,0.0
29/09/13,1314,Torino,Juventus,Home,0.0,0.0,1.0,A,0.0
29/09/2024,2425,Torino,Lazio,Home,7.0,2.0,3.0,A,0.0
29/09/2025,2526,Torino,Parma,Away,4.0,1.0,2.0,H,0.0
29/10/06,607,Torino,Catania,Away,4.0,1.0,1.0,D,0.0
29/10/08,809,Torino,Atalanta,Home,5.0,2.0,1.0,H,0.0
29/10/14,1415,Torino,Parma,Home,5.0,1.0,0.0,H,0.0
29/10/17,1718,Torino,Cagliari,Home,6.0,2.0,1.0,H,0.0
29/10/2025,2526,Torino,Bologna,Away,2.0,0.0,0.0,D,0.0
29/12/2018,1819,Torino,Lazio,Away,6.0,1.0,1.0,D,1.0
29/12/2023,2324,Torino,Fiorentina,Away,3.0,0.0,1.0,H,0.0
29/12/2024,2425,Torino,Udinese,Away,6.0,2.0,2.0,D,0.0
30/03/08,708,Torino,Catania,Away,5.0,2.0,1.0,A,0.0
30/03/13,1213,Torino,Napoli,Home,4.0,3.0,5.0,A,0.0
30/03/14,1314,Torino,Cagliari,Home,5.0,2.0,1.0,H,0.0
30/03/2024,2324,Torino,Monza,Home,6.0,1.0,0.0,H,0.0
30/04/16,1516,Torino,Udinese,Away,6.0,5.0,1.0,A,0.0
30/06/2020,1920,Torino,Lazio,Home,1.0,1.0,2.0,A,0.0
30/08/15,1516,Torino,Fiorentina,Home,6.0,3.0,1.0,H,0.0
30/08/2024,2425,Torino,Venezia,Away,6.0,1.0,0.0,A,0.0
30/09/06,607,Torino,Lazio,Home,1.0,0.0,4.0,A,0.0
30/09/07,708,Torino,Juventus,Home,2.0,0.0,1.0,A,0.0
30/09/12,1213,Torino,Atalanta,Away,9.0,5.0,1.0,A,0.0
30/09/2018,1819,Torino,Chievo,Away,5.0,1.0,0.0,A,0.0
30/09/2019,1920,Torino,Parma,Away,5.0,2.0,3.0,H,1.0
30/10/13,1314,Torino,Livorno,Away,7.0,3.0,3.0,D,0.0
30/10/2019,1920,Torino,Lazio,Away,3.0,0.0,4.0,H,1.0
30/10/2021,2122,Torino,Sampdoria,Home,6.0,3.0,0.0,H,0.0
30/10/2022,2223,Torino,Milan,Home,4.0,2.0,1.0,H,0.0
30/11/08,809,Torino,Siena,Away,0.0,0.0,1.0,H,0.0
30/11/13,1314,Torino,Genoa,Away,10.0,1.0,1.0,D,0.0
30/11/14,1415,Torino,Juventus,Away,5.0,1.0,2.0,H,0.0
30/11/2019,1920,Torino,Genoa,Away,3.0,1.0,0.0,A,1.0
30/11/2020,2021,Torino,Sampdoria,Home,8.0,2.0,2.0,D,0.0
30/11/2025,2526,Torino,Lecce,Away,6.0,1.0,2.0,H,0.0
30/12/17,1718,Torino,Genoa,Home,6.0,0.0,0.0,D,0.0
31/01/16,1516,Torino,Verona,Home,6.0,0.0,0.0,D,0.0
31/03/18,1718,Torino,Cagliari,Away,6.0,4.0,0.0,A,0.0
31/03/2019,1819,Torino,Fiorentina,Away,2.0,1.0,1.0,D,0.0
31/03/2025,2425,Torino,Lazio,Away,2.0,1.0,1.0,D,0.0
31/05/09,809,Torino,Roma,Away,8.0,2.0,3.0,H,1.0
31/05/15,1415,Torino,Cesena,Home,9.0,5.0,0.0,H,0.0
31/08/08,809,Torino,Lecce,Home,6.0,3.0,0.0,H,0.0
31/08/14,1415,Torino,Inter,Home,2.0,0.0,0.0,D,0.0
31/08/2025,2526,Torino,Fiorentina,Home,4.0,0.0,0.0,D,0.0
31/10/07,708,Torino,Udinese,Away,4.0,1.0,2.0,H,1.0
31/10/12,1213,Torino,Lazio,Away,4.0,1.0,1.0,D,0.0
31/10/15,1516,Torino,Juventus,Away,5.0,1.0,2.0,H,0.0
31/10/16,1617,Torino,Udinese,Away,3.0,2.0,2.0,D,0.0
31/10/2024,2425,Torino,Roma,Away,2.0,0.0,1.0,H,0.0
01/04/06,506,Treviso,Juventus,Home,1.0,0.0,0.0,D,0.0
01/10/05,506,Treviso,Chievo,Away,3.0,0.0,0.0,D,0.0
04/12/05,506,Treviso,Messina,Home,,0.0,0.0,D,0.0
05/02/06,506,Treviso,Sampdoria,Away,5.0,1.0,1.0,D,0.0
05/03/06,506,Treviso,Reggina,Home,5.0,0.0,1.0,A,0.0
06/11/05,506,Treviso,Cagliari,Away,2.0,0.0,0.0,D,0.0
07/05/06,506,Treviso,Roma,Away,3.0,0.0,1.0,H,0.0
08/01/06,506,Treviso,Roma,Home,3.0,0.0,1.0,A,0.0
08/02/06,506,Treviso,Milan,Away,2.0,0.0,5.0,H,0.0
09/04/06,506,Treviso,Messina,Away,2.0,1.0,3.0,H,0.0
10/12/05,506,Treviso,Fiorentina,Away,,0.0,1.0,H,0.0
11/02/06,506,Treviso,Chievo,Home,9.0,1.0,2.0,A,0.0
11/03/06,506,Treviso,Siena,Away,4.0,0.0,1.0,H,0.0
11/09/05,506,Treviso,Livorno,Home,2.0,0.0,1.0,A,0.0
14/05/06,506,Treviso,Udinese,Home,10.0,2.0,1.0,H,0.0
15/01/06,506,Treviso,Udinese,Away,7.0,2.0,2.0,D,0.0
15/04/06,506,Treviso,Fiorentina,Home,1.0,1.0,3.0,A,0.0
16/10/05,506,Treviso,Parma,Away,4.0,1.0,1.0,D,0.0
17/12/05,506,Treviso,Lecce,Home,,2.0,1.0,H,0.0
18/01/06,506,Treviso,Inter,Home,5.0,0.0,1.0,A,0.0
18/03/06,506,Treviso,Cagliari,Home,3.0,1.0,2.0,A,0.0
18/09/05,506,Treviso,Lazio,Away,1.0,1.0,3.0,H,1.0
19/02/06,506,Treviso,Parma,Home,5.0,0.0,1.0,A,0.0
20/11/05,506,Treviso,Palermo,Home,4.0,2.0,2.0,D,0.0
21/09/05,506,Treviso,Sampdoria,Home,4.0,0.0,2.0,A,0.0
21/12/05,506,Treviso,Ascoli,Away,1.0,0.0,1.0,H,1.0
22/01/06,506,Treviso,Livorno,Away,1.0,1.0,1.0,D,2.0
22/04/06,506,Treviso,Lecce,Away,11.0,1.0,1.0,D,0.0
23/10/05,506,Treviso,Empoli,Home,6.0,1.0,2.0,A,0.0
25/09/05,506,Treviso,Milan,Home,2.0,0.0,2.0,A,0.0
26/02/06,506,Treviso,Empoli,Away,3.0,1.0,1.0,D,1.0
26/03/06,506,Treviso,Palermo,Away,3.0,0.0,1.0,H,0.0
26/10/05,506,Treviso,Reggina,Away,3.0,2.0,1.0,A,0.0
27/11/05,506,Treviso,Juventus,Away,3.0,1.0,3.0,H,0.0
28/08/05,506,Treviso,Inter,Away,3.0,0.0,3.0,H,0.0
29/01/06,506,Treviso,Lazio,Home,7.0,0.0,1.0,A,0.0
30/04/06,506,Treviso,Ascoli,Home,4.0,2.0,2.0,D,0.0
30/10/05,506,Treviso,Siena,Home,3.0,0.0,1.0,A,0.0
01/02/12,1112,Udinese,Lecce,Home,6.0,2.0,1.0,H,0.0
01/02/14,1314,Udinese,Bologna,Away,3.0,2.0,0.0,A,0.0
01/02/15,1415,Udinese,Juventus,Home,2.0,0.0,0.0,D,0.0
01/02/2025,2425,Udinese,Venezia,Home,5.0,3.0,2.0,H,0.0
01/03/09,809,Udinese,Lecce,Home,4.0,2.0,0.0,H,0.0
01/03/15,1415,Udinese,Cesena,Away,3.0,0.0,1.0,H,0.0
01/03/2025,2425,Udinese,Parma,Home,6.0,1.0,0.0,H,0.0
01/04/07,607,Udinese,Lazio,Home,5.0,2.0,4.0,A,1.0
01/04/12,1112,Udinese,Siena,Away,2.0,0.0,1.0,H,0.0
01/04/2024,2324,Udinese,Sassuolo,Away,3.0,1.0,1.0,D,0.0
01/05/11,1011,Udinese,Fiorentina,Away,5.0,2.0,5.0,H,0.0
01/05/2022,2122,Udinese,Inter,Home,3.0,1.0,2.0,A,0.0
01/09/13,1314,Udinese,Parma,Home,6.0,3.0,1.0,H,0.0
01/09/2019,1920,Udinese,Parma,Home,12.0,1.0,3.0,A,0.0
01/09/2024,2425,Udinese,Como,Home,3.0,1.0,0.0,H,0.0
01/10/05,506,Udinese,Lazio,Home,10.0,3.0,0.0,H,0.0
01/10/06,607,Udinese,Ascoli,Home,7.0,0.0,0.0,D,0.0
01/10/16,1617,Udinese,Lazio,Home,3.0,0.0,3.0,A,0.0
01/10/2023,2324,Udinese,Genoa,Home,2.0,2.0,2.0,D,1.0
01/11/09,910,Udinese,Chievo,Away,4.0,1.0,1.0,D,0.0
01/11/15,1516,Udinese,Sassuolo,Home,2.0,0.0,0.0,D,0.0
01/11/2020,2021,Udinese,Milan,Home,3.0,1.0,2.0,A,0.0
01/11/2025,2526,Udinese,Atalanta,Home,5.0,1.0,0.0,H,0.0
01/12/13,1314,Udinese,Juventus,Away,4.0,0.0,1.0,H,0.0
01/12/2019,1920,Udinese,Lazio,Away,0.0,0.0,3.0,H,0.0
01/12/2024,2425,Udinese,Genoa,Home,2.0,0.0,2.0,A,1.0
02/02/08,708,Udinese,Napoli,Away,1.0,1.0,3.0,H,1.0
02/02/11,1011,Udinese,Bologna,Home,4.0,1.0,1.0,D,0.0
02/02/2020,1920,Udinese,Inter,Home,4.0,0.0,2.0,A,0.0
02/02/2026,2526,Udinese,Roma,Home,4.0,1.0,0.0,H,0.0
02/03/08,708,Udinese,Atalanta,Home,4.0,2.0,0.0,H,0.0
02/03/14,1314,Udinese,Cagliari,Away,5.0,0.0,3.0,H,0.0
02/03/2024,2324,Udinese,Salernitana,Home,5.0,1.0,1.0,D,1.0
02/03/2026,2526,Udinese,Fiorentina,Home,7.0,3.0,0.0,H,0.0
02/04/06,506,Udinese,Parma,Home,4.0,2.0,0.0,H,0.0
02/04/17,1617,Udinese,Torino,Away,3.0,2.0,2.0,D,0.0
02/04/2019,1819,Udinese,Milan,Away,3.0,1.0,1.0,D,0.0
02/04/2023,2223,Udinese,Bologna,Away,5.0,0.0,3.0,H,0.0
02/05/10,910,Udinese,Cagliari,Away,4.0,2.0,2.0,D,0.0
02/05/12,1112,Udinese,Cesena,Away,3.0,1.0,0.0,A,0.0
02/05/2021,2021,Udinese,Juventus,Home,2.0,1.0,2.0,A,0.0
02/05/2026,2526,Udinese,Torino,Home,8.0,2.0,0.0,H,0.0
02/07/2020,1920,Udinese,Roma,Away,3.0,2.0,0.0,A,0.0
02/08/2020,1920,Udinese,Sassuolo,Away,3.0,1.0,0.0,A,0.0
02/09/07,708,Udinese,Napoli,Home,4.0,0.0,5.0,A,0.0
02/09/12,1213,Udinese,Juventus,Home,1.0,1.0,4.0,A,1.0
02/09/2018,1819,Udinese,Fiorentina,Away,1.0,0.0,1.0,H,0.0
02/09/2023,2324,Udinese,Frosinone,Home,6.0,0.0,0.0,D,0.0
02/10/10,1011,Udinese,Cesena,Home,6.0,1.0,0.0,H,0.0
02/10/11,1112,Udinese,Bologna,Home,8.0,2.0,0.0,H,0.0
02/11/08,809,Udinese,Genoa,Home,5.0,2.0,2.0,D,0.0
02/11/14,1415,Udinese,Genoa,Home,2.0,2.0,4.0,A,0.0
02/11/2024,2425,Udinese,Juventus,Home,2.0,0.0,2.0,A,0.0
02/12/07,708,Udinese,Roma,Away,4.0,1.0,2.0,H,2.0
02/12/12,1213,Udinese,Cagliari,Home,8.0,4.0,1.0,H,0.0
02/12/2018,1819,Udinese,Sassuolo,Away,1.0,0.0,0.0,D,0.0
02/12/2021,2122,Udinese,Lazio,Away,5.0,4.0,4.0,D,2.0
03/01/2021,2021,Udinese,Juventus,Away,7.0,1.0,4.0,H,0.0
03/01/2026,2526,Udinese,Como,Away,1.0,0.0,1.0,H,0.0
03/02/13,1213,Udinese,Milan,Away,1.0,1.0,2.0,H,0.0
03/02/16,1516,Udinese,Empoli,Away,2.0,1.0,1.0,D,0.0
03/02/2019,1819,Udinese,Fiorentina,Home,2.0,1.0,1.0,D,0.0
03/02/2024,2324,Udinese,Monza,Home,6.0,0.0,0.0,D,0.0
03/03/13,1213,Udinese,Pescara,Away,5.0,1.0,0.0,A,0.0
03/03/2019,1819,Udinese,Bologna,Home,6.0,2.0,1.0,H,0.0
03/03/2021,2021,Udinese,Milan,Away,2.0,1.0,1.0,D,0.0
03/04/10,910,Udinese,Juventus,Home,9.0,3.0,0.0,H,0.0
03/04/11,1011,Udinese,Lecce,Away,4.0,0.0,2.0,H,0.0
03/04/16,1516,Udinese,Napoli,Home,6.0,3.0,1.0,H,0.0
03/04/18,1718,Udinese,Fiorentina,Home,4.0,0.0,2.0,A,0.0
03/04/2021,2021,Udinese,Atalanta,Away,4.0,2.0,3.0,H,0.0
03/04/2022,2122,Udinese,Cagliari,Home,11.0,5.0,1.0,H,0.0
03/05/09,809,Udinese,Atalanta,Home,4.0,3.0,0.0,H,0.0
03/05/15,1415,Udinese,Verona,Away,5.0,1.0,0.0,A,0.0
03/05/2025,2425,Udinese,Cagliari,Away,3.0,2.0,1.0,A,0.0
03/10/09,910,Udinese,Inter,Away,4.0,1.0,2.0,H,0.0
03/10/2020,2021,Udinese,Roma,Home,5.0,0.0,1.0,A,0.0
03/10/2021,2122,Udinese,Sampdoria,Away,7.0,3.0,3.0,D,0.0
03/10/2022,2223,Udinese,Verona,Away,8.0,2.0,1.0,A,0.0
03/11/13,1314,Udinese,Inter,Home,3.0,0.0,3.0,A,0.0
03/11/2019,1920,Udinese,Genoa,Away,5.0,3.0,1.0,A,0.0
03/12/06,607,Udinese,Reggina,Home,9.0,1.0,1.0,D,0.0
03/12/11,1112,Udinese,Inter,Away,6.0,1.0,0.0,A,1.0
03/12/2023,2324,Udinese,Verona,Home,6.0,3.0,3.0,D,0.0
04/01/2023,2223,Udinese,Empoli,Home,3.0,1.0,1.0,D,0.0
04/01/2025,2425,Udinese,Verona,Away,6.0,0.0,0.0,D,0.0
04/02/18,1718,Udinese,Milan,Home,3.0,1.0,1.0,D,0.0
04/03/07,607,Udinese,Empoli,Home,8.0,0.0,1.0,A,0.0
04/03/12,1112,Udinese,Atalanta,Home,7.0,0.0,0.0,D,0.0
04/03/2023,2223,Udinese,Atalanta,Away,1.0,0.0,0.0,D,0.0
04/04/15,1415,Udinese,Genoa,Away,6.0,1.0,1.0,D,0.0
04/04/2025,2425,Udinese,Genoa,Away,2.0,0.0,1.0,H,0.0
04/05/08,708,Udinese,Empoli,Away,4.0,1.0,0.0,A,0.0
04/05/14,1314,Udinese,Livorno,Home,7.0,5.0,3.0,H,0.0
04/05/2019,1819,Udinese,Inter,Home,3.0,0.0,0.0,D,0.0
04/05/2023,2223,Udinese,Napoli,Home,3.0,1.0,1.0,D,0.0
04/06/2023,2223,Udinese,Juventus,Home,3.0,0.0,1.0,A,0.0
04/09/2022,2223,Udinese,Roma,Home,5.0,4.0,0.0,H,0.0
04/10/15,1516,Udinese,Genoa,Home,3.0,1.0,1.0,D,0.0
04/11/07,708,Udinese,Livorno,Away,6.0,0.0,0.0,D,0.0
04/11/12,1213,Udinese,Bologna,Away,2.0,1.0,1.0,D,0.0
04/11/2018,1819,Udinese,Milan,Home,4.0,0.0,1.0,A,1.0
04/11/2022,2223,Udinese,Lecce,Home,5.0,1.0,1.0,D,0.0
04/11/2023,2324,Udinese,Milan,Away,2.0,1.0,0.0,A,0.0
04/12/05,506,Udinese,Livorno,Home,,0.0,2.0,A,0.0
04/12/17,1718,Udinese,Crotone,Away,6.0,3.0,0.0,A,0.0
05/01/18,1718,Udinese,Chievo,Away,1.0,1.0,1.0,D,0.0
05/02/06,506,Udinese,Juventus,Away,1.0,0.0,1.0,H,1.0
05/02/11,1011,Udinese,Sampdoria,Home,3.0,2.0,0.0,H,0.0
05/02/12,1112,Udinese,Fiorentina,Away,7.0,2.0,3.0,H,0.0
05/02/17,1617,Udinese,Chievo,Away,1.0,0.0,0.0,D,0.0
05/02/2023,2223,Udinese,Torino,Away,3.0,0.0,1.0,H,0.0
05/03/06,506,Udinese,Ascoli,Home,3.0,1.0,1.0,D,0.0
05/03/17,1617,Udinese,Juventus,Home,5.0,1.0,1.0,D,0.0
05/03/2022,2122,Udinese,Sampdoria,Home,5.0,2.0,1.0,H,0.0
05/04/09,809,Udinese,Inter,Home,4.0,0.0,1.0,A,0.0
05/05/13,1213,Udinese,Sampdoria,Home,5.0,3.0,1.0,H,0.0
05/07/2020,1920,Udinese,Genoa,Home,6.0,2.0,2.0,D,0.0
05/10/08,809,Udinese,Torino,Home,2.0,2.0,0.0,H,0.0
05/10/14,1415,Udinese,Cesena,Home,3.0,1.0,1.0,D,0.0
05/10/2024,2425,Udinese,Lecce,Home,4.0,1.0,0.0,H,0.0
05/10/2025,2526,Udinese,Cagliari,Home,4.0,1.0,1.0,D,0.0
05/11/06,607,Udinese,Livorno,Away,1.0,0.0,1.0,H,1.0
05/12/10,1011,Udinese,Parma,Away,4.0,1.0,2.0,H,0.0
05/12/16,1617,Udinese,Bologna,Home,9.0,1.0,0.0,H,0.0
06/01/10,910,Udinese,Bari,Away,6.0,0.0,2.0,H,0.0
06/01/11,1011,Udinese,Chievo,Home,5.0,2.0,0.0,H,1.0
06/01/13,1213,Udinese,Inter,Home,5.0,3.0,0.0,H,0.0
06/01/14,1314,Udinese,Verona,Home,3.0,1.0,3.0,A,0.0
06/01/15,1415,Udinese,Roma,Home,2.0,0.0,1.0,A,0.0
06/01/16,1516,Udinese,Atalanta,Home,6.0,2.0,1.0,H,0.0
06/01/2020,1920,Udinese,Lecce,Away,4.0,1.0,0.0,A,0.0
06/01/2021,2021,Udinese,Bologna,Away,9.0,2.0,2.0,D,0.0
06/02/2022,2122,Udinese,Torino,Home,3.0,2.0,0.0,H,0.0
06/03/11,1011,Udinese,Bari,Home,6.0,1.0,0.0,H,0.0
06/03/16,1516,Udinese,Frosinone,Away,2.0,0.0,2.0,H,0.0
06/03/2021,2021,Udinese,Sassuolo,Home,8.0,2.0,0.0,H,0.0
06/04/08,708,Udinese,Siena,Away,10.0,1.0,1.0,D,0.0
06/04/14,1314,Udinese,Fiorentina,Away,3.0,1.0,2.0,H,0.0
06/04/2026,2526,Udinese,Como,Home,4.0,0.0,0.0,D,0.0
06/05/07,607,Udinese,Cagliari,Away,1.0,1.0,2.0,H,1.0
06/05/12,1112,Udinese,Genoa,Home,8.0,2.0,0.0,H,0.0
06/05/18,1718,Udinese,Inter,Home,2.0,0.0,4.0,A,1.0
06/05/2024,2324,Udinese,Napoli,Home,2.0,1.0,1.0,D,0.0
06/10/07,708,Udinese,Atalanta,Away,1.0,0.0,0.0,D,0.0
06/10/13,1314,Udinese,Cagliari,Home,4.0,2.0,0.0,H,0.0
06/10/2018,1819,Udinese,Juventus,Home,4.0,0.0,2.0,A,0.0
06/10/2019,1920,Udinese,Fiorentina,Away,1.0,0.0,1.0,H,0.0
06/10/2023,2324,Udinese,Empoli,Away,1.0,0.0,0.0,D,0.0
06/11/05,506,Udinese,Milan,Away,3.0,1.0,5.0,H,0.0
06/11/11,1112,Udinese,Siena,Home,7.0,2.0,1.0,H,0.0
06/11/16,1617,Udinese,Genoa,Away,3.0,1.0,1.0,D,0.0
06/11/2020,2021,Udinese,Sassuolo,Away,0.0,0.0,0.0,D,0.0
06/12/09,910,Udinese,Bologna,Away,7.0,1.0,2.0,H,0.0
06/12/15,1516,Udinese,Fiorentina,Away,0.0,0.0,3.0,H,0.0
06/12/2021,2122,Udinese,Empoli,Away,8.0,1.0,3.0,H,0.0
07/01/2023,2223,Udinese,Juventus,Away,3.0,0.0,1.0,H,0.0
07/01/2024,2324,Udinese,Lazio,Home,2.0,1.0,2.0,A,0.0
07/01/2026,2526,Udinese,Torino,Away,4.0,2.0,1.0,A,0.0
07/02/10,910,Udinese,Napoli,Home,11.0,3.0,1.0,H,0.0
07/02/16,1516,Udinese,Milan,Away,5.0,1.0,1.0,D,0.0
07/02/2021,2021,Udinese,Verona,Home,8.0,2.0,0.0,H,0.0
07/03/09,809,Udinese,Roma,Away,4.0,1.0,1.0,D,0.0
07/03/10,910,Udinese,Atalanta,Away,3.0,0.0,0.0,D,0.0
07/03/2026,2526,Udinese,Atalanta,Away,2.0,2.0,2.0,D,0.0
07/04/07,607,Udinese,Siena,Away,2.0,2.0,2.0,D,0.0
07/04/12,1112,Udinese,Parma,Home,6.0,3.0,1.0,H,0.0
07/04/13,1213,Udinese,Chievo,Home,8.0,3.0,1.0,H,0.0
07/04/2019,1819,Udinese,Empoli,Home,6.0,3.0,2.0,H,1.0
07/05/06,506,Udinese,Cagliari,Home,8.0,2.0,0.0,H,0.0
07/05/17,1617,Udinese,Atalanta,Home,5.0,1.0,1.0,D,0.0
07/05/2022,2122,Udinese,Sassuolo,Away,6.0,1.0,1.0,D,0.0
07/10/12,1213,Udinese,Napoli,Away,1.0,1.0,2.0,H,0.0
07/11/10,1011,Udinese,Cagliari,Home,6.0,1.0,1.0,D,0.0
07/11/2021,2122,Udinese,Sassuolo,Home,2.0,3.0,2.0,H,1.0
07/12/08,809,Udinese,Atalanta,Away,3.0,0.0,3.0,H,0.0
07/12/13,1314,Udinese,Napoli,Away,7.0,3.0,3.0,D,0.0
07/12/14,1415,Udinese,Inter,Away,6.0,2.0,1.0,A,0.0
07/12/2019,1920,Udinese,Napoli,Home,1.0,1.0,1.0,D,0.0
08/01/06,506,Udinese,Cagliari,Away,2.0,1.0,2.0,H,2.0
08/01/12,1112,Udinese,Cesena,Home,6.0,4.0,1.0,H,0.0
08/01/17,1617,Udinese,Inter,Home,3.0,1.0,2.0,A,0.0
08/02/06,506,Udinese,Reggina,Home,3.0,1.0,2.0,A,0.0
08/02/09,809,Udinese,Bologna,Home,7.0,1.0,0.0,H,0.0
08/02/14,1314,Udinese,Chievo,Home,5.0,3.0,0.0,H,0.0
08/02/15,1415,Udinese,Napoli,Away,3.0,1.0,3.0,H,0.0
08/02/2026,2526,Udinese,Lecce,Away,1.0,1.0,2.0,H,0.0
08/03/08,708,Udinese,Palermo,Away,3.0,1.0,1.0,D,0.0
08/03/14,1314,Udinese,Milan,Home,3.0,1.0,0.0,H,0.0
08/03/15,1415,Udinese,Torino,Home,3.0,3.0,2.0,H,0.0
08/03/2019,1819,Udinese,Juventus,Away,2.0,1.0,4.0,H,0.0
08/03/2020,1920,Udinese,Fiorentina,Home,2.0,0.0,0.0,D,0.0
08/04/06,506,Udinese,Livorno,Away,4.0,2.0,0.0,A,1.0
08/04/15,1415,Udinese,Parma,Away,0.0,0.0,1.0,H,0.0
08/04/18,1718,Udinese,Lazio,Home,3.0,1.0,2.0,A,0.0
08/04/2023,2223,Udinese,Monza,Home,5.0,2.0,2.0,D,0.0
08/04/2024,2324,Udinese,Inter,Home,1.0,1.0,2.0,A,0.0
08/05/11,1011,Udinese,Lazio,Home,6.0,2.0,1.0,H,1.0
08/05/13,1213,Udinese,Palermo,Away,8.0,3.0,2.0,A,0.0
08/05/16,1516,Udinese,Atalanta,Away,2.0,1.0,1.0,D,0.0
08/05/2021,2021,Udinese,Bologna,Home,5.0,1.0,1.0,D,0.0
08/05/2023,2223,Udinese,Sampdoria,Home,6.0,2.0,0.0,H,0.0
08/11/09,910,Udinese,Fiorentina,Home,2.0,0.0,1.0,A,0.0
08/11/15,1516,Udinese,Napoli,Away,2.0,0.0,1.0,H,0.0
08/11/2022,2223,Udinese,Spezia,Away,2.0,1.0,1.0,D,0.0
08/12/2025,2526,Udinese,Genoa,Home,6.0,1.0,2.0,A,0.0
09/01/11,1011,Udinese,Milan,Away,5.0,4.0,4.0,D,0.0
09/01/16,1516,Udinese,Carpi,Away,5.0,1.0,2.0,H,0.0
09/01/2022,2122,Udinese,Atalanta,Home,4.0,2.0,6.0,A,0.0
09/02/2020,1920,Udinese,Brescia,Away,8.0,1.0,1.0,D,0.0
09/02/2025,2425,Udinese,Napoli,Away,4.0,1.0,1.0,D,0.0
09/03/13,1213,Udinese,Roma,Home,3.0,1.0,1.0,D,1.0
09/04/11,1011,Udinese,Roma,Home,5.0,1.0,2.0,A,0.0
09/04/17,1617,Udinese,Genoa,Home,3.0,3.0,0.0,H,0.0
09/05/09,809,Udinese,Lazio,Away,6.0,3.0,1.0,A,0.0
09/05/10,910,Udinese,Bari,Home,6.0,3.0,3.0,D,0.0
09/05/2026,2526,Udinese,Cagliari,Away,6.0,2.0,0.0,A,0.0
09/07/2020,1920,Udinese,Spal,Away,4.0,3.0,0.0,A,0.0
09/10/2022,2223,Udinese,Atalanta,Home,2.0,2.0,2.0,D,0.0
09/11/08,809,Udinese,Inter,Away,4.0,0.0,1.0,H,0.0
09/11/13,1314,Udinese,Catania,Away,1.0,0.0,1.0,H,0.0
09/11/14,1415,Udinese,Palermo,Away,6.0,1.0,1.0,D,0.0
09/11/2025,2526,Udinese,Roma,Away,4.0,0.0,2.0,H,0.0
09/12/07,708,Udinese,Sampdoria,Home,10.0,3.0,2.0,H,0.0
09/12/2018,1819,Udinese,Atalanta,Home,2.0,1.0,3.0,A,0.0
09/12/2023,2324,Udinese,Inter,Away,1.0,0.0,4.0,H,0.0
09/12/2024,2425,Udinese,Monza,Away,3.0,2.0,1.0,A,0.0
10/01/10,910,Udinese,Lazio,Home,7.0,1.0,1.0,D,0.0
10/01/15,1415,Udinese,Sassuolo,Away,3.0,1.0,1.0,D,0.0
10/01/2021,2021,Udinese,Napoli,Home,8.0,1.0,2.0,A,0.0
10/01/2026,2526,Udinese,Pisa,Home,2.0,2.0,2.0,D,0.0
10/02/08,708,Udinese,Juventus,Home,8.0,1.0,2.0,A,0.0
10/02/13,1213,Udinese,Torino,Home,5.0,1.0,0.0,H,0.0
10/02/2019,1819,Udinese,Torino,Away,6.0,0.0,1.0,H,1.0
10/03/2025,2425,Udinese,Lazio,Away,4.0,1.0,1.0,D,0.0
10/04/16,1516,Udinese,Sampdoria,Away,2.0,0.0,2.0,H,0.0
10/04/2021,2021,Udinese,Torino,Home,5.0,0.0,1.0,A,0.0
10/04/2022,2122,Udinese,Venezia,Away,5.0,2.0,1.0,A,0.0
10/05/14,1314,Udinese,Verona,Away,7.0,2.0,2.0,D,0.0
10/05/15,1415,Udinese,Sampdoria,Home,3.0,1.0,4.0,A,0.0
10/09/06,607,Udinese,Messina,Away,4.0,0.0,1.0,H,0.0
10/09/17,1718,Udinese,Genoa,Home,5.0,1.0,0.0,H,1.0
10/11/10,1011,Udinese,Catania,Away,0.0,0.0,1.0,H,1.0
10/11/2019,1920,Udinese,Spal,Home,4.0,0.0,0.0,D,0.0
10/11/2024,2425,Udinese,Atalanta,Away,6.0,1.0,2.0,H,0.0
10/12/06,607,Udinese,Catania,Away,7.0,0.0,1.0,H,0.0
10/12/12,1213,Udinese,Sampdoria,Away,5.0,2.0,0.0,A,0.0
10/12/17,1718,Udinese,Benevento,Home,2.0,2.0,0.0,H,0.0
11/01/09,809,Udinese,Sampdoria,Home,6.0,1.0,1.0,D,0.0
11/01/2025,2425,Udinese,Atalanta,Home,3.0,0.0,0.0,D,0.0
11/02/06,506,Udinese,Lazio,Away,4.0,1.0,1.0,D,0.0
11/02/07,607,Udinese,Fiorentina,Away,7.0,0.0,2.0,H,0.0
11/02/12,1112,Udinese,Milan,Home,6.0,1.0,2.0,A,0.0
11/02/17,1617,Udinese,Fiorentina,Away,4.0,0.0,3.0,H,0.0
11/02/18,1718,Udinese,Torino,Away,0.0,0.0,2.0,H,0.0
11/03/07,607,Udinese,Roma,Away,5.0,1.0,3.0,H,0.0
11/03/12,1112,Udinese,Novara,Away,3.0,0.0,1.0,H,0.0
11/03/18,1718,Udinese,Juventus,Away,1.0,0.0,2.0,H,0.0
11/03/2023,2223,Udinese,Empoli,Away,4.0,1.0,0.0,A,0.0
11/03/2024,2324,Udinese,Lazio,Away,5.0,2.0,1.0,A,1.0
11/04/10,910,Udinese,Livorno,Away,5.0,2.0,0.0,A,0.0
11/04/12,1112,Udinese,Roma,Away,2.0,1.0,3.0,H,0.0
11/04/2025,2425,Udinese,Milan,Home,5.0,0.0,4.0,A,0.0
11/04/2026,2526,Udinese,Milan,Away,6.0,3.0,0.0,A,0.0
11/05/08,708,Udinese,Cagliari,Home,3.0,0.0,2.0,A,0.0
11/05/2021,2021,Udinese,Napoli,Away,2.0,1.0,5.0,H,0.0
11/05/2025,2425,Udinese,Monza,Home,5.0,1.0,2.0,A,0.0
11/09/05,506,Udinese,Roma,Away,5.0,1.0,0.0,A,0.0
11/09/10,1011,Udinese,Inter,Away,4.0,1.0,2.0,H,0.0
11/09/11,1112,Udinese,Lecce,Away,4.0,2.0,0.0,A,0.0
11/09/16,1617,Udinese,Milan,Away,2.0,1.0,0.0,A,0.0
11/09/2022,2223,Udinese,Sassuolo,Away,4.0,3.0,1.0,A,0.0
11/11/07,708,Udinese,Fiorentina,Away,4.0,2.0,1.0,A,0.0
11/11/12,1213,Udinese,Chievo,Away,4.0,2.0,2.0,D,1.0
11/11/2018,1819,Udinese,Empoli,Away,9.0,1.0,2.0,H,0.0
11/12/05,506,Udinese,Lecce,Home,2.0,1.0,2.0,A,0.0
11/12/10,1011,Udinese,Fiorentina,Home,5.0,2.0,1.0,H,0.0
11/12/11,1112,Udinese,Chievo,Home,5.0,2.0,1.0,H,0.0
11/12/16,1617,Udinese,Atalanta,Away,3.0,3.0,1.0,A,0.0
11/12/2021,2122,Udinese,Milan,Home,6.0,1.0,1.0,D,1.0
12/01/2020,1920,Udinese,Sassuolo,Home,9.0,3.0,0.0,H,0.0
12/02/10,910,Udinese,Milan,Away,5.0,2.0,3.0,H,0.0
12/02/2023,2223,Udinese,Sassuolo,Home,8.0,2.0,2.0,D,0.0
12/02/2024,2324,Udinese,Juventus,Away,1.0,1.0,0.0,A,0.0
12/03/06,506,Udinese,Palermo,Away,5.0,0.0,2.0,H,0.0
12/03/17,1617,Udinese,Pescara,Away,6.0,3.0,1.0,A,0.0
12/04/09,809,Udinese,Reggina,Away,7.0,2.0,0.0,A,0.0
12/04/15,1415,Udinese,Palermo,Home,1.0,1.0,3.0,A,0.0
12/05/13,1213,Udinese,Atalanta,Home,6.0,2.0,1.0,H,0.0
12/05/2019,1819,Udinese,Frosinone,Away,8.0,3.0,1.0,A,0.0
12/07/2020,1920,Udinese,Sampdoria,Home,4.0,1.0,3.0,A,0.0
12/09/2021,2122,Udinese,Spezia,Away,4.0,1.0,0.0,A,0.0
12/11/06,607,Udinese,Lazio,Away,0.0,0.0,5.0,H,1.0
12/11/2022,2223,Udinese,Napoli,Away,4.0,2.0,3.0,H,0.0
12/11/2023,2324,Udinese,Atalanta,Home,4.0,1.0,1.0,D,0.0
12/12/15,1516,Udinese,Inter,Home,7.0,0.0,4.0,A,0.0
12/12/2020,2021,Udinese,Torino,Away,3.0,3.0,2.0,A,0.0
13/01/08,708,Udinese,Cagliari,Away,6.0,1.0,0.0,A,1.0
13/01/13,1213,Udinese,Fiorentina,Home,5.0,3.0,1.0,H,0.0
13/01/14,1314,Udinese,Sampdoria,Away,1.0,0.0,3.0,H,2.0
13/02/11,1011,Udinese,Cesena,Away,8.0,3.0,0.0,A,0.0
13/02/2022,2122,Udinese,Verona,Away,7.0,0.0,4.0,H,0.0
13/03/11,1011,Udinese,Cagliari,Away,6.0,4.0,0.0,A,0.0
13/03/16,1516,Udinese,Roma,Home,3.0,1.0,2.0,A,0.0
13/03/2021,2021,Udinese,Genoa,Away,3.0,1.0,1.0,D,0.0
13/03/2022,2122,Udinese,Roma,Home,5.0,1.0,1.0,D,0.0
13/04/08,708,Udinese,Roma,Home,7.0,1.0,3.0,A,0.0
13/04/2019,1819,Udinese,Roma,Away,4.0,0.0,1.0,H,0.0
13/05/07,607,Udinese,Atalanta,Home,6.0,2.0,3.0,A,0.0
13/05/12,1112,Udinese,Catania,Away,6.0,2.0,0.0,A,0.0
13/05/18,1718,Udinese,Verona,Away,5.0,1.0,0.0,A,0.0
13/05/2024,2324,Udinese,Lecce,Away,3.0,2.0,0.0,A,0.0
13/08/2022,2223,Udinese,Milan,Away,4.0,2.0,4.0,H,0.0
13/09/09,910,Udinese,Catania,Home,8.0,4.0,2.0,H,0.0
13/09/14,1415,Udinese,Juventus,Away,1.0,0.0,2.0,H,0.0
13/09/15,1516,Udinese,Lazio,Away,4.0,0.0,2.0,H,0.0
13/12/09,910,Udinese,Siena,Away,6.0,1.0,2.0,H,0.0
14/01/07,607,Udinese,Palermo,Away,8.0,0.0,2.0,H,0.0
14/01/2024,2324,Udinese,Fiorentina,Away,6.0,2.0,2.0,D,0.0
14/02/16,1516,Udinese,Bologna,Home,2.0,0.0,1.0,A,0.0
14/02/2021,2021,Udinese,Roma,Away,1.0,0.0,3.0,H,0.0
14/03/10,910,Udinese,Palermo,Home,11.0,3.0,2.0,H,0.0
14/03/2026,2526,Udinese,Juventus,Home,2.0,0.0,1.0,A,0.0
14/04/07,607,Udinese,Chievo,Home,5.0,2.0,1.0,H,1.0
14/04/13,1213,Udinese,Parma,Away,5.0,3.0,0.0,A,0.0
14/04/14,1314,Udinese,Juventus,Home,1.0,0.0,2.0,A,0.0
14/04/18,1718,Udinese,Cagliari,Away,1.0,1.0,2.0,H,0.0
14/05/06,506,Udinese,Treviso,Away,2.0,1.0,2.0,H,1.0
14/05/17,1617,Udinese,Crotone,Away,4.0,0.0,1.0,H,0.0
14/05/2022,2122,Udinese,Spezia,Home,6.0,2.0,3.0,A,0.0
14/05/2023,2223,Udinese,Fiorentina,Away,1.0,0.0,2.0,H,1.0
14/09/08,809,Udinese,Juventus,Away,3.0,0.0,1.0,H,0.0
14/09/2019,1920,Udinese,Inter,Away,4.0,0.0,1.0,H,1.0
14/09/2025,2526,Udinese,Pisa,Away,3.0,1.0,0.0,A,0.0
14/11/10,1011,Udinese,Lecce,Home,7.0,4.0,0.0,H,0.0
14/12/08,809,Udinese,Lazio,Home,8.0,3.0,3.0,D,0.0
14/12/14,1415,Udinese,Verona,Home,6.0,1.0,2.0,A,0.0
14/12/2024,2425,Udinese,Napoli,Home,3.0,1.0,3.0,A,0.0
14/12/2025,2526,Udinese,Napoli,Home,5.0,1.0,0.0,H,0.0
15/01/06,506,Udinese,Treviso,Home,4.0,2.0,2.0,D,0.0
15/01/12,1112,Udinese,Genoa,Away,8.0,2.0,3.0,H,0.0
15/01/17,1617,Udinese,Roma,Home,5.0,0.0,1.0,A,0.0
15/01/2022,2122,Udinese,Juventus,Away,3.0,0.0,2.0,H,0.0
15/01/2023,2223,Udinese,Bologna,Home,4.0,1.0,2.0,A,0.0
15/02/09,809,Udinese,Siena,Away,3.0,1.0,1.0,D,0.0
15/02/15,1415,Udinese,Lazio,Home,6.0,0.0,1.0,A,0.0
15/02/2026,2526,Udinese,Sassuolo,Home,2.0,1.0,2.0,A,0.0
15/03/08,708,Udinese,Lazio,Home,5.0,2.0,2.0,D,0.0
15/03/09,809,Udinese,Catania,Home,8.0,1.0,1.0,D,0.0
15/03/15,1415,Udinese,Atalanta,Away,0.0,0.0,0.0,D,0.0
15/03/2025,2425,Udinese,Verona,Home,3.0,0.0,1.0,A,0.0
15/04/06,506,Udinese,Lecce,Away,4.0,2.0,1.0,A,0.0
15/04/17,1617,Udinese,Napoli,Away,2.0,0.0,3.0,H,0.0
15/05/10,910,Udinese,Lazio,Away,4.0,1.0,3.0,H,1.0
15/05/11,1011,Udinese,Chievo,Away,6.0,2.0,0.0,A,0.0
15/05/16,1516,Udinese,Carpi,Home,5.0,1.0,2.0,A,1.0
15/07/2020,1920,Udinese,Lazio,Home,7.0,0.0,0.0,D,0.0
15/09/13,1314,Udinese,Bologna,Home,3.0,1.0,1.0,D,0.0
15/10/05,506,Udinese,Siena,Away,8.0,3.0,2.0,A,1.0
15/10/06,607,Udinese,Parma,Away,5.0,3.0,0.0,A,1.0
15/10/16,1617,Udinese,Juventus,Away,4.0,1.0,2.0,H,0.0
15/10/17,1718,Udinese,Fiorentina,Away,2.0,1.0,2.0,H,0.0
15/12/07,708,Udinese,Catania,Away,2.0,0.0,2.0,H,0.0
15/12/12,1213,Udinese,Palermo,Home,6.0,1.0,1.0,D,1.0
15/12/13,1314,Udinese,Torino,Home,3.0,0.0,2.0,A,0.0
15/12/2018,1819,Udinese,Inter,Away,1.0,0.0,1.0,H,0.0
15/12/2019,1920,Udinese,Juventus,Away,7.0,1.0,3.0,H,0.0
15/12/2020,2021,Udinese,Crotone,Home,6.0,0.0,0.0,D,0.0
16/01/11,1011,Udinese,Genoa,Away,5.0,4.0,2.0,A,0.0
16/01/2021,2021,Udinese,Sampdoria,Away,7.0,1.0,2.0,H,0.0
16/02/14,1314,Udinese,Genoa,Away,7.0,3.0,3.0,D,0.0
16/02/2020,1920,Udinese,Verona,Home,6.0,0.0,0.0,D,0.0
16/02/2025,2425,Udinese,Empoli,Home,9.0,3.0,0.0,H,0.0
16/03/13,1213,Udinese,Catania,Away,3.0,1.0,3.0,H,0.0
16/03/2024,2324,Udinese,Torino,Home,1.0,0.0,2.0,A,0.0
16/04/2022,2122,Udinese,Empoli,Home,5.0,4.0,1.0,H,0.0
16/04/2023,2223,Udinese,Roma,Away,2.0,0.0,3.0,H,0.0
16/05/09,809,Udinese,Milan,Home,9.0,2.0,1.0,H,0.0
16/05/2021,2021,Udinese,Sampdoria,Home,2.0,0.0,1.0,A,0.0
16/09/07,708,Udinese,Juventus,Away,1.0,1.0,0.0,A,0.0
16/09/12,1213,Udinese,Siena,Away,4.0,2.0,2.0,D,1.0
16/09/2018,1819,Udinese,Torino,Home,3.0,1.0,1.0,D,0.0
16/09/2024,2425,Udinese,Parma,Away,6.0,3.0,2.0,A,0.0
16/10/11,1112,Udinese,Atalanta,Away,1.0,0.0,0.0,D,1.0
16/10/2022,2223,Udinese,Lazio,Away,2.0,0.0,0.0,D,0.0
16/11/08,809,Udinese,Reggina,Home,1.0,0.0,1.0,A,0.0
16/12/06,607,Udinese,Cagliari,Home,6.0,3.0,1.0,H,1.0
16/12/17,1718,Udinese,Inter,Away,5.0,3.0,1.0,A,0.0
17/01/10,910,Udinese,Parma,Away,2.0,0.0,0.0,D,0.0
17/01/16,1516,Udinese,Juventus,Home,3.0,0.0,4.0,A,1.0
17/01/2026,2526,Udinese,Inter,Home,1.0,0.0,1.0,A,0.0
17/02/08,708,Udinese,Reggina,Away,5.0,3.0,1.0,A,0.0
17/02/13,1213,Udinese,Genoa,Away,4.0,0.0,1.0,H,0.0
17/02/18,1718,Udinese,Roma,Home,3.0,0.0,2.0,A,0.0
17/02/2019,1819,Udinese,Chievo,Home,7.0,1.0,0.0,H,0.0
17/03/14,1314,Udinese,Roma,Away,8.0,2.0,3.0,H,0.0
17/03/18,1718,Udinese,Sassuolo,Home,3.0,1.0,2.0,A,0.0
17/03/2019,1819,Udinese,Napoli,Away,3.0,2.0,4.0,H,0.0
17/04/11,1011,Udinese,Napoli,Away,5.0,2.0,1.0,A,1.0
17/04/16,1516,Udinese,Chievo,Home,3.0,0.0,0.0,D,1.0
17/04/2019,1819,Udinese,Lazio,Away,4.0,0.0,2.0,H,0.0
17/04/2021,2021,Udinese,Crotone,Away,7.0,2.0,1.0,A,1.0
17/05/14,1314,Udinese,Sampdoria,Home,12.0,3.0,3.0,D,0.0
17/05/15,1415,Udinese,Roma,Away,3.0,1.0,2.0,H,0.0
17/05/2026,2526,Udinese,Cremonese,Home,2.0,0.0,1.0,A,0.0
17/09/06,607,Udinese,Torino,Home,6.0,2.0,0.0,H,0.0
17/09/17,1718,Udinese,Milan,Away,2.0,1.0,2.0,H,0.0
17/09/2023,2324,Udinese,Cagliari,Away,1.0,0.0,0.0,D,0.0
17/10/10,1011,Udinese,Brescia,Away,1.0,1.0,0.0,A,0.0
17/10/2021,2122,Udinese,Bologna,Home,2.0,1.0,1.0,D,1.0
17/12/2023,2324,Udinese,Sassuolo,Home,7.0,2.0,2.0,D,1.0
18/01/06,506,Udinese,Empoli,Away,3.0,1.0,1.0,D,0.0
18/01/09,809,Udinese,Cagliari,Away,3.0,0.0,2.0,H,0.0
18/01/15,1415,Udinese,Cagliari,Home,3.0,2.0,2.0,D,0.0
18/02/07,607,Udinese,Ascoli,Away,4.0,2.0,2.0,D,0.0
18/02/2023,2223,Udinese,Inter,Away,1.0,1.0,3.0,H,0.0
18/02/2024,2324,Udinese,Cagliari,Home,3.0,1.0,1.0,D,0.0
18/03/07,607,Udinese,Livorno,Home,7.0,4.0,0.0,H,0.0
18/03/12,1112,Udinese,Napoli,Home,2.0,2.0,2.0,D,1.0
18/03/2023,2223,Udinese,Milan,Home,5.0,3.0,1.0,H,0.0
18/04/07,607,Udinese,Sampdoria,Home,5.0,1.0,0.0,H,0.0
18/04/10,910,Udinese,Bologna,Home,6.0,1.0,1.0,D,0.0
18/04/18,1718,Udinese,Napoli,Away,5.0,2.0,4.0,H,0.0
18/04/2026,2526,Udinese,Parma,Home,3.0,0.0,1.0,A,0.0
18/05/08,708,Udinese,Milan,Away,6.0,1.0,4.0,H,0.0
18/05/2019,1819,Udinese,Spal,Home,4.0,3.0,2.0,H,0.0
18/05/2025,2425,Udinese,Juventus,Away,2.0,0.0,2.0,H,0.0
18/08/2024,2425,Udinese,Bologna,Away,2.0,1.0,1.0,D,0.0
18/09/05,506,Udinese,Fiorentina,Away,9.0,2.0,4.0,H,0.0
18/09/11,1112,Udinese,Fiorentina,Home,5.0,2.0,0.0,H,0.0
18/09/16,1617,Udinese,Chievo,Home,4.0,1.0,2.0,A,0.0
18/09/2022,2223,Udinese,Inter,Home,6.0,3.0,1.0,H,0.0
18/10/09,910,Udinese,Atalanta,Home,5.0,1.0,3.0,A,0.0
18/10/15,1516,Udinese,Verona,Away,5.0,1.0,1.0,D,0.0
18/10/2020,2021,Udinese,Parma,Home,4.0,3.0,2.0,H,0.0
18/11/12,1213,Udinese,Parma,Home,3.0,2.0,2.0,D,0.0
18/12/05,506,Udinese,Chievo,Away,3.0,0.0,2.0,H,1.0
18/12/11,1112,Udinese,Lazio,Away,3.0,2.0,2.0,D,0.0
18/12/16,1617,Udinese,Crotone,Home,8.0,2.0,0.0,H,0.0
18/12/2021,2122,Udinese,Cagliari,Away,5.0,4.0,0.0,A,0.0
19/01/13,1213,Udinese,Juventus,Away,2.0,0.0,4.0,H,0.0
19/01/14,1314,Udinese,Lazio,Home,3.0,2.0,3.0,A,0.0
19/01/2019,1819,Udinese,Parma,Home,9.0,1.0,2.0,A,0.0
19/01/2020,1920,Udinese,Milan,Away,7.0,2.0,3.0,H,0.0
19/02/06,506,Udinese,Siena,Home,5.0,1.0,2.0,A,1.0
19/02/12,1112,Udinese,Cagliari,Home,3.0,0.0,0.0,D,0.0
19/02/17,1617,Udinese,Sassuolo,Home,5.0,1.0,2.0,A,0.0
19/03/06,506,Udinese,Milan,Home,4.0,0.0,4.0,A,0.0
19/03/08,708,Udinese,Torino,Away,2.0,1.0,0.0,A,0.0
19/03/17,1617,Udinese,Palermo,Home,10.0,4.0,1.0,H,0.0
19/03/2022,2122,Udinese,Napoli,Away,3.0,1.0,2.0,H,1.0
19/04/09,809,Udinese,Fiorentina,Home,5.0,3.0,1.0,H,0.0
19/04/14,1314,Udinese,Napoli,Home,4.0,1.0,1.0,D,0.0
19/04/15,1415,Udinese,Chievo,Away,1.0,1.0,1.0,D,0.0
19/05/07,607,Udinese,Milan,Away,9.0,3.0,2.0,A,0.0
19/05/13,1213,Udinese,Inter,Away,6.0,5.0,2.0,A,0.0
19/05/2024,2324,Udinese,Empoli,Home,2.0,1.0,1.0,D,0.0
19/07/2020,1920,Udinese,Napoli,Away,3.0,1.0,2.0,H,0.0
19/08/2018,1819,Udinese,Parma,Away,6.0,2.0,2.0,D,0.0
19/09/09,910,Udinese,Napoli,Away,4.0,0.0,0.0,D,0.0
19/09/10,1011,Udinese,Juventus,Home,4.0,0.0,4.0,A,0.0
19/09/15,1516,Udinese,Empoli,Home,2.0,1.0,2.0,A,1.0
19/10/08,809,Udinese,Lecce,Away,8.0,2.0,2.0,D,0.0
19/10/13,1314,Udinese,Milan,Away,2.0,0.0,1.0,H,0.0
19/10/14,1415,Udinese,Torino,Away,3.0,0.0,1.0,H,0.0
19/10/2024,2425,Udinese,Milan,Away,1.0,0.0,1.0,H,0.0
19/11/05,506,Udinese,Messina,Home,11.0,1.0,0.0,H,0.0
19/11/06,607,Udinese,Siena,Home,4.0,3.0,0.0,H,0.0
19/11/16,1617,Udinese,Napoli,Home,3.0,1.0,2.0,A,0.0
19/11/17,1718,Udinese,Cagliari,Home,5.0,0.0,1.0,A,1.0
19/12/10,1011,Udinese,Lazio,Away,4.0,2.0,3.0,H,0.0
20/01/08,708,Udinese,Milan,Home,4.0,0.0,1.0,A,0.0
20/01/2021,2021,Udinese,Atalanta,Home,1.0,1.0,1.0,D,0.0
20/01/2024,2324,Udinese,Milan,Home,6.0,2.0,3.0,A,0.0
20/01/2025,2425,Udinese,Como,Away,2.0,1.0,4.0,H,1.0
20/02/10,910,Udinese,Genoa,Away,1.0,0.0,3.0,H,1.0
20/02/11,1011,Udinese,Brescia,Home,3.0,0.0,0.0,D,0.0
20/02/2022,2122,Udinese,Lazio,Home,2.0,1.0,1.0,D,0.0
20/03/10,910,Udinese,Roma,Away,4.0,2.0,4.0,H,0.0
20/03/11,1011,Udinese,Catania,Home,4.0,2.0,0.0,H,0.0
20/03/16,1516,Udinese,Sassuolo,Away,3.0,1.0,1.0,D,0.0
20/03/2026,2526,Udinese,Genoa,Away,4.0,2.0,0.0,A,0.0
20/04/08,708,Udinese,Sampdoria,Away,3.0,0.0,3.0,H,1.0
20/04/13,1213,Udinese,Lazio,Home,3.0,1.0,0.0,H,0.0
20/04/16,1516,Udinese,Fiorentina,Home,3.0,2.0,1.0,H,0.0
20/04/2019,1819,Udinese,Sassuolo,Home,5.0,1.0,1.0,D,0.0
20/04/2022,2122,Udinese,Salernitana,Home,3.0,0.0,1.0,A,0.0
20/04/2024,2324,Udinese,Verona,Away,1.0,0.0,1.0,H,0.0
20/05/18,1718,Udinese,Bologna,Home,5.0,1.0,0.0,H,0.0
20/08/16,1617,Udinese,Roma,Away,1.0,0.0,4.0,H,0.0
20/08/17,1718,Udinese,Chievo,Home,5.0,1.0,2.0,A,0.0
20/08/2022,2223,Udinese,Salernitana,Home,2.0,0.0,0.0,D,1.0
20/08/2023,2324,Udinese,Juventus,Home,5.0,0.0,3.0,A,0.0
20/09/06,607,Udinese,Sampdoria,Away,7.0,3.0,3.0,D,0.0
20/09/17,1718,Udinese,Torino,Home,6.0,2.0,3.0,A,0.0
20/09/2021,2122,Udinese,Napoli,Home,1.0,0.0,4.0,A,0.0
20/09/2025,2526,Udinese,Milan,Home,4.0,0.0,3.0,A,0.0
20/10/2018,1819,Udinese,Napoli,Home,4.0,0.0,3.0,A,0.0
20/10/2019,1920,Udinese,Torino,Home,6.0,1.0,0.0,H,0.0
20/10/2025,2526,Udinese,Cremonese,Away,1.0,1.0,1.0,D,0.0
20/11/10,1011,Udinese,Roma,Away,6.0,0.0,2.0,H,0.0
20/11/11,1112,Udinese,Parma,Away,4.0,0.0,2.0,H,0.0
20/12/06,607,Udinese,Atalanta,Away,4.0,2.0,1.0,A,1.0
20/12/15,1516,Udinese,Torino,Away,6.0,1.0,0.0,A,1.0
20/12/2020,2021,Udinese,Cagliari,Away,5.0,1.0,1.0,D,0.0
21/01/07,607,Udinese,Messina,Home,9.0,1.0,0.0,H,0.0
21/01/18,1718,Udinese,Spal,Home,1.0,1.0,1.0,D,0.0
21/02/16,1516,Udinese,Genoa,Away,6.0,1.0,2.0,H,0.0
21/02/2021,2021,Udinese,Parma,Away,3.0,2.0,2.0,D,0.0
21/02/2025,2425,Udinese,Lecce,Away,5.0,1.0,0.0,A,0.0
21/03/2021,2021,Udinese,Lazio,Home,6.0,0.0,1.0,A,0.0
21/04/12,1112,Udinese,Chievo,Away,2.0,0.0,0.0,D,0.0
21/04/2021,2021,Udinese,Cagliari,Home,4.0,0.0,1.0,A,0.0
21/05/17,1617,Udinese,Sampdoria,Home,3.0,1.0,1.0,D,2.0
21/05/2023,2223,Udinese,Lazio,Home,2.0,0.0,1.0,A,0.0
21/09/05,506,Udinese,Juventus,Home,3.0,0.0,1.0,A,0.0
21/09/08,809,Udinese,Napoli,Home,4.0,0.0,0.0,D,0.0
21/09/11,1112,Udinese,Milan,Away,5.0,1.0,1.0,D,0.0
21/09/13,1314,Udinese,Chievo,Away,3.0,1.0,2.0,H,0.0
21/09/14,1415,Udinese,Napoli,Home,3.0,1.0,0.0,H,0.0
21/09/16,1617,Udinese,Fiorentina,Home,5.0,2.0,2.0,D,0.0
21/09/2019,1920,Udinese,Brescia,Home,3.0,0.0,1.0,A,0.0
21/10/07,708,Udinese,Palermo,Home,5.0,1.0,1.0,D,0.0
21/10/12,1213,Udinese,Pescara,Home,5.0,1.0,0.0,H,1.0
21/12/05,506,Udinese,Sampdoria,Home,7.0,2.0,0.0,H,0.0
21/12/08,809,Udinese,Milan,Away,7.0,1.0,5.0,H,0.0
21/12/11,1112,Udinese,Juventus,Home,4.0,0.0,0.0,D,0.0
21/12/13,1314,Udinese,Livorno,Away,4.0,2.0,1.0,A,0.0
21/12/14,1415,Udinese,Sampdoria,Away,4.0,2.0,2.0,D,1.0
21/12/2019,1920,Udinese,Cagliari,Home,2.0,2.0,1.0,H,0.0
21/12/2025,2526,Udinese,Fiorentina,Away,4.0,1.0,5.0,H,1.0
22/01/06,506,Udinese,Roma,Home,3.0,1.0,4.0,A,1.0
22/01/12,1112,Udinese,Catania,Home,3.0,2.0,1.0,H,0.0
22/01/17,1617,Udinese,Empoli,Away,2.0,0.0,1.0,H,0.0
22/01/2022,2122,Udinese,Genoa,Away,0.0,0.0,0.0,D,0.0
22/01/2023,2223,Udinese,Sampdoria,Away,5.0,1.0,0.0,A,0.0
22/02/09,809,Udinese,Torino,Away,2.0,0.0,1.0,H,1.0
22/02/2020,1920,Udinese,Bologna,Away,3.0,1.0,1.0,D,0.0
22/03/08,708,Udinese,Livorno,Home,5.0,2.0,0.0,H,0.0
22/03/09,809,Udinese,Genoa,Away,1.0,0.0,2.0,H,1.0
22/03/15,1415,Udinese,Fiorentina,Home,5.0,2.0,2.0,D,0.0
22/04/06,506,Udinese,Chievo,Home,7.0,1.0,1.0,D,0.0
22/04/07,607,Udinese,Reggina,Away,4.0,1.0,1.0,D,0.0
22/04/18,1718,Udinese,Crotone,Home,6.0,1.0,2.0,A,0.0
22/05/11,1011,Udinese,Milan,Home,5.0,0.0,0.0,D,0.0
22/05/2022,2122,Udinese,Salernitana,Away,11.0,4.0,0.0,A,0.0
22/08/2021,2122,Udinese,Juventus,Home,6.0,2.0,2.0,D,0.0
22/09/07,708,Udinese,Reggina,Home,8.0,2.0,0.0,H,0.0
22/09/10,1011,Udinese,Bologna,Away,7.0,1.0,2.0,H,0.0
22/09/15,1516,Udinese,Milan,Home,3.0,2.0,3.0,A,1.0
22/09/2024,2425,Udinese,Roma,Away,3.0,0.0,3.0,H,0.0
22/10/06,607,Udinese,Inter,Home,3.0,0.0,0.0,D,0.0
22/10/17,1718,Udinese,Juventus,Home,4.0,2.0,6.0,A,0.0
22/11/08,809,Udinese,Fiorentina,Away,11.0,2.0,4.0,H,0.0
22/11/09,910,Udinese,Juventus,Away,2.0,0.0,1.0,H,0.0
22/11/15,1516,Udinese,Sampdoria,Home,4.0,1.0,0.0,H,0.0
22/11/2020,2021,Udinese,Genoa,Home,4.0,1.0,0.0,H,0.0
22/11/2021,2122,Udinese,Torino,Away,7.0,1.0,2.0,H,0.0
22/11/2025,2526,Udinese,Bologna,Home,3.0,0.0,3.0,A,0.0
22/12/12,1213,Udinese,Atalanta,Away,3.0,1.0,1.0,D,0.0
22/12/16,1617,Udinese,Sampdoria,Away,3.0,0.0,0.0,D,0.0
22/12/2018,1819,Udinese,Frosinone,Home,1.0,1.0,1.0,D,0.0
23/01/11,1011,Udinese,Inter,Home,7.0,3.0,1.0,H,0.0
23/01/2021,2021,Udinese,Inter,Home,1.0,0.0,0.0,D,0.0
23/02/14,1314,Udinese,Atalanta,Home,6.0,1.0,1.0,D,0.0
23/02/2026,2526,Udinese,Bologna,Away,3.0,0.0,1.0,H,0.0
23/03/14,1314,Udinese,Sassuolo,Home,2.0,1.0,0.0,H,0.0
23/04/11,1011,Udinese,Parma,Home,2.0,0.0,2.0,A,1.0
23/04/16,1516,Udinese,Inter,Away,5.0,1.0,3.0,H,0.0
23/04/17,1617,Udinese,Cagliari,Home,5.0,2.0,1.0,H,0.0
23/04/2023,2223,Udinese,Cremonese,Home,9.0,3.0,0.0,H,0.0
23/04/2025,2425,Udinese,Torino,Away,6.0,0.0,2.0,H,0.0
23/05/2021,2021,Udinese,Inter,Away,2.0,1.0,5.0,H,0.0
23/06/2020,1920,Udinese,Torino,Away,5.0,0.0,1.0,H,0.0
23/07/2020,1920,Udinese,Juventus,Home,4.0,2.0,1.0,H,0.0
23/08/09,910,Udinese,Parma,Home,6.0,2.0,2.0,D,0.0
23/08/15,1516,Udinese,Juventus,Away,2.0,1.0,0.0,A,0.0
23/09/09,910,Udinese,Milan,Home,6.0,1.0,0.0,H,0.0
23/09/12,1213,Udinese,Milan,Home,8.0,2.0,1.0,H,0.0
23/09/17,1718,Udinese,Roma,Away,5.0,1.0,3.0,H,0.0
23/09/2018,1819,Udinese,Chievo,Away,7.0,2.0,0.0,A,0.0
23/09/2021,2122,Udinese,Roma,Away,3.0,0.0,1.0,H,0.0
23/10/05,506,Udinese,Inter,Home,4.0,0.0,1.0,A,0.0
23/10/11,1112,Udinese,Novara,Home,4.0,3.0,0.0,H,0.0
23/10/16,1617,Udinese,Pescara,Home,4.0,3.0,1.0,H,0.0
23/10/2022,2223,Udinese,Torino,Home,4.0,1.0,2.0,A,0.0
23/10/2023,2324,Udinese,Lecce,Home,6.0,1.0,1.0,D,0.0
23/11/14,1415,Udinese,Chievo,Home,3.0,1.0,1.0,D,0.0
23/12/06,607,Udinese,Milan,Home,6.0,0.0,3.0,A,0.0
23/12/07,708,Udinese,Empoli,Home,7.0,2.0,2.0,D,0.0
23/12/17,1718,Udinese,Verona,Home,10.0,4.0,0.0,H,0.0
23/12/2020,2021,Udinese,Benevento,Home,2.0,0.0,2.0,A,0.0
23/12/2023,2324,Udinese,Torino,Away,4.0,1.0,1.0,D,0.0
23/12/2024,2425,Udinese,Fiorentina,Away,4.0,2.0,1.0,A,0.0
24/01/10,910,Udinese,Sampdoria,Home,3.0,2.0,3.0,A,0.0
24/01/16,1516,Udinese,Palermo,Away,9.0,1.0,4.0,H,0.0
24/01/18,1718,Udinese,Lazio,Away,4.0,0.0,3.0,H,0.0
24/02/08,708,Udinese,Genoa,Home,7.0,3.0,5.0,A,0.0
24/02/10,910,Udinese,Cagliari,Home,8.0,2.0,1.0,H,0.0
24/02/2024,2324,Udinese,Genoa,Away,1.0,0.0,2.0,H,1.0
24/03/10,910,Udinese,Chievo,Home,8.0,0.0,0.0,D,0.0
24/03/12,1112,Udinese,Palermo,Away,5.0,1.0,1.0,D,0.0
24/04/2022,2122,Udinese,Bologna,Away,5.0,2.0,2.0,D,0.0
24/05/09,809,Udinese,Sampdoria,Away,6.0,2.0,2.0,D,0.0
24/05/15,1415,Udinese,Sassuolo,Home,3.0,0.0,1.0,A,1.0
24/05/2026,2526,Udinese,Napoli,Away,3.0,0.0,1.0,H,1.0
24/08/2024,2425,Udinese,Lazio,Home,3.0,2.0,1.0,H,1.0
24/09/05,506,Udinese,Reggina,Away,3.0,0.0,2.0,H,1.0
24/09/06,607,Udinese,Fiorentina,Home,5.0,1.0,0.0,H,0.0
24/09/08,809,Udinese,Bologna,Away,3.0,3.0,0.0,A,0.0
24/09/13,1314,Udinese,Genoa,Home,3.0,1.0,0.0,H,0.0
24/09/2019,1920,Udinese,Verona,Away,3.0,0.0,0.0,D,0.0
24/09/2023,2324,Udinese,Fiorentina,Home,8.0,0.0,2.0,A,0.0
24/10/10,1011,Udinese,Palermo,Home,7.0,2.0,1.0,H,1.0
24/10/2021,2122,Udinese,Atalanta,Away,3.0,1.0,1.0,D,0.0
24/11/13,1314,Udinese,Fiorentina,Home,11.0,1.0,0.0,H,0.0
24/11/2018,1819,Udinese,Roma,Home,3.0,1.0,0.0,H,0.0
24/11/2019,1920,Udinese,Sampdoria,Away,2.0,1.0,2.0,H,1.0
25/01/09,809,Udinese,Palermo,Away,4.0,2.0,3.0,H,0.0
25/02/07,607,Udinese,Parma,Home,5.0,3.0,3.0,D,0.0
25/02/13,1213,Udinese,Napoli,Home,1.0,0.0,0.0,D,0.0
25/02/18,1718,Udinese,Sampdoria,Away,4.0,1.0,2.0,H,0.0
25/02/2022,2122,Udinese,Milan,Away,6.0,1.0,1.0,D,0.0
25/04/09,809,Udinese,Chievo,Away,8.0,2.0,1.0,A,0.0
25/04/10,910,Udinese,Siena,Home,9.0,4.0,1.0,H,0.0
25/04/12,1112,Udinese,Inter,Home,5.0,1.0,3.0,A,0.0
25/04/15,1415,Udinese,Milan,Home,5.0,2.0,1.0,H,0.0
25/04/2021,2021,Udinese,Benevento,Away,7.0,4.0,2.0,A,0.0
25/04/2024,2324,Udinese,Roma,Home,3.0,1.0,2.0,A,0.0
25/05/2025,2425,Udinese,Fiorentina,Home,3.0,2.0,3.0,A,1.0
25/08/12,1213,Udinese,Fiorentina,Away,2.0,1.0,2.0,H,0.0
25/08/13,1314,Udinese,Lazio,Away,3.0,1.0,2.0,H,0.0
25/08/2019,1920,Udinese,Milan,Home,6.0,1.0,0.0,H,0.0
25/08/2025,2526,Udinese,Verona,Home,4.0,1.0,1.0,D,0.0
25/09/11,1112,Udinese,Cagliari,Away,4.0,0.0,0.0,D,0.0
25/09/14,1415,Udinese,Lazio,Away,2.0,1.0,0.0,A,0.0
25/09/16,1617,Udinese,Sassuolo,Away,3.0,0.0,1.0,H,0.0
25/10/06,607,Udinese,Empoli,Away,4.0,1.0,1.0,D,0.0
25/10/09,910,Udinese,Palermo,Away,7.0,0.0,1.0,H,0.0
25/10/15,1516,Udinese,Frosinone,Home,7.0,1.0,0.0,H,0.0
25/10/17,1718,Udinese,Sassuolo,Away,2.0,1.0,0.0,A,0.0
25/10/2020,2021,Udinese,Fiorentina,Away,6.0,2.0,3.0,H,0.0
25/10/2024,2425,Udinese,Cagliari,Home,4.0,2.0,0.0,H,0.0
25/10/2025,2526,Udinese,Lecce,Home,4.0,3.0,2.0,H,0.0
25/11/06,607,Udinese,Chievo,Away,3.0,0.0,2.0,H,0.0
25/11/07,708,Udinese,Siena,Home,7.0,2.0,0.0,H,1.0
25/11/11,1112,Udinese,Roma,Home,4.0,2.0,0.0,H,0.0
25/11/2024,2425,Udinese,Empoli,Away,3.0,1.0,1.0,D,0.0
26/01/14,1314,Udinese,Parma,Away,2.0,0.0,1.0,H,0.0
26/01/15,1415,Udinese,Empoli,Away,3.0,2.0,1.0,A,1.0
26/01/2019,1819,Udinese,Sampdoria,Away,0.0,0.0,4.0,H,0.0
26/01/2020,1920,Udinese,Parma,Away,5.0,0.0,2.0,H,0.0
26/01/2025,2425,Udinese,Roma,Home,3.0,1.0,2.0,A,0.0
26/01/2026,2526,Udinese,Verona,Away,7.0,3.0,1.0,A,0.0
26/02/06,506,Udinese,Inter,Away,4.0,1.0,3.0,H,1.0
26/02/12,1112,Udinese,Bologna,Away,5.0,3.0,1.0,A,0.0
26/02/17,1617,Udinese,Lazio,Away,3.0,0.0,1.0,H,0.0
26/02/2023,2223,Udinese,Spezia,Home,6.0,2.0,2.0,D,0.0
26/03/06,506,Udinese,Messina,Away,7.0,1.0,1.0,D,0.0
26/05/2019,1819,Udinese,Cagliari,Away,5.0,2.0,1.0,A,0.0
26/05/2024,2324,Udinese,Frosinone,Away,5.0,1.0,0.0,A,0.0
26/07/2020,1920,Udinese,Cagliari,Away,6.0,1.0,0.0,A,0.0
26/08/07,708,Udinese,Inter,Away,3.0,1.0,1.0,D,0.0
26/08/2018,1819,Udinese,Sampdoria,Home,5.0,1.0,0.0,H,0.0
26/08/2022,2223,Udinese,Monza,Away,4.0,2.0,1.0,A,0.0
26/09/07,708,Udinese,Genoa,Away,5.0,2.0,3.0,H,0.0
26/09/10,1011,Udinese,Sampdoria,Away,2.0,0.0,0.0,D,0.0
26/09/12,1213,Udinese,Torino,Away,3.0,0.0,0.0,D,0.0
26/09/2018,1819,Udinese,Lazio,Home,6.0,1.0,2.0,A,0.0
26/09/2021,2122,Udinese,Fiorentina,Home,5.0,0.0,1.0,A,0.0
26/10/05,506,Udinese,Ascoli,Away,4.0,1.0,1.0,D,0.0
26/10/08,809,Udinese,Roma,Home,7.0,3.0,1.0,H,0.0
26/10/11,1112,Udinese,Napoli,Away,2.0,0.0,2.0,H,0.0
26/10/14,1415,Udinese,Atalanta,Home,4.0,2.0,0.0,H,0.0
26/11/17,1718,Udinese,Napoli,Home,2.0,0.0,1.0,A,0.0
26/11/2023,2324,Udinese,Roma,Away,2.0,1.0,3.0,H,0.0
26/12/2018,1819,Udinese,Spal,Away,1.0,0.0,0.0,D,0.0
27/01/07,607,Udinese,Torino,Away,6.0,3.0,2.0,A,0.0
27/01/08,708,Udinese,Inter,Home,2.0,0.0,0.0,D,0.0
27/01/13,1213,Udinese,Siena,Home,3.0,1.0,0.0,H,0.0
27/01/2024,2324,Udinese,Atalanta,Away,5.0,0.0,2.0,H,0.0
27/02/08,708,Udinese,Parma,Away,2.0,0.0,2.0,H,0.0
27/02/11,1011,Udinese,Palermo,Away,14.0,7.0,0.0,A,0.0
27/03/14,1314,Udinese,Inter,Away,2.0,0.0,0.0,D,0.0
27/04/08,708,Udinese,Catania,Home,4.0,2.0,1.0,H,0.0
27/04/13,1213,Udinese,Cagliari,Away,2.0,1.0,0.0,A,0.0
27/04/14,1314,Udinese,Torino,Away,1.0,0.0,2.0,H,0.0
27/04/2022,2122,Udinese,Fiorentina,Away,8.0,4.0,0.0,A,0.0
27/04/2026,2526,Udinese,Lazio,Away,7.0,3.0,3.0,D,0.0
27/05/07,607,Udinese,Palermo,Home,9.0,1.0,2.0,A,0.0
27/05/2023,2223,Udinese,Salernitana,Away,4.0,2.0,3.0,H,1.0
27/08/17,1718,Udinese,Spal,Away,3.0,2.0,3.0,H,0.0
27/08/2021,2122,Udinese,Venezia,Home,10.0,3.0,0.0,H,0.0
27/09/09,910,Udinese,Genoa,Home,7.0,2.0,0.0,H,0.0
27/09/15,1516,Udinese,Bologna,Away,3.0,2.0,1.0,A,0.0
27/09/2020,2021,Udinese,Verona,Away,6.0,0.0,1.0,H,0.0
27/09/2023,2324,Udinese,Napoli,Away,3.0,1.0,4.0,H,0.0
27/10/13,1314,Udinese,Roma,Home,3.0,0.0,1.0,A,0.0
27/10/16,1617,Udinese,Palermo,Away,7.0,3.0,1.0,A,0.0
27/10/2019,1920,Udinese,Atalanta,Away,3.0,1.0,7.0,H,1.0
27/10/2021,2122,Udinese,Verona,Home,5.0,1.0,1.0,D,0.0
27/11/05,506,Udinese,Parma,Away,5.0,2.0,1.0,A,0.0
27/11/12,1213,Udinese,Lazio,Away,2.0,0.0,3.0,H,0.0
27/11/16,1617,Udinese,Cagliari,Away,5.0,1.0,2.0,H,0.0
27/12/2025,2526,Udinese,Lazio,Home,4.0,1.0,1.0,D,0.0
28/01/09,809,Udinese,Juventus,Home,5.0,2.0,1.0,H,0.0
28/01/12,1112,Udinese,Juventus,Away,3.0,1.0,2.0,H,0.0
28/01/18,1718,Udinese,Genoa,Away,1.0,1.0,0.0,A,1.0
28/02/07,607,Udinese,Inter,Away,1.0,1.0,1.0,D,0.0
28/02/10,910,Udinese,Inter,Home,7.0,2.0,3.0,A,0.0
28/02/16,1516,Udinese,Verona,Home,4.0,2.0,0.0,H,0.0
28/02/2021,2021,Udinese,Fiorentina,Home,3.0,1.0,0.0,H,0.0
28/03/10,910,Udinese,Fiorentina,Away,5.0,1.0,4.0,H,0.0
28/04/15,1415,Udinese,Inter,Home,1.0,1.0,2.0,A,2.0
28/04/2023,2223,Udinese,Lecce,Away,3.0,0.0,1.0,H,0.0
28/04/2024,2324,Udinese,Bologna,Away,4.0,1.0,1.0,D,0.0
28/04/2025,2425,Udinese,Bologna,Home,4.0,0.0,0.0,D,0.0
28/05/17,1617,Udinese,Inter,Away,4.0,2.0,5.0,H,0.0
28/06/2020,1920,Udinese,Atalanta,Home,4.0,2.0,3.0,A,0.0
28/08/05,506,Udinese,Empoli,Home,8.0,1.0,0.0,H,0.0
28/08/10,1011,Udinese,Genoa,Home,6.0,0.0,1.0,A,0.0
28/08/16,1617,Udinese,Empoli,Home,3.0,2.0,0.0,H,0.0
28/08/2023,2324,Udinese,Salernitana,Away,6.0,1.0,1.0,D,0.0
28/09/08,809,Udinese,Siena,Home,6.0,2.0,1.0,H,0.0
28/09/2024,2425,Udinese,Inter,Home,3.0,2.0,3.0,A,0.0
28/09/2025,2526,Udinese,Sassuolo,Away,5.0,1.0,3.0,H,0.0
28/10/06,607,Udinese,Roma,Home,2.0,0.0,1.0,A,1.0
28/10/07,708,Udinese,Lazio,Away,8.0,1.0,0.0,A,0.0
28/10/09,910,Udinese,Roma,Home,3.0,2.0,1.0,H,1.0
28/10/12,1213,Udinese,Roma,Away,7.0,3.0,2.0,A,0.0
28/10/15,1516,Udinese,Roma,Away,2.0,1.0,3.0,H,0.0
28/10/2018,1819,Udinese,Genoa,Away,8.0,2.0,2.0,D,0.0
28/11/09,910,Udinese,Livorno,Home,7.0,2.0,0.0,H,0.0
28/11/10,1011,Udinese,Napoli,Home,4.0,3.0,1.0,H,0.0
28/11/2021,2122,Udinese,Genoa,Home,3.0,0.0,0.0,D,0.0
29/01/06,506,Udinese,Fiorentina,Home,3.0,0.0,0.0,D,0.0
29/01/17,1617,Udinese,Milan,Home,5.0,2.0,1.0,H,0.0
29/04/07,607,Udinese,Catania,Home,3.0,0.0,1.0,A,3.0
29/04/12,1112,Udinese,Lazio,Home,6.0,2.0,0.0,H,0.0
29/04/18,1718,Udinese,Benevento,Away,6.0,3.0,3.0,D,0.0
29/04/2019,1819,Udinese,Atalanta,Away,2.0,0.0,2.0,H,0.0
29/07/2020,1920,Udinese,Lecce,Home,3.0,1.0,2.0,A,0.0
29/09/13,1314,Udinese,Atalanta,Away,3.0,0.0,2.0,H,0.0
29/09/14,1415,Udinese,Parma,Home,5.0,4.0,2.0,H,0.0
29/09/2019,1920,Udinese,Bologna,Home,4.0,1.0,0.0,H,0.0
29/10/08,809,Udinese,Catania,Away,6.0,2.0,0.0,A,0.0
29/10/14,1415,Udinese,Fiorentina,Away,1.0,0.0,3.0,H,0.0
29/10/17,1718,Udinese,Atalanta,Home,4.0,2.0,1.0,H,0.0
29/10/2023,2324,Udinese,Monza,Away,3.0,1.0,1.0,D,0.0
29/10/2025,2526,Udinese,Juventus,Away,2.0,1.0,3.0,H,0.0
29/11/15,1516,Udinese,Chievo,Away,5.0,3.0,2.0,A,0.0
29/11/2020,2021,Udinese,Lazio,Away,4.0,3.0,1.0,A,0.0
29/11/2025,2526,Udinese,Parma,Away,5.0,2.0,0.0,A,1.0
29/12/2018,1819,Udinese,Cagliari,Home,7.0,2.0,0.0,H,1.0
29/12/2024,2425,Udinese,Torino,Home,3.0,2.0,2.0,D,0.0
30/01/11,1011,Udinese,Juventus,Away,6.0,2.0,1.0,A,1.0
30/01/2023,2223,Udinese,Verona,Home,8.0,1.0,1.0,D,0.0
30/03/08,708,Udinese,Fiorentina,Home,10.0,3.0,1.0,H,0.0
30/03/13,1213,Udinese,Bologna,Home,5.0,0.0,0.0,D,0.0
30/03/2019,1819,Udinese,Genoa,Home,5.0,2.0,0.0,H,0.0
30/03/2025,2425,Udinese,Inter,Away,4.0,1.0,2.0,H,0.0
30/04/06,506,Udinese,Sampdoria,Away,3.0,1.0,1.0,D,0.0
30/04/16,1516,Udinese,Torino,Home,4.0,1.0,5.0,A,0.0
30/04/17,1617,Udinese,Bologna,Away,2.0,0.0,4.0,H,0.0
30/08/08,809,Udinese,Palermo,Home,7.0,3.0,1.0,H,0.0
30/08/09,910,Udinese,Sampdoria,Away,5.0,1.0,3.0,H,0.0
30/08/15,1516,Udinese,Palermo,Home,7.0,0.0,1.0,A,0.0
30/09/07,708,Udinese,Parma,Home,6.0,2.0,1.0,H,0.0
30/09/12,1213,Udinese,Genoa,Home,3.0,0.0,0.0,D,0.0
30/09/17,1718,Udinese,Sampdoria,Home,7.0,4.0,0.0,H,0.0
30/09/2018,1819,Udinese,Bologna,Away,2.0,1.0,2.0,H,0.0
30/09/2020,2021,Udinese,Spezia,Home,5.0,0.0,2.0,A,0.0
30/10/05,506,Udinese,Palermo,Home,2.0,0.0,0.0,D,0.0
30/10/11,1112,Udinese,Palermo,Home,4.0,1.0,0.0,H,0.0
30/10/13,1314,Udinese,Sassuolo,Away,4.0,2.0,1.0,A,0.0
30/10/2019,1920,Udinese,Roma,Home,5.0,0.0,4.0,A,0.0
30/10/2022,2223,Udinese,Cremonese,Away,3.0,0.0,0.0,D,0.0
30/10/2024,2425,Udinese,Venezia,Away,5.0,2.0,3.0,H,1.0
30/11/08,809,Udinese,Chievo,Home,3.0,0.0,1.0,A,1.0
30/11/14,1415,Udinese,Milan,Away,0.0,0.0,2.0,H,1.0
30/12/17,1718,Udinese,Bologna,Away,4.0,2.0,1.0,A,0.0
30/12/2023,2324,Udinese,Bologna,Home,7.0,3.0,0.0,H,0.0
31/01/09,809,Udinese,Napoli,Away,5.0,2.0,2.0,D,0.0
31/01/10,910,Udinese,Catania,Away,5.0,1.0,1.0,D,0.0
31/01/16,1516,Udinese,Lazio,Home,1.0,0.0,0.0,D,1.0
31/01/2021,2021,Udinese,Spezia,Away,4.0,1.0,0.0,A,1.0
31/03/14,1314,Udinese,Catania,Home,7.0,1.0,0.0,H,0.0
31/03/18,1718,Udinese,Atalanta,Away,2.0,0.0,2.0,H,0.0
31/05/09,809,Udinese,Cagliari,Home,10.0,6.0,2.0,H,0.0
31/05/15,1415,Udinese,Cagliari,Away,6.0,3.0,4.0,H,0.0
31/08/14,1415,Udinese,Empoli,Home,5.0,2.0,0.0,H,0.0
31/08/2022,2223,Udinese,Fiorentina,Home,3.0,1.0,0.0,H,0.0
31/08/2025,2526,Udinese,Inter,Away,5.0,2.0,1.0,A,0.0
31/10/07,708,Udinese,Torino,Home,6.0,2.0,1.0,H,1.0
31/10/10,1011,Udinese,Bari,Away,6.0,2.0,0.0,A,0.0
31/10/12,1213,Udinese,Catania,Home,6.0,2.0,2.0,D,0.0
31/10/16,1617,Udinese,Torino,Home,5.0,2.0,2.0,D,0.0
31/10/2021,2122,Udinese,Inter,Away,5.0,0.0,2.0,H,0.0
01/02/2025,2425,Venezia,Udinese,Away,3.0,2.0,3.0,H,0.0
01/03/2025,2425,Venezia,Atalanta,Away,2.0,0.0,0.0,D,0.0
01/05/2022,2122,Venezia,Juventus,Away,3.0,1.0,2.0,H,0.0
01/10/2021,2122,Venezia,Cagliari,Away,4.0,1.0,1.0,D,0.0
02/04/2022,2122,Venezia,Spezia,Away,2.0,0.0,1.0,H,0.0
02/05/2025,2425,Venezia,Torino,Away,3.0,1.0,1.0,D,0.0
03/11/2024,2425,Venezia,Inter,Away,2.0,0.0,1.0,H,0.0
04/01/2025,2425,Venezia,Empoli,Home,3.0,1.0,1.0,D,0.0
04/10/2024,2425,Venezia,Verona,Away,2.0,1.0,2.0,H,0.0
05/05/2022,2122,Venezia,Salernitana,Away,4.0,1.0,2.0,H,1.0
05/12/2021,2122,Venezia,Verona,Home,5.0,3.0,4.0,A,1.0
06/02/2022,2122,Venezia,Napoli,Home,3.0,0.0,2.0,A,1.0
06/03/2022,2122,Venezia,Sassuolo,Home,5.0,1.0,4.0,A,0.0
06/04/2025,2425,Venezia,Lecce,Away,3.0,1.0,1.0,D,0.0
07/11/2021,2122,Venezia,Roma,Home,7.0,3.0,2.0,H,0.0
08/03/2025,2425,Venezia,Como,Away,6.0,1.0,1.0,D,0.0
08/05/2022,2122,Venezia,Bologna,Home,9.0,4.0,3.0,H,0.0
08/12/2024,2425,Venezia,Como,Home,4.0,2.0,2.0,D,0.0
09/01/2022,2122,Venezia,Milan,Home,3.0,0.0,3.0,A,1.0
09/02/2025,2425,Venezia,Roma,Home,3.0,0.0,1.0,A,0.0
09/11/2024,2425,Venezia,Parma,Home,6.0,1.0,2.0,A,0.0
10/04/2022,2122,Venezia,Udinese,Home,4.0,1.0,2.0,A,0.0
11/09/2021,2122,Venezia,Empoli,Away,3.0,2.0,1.0,A,0.0
11/12/2021,2122,Venezia,Juventus,Home,4.0,1.0,1.0,D,0.0
12/01/2025,2425,Venezia,Inter,Home,2.0,0.0,1.0,A,0.0
12/02/2022,2122,Venezia,Torino,Away,2.0,2.0,1.0,A,1.0
12/04/2025,2425,Venezia,Monza,Home,4.0,1.0,0.0,H,1.0
12/05/2025,2425,Venezia,Fiorentina,Home,4.0,2.0,1.0,H,0.0
14/03/2022,2122,Venezia,Lazio,Away,2.0,0.0,1.0,H,0.0
14/05/2022,2122,Venezia,Roma,Away,2.0,1.0,1.0,D,1.0
14/09/2024,2425,Venezia,Milan,Away,1.0,0.0,4.0,H,1.0
14/12/2024,2425,Venezia,Juventus,Away,2.0,2.0,2.0,D,0.0
16/01/2022,2122,Venezia,Empoli,Home,3.0,1.0,1.0,D,0.0
16/03/2025,2425,Venezia,Napoli,Home,4.0,0.0,0.0,D,0.0
16/04/2022,2122,Venezia,Fiorentina,Away,1.0,0.0,1.0,H,0.0
17/02/2025,2425,Venezia,Genoa,Away,3.0,0.0,2.0,H,0.0
18/05/2025,2425,Venezia,Cagliari,Away,1.0,0.0,3.0,H,0.0
18/08/2024,2425,Venezia,Lazio,Away,3.0,1.0,3.0,H,0.0
18/10/2021,2122,Venezia,Fiorentina,Home,2.0,1.0,0.0,H,0.0
19/01/2025,2425,Venezia,Parma,Away,2.0,1.0,1.0,D,0.0
19/09/2021,2122,Venezia,Spezia,Home,3.0,1.0,2.0,A,0.0
19/12/2021,2122,Venezia,Sampdoria,Away,1.0,1.0,1.0,D,0.0
20/02/2022,2122,Venezia,Genoa,Home,4.0,1.0,1.0,D,0.0
20/03/2022,2122,Venezia,Sampdoria,Home,1.0,0.0,2.0,A,1.0
20/04/2025,2425,Venezia,Empoli,Away,7.0,2.0,2.0,D,0.0
20/10/2024,2425,Venezia,Atalanta,Home,4.0,0.0,2.0,A,0.0
21/09/2024,2425,Venezia,Genoa,Home,4.0,2.0,0.0,H,0.0
21/11/2021,2122,Venezia,Bologna,Away,6.0,1.0,0.0,A,0.0
22/01/2022,2122,Venezia,Inter,Away,3.0,1.0,2.0,H,0.0
22/02/2025,2425,Venezia,Lazio,Home,2.0,0.0,0.0,D,0.0
22/05/2022,2122,Venezia,Cagliari,Home,1.0,0.0,0.0,D,0.0
22/08/2021,2122,Venezia,Napoli,Away,4.0,0.0,2.0,H,0.0
22/09/2021,2122,Venezia,Milan,Away,2.0,0.0,2.0,H,0.0
22/12/2021,2122,Venezia,Lazio,Home,2.0,1.0,3.0,A,1.0
22/12/2024,2425,Venezia,Cagliari,Home,6.0,2.0,1.0,H,0.0
23/04/2022,2122,Venezia,Atalanta,Home,2.0,1.0,3.0,A,0.0
23/10/2021,2122,Venezia,Sassuolo,Away,3.0,1.0,3.0,H,0.0
25/05/2025,2425,Venezia,Juventus,Home,5.0,2.0,3.0,A,0.0
25/08/2024,2425,Venezia,Fiorentina,Away,4.0,0.0,0.0,D,0.0
25/11/2024,2425,Venezia,Lecce,Home,6.0,0.0,1.0,A,0.0
26/10/2021,2122,Venezia,Salernitana,Home,4.0,1.0,2.0,A,1.0
27/01/2025,2425,Venezia,Verona,Home,1.0,1.0,1.0,D,0.0
27/02/2022,2122,Venezia,Verona,Away,4.0,1.0,3.0,H,0.0
27/04/2025,2425,Venezia,Milan,Home,2.0,0.0,2.0,A,0.0
27/08/2021,2122,Venezia,Udinese,Away,3.0,0.0,3.0,H,0.0
27/09/2021,2122,Venezia,Torino,Home,2.0,1.0,1.0,D,0.0
27/10/2024,2425,Venezia,Monza,Away,2.0,2.0,2.0,D,0.0
27/11/2021,2122,Venezia,Inter,Home,1.0,0.0,2.0,A,0.0
29/03/2025,2425,Venezia,Bologna,Home,3.0,0.0,1.0,A,0.0
29/09/2024,2425,Venezia,Roma,Away,7.0,1.0,2.0,H,0.0
29/12/2024,2425,Venezia,Napoli,Away,2.0,0.0,1.0,H,0.0
30/08/2024,2425,Venezia,Torino,Home,4.0,0.0,1.0,A,0.0
30/10/2024,2425,Venezia,Udinese,Home,7.0,3.0,2.0,H,0.0
30/11/2021,2122,Venezia,Atalanta,Away,4.0,0.0,4.0,H,0.0
30/11/2024,2425,Venezia,Bologna,Away,1.0,0.0,3.0,H,0.0
31/10/2021,2122,Venezia,Genoa,Away,2.0,0.0,0.0,D,0.0
01/02/15,1415,Verona,Palermo,Away,4.0,1.0,2.0,H,0.0
01/02/2025,2425,Verona,Monza,Away,4.0,1.0,0.0,A,0.0
01/03/15,1415,Verona,Cagliari,Away,3.0,2.0,1.0,A,0.0
01/04/2023,2223,Verona,Juventus,Away,3.0,0.0,1.0,H,0.0
01/04/2024,2324,Verona,Cagliari,Away,5.0,1.0,1.0,D,0.0
01/05/16,1516,Verona,Sassuolo,Away,2.0,0.0,1.0,H,0.0
01/05/2021,2021,Verona,Spezia,Home,6.0,1.0,1.0,D,0.0
01/07/2020,1920,Verona,Parma,Home,5.0,3.0,2.0,H,0.0
01/09/13,1314,Verona,Roma,Away,1.0,0.0,3.0,H,0.0
01/09/2019,1920,Verona,Lecce,Away,6.0,1.0,0.0,A,0.0
01/09/2023,2324,Verona,Sassuolo,Away,3.0,1.0,3.0,H,0.0
01/09/2024,2425,Verona,Genoa,Away,3.0,2.0,0.0,A,0.0
01/10/17,1718,Verona,Torino,Away,7.0,2.0,2.0,D,1.0
01/11/15,1516,Verona,Carpi,Away,3.0,0.0,0.0,D,0.0
01/12/2019,1920,Verona,Roma,Home,3.0,1.0,3.0,A,0.0
02/02/14,1314,Verona,Sassuolo,Away,1.0,2.0,1.0,A,0.0
02/02/2020,1920,Verona,Milan,Away,6.0,1.0,1.0,D,1.0
02/03/14,1314,Verona,Bologna,Home,2.0,0.0,0.0,D,0.0
02/08/2020,1920,Verona,Genoa,Away,3.0,0.0,3.0,H,1.0
02/10/2023,2324,Verona,Torino,Away,2.0,0.0,0.0,D,0.0
02/11/2020,2021,Verona,Benevento,Home,7.0,3.0,1.0,H,0.0
02/11/2025,2526,Verona,Inter,Home,2.0,1.0,2.0,A,0.0
02/12/13,1314,Verona,Fiorentina,Away,7.0,3.0,4.0,H,1.0
03/01/2021,2021,Verona,Spezia,Away,4.0,1.0,0.0,A,0.0
03/02/16,1516,Verona,Atalanta,Home,5.0,2.0,1.0,H,0.0
03/03/2021,2021,Verona,Benevento,Away,6.0,3.0,0.0,A,0.0
03/03/2024,2324,Verona,Sassuolo,Home,5.0,1.0,0.0,H,0.0
03/03/2025,2425,Verona,Juventus,Away,2.0,0.0,2.0,H,0.0
03/04/2021,2021,Verona,Cagliari,Away,5.0,2.0,0.0,A,0.0
03/05/15,1415,Verona,Udinese,Home,3.0,0.0,1.0,A,2.0
03/05/2023,2223,Verona,Inter,Home,2.0,0.0,6.0,A,0.0
03/05/2025,2425,Verona,Inter,Away,1.0,0.0,1.0,H,0.0
03/05/2026,2526,Verona,Juventus,Away,3.0,1.0,1.0,D,0.0
03/10/15,1516,Verona,Chievo,Away,3.0,1.0,1.0,D,0.0
03/10/2021,2122,Verona,Spezia,Home,4.0,4.0,0.0,H,0.0
03/10/2022,2223,Verona,Udinese,Home,2.0,1.0,2.0,A,0.0
03/10/2025,2526,Verona,Sassuolo,Home,9.0,0.0,1.0,A,0.0
03/11/13,1314,Verona,Cagliari,Home,4.0,2.0,1.0,H,0.0
03/11/14,1415,Verona,Cesena,Away,2.0,1.0,1.0,D,0.0
03/11/2019,1920,Verona,Brescia,Home,6.0,2.0,1.0,H,0.0
03/11/2024,2425,Verona,Roma,Home,3.0,3.0,2.0,H,1.0
03/12/2023,2324,Verona,Udinese,Away,4.0,3.0,3.0,D,0.0
04/01/2023,2223,Verona,Torino,Away,2.0,1.0,1.0,D,0.0
04/01/2025,2425,Verona,Udinese,Home,3.0,0.0,0.0,D,1.0
04/01/2026,2526,Verona,Torino,Home,3.0,0.0,3.0,A,0.0
04/02/18,1718,Verona,Roma,Home,1.0,0.0,1.0,A,0.0
04/02/2024,2324,Verona,Napoli,Away,2.0,1.0,2.0,H,0.0
04/04/15,1415,Verona,Cesena,Home,5.0,3.0,3.0,D,0.0
04/04/16,1516,Verona,Bologna,Away,1.0,1.0,0.0,A,0.0
04/04/18,1718,Verona,Benevento,Away,0.0,0.0,3.0,H,0.0
04/04/2022,2122,Verona,Genoa,Home,3.0,1.0,0.0,H,0.0
04/04/2026,2526,Verona,Fiorentina,Home,8.0,0.0,1.0,A,1.0
04/06/2023,2223,Verona,Milan,Away,1.0,1.0,3.0,H,0.0
04/09/2022,2223,Verona,Sampdoria,Home,9.0,2.0,1.0,H,0.0
04/10/14,1415,Verona,Cagliari,Home,5.0,1.0,0.0,H,0.0
04/10/2020,2021,Verona,Parma,Away,5.0,0.0,1.0,H,0.0
04/10/2024,2425,Verona,Venezia,Home,4.0,2.0,1.0,H,0.0
04/12/17,1718,Verona,Genoa,Home,3.0,0.0,1.0,A,0.0
05/01/2020,1920,Verona,Spal,Away,9.0,2.0,0.0,A,0.0
05/02/2020,1920,Verona,Lazio,Away,6.0,0.0,0.0,D,0.0
05/03/16,1516,Verona,Sampdoria,Home,4.0,0.0,3.0,A,0.0
05/03/2023,2223,Verona,Spezia,Away,3.0,0.0,0.0,D,0.0
05/04/14,1314,Verona,Chievo,Away,5.0,1.0,0.0,A,0.0
05/05/14,1314,Verona,Lazio,Away,6.0,3.0,3.0,D,1.0
05/05/18,1718,Verona,Milan,Away,2.0,1.0,4.0,H,0.0
05/05/2024,2324,Verona,Fiorentina,Home,4.0,2.0,1.0,H,0.0
05/07/2020,1920,Verona,Brescia,Away,9.0,0.0,2.0,H,0.0
05/10/2019,1920,Verona,Sampdoria,Home,4.0,2.0,0.0,H,0.0
05/11/17,1718,Verona,Cagliari,Away,2.0,1.0,2.0,H,0.0
05/11/2023,2324,Verona,Monza,Home,5.0,1.0,3.0,A,0.0
05/12/2021,2122,Verona,Venezia,Away,6.0,4.0,3.0,A,0.0
06/01/14,1314,Verona,Udinese,Away,3.0,3.0,1.0,A,0.0
06/01/15,1415,Verona,Empoli,Away,5.0,0.0,0.0,D,1.0
06/01/16,1516,Verona,Juventus,Away,1.0,0.0,3.0,H,0.0
06/01/18,1718,Verona,Napoli,Away,1.0,0.0,2.0,H,0.0
06/01/2021,2021,Verona,Torino,Away,2.0,1.0,1.0,D,0.0
06/01/2022,2122,Verona,Spezia,Away,5.0,2.0,1.0,A,0.0
06/01/2024,2324,Verona,Inter,Away,3.0,1.0,2.0,H,1.0
06/02/2022,2122,Verona,Juventus,Away,1.0,0.0,2.0,H,0.0
06/02/2023,2223,Verona,Lazio,Home,4.0,1.0,1.0,D,0.0
06/02/2026,2526,Verona,Pisa,Home,0.0,0.0,0.0,D,0.0
06/03/2022,2122,Verona,Fiorentina,Away,2.0,1.0,1.0,D,0.0
06/04/2025,2425,Verona,Torino,Away,1.0,1.0,1.0,D,0.0
06/10/13,1314,Verona,Bologna,Away,5.0,4.0,1.0,A,0.0
06/11/2022,2223,Verona,Monza,Away,2.0,0.0,2.0,H,1.0
06/12/15,1516,Verona,Empoli,Home,4.0,0.0,1.0,A,0.0
06/12/2020,2021,Verona,Cagliari,Home,6.0,1.0,1.0,D,0.0
06/12/2025,2526,Verona,Atalanta,Home,7.0,3.0,1.0,H,0.0
07/01/2026,2526,Verona,Napoli,Away,4.0,2.0,2.0,D,0.0
07/02/15,1415,Verona,Torino,Home,5.0,1.0,3.0,A,0.0
07/02/16,1516,Verona,Inter,Home,4.0,3.0,3.0,D,0.0
07/02/2021,2021,Verona,Udinese,Away,1.0,0.0,2.0,H,0.0
07/03/15,1415,Verona,Milan,Away,4.0,2.0,2.0,D,0.0
07/03/2021,2021,Verona,Milan,Home,1.0,0.0,2.0,A,0.0
07/04/2024,2324,Verona,Genoa,Home,3.0,1.0,2.0,A,0.0
07/05/2023,2223,Verona,Lecce,Away,3.0,1.0,0.0,A,0.0
07/11/15,1516,Verona,Bologna,Home,2.0,0.0,2.0,A,0.0
07/11/2021,2122,Verona,Napoli,Away,3.0,1.0,1.0,D,2.0
07/12/2019,1920,Verona,Atalanta,Away,2.0,2.0,3.0,H,1.0
08/02/2020,1920,Verona,Juventus,Home,5.0,2.0,1.0,H,0.0
08/02/2025,2425,Verona,Atalanta,Home,7.0,0.0,5.0,A,0.0
08/03/2020,1920,Verona,Sampdoria,Away,2.0,1.0,2.0,H,0.0
08/03/2026,2526,Verona,Bologna,Away,5.0,2.0,1.0,A,0.0
08/04/18,1718,Verona,Cagliari,Home,4.0,1.0,0.0,H,0.0
08/04/2023,2223,Verona,Sassuolo,Home,3.0,2.0,1.0,H,0.0
08/05/16,1516,Verona,Juventus,Home,4.0,2.0,1.0,H,0.0
08/05/2022,2122,Verona,Milan,Home,3.0,1.0,3.0,A,0.0
08/10/2023,2324,Verona,Frosinone,Away,4.0,1.0,2.0,H,0.0
08/11/2020,2021,Verona,Milan,Away,3.0,2.0,2.0,D,0.0
08/11/2025,2526,Verona,Lecce,Away,2.0,0.0,0.0,D,0.0
08/12/13,1314,Verona,Atalanta,Home,6.0,2.0,1.0,H,0.0
08/12/14,1415,Verona,Sampdoria,Home,6.0,1.0,3.0,A,1.0
08/12/2024,2425,Verona,Empoli,Home,3.0,1.0,4.0,A,0.0
09/01/2022,2122,Verona,Salernitana,Home,7.0,1.0,2.0,A,1.0
09/01/2023,2223,Verona,Cremonese,Home,4.0,2.0,0.0,H,0.0
09/02/14,1314,Verona,Juventus,Home,3.0,2.0,2.0,D,0.0
09/03/14,1314,Verona,Parma,Away,3.0,0.0,2.0,H,0.0
09/03/2025,2425,Verona,Bologna,Home,2.0,1.0,2.0,A,1.0
09/04/2022,2122,Verona,Inter,Away,3.0,0.0,2.0,H,0.0
09/05/2021,2021,Verona,Torino,Home,7.0,1.0,1.0,D,0.0
09/07/2020,1920,Verona,Inter,Home,4.0,2.0,2.0,D,0.0
09/10/2022,2223,Verona,Salernitana,Away,2.0,1.0,2.0,H,1.0
09/11/14,1415,Verona,Inter,Away,5.0,2.0,2.0,D,0.0
09/11/2019,1920,Verona,Inter,Away,2.0,1.0,2.0,H,0.0
09/12/2023,2324,Verona,Lazio,Home,1.0,1.0,1.0,D,1.0
10/01/16,1516,Verona,Palermo,Home,7.0,0.0,1.0,A,0.0
10/01/2021,2021,Verona,Crotone,Home,7.0,2.0,1.0,H,0.0
10/03/18,1718,Verona,Chievo,Home,2.0,1.0,0.0,H,0.0
10/03/2024,2324,Verona,Lecce,Away,4.0,1.0,0.0,A,1.0
10/04/16,1516,Verona,Napoli,Away,1.0,0.0,3.0,H,1.0
10/05/14,1314,Verona,Udinese,Home,4.0,2.0,2.0,D,0.0
10/05/15,1415,Verona,Chievo,Away,3.0,2.0,2.0,D,0.0
10/05/2026,2526,Verona,Como,Home,3.0,0.0,1.0,A,0.0
10/09/17,1718,Verona,Fiorentina,Home,2.0,0.0,5.0,A,0.0
10/11/13,1314,Verona,Genoa,Away,4.0,0.0,2.0,H,0.0
10/11/2022,2223,Verona,Juventus,Home,2.0,0.0,1.0,A,0.0
10/11/2023,2324,Verona,Genoa,Away,1.0,0.0,1.0,H,0.0
10/11/2024,2425,Verona,Fiorentina,Away,2.0,1.0,3.0,H,0.0
10/12/17,1718,Verona,Spal,Away,8.0,2.0,2.0,D,0.0
11/01/15,1415,Verona,Parma,Home,6.0,3.0,1.0,H,0.0
11/01/2026,2526,Verona,Lazio,Home,2.0,0.0,1.0,A,0.0
11/02/16,1516,Verona,Lazio,Away,4.0,2.0,5.0,H,0.0
11/02/18,1718,Verona,Sampdoria,Away,1.0,0.0,2.0,H,0.0
11/02/2024,2324,Verona,Monza,Away,1.0,0.0,0.0,D,0.0
11/04/15,1415,Verona,Inter,Home,5.0,0.0,3.0,A,0.0
11/04/2021,2021,Verona,Lazio,Home,1.0,0.0,1.0,A,0.0
11/04/2026,2526,Verona,Torino,Away,4.0,1.0,2.0,H,0.0
11/05/2025,2425,Verona,Lecce,Home,2.0,1.0,1.0,D,0.0
11/09/2022,2223,Verona,Lazio,Away,1.0,0.0,2.0,H,0.0
12/01/14,1314,Verona,Napoli,Home,2.0,0.0,3.0,A,0.0
12/01/2020,1920,Verona,Genoa,Home,9.0,2.0,1.0,H,0.0
12/01/2025,2425,Verona,Napoli,Away,2.0,0.0,2.0,H,0.0
12/03/2023,2223,Verona,Monza,Home,3.0,1.0,1.0,D,0.0
12/05/2024,2324,Verona,Torino,Home,5.0,1.0,2.0,A,1.0
12/07/2020,1920,Verona,Fiorentina,Away,4.0,1.0,1.0,D,0.0
12/12/2020,2021,Verona,Lazio,Away,3.0,2.0,1.0,A,0.0
12/12/2021,2122,Verona,Atalanta,Home,4.0,1.0,2.0,A,0.0
13/01/2024,2324,Verona,Empoli,Home,7.0,2.0,1.0,H,1.0
13/02/2022,2122,Verona,Udinese,Home,5.0,4.0,0.0,H,0.0
13/02/2023,2223,Verona,Salernitana,Home,4.0,1.0,0.0,H,0.0
13/03/16,1516,Verona,Fiorentina,Away,4.0,1.0,1.0,D,0.0
13/03/2021,2021,Verona,Sassuolo,Away,7.0,2.0,3.0,H,0.0
13/03/2022,2122,Verona,Napoli,Home,1.0,1.0,2.0,A,2.0
13/04/14,1314,Verona,Fiorentina,Home,6.0,3.0,5.0,A,1.0
13/04/2025,2425,Verona,Genoa,Home,2.0,0.0,0.0,D,0.0
13/05/18,1718,Verona,Udinese,Home,1.0,0.0,1.0,A,0.0
13/05/2021,2021,Verona,Crotone,Away,2.0,1.0,2.0,H,0.0
13/09/15,1516,Verona,Torino,Home,3.0,2.0,2.0,D,0.0
13/09/2021,2122,Verona,Bologna,Away,1.0,0.0,1.0,H,0.0
13/11/2022,2223,Verona,Spezia,Home,5.0,1.0,2.0,A,0.0
13/12/15,1516,Verona,Milan,Away,2.0,1.0,1.0,D,0.0
14/01/2023,2223,Verona,Inter,Away,1.0,0.0,1.0,H,0.0
14/05/2022,2122,Verona,Torino,Home,5.0,0.0,1.0,A,0.0
14/05/2023,2223,Verona,Torino,Home,4.0,0.0,1.0,A,0.0
14/12/13,1314,Verona,Catania,Away,1.0,0.0,0.0,D,0.0
14/12/14,1415,Verona,Udinese,Away,4.0,2.0,1.0,A,0.0
14/12/2025,2526,Verona,Fiorentina,Away,3.0,2.0,1.0,A,0.0
15/01/2026,2526,Verona,Bologna,Home,5.0,2.0,3.0,A,0.0
15/02/15,1415,Verona,Genoa,Away,6.0,2.0,5.0,H,0.0
15/02/2021,2021,Verona,Parma,Home,5.0,2.0,1.0,H,0.0
15/02/2025,2425,Verona,Milan,Away,2.0,0.0,1.0,H,0.0
15/02/2026,2526,Verona,Parma,Away,1.0,1.0,2.0,H,1.0
15/03/14,1314,Verona,Inter,Home,4.0,0.0,2.0,A,0.0
15/03/15,1415,Verona,Napoli,Home,5.0,2.0,0.0,H,1.0
15/03/2025,2425,Verona,Udinese,Away,2.0,1.0,0.0,A,0.0
15/03/2026,2526,Verona,Genoa,Home,1.0,0.0,2.0,A,0.0
15/04/18,1718,Verona,Bologna,Away,1.0,0.0,2.0,H,0.0
15/04/2023,2223,Verona,Napoli,Away,2.0,0.0,0.0,D,0.0
15/04/2024,2324,Verona,Atalanta,Away,5.0,2.0,2.0,D,0.0
15/05/16,1516,Verona,Palermo,Away,4.0,2.0,3.0,H,1.0
15/07/2020,1920,Verona,Roma,Away,3.0,1.0,2.0,H,0.0
15/08/2022,2223,Verona,Napoli,Home,3.0,2.0,5.0,A,0.0
15/09/13,1314,Verona,Sassuolo,Home,3.0,2.0,0.0,H,0.0
15/09/14,1415,Verona,Palermo,Home,5.0,2.0,1.0,H,0.0
15/09/2019,1920,Verona,Milan,Home,2.0,0.0,1.0,A,1.0
15/09/2025,2526,Verona,Cremonese,Home,9.0,0.0,0.0,D,0.0
15/12/2019,1920,Verona,Torino,Home,8.0,3.0,3.0,D,0.0
15/12/2024,2425,Verona,Parma,Away,6.0,3.0,2.0,A,0.0
16/01/2021,2021,Verona,Bologna,Away,1.0,0.0,1.0,H,0.0
16/01/2022,2122,Verona,Sassuolo,Away,6.0,4.0,2.0,A,0.0
16/02/2020,1920,Verona,Udinese,Away,6.0,0.0,0.0,D,0.0
16/09/17,1718,Verona,Roma,Away,1.0,0.0,3.0,H,1.0
16/09/2024,2425,Verona,Lazio,Away,2.0,1.0,2.0,H,0.0
16/10/17,1718,Verona,Benevento,Home,3.0,1.0,0.0,H,0.0
16/10/2021,2122,Verona,Milan,Away,5.0,2.0,3.0,H,0.0
16/10/2022,2223,Verona,Milan,Home,5.0,1.0,2.0,A,0.0
16/12/2020,2021,Verona,Sampdoria,Home,6.0,1.0,2.0,A,1.0
17/01/16,1516,Verona,Roma,Away,3.0,1.0,1.0,D,0.0
17/02/14,1314,Verona,Torino,Home,4.0,1.0,3.0,A,0.0
17/02/2024,2324,Verona,Juventus,Home,9.0,2.0,2.0,D,0.0
17/03/2024,2324,Verona,Milan,Home,4.0,1.0,3.0,A,0.0
17/04/16,1516,Verona,Frosinone,Home,4.0,1.0,2.0,A,0.0
17/04/2021,2021,Verona,Sampdoria,Away,8.0,1.0,3.0,H,0.0
17/05/15,1415,Verona,Empoli,Home,4.0,2.0,1.0,H,0.0
17/05/2021,2021,Verona,Bologna,Home,5.0,2.0,2.0,D,0.0
17/05/2026,2526,Verona,Inter,Away,5.0,1.0,1.0,D,0.0
17/12/17,1718,Verona,Milan,Home,4.0,3.0,0.0,H,0.0
17/12/2023,2324,Verona,Fiorentina,Away,7.0,0.0,1.0,H,0.0
18/01/15,1415,Verona,Juventus,Away,1.0,0.0,4.0,H,0.0
18/03/18,1718,Verona,Atalanta,Home,0.0,0.0,5.0,A,0.0
18/04/18,1718,Verona,Sassuolo,Home,2.0,0.0,1.0,A,0.0
18/04/2022,2122,Verona,Atalanta,Away,6.0,2.0,1.0,A,0.0
18/05/14,1314,Verona,Napoli,Away,5.0,1.0,5.0,H,0.0
18/05/2025,2425,Verona,Como,Home,3.0,1.0,1.0,D,0.0
18/07/2020,1920,Verona,Atalanta,Home,8.0,1.0,1.0,D,0.0
18/08/2024,2425,Verona,Napoli,Home,5.0,3.0,0.0,H,0.0
18/09/2022,2223,Verona,Fiorentina,Away,1.0,0.0,2.0,H,0.0
18/09/2023,2324,Verona,Bologna,Home,1.0,0.0,0.0,D,0.0
18/10/15,1516,Verona,Udinese,Home,2.0,1.0,1.0,D,0.0
18/10/2025,2526,Verona,Pisa,Away,3.0,0.0,0.0,D,0.0
19/01/14,1314,Verona,Milan,Away,3.0,0.0,1.0,H,0.0
19/01/2020,1920,Verona,Bologna,Away,8.0,1.0,1.0,D,0.0
19/01/2025,2425,Verona,Lazio,Home,3.0,0.0,3.0,A,1.0
19/01/2026,2526,Verona,Cremonese,Away,4.0,0.0,0.0,D,0.0
19/02/18,1718,Verona,Lazio,Away,0.0,0.0,2.0,H,0.0
19/02/2022,2122,Verona,Roma,Away,3.0,2.0,2.0,D,0.0
19/02/2023,2223,Verona,Roma,Away,1.0,0.0,1.0,H,0.0
19/03/2023,2223,Verona,Sampdoria,Away,6.0,1.0,3.0,H,0.0
19/04/14,1314,Verona,Atalanta,Away,6.0,2.0,1.0,A,0.0
19/04/2025,2425,Verona,Roma,Away,2.0,0.0,1.0,H,0.0
19/04/2026,2526,Verona,Milan,Home,2.0,0.0,1.0,A,0.0
19/05/18,1718,Verona,Juventus,Away,3.0,1.0,2.0,H,0.0
19/08/17,1718,Verona,Napoli,Home,4.0,1.0,3.0,A,0.0
19/08/2023,2324,Verona,Empoli,Away,4.0,1.0,0.0,A,0.0
19/09/2020,2021,Verona,Roma,Home,7.0,0.0,0.0,D,0.0
19/09/2021,2122,Verona,Roma,Home,6.0,3.0,2.0,H,0.0
19/10/14,1415,Verona,Milan,Home,8.0,1.0,3.0,A,1.0
19/10/2019,1920,Verona,Napoli,Away,6.0,0.0,2.0,H,0.0
19/10/2020,2021,Verona,Genoa,Home,12.0,0.0,0.0,D,0.0
19/12/2020,2021,Verona,Fiorentina,Away,3.0,1.0,1.0,D,0.0
19/12/2021,2122,Verona,Torino,Away,2.0,0.0,1.0,H,1.0
20/01/2024,2324,Verona,Roma,Away,3.0,1.0,2.0,H,0.0
20/02/16,1516,Verona,Chievo,Home,8.0,3.0,1.0,H,1.0
20/02/2021,2021,Verona,Genoa,Away,4.0,2.0,2.0,D,0.0
20/02/2026,2526,Verona,Sassuolo,Away,1.0,0.0,3.0,H,1.0
20/03/16,1516,Verona,Carpi,Home,3.0,1.0,2.0,A,1.0
20/03/2022,2122,Verona,Empoli,Away,4.0,1.0,1.0,D,0.0
20/04/15,1415,Verona,Fiorentina,Away,4.0,1.0,0.0,A,0.0
20/04/16,1516,Verona,Empoli,Away,6.0,0.0,1.0,H,1.0
20/04/2021,2021,Verona,Fiorentina,Home,7.0,1.0,2.0,A,0.0
20/04/2024,2324,Verona,Udinese,Home,4.0,1.0,0.0,H,0.0
20/05/2023,2223,Verona,Atalanta,Away,2.0,1.0,3.0,H,0.0
20/05/2024,2324,Verona,Salernitana,Away,5.0,2.0,1.0,A,0.0
20/06/2020,1920,Verona,Cagliari,Home,6.0,2.0,1.0,H,1.0
20/09/15,1516,Verona,Atalanta,Away,3.0,1.0,1.0,D,1.0
20/09/17,1718,Verona,Sampdoria,Home,6.0,0.0,0.0,D,0.0
20/09/2024,2425,Verona,Torino,Home,2.0,2.0,3.0,A,1.0
20/09/2025,2526,Verona,Juventus,Home,4.0,1.0,1.0,D,0.0
20/10/13,1314,Verona,Parma,Home,7.0,3.0,2.0,H,0.0
20/11/17,1718,Verona,Bologna,Home,5.0,2.0,3.0,A,0.0
20/12/15,1516,Verona,Sassuolo,Home,6.0,1.0,1.0,D,0.0
20/12/2024,2425,Verona,Milan,Home,2.0,0.0,1.0,A,0.0
21/01/18,1718,Verona,Crotone,Home,2.0,0.0,3.0,A,1.0
21/01/2022,2122,Verona,Bologna,Home,6.0,2.0,1.0,H,0.0
21/01/2023,2223,Verona,Lecce,Home,4.0,2.0,0.0,H,0.0
21/03/2021,2021,Verona,Atalanta,Home,1.0,0.0,2.0,A,0.0
21/04/2023,2223,Verona,Bologna,Home,5.0,2.0,1.0,H,0.0
21/05/2022,2122,Verona,Lazio,Away,7.0,3.0,3.0,D,0.0
21/08/2021,2122,Verona,Sassuolo,Home,4.0,2.0,3.0,A,1.0
21/08/2022,2223,Verona,Bologna,Away,3.0,1.0,1.0,D,0.0
21/09/14,1415,Verona,Torino,Away,2.0,1.0,0.0,A,0.0
21/09/2019,1920,Verona,Juventus,Away,8.0,1.0,2.0,H,1.0
21/10/2023,2324,Verona,Napoli,Home,9.0,1.0,3.0,A,0.0
21/10/2024,2425,Verona,Monza,Home,4.0,0.0,3.0,A,0.0
21/12/14,1415,Verona,Chievo,Home,1.0,0.0,1.0,A,0.0
22/02/15,1415,Verona,Roma,Home,2.0,1.0,1.0,D,0.0
22/03/15,1415,Verona,Lazio,Away,0.0,0.0,2.0,H,0.0
22/03/2026,2526,Verona,Atalanta,Away,3.0,0.0,1.0,H,0.0
22/07/2020,1920,Verona,Torino,Away,6.0,1.0,1.0,D,0.0
22/08/15,1516,Verona,Roma,Home,7.0,1.0,1.0,D,0.0
22/09/13,1314,Verona,Juventus,Away,1.0,1.0,2.0,H,0.0
22/09/2021,2122,Verona,Salernitana,Away,5.0,2.0,2.0,D,0.0
22/10/17,1718,Verona,Chievo,Away,3.0,2.0,3.0,H,1.0
22/11/15,1516,Verona,Napoli,Home,3.0,0.0,2.0,A,0.0
22/11/2020,2021,Verona,Sassuolo,Home,7.0,0.0,2.0,A,0.0
22/11/2021,2122,Verona,Empoli,Home,5.0,2.0,1.0,H,0.0
22/12/13,1314,Verona,Lazio,Home,7.0,4.0,1.0,H,0.0
22/12/2021,2122,Verona,Fiorentina,Home,2.0,1.0,1.0,D,0.0
23/02/14,1314,Verona,Livorno,Away,7.0,3.0,2.0,A,0.0
23/02/2024,2324,Verona,Bologna,Away,3.0,0.0,2.0,H,0.0
23/02/2025,2425,Verona,Fiorentina,Home,3.0,1.0,0.0,H,0.0
23/03/14,1314,Verona,Sampdoria,Away,7.0,0.0,5.0,H,0.0
23/04/18,1718,Verona,Genoa,Away,3.0,1.0,3.0,H,0.0
23/04/2022,2122,Verona,Sampdoria,Home,1.0,1.0,1.0,D,0.0
23/05/2021,2021,Verona,Napoli,Away,4.0,1.0,1.0,D,0.0
23/06/2020,1920,Verona,Napoli,Home,6.0,0.0,2.0,A,0.0
23/09/15,1516,Verona,Inter,Away,1.0,0.0,1.0,H,0.0
23/09/2023,2324,Verona,Milan,Away,2.0,0.0,1.0,H,0.0
23/11/13,1314,Verona,Chievo,Home,0.0,0.0,1.0,A,0.0
23/11/14,1415,Verona,Fiorentina,Home,3.0,1.0,2.0,A,0.0
23/11/2024,2425,Verona,Inter,Home,2.0,0.0,5.0,A,0.0
23/11/2025,2526,Verona,Parma,Home,2.0,1.0,2.0,A,0.0
23/12/17,1718,Verona,Udinese,Away,0.0,0.0,4.0,H,0.0
23/12/2020,2021,Verona,Inter,Home,2.0,1.0,2.0,A,0.0
23/12/2023,2324,Verona,Cagliari,Home,5.0,2.0,0.0,H,0.0
24/01/16,1516,Verona,Genoa,Home,9.0,1.0,1.0,D,0.0
24/01/2021,2021,Verona,Napoli,Home,7.0,3.0,1.0,H,0.0
24/05/15,1415,Verona,Parma,Away,4.0,2.0,2.0,D,0.0
24/05/2026,2526,Verona,Roma,Home,3.0,0.0,2.0,A,1.0
24/08/13,1314,Verona,Milan,Home,8.0,2.0,1.0,H,0.0
24/09/14,1415,Verona,Genoa,Home,7.0,2.0,2.0,D,0.0
24/09/17,1718,Verona,Lazio,Home,2.0,0.0,3.0,A,0.0
24/09/2019,1920,Verona,Udinese,Home,4.0,0.0,0.0,D,0.0
24/10/2021,2122,Verona,Lazio,Home,7.0,4.0,1.0,H,0.0
24/10/2022,2223,Verona,Sassuolo,Away,5.0,1.0,2.0,H,0.0
24/11/2019,1920,Verona,Fiorentina,Home,8.0,1.0,0.0,H,0.0
25/01/15,1415,Verona,Atalanta,Home,6.0,1.0,0.0,H,0.0
25/02/18,1718,Verona,Torino,Home,4.0,2.0,1.0,H,0.0
25/04/16,1516,Verona,Milan,Home,12.0,2.0,1.0,H,0.0
25/04/2021,2021,Verona,Inter,Away,1.0,0.0,1.0,H,0.0
25/04/2026,2526,Verona,Lecce,Home,3.0,0.0,0.0,D,0.0
25/05/2025,2425,Verona,Empoli,Away,2.0,2.0,1.0,A,0.0
25/08/2019,1920,Verona,Bologna,Home,2.0,1.0,1.0,D,1.0
25/08/2025,2526,Verona,Udinese,Away,3.0,1.0,1.0,D,0.0
25/09/13,1314,Verona,Torino,Away,6.0,2.0,2.0,D,0.0
25/09/2021,2122,Verona,Genoa,Away,7.0,3.0,3.0,D,0.0
25/10/15,1516,Verona,Sampdoria,Away,1.0,1.0,4.0,H,0.0
25/10/17,1718,Verona,Atalanta,Away,4.0,0.0,3.0,H,0.0
25/10/2019,1920,Verona,Sassuolo,Home,5.0,0.0,1.0,A,0.0
25/10/2020,2021,Verona,Juventus,Away,2.0,1.0,1.0,D,0.0
25/11/17,1718,Verona,Sassuolo,Away,6.0,2.0,0.0,A,1.0
26/01/14,1314,Verona,Roma,Home,3.0,1.0,3.0,A,0.0
26/01/2020,1920,Verona,Lecce,Home,5.0,3.0,0.0,H,0.0
26/01/2026,2526,Verona,Udinese,Home,4.0,1.0,3.0,A,0.0
26/03/14,1314,Verona,Cagliari,Away,1.0,0.0,1.0,H,0.0
26/04/15,1415,Verona,Sassuolo,Home,9.0,3.0,2.0,H,1.0
26/05/2024,2324,Verona,Inter,Home,8.0,2.0,2.0,D,0.0
26/07/2020,1920,Verona,Lazio,Home,6.0,1.0,5.0,A,0.0
26/08/2023,2324,Verona,Roma,Home,3.0,2.0,1.0,H,1.0
26/08/2024,2425,Verona,Juventus,Home,1.0,0.0,3.0,A,0.0
26/10/13,1314,Verona,Inter,Away,4.0,2.0,4.0,H,1.0
26/10/14,1415,Verona,Napoli,Away,6.0,2.0,6.0,H,0.0
26/10/2024,2425,Verona,Atalanta,Away,2.0,1.0,6.0,H,0.0
26/10/2025,2526,Verona,Cagliari,Home,6.0,2.0,2.0,D,0.0
27/01/2025,2425,Verona,Venezia,Away,5.0,1.0,1.0,D,0.0
27/02/2021,2021,Verona,Juventus,Home,6.0,1.0,1.0,D,0.0
27/02/2022,2122,Verona,Venezia,Home,11.0,3.0,1.0,H,0.0
27/02/2023,2223,Verona,Fiorentina,Home,3.0,0.0,3.0,A,0.0
27/04/14,1314,Verona,Catania,Home,8.0,4.0,0.0,H,0.0
27/04/2024,2324,Verona,Lazio,Away,1.0,0.0,1.0,H,0.0
27/08/17,1718,Verona,Crotone,Away,0.0,0.0,0.0,D,0.0
27/08/2021,2122,Verona,Inter,Home,1.0,1.0,3.0,A,0.0
27/09/14,1415,Verona,Roma,Away,3.0,0.0,2.0,H,0.0
27/09/15,1516,Verona,Lazio,Home,1.0,1.0,2.0,A,0.0
27/09/2020,2021,Verona,Udinese,Home,2.0,1.0,0.0,H,0.0
27/09/2023,2324,Verona,Atalanta,Home,2.0,0.0,1.0,A,0.0
27/10/2021,2122,Verona,Udinese,Away,2.0,1.0,1.0,D,0.0
27/11/2021,2122,Verona,Sampdoria,Away,3.0,1.0,3.0,H,0.0
27/11/2023,2324,Verona,Lecce,Home,11.0,2.0,2.0,D,0.0
28/01/18,1718,Verona,Fiorentina,Away,5.0,4.0,1.0,A,0.0
28/01/2024,2324,Verona,Frosinone,Home,5.0,1.0,1.0,D,0.0
28/02/16,1516,Verona,Udinese,Away,2.0,0.0,2.0,H,0.0
28/02/2026,2526,Verona,Napoli,Home,2.0,1.0,2.0,A,0.0
28/04/2025,2425,Verona,Cagliari,Home,2.0,0.0,2.0,A,1.0
28/05/2023,2223,Verona,Empoli,Home,4.0,1.0,1.0,D,0.0
28/06/2020,1920,Verona,Sassuolo,Away,4.0,3.0,3.0,D,0.0
28/08/2022,2223,Verona,Atalanta,Home,2.0,0.0,1.0,A,0.0
28/09/2025,2526,Verona,Roma,Away,3.0,0.0,2.0,H,0.0
28/10/15,1516,Verona,Fiorentina,Home,0.0,0.0,2.0,A,0.0
28/10/2023,2324,Verona,Juventus,Away,1.0,0.0,1.0,H,0.0
28/11/2020,2021,Verona,Atalanta,Away,3.0,2.0,0.0,A,0.0
28/12/2025,2526,Verona,Milan,Away,1.0,0.0,3.0,H,0.0
29/04/15,1415,Verona,Sampdoria,Away,4.0,1.0,1.0,D,0.0
29/04/18,1718,Verona,Spal,Home,5.0,1.0,3.0,A,0.0
29/07/2020,1920,Verona,Spal,Home,9.0,3.0,0.0,H,0.0
29/09/13,1314,Verona,Livorno,Home,5.0,2.0,1.0,H,0.0
29/09/2019,1920,Verona,Cagliari,Away,5.0,1.0,1.0,D,0.0
29/09/2024,2425,Verona,Como,Away,3.0,2.0,3.0,H,1.0
29/10/2019,1920,Verona,Parma,Away,2.0,1.0,0.0,A,0.0
29/10/2024,2425,Verona,Lecce,Away,1.0,0.0,1.0,H,2.0
29/10/2025,2526,Verona,Como,Away,9.0,1.0,3.0,H,0.0
29/11/14,1415,Verona,Sassuolo,Away,1.0,1.0,2.0,H,0.0
29/11/15,1516,Verona,Frosinone,Away,8.0,2.0,3.0,H,1.0
29/11/2024,2425,Verona,Cagliari,Away,2.0,0.0,1.0,H,0.0
29/11/2025,2526,Verona,Genoa,Away,5.0,1.0,2.0,H,0.0
30/01/2023,2223,Verona,Udinese,Away,2.0,1.0,1.0,D,0.0
30/03/14,1314,Verona,Genoa,Home,6.0,3.0,0.0,H,1.0
30/04/2022,2122,Verona,Cagliari,Away,4.0,2.0,1.0,A,0.0
30/04/2023,2223,Verona,Cremonese,Away,6.0,1.0,1.0,D,0.0
30/05/15,1415,Verona,Juventus,Home,4.0,2.0,2.0,D,0.0
30/08/15,1516,Verona,Genoa,Away,2.0,0.0,2.0,H,0.0
30/10/13,1314,Verona,Sampdoria,Home,5.0,2.0,0.0,H,0.0
30/10/14,1415,Verona,Lazio,Home,3.0,1.0,1.0,D,0.0
30/10/17,1718,Verona,Inter,Home,2.0,1.0,2.0,A,0.0
30/10/2021,2122,Verona,Juventus,Home,5.0,2.0,1.0,H,0.0
30/11/2021,2122,Verona,Cagliari,Home,6.0,0.0,0.0,D,0.0
30/12/17,1718,Verona,Juventus,Home,1.0,1.0,3.0,A,0.0
30/12/2023,2324,Verona,Salernitana,Home,0.0,0.0,1.0,A,0.0
30/12/2024,2425,Verona,Bologna,Away,4.0,3.0,2.0,A,0.0
31/01/16,1516,Verona,Torino,Away,3.0,0.0,0.0,D,0.0
31/01/2021,2021,Verona,Roma,Away,2.0,1.0,3.0,H,0.0
31/01/2026,2526,Verona,Cagliari,Away,3.0,0.0,4.0,H,1.0
31/03/18,1718,Verona,Inter,Away,1.0,0.0,3.0,H,1.0
31/03/2025,2425,Verona,Parma,Home,0.0,0.0,0.0,D,0.0
31/08/14,1415,Verona,Atalanta,Away,3.0,0.0,0.0,D,0.0
31/08/2022,2223,Verona,Empoli,Away,3.0,1.0,1.0,D,0.0
31/08/2025,2526,Verona,Lazio,Away,4.0,0.0,4.0,H,0.0
31/10/2022,2223,Verona,Roma,Home,3.0,1.0,3.0,A,1.0
