HomeTeam,AwayTeam,HomeOdds,DrawOdds,AwayOdds
Fiorentina,Sampdoria,2.2,2.87,3.25
Livorno,Lecce,1.9,2.9,4.0
Ascoli,Milan,7.5,3.75,1.4
Inter,Treviso,1.16,5.5,13.0
Juventus,Chievo,1.25,5.0,13.0
Lazio,Messina,1.9,3.1,3.75
Parma,Palermo,2.4,2.87,2.87
Reggina,Roma,3.5,3.0,2.0
Siena,Cagliari,2.2,3.0,3.1
Udinese,Empoli,1.57,3.25,6.0
Milan,Siena,1.2,5.0,12.0
Palermo,Inter,3.5,3.0,2.0
Cagliari,Lazio,2.25,3.0,3.0
Chievo,Parma,2.2,2.87,3.2
Empoli,Juventus,5.5,3.75,1.5
Lecce,Ascoli,1.72,3.2,4.5
Messina,Fiorentina,2.5,2.87,2.75
Roma,Udinese,1.83,3.0,4.33
Sampdoria,Reggina,1.53,3.5,5.5
Treviso,Livorno,2.5,2.87,2.75
Inter,Lecce,1.22,5.5,13.0
Parma,Empoli,1.8,3.1,5.0
Cagliari,Messina,2.1,2.9,3.8
Fiorentina,Udinese,2.2,3.0,3.4
Juventus,Ascoli,1.16,6.5,15.0
Lazio,Treviso,1.61,3.4,6.0
Livorno,Roma,3.4,3.0,2.2
Reggina,Chievo,2.37,2.87,3.25
Sampdoria,Milan,4.5,3.2,1.83
Siena,Palermo,2.6,2.87,2.6
Ascoli,Siena,2.3,2.9,3.25
Chievo,Inter,5.5,3.1,1.72
Empoli,Cagliari,2.3,2.9,3.3
Lecce,Fiorentina,3.75,3.0,2.1
Messina,Livorno,2.2,2.87,3.6
Milan,Lazio,1.4,4.0,9.0
Palermo,Reggina,1.44,3.8,7.0
Roma,Parma,1.57,3.6,6.0
Treviso,Sampdoria,3.75,3.0,2.0
Udinese,Juventus,4.0,3.0,2.0
Parma,Juventus,6.0,3.4,1.61
Reggina,Udinese,3.5,3.0,2.2
Cagliari,Roma,3.75,3.2,2.0
Empoli,Lecce,2.0,3.2,3.75
Inter,Fiorentina,1.61,3.4,6.0
Lazio,Palermo,2.6,2.9,2.9
Livorno,Ascoli,1.72,3.1,5.5
Sampdoria,Chievo,1.66,3.2,6.0
Siena,Messina,2.2,3.0,3.4
Treviso,Milan,9.0,4.33,1.36
Chievo,Treviso,1.53,3.5,7.0
Udinese,Lazio,1.9,3.1,4.33
Ascoli,Parma,2.5,2.87,3.0
Fiorentina,Livorno,1.66,3.4,5.5
Juventus,Inter,2.2,2.87,3.6
Lecce,Cagliari,2.1,3.0,3.75
Messina,Sampdoria,2.75,2.87,2.75
Milan,Reggina,1.2,5.5,17.0
Palermo,Empoli,1.53,3.5,7.0
Roma,Siena,1.53,3.5,7.0
Juventus,Messina,1.16,5.5,13.0
Siena,Udinese,2.75,2.75,2.6
Ascoli,Sampdoria,3.2,2.87,2.2
Cagliari,Milan,5.5,3.5,1.53
Empoli,Roma,3.2,2.8,2.25
Inter,Livorno,1.25,5.0,9.0
Lazio,Fiorentina,2.5,2.87,2.75
Palermo,Chievo,1.72,3.2,4.5
Parma,Treviso,1.66,3.2,5.0
Reggina,Lecce,2.1,2.8,3.5
Fiorentina,Parma,1.5,3.6,7.5
Messina,Ascoli,1.9,3.0,4.5
Chievo,Cagliari,1.8,3.1,5.0
Lecce,Juventus,7.0,3.75,1.5
Livorno,Reggina,1.9,3.1,4.33
Milan,Palermo,1.4,4.0,9.0
Roma,Lazio,2.4,2.87,3.2
Sampdoria,Siena,1.66,3.4,5.5
Treviso,Empoli,2.37,2.75,3.4
Udinese,Inter,3.75,3.0,2.1
Ascoli,Udinese,3.4,3.0,2.2
Cagliari,Livorno,2.37,2.75,3.4
Empoli,Milan,6.5,3.5,1.57
Inter,Roma,1.61,3.4,6.0
Juventus,Sampdoria,1.4,4.0,9.0
Lazio,Chievo,2.0,3.0,4.0
Palermo,Lecce,1.57,3.5,6.5
Parma,Messina,2.0,3.0,4.0
Reggina,Treviso,1.72,3.3,5.0
Siena,Fiorentina,3.0,3.0,2.4
Milan,Juventus,2.37,2.75,3.0
Sampdoria,Inter,3.0,3.0,2.25
Chievo,Empoli,1.83,3.0,4.33
Fiorentina,Cagliari,1.36,4.0,7.5
Lecce,Messina,2.0,3.0,3.5
Livorno,Parma,1.72,3.25,4.33
Reggina,Lazio,2.6,2.87,2.6
Roma,Ascoli,1.44,3.75,6.5
Treviso,Siena,2.4,2.9,2.8
Udinese,Palermo,2.0,3.0,3.5
Empoli,Reggina,2.0,2.75,4.0
Lazio,Inter,3.6,3.1,2.1
Ascoli,Fiorentina,3.5,3.0,2.0
Cagliari,Treviso,1.9,3.0,3.8
Juventus,Livorno,1.25,4.5,11.0
Messina,Roma,3.2,3.2,2.2
Milan,Udinese,1.36,4.33,9.0
Palermo,Sampdoria,2.2,3.0,3.5
Parma,Lecce,1.8,3.25,4.0
Siena,Chievo,2.25,2.8,3.2
Roma,Juventus,2.75,3.0,2.37
Udinese,Messina,1.57,3.4,5.5
Chievo,Ascoli,1.61,3.2,5.5
Fiorentina,Milan,2.8,2.9,2.4
Inter,Parma,1.28,4.33,9.5
Lecce,Siena,2.37,2.87,2.87
Livorno,Empoli,1.83,3.0,4.33
Reggina,Cagliari,1.9,2.9,4.0
Sampdoria,Lazio,1.9,2.9,4.0
Treviso,Palermo,4.0,2.8,2.1
Livorno,Chievo,2.25,2.87,3.5
Milan,Lecce,1.2,6.0,13.0
Ascoli,Palermo,2.87,3.0,2.5
Cagliari,Sampdoria,3.1,3.0,2.37
Empoli,Lazio,2.3,2.87,3.4
Juventus,Treviso,1.14,6.5,21.0
Messina,Inter,5.0,3.3,1.72
Parma,Udinese,2.62,3.0,2.75
Roma,Fiorentina,2.37,3.1,3.0
Siena,Reggina,2.0,3.1,4.0
Chievo,Milan,5.0,3.0,1.72
Inter,Ascoli,1.2,4.5,17.0
Fiorentina,Juventus,2.87,3.0,2.3
Lazio,Siena,1.8,3.0,4.33
Lecce,Roma,3.25,3.0,2.1
Palermo,Cagliari,1.61,3.25,5.5
Reggina,Parma,1.9,3.0,3.8
Sampdoria,Empoli,1.66,3.2,5.0
Treviso,Messina,2.4,2.75,3.0
Udinese,Livorno,1.8,3.0,4.33
Fiorentina,Treviso,1.28,5.0,10.0
Siena,Empoli,2.1,3.0,3.75
Ascoli,Reggina,2.3,3.0,3.25
Inter,Milan,2.75,2.87,2.75
Juventus,Cagliari,1.16,6.0,19.0
Livorno,Lazio,2.1,3.0,3.75
Messina,Chievo,2.6,2.87,2.9
Parma,Sampdoria,3.1,3.1,2.3
Roma,Palermo,1.9,3.1,4.33
Udinese,Lecce,1.66,3.4,5.5
Lazio,Juventus,6.0,3.2,1.66
Treviso,Lecce,2.5,3.0,2.9
Cagliari,Ascoli,1.83,3.0,5.0
Chievo,Udinese,2.3,3.0,3.2
Empoli,Fiorentina,4.0,3.1,2.0
Milan,Messina,1.2,5.8,15.0
Palermo,Livorno,1.95,3.0,4.33
Reggina,Inter,6.0,3.4,1.61
Sampdoria,Roma,2.3,3.0,3.25
Siena,Parma,2.0,3.1,4.0
Ascoli,Treviso,2.1,2.8,4.0
Fiorentina,Palermo,1.72,3.1,5.5
Inter,Empoli,1.14,6.0,17.0
Juventus,Siena,1.16,6.0,19.0
Lecce,Lazio,2.6,3.1,2.7
Livorno,Milan,4.33,3.1,1.9
Messina,Reggina,2.0,3.0,4.0
Parma,Cagliari,2.0,3.0,4.0
Roma,Chievo,1.9,3.1,4.33
Udinese,Sampdoria,2.4,3.0,3.0
Palermo,Juventus,5.5,3.4,1.66
Reggina,Fiorentina,3.75,3.2,2.0
Cagliari,Udinese,2.62,3.0,2.75
Chievo,Lecce,1.72,3.2,5.5
Empoli,Messina,2.05,3.0,4.0
Lazio,Ascoli,1.57,3.5,6.5
Milan,Parma,1.18,6.0,15.0
Sampdoria,Livorno,2.0,3.1,4.0
Siena,Inter,7.0,3.5,1.53
Treviso,Roma,4.2,3.2,1.9
Lecce,Sampdoria,2.6,3.1,2.7
Messina,Palermo,2.6,3.0,2.8
Ascoli,Empoli,2.1,3.0,3.75
Fiorentina,Chievo,1.8,3.2,4.75
Inter,Cagliari,1.2,5.5,17.0
Juventus,Reggina,1.16,6.0,19.0
Livorno,Siena,1.72,3.3,5.0
Parma,Lazio,2.4,3.0,3.0
Roma,Milan,4.0,3.0,2.0
Udinese,Treviso,1.61,3.4,6.0
Cagliari,Siena,2.1,2.8,3.5
Chievo,Juventus,5.0,3.2,1.66
Empoli,Udinese,2.4,2.9,2.8
Lecce,Livorno,2.6,2.87,2.6
Messina,Lazio,2.5,2.87,2.75
Milan,Ascoli,1.16,5.5,13.0
Palermo,Parma,1.72,3.2,4.5
Roma,Reggina,1.44,3.6,7.0
Sampdoria,Fiorentina,2.37,2.87,2.87
Treviso,Inter,7.0,3.2,1.4
Inter,Palermo,1.36,4.33,9.0
Lazio,Cagliari,1.61,3.4,6.0
Ascoli,Lecce,1.83,3.1,4.75
Fiorentina,Messina,1.44,4.0,7.5
Juventus,Empoli,1.14,6.5,21.0
Livorno,Treviso,1.57,3.4,7.0
Parma,Chievo,2.5,2.87,3.0
Reggina,Sampdoria,2.75,2.87,2.75
Siena,Milan,7.0,3.4,1.57
Udinese,Roma,2.75,2.87,2.75
Milan,Sampdoria,1.36,3.75,9.0
Palermo,Siena,1.66,3.2,5.0
Ascoli,Juventus,7.0,3.6,1.44
Chievo,Reggina,1.72,3.0,5.0
Empoli,Parma,2.1,3.0,3.25
Lecce,Inter,7.0,3.75,1.4
Messina,Cagliari,2.0,3.0,3.5
Roma,Livorno,1.61,3.4,5.0
Treviso,Lazio,2.6,2.87,2.6
Udinese,Fiorentina,2.87,3.0,2.3
Parma,Roma,3.6,3.1,2.1
Siena,Ascoli,1.9,3.0,4.5
Cagliari,Empoli,1.8,3.2,4.75
Fiorentina,Lecce,1.3,4.5,12.0
Inter,Chievo,1.33,4.33,10.0
Juventus,Udinese,1.25,5.0,13.0
Lazio,Milan,3.6,3.1,2.1
Livorno,Messina,1.83,3.0,5.0
Reggina,Palermo,2.5,2.87,3.0
Sampdoria,Treviso,1.44,4.0,7.5
Ascoli,Livorno,2.4,2.87,3.2
Chievo,Sampdoria,2.3,3.0,3.25
Fiorentina,Inter,3.0,3.0,2.4
Juventus,Parma,1.16,6.5,15.0
Lecce,Empoli,2.1,3.0,3.75
Messina,Siena,2.1,3.0,3.75
Milan,Treviso,1.16,6.0,19.0
Palermo,Lazio,2.2,2.87,3.6
Roma,Cagliari,1.4,4.33,7.5
Udinese,Reggina,1.72,3.1,5.5
Lazio,Udinese,1.9,3.0,4.5
Treviso,Chievo,3.0,2.87,2.5
Cagliari,Lecce,1.61,3.4,6.0
Empoli,Palermo,2.87,2.87,2.6
Inter,Juventus,2.5,2.75,3.2
Livorno,Fiorentina,2.87,3.0,2.5
Parma,Ascoli,1.9,3.0,4.5
Reggina,Milan,6.0,3.2,1.66
Sampdoria,Messina,1.72,3.1,5.5
Siena,Roma,3.75,3.0,2.1
Livorno,Inter,4.0,3.2,1.9
Messina,Juventus,7.0,3.4,1.57
Milan,Cagliari,1.22,5.5,13.0
Chievo,Palermo,2.2,2.87,3.6
Fiorentina,Lazio,1.66,3.2,6.0
Lecce,Reggina,2.37,3.0,3.1
Roma,Empoli,1.33,4.5,9.5
Sampdoria,Ascoli,1.66,3.2,6.0
Treviso,Parma,2.6,2.87,2.87
Udinese,Siena,1.83,3.1,4.75
Parma,Fiorentina,3.0,2.87,2.5
Reggina,Livorno,2.5,2.87,3.0
Ascoli,Messina,2.1,2.8,4.0
Cagliari,Chievo,2.4,2.87,3.2
Empoli,Treviso,1.83,3.0,5.0
Inter,Udinese,1.36,4.33,9.0
Juventus,Lecce,1.16,6.5,15.0
Lazio,Roma,2.6,2.87,2.87
Palermo,Milan,4.0,2.8,2.1
Siena,Sampdoria,2.6,2.87,2.87
Milan,Empoli,1.2,5.5,17.0
Sampdoria,Juventus,4.1,3.0,2.0
Chievo,Lazio,2.3,2.87,3.4
Fiorentina,Siena,1.53,3.75,6.5
Lecce,Palermo,3.1,3.0,2.4
Livorno,Cagliari,1.72,3.2,5.5
Messina,Parma,2.2,2.9,3.6
Roma,Inter,2.6,3.0,2.8
Treviso,Reggina,2.5,3.0,2.9
Udinese,Ascoli,1.8,3.2,4.75
Inter,Sampdoria,1.44,4.0,7.5
Siena,Treviso,1.66,3.2,6.0
Ascoli,Roma,4.0,3.0,2.0
Empoli,Chievo,2.75,2.87,2.75
Juventus,Milan,2.3,2.75,3.6
Lazio,Reggina,1.66,3.2,6.0
Messina,Lecce,1.9,3.0,4.5
Palermo,Udinese,1.9,3.0,4.5
Parma,Livorno,2.3,2.87,3.4
Livorno,Juventus,5.0,3.0,1.83
Treviso,Cagliari,3.25,3.0,2.3
Chievo,Siena,2.0,2.87,4.33
Fiorentina,Ascoli,1.44,3.75,8.5
Inter,Lazio,1.5,3.6,7.5
Lecce,Parma,2.4,3.0,3.0
Reggina,Empoli,2.0,3.0,4.0
Roma,Messina,1.5,3.6,7.5
Sampdoria,Palermo,2.0,3.0,4.0
Udinese,Milan,5.5,3.4,1.66
Cagliari,Fiorentina,2.87,2.3,3.0
Ascoli,Chievo,2.37,2.75,3.4
Cagliari,Reggina,1.9,3.0,4.5
Empoli,Livorno,2.4,2.87,3.2
Juventus,Roma,1.72,3.1,5.5
Lazio,Sampdoria,1.9,3.0,4.5
Messina,Udinese,2.3,2.87,3.4
Milan,Fiorentina,1.61,3.4,6.0
Palermo,Treviso,1.33,4.5,9.5
Parma,Inter,4.75,3.1,1.83
Siena,Lecce,1.57,3.4,5.5
Inter,Messina,1.33,4.5,9.5
Lecce,Milan,6.5,3.6,1.53
Treviso,Juventus,7.5,4.33,1.4
Chievo,Livorno,2.0,2.87,4.33
Fiorentina,Roma,2.3,3.0,3.25
Lazio,Empoli,1.61,3.4,6.0
Palermo,Ascoli,1.66,3.4,5.5
Reggina,Siena,2.3,2.25,4.33
Sampdoria,Cagliari,2.1,2.8,4.0
Udinese,Parma,1.83,3.1,4.75
Ascoli,Inter,4.75,3.2,1.8
Livorno,Udinese,2.62,2.62,3.2
Cagliari,Palermo,2.25,2.8,3.6
Empoli,Sampdoria,2.4,2.7,3.4
Juventus,Fiorentina,1.72,3.3,5.0
Messina,Treviso,1.25,4.75,9.0
Milan,Chievo,1.33,4.5,9.5
Roma,Lecce,1.33,4.5,9.5
Siena,Lazio,2.8,2.2,3.2
Milan,Inter,2.4,3.0,3.1
Cagliari,Juventus,4.33,2.87,2.0
Chievo,Messina,1.9,3.25,4.0
Lazio,Livorno,1.57,3.5,6.5
Lecce,Udinese,3.2,3.1,2.25
Palermo,Roma,3.1,3.1,2.3
Reggina,Ascoli,1.9,2.8,5.0
Sampdoria,Parma,1.9,2.5,5.5
Treviso,Fiorentina,10.0,5.0,1.28
Ascoli,Cagliari,2.5,2.1,4.0
Fiorentina,Empoli,1.25,5.0,8.0
Inter,Reggina,1.25,5.0,8.0
Juventus,Lazio,1.61,3.4,5.0
Lecce,Treviso,1.61,3.4,5.0
Livorno,Palermo,3.0,3.0,2.25
Messina,Milan,3.5,3.25,1.9
Parma,Siena,2.4,2.1,4.33
Roma,Sampdoria,1.33,4.5,6.5
Udinese,Chievo,2.4,2.0,4.75
Cagliari,Parma,1.44,4.0,7.5
Chievo,Roma,3.25,3.2,2.2
Empoli,Inter,5.0,3.3,1.72
Lazio,Lecce,1.2,5.5,17.0
Milan,Livorno,1.2,5.5,17.0
Palermo,Fiorentina,3.75,3.2,2.0
Reggina,Messina,1.9,3.25,4.0
Sampdoria,Udinese,3.1,1.66,5.0
Siena,Juventus,9.0,4.0,1.4
Treviso,Ascoli,3.75,2.2,2.5
Ascoli,Lazio,2.87,2.5,3.0
Fiorentina,Reggina,1.12,7.0,21.0
Inter,Siena,1.4,4.0,9.0
Juventus,Palermo,1.14,6.5,21.0
Lecce,Chievo,5.5,3.1,1.72
Livorno,Sampdoria,2.4,2.4,4.0
Messina,Empoli,2.37,2.75,3.4
Parma,Milan,9.0,5.0,1.3
Roma,Treviso,1.1,8.0,26.0
Udinese,Cagliari,1.72,3.0,6.0
Cagliari,Inter,2.62,2.87,2.6
Chievo,Fiorentina,8.5,3.25,1.44
Empoli,Ascoli,1.8,2.7,5.0
Lazio,Parma,1.8,2.7,5.0
Milan,Roma,1.61,3.6,4.5
Palermo,Messina,1.36,3.8,8.0
Reggina,Juventus,15.0,5.0,1.18
Sampdoria,Lecce,1.57,2.87,7.0
Siena,Livorno,2.3,2.25,4.2
Treviso,Udinese,3.8,2.3,2.4
Fiorentina,Inter,3.25,3.0,2.3
Roma,Livorno,1.44,3.75,8.5
Atalanta,Ascoli,1.83,3.0,5.0
Cagliari,Catania,1.72,3.1,5.5
Chievo,Siena,1.72,3.1,5.5
Messina,Udinese,2.8,3.0,2.6
Milan,Lazio,1.44,3.75,8.5
Palermo,Reggina,1.44,3.75,8.5
Sampdoria,Empoli,1.57,3.4,7.0
Torino,Parma,2.0,3.2,3.75
Inter,Sampdoria,1.28,4.75,11.0
Reggina,Cagliari,2.25,3.1,3.2
Ascoli,Messina,2.25,3.0,3.3
Catania,Atalanta,2.25,3.0,3.3
Empoli,Chievo,2.2,3.0,3.4
Lazio,Palermo,2.0,3.1,3.8
Livorno,Fiorentina,3.25,3.0,2.3
Parma,Milan,6.0,3.8,1.53
Siena,Roma,4.0,3.25,1.9
Udinese,Torino,2.0,3.1,4.0
Atalanta,Empoli,2.0,3.0,4.0
Cagliari,Livorno,2.25,2.87,3.5
Chievo,Lazio,2.5,2.87,3.0
Fiorentina,Parma,1.5,3.75,7.0
Messina,Reggina,2.1,3.0,3.75
Milan,Ascoli,1.16,6.0,19.0
Palermo,Catania,1.57,3.4,7.0
Roma,Inter,2.6,2.87,2.87
Sampdoria,Udinese,2.1,3.0,3.75
Torino,Siena,2.0,3.0,4.0
Catania,Messina,2.3,2.87,3.4
Livorno,Milan,6.0,3.4,1.61
Ascoli,Sampdoria,2.37,2.87,2.87
Empoli,Palermo,3.1,3.0,2.4
Inter,Chievo,1.22,5.5,13.0
Lazio,Atalanta,1.7,3.25,4.5
Parma,Roma,4.0,3.1,2.0
Reggina,Torino,2.2,3.1,3.4
Siena,Cagliari,2.05,3.1,3.75
Udinese,Fiorentina,2.37,2.9,3.2
Atalanta,Reggina,1.9,3.1,4.33
Torino,Lazio,2.5,2.87,3.0
Cagliari,Inter,6.0,3.4,1.61
Chievo,Palermo,2.75,2.87,2.75
Fiorentina,Catania,1.4,4.0,9.0
Messina,Livorno,2.3,2.87,3.4
Milan,Siena,1.22,5.5,13.0
Roma,Empoli,1.36,4.33,9.0
Sampdoria,Parma,1.8,3.2,4.75
Udinese,Ascoli,1.57,3.4,7.0
Sampdoria,Milan,4.75,3.2,1.8
Siena,Messina,2.0,2.87,4.33
Ascoli,Livorno,2.5,2.8,3.1
Empoli,Fiorentina,3.2,2.87,2.4
Inter,Catania,1.2,5.5,17.0
Lazio,Cagliari,1.61,3.4,6.0
Palermo,Atalanta,1.57,3.6,6.0
Parma,Udinese,2.87,2.87,2.6
Reggina,Roma,5.0,3.4,1.72
Torino,Chievo,2.3,2.87,3.4
Cagliari,Torino,2.1,3.0,3.75
Messina,Empoli,2.37,2.75,3.4
Atalanta,Sampdoria,2.37,2.87,3.25
Catania,Lazio,3.4,2.87,2.3
Fiorentina,Reggina,1.4,4.0,9.0
Livorno,Siena,1.9,3.1,4.33
Milan,Palermo,1.5,3.6,7.5
Parma,Ascoli,2.0,3.0,4.0
Roma,Chievo,1.36,4.33,9.0
Udinese,Inter,3.75,3.0,2.1
Atalanta,Cagliari,2.0,2.87,4.33
Chievo,Milan,6.5,3.5,1.57
Empoli,Udinese,2.87,2.87,2.6
Inter,Livorno,1.28,4.5,13.0
Palermo,Messina,1.5,3.75,7.0
Reggina,Parma,2.1,3.0,3.75
Roma,Ascoli,1.25,5.0,13.0
Sampdoria,Lazio,2.2,3.0,3.4
Siena,Catania,1.9,3.0,4.5
Torino,Fiorentina,3.4,2.87,2.3
Milan,Inter,2.6,2.8,3.0
Udinese,Roma,2.6,2.8,3.0
Ascoli,Siena,2.37,2.87,3.25
Cagliari,Sampdoria,2.4,2.87,3.2
Catania,Torino,2.5,2.87,3.0
Fiorentina,Palermo,2.0,3.0,4.0
Lazio,Reggina,1.72,3.3,5.0
Livorno,Empoli,2.0,3.0,4.0
Messina,Chievo,2.2,2.8,3.75
Parma,Atalanta,2.25,2.87,3.5
Reggina,Catania,2.0,2.87,4.33
Siena,Parma,1.9,3.0,4.5
Atalanta,Milan,6.0,3.2,1.66
Chievo,Cagliari,2.2,2.8,3.75
Empoli,Lazio,2.37,2.87,3.25
Inter,Ascoli,1.14,6.5,21.0
Livorno,Udinese,2.6,2.75,3.0
Palermo,Sampdoria,1.66,3.25,6.0
Roma,Fiorentina,2.0,3.0,4.0
Torino,Messina,2.1,2.8,4.0
Fiorentina,Atalanta,1.66,3.4,5.5
Milan,Roma,2.0,3.0,4.0
Ascoli,Empoli,2.4,2.8,3.3
Catania,Livorno,2.4,2.8,3.3
Lazio,Udinese,2.3,2.87,3.4
Messina,Cagliari,2.25,2.8,3.6
Palermo,Torino,1.44,4.0,7.5
Parma,Inter,6.5,3.5,1.57
Sampdoria,Chievo,1.83,3.25,4.5
Siena,Reggina,2.1,2.8,4.0
Cagliari,Palermo,3.5,2.87,2.25
Empoli,Milan,5.5,3.4,1.66
Ascoli,Fiorentina,5.0,3.3,1.72
Chievo,Atalanta,2.37,2.87,3.25
Inter,Reggina,1.2,5.5,17.0
Livorno,Parma,1.9,3.1,4.33
Messina,Lazio,2.7,2.8,2.87
Roma,Catania,1.3,4.5,12.0
Torino,Sampdoria,2.5,2.87,3.0
Udinese,Siena,2.1,3.0,3.75
Chievo,Udinese,3.0,2.87,2.5
Milan,Messina,1.25,5.0,13.0
Atalanta,Torino,2.0,2.8,4.0
Catania,Parma,2.1,2.8,4.0
Empoli,Cagliari,2.37,2.87,3.25
Lazio,Ascoli,1.44,3.75,8.5
Palermo,Inter,3.2,2.75,2.5
Reggina,Livorno,2.3,2.8,3.5
Sampdoria,Roma,3.6,2.87,2.2
Siena,Fiorentina,3.5,2.8,2.3
Inter,Siena,1.22,5.5,13.0
Roma,Atalanta,1.33,4.5,9.5
Ascoli,Catania,2.4,2.87,3.2
Cagliari,Milan,5.0,3.0,1.83
Fiorentina,Lazio,1.9,3.25,4.0
Livorno,Chievo,1.9,3.1,4.33
Messina,Sampdoria,2.37,2.9,3.2
Parma,Palermo,4.33,2.87,2.0
Torino,Empoli,2.1,2.8,4.0
Udinese,Reggina,1.83,3.0,5.0
Palermo,Livorno,1.57,3.5,6.5
Reggina,Ascoli,1.72,3.1,5.5
Atalanta,Messina,1.72,3.3,5.0
Cagliari,Parma,1.9,3.0,4.5
Catania,Udinese,2.5,2.87,3.0
Chievo,Fiorentina,3.25,3.0,2.3
Empoli,Inter,7.0,3.4,1.57
Lazio,Roma,3.2,2.87,2.4
Milan,Torino,1.36,4.0,11.0
Sampdoria,Siena,1.9,3.1,4.33
Fiorentina,Milan,2.5,2.87,3.0
Udinese,Cagliari,2.0,2.8,4.5
Ascoli,Torino,3.0,2.75,2.6
Inter,Messina,1.14,6.5,21.0
Livorno,Lazio,2.6,3.1,2.7
Parma,Chievo,2.2,3.0,3.4
Reggina,Sampdoria,2.3,2.87,3.4
Roma,Palermo,1.9,3.25,4.0
Siena,Atalanta,2.3,2.87,3.4
Atalanta,Udinese,2.25,2.87,3.5
Cagliari,Fiorentina,3.2,2.9,2.37
Chievo,Reggina,2.05,2.9,4.0
Empoli,Siena,2.1,2.9,3.8
Lazio,Inter,4.0,3.0,2.0
Messina,Parma,2.2,2.87,3.6
Milan,Catania,1.33,4.33,10.0
Palermo,Ascoli,1.25,5.0,13.0
Sampdoria,Livorno,2.0,3.0,4.0
Torino,Roma,4.5,3.25,1.83
Ascoli,Chievo,3.0,2.87,2.5
Catania,Sampdoria,2.37,2.87,3.25
Fiorentina,Messina,1.28,4.5,13.0
Inter,Atalanta,1.25,5.0,13.0
Livorno,Torino,2.25,2.87,3.5
Parma,Lazio,3.0,2.87,2.37
Reggina,Empoli,2.2,2.87,3.6
Roma,Cagliari,1.25,5.0,13.0
Siena,Palermo,3.4,3.0,2.2
Udinese,Milan,3.4,3.0,2.2
Empoli,Parma,2.1,2.87,4.0
Torino,Inter,7.0,3.4,1.57
Atalanta,Livorno,2.0,3.0,4.0
Cagliari,Ascoli,1.72,3.1,5.75
Chievo,Catania,2.25,3.1,3.2
Lazio,Siena,1.66,3.2,6.0
Messina,Roma,7.0,3.4,1.57
Milan,Reggina,1.28,5.0,10.0
Palermo,Udinese,1.8,3.2,4.75
Sampdoria,Fiorentina,2.8,2.87,2.7
Ascoli,Atalanta,3.25,3.0,2.3
Reggina,Palermo,3.1,3.1,2.3
Catania,Cagliari,2.1,2.8,4.0
Empoli,Sampdoria,2.5,2.8,3.1
Inter,Fiorentina,1.53,3.5,7.0
Lazio,Milan,3.4,3.0,2.2
Livorno,Roma,4.5,3.0,1.9
Parma,Torino,2.5,2.8,3.1
Siena,Chievo,2.2,2.8,3.75
Udinese,Messina,1.57,3.4,7.0
Catania,Empoli,2.25,2.87,3.5
Palermo,Lazio,1.9,3.1,4.33
Torino,Udinese,2.5,2.87,3.0
Atalanta,Catania,1.75,3.25,5.0
Cagliari,Reggina,2.1,2.8,4.0
Chievo,Empoli,2.25,2.8,3.6
Fiorentina,Livorno,1.53,3.6,6.5
Messina,Ascoli,1.75,3.25,5.0
Milan,Parma,1.28,4.75,12.0
Roma,Siena,1.44,3.75,8.5
Sampdoria,Inter,5.0,3.3,1.72
Catania,Palermo,2.87,2.87,2.6
Atalanta,Lazio,2.5,2.87,2.75
Cagliari,Siena,2.2,2.87,3.2
Chievo,Inter,6.5,4.0,1.4
Fiorentina,Udinese,1.66,3.2,5.0
Messina,Catania,2.5,2.87,2.75
Milan,Livorno,1.28,4.5,9.0
Palermo,Empoli,1.61,3.4,5.0
Roma,Parma,1.28,4.5,9.0
Sampdoria,Ascoli,1.53,3.4,6.0
Torino,Reggina,2.1,2.8,3.5
Empoli,Roma,4.0,3.0,2.0
Inter,Cagliari,1.2,5.5,17.0
Siena,Milan,5.0,3.0,1.83
Ascoli,Udinese,3.75,3.0,2.1
Catania,Fiorentina,4.0,3.0,2.0
Lazio,Torino,1.57,3.4,7.0
Livorno,Messina,1.66,3.2,6.0
Palermo,Chievo,1.57,3.4,7.0
Parma,Sampdoria,2.75,2.87,2.75
Reggina,Atalanta,2.2,2.87,3.6
Atalanta,Palermo,2.3,3.0,2.87
Chievo,Torino,2.1,2.8,3.5
Cagliari,Lazio,3.1,2.87,2.25
Catania,Inter,7.5,4.33,1.33
Fiorentina,Empoli,1.57,3.2,6.0
Livorno,Ascoli,1.61,3.3,5.25
Messina,Siena,2.4,2.75,3.0
Milan,Sampdoria,1.4,3.75,7.5
Roma,Reggina,1.3,4.5,8.0
Udinese,Parma,1.61,3.4,5.0
Ascoli,Parma,2.87,2.87,2.62
Chievo,Roma,4.0,3.0,2.0
Empoli,Messina,1.72,3.1,5.5
Inter,Udinese,1.33,4.5,9.5
Lazio,Catania,1.53,3.5,7.0
Palermo,Milan,3.0,3.0,2.4
Reggina,Fiorentina,3.4,2.87,2.3
Sampdoria,Atalanta,2.15,2.87,3.75
Siena,Livorno,2.1,2.8,3.5
Torino,Cagliari,2.15,2.87,3.75
Ascoli,Roma,5.5,3.4,1.66
Livorno,Inter,5.0,3.1,1.8
Milan,Chievo,1.4,4.33,7.5
Cagliari,Atalanta,2.5,2.87,3.0
Catania,Siena,2.4,2.87,3.2
Fiorentina,Torino,1.4,4.0,9.0
Lazio,Sampdoria,1.72,3.3,5.0
Messina,Palermo,3.3,3.0,2.25
Parma,Reggina,2.3,2.87,3.25
Udinese,Empoli,2.0,3.0,4.0
Sampdoria,Cagliari,1.83,3.0,5.0
Atalanta,Parma,1.9,3.0,4.5
Chievo,Messina,1.8,3.1,5.0
Empoli,Livorno,2.0,2.87,4.33
Inter,Milan,2.3,3.0,3.25
Palermo,Fiorentina,2.75,2.87,2.75
Reggina,Lazio,2.6,2.87,2.87
Roma,Udinese,1.53,3.6,6.5
Siena,Ascoli,1.66,3.2,6.0
Torino,Catania,2.05,3.0,3.8
Sampdoria,Palermo,2.37,2.87,3.25
Ascoli,Inter,9.0,4.0,1.4
Cagliari,Chievo,2.05,2.87,4.2
Catania,Reggina,2.5,2.87,3.0
Fiorentina,Roma,2.4,3.0,3.0
Lazio,Empoli,1.61,3.4,6.0
Messina,Torino,2.2,2.87,3.6
Milan,Atalanta,1.4,4.0,9.0
Parma,Siena,2.25,2.87,3.5
Udinese,Livorno,2.0,2.87,4.33
Reggina,Siena,1.9,3.2,4.33
Roma,Milan,2.37,2.87,3.25
Atalanta,Fiorentina,3.25,2.87,2.37
Cagliari,Messina,1.83,3.0,5.0
Chievo,Sampdoria,2.3,2.9,3.4
Empoli,Ascoli,1.61,3.4,6.0
Inter,Parma,1.25,5.5,11.0
Livorno,Catania,2.0,3.0,4.2
Torino,Palermo,2.75,2.87,2.75
Udinese,Lazio,3.0,2.9,2.5
Atalanta,Chievo,2.05,2.8,4.2
Catania,Roma,5.0,3.2,1.75
Fiorentina,Ascoli,1.2,5.5,17.0
Lazio,Messina,1.28,4.5,13.0
Milan,Empoli,1.44,3.75,8.5
Palermo,Cagliari,1.72,3.3,5.0
Parma,Livorno,2.1,2.8,4.0
Reggina,Inter,6.0,3.2,1.66
Sampdoria,Torino,1.95,2.87,4.5
Siena,Udinese,2.5,2.8,3.1
Cagliari,Empoli,2.37,2.7,3.5
Udinese,Chievo,2.0,2.87,4.33
Ascoli,Lazio,9.0,4.0,1.4
Fiorentina,Siena,1.3,4.5,12.0
Inter,Palermo,1.4,4.0,9.0
Livorno,Reggina,2.6,2.5,3.4
Messina,Milan,7.5,3.6,1.5
Parma,Catania,1.72,3.3,5.0
Roma,Sampdoria,1.57,3.4,7.0
Torino,Atalanta,2.3,2.75,3.6
Ascoli,Milan,9.5,4.5,1.33
Empoli,Atalanta,2.05,2.87,4.2
Inter,Roma,1.95,3.0,4.33
Lazio,Chievo,1.44,4.0,7.5
Livorno,Cagliari,2.88,1.91,4.75
Parma,Fiorentina,3.75,3.0,2.1
Reggina,Messina,1.72,3.1,5.5
Siena,Torino,2.37,2.25,4.0
Udinese,Sampdoria,2.25,2.87,3.5
Milan,Cagliari,1.25,5.0,13.0
Sampdoria,Messina,1.53,3.6,6.5
Atalanta,Roma,4.33,3.0,1.95
Chievo,Livorno,1.66,3.2,6.0
Empoli,Torino,1.9,2.87,4.75
Lazio,Fiorentina,2.25,2.87,3.5
Palermo,Parma,1.72,3.1,5.5
Reggina,Udinese,2.05,2.87,4.2
Siena,Inter,6.0,3.2,1.66
Fiorentina,Chievo,1.5,3.6,7.5
Torino,Milan,4.5,2.2,2.5
Ascoli,Reggina,5.5,3.6,1.61
Inter,Empoli,1.57,3.5,6.5
Livorno,Palermo,3.3,2.25,3.0
Messina,Atalanta,1.95,3.3,3.8
Parma,Cagliari,1.83,3.0,5.0
Roma,Lazio,2.1,3.0,3.75
Siena,Sampdoria,1.83,3.1,4.75
Udinese,Catania,2.1,2.6,4.5
Catania,Ascoli,1.33,4.5,10.0
Atalanta,Siena,2.9,2.3,3.4
Cagliari,Udinese,1.53,3.6,6.5
Chievo,Parma,2.1,3.0,3.75
Empoli,Catania,1.9,2.8,5.0
Lazio,Livorno,1.53,3.25,7.0
Messina,Inter,7.5,3.4,1.53
Milan,Fiorentina,1.8,3.1,4.75
Palermo,Roma,2.1,3.2,3.5
Sampdoria,Reggina,2.5,2.62,3.4
Torino,Ascoli,1.22,5.5,13.0
Ascoli,Palermo,9.5,4.5,1.33
Catania,Milan,6.0,2.8,1.8
Fiorentina,Cagliari,1.4,4.0,9.0
Inter,Lazio,2.05,3.0,4.0
Livorno,Sampdoria,1.53,3.6,6.5
Parma,Messina,1.14,6.5,19.0
Reggina,Chievo,2.1,2.8,4.0
Roma,Torino,1.75,3.0,6.0
Siena,Empoli,1.66,3.5,5.25
Udinese,Atalanta,2.8,2.62,3.0
Milan,Udinese,2.15,2.7,4.2
Atalanta,Inter,2.6,3.1,2.75
Cagliari,Roma,1.53,3.8,6.0
Chievo,Ascoli,1.1,8.0,21.0
Empoli,Reggina,3.4,2.5,2.62
Lazio,Parma,3.6,2.4,2.62
Messina,Fiorentina,9.0,4.0,1.4
Palermo,Siena,2.5,2.6,3.4
Sampdoria,Catania,2.8,3.1,2.5
Torino,Livorno,3.25,1.4,11.0
Ascoli,Cagliari,2.25,2.87,3.5
Catania,Chievo,2.75,2.87,2.7
Fiorentina,Sampdoria,1.61,3.25,6.5
Inter,Torino,1.4,4.33,7.5
Livorno,Atalanta,2.4,2.4,4.0
Parma,Empoli,1.83,2.1,17.0
Reggina,Milan,1.28,7.0,6.5
Roma,Messina,1.16,6.5,15.0
Siena,Lazio,1.2,7.5,9.0
Udinese,Palermo,2.37,2.62,3.6
Juventus,Livorno,1.33,4.33,10.0
Lazio,Torino,1.72,3.3,5.0
Fiorentina,Empoli,1.5,3.6,7.5
Genoa,Milan,6.0,3.4,1.61
Inter,Udinese,1.28,4.75,11.0
Napoli,Cagliari,1.9,3.0,4.5
Palermo,Roma,2.87,3.0,2.3
Parma,Catania,1.8,3.1,5.0
Reggina,Atalanta,2.37,2.87,3.25
Siena,Sampdoria,2.6,2.87,2.87
Empoli,Inter,7.5,3.6,1.5
Atalanta,Parma,2.05,3.0,4.0
Cagliari,Juventus,6.0,3.2,1.66
Catania,Genoa,2.3,3.1,3.1
Livorno,Palermo,3.25,3.0,2.3
Roma,Siena,1.22,5.0,17.0
Sampdoria,Lazio,2.2,3.0,3.4
Torino,Reggina,1.83,3.1,4.75
Udinese,Napoli,1.72,3.3,5.0
Milan,Fiorentina,1.57,3.4,7.0
Lazio,Empoli,1.61,3.4,6.5
Siena,Milan,7.5,3.8,1.5
Fiorentina,Atalanta,1.5,3.8,7.5
Genoa,Livorno,1.95,3.0,4.5
Inter,Catania,1.16,6.5,21.0
Juventus,Udinese,1.36,4.33,9.5
Napoli,Sampdoria,2.35,2.9,3.4
Palermo,Torino,1.66,3.4,6.0
Parma,Cagliari,2.35,2.9,3.4
Reggina,Roma,6.75,3.6,1.57
Milan,Parma,1.25,5.0,16.0
Udinese,Reggina,1.7,3.4,5.5
Atalanta,Lazio,2.5,2.9,3.1
Cagliari,Palermo,2.87,2.9,2.7
Catania,Fiorentina,3.75,3.1,2.1
Empoli,Napoli,2.45,2.9,3.2
Livorno,Inter,7.5,3.75,1.5
Roma,Juventus,1.9,3.2,4.33
Sampdoria,Genoa,2.05,3.1,4.0
Torino,Siena,1.72,3.3,5.5
Catania,Empoli,2.37,2.87,3.4
Fiorentina,Roma,3.2,3.0,2.4
Genoa,Udinese,2.5,2.87,3.2
Inter,Sampdoria,1.4,4.2,9.0
Juventus,Reggina,1.25,5.0,15.0
Lazio,Cagliari,1.72,3.3,5.5
Napoli,Livorno,1.8,3.25,5.0
Palermo,Milan,3.5,3.1,2.2
Parma,Torino,2.3,2.9,3.5
Siena,Atalanta,2.6,2.87,3.0
Livorno,Fiorentina,3.75,3.1,2.1
Roma,Inter,2.37,3.0,3.2
Cagliari,Siena,2.0,3.0,4.33
Empoli,Palermo,3.0,3.0,2.5
Milan,Catania,1.22,5.5,15.0
Napoli,Genoa,2.15,3.0,3.8
Reggina,Lazio,3.0,3.0,2.5
Sampdoria,Atalanta,2.0,3.1,4.2
Torino,Juventus,5.0,3.1,1.83
Udinese,Parma,1.9,3.1,4.5
Atalanta,Udinese,2.5,3.0,3.0
Inter,Napoli,1.25,5.5,12.0
Catania,Livorno,1.95,3.1,4.33
Fiorentina,Juventus,2.5,3.0,3.0
Genoa,Cagliari,2.05,3.0,4.2
Lazio,Milan,3.4,3.0,2.3
Palermo,Reggina,1.53,3.75,7.0
Parma,Roma,4.75,3.25,1.83
Siena,Empoli,2.4,2.9,3.3
Torino,Sampdoria,2.4,2.9,3.3
Reggina,Inter,7.5,3.75,1.5
Roma,Napoli,1.4,4.2,9.0
Atalanta,Torino,2.2,2.9,3.75
Cagliari,Catania,2.1,2.87,4.2
Fiorentina,Siena,1.36,4.33,10.0
Juventus,Genoa,1.36,4.33,10.0
Livorno,Lazio,3.2,3.0,2.37
Milan,Empoli,1.22,5.25,17.0
Sampdoria,Parma,1.83,3.1,5.0
Udinese,Palermo,2.37,3.0,3.2
Napoli,Juventus,3.25,3.0,2.37
Torino,Cagliari,1.85,3.2,4.75
Catania,Sampdoria,2.6,2.87,3.0
Empoli,Atalanta,2.2,2.9,3.75
Genoa,Fiorentina,3.0,2.87,2.6
Lazio,Udinese,2.25,3.0,3.5
Milan,Roma,2.2,3.1,3.5
Palermo,Inter,4.0,3.2,2.0
Parma,Livorno,1.8,3.25,5.0
Siena,Reggina,2.0,3.0,4.33
Atalanta,Cagliari,1.75,3.25,5.25
Fiorentina,Napoli,1.7,3.4,5.5
Inter,Genoa,1.25,5.25,13.0
Juventus,Empoli,1.3,4.75,12.0
Palermo,Parma,1.61,3.5,6.0
Reggina,Livorno,1.9,3.1,4.5
Roma,Lazio,1.72,3.25,5.5
Sampdoria,Milan,3.8,3.2,2.05
Siena,Catania,2.1,2.87,4.2
Udinese,Torino,1.85,3.1,5.0
Lazio,Fiorentina,2.8,3.0,2.7
Milan,Torino,1.3,4.75,12.0
Cagliari,Sampdoria,2.35,3.0,3.25
Catania,Atalanta,2.2,3.0,3.6
Empoli,Roma,6.0,3.3,1.66
Genoa,Palermo,2.35,3.0,3.25
Juventus,Inter,2.8,3.0,2.7
Livorno,Udinese,3.0,3.0,2.5
Napoli,Reggina,1.61,3.4,6.5
Parma,Siena,1.9,3.2,4.33
Palermo,Napoli,2.3,2.9,3.5
Sampdoria,Empoli,1.85,3.1,5.0
Fiorentina,Udinese,1.66,3.4,6.0
Parma,Juventus,5.5,3.3,1.72
Reggina,Genoa,2.45,2.87,3.2
Siena,Livorno,2.0,2.9,4.5
Torino,Catania,1.8,3.0,5.75
Genoa,Roma,4.33,3.4,1.9
Inter,Atalanta,1.25,5.25,13.0
Cagliari,Milan,6.25,3.5,1.61
Empoli,Torino,2.37,2.9,3.3
Juventus,Palermo,1.61,3.5,6.25
Lazio,Parma,1.9,3.1,4.5
Livorno,Sampdoria,2.9,2.9,2.65
Napoli,Catania,1.72,3.3,5.5
Reggina,Fiorentina,4.0,3.1,2.05
Udinese,Siena,1.57,3.5,7.0
Milan,Juventus,2.1,3.1,3.8
Sampdoria,Reggina,1.7,3.25,6.0
Atalanta,Napoli,2.4,3.0,3.2
Cagliari,Livorno,2.05,2.9,4.2
Catania,Palermo,2.75,3.0,2.75
Fiorentina,Inter,3.5,3.0,2.25
Parma,Empoli,2.0,3.0,4.33
Roma,Udinese,1.57,3.6,6.5
Siena,Lazio,2.8,3.0,2.65
Torino,Genoa,2.05,3.0,4.2
Inter,Lazio,1.33,4.5,11.0
Roma,Cagliari,1.28,5.0,12.0
Lazio,Catania,1.83,3.2,4.75
Palermo,Fiorentina,2.7,2.87,2.9
Empoli,Cagliari,2.2,2.9,3.8
Genoa,Siena,1.83,3.1,5.0
Inter,Torino,1.25,5.25,13.0
Juventus,Atalanta,1.36,4.33,10.0
Livorno,Roma,5.75,3.4,1.66
Napoli,Parma,1.8,3.25,5.25
Udinese,Sampdoria,1.95,3.0,4.5
Catania,Udinese,3.0,2.9,2.6
Lazio,Juventus,3.4,3.1,2.25
Atalanta,Palermo,2.45,3.0,3.1
Cagliari,Inter,8.0,4.0,1.44
Empoli,Genoa,2.15,3.0,3.75
Parma,Reggina,1.83,3.2,4.75
Sampdoria,Fiorentina,2.5,3.0,3.0
Siena,Napoli,2.5,2.9,3.1
Torino,Roma,4.75,3.2,1.83
Genoa,Parma,2.0,3.0,4.33
Roma,Sampdoria,1.4,4.2,9.0
Fiorentina,Cagliari,1.28,4.75,13.0
Inter,Milan,2.2,2.87,3.75
Juventus,Siena,1.25,5.25,13.0
Livorno,Atalanta,2.2,2.87,3.75
Napoli,Torino,1.95,2.9,4.75
Palermo,Lazio,1.9,3.0,4.75
Reggina,Catania,2.2,2.87,3.75
Udinese,Empoli,1.6,3.5,6.5
Catania,Juventus,4.75,3.25,1.83
Empoli,Reggina,2.0,3.0,4.33
Atalanta,Roma,4.5,3.1,1.9
Cagliari,Udinese,3.25,3.0,2.35
Lazio,Genoa,1.83,3.25,4.75
Milan,Napoli,1.4,4.2,9.0
Parma,Fiorentina,3.2,3.0,2.4
Sampdoria,Palermo,2.4,3.0,3.2
Siena,Inter,9.0,3.8,1.44
Torino,Livorno,1.95,3.0,4.5
Fiorentina,Torino,1.44,3.8,9.5
Genoa,Atalanta,2.25,3.0,3.6
Inter,Parma,1.22,5.5,15.0
Juventus,Sampdoria,1.5,3.7,8.0
Livorno,Empoli,2.15,3.0,3.8
Napoli,Lazio,2.15,3.0,3.8
Palermo,Siena,1.61,3.4,6.5
Reggina,Cagliari,1.8,3.2,5.25
Roma,Catania,1.25,4.75,15.0
Udinese,Milan,4.5,3.1,1.9
Atalanta,Milan,5.5,3.3,1.72
Roma,Palermo,1.44,4.0,8.0
Sampdoria,Siena,1.61,3.4,6.5
Atalanta,Reggina,1.72,3.3,5.5
Cagliari,Napoli,3.0,3.0,2.5
Catania,Parma,2.25,3.0,3.5
Empoli,Fiorentina,3.75,3.1,2.1
Livorno,Juventus,5.0,3.1,1.83
Milan,Genoa,1.28,5.0,12.0
Torino,Lazio,2.4,2.9,3.25
Udinese,Inter,5.5,3.3,1.72
Reggina,Milan,6.5,3.6,1.57
Napoli,Udinese,2.45,2.9,3.2
Palermo,Livorno,1.66,3.4,6.0
Fiorentina,Milan,3.2,3.0,2.4
Genoa,Catania,2.0,2.9,4.5
Inter,Empoli,1.2,6.0,15.0
Juventus,Cagliari,1.2,6.0,15.0
Lazio,Sampdoria,2.1,3.1,3.75
Parma,Atalanta,2.1,3.1,3.75
Reggina,Torino,2.25,2.9,3.6
Siena,Roma,6.0,3.4,1.66
Atalanta,Fiorentina,3.4,2.8,2.4
Roma,Reggina,1.22,5.5,15.0
Cagliari,Parma,2.37,2.87,3.4
Catania,Inter,6.0,3.6,1.61
Empoli,Lazio,3.0,2.87,2.6
Livorno,Genoa,2.37,2.87,3.4
Milan,Siena,1.4,4.0,10.0
Sampdoria,Napoli,1.9,3.1,4.5
Torino,Palermo,2.5,2.87,3.2
Udinese,Juventus,3.3,2.9,2.37
Milan,Livorno,1.33,4.5,11.0
Inter,Livorno,1.25,5.0,13.0
Juventus,Roma,2.3,3.0,3.4
Parma,Milan,4.33,3.2,1.9
Fiorentina,Catania,1.4,4.1,9.0
Genoa,Sampdoria,2.75,3.0,2.7
Lazio,Atalanta,1.9,3.2,4.5
Napoli,Empoli,1.8,3.2,5.0
Palermo,Cagliari,1.8,3.2,5.0
Reggina,Udinese,2.7,3.0,2.75
Siena,Torino,2.25,2.87,3.6
Reggina,Juventus,6.5,3.6,1.57
Torino,Parma,2.1,2.87,4.33
Atalanta,Siena,2.0,3.0,4.5
Cagliari,Lazio,3.4,3.0,2.3
Empoli,Catania,2.15,2.87,4.0
Livorno,Napoli,2.2,2.87,3.8
Milan,Palermo,1.57,3.5,7.0
Roma,Fiorentina,1.85,3.2,4.75
Sampdoria,Inter,4.0,3.0,2.1
Udinese,Genoa,1.83,3.1,5.0
Juventus,Torino,1.53,3.75,7.0
Atalanta,Sampdoria,2.5,3.0,3.0
Catania,Milan,4.75,3.2,1.85
Fiorentina,Livorno,1.5,3.7,8.0
Genoa,Napoli,2.15,2.9,3.8
Inter,Roma,2.05,2.9,4.2
Lazio,Reggina,1.61,3.25,7.0
Palermo,Empoli,1.8,3.2,5.0
Parma,Udinese,2.6,3.0,2.87
Siena,Cagliari,1.9,3.0,4.75
Milan,Lazio,1.9,3.1,4.5
Roma,Parma,1.72,3.25,5.5
Cagliari,Genoa,2.75,2.9,2.8
Empoli,Siena,2.2,2.87,3.75
Juventus,Fiorentina,1.9,3.1,4.5
Livorno,Catania,2.2,2.87,3.75
Napoli,Inter,3.75,2.87,2.2
Reggina,Palermo,2.5,2.87,3.2
Sampdoria,Torino,1.9,3.1,4.5
Udinese,Atalanta,2.1,3.0,4.0
Inter,Reggina,1.3,4.75,12.0
Palermo,Udinese,2.2,3.0,3.6
Catania,Cagliari,1.95,3.1,4.33
Empoli,Milan,4.75,3.2,1.85
Genoa,Juventus,3.6,3.1,2.15
Lazio,Livorno,1.66,3.3,6.0
Napoli,Roma,3.7,3.0,2.15
Parma,Sampdoria,2.05,3.0,4.0
Siena,Fiorentina,3.3,2.87,2.4
Torino,Atalanta,2.15,3.0,3.7
Roma,Milan,2.1,3.1,3.75
Udinese,Lazio,2.2,3.0,3.6
Atalanta,Empoli,1.9,3.0,4.75
Cagliari,Torino,2.6,3.0,2.87
Fiorentina,Genoa,1.61,3.4,6.5
Inter,Palermo,1.4,4.0,8.0
Juventus,Napoli,1.5,3.6,8.0
Livorno,Parma,2.35,2.9,3.4
Reggina,Siena,2.4,2.87,3.3
Sampdoria,Catania,1.66,3.2,5.5
Cagliari,Atalanta,2.5,3.0,3.1
Catania,Siena,2.15,3.0,3.75
Empoli,Juventus,5.25,3.25,1.75
Genoa,Inter,5.5,3.3,1.72
Lazio,Roma,4.0,3.1,2.05
Livorno,Reggina,2.15,3.0,3.75
Milan,Sampdoria,1.5,3.6,8.0
Napoli,Fiorentina,2.75,3.0,2.7
Parma,Palermo,2.3,3.0,3.4
Torino,Udinese,2.4,3.0,3.2
Atalanta,Catania,1.9,3.0,4.75
Fiorentina,Lazio,1.9,3.0,4.75
Inter,Juventus,2.0,3.0,4.33
Palermo,Genoa,2.05,3.1,4.0
Reggina,Napoli,2.37,2.9,3.3
Roma,Empoli,1.28,5.0,12.0
Sampdoria,Cagliari,1.61,3.4,6.5
Siena,Parma,2.3,2.9,3.5
Torino,Milan,4.2,3.1,2.0
Udinese,Livorno,1.7,3.3,5.75
Cagliari,Roma,4.0,3.2,2.0
Lazio,Inter,4.2,3.1,2.0
Catania,Torino,2.2,2.9,3.75
Empoli,Sampdoria,2.5,3.0,3.0
Genoa,Reggina,2.0,3.0,4.33
Livorno,Siena,2.3,2.9,3.5
Milan,Atalanta,1.33,4.5,11.0
Napoli,Palermo,2.0,3.0,4.33
Udinese,Fiorentina,2.35,3.0,3.25
Milan,Cagliari,1.36,4.33,10.0
Roma,Genoa,1.55,3.5,7.5
Atalanta,Inter,4.5,3.1,1.9
Catania,Napoli,2.37,3.0,3.25
Fiorentina,Reggina,1.5,3.6,8.0
Palermo,Juventus,3.75,3.1,2.1
Parma,Lazio,2.25,2.9,3.6
Sampdoria,Livorno,1.57,3.5,7.0
Siena,Udinese,2.75,3.0,2.7
Torino,Empoli,1.85,3.1,5.0
Juventus,Milan,2.3,3.0,3.4
Palermo,Catania,2.2,2.75,4.2
Empoli,Parma,2.37,2.87,3.4
Genoa,Torino,2.7,2.5,3.4
Inter,Fiorentina,1.61,3.6,6.0
Lazio,Siena,2.1,2.6,5.0
Livorno,Cagliari,2.3,2.9,3.5
Napoli,Atalanta,2.0,3.0,4.33
Reggina,Sampdoria,2.5,3.0,3.0
Udinese,Roma,3.3,3.1,2.3
Juventus,Parma,1.4,4.0,9.5
Fiorentina,Palermo,1.57,3.6,6.5
Roma,Livorno,1.22,5.5,15.0
Atalanta,Juventus,4.33,3.2,1.9
Cagliari,Empoli,2.0,3.0,4.33
Catania,Lazio,1.72,3.4,5.0
Milan,Reggina,1.3,5.0,10.0
Parma,Napoli,1.61,3.4,6.0
Sampdoria,Udinese,2.2,3.1,3.5
Siena,Genoa,2.62,2.05,5.0
Torino,Inter,7.0,3.5,1.57
Fiorentina,Sampdoria,2.0,3.1,4.2
Genoa,Empoli,2.1,3.0,4.0
Inter,Cagliari,1.3,4.5,13.0
Juventus,Lazio,1.4,4.2,9.0
Livorno,Milan,6.5,4.0,1.53
Napoli,Siena,1.95,2.75,5.25
Palermo,Atalanta,2.1,2.75,4.5
Reggina,Parma,1.83,3.1,5.0
Roma,Torino,1.5,3.8,7.25
Udinese,Catania,2.05,2.87,4.5
Atalanta,Livorno,3.25,3.3,2.2
Cagliari,Fiorentina,2.45,3.0,3.1
Catania,Reggina,2.1,2.87,4.2
Empoli,Udinese,1.95,3.3,4.0
Lazio,Palermo,2.5,2.5,3.8
Milan,Inter,2.5,3.0,3.0
Parma,Genoa,1.44,4.33,7.0
Sampdoria,Roma,2.62,3.1,2.75
Siena,Juventus,7.5,3.75,1.5
Torino,Napoli,1.4,4.2,8.5
Fiorentina,Parma,1.8,3.4,4.5
Genoa,Lazio,1.9,2.9,5.0
Inter,Siena,1.14,7.5,17.0
Juventus,Catania,1.75,3.2,5.5
Livorno,Torino,4.75,3.4,1.8
Napoli,Milan,8.0,5.25,1.33
Palermo,Sampdoria,2.37,3.0,3.2
Reggina,Empoli,2.0,3.25,3.8
Roma,Atalanta,1.22,6.0,12.0
Udinese,Cagliari,2.1,2.9,4.0
Sampdoria,Juventus,2.37,3.0,3.2
Atalanta,Genoa,2.15,2.75,4.2
Cagliari,Reggina,2.1,2.87,4.2
Catania,Roma,6.0,3.6,1.61
Empoli,Livorno,1.25,5.5,12.0
Lazio,Napoli,2.25,2.9,3.6
Milan,Udinese,1.28,5.0,11.0
Parma,Inter,5.5,4.33,1.53
Siena,Palermo,2.2,2.8,4.0
Torino,Fiorentina,7.5,3.8,1.5
Sampdoria,Inter,4.33,3.2,1.91
Udinese,Palermo,2.1,3.1,3.8
Atalanta,Siena,2.05,3.1,4.0
Cagliari,Lazio,3.0,3.0,2.5
Catania,Genoa,2.4,3.0,3.2
Chievo,Reggina,2.15,3.0,3.75
Fiorentina,Juventus,2.75,3.0,2.75
Milan,Bologna,1.3,4.75,12.0
Roma,Napoli,1.57,3.6,6.5
Torino,Lecce,1.8,3.1,5.25
Inter,Catania,1.25,5.0,15.0
Palermo,Roma,3.5,3.1,2.2
Bologna,Atalanta,2.2,3.0,3.6
Genoa,Milan,4.5,3.1,1.91
Juventus,Udinese,1.53,3.75,7.0
Lazio,Sampdoria,2.2,3.0,3.6
Lecce,Chievo,2.38,3.0,3.2
Napoli,Fiorentina,2.6,3.0,2.88
Reggina,Torino,2.5,3.0,3.0
Siena,Cagliari,1.91,3.1,4.5
Catania,Atalanta,2.35,2.9,3.4
Roma,Reggina,1.33,4.75,10.0
Cagliari,Juventus,6.25,3.5,1.62
Fiorentina,Bologna,1.53,3.6,7.5
Lecce,Siena,2.25,2.88,3.6
Milan,Lazio,1.73,3.3,5.5
Palermo,Genoa,2.1,3.1,3.8
Sampdoria,Chievo,1.62,3.5,6.25
Torino,Inter,5.75,3.4,1.67
Udinese,Napoli,2.1,3.1,3.75
Atalanta,Cagliari,1.73,3.3,5.5
Bologna,Udinese,2.65,2.9,2.9
Chievo,Torino,2.25,2.9,3.6
Genoa,Roma,4.2,3.0,2.05
Inter,Lecce,1.17,6.5,19.0
Juventus,Catania,1.25,5.25,13.0
Lazio,Fiorentina,2.4,3.0,3.2
Napoli,Palermo,2.05,3.1,4.0
Reggina,Milan,6.5,3.6,1.57
Siena,Sampdoria,2.75,2.9,2.8
Fiorentina,Genoa,1.75,3.3,5.25
Sampdoria,Juventus,3.4,3.0,2.3
Bologna,Napoli,2.7,3.0,2.75
Catania,Chievo,2.05,3.0,4.2
Lecce,Cagliari,2.0,3.0,4.33
Milan,Inter,2.88,2.88,2.75
Palermo,Reggina,1.62,3.4,6.5
Roma,Atalanta,1.57,3.6,6.5
Torino,Lazio,2.75,3.0,2.7
Udinese,Siena,1.62,3.4,6.5
Inter,Bologna,1.22,6.0,13.0
Lazio,Lecce,1.44,4.0,8.0
Atalanta,Sampdoria,2.4,3.0,3.2
Cagliari,Milan,8.0,4.0,1.44
Chievo,Fiorentina,3.25,3.0,2.38
Genoa,Napoli,2.1,3.1,3.75
Juventus,Palermo,1.53,3.75,7.0
Reggina,Catania,2.5,2.88,3.2
Siena,Roma,4.0,3.2,2.0
Udinese,Torino,1.67,3.4,6.0
Fiorentina,Reggina,1.44,3.8,9.0
Napoli,Juventus,2.5,3.0,3.1
Bologna,Lazio,3.5,3.1,2.2
Catania,Palermo,2.5,3.0,3.0
Chievo,Atalanta,2.5,2.88,3.2
Genoa,Siena,1.83,3.1,5.0
Lecce,Udinese,3.0,3.0,2.5
Milan,Sampdoria,1.4,4.0,9.5
Roma,Inter,3.4,3.0,2.3
Torino,Cagliari,1.83,3.1,5.0
Juventus,Torino,1.57,3.6,7.0
Siena,Catania,2.25,2.9,3.6
Atalanta,Milan,4.75,3.25,1.83
Cagliari,Chievo,2.1,3.0,4.0
Inter,Genoa,1.3,5.0,11.0
Lazio,Napoli,2.1,3.1,3.75
Palermo,Fiorentina,2.4,3.0,3.2
Reggina,Lecce,2.2,3.0,3.6
Sampdoria,Bologna,1.7,3.3,5.75
Udinese,Roma,2.4,3.1,3.1
Bologna,Juventus,4.75,3.3,1.83
Catania,Udinese,2.6,3.0,2.88
Chievo,Lazio,3.25,3.1,2.3
Fiorentina,Inter,3.25,3.1,2.3
Genoa,Cagliari,1.62,3.4,5.5
Lecce,Palermo,2.62,3.0,2.88
Milan,Siena,1.22,6.0,13.0
Napoli,Reggina,1.44,4.0,9.0
Torino,Atalanta,2.4,3.0,3.2
Juventus,Roma,2.2,2.9,3.75
Reggina,Inter,9.0,4.2,1.4
Atalanta,Lecce,1.85,3.2,4.75
Cagliari,Bologna,2.0,2.9,4.5
Lazio,Catania,1.65,3.25,6.5
Milan,Napoli,1.62,3.6,6.0
Palermo,Chievo,1.65,3.4,6.0
Sampdoria,Torino,1.75,3.2,5.5
Siena,Fiorentina,3.0,3.0,2.5
Udinese,Genoa,1.8,3.2,5.0
Bologna,Roma,5.25,3.25,1.75
Torino,Palermo,2.38,3.0,3.25
Catania,Cagliari,2.1,3.0,4.0
Chievo,Juventus,6.5,3.6,1.57
Fiorentina,Atalanta,1.53,3.6,7.5
Genoa,Reggina,1.53,3.75,7.0
Inter,Udinese,1.53,3.6,7.5
Lazio,Siena,1.57,3.6,7.0
Lecce,Milan,7.0,3.6,1.57
Napoli,Sampdoria,1.8,3.25,5.0
Juventus,Genoa,1.57,3.5,7.0
Palermo,Inter,4.33,3.2,1.91
Atalanta,Napoli,2.8,2.88,2.75
Cagliari,Fiorentina,3.1,3.1,2.4
Catania,Torino,2.15,2.88,4.0
Milan,Chievo,1.22,5.5,15.0
Roma,Lazio,2.3,3.0,3.4
Sampdoria,Lecce,1.62,3.3,7.0
Siena,Bologna,1.91,3.1,4.5
Udinese,Reggina,1.4,4.0,9.5
Fiorentina,Udinese,1.91,3.1,4.5
Inter,Juventus,2.1,3.1,3.75
Bologna,Palermo,2.5,3.0,3.0
Chievo,Siena,2.2,3.0,3.6
Lazio,Genoa,2.0,3.1,4.2
Lecce,Roma,4.0,3.2,2.0
Napoli,Cagliari,1.57,3.6,6.5
Reggina,Atalanta,2.5,3.0,3.1
Sampdoria,Catania,1.67,3.4,6.0
Torino,Milan,5.25,3.4,1.73
Catania,Lecce,1.85,3.1,5.0
Juventus,Reggina,1.29,5.0,12.0
Atalanta,Lazio,2.5,3.0,3.0
Cagliari,Sampdoria,2.5,3.0,3.0
Genoa,Bologna,1.62,3.4,6.5
Inter,Napoli,1.5,3.8,7.5
Palermo,Milan,3.75,3.1,2.1
Roma,Fiorentina,1.91,3.2,4.33
Siena,Torino,2.1,3.0,4.0
Udinese,Chievo,1.44,4.0,8.0
Chievo,Roma,5.5,3.4,1.73
Lazio,Inter,3.75,3.1,2.1
Atalanta,Udinese,2.3,3.1,3.3
Cagliari,Palermo,2.5,3.0,3.0
Lecce,Juventus,5.5,3.4,1.73
Milan,Catania,1.29,5.0,12.0
Napoli,Siena,1.62,3.5,6.5
Reggina,Bologna,2.1,3.0,4.0
Sampdoria,Genoa,2.38,3.0,3.25
Torino,Fiorentina,3.2,3.0,2.4
Bologna,Torino,2.2,3.0,3.6
Napoli,Lecce,1.44,3.8,9.0
Fiorentina,Catania,1.5,3.75,7.5
Genoa,Atalanta,1.91,3.1,4.5
Inter,Chievo,1.17,6.5,19.0
Juventus,Milan,2.2,3.0,3.6
Palermo,Siena,1.75,3.2,5.25
Reggina,Sampdoria,2.4,2.88,3.3
Roma,Cagliari,1.4,3.8,11.0
Udinese,Lazio,2.3,3.0,3.4
Lazio,Palermo,1.9,3.1,4.5
Siena,Inter,5.5,3.6,1.66
Atalanta,Juventus,4.5,3.1,1.95
Cagliari,Reggina,1.75,3.25,5.5
Catania,Roma,5.0,3.2,1.83
Chievo,Genoa,2.5,3.0,3.0
Lecce,Bologna,2.1,2.9,4.2
Milan,Udinese,1.66,3.6,5.5
Sampdoria,Fiorentina,2.62,2.75,3.2
Torino,Napoli,2.62,3.0,2.87
Genoa,Torino,1.75,3.2,5.25
Inter,Cagliari,1.25,5.5,12.0
Bologna,Chievo,1.8,3.2,5.0
Fiorentina,Lecce,1.36,4.33,10.0
Juventus,Siena,1.29,5.0,12.0
Napoli,Catania,1.57,3.5,7.0
Palermo,Atalanta,2.0,3.1,4.2
Reggina,Lazio,3.1,3.1,2.4
Roma,Milan,2.75,3.0,2.75
Udinese,Sampdoria,2.15,3.0,3.8
Roma,Sampdoria,1.72,3.4,5.25
Milan,Fiorentina,1.62,3.5,6.5
Siena,Reggina,1.83,3.1,5.0
Atalanta,Inter,4.75,3.3,1.8
Cagliari,Udinese,2.3,3.0,3.4
Catania,Bologna,1.95,3.0,4.5
Chievo,Napoli,3.2,3.0,2.38
Lazio,Juventus,3.4,3.0,2.25
Lecce,Genoa,2.7,2.88,2.88
Sampdoria,Palermo,1.91,3.1,4.5
Torino,Roma,4.0,3.2,2.0
Juventus,Fiorentina,1.66,3.4,6.0
Reggina,Chievo,2.05,3.1,4.0
Bologna,Milan,5.25,3.4,1.72
Genoa,Catania,1.6,3.4,6.5
Inter,Sampdoria,1.45,4.0,8.0
Lazio,Cagliari,1.66,3.4,6.0
Lecce,Torino,2.2,2.9,3.75
Napoli,Roma,2.75,3.0,2.7
Palermo,Udinese,1.95,3.1,4.33
Siena,Atalanta,2.35,2.9,3.4
Atalanta,Bologna,1.8,3.1,5.5
Cagliari,Siena,1.8,3.1,5.25
Catania,Inter,5.25,3.3,1.75
Chievo,Lecce,2.15,2.87,4.0
Fiorentina,Napoli,1.72,3.3,5.5
Milan,Genoa,1.4,4.2,8.5
Roma,Palermo,1.5,3.75,7.5
Sampdoria,Lazio,2.4,3.0,3.2
Torino,Reggina,1.9,3.1,4.75
Udinese,Juventus,5.0,3.25,1.8
Juventus,Cagliari,1.36,4.5,9.0
Napoli,Udinese,1.9,3.2,4.5
Atalanta,Catania,2.0,3.1,4.2
Chievo,Sampdoria,2.87,2.87,2.75
Genoa,Palermo,1.9,3.2,4.75
Inter,Torino,1.22,6.0,13.0
Lazio,Milan,3.6,3.2,2.1
Reggina,Roma,6.0,3.5,1.61
Siena,Lecce,1.9,3.1,4.5
Bologna,Fiorentina,3.4,3.1,2.25
Lecce,Inter,7.0,3.5,1.57
Milan,Reggina,1.2,5.75,17.0
Cagliari,Atalanta,2.0,3.1,4.2
Catania,Juventus,4.5,3.3,1.85
Fiorentina,Lazio,1.75,3.2,5.5
Palermo,Napoli,2.1,3.1,3.8
Roma,Genoa,1.75,3.3,5.25
Sampdoria,Siena,1.75,3.2,5.5
Torino,Chievo,1.85,3.2,4.75
Udinese,Bologna,1.72,3.25,5.5
Lazio,Torino,1.67,3.6,5.5
Napoli,Bologna,1.57,3.75,6.0
Atalanta,Roma,3.6,3.25,2.1
Cagliari,Lecce,1.83,3.3,4.75
Chievo,Catania,2.1,3.2,3.75
Genoa,Fiorentina,2.4,3.0,3.2
Inter,Milan,2.25,3.1,3.4
Juventus,Sampdoria,1.5,4.0,7.0
Reggina,Palermo,2.5,3.1,2.9
Siena,Udinese,2.4,3.1,3.1
Bologna,Inter,5.25,3.25,1.8
Palermo,Juventus,3.1,3.1,2.4
Roma,Siena,1.57,3.6,6.5
Catania,Reggina,1.8,3.2,5.0
Fiorentina,Chievo,1.4,4.2,9.0
Lecce,Lazio,3.1,3.1,2.4
Milan,Cagliari,1.5,3.8,7.5
Napoli,Genoa,2.15,3.1,3.6
Sampdoria,Atalanta,2.15,3.1,3.6
Torino,Udinese,2.4,3.0,3.2
Juventus,Napoli,1.6,3.5,6.5
Lazio,Bologna,1.66,3.4,6.0
Atalanta,Chievo,1.83,3.2,5.0
Cagliari,Torino,2.0,3.1,4.2
Inter,Roma,1.8,3.25,5.0
Palermo,Catania,1.83,3.25,4.75
Reggina,Fiorentina,3.25,3.0,2.37
Sampdoria,Milan,3.5,3.0,2.2
Siena,Genoa,2.75,2.8,2.9
Udinese,Lecce,1.72,3.3,5.5
Genoa,Inter,2.8,3.1,2.6
Roma,Udinese,1.9,3.2,4.33
Torino,Juventus,3.5,3.1,2.2
Bologna,Sampdoria,2.37,3.2,3.2
Catania,Siena,2.2,3.0,3.6
Chievo,Cagliari,2.3,3.1,3.3
Fiorentina,Palermo,1.66,3.5,5.5
Lecce,Reggina,2.2,3.0,3.6
Milan,Atalanta,1.57,3.6,6.5
Napoli,Lazio,2.37,3.1,3.2
Cagliari,Genoa,2.3,3.1,3.3
Juventus,Bologna,1.4,4.2,9.0
Atalanta,Torino,2.2,3.0,3.6
Inter,Fiorentina,1.73,3.4,5.5
Lazio,Chievo,1.67,3.4,6.0
Palermo,Lecce,1.67,3.5,5.5
Reggina,Napoli,2.7,3.0,2.8
Sampdoria,Roma,2.3,3.0,3.4
Siena,Milan,3.8,3.1,2.1
Udinese,Catania,1.83,3.2,5.0
Catania,Lazio,2.62,3.0,2.87
Roma,Juventus,2.87,3.0,2.6
Bologna,Cagliari,2.25,3.1,3.4
Chievo,Palermo,2.6,3.0,2.87
Fiorentina,Siena,1.5,3.8,7.5
Genoa,Udinese,1.85,3.4,4.33
Inter,Reggina,1.2,6.0,15.0
Lecce,Atalanta,2.3,3.0,3.4
Napoli,Milan,3.4,3.1,2.25
Torino,Sampdoria,2.3,3.0,3.4
Atalanta,Fiorentina,2.55,3.2,2.8
Cagliari,Catania,2.0,3.0,4.33
Juventus,Chievo,1.33,4.75,10.0
Milan,Lecce,1.28,5.25,11.0
Palermo,Torino,1.85,3.2,4.75
Reggina,Genoa,3.1,3.0,2.45
Roma,Bologna,1.5,3.75,7.5
Sampdoria,Napoli,2.05,3.0,4.0
Siena,Lazio,2.5,3.0,3.0
Udinese,Inter,4.75,3.25,1.83
Bologna,Siena,2.15,3.0,3.8
Chievo,Milan,4.75,3.25,1.83
Fiorentina,Cagliari,1.67,3.4,6.0
Genoa,Juventus,3.25,3.0,2.38
Inter,Palermo,1.44,4.0,8.5
Lazio,Roma,3.1,3.1,2.4
Lecce,Sampdoria,2.5,3.0,3.0
Napoli,Atalanta,1.83,3.25,4.75
Torino,Catania,2.0,3.0,4.33
Reggina,Udinese,2.38,3.1,3.1
Genoa,Lazio,1.75,3.5,4.75
Juventus,Inter,2.55,3.1,2.88
Atalanta,Reggina,1.62,3.6,6.0
Cagliari,Napoli,2.55,2.9,3.1
Catania,Sampdoria,2.3,3.0,3.4
Milan,Torino,1.33,5.0,9.0
Palermo,Bologna,1.73,3.4,5.5
Roma,Lecce,1.33,4.75,10.0
Siena,Chievo,2.38,2.62,3.75
Udinese,Fiorentina,2.8,3.1,2.6
Chievo,Udinese,2.25,3.1,3.4
Fiorentina,Roma,2.4,3.2,3.0
Bologna,Genoa,3.4,3.1,2.2
Lazio,Atalanta,1.8,3.3,4.75
Lecce,Catania,1.7,3.4,5.5
Milan,Palermo,1.5,4.0,7.0
Napoli,Inter,4.0,3.2,2.0
Reggina,Juventus,4.5,3.4,1.8
Sampdoria,Cagliari,2.1,3.2,3.6
Torino,Siena,1.8,3.2,5.0
Bologna,Reggina,1.8,3.3,4.75
Inter,Lazio,1.5,3.8,7.25
Catania,Milan,6.0,3.75,1.57
Fiorentina,Torino,1.44,4.0,8.0
Genoa,Sampdoria,2.25,3.1,3.3
Juventus,Lecce,1.36,4.5,9.0
Palermo,Cagliari,2.0,3.25,4.0
Roma,Chievo,1.5,4.0,7.0
Siena,Napoli,2.15,3.0,3.6
Udinese,Atalanta,1.83,3.3,4.75
Lazio,Udinese,2.88,3.0,2.6
Sampdoria,Reggina,2.9,3.3,2.4
Atalanta,Genoa,3.3,3.1,2.3
Cagliari,Roma,2.88,3.2,2.5
Catania,Fiorentina,4.75,3.4,1.8
Chievo,Inter,4.5,3.3,1.85
Lecce,Napoli,1.62,3.75,5.5
Milan,Juventus,1.83,3.5,4.33
Siena,Palermo,3.1,3.1,2.38
Torino,Bologna,1.91,3.25,4.33
Roma,Catania,1.25,5.5,12.0
Udinese,Milan,3.6,3.2,2.1
Bologna,Lecce,1.91,3.25,4.33
Fiorentina,Sampdoria,1.33,4.75,9.5
Genoa,Chievo,1.62,3.6,6.0
Inter,Siena,1.2,6.0,15.0
Juventus,Atalanta,1.25,5.5,12.0
Napoli,Torino,3.1,3.2,2.3
Palermo,Lazio,1.57,3.5,7.0
Reggina,Cagliari,1.8,3.6,4.5
Lazio,Reggina,2.5,3.6,2.6
Atalanta,Palermo,3.25,3.2,2.25
Cagliari,Inter,3.2,3.2,2.3
Catania,Napoli,2.25,3.0,3.5
Chievo,Bologna,3.2,1.57,6.0
Lecce,Fiorentina,5.0,4.33,1.57
Milan,Roma,1.8,3.4,4.75
Sampdoria,Udinese,3.1,3.3,2.25
Siena,Juventus,8.5,4.33,1.4
Torino,Genoa,1.4,4.5,7.5
Bologna,Catania,1.3,4.75,12.0
Fiorentina,Milan,2.5,3.1,2.88
Genoa,Lecce,1.33,4.5,10.0
Inter,Atalanta,1.44,4.0,8.0
Juventus,Lazio,1.36,4.5,8.0
Napoli,Chievo,1.62,3.75,5.5
Palermo,Sampdoria,1.8,3.1,5.0
Reggina,Siena,2.25,3.0,3.4
Roma,Torino,1.65,4.2,4.5
Udinese,Cagliari,1.75,3.6,4.5
Bologna,Fiorentina,3.3,3.25,2.2
Siena,Milan,3.75,3.25,2.05
Catania,Sampdoria,2.5,3.2,2.88
Genoa,Roma,2.4,3.2,3.0
Inter,Bari,1.2,6.0,15.0
Juventus,Chievo,1.29,5.25,11.0
Lazio,Atalanta,1.83,3.4,4.5
Livorno,Cagliari,2.38,3.1,3.2
Palermo,Napoli,2.15,3.25,3.5
Udinese,Parma,1.8,3.4,4.75
Bari,Bologna,2.2,3.1,3.5
Milan,Inter,3.0,3.0,2.5
Atalanta,Genoa,2.4,3.0,3.2
Cagliari,Siena,2.0,3.2,4.0
Chievo,Lazio,3.0,3.0,2.5
Fiorentina,Palermo,1.8,3.4,4.75
Napoli,Livorno,1.5,4.0,7.5
Parma,Catania,1.95,3.2,4.2
Roma,Juventus,3.1,3.1,2.38
Sampdoria,Udinese,2.1,3.2,3.6
Lazio,Juventus,4.0,3.2,2.0
Livorno,Milan,4.75,3.3,1.83
Atalanta,Sampdoria,2.38,3.1,3.1
Bologna,Chievo,2.4,3.0,3.2
Fiorentina,Cagliari,1.6,3.6,6.25
Genoa,Napoli,2.05,3.2,3.8
Inter,Parma,1.3,5.0,11.0
Palermo,Bari,1.62,3.6,6.0
Siena,Roma,4.0,3.2,2.0
Udinese,Catania,1.67,3.5,5.5
Juventus,Livorno,1.3,5.0,11.0
Napoli,Udinese,2.0,3.3,3.75
Bari,Atalanta,2.5,3.1,2.9
Cagliari,Inter,6.0,3.6,1.62
Catania,Lazio,2.9,3.1,2.5
Chievo,Genoa,2.9,3.1,2.5
Milan,Bologna,1.33,4.75,10.0
Parma,Palermo,2.38,3.1,3.1
Roma,Fiorentina,1.95,3.4,3.8
Sampdoria,Siena,1.67,3.4,6.0
Atalanta,Catania,1.8,3.4,4.75
Bari,Cagliari,2.1,3.1,3.75
Bologna,Livorno,2.15,3.1,3.6
Fiorentina,Sampdoria,2.1,3.1,3.75
Inter,Napoli,1.4,4.2,8.5
Lazio,Parma,1.91,3.2,4.33
Palermo,Roma,2.8,3.25,2.55
Siena,Chievo,2.4,3.1,3.1
Udinese,Milan,3.25,3.1,2.3
Genoa,Juventus,3.4,3.2,2.2
Livorno,Fiorentina,3.75,3.1,2.1
Sampdoria,Inter,3.8,3.3,2.0
Catania,Roma,4.33,3.25,1.91
Chievo,Atalanta,2.2,3.2,3.4
Juventus,Bologna,1.22,6.0,13.0
Lazio,Palermo,2.1,3.2,3.6
Milan,Bari,1.33,4.5,11.0
Napoli,Siena,1.67,3.4,6.0
Parma,Cagliari,1.91,3.2,4.33
Udinese,Genoa,2.25,3.2,3.3
Bari,Catania,2.05,3.2,3.8
Inter,Udinese,1.44,4.2,7.5
Atalanta,Milan,3.5,3.0,2.25
Bologna,Genoa,3.0,3.2,2.4
Cagliari,Chievo,2.1,3.1,3.75
Fiorentina,Lazio,1.85,3.3,4.5
Palermo,Juventus,3.8,3.3,2.0
Roma,Napoli,1.7,3.4,5.5
Sampdoria,Parma,1.65,3.6,5.5
Siena,Livorno,2.0,3.2,4.0
Genoa,Inter,3.25,3.2,2.25
Juventus,Fiorentina,1.73,3.4,5.25
Catania,Cagliari,2.4,3.1,3.1
Chievo,Bari,2.0,3.1,4.1
Lazio,Sampdoria,2.4,3.1,3.1
Livorno,Palermo,3.1,3.1,2.4
Milan,Roma,2.1,3.3,3.5
Napoli,Bologna,1.55,3.75,6.5
Parma,Siena,1.95,3.2,4.2
Udinese,Atalanta,1.67,3.5,5.5
Inter,Catania,1.22,5.5,15.0
Sampdoria,Bologna,1.53,3.75,7.0
Atalanta,Parma,2.1,3.1,3.75
Bari,Lazio,2.63,3.0,2.88
Cagliari,Genoa,2.75,3.0,2.75
Chievo,Milan,4.0,3.1,2.0
Fiorentina,Napoli,1.75,3.4,5.0
Palermo,Udinese,2.1,3.1,3.75
Roma,Livorno,1.33,4.75,10.0
Siena,Juventus,7.0,3.5,1.57
Bologna,Siena,2.3,3.1,3.3
Catania,Chievo,2.25,3.1,3.4
Genoa,Fiorentina,2.4,3.2,3.0
Juventus,Sampdoria,1.75,3.4,5.0
Lazio,Cagliari,1.8,3.4,4.75
Livorno,Atalanta,2.4,3.1,3.1
Napoli,Milan,2.88,3.2,2.5
Parma,Bari,2.1,3.2,3.6
Udinese,Roma,2.5,3.2,2.88
Inter,Palermo,1.44,4.0,8.0
Juventus,Napoli,1.53,3.75,7.0
Milan,Parma,1.53,3.8,6.5
Cagliari,Atalanta,2.1,3.1,3.8
Chievo,Udinese,2.5,3.1,2.9
Fiorentina,Catania,1.44,4.0,8.0
Livorno,Inter,6.0,3.8,1.57
Palermo,Genoa,2.05,3.1,4.0
Roma,Bologna,1.67,3.5,5.5
Sampdoria,Bari,1.67,3.5,5.5
Siena,Lazio,2.75,3.1,2.63
Atalanta,Juventus,4.33,3.4,1.85
Catania,Napoli,3.4,3.1,2.25
Bari,Livorno,1.85,3.3,4.5
Bologna,Palermo,2.7,3.1,2.7
Cagliari,Sampdoria,2.4,3.1,3.1
Genoa,Siena,1.65,3.6,5.5
Inter,Roma,1.62,3.75,5.5
Lazio,Milan,3.6,3.25,2.1
Parma,Chievo,2.05,3.2,3.8
Udinese,Fiorentina,2.45,3.2,2.9
Bologna,Inter,5.5,3.5,1.67
Fiorentina,Parma,1.7,3.4,5.5
Juventus,Udinese,1.44,4.0,8.0
Livorno,Genoa,3.2,3.0,2.4
Milan,Cagliari,1.5,3.75,7.5
Napoli,Lazio,1.83,3.3,4.75
Palermo,Catania,1.73,3.4,5.25
Roma,Bari,1.67,3.5,5.5
Sampdoria,Chievo,1.73,3.4,5.25
Siena,Atalanta,2.4,3.0,3.2
Genoa,Sampdoria,2.3,3.2,3.2
Udinese,Livorno,1.65,3.6,5.5
Atalanta,Roma,3.4,3.25,2.15
Bari,Siena,1.75,3.3,5.0
Cagliari,Juventus,4.0,3.4,1.91
Catania,Milan,4.33,3.4,1.85
Chievo,Palermo,2.3,3.2,3.2
Inter,Fiorentina,1.57,3.75,6.0
Lazio,Bologna,1.67,3.6,5.25
Parma,Napoli,2.4,3.2,3.0
Juventus,Inter,2.65,3.1,2.75
Milan,Sampdoria,1.57,3.7,6.25
Bologna,Udinese,2.5,3.2,2.88
Fiorentina,Atalanta,1.55,3.6,7.0
Genoa,Parma,1.91,3.2,4.33
Livorno,Chievo,2.4,3.1,3.1
Napoli,Bari,1.8,3.5,4.5
Palermo,Cagliari,2.1,3.1,3.75
Roma,Lazio,1.83,3.25,4.75
Siena,Catania,2.2,3.1,3.5
Bari,Juventus,4.33,3.25,1.91
Cagliari,Napoli,2.38,3.0,3.25
Atalanta,Inter,6.0,3.5,1.65
Catania,Livorno,1.91,3.2,4.33
Chievo,Fiorentina,3.0,3.0,2.5
Lazio,Genoa,2.25,3.1,3.4
Milan,Palermo,1.44,4.2,7.5
Parma,Bologna,1.8,3.4,4.75
Sampdoria,Roma,2.5,3.2,2.88
Siena,Udinese,2.63,3.0,2.88
Inter,Lazio,1.4,4.33,8.5
Juventus,Catania,1.33,4.75,10.0
Livorno,Sampdoria,2.88,3.0,2.63
Napoli,Chievo,1.91,3.25,4.33
Palermo,Siena,1.62,3.6,6.0
Roma,Parma,1.73,3.6,4.75
Atalanta,Napoli,2.63,3.0,2.88
Bari,Udinese,2.2,3.1,3.5
Cagliari,Roma,3.0,3.2,2.4
Catania,Bologna,2.0,3.2,4.0
Chievo,Inter,4.5,3.4,1.83
Lazio,Livorno,1.67,3.5,5.5
Milan,Genoa,1.57,3.75,6.0
Parma,Juventus,3.1,3.1,2.4
Sampdoria,Palermo,2.2,3.2,3.4
Siena,Fiorentina,3.4,3.2,2.2
Inter,Siena,1.2,6.0,15.0
Roma,Chievo,1.57,3.6,6.5
Bologna,Cagliari,2.35,3.2,3.1
Fiorentina,Bari,1.65,3.5,6.0
Genoa,Catania,1.65,3.5,6.0
Juventus,Milan,2.5,3.2,2.9
Livorno,Parma,2.75,3.1,2.63
Napoli,Sampdoria,1.91,3.3,4.2
Palermo,Atalanta,1.7,3.5,5.5
Udinese,Lazio,2.2,3.25,3.3
Bari,Inter,4.33,3.25,1.91
Cagliari,Livorno,1.83,3.0,5.5
Atalanta,Lazio,2.5,3.1,2.9
Chievo,Juventus,3.5,3.25,2.1
Fiorentina,Bologna,1.5,3.75,7.5
Milan,Siena,1.25,5.25,13.0
Napoli,Palermo,2.1,3.25,3.5
Parma,Udinese,2.1,3.2,3.6
Roma,Genoa,1.7,3.6,5.0
Sampdoria,Catania,1.8,3.4,4.6
Bologna,Atalanta,2.3,3.1,3.2
Genoa,Bari,2.1,3.1,3.8
Catania,Parma,2.2,3.2,3.4
Juventus,Roma,2.5,3.1,2.9
Bologna,Bari,2.4,3.2,3.0
Genoa,Atalanta,1.83,3.4,4.5
Inter,Milan,2.5,3.1,2.9
Lazio,Chievo,1.95,3.2,4.2
Livorno,Napoli,3.1,3.1,2.4
Palermo,Fiorentina,2.4,3.2,3.0
Siena,Cagliari,2.9,3.0,2.6
Udinese,Sampdoria,2.1,3.2,3.6
Bari,Palermo,2.5,2.9,3.1
Napoli,Genoa,1.95,3.25,4.2
Cagliari,Fiorentina,2.38,3.0,3.2
Catania,Udinese,2.2,3.0,3.6
Chievo,Bologna,2.0,3.1,4.2
Juventus,Lazio,1.7,3.4,5.5
Milan,Livorno,1.29,5.0,12.0
Roma,Siena,1.29,4.75,13.0
Sampdoria,Atalanta,1.91,3.25,4.33
Livorno,Juventus,4.0,3.2,2.0
Palermo,Parma,1.8,3.25,5.0
Atalanta,Bari,2.3,3.0,3.4
Bologna,Milan,5.0,3.25,1.8
Fiorentina,Roma,2.5,3.2,2.88
Genoa,Chievo,1.9,3.25,4.33
Inter,Cagliari,1.36,4.33,7.5
Lazio,Catania,1.9,3.25,4.33
Siena,Sampdoria,2.63,3.1,2.75
Udinese,Napoli,2.4,3.1,3.1
Parma,Inter,4.5,3.4,1.83
Milan,Udinese,1.57,3.6,6.5
Roma,Palermo,1.67,3.5,5.5
Sampdoria,Fiorentina,2.4,3.1,3.1
Cagliari,Bari,2.0,3.4,3.75
Catania,Atalanta,2.1,3.2,3.6
Chievo,Siena,1.8,3.3,4.75
Juventus,Genoa,1.73,3.5,5.0
Livorno,Bologna,2.4,3.0,3.2
Napoli,Inter,3.2,3.2,2.3
Parma,Lazio,2.38,3.0,3.25
Genoa,Udinese,1.91,3.4,4.0
Inter,Sampdoria,1.5,3.8,7.5
Atalanta,Chievo,2.1,3.3,3.5
Bari,Milan,3.5,3.3,2.1
Bologna,Juventus,4.2,3.3,1.91
Cagliari,Parma,1.85,3.4,4.33
Fiorentina,Livorno,1.62,3.6,6.0
Palermo,Lazio,1.91,3.4,4.0
Roma,Catania,1.4,4.33,8.5
Siena,Napoli,3.1,3.25,2.3
Fiorentina,Milan,2.9,3.1,2.5
Udinese,Cagliari,2.1,3.3,3.5
Catania,Bari,2.2,3.2,3.4
Lazio,Fiorentina,2.38,3.0,3.25
Chievo,Cagliari,2.4,3.2,3.0
Genoa,Bologna,1.67,3.5,5.5
Juventus,Palermo,1.73,3.4,5.25
Livorno,Siena,2.2,3.2,3.4
Milan,Atalanta,1.33,4.75,10.0
Napoli,Roma,2.4,3.1,3.1
Parma,Sampdoria,2.1,3.1,3.75
Udinese,Inter,3.6,3.2,2.1
Fiorentina,Juventus,2.5,3.2,2.88
Roma,Milan,2.3,3.2,3.2
Atalanta,Udinese,2.3,3.2,3.2
Bari,Chievo,2.0,3.25,3.9
Bologna,Napoli,2.9,3.1,2.5
Cagliari,Catania,2.0,3.25,3.9
Inter,Genoa,1.4,4.5,8.0
Palermo,Livorno,1.5,3.9,7.0
Sampdoria,Lazio,2.15,3.2,3.5
Siena,Parma,2.2,3.2,3.4
Catania,Inter,4.33,3.25,1.91
Napoli,Fiorentina,2.0,3.2,4.0
Bologna,Sampdoria,2.5,3.0,3.0
Genoa,Cagliari,1.8,3.5,4.5
Juventus,Siena,1.36,4.5,9.0
Lazio,Bari,1.83,3.3,4.75
Livorno,Roma,4.75,3.4,1.8
Milan,Chievo,1.4,4.33,8.5
Parma,Atalanta,2.0,3.2,4.0
Udinese,Palermo,2.3,3.2,3.2
Fiorentina,Genoa,1.85,3.4,4.33
Palermo,Inter,3.6,3.1,2.1
Roma,Udinese,1.75,3.4,5.0
Atalanta,Livorno,2.15,3.1,3.6
Bari,Parma,2.0,3.1,4.1
Cagliari,Lazio,2.15,3.2,3.5
Chievo,Catania,3.0,1.8,5.0
Milan,Napoli,1.57,3.6,6.5
Sampdoria,Juventus,2.6,3.1,2.8
Siena,Bologna,2.05,3.25,3.75
Atalanta,Cagliari,1.85,3.3,4.4
Bari,Sampdoria,2.5,3.1,2.9
Bologna,Roma,4.5,3.3,1.83
Catania,Fiorentina,3.0,3.0,2.5
Genoa,Palermo,2.05,3.2,3.75
Inter,Livorno,1.25,5.5,12.0
Lazio,Siena,1.75,3.4,5.0
Parma,Milan,5.0,3.25,1.8
Udinese,Chievo,1.7,3.3,5.75
Napoli,Juventus,2.45,3.0,3.1
Palermo,Bologna,1.62,3.6,6.0
Roma,Inter,2.75,3.1,2.63
Chievo,Parma,2.88,1.83,5.0
Fiorentina,Udinese,1.8,3.4,4.75
Juventus,Atalanta,1.6,3.5,6.5
Livorno,Bari,2.2,3.1,3.5
Milan,Lazio,1.67,3.5,5.5
Napoli,Catania,1.6,3.5,7.0
Sampdoria,Cagliari,1.67,3.5,5.5
Siena,Genoa,2.5,3.1,2.9
Atalanta,Siena,1.67,3.6,5.25
Bari,Roma,5.0,3.8,1.67
Cagliari,Milan,4.33,3.6,1.8
Catania,Palermo,3.2,2.0,3.5
Chievo,Sampdoria,3.0,3.0,2.5
Genoa,Livorno,1.5,4.0,6.5
Inter,Bologna,1.29,5.0,11.0
Lazio,Napoli,2.4,3.0,3.2
Parma,Fiorentina,3.2,3.1,2.35
Udinese,Juventus,2.63,3.1,2.8
Fiorentina,Inter,3.6,3.2,2.1
Napoli,Parma,1.53,3.75,7.0
Bologna,Lazio,4.5,1.62,4.5
Juventus,Cagliari,1.5,4.0,7.0
Livorno,Udinese,3.1,3.1,2.4
Milan,Catania,1.36,4.5,9.0
Palermo,Chievo,1.44,4.0,8.0
Roma,Atalanta,1.33,4.5,9.5
Sampdoria,Genoa,2.2,3.2,3.5
Siena,Bari,2.1,3.3,3.5
Inter,Juventus,1.62,3.6,6.0
Chievo,Livorno,1.4,4.5,8.0
Atalanta,Fiorentina,2.35,3.3,3.0
Bari,Napoli,3.0,3.1,2.4
Cagliari,Palermo,3.25,3.2,2.25
Catania,Siena,1.75,3.6,4.6
Lazio,Roma,4.0,3.3,1.95
Parma,Genoa,2.35,3.2,3.1
Sampdoria,Milan,2.75,3.1,2.63
Udinese,Bologna,2.1,2.0,9.5
Inter,Atalanta,1.22,6.0,13.0
Palermo,Milan,1.91,3.6,3.8
Bologna,Parma,1.5,3.75,6.0
Fiorentina,Chievo,1.5,3.75,6.0
Genoa,Lazio,2.4,3.1,3.1
Juventus,Bari,1.4,4.2,9.0
Livorno,Catania,4.5,3.25,1.91
Napoli,Cagliari,1.44,4.33,7.0
Roma,Sampdoria,1.44,4.33,7.0
Udinese,Siena,1.67,3.5,5.5
Milan,Fiorentina,1.62,3.75,5.5
Parma,Roma,6.0,4.0,1.53
Atalanta,Bologna,1.8,3.5,4.5
Bari,Genoa,3.5,1.83,4.0
Cagliari,Udinese,4.0,1.62,4.75
Catania,Juventus,3.6,3.5,2.0
Chievo,Napoli,4.5,3.5,1.8
Lazio,Inter,7.0,4.33,1.44
Sampdoria,Livorno,1.13,7.5,21.0
Siena,Palermo,7.0,4.33,1.44
Fiorentina,Siena,1.36,4.5,9.5
Genoa,Milan,3.75,3.4,2.0
Inter,Chievo,1.09,9.0,26.0
Juventus,Parma,1.33,5.0,9.0
Livorno,Lazio,7.0,3.6,1.55
Napoli,Atalanta,1.44,4.33,7.0
Palermo,Sampdoria,2.05,3.3,3.6
Roma,Cagliari,1.13,8.5,17.0
Udinese,Bari,1.8,3.0,5.75
Lazio,Udinese,2.1,2.8,4.33
Milan,Juventus,2.0,3.4,3.6
Atalanta,Palermo,6.0,4.0,1.53
Bari,Fiorentina,2.2,3.1,3.5
Cagliari,Bologna,1.62,3.25,7.0
Catania,Genoa,1.53,3.75,7.0
Chievo,Roma,7.5,4.5,1.4
Parma,Livorno,1.4,4.5,8.0
Sampdoria,Napoli,1.29,5.5,9.5
Siena,Inter,21.0,9.0,1.1
Roma,Cesena,1.29,4.75,13.0
Udinese,Genoa,2.4,3.1,3.1
Bari,Juventus,4.33,3.25,1.91
Chievo,Catania,2.2,3.1,3.5
Fiorentina,Napoli,2.3,3.1,3.3
Milan,Lecce,1.33,4.5,11.0
Palermo,Cagliari,1.73,3.25,5.5
Parma,Brescia,1.83,3.25,4.75
Sampdoria,Lazio,2.1,3.1,3.75
Bologna,Inter,6.25,3.5,1.62
Cagliari,Roma,3.25,3.1,2.3
Cesena,Milan,7.0,3.75,1.53
Inter,Udinese,1.4,4.33,8.5
Brescia,Palermo,3.25,3.1,2.3
Catania,Parma,2.25,3.1,3.4
Genoa,Chievo,1.7,3.5,5.25
Juventus,Sampdoria,1.8,3.5,4.5
Lazio,Bologna,1.73,3.4,5.25
Lecce,Fiorentina,3.5,3.1,2.2
Napoli,Bari,1.73,3.4,5.25
Fiorentina,Lazio,2.05,3.25,3.75
Milan,Catania,1.3,4.75,11.0
Bari,Cagliari,1.95,3.3,4.0
Cesena,Lecce,2.0,3.25,3.9
Chievo,Brescia,1.91,3.3,4.2
Palermo,Inter,3.3,3.25,2.2
Parma,Genoa,2.35,3.2,3.1
Roma,Bologna,1.4,4.33,8.0
Sampdoria,Napoli,2.25,3.2,3.25
Udinese,Juventus,3.0,3.2,2.4
Bologna,Udinese,2.5,3.1,2.9
Brescia,Roma,3.6,3.2,2.1
Cagliari,Sampdoria,2.4,3.1,3.1
Catania,Cesena,2.05,3.1,3.9
Genoa,Fiorentina,2.2,3.1,3.4
Inter,Bari,1.4,4.5,7.5
Lazio,Milan,3.5,3.1,2.2
Lecce,Parma,2.5,3.0,3.0
Napoli,Chievo,1.67,3.4,5.75
Juventus,Palermo,1.73,3.5,5.0
Milan,Genoa,1.67,3.5,5.5
Roma,Inter,3.4,3.2,2.2
Bari,Brescia,1.91,3.2,4.33
Catania,Bologna,1.91,3.25,4.33
Cesena,Napoli,3.0,3.0,2.5
Chievo,Lazio,2.5,3.0,3.0
Fiorentina,Parma,1.95,3.2,4.2
Juventus,Cagliari,1.6,3.6,6.0
Palermo,Lecce,1.53,3.5,6.5
Sampdoria,Udinese,1.75,3.3,4.5
Parma,Milan,3.8,3.3,2.0
Udinese,Cesena,1.75,3.5,4.75
Bologna,Sampdoria,2.6,3.1,2.8
Chievo,Cagliari,2.25,3.1,3.4
Fiorentina,Palermo,2.0,3.25,3.9
Genoa,Bari,1.91,3.25,4.33
Inter,Juventus,1.75,3.4,5.0
Lazio,Brescia,1.67,3.5,5.5
Lecce,Catania,2.38,3.1,3.1
Napoli,Roma,2.4,3.1,3.1
Milan,Chievo,1.44,4.0,8.0
Roma,Genoa,1.91,3.25,4.33
Bari,Lazio,2.7,3.0,2.8
Brescia,Udinese,2.7,3.0,2.8
Cagliari,Inter,4.0,3.2,2.0
Catania,Napoli,2.88,3.0,2.63
Cesena,Parma,2.5,3.0,3.0
Juventus,Lecce,1.36,4.5,9.0
Palermo,Bologna,1.62,3.6,6.0
Sampdoria,Fiorentina,2.1,3.2,3.6
Fiorentina,Bari,1.75,3.4,5.0
Bologna,Juventus,4.2,3.5,1.85
Chievo,Cesena,1.85,3.25,4.6
Genoa,Catania,1.8,3.2,5.0
Inter,Sampdoria,1.57,3.75,6.0
Lazio,Cagliari,1.73,3.5,5.0
Lecce,Brescia,2.38,2.88,3.4
Parma,Roma,3.0,3.2,2.38
Udinese,Palermo,2.38,3.0,3.2
Napoli,Milan,2.9,3.1,2.5
Genoa,Inter,4.0,3.2,2.0
Milan,Juventus,1.85,3.3,4.5
Roma,Lecce,1.36,4.6,8.5
Bari,Udinese,2.55,3.1,2.88
Brescia,Napoli,3.2,3.0,2.4
Cagliari,Bologna,1.85,3.4,4.33
Catania,Fiorentina,2.63,3.1,2.75
Cesena,Sampdoria,3.2,3.0,2.4
Palermo,Lazio,2.2,3.2,3.4
Parma,Chievo,2.1,3.2,3.6
Bologna,Lecce,1.91,3.25,4.33
Inter,Brescia,1.25,5.0,15.0
Bari,Milan,4.33,3.25,1.91
Fiorentina,Chievo,1.73,3.5,5.0
Juventus,Cesena,1.36,4.5,9.0
Lazio,Roma,2.5,3.1,2.9
Napoli,Parma,1.62,3.75,5.5
Palermo,Genoa,2.0,3.2,4.0
Sampdoria,Catania,1.83,3.4,4.5
Udinese,Cagliari,1.85,3.3,4.5
Brescia,Juventus,4.75,3.3,1.8
Cagliari,Napoli,2.5,3.1,2.9
Catania,Udinese,2.6,3.1,2.8
Cesena,Lazio,3.5,3.1,2.2
Chievo,Bari,2.05,3.2,3.75
Genoa,Bologna,1.73,3.5,5.0
Lecce,Inter,5.5,3.3,1.73
Milan,Palermo,1.57,3.6,6.5
Roma,Fiorentina,1.83,3.4,4.5
Parma,Sampdoria,2.38,3.1,3.1
Fiorentina,Cesena,1.44,4.0,8.0
Juventus,Roma,2.2,3.2,3.4
Bari,Parma,2.3,3.2,3.1
Bologna,Brescia,2.05,3.25,3.75
Cagliari,Genoa,2.2,3.2,3.3
Inter,Milan,2.6,3.2,2.75
Lazio,Napoli,2.1,3.25,3.5
Palermo,Catania,1.8,3.3,5.0
Sampdoria,Chievo,1.91,3.3,4.2
Udinese,Lecce,1.6,3.6,6.0
Milan,Fiorentina,1.57,3.75,6.0
Roma,Udinese,1.8,3.25,5.0
Brescia,Cagliari,2.2,3.1,3.5
Catania,Bari,1.57,3.6,6.5
Cesena,Palermo,3.5,3.1,2.2
Chievo,Inter,4.2,3.2,1.95
Genoa,Juventus,2.8,3.0,2.7
Lecce,Sampdoria,3.0,3.0,2.5
Napoli,Bologna,1.5,3.75,7.5
Parma,Lazio,2.63,3.0,2.88
Juventus,Fiorentina,1.67,3.6,5.5
Sampdoria,Milan,3.6,3.1,2.15
Bari,Cesena,1.91,3.3,4.2
Brescia,Genoa,3.0,3.0,2.5
Cagliari,Lecce,1.62,3.6,6.0
Inter,Parma,1.67,3.5,5.5
Lazio,Catania,1.67,3.5,5.5
Palermo,Roma,2.6,3.0,2.9
Udinese,Napoli,2.5,3.0,3.0
Lazio,Inter,2.7,3.1,2.7
Chievo,Roma,3.2,3.1,2.3
Milan,Brescia,1.25,5.5,12.0
Catania,Juventus,3.4,3.2,2.2
Cesena,Bologna,2.2,3.0,3.6
Fiorentina,Cagliari,1.91,3.1,4.5
Lecce,Genoa,3.5,3.1,2.2
Parma,Udinese,2.5,3.0,3.0
Sampdoria,Bari,1.73,3.25,5.5
Napoli,Palermo,2.1,3.2,3.6
Bologna,Chievo,2.4,3.1,3.1
Genoa,Napoli,2.4,3.1,3.1
Palermo,Parma,1.65,3.6,5.5
Udinese,Fiorentina,2.0,3.2,4.0
Bologna,Milan,6.0,3.8,1.57
Brescia,Sampdoria,2.9,3.1,2.55
Cagliari,Catania,2.05,3.1,4.0
Juventus,Lazio,1.85,3.3,4.5
Lecce,Chievo,3.0,3.0,2.5
Roma,Bari,1.4,4.5,7.5
Cesena,Cagliari,2.63,3.0,2.88
Milan,Roma,1.83,3.4,4.5
Bari,Palermo,3.5,3.1,2.2
Catania,Brescia,1.91,3.2,4.33
Chievo,Juventus,4.0,3.2,2.0
Lazio,Udinese,2.0,3.2,4.0
Napoli,Lecce,1.36,4.5,9.0
Parma,Bologna,1.75,3.4,5.0
Bologna,Fiorentina,2.88,2.9,2.7
Brescia,Cesena,1.91,3.2,4.33
Cagliari,Milan,4.33,3.25,1.91
Genoa,Lazio,2.38,3.0,3.25
Inter,Napoli,1.8,3.4,4.6
Juventus,Parma,1.44,4.0,8.0
Lecce,Bari,2.3,3.1,3.3
Palermo,Sampdoria,1.91,3.3,4.2
Roma,Catania,1.5,4.0,7.0
Udinese,Chievo,1.75,3.4,5.0
Bari,Bologna,2.15,3.2,3.5
Catania,Inter,3.75,3.3,2.0
Cesena,Genoa,3.1,3.1,2.4
Chievo,Palermo,2.5,3.2,2.88
Fiorentina,Brescia,1.5,3.9,7.0
Lazio,Lecce,1.36,4.6,8.5
Milan,Udinese,1.44,4.2,7.5
Napoli,Juventus,2.25,3.25,3.2
Parma,Cagliari,2.1,3.1,3.75
Sampdoria,Roma,3.1,3.1,2.4
Inter,Bologna,1.3,4.75,12.0
Napoli,Fiorentina,1.7,3.4,5.5
Brescia,Parma,2.5,3.0,3.0
Cagliari,Palermo,2.5,3.0,3.0
Catania,Chievo,2.0,3.1,4.2
Cesena,Roma,3.75,3.4,2.0
Genoa,Udinese,2.38,3.0,3.2
Juventus,Bari,1.36,4.5,9.0
Lazio,Sampdoria,1.8,3.25,5.0
Lecce,Milan,6.5,3.8,1.53
Inter,Cesena,1.22,6.0,12.0
Chievo,Genoa,2.5,3.1,2.9
Palermo,Brescia,1.44,4.2,7.5
Parma,Catania,1.95,3.1,4.33
Roma,Cagliari,1.53,3.7,7.0
Bari,Napoli,3.9,3.1,2.05
Bologna,Lazio,3.0,3.0,2.5
Fiorentina,Lecce,1.44,4.2,7.5
Milan,Cesena,1.22,5.5,15.0
Sampdoria,Juventus,2.7,3.0,2.75
Udinese,Inter,3.2,3.25,2.25
Catania,Milan,4.75,3.3,1.8
Lazio,Fiorentina,2.1,3.1,3.75
Brescia,Chievo,2.4,3.0,3.2
Cagliari,Bari,1.67,3.5,5.5
Genoa,Parma,1.91,3.3,4.2
Inter,Palermo,1.67,3.5,5.5
Juventus,Udinese,2.1,3.3,3.5
Lecce,Cesena,2.1,3.1,3.75
Napoli,Sampdoria,1.57,3.6,6.5
Milan,Lazio,1.57,3.6,6.5
Cesena,Catania,2.5,2.9,3.1
Chievo,Napoli,3.2,3.0,2.4
Fiorentina,Genoa,2.1,3.1,3.75
Palermo,Juventus,2.2,3.2,3.4
Parma,Lecce,1.67,3.5,5.5
Roma,Brescia,1.25,5.25,12.0
Sampdoria,Cagliari,2.3,3.0,3.4
Udinese,Bologna,1.44,4.0,8.0
Bari,Inter,8.0,4.0,1.44
Cagliari,Juventus,3.0,3.0,2.5
Udinese,Sampdoria,1.62,3.6,6.0
Bologna,Catania,2.1,3.25,3.5
Brescia,Bari,2.0,3.1,4.2
Genoa,Milan,3.75,3.3,2.0
Inter,Roma,1.91,3.4,4.0
Lazio,Chievo,1.75,3.5,4.75
Lecce,Palermo,3.2,3.25,2.25
Napoli,Cesena,1.29,5.0,11.0
Parma,Fiorentina,2.38,3.0,3.2
Milan,Parma,1.36,4.5,9.0
Roma,Napoli,2.25,3.1,3.4
Bari,Genoa,3.2,3.0,2.38
Brescia,Lazio,3.25,3.0,2.38
Cagliari,Chievo,2.1,2.88,4.2
Catania,Lecce,1.73,3.5,5.0
Cesena,Udinese,3.6,3.2,2.1
Juventus,Inter,2.88,3.0,2.6
Palermo,Fiorentina,1.75,3.4,5.0
Sampdoria,Bologna,2.1,3.1,3.8
Fiorentina,Inter,3.1,3.2,2.3
Sampdoria,Genoa,2.63,3.0,2.88
Bologna,Palermo,2.7,3.1,2.7
Inter,Cagliari,1.4,4.5,8.0
Chievo,Milan,4.5,3.4,1.83
Fiorentina,Sampdoria,1.75,3.4,5.0
Genoa,Roma,2.5,3.1,2.9
Lazio,Bari,1.4,4.33,8.0
Lecce,Juventus,5.5,3.75,1.62
Napoli,Catania,1.4,4.33,8.0
Parma,Cesena,1.67,3.5,5.5
Udinese,Brescia,1.4,4.33,8.0
Bologna,Roma,4.75,3.4,1.8
Juventus,Bologna,1.44,4.2,7.5
Bari,Fiorentina,3.6,3.2,2.1
Brescia,Lecce,1.91,3.25,4.33
Cagliari,Lazio,2.38,3.0,3.2
Catania,Genoa,2.5,3.0,3.0
Cesena,Chievo,2.6,3.0,2.88
Palermo,Udinese,2.3,3.2,3.2
Roma,Parma,1.53,3.8,6.5
Sampdoria,Inter,3.8,3.3,2.0
Milan,Napoli,1.8,3.5,4.5
Lecce,Roma,4.0,3.3,1.95
Juventus,Milan,3.0,3.0,2.5
Bologna,Cagliari,2.3,3.0,3.4
Chievo,Parma,2.38,3.0,3.2
Fiorentina,Catania,1.67,3.4,6.0
Inter,Genoa,1.4,4.33,8.5
Lazio,Palermo,1.95,3.3,4.0
Napoli,Brescia,1.36,4.33,10.0
Sampdoria,Cesena,1.75,3.4,5.0
Udinese,Bari,1.29,5.5,10.0
Brescia,Inter,5.5,3.5,1.67
Cesena,Juventus,3.6,3.0,2.2
Cagliari,Udinese,2.75,3.1,2.63
Catania,Sampdoria,2.05,3.1,4.0
Chievo,Fiorentina,2.7,2.9,2.88
Genoa,Palermo,1.91,3.25,4.2
Lecce,Bologna,2.3,3.1,3.3
Milan,Bari,1.2,6.0,15.0
Parma,Napoli,2.88,3.0,2.63
Roma,Lazio,2.38,3.1,3.1
Lazio,Cesena,1.73,3.4,5.25
Palermo,Milan,3.5,3.3,2.1
Bari,Chievo,2.7,3.0,2.8
Bologna,Genoa,2.6,2.8,3.1
Fiorentina,Roma,2.45,3.1,3.0
Inter,Lecce,1.25,5.75,11.0
Juventus,Brescia,1.44,4.2,8.0
Napoli,Cagliari,1.57,3.6,6.5
Sampdoria,Parma,2.25,3.0,3.5
Udinese,Catania,1.45,4.0,8.0
Brescia,Bologna,1.45,4.2,6.0
Milan,Inter,2.8,3.1,2.6
Catania,Palermo,2.3,3.0,3.4
Cesena,Fiorentina,3.25,3.0,2.38
Chievo,Sampdoria,3.25,1.5,7.5
Genoa,Cagliari,2.38,2.0,5.5
Lecce,Udinese,5.0,3.4,1.75
Napoli,Lazio,1.75,3.3,5.25
Parma,Bari,1.44,3.8,9.0
Roma,Juventus,1.95,3.3,4.0
Inter,Chievo,1.44,4.0,8.0
Udinese,Roma,2.2,3.2,3.4
Bari,Catania,3.4,2.88,2.38
Bologna,Napoli,5.5,3.5,1.67
Cagliari,Brescia,3.1,1.91,3.75
Fiorentina,Milan,4.0,3.4,1.91
Juventus,Genoa,1.57,3.6,6.5
Lazio,Parma,1.75,3.4,5.0
Palermo,Cesena,2.1,2.1,6.0
Sampdoria,Lecce,2.1,2.1,6.0
Milan,Sampdoria,1.29,5.0,11.0
Parma,Inter,4.5,3.5,1.8
Roma,Palermo,1.44,4.33,7.0
Catania,Lazio,2.88,2.3,3.2
Cesena,Bari,1.5,4.0,7.0
Fiorentina,Juventus,2.63,3.25,2.63
Lecce,Cagliari,1.5,3.8,7.5
Napoli,Udinese,1.6,3.5,5.5
Bari,Sampdoria,4.5,4.75,1.5
Bologna,Cesena,3.25,1.7,5.0
Brescia,Milan,5.75,3.1,1.75
Cagliari,Fiorentina,2.4,2.63,3.4
Genoa,Lecce,2.2,2.38,4.5
Inter,Lazio,1.85,3.3,4.5
Juventus,Catania,1.44,4.2,7.5
Palermo,Napoli,3.25,3.1,2.3
Roma,Chievo,1.4,4.33,8.5
Udinese,Parma,1.73,3.4,5.25
Cesena,Inter,4.33,3.25,1.91
Napoli,Genoa,1.33,5.0,9.0
Bari,Roma,9.0,5.5,1.3
Catania,Cagliari,1.33,4.75,9.0
Chievo,Lecce,2.63,2.05,4.33
Fiorentina,Udinese,2.5,3.2,2.8
Milan,Bologna,1.2,6.5,13.0
Parma,Palermo,1.95,3.0,4.5
Sampdoria,Brescia,1.85,3.3,4.5
Lazio,Juventus,2.1,3.2,3.6
Palermo,Bari,1.44,4.33,7.0
Roma,Milan,2.5,3.2,2.88
Bologna,Parma,4.5,1.4,6.5
Brescia,Catania,1.85,3.3,4.5
Cagliari,Cesena,3.6,2.63,2.3
Genoa,Sampdoria,2.6,3.2,2.75
Inter,Fiorentina,1.67,3.75,5.0
Lecce,Napoli,2.2,3.3,3.25
Udinese,Lazio,2.25,3.0,3.5
Juventus,Chievo,1.29,5.0,12.0
Lazio,Genoa,1.4,4.6,7.5
Milan,Cagliari,1.53,3.6,7.5
Bari,Lecce,5.0,3.6,1.7
Catania,Roma,6.0,4.33,1.5
Cesena,Brescia,1.22,5.5,11.0
Chievo,Udinese,7.5,4.33,1.36
Fiorentina,Bologna,1.73,3.0,6.5
Napoli,Inter,3.8,1.75,3.8
Parma,Juventus,3.6,3.3,2.05
Sampdoria,Palermo,1.36,4.75,8.0
Bologna,Bari,1.62,3.6,6.0
Brescia,Fiorentina,3.0,3.2,2.4
Cagliari,Parma,2.1,3.2,3.6
Genoa,Cesena,1.65,3.6,5.5
Inter,Catania,1.53,3.75,7.0
Juventus,Napoli,1.9,3.6,3.8
Lecce,Lazio,6.0,3.6,1.6
Palermo,Chievo,1.75,3.5,4.75
Roma,Sampdoria,1.29,5.0,11.0
Udinese,Milan,3.5,1.53,6.5
Milan,Lazio,1.62,3.75,5.5
Cesena,Napoli,3.25,3.3,2.2
Catania,Siena,2.0,3.2,4.0
Chievo,Novara,1.91,3.25,4.33
Fiorentina,Bologna,1.62,3.4,6.5
Genoa,Atalanta,1.73,3.5,5.0
Juventus,Parma,1.4,4.5,8.0
Lecce,Udinese,3.0,3.2,2.4
Palermo,Inter,3.75,3.4,2.0
Roma,Cagliari,1.5,4.0,7.0
Cagliari,Novara,1.62,3.6,6.0
Inter,Roma,1.85,3.5,4.2
Atalanta,Palermo,2.4,3.2,3.0
Bologna,Lecce,1.85,3.4,4.33
Catania,Cesena,2.1,3.1,3.8
Lazio,Genoa,1.73,3.5,5.0
Napoli,Milan,2.63,3.1,2.75
Parma,Chievo,2.05,3.25,3.75
Siena,Juventus,5.0,3.5,1.73
Udinese,Fiorentina,2.1,3.3,3.5
Novara,Inter,6.0,3.6,1.62
Cesena,Lazio,3.4,3.2,2.2
Chievo,Napoli,4.0,3.2,2.0
Fiorentina,Parma,1.8,3.3,4.75
Genoa,Catania,1.8,3.3,4.75
Juventus,Bologna,1.4,4.33,8.5
Lecce,Atalanta,2.5,3.1,2.9
Milan,Udinese,1.67,3.5,5.5
Palermo,Cagliari,1.91,3.4,4.0
Roma,Siena,1.57,3.75,6.0
Bologna,Inter,4.0,3.4,1.91
Milan,Cesena,1.33,5.0,8.5
Napoli,Fiorentina,1.73,3.5,5.0
Atalanta,Novara,1.8,3.3,4.75
Cagliari,Udinese,2.5,3.2,2.8
Catania,Juventus,4.0,3.2,2.0
Chievo,Genoa,2.5,3.2,2.8
Lazio,Palermo,1.83,3.4,4.5
Parma,Roma,3.0,3.2,2.38
Siena,Lecce,1.91,3.25,4.33
Inter,Napoli,2.0,3.3,3.75
Roma,Atalanta,1.7,3.6,5.0
Cesena,Chievo,2.4,3.1,3.1
Fiorentina,Lazio,2.0,3.4,3.75
Juventus,Milan,2.38,3.2,3.0
Lecce,Cagliari,2.63,3.1,2.75
Novara,Catania,2.3,3.2,3.1
Palermo,Siena,1.91,3.4,4.0
Parma,Genoa,2.45,3.1,3.0
Udinese,Bologna,1.57,3.8,6.0
Catania,Inter,3.6,3.25,2.1
Milan,Palermo,1.44,4.2,7.5
Napoli,Parma,1.5,3.75,7.5
Atalanta,Udinese,2.6,3.1,2.8
Cagliari,Siena,1.91,3.25,4.33
Cesena,Fiorentina,3.0,3.2,2.4
Chievo,Juventus,4.0,3.2,2.0
Genoa,Lecce,1.57,3.75,6.0
Lazio,Roma,2.6,3.2,2.75
Novara,Bologna,2.0,3.3,3.8
Fiorentina,Catania,1.67,3.5,5.5
Juventus,Genoa,1.62,3.6,6.0
Bologna,Lazio,3.5,3.3,2.1
Cagliari,Napoli,2.8,3.25,2.5
Inter,Chievo,1.55,3.75,6.5
Lecce,Milan,7.0,4.0,1.5
Parma,Atalanta,2.1,3.2,3.6
Roma,Palermo,1.73,3.5,5.0
Siena,Cesena,1.83,3.4,4.5
Udinese,Novara,1.44,4.2,7.5
Juventus,Fiorentina,1.67,3.6,5.5
Atalanta,Inter,3.2,3.25,2.25
Cesena,Cagliari,2.7,3.1,2.7
Chievo,Bologna,1.8,3.25,5.0
Genoa,Roma,2.6,3.2,2.75
Lazio,Catania,1.67,3.6,5.5
Milan,Parma,1.33,4.75,10.0
Napoli,Udinese,2.05,3.25,3.75
Novara,Siena,2.4,3.2,3.0
Palermo,Lecce,1.53,4.0,6.25
Catania,Napoli,2.9,3.1,2.5
Inter,Juventus,2.5,3.2,2.88
Roma,Milan,2.75,3.2,2.6
Bologna,Atalanta,2.5,3.2,2.88
Cagliari,Lazio,2.5,3.2,2.88
Fiorentina,Genoa,2.0,3.2,4.0
Lecce,Novara,2.2,3.3,3.3
Parma,Cesena,1.8,3.25,5.0
Siena,Chievo,2.1,3.2,3.6
Udinese,Palermo,1.67,3.6,5.5
Novara,Roma,4.0,3.4,1.91
Palermo,Bologna,1.67,3.5,5.5
Atalanta,Cagliari,2.1,3.25,3.5
Cesena,Lecce,2.0,3.2,4.0
Chievo,Fiorentina,2.7,3.1,2.7
Lazio,Parma,1.57,3.6,6.5
Milan,Catania,1.33,4.5,11.0
Udinese,Siena,1.62,3.6,6.0
Fiorentina,Milan,3.5,3.25,2.1
Inter,Cagliari,1.53,3.8,6.5
Napoli,Lazio,2.05,3.25,3.75
Bologna,Cesena,1.91,3.3,4.2
Catania,Chievo,1.91,3.3,4.2
Genoa,Novara,1.57,3.75,6.0
Juventus,Palermo,1.44,4.2,7.5
Parma,Udinese,2.9,3.1,2.5
Roma,Lecce,1.36,4.5,9.0
Siena,Atalanta,2.1,3.2,3.6
Udinese,Roma,2.25,3.2,3.25
Atalanta,Napoli,2.63,3.1,2.75
Lazio,Juventus,2.75,3.1,2.63
Lecce,Catania,2.6,3.1,2.8
Novara,Parma,2.5,3.1,2.9
Cagliari,Bologna,1.85,3.3,4.5
Cesena,Genoa,2.63,3.1,2.75
Milan,Chievo,1.33,4.75,10.0
Palermo,Fiorentina,2.3,3.1,3.3
Siena,Inter,3.0,3.2,2.38
Napoli,Juventus,2.4,3.2,3.0
Genoa,Milan,4.5,3.5,1.8
Inter,Udinese,2.0,3.3,3.75
Napoli,Lecce,1.36,4.5,9.0
Bologna,Siena,2.5,3.0,3.0
Catania,Cagliari,2.0,3.2,4.0
Chievo,Atalanta,2.3,3.1,3.25
Fiorentina,Roma,2.4,3.1,3.1
Juventus,Cesena,1.25,5.5,12.0
Parma,Palermo,2.1,3.2,3.6
Lazio,Novara,1.36,4.5,9.0
Inter,Fiorentina,1.91,3.25,4.33
Lecce,Lazio,4.2,3.25,1.91
Palermo,Cesena,1.62,3.6,6.0
Siena,Genoa,2.1,3.2,3.6
Atalanta,Catania,2.0,3.2,4.0
Bologna,Milan,8.0,4.0,1.44
Cagliari,Parma,2.1,3.1,3.75
Novara,Napoli,4.0,3.4,1.91
Udinese,Chievo,1.5,3.75,7.5
Roma,Juventus,4.0,3.2,2.0
Genoa,Inter,3.25,3.2,2.25
Chievo,Cagliari,1.91,3.25,4.2
Fiorentina,Atalanta,1.91,3.25,4.33
Milan,Siena,1.29,5.0,12.0
Catania,Palermo,2.1,3.2,3.6
Cesena,Inter,4.75,3.25,1.83
Genoa,Bologna,1.8,3.4,4.75
Juventus,Novara,1.22,6.0,13.0
Lazio,Udinese,2.2,3.2,3.4
Napoli,Roma,1.83,3.4,4.5
Parma,Lecce,1.67,3.6,5.5
Cagliari,Milan,6.5,3.6,1.57
Siena,Fiorentina,2.5,3.1,2.9
Atalanta,Cesena,1.91,3.25,4.33
Bologna,Roma,3.4,3.1,2.25
Inter,Lecce,1.3,5.0,11.0
Lazio,Chievo,1.53,3.75,7.0
Napoli,Genoa,1.57,3.75,6.25
Novara,Palermo,2.38,3.0,3.2
Parma,Catania,2.1,3.2,3.6
Udinese,Juventus,2.88,3.2,2.5
Inter,Parma,1.4,4.33,8.5
Siena,Lazio,3.25,3.1,2.3
Atalanta,Milan,5.5,3.25,1.73
Bologna,Catania,2.3,3.2,3.2
Cagliari,Genoa,2.25,3.1,3.4
Lecce,Juventus,7.5,3.8,1.5
Novara,Fiorentina,2.9,3.1,2.5
Palermo,Napoli,3.0,3.25,2.38
Roma,Chievo,1.62,3.6,6.0
Udinese,Cesena,1.44,3.8,9.0
Cesena,Novara,2.0,3.2,4.0
Chievo,Palermo,2.1,3.0,3.9
Fiorentina,Lecce,1.4,4.5,8.0
Genoa,Udinese,2.9,3.1,2.5
Juventus,Cagliari,1.3,4.5,13.0
Lazio,Atalanta,1.8,3.4,4.75
Milan,Inter,2.1,3.25,3.6
Parma,Siena,2.2,3.0,3.6
Napoli,Bologna,1.33,5.0,9.0
Atalanta,Juventus,4.33,3.25,1.91
Roma,Cesena,1.4,4.2,9.0
Bologna,Parma,2.5,3.0,3.0
Cagliari,Fiorentina,2.38,3.1,3.1
Inter,Lazio,1.62,3.6,6.0
Lecce,Chievo,2.4,3.2,3.0
Novara,Milan,8.5,4.33,1.4
Palermo,Genoa,2.05,3.25,3.75
Siena,Napoli,3.5,3.3,2.1
Udinese,Catania,1.62,3.6,6.0
Catania,Parma,2.1,3.25,3.6
Juventus,Udinese,1.62,3.75,5.5
Cesena,Atalanta,2.6,3.1,2.8
Chievo,Lazio,2.88,3.2,2.5
Fiorentina,Siena,1.83,3.25,4.75
Genoa,Napoli,3.2,3.25,2.25
Lecce,Inter,6.0,3.6,1.62
Milan,Cagliari,1.3,5.0,10.0
Palermo,Novara,1.53,3.75,7.0
Roma,Bologna,1.4,4.2,9.0
Cagliari,Roma,2.88,3.2,2.5
Inter,Palermo,1.44,4.2,7.5
Lazio,Milan,3.2,3.2,2.3
Napoli,Cesena,1.29,5.0,11.0
Udinese,Lecce,1.44,4.2,7.0
Novara,Chievo,2.63,3.1,2.75
Roma,Inter,2.4,3.2,3.0
Chievo,Parma,2.3,3.1,3.3
Fiorentina,Udinese,2.4,3.2,3.0
Genoa,Lazio,2.5,3.25,2.8
Juventus,Siena,1.3,5.0,11.0
Lecce,Bologna,2.3,3.2,3.2
Milan,Napoli,1.73,3.5,5.0
Novara,Cagliari,2.8,3.1,2.63
Palermo,Atalanta,1.83,3.4,4.5
Catania,Roma,3.25,3.2,2.25
Lazio,Cesena,1.5,3.75,7.5
Cagliari,Palermo,2.1,3.2,3.6
Udinese,Milan,2.5,3.2,2.88
Atalanta,Lecce,1.83,3.4,4.5
Catania,Genoa,2.1,3.25,3.5
Inter,Novara,1.25,5.5,13.0
Napoli,Chievo,1.53,4.0,6.0
Siena,Roma,3.1,3.25,2.3
Atalanta,Genoa,2.1,3.3,3.5
Parma,Juventus,4.75,3.4,1.8
Fiorentina,Napoli,2.38,3.0,3.25
Inter,Bologna,1.44,4.0,8.0
Juventus,Catania,1.33,5.0,9.0
Cesena,Milan,6.5,3.8,1.53
Genoa,Chievo,1.91,3.4,4.0
Lecce,Siena,2.4,3.2,3.0
Novara,Atalanta,2.6,3.2,2.75
Palermo,Lazio,2.4,3.2,3.0
Roma,Parma,1.57,3.75,6.0
Udinese,Cagliari,1.95,3.4,4.0
Bologna,Fiorentina,2.5,3.0,3.0
Siena,Catania,2.1,3.2,3.6
Genoa,Parma,2.1,3.2,3.6
Milan,Juventus,2.2,3.25,3.3
Atalanta,Roma,3.0,3.25,2.38
Bologna,Udinese,2.5,3.0,3.0
Cagliari,Lecce,1.8,3.4,4.75
Catania,Novara,1.53,3.8,6.5
Chievo,Cesena,2.0,3.2,4.0
Lazio,Fiorentina,2.1,3.25,3.6
Napoli,Inter,1.83,3.4,4.33
Siena,Palermo,2.2,3.2,3.4
Juventus,Chievo,1.29,5.25,10.0
Palermo,Milan,4.75,3.6,1.73
Bologna,Novara,1.73,3.5,5.0
Fiorentina,Cesena,1.5,3.75,7.5
Inter,Catania,1.67,3.5,5.5
Lecce,Genoa,2.15,3.3,3.4
Parma,Napoli,3.6,3.2,2.1
Roma,Lazio,2.1,3.3,3.5
Siena,Cagliari,2.1,3.2,3.6
Udinese,Atalanta,1.67,3.5,5.5
Bologna,Juventus,5.0,3.5,1.73
Cesena,Catania,2.7,3.0,2.8
Parma,Fiorentina,2.1,3.1,3.75
Chievo,Inter,2.75,3.2,2.6
Napoli,Cagliari,1.53,3.75,7.0
Palermo,Roma,2.63,3.3,2.63
Atalanta,Parma,2.1,3.1,3.75
Catania,Fiorentina,2.0,3.3,3.8
Cesena,Siena,2.9,3.1,2.5
Genoa,Juventus,4.33,3.5,1.83
Lazio,Bologna,1.67,3.5,5.5
Milan,Lecce,1.2,6.0,15.0
Novara,Udinese,4.2,3.3,1.91
Fiorentina,Juventus,4.0,3.2,2.0
Parma,Milan,5.5,3.5,1.67
Bologna,Chievo,2.2,2.8,4.0
Cagliari,Cesena,1.53,3.75,7.0
Catania,Lazio,2.38,3.25,3.0
Inter,Atalanta,1.62,3.8,5.5
Lecce,Palermo,2.05,3.4,3.6
Siena,Novara,1.57,3.6,6.5
Udinese,Napoli,2.5,3.2,2.88
Roma,Genoa,1.5,4.0,7.0
Milan,Roma,1.67,3.5,5.5
Palermo,Udinese,2.4,3.3,2.88
Atalanta,Bologna,2.38,2.63,3.75
Cesena,Parma,3.8,3.3,2.0
Chievo,Siena,2.5,2.4,4.0
Genoa,Fiorentina,2.4,3.0,3.2
Juventus,Inter,1.62,3.75,5.5
Lazio,Cagliari,1.8,3.25,5.0
Napoli,Catania,1.57,3.75,6.0
Novara,Lecce,2.38,3.1,3.1
Catania,Milan,3.5,3.25,2.1
Parma,Lazio,2.5,3.0,3.0
Bologna,Palermo,2.4,2.5,4.0
Cagliari,Atalanta,2.25,2.5,4.5
Fiorentina,Chievo,1.75,3.4,5.0
Inter,Genoa,1.57,3.8,6.0
Juventus,Napoli,1.8,3.5,4.5
Lecce,Cesena,1.53,3.75,7.0
Roma,Novara,1.3,5.0,11.0
Siena,Udinese,2.63,3.0,2.88
Atalanta,Siena,2.4,2.5,4.0
Cagliari,Inter,4.0,3.25,2.0
Cesena,Bologna,3.6,3.0,2.2
Chievo,Catania,2.63,2.7,3.2
Lazio,Napoli,2.75,3.0,2.7
Lecce,Roma,4.0,3.5,1.91
Milan,Fiorentina,1.29,5.0,12.0
Novara,Genoa,2.6,3.3,2.63
Palermo,Juventus,6.0,3.8,1.57
Udinese,Parma,1.8,3.5,4.5
Chievo,Milan,6.0,3.8,1.57
Catania,Lecce,2.05,3.4,3.6
Fiorentina,Palermo,1.7,3.6,5.0
Genoa,Cesena,1.44,4.0,8.0
Inter,Siena,1.62,3.8,5.5
Juventus,Lazio,1.44,4.0,8.5
Napoli,Atalanta,1.44,4.0,8.5
Parma,Novara,1.57,3.8,6.0
Roma,Udinese,1.95,3.3,4.0
Bologna,Cagliari,2.75,2.38,3.6
Catania,Atalanta,2.1,2.8,4.33
Chievo,Udinese,3.1,3.1,2.4
Napoli,Novara,1.22,6.0,12.0
Parma,Cagliari,2.25,2.7,4.0
Cesena,Palermo,3.4,3.1,2.25
Fiorentina,Inter,2.8,3.25,2.5
Genoa,Siena,2.1,3.2,3.6
Juventus,Roma,1.44,4.2,7.5
Lazio,Lecce,1.62,3.75,5.5
Milan,Bologna,1.2,6.5,13.0
Atalanta,Chievo,2.1,2.63,4.75
Cagliari,Catania,1.91,3.4,4.0
Cesena,Juventus,13.0,6.0,1.22
Lecce,Napoli,3.1,3.3,2.3
Milan,Genoa,1.2,6.5,13.0
Novara,Lazio,5.0,3.5,1.73
Palermo,Parma,2.38,2.8,3.5
Roma,Fiorentina,1.62,3.75,5.5
Siena,Bologna,2.25,2.5,4.5
Udinese,Inter,2.3,3.4,3.0
Cagliari,Chievo,1.91,3.1,4.5
Palermo,Catania,2.2,2.88,3.75
Roma,Napoli,2.8,3.2,2.5
Atalanta,Fiorentina,2.7,2.5,3.4
Bologna,Genoa,2.6,3.2,2.75
Inter,Cesena,1.25,5.5,12.0
Lecce,Parma,2.0,3.5,3.6
Novara,Juventus,12.0,5.5,1.25
Siena,Milan,5.5,4.0,1.57
Udinese,Lazio,2.2,3.3,3.25
Chievo,Roma,3.5,3.3,2.1
Napoli,Palermo,1.3,5.25,9.5
Catania,Bologna,1.95,3.2,4.2
Cesena,Udinese,5.0,3.5,1.73
Fiorentina,Novara,1.5,4.0,7.0
Genoa,Cagliari,1.73,3.5,5.0
Juventus,Lecce,1.17,7.5,13.0
Lazio,Siena,1.57,3.75,6.0
Milan,Atalanta,1.22,6.0,12.0
Parma,Inter,3.75,3.6,1.91
Lecce,Fiorentina,1.95,3.4,3.8
Roma,Catania,1.62,3.75,5.5
Atalanta,Lazio,2.3,3.2,3.1
Bologna,Napoli,5.0,4.0,1.62
Cagliari,Juventus,13.0,5.25,1.25
Inter,Milan,3.75,3.6,1.91
Novara,Cesena,2.0,3.3,3.8
Palermo,Chievo,2.0,3.3,3.75
Siena,Parma,2.3,3.25,3.1
Udinese,Genoa,1.62,3.75,5.5
Catania,Udinese,4.0,2.15,2.88
Cesena,Roma,4.5,3.75,1.73
Chievo,Lecce,2.25,3.5,3.0
Fiorentina,Cagliari,2.0,3.3,3.75
Genoa,Palermo,2.0,2.3,6.0
Juventus,Atalanta,1.3,5.0,10.0
Lazio,Inter,2.88,3.4,2.38
Milan,Novara,1.25,5.5,12.0
Napoli,Siena,1.33,4.5,11.0
Parma,Bologna,1.91,3.4,4.0
Fiorentina,Udinese,2.05,3.2,3.75
Juventus,Parma,1.3,5.0,10.5
Atalanta,Lazio,2.4,3.2,3.0
Chievo,Bologna,2.1,3.2,3.6
Genoa,Cagliari,1.95,3.3,4.0
Milan,Sampdoria,1.4,4.5,8.0
Palermo,Napoli,3.0,3.25,2.38
Pescara,Inter,4.33,3.6,1.8
Roma,Catania,1.4,4.5,8.0
Siena,Torino,2.25,3.1,3.4
Bologna,Milan,3.6,3.2,2.1
Torino,Pescara,1.83,3.4,4.5
Cagliari,Atalanta,2.3,3.0,3.4
Catania,Genoa,2.05,3.25,3.75
Inter,Roma,1.95,3.6,3.75
Lazio,Palermo,1.67,3.75,5.0
Napoli,Fiorentina,1.73,3.5,5.0
Parma,Chievo,2.05,3.2,3.8
Sampdoria,Siena,1.83,3.4,4.5
Udinese,Juventus,5.0,3.5,1.73
Milan,Atalanta,1.5,4.0,7.0
Palermo,Cagliari,2.2,3.2,3.4
Chievo,Lazio,2.8,3.1,2.6
Fiorentina,Catania,1.91,3.3,4.2
Genoa,Juventus,5.5,3.75,1.62
Napoli,Parma,1.55,3.8,6.5
Pescara,Sampdoria,2.8,3.1,2.6
Roma,Bologna,1.4,4.75,7.5
Siena,Udinese,2.5,3.2,2.88
Torino,Inter,3.1,3.3,2.3
Juventus,Chievo,1.29,5.25,10.0
Parma,Fiorentina,2.4,3.2,3.0
Atalanta,Palermo,1.83,3.4,4.5
Bologna,Pescara,1.73,3.5,5.0
Cagliari,Roma,3.1,3.5,2.2
Catania,Napoli,2.9,3.3,2.38
Inter,Siena,1.4,4.33,8.5
Lazio,Genoa,1.53,4.0,6.0
Sampdoria,Torino,2.1,3.2,3.6
Udinese,Milan,2.7,3.4,2.5
Fiorentina,Juventus,3.6,3.25,2.1
Catania,Atalanta,2.1,3.25,3.6
Chievo,Inter,3.0,3.2,2.4
Genoa,Parma,2.3,3.2,3.2
Milan,Cagliari,1.62,3.6,6.0
Napoli,Lazio,1.91,3.5,4.0
Pescara,Palermo,2.5,3.25,2.8
Roma,Sampdoria,1.62,4.1,5.0
Torino,Udinese,2.3,3.2,3.2
Siena,Bologna,2.2,3.1,3.5
Juventus,Roma,1.67,4.0,4.75
Parma,Milan,3.0,3.25,2.38
Atalanta,Torino,2.1,3.2,3.6
Bologna,Catania,2.4,3.3,2.9
Cagliari,Pescara,1.73,3.5,5.0
Inter,Fiorentina,2.1,3.3,3.5
Lazio,Siena,1.57,3.8,6.0
Palermo,Chievo,2.2,3.3,3.25
Sampdoria,Napoli,3.4,3.4,2.1
Udinese,Genoa,1.91,3.5,4.0
Chievo,Sampdoria,2.5,3.1,2.9
Genoa,Palermo,2.1,3.4,3.4
Catania,Parma,2.1,3.4,3.4
Fiorentina,Bologna,1.62,3.6,6.0
Milan,Inter,2.38,3.3,2.9
Napoli,Udinese,1.5,4.0,7.0
Pescara,Lazio,4.2,3.3,1.91
Roma,Atalanta,1.5,4.33,6.0
Siena,Juventus,6.5,3.8,1.53
Torino,Cagliari,1.85,3.4,4.33
Juventus,Napoli,1.7,3.6,5.0
Lazio,Milan,2.25,3.4,3.1
Atalanta,Siena,2.0,3.2,4.0
Cagliari,Bologna,2.0,3.3,3.8
Chievo,Fiorentina,3.1,3.1,2.38
Genoa,Roma,3.3,3.6,2.05
Inter,Catania,1.57,3.8,6.0
Palermo,Torino,2.1,3.3,3.5
Parma,Sampdoria,2.15,3.25,3.4
Udinese,Pescara,1.5,4.0,7.0
Milan,Genoa,1.5,4.0,7.0
Siena,Palermo,2.2,3.2,3.4
Bologna,Inter,3.6,3.2,2.1
Catania,Juventus,5.0,3.5,1.73
Fiorentina,Lazio,2.1,3.25,3.5
Napoli,Chievo,1.4,4.33,8.5
Pescara,Atalanta,2.9,3.1,2.5
Roma,Udinese,1.57,4.33,5.0
Sampdoria,Cagliari,2.1,3.2,3.6
Torino,Parma,2.2,3.1,3.5
Palermo,Milan,3.2,3.3,2.25
Atalanta,Napoli,3.5,3.3,2.1
Cagliari,Siena,1.91,3.3,4.2
Chievo,Pescara,1.73,3.5,5.0
Inter,Sampdoria,1.5,4.0,7.0
Juventus,Bologna,1.25,5.5,12.0
Lazio,Torino,1.73,3.6,4.75
Parma,Roma,2.8,3.5,2.38
Udinese,Catania,1.85,3.5,4.2
Genoa,Fiorentina,3.1,3.25,2.3
Juventus,Inter,1.65,3.6,5.5
Milan,Chievo,1.44,4.33,7.0
Bologna,Udinese,2.25,3.2,3.3
Catania,Lazio,2.4,3.2,3.0
Fiorentina,Cagliari,1.57,3.6,6.5
Napoli,Torino,1.5,4.0,7.0
Pescara,Parma,3.4,3.1,2.25
Roma,Palermo,1.5,4.33,6.0
Sampdoria,Atalanta,2.2,3.2,3.4
Siena,Genoa,2.15,3.25,3.4
Cagliari,Catania,2.1,3.2,3.6
Pescara,Juventus,8.5,4.75,1.36
Atalanta,Inter,3.25,3.25,2.25
Chievo,Udinese,2.38,3.1,3.1
Genoa,Napoli,3.8,3.3,2.0
Lazio,Roma,2.63,3.5,2.5
Milan,Fiorentina,2.0,3.25,4.0
Palermo,Sampdoria,2.1,3.25,3.6
Parma,Siena,1.75,3.4,5.0
Torino,Bologna,2.0,3.1,4.2
Juventus,Lazio,1.5,4.2,6.5
Napoli,Milan,1.83,3.5,4.2
Bologna,Palermo,2.2,3.2,3.4
Catania,Chievo,1.83,3.4,4.5
Fiorentina,Atalanta,1.57,3.75,6.0
Inter,Cagliari,1.57,3.8,6.0
Sampdoria,Genoa,2.38,3.0,3.2
Siena,Pescara,1.73,3.4,5.25
Udinese,Parma,2.1,3.2,3.6
Roma,Torino,1.6,4.2,5.0
Palermo,Catania,2.4,3.2,3.0
Atalanta,Genoa,1.8,3.4,4.75
Chievo,Siena,2.05,3.25,3.75
Milan,Juventus,3.2,3.25,2.25
Pescara,Roma,5.5,4.33,1.53
Sampdoria,Bologna,2.3,3.1,3.3
Torino,Fiorentina,3.2,3.1,2.3
Cagliari,Napoli,2.88,3.0,2.6
Parma,Inter,2.8,3.25,2.5
Lazio,Udinese,1.91,3.4,4.0
Catania,Milan,3.2,3.25,2.25
Juventus,Torino,1.33,5.0,9.0
Bologna,Atalanta,2.25,3.2,3.25
Fiorentina,Sampdoria,1.44,4.2,7.5
Genoa,Chievo,2.1,3.25,3.6
Inter,Palermo,1.44,4.33,7.0
Lazio,Parma,1.73,3.6,4.75
Napoli,Pescara,1.2,6.0,15.0
Siena,Roma,3.5,3.6,2.0
Udinese,Cagliari,1.95,3.2,4.2
Atalanta,Parma,2.25,3.25,3.25
Roma,Fiorentina,1.95,3.75,3.5
Cagliari,Chievo,1.85,3.3,4.5
Inter,Napoli,2.3,3.3,3.1
Palermo,Juventus,5.5,3.8,1.62
Pescara,Genoa,3.0,3.2,2.4
Siena,Catania,2.3,3.1,3.3
Torino,Milan,3.6,3.25,2.1
Bologna,Lazio,2.88,3.2,2.5
Sampdoria,Udinese,2.5,3.2,2.88
Lazio,Inter,2.4,3.2,3.0
Udinese,Palermo,1.8,3.5,4.5
Catania,Sampdoria,1.83,3.5,4.33
Chievo,Roma,3.6,3.75,1.91
Fiorentina,Siena,1.44,4.0,8.5
Genoa,Torino,2.4,3.2,3.0
Juventus,Atalanta,1.29,5.0,11.0
Milan,Pescara,1.2,6.0,15.0
Napoli,Bologna,1.36,4.5,9.0
Parma,Cagliari,2.0,3.2,4.0
Cagliari,Juventus,8.5,4.33,1.4
Pescara,Catania,3.1,3.2,2.3
Atalanta,Udinese,2.15,3.2,3.5
Bologna,Parma,2.25,3.25,3.25
Inter,Genoa,1.33,5.0,8.5
Palermo,Fiorentina,3.2,3.2,2.3
Roma,Milan,2.25,3.75,2.8
Sampdoria,Lazio,3.25,3.25,2.25
Siena,Napoli,4.2,3.3,1.91
Torino,Chievo,2.0,3.3,3.8
Catania,Torino,1.95,3.3,4.0
Lazio,Cagliari,1.53,3.9,6.5
Chievo,Atalanta,2.2,3.1,3.5
Fiorentina,Pescara,1.25,5.5,12.0
Genoa,Bologna,2.3,3.2,3.2
Juventus,Sampdoria,1.18,6.5,16.0
Milan,Siena,1.3,5.0,11.0
Napoli,Roma,2.05,3.75,3.25
Parma,Palermo,1.83,3.4,4.5
Udinese,Inter,3.0,3.2,2.4
Bologna,Chievo,2.0,3.2,4.0
Inter,Pescara,1.25,5.5,12.0
Cagliari,Genoa,2.0,3.4,3.8
Catania,Roma,2.88,3.75,2.2
Lazio,Atalanta,1.57,3.8,6.0
Napoli,Palermo,1.3,5.0,10.0
Parma,Juventus,5.0,3.5,1.73
Sampdoria,Milan,3.6,3.25,2.1
Torino,Siena,2.2,3.2,3.4
Udinese,Fiorentina,3.1,3.3,2.3
Juventus,Udinese,1.36,4.5,9.5
Milan,Bologna,1.4,4.5,8.0
Palermo,Lazio,2.88,3.2,2.5
Atalanta,Cagliari,2.05,3.2,3.8
Chievo,Parma,2.6,3.0,2.9
Fiorentina,Napoli,2.5,3.2,2.9
Genoa,Catania,2.25,3.2,3.3
Pescara,Torino,2.7,3.1,2.7
Roma,Inter,1.91,4.0,3.4
Siena,Sampdoria,2.4,3.2,3.0
Juventus,Genoa,1.17,6.5,17.0
Lazio,Chievo,1.57,3.8,6.0
Atalanta,Milan,3.5,3.3,2.1
Bologna,Roma,2.9,3.5,2.3
Cagliari,Palermo,1.91,3.4,4.0
Catania,Fiorentina,3.0,3.25,2.38
Inter,Torino,1.62,3.75,5.75
Parma,Napoli,3.0,3.25,2.38
Sampdoria,Pescara,1.62,3.75,5.5
Udinese,Siena,1.57,3.75,6.0
Roma,Cagliari,1.5,4.33,6.0
Napoli,Catania,1.5,4.2,6.5
Torino,Sampdoria,2.1,3.25,3.5
Chievo,Juventus,5.5,3.8,1.62
Fiorentina,Parma,1.73,3.5,5.0
Genoa,Lazio,2.8,3.25,2.5
Milan,Udinese,1.53,4.0,6.0
Palermo,Atalanta,2.15,3.2,3.5
Pescara,Bologna,3.0,3.2,2.4
Siena,Inter,3.5,3.3,2.1
Juventus,Fiorentina,1.62,3.8,5.5
Lazio,Napoli,2.88,3.2,2.5
Atalanta,Catania,2.2,3.2,3.4
Bologna,Siena,1.85,3.3,4.5
Cagliari,Milan,5.25,3.6,1.67
Inter,Chievo,1.57,4.0,5.5
Palermo,Pescara,1.57,3.75,6.0
Parma,Genoa,1.8,3.5,4.5
Sampdoria,Roma,3.2,3.5,2.15
Udinese,Torino,2.0,3.3,3.8
Milan,Parma,1.5,4.0,7.0
Chievo,Palermo,2.2,3.2,3.4
Roma,Juventus,3.4,3.4,2.1
Catania,Bologna,2.0,3.3,3.8
Fiorentina,Inter,2.0,3.4,3.75
Genoa,Udinese,2.4,3.2,3.0
Napoli,Sampdoria,1.36,4.75,8.0
Pescara,Cagliari,3.0,3.2,2.4
Torino,Atalanta,2.1,3.1,3.75
Siena,Lazio,3.1,3.1,2.4
Palermo,Genoa,2.1,3.3,3.5
Atalanta,Roma,2.88,3.4,2.38
Cagliari,Torino,2.2,3.2,3.4
Inter,Milan,3.1,3.3,2.3
Juventus,Siena,1.2,6.5,13.0
Parma,Catania,2.05,3.25,3.75
Sampdoria,Chievo,2.0,3.2,4.0
Lazio,Pescara,1.25,5.5,12.0
Udinese,Napoli,3.0,3.2,2.4
Bologna,Fiorentina,3.3,3.3,2.2
Napoli,Juventus,3.0,3.2,2.38
Milan,Lazio,1.62,3.6,6.0
Bologna,Cagliari,2.1,3.2,3.6
Catania,Inter,2.4,3.2,3.0
Fiorentina,Chievo,1.44,4.2,7.5
Pescara,Udinese,3.4,3.3,2.15
Roma,Genoa,1.5,4.33,6.0
Sampdoria,Parma,2.25,3.1,3.4
Siena,Atalanta,2.2,3.2,3.4
Torino,Palermo,2.1,3.2,3.6
Genoa,Milan,4.0,3.4,1.91
Udinese,Roma,2.8,3.4,2.4
Atalanta,Pescara,1.44,4.0,8.0
Cagliari,Sampdoria,2.25,3.1,3.4
Chievo,Napoli,3.5,3.5,2.05
Inter,Bologna,1.73,3.5,5.0
Juventus,Catania,1.29,5.25,11.0
Lazio,Fiorentina,2.5,3.25,2.8
Palermo,Siena,1.91,3.3,4.2
Parma,Torino,2.0,3.3,3.8
Bologna,Juventus,5.5,3.75,1.62
Catania,Udinese,1.91,3.4,4.0
Fiorentina,Genoa,1.44,4.2,7.5
Milan,Palermo,1.29,5.25,11.0
Napoli,Atalanta,1.44,4.2,7.5
Pescara,Chievo,2.9,3.1,2.5
Roma,Parma,1.5,4.33,6.0
Siena,Cagliari,2.2,3.2,3.4
Torino,Lazio,2.4,3.1,3.1
Atalanta,Sampdoria,2.25,3.0,3.5
Cagliari,Fiorentina,3.3,3.2,2.25
Chievo,Milan,5.0,3.5,1.73
Genoa,Siena,1.91,3.25,4.33
Inter,Juventus,3.25,3.3,2.2
Lazio,Catania,1.95,3.3,4.0
Palermo,Roma,3.5,3.5,2.05
Parma,Pescara,1.36,4.5,9.0
Torino,Napoli,3.3,3.25,2.2
Udinese,Bologna,2.0,3.2,4.0
Sampdoria,Inter,2.63,3.3,2.88
Bologna,Torino,2.1,3.1,3.75
Juventus,Pescara,1.14,8.0,15.0
Catania,Cagliari,1.91,3.3,4.2
Fiorentina,Milan,2.88,3.2,2.5
Inter,Atalanta,1.75,3.6,4.75
Napoli,Genoa,1.36,4.5,9.0
Sampdoria,Palermo,2.05,3.25,3.75
Siena,Parma,2.4,3.1,3.1
Udinese,Chievo,1.8,3.3,4.75
Roma,Lazio,1.91,3.6,3.75
Atalanta,Fiorentina,3.25,3.25,2.25
Pescara,Siena,3.6,3.25,2.1
Cagliari,Inter,2.8,3.3,2.5
Chievo,Catania,2.25,3.1,3.4
Genoa,Sampdoria,2.4,3.2,3.0
Milan,Napoli,2.1,3.3,3.5
Palermo,Bologna,2.1,3.25,3.6
Parma,Udinese,2.0,3.4,3.75
Torino,Roma,2.88,3.4,2.38
Lazio,Juventus,4.1,3.4,1.91
Genoa,Atalanta,2.0,3.3,3.8
Udinese,Lazio,2.4,3.1,3.1
Bologna,Sampdoria,2.2,2.88,3.8
Catania,Palermo,2.1,3.25,3.6
Fiorentina,Torino,1.44,4.1,8.0
Inter,Parma,1.91,3.4,4.0
Juventus,Milan,1.73,3.6,4.75
Napoli,Cagliari,1.44,4.2,7.5
Roma,Pescara,1.17,7.0,15.0
Siena,Chievo,2.15,3.1,3.6
Atalanta,Bologna,2.63,2.4,3.8
Cagliari,Udinese,3.6,3.2,2.1
Pescara,Napoli,9.0,5.0,1.33
Chievo,Genoa,2.4,3.2,3.0
Milan,Catania,1.33,4.75,9.5
Palermo,Inter,2.3,3.4,3.0
Parma,Lazio,2.4,3.2,3.0
Roma,Siena,1.44,4.2,7.5
Sampdoria,Fiorentina,3.8,3.3,2.0
Torino,Juventus,5.5,3.8,1.62
Chievo,Cagliari,2.7,2.25,4.0
Fiorentina,Roma,1.95,3.5,3.75
Catania,Siena,2.25,3.25,3.2
Genoa,Pescara,1.25,5.5,12.0
Juventus,Palermo,1.44,3.75,9.5
Lazio,Bologna,1.67,3.8,5.0
Milan,Torino,1.25,5.5,12.0
Napoli,Inter,1.44,4.2,7.5
Parma,Atalanta,2.6,2.1,5.0
Udinese,Sampdoria,1.57,3.8,6.0
Roma,Chievo,1.25,5.5,12.0
Atalanta,Juventus,3.75,3.4,2.0
Bologna,Napoli,4.5,3.8,1.73
Cagliari,Parma,2.63,2.38,3.2
Inter,Lazio,2.75,3.25,2.55
Palermo,Udinese,2.2,3.6,3.0
Pescara,Milan,15.0,7.0,1.17
Sampdoria,Catania,1.95,3.0,4.5
Siena,Fiorentina,5.5,4.0,1.57
Torino,Genoa,3.0,1.73,5.0
Catania,Pescara,1.25,6.0,10.0
Juventus,Cagliari,1.29,5.5,9.5
Chievo,Torino,3.25,2.1,3.0
Fiorentina,Palermo,1.36,4.75,6.5
Genoa,Inter,1.73,3.6,4.2
Lazio,Sampdoria,1.33,5.0,8.5
Milan,Roma,1.62,3.75,5.5
Napoli,Siena,1.3,5.25,9.5
Parma,Bologna,1.73,3.3,4.75
Udinese,Atalanta,1.36,4.75,8.0
Sampdoria,Juventus,4.75,3.6,1.73
Atalanta,Chievo,2.0,3.0,4.33
Bologna,Genoa,2.15,3.2,3.5
Cagliari,Lazio,5.25,3.75,1.65
Inter,Udinese,3.25,3.5,2.1
Palermo,Parma,2.25,3.2,3.3
Pescara,Fiorentina,15.0,7.0,1.17
Roma,Napoli,2.5,3.4,2.7
Siena,Milan,13.0,6.5,1.2
Torino,Catania,2.1,3.2,3.6
Sampdoria,Juventus,8.0,4.0,1.45
Verona,Milan,4.75,3.6,1.75
Cagliari,Atalanta,2.5,3.0,3.0
Inter,Genoa,1.62,3.75,5.5
Lazio,Udinese,2.0,3.4,3.75
Livorno,Roma,3.6,3.5,2.0
Napoli,Bologna,1.36,4.75,8.5
Parma,Chievo,1.85,3.5,4.2
Torino,Sassuolo,2.0,3.3,3.8
Fiorentina,Catania,1.44,4.2,7.5
Chievo,Napoli,4.75,3.5,1.75
Juventus,Lazio,1.36,4.5,9.0
Atalanta,Torino,2.1,3.2,3.6
Bologna,Sampdoria,2.2,3.25,3.3
Catania,Inter,2.75,3.2,2.6
Genoa,Fiorentina,4.0,3.3,1.95
Milan,Cagliari,1.4,4.5,7.5
Roma,Verona,1.4,4.5,8.0
Sassuolo,Livorno,1.95,3.2,4.2
Udinese,Parma,2.1,3.25,3.6
Inter,Juventus,3.5,3.3,2.1
Napoli,Atalanta,1.36,4.75,8.5
Torino,Milan,4.75,3.6,1.73
Fiorentina,Cagliari,1.44,4.33,7.0
Lazio,Chievo,1.67,3.75,5.0
Livorno,Catania,2.5,3.2,2.88
Sampdoria,Genoa,2.4,3.1,3.1
Udinese,Bologna,1.8,3.5,4.5
Verona,Sassuolo,2.25,3.2,3.25
Parma,Roma,3.1,3.3,2.3
Cagliari,Sampdoria,2.1,3.2,3.6
Chievo,Udinese,2.75,3.2,2.6
Genoa,Livorno,1.75,3.5,4.75
Atalanta,Fiorentina,2.8,3.4,2.4
Bologna,Torino,2.15,3.2,3.5
Catania,Parma,2.05,3.25,3.75
Juventus,Verona,1.17,7.0,15.0
Milan,Napoli,2.5,3.4,2.7
Roma,Lazio,2.1,3.4,3.4
Sassuolo,Inter,4.5,3.75,1.75
Udinese,Genoa,1.83,3.4,4.5
Bologna,Milan,3.4,3.4,2.1
Chievo,Juventus,7.5,4.2,1.44
Lazio,Catania,1.57,3.75,6.0
Livorno,Cagliari,2.75,3.1,2.63
Napoli,Sassuolo,1.17,7.0,15.0
Parma,Atalanta,1.91,3.3,4.2
Sampdoria,Roma,3.6,3.3,2.05
Torino,Verona,1.91,3.4,4.0
Inter,Fiorentina,1.91,3.4,4.0
Genoa,Napoli,4.75,3.5,1.75
Milan,Sampdoria,1.5,4.0,7.0
Atalanta,Udinese,2.5,3.2,2.88
Cagliari,Inter,3.8,3.3,2.0
Catania,Chievo,2.05,3.3,3.6
Roma,Bologna,1.33,5.0,9.0
Sassuolo,Lazio,4.5,3.4,1.83
Torino,Juventus,6.5,4.1,1.5
Verona,Livorno,1.91,3.3,4.2
Fiorentina,Parma,1.57,3.8,6.0
Chievo,Atalanta,2.2,3.2,3.4
Inter,Roma,2.25,3.5,3.0
Bologna,Verona,2.1,3.3,3.5
Catania,Genoa,2.1,3.4,3.4
Juventus,Milan,1.57,4.0,5.5
Lazio,Fiorentina,2.25,3.4,3.1
Napoli,Livorno,1.22,5.25,17.0
Parma,Sassuolo,1.57,3.75,6.0
Sampdoria,Torino,2.4,3.2,3.0
Udinese,Cagliari,1.83,3.5,4.33
Roma,Napoli,2.1,3.3,3.5
Cagliari,Catania,1.91,3.3,4.2
Milan,Udinese,1.67,3.6,5.25
Atalanta,Lazio,2.7,3.2,2.6
Fiorentina,Juventus,3.5,3.3,2.1
Genoa,Chievo,2.0,3.4,3.75
Livorno,Sampdoria,2.3,3.2,3.1
Sassuolo,Bologna,2.38,3.2,3.0
Torino,Inter,3.4,3.5,2.05
Verona,Parma,2.3,3.2,3.1
Inter,Verona,1.44,4.2,7.5
Sampdoria,Atalanta,2.3,3.2,3.2
Bologna,Livorno,2.0,3.3,3.8
Catania,Sassuolo,1.83,3.5,4.33
Chievo,Fiorentina,3.8,3.4,2.0
Juventus,Genoa,1.2,6.0,15.0
Lazio,Cagliari,1.83,3.4,4.5
Napoli,Torino,1.33,5.0,8.5
Parma,Milan,3.3,3.3,2.2
Udinese,Roma,3.3,3.4,2.15
Atalanta,Inter,3.8,3.3,2.0
Cagliari,Bologna,1.75,3.5,4.75
Fiorentina,Napoli,2.5,3.3,2.8
Genoa,Parma,2.4,3.2,3.0
Juventus,Catania,1.18,6.25,17.0
Livorno,Torino,2.8,3.1,2.6
Milan,Lazio,1.73,3.5,5.0
Sassuolo,Udinese,2.88,3.3,2.4
Verona,Sampdoria,2.0,3.4,3.75
Roma,Chievo,1.22,6.0,12.0
Milan,Fiorentina,2.05,3.5,3.5
Napoli,Catania,1.22,6.0,13.0
Parma,Juventus,4.5,3.75,1.73
Lazio,Genoa,1.57,3.8,6.0
Livorno,Atalanta,2.7,3.1,2.7
Sampdoria,Sassuolo,1.95,3.5,3.8
Torino,Roma,4.0,3.5,1.91
Udinese,Inter,2.63,3.3,2.63
Verona,Cagliari,2.05,3.4,3.5
Bologna,Chievo,2.05,3.3,3.6
Catania,Udinese,2.9,3.1,2.5
Inter,Livorno,1.3,5.0,10.0
Atalanta,Bologna,2.05,3.3,3.6
Cagliari,Torino,2.0,3.3,3.8
Chievo,Milan,3.8,3.3,2.0
Fiorentina,Sampdoria,1.4,4.5,8.0
Genoa,Verona,2.25,3.25,3.25
Juventus,Napoli,1.73,3.6,4.75
Parma,Lazio,2.3,3.2,3.2
Roma,Sassuolo,1.22,6.0,13.0
Milan,Genoa,1.44,4.2,7.5
Napoli,Parma,1.44,4.5,6.5
Verona,Chievo,2.1,3.3,3.5
Bologna,Inter,4.0,3.4,1.91
Livorno,Juventus,8.5,4.75,1.36
Sampdoria,Lazio,3.0,3.2,2.38
Sassuolo,Atalanta,2.2,3.2,3.4
Torino,Catania,1.8,3.5,4.5
Udinese,Fiorentina,2.8,3.1,2.6
Roma,Cagliari,1.44,4.33,7.0
Genoa,Torino,2.38,3.2,3.1
Parma,Bologna,1.8,3.5,4.5
Atalanta,Roma,4.0,3.4,1.91
Cagliari,Sassuolo,1.83,3.5,4.33
Catania,Milan,4.75,3.6,1.75
Chievo,Livorno,1.91,3.4,4.0
Inter,Sampdoria,1.4,4.5,8.0
Juventus,Udinese,1.3,5.0,10.0
Fiorentina,Verona,1.44,4.33,7.0
Lazio,Napoli,3.1,3.3,2.3
Bologna,Juventus,8.5,4.33,1.4
Livorno,Milan,5.5,3.75,1.62
Napoli,Udinese,1.57,3.75,6.0
Cagliari,Genoa,1.95,3.3,4.0
Inter,Parma,1.65,3.75,5.5
Roma,Fiorentina,1.91,3.4,4.0
Sampdoria,Catania,1.73,3.6,4.75
Sassuolo,Chievo,2.1,3.2,3.6
Torino,Lazio,2.38,3.2,3.0
Verona,Atalanta,1.95,3.3,4.0
Catania,Verona,2.7,3.0,2.75
Chievo,Sampdoria,2.25,3.0,3.5
Fiorentina,Bologna,1.44,4.33,7.0
Genoa,Atalanta,2.15,3.25,3.4
Juventus,Sassuolo,1.17,6.5,17.0
Lazio,Livorno,1.5,4.0,7.0
Napoli,Inter,1.91,3.5,4.0
Parma,Cagliari,1.8,3.6,4.33
Udinese,Torino,1.91,3.4,4.0
Milan,Roma,2.3,3.3,3.1
Cagliari,Napoli,3.5,3.4,2.05
Livorno,Udinese,3.1,3.1,2.4
Atalanta,Juventus,7.5,4.2,1.44
Bologna,Genoa,2.1,3.25,3.5
Inter,Milan,2.63,3.3,2.63
Roma,Catania,1.22,6.5,11.0
Sampdoria,Parma,2.5,3.2,2.88
Sassuolo,Fiorentina,4.33,3.4,1.85
Torino,Chievo,1.83,3.3,4.75
Verona,Lazio,2.7,3.2,2.63
Chievo,Cagliari,2.38,3.0,3.25
Fiorentina,Livorno,1.33,4.75,10.0
Juventus,Roma,1.67,3.75,5.0
Catania,Bologna,2.1,3.2,3.6
Genoa,Sassuolo,2.1,3.3,3.5
Lazio,Inter,2.4,3.3,2.88
Milan,Atalanta,1.44,4.2,7.5
Napoli,Sampdoria,1.36,4.75,8.0
Parma,Torino,2.05,3.3,3.6
Udinese,Verona,1.8,3.4,4.75
Bologna,Lazio,3.1,3.1,2.38
Livorno,Parma,3.0,3.2,2.38
Atalanta,Catania,1.85,3.4,4.33
Cagliari,Juventus,7.0,4.33,1.44
Roma,Genoa,1.36,4.5,9.0
Sassuolo,Milan,5.0,3.6,1.7
Torino,Fiorentina,2.8,3.3,2.5
Verona,Napoli,3.8,3.5,1.95
Inter,Chievo,1.44,4.33,7.0
Sampdoria,Udinese,2.38,3.2,3.0
Juventus,Sampdoria,1.17,6.5,17.0
Roma,Livorno,1.18,6.5,15.0
Atalanta,Cagliari,2.45,3.1,3.0
Bologna,Napoli,5.0,3.75,1.67
Catania,Fiorentina,3.6,3.4,2.05
Chievo,Parma,2.8,3.1,2.6
Genoa,Inter,3.9,3.4,1.95
Milan,Verona,1.44,4.33,7.0
Sassuolo,Torino,2.7,3.2,2.6
Udinese,Lazio,2.5,3.1,2.9
Lazio,Juventus,4.75,3.6,1.73
Napoli,Chievo,1.29,5.25,10.0
Cagliari,Milan,3.8,3.3,2.0
Fiorentina,Genoa,1.33,4.75,10.0
Inter,Catania,1.33,4.75,9.5
Livorno,Sassuolo,2.4,3.1,3.1
Parma,Udinese,2.0,3.3,3.8
Sampdoria,Bologna,1.75,3.4,5.0
Torino,Atalanta,1.75,3.4,5.0
Verona,Roma,4.75,3.6,1.75
Bologna,Udinese,2.5,3.1,2.9
Cagliari,Fiorentina,3.25,3.2,2.25
Milan,Torino,1.6,3.8,5.75
Atalanta,Napoli,4.33,3.4,1.85
Catania,Livorno,1.91,3.4,4.0
Chievo,Lazio,3.1,3.1,2.4
Juventus,Inter,1.4,4.5,7.5
Sassuolo,Verona,2.38,3.2,3.0
Genoa,Sampdoria,2.5,3.2,2.88
Fiorentina,Atalanta,1.44,4.33,7.0
Napoli,Milan,2.0,3.4,3.75
Udinese,Chievo,1.83,3.4,4.5
Inter,Sassuolo,1.33,4.75,10.0
Lazio,Roma,3.75,3.4,2.0
Livorno,Genoa,2.4,3.2,3.0
Parma,Catania,1.57,3.6,6.5
Sampdoria,Cagliari,2.1,3.25,3.5
Torino,Bologna,1.57,3.75,6.0
Verona,Juventus,8.0,4.5,1.4
Milan,Bologna,1.33,5.0,9.0
Fiorentina,Inter,2.1,3.4,3.4
Atalanta,Parma,2.5,3.25,2.8
Cagliari,Livorno,1.75,3.4,5.0
Catania,Lazio,3.3,3.2,2.25
Genoa,Udinese,2.75,3.1,2.63
Juventus,Chievo,1.14,7.5,17.0
Roma,Sampdoria,1.33,5.0,9.0
Sassuolo,Napoli,6.0,3.8,1.57
Verona,Torino,2.3,3.3,3.1
Bologna,Roma,7.0,4.0,1.5
Chievo,Catania,2.15,3.1,3.6
Inter,Cagliari,1.44,4.2,7.5
Juventus,Torino,1.22,6.0,12.0
Lazio,Sassuolo,1.44,4.2,7.5
Livorno,Verona,2.38,3.25,3.0
Sampdoria,Milan,3.2,3.2,2.3
Udinese,Atalanta,1.75,3.4,5.0
Napoli,Genoa,1.29,5.0,12.0
Parma,Fiorentina,2.4,3.2,3.0
Roma,Inter,1.62,3.8,5.5
Atalanta,Chievo,2.05,3.25,3.75
Cagliari,Udinese,2.38,3.2,3.0
Fiorentina,Lazio,1.91,3.3,4.2
Genoa,Catania,2.1,3.25,3.6
Livorno,Napoli,6.0,4.0,1.53
Milan,Juventus,3.6,3.5,2.0
Sassuolo,Parma,3.5,3.4,2.05
Torino,Sampdoria,1.83,3.25,4.75
Verona,Bologna,1.91,3.5,4.0
Catania,Cagliari,2.2,3.25,3.3
Udinese,Milan,3.0,3.25,2.38
Bologna,Sassuolo,1.91,3.4,4.0
Chievo,Genoa,2.1,3.2,3.6
Inter,Torino,1.57,4.0,5.5
Juventus,Fiorentina,1.4,4.6,7.5
Lazio,Atalanta,1.57,3.8,6.0
Napoli,Roma,2.2,3.3,3.3
Parma,Verona,1.73,3.7,4.6
Sampdoria,Livorno,1.75,3.4,5.0
Verona,Inter,3.25,3.4,2.15
Atalanta,Sampdoria,2.25,3.2,3.3
Cagliari,Lazio,2.75,3.1,2.63
Fiorentina,Chievo,1.53,4.0,6.0
Genoa,Juventus,7.0,4.33,1.44
Livorno,Bologna,2.2,3.2,3.4
Milan,Parma,1.8,3.6,4.33
Sassuolo,Catania,2.2,3.2,3.4
Roma,Udinese,1.36,4.5,9.5
Torino,Napoli,3.4,3.3,2.15
Chievo,Roma,6.5,3.6,1.57
Torino,Livorno,1.62,3.6,6.0
Bologna,Cagliari,2.3,3.1,3.25
Catania,Juventus,8.0,4.5,1.4
Inter,Atalanta,1.44,4.2,7.5
Lazio,Milan,2.5,3.2,2.88
Napoli,Fiorentina,1.83,3.5,4.33
Parma,Genoa,1.57,3.75,6.0
Sampdoria,Verona,2.0,3.3,3.8
Udinese,Sassuolo,1.62,3.6,6.0
Roma,Torino,1.4,4.5,8.0
Atalanta,Livorno,1.83,3.4,4.5
Cagliari,Verona,2.1,3.25,3.5
Catania,Napoli,4.75,3.6,1.75
Chievo,Bologna,2.1,3.0,4.0
Fiorentina,Milan,2.2,3.3,3.25
Genoa,Lazio,3.0,3.2,2.4
Juventus,Parma,1.33,5.0,9.0
Sassuolo,Sampdoria,2.6,3.2,2.75
Inter,Udinese,1.67,3.75,5.0
Bologna,Atalanta,2.3,3.1,3.25
Milan,Chievo,1.4,4.5,8.0
Lazio,Parma,2.1,3.3,3.5
Napoli,Juventus,2.8,3.3,2.5
Sampdoria,Fiorentina,2.88,3.2,2.5
Sassuolo,Roma,7.0,3.75,1.53
Torino,Cagliari,1.85,3.4,4.33
Verona,Genoa,2.2,3.2,3.4
Livorno,Inter,4.0,3.5,1.91
Udinese,Catania,1.73,3.5,5.0
Roma,Parma,1.4,4.75,7.0
Chievo,Verona,2.38,3.1,3.1
Inter,Bologna,1.36,4.5,9.0
Atalanta,Sassuolo,1.8,3.6,4.33
Cagliari,Roma,6.0,3.6,1.62
Catania,Torino,2.5,3.2,2.88
Fiorentina,Udinese,1.65,3.75,5.25
Lazio,Sampdoria,1.75,3.5,4.75
Parma,Napoli,3.0,3.25,2.38
Genoa,Milan,3.8,3.3,2.0
Juventus,Livorno,1.14,7.5,17.0
Roma,Atalanta,1.33,4.75,10.0
Sassuolo,Cagliari,2.5,3.1,2.9
Bologna,Parma,3.1,3.3,2.3
Livorno,Chievo,2.3,3.1,3.2
Milan,Catania,1.33,5.25,8.0
Napoli,Lazio,1.62,4.0,5.25
Sampdoria,Inter,3.2,3.3,2.25
Torino,Genoa,1.83,3.4,4.5
Verona,Fiorentina,3.2,3.3,2.25
Udinese,Juventus,5.5,3.8,1.62
Atalanta,Verona,2.05,3.1,4.0
Catania,Sampdoria,2.2,3.4,3.2
Chievo,Sassuolo,2.0,3.3,3.75
Fiorentina,Roma,3.1,3.4,2.25
Genoa,Cagliari,2.2,3.1,3.5
Juventus,Bologna,1.17,7.0,15.0
Lazio,Torino,1.8,3.3,4.75
Milan,Livorno,1.25,5.5,12.0
Parma,Inter,2.4,3.3,2.88
Udinese,Napoli,3.5,3.5,2.05
Roma,Milan,1.8,3.75,4.2
Bologna,Fiorentina,3.4,3.4,2.1
Inter,Napoli,2.25,3.4,3.1
Atalanta,Genoa,2.2,3.25,3.3
Cagliari,Parma,3.0,3.25,2.38
Livorno,Lazio,3.1,3.4,2.25
Sampdoria,Chievo,2.4,3.1,3.1
Torino,Udinese,1.91,3.25,4.33
Verona,Catania,2.2,3.5,3.1
Sassuolo,Juventus,7.0,4.75,1.4
Catania,Roma,6.5,4.5,1.44
Chievo,Torino,2.75,3.2,2.6
Genoa,Bologna,2.5,3.2,2.88
Milan,Inter,2.4,3.4,2.8
Parma,Sampdoria,1.5,3.75,7.5
Udinese,Livorno,1.83,3.6,4.2
Juventus,Atalanta,1.17,7.0,15.0
Lazio,Verona,1.62,4.0,5.25
Fiorentina,Sassuolo,1.65,4.0,4.75
Napoli,Cagliari,1.44,4.33,7.0
Inter,Lazio,1.73,3.75,4.5
Verona,Udinese,2.2,3.5,3.1
Atalanta,Milan,5.5,3.8,1.62
Bologna,Catania,2.0,3.5,3.6
Cagliari,Chievo,3.6,3.25,2.1
Livorno,Fiorentina,4.33,3.6,1.8
Roma,Juventus,2.4,3.4,2.8
Sampdoria,Napoli,3.3,3.4,2.15
Sassuolo,Genoa,1.53,3.8,6.5
Torino,Parma,2.1,3.5,3.3
Udinese,Sampdoria,1.73,3.8,4.5
Catania,Atalanta,2.25,3.4,3.1
Chievo,Inter,4.0,3.3,1.95
Fiorentina,Torino,3.6,3.6,1.95
Genoa,Roma,4.5,3.8,1.73
Juventus,Cagliari,1.22,6.5,11.0
Lazio,Bologna,1.44,4.33,7.0
Milan,Sassuolo,1.29,5.75,9.0
Napoli,Verona,1.44,4.5,6.5
Parma,Livorno,1.22,6.0,12.0
Chievo,Juventus,7.0,4.0,1.5
Roma,Fiorentina,1.67,3.8,5.0
Atalanta,Verona,2.05,3.4,3.6
Cesena,Parma,3.1,3.2,2.35
Genoa,Napoli,3.9,3.4,1.95
Milan,Lazio,2.0,3.4,3.75
Palermo,Sampdoria,2.2,3.25,3.3
Sassuolo,Cagliari,2.3,3.4,3.0
Torino,Inter,3.1,3.3,2.3
Udinese,Empoli,1.8,3.5,4.5
Empoli,Roma,5.5,3.75,1.62
Juventus,Udinese,1.4,4.5,8.0
Cagliari,Atalanta,2.25,3.4,3.1
Fiorentina,Genoa,1.57,3.8,6.0
Inter,Sassuolo,1.44,4.33,7.0
Lazio,Cesena,1.33,5.0,9.0
Napoli,Chievo,1.36,4.75,8.0
Parma,Milan,2.7,3.2,2.6
Sampdoria,Torino,2.4,3.1,3.1
Verona,Palermo,2.2,3.3,3.3
Cesena,Empoli,2.8,3.0,2.7
Milan,Juventus,3.2,3.3,2.25
Atalanta,Fiorentina,3.25,3.1,2.3
Chievo,Parma,2.9,3.1,2.5
Genoa,Lazio,3.0,3.0,2.5
Palermo,Inter,3.75,3.4,2.0
Roma,Cagliari,1.3,5.0,11.0
Sassuolo,Sampdoria,2.63,3.2,2.7
Torino,Verona,1.91,3.5,4.0
Udinese,Napoli,3.3,3.25,2.2
Empoli,Milan,4.5,3.3,1.85
Cagliari,Torino,2.55,3.3,2.7
Fiorentina,Sassuolo,1.44,4.33,7.0
Inter,Atalanta,1.44,4.33,7.0
Juventus,Cesena,1.13,8.0,19.0
Napoli,Palermo,1.44,4.33,7.0
Parma,Roma,3.75,3.4,2.0
Sampdoria,Chievo,1.91,3.3,4.2
Verona,Genoa,2.05,3.4,3.5
Lazio,Udinese,1.8,3.5,4.5
Atalanta,Juventus,6.5,3.8,1.55
Roma,Verona,1.33,5.0,9.0
Cesena,Milan,5.5,3.75,1.62
Chievo,Empoli,2.25,3.25,3.25
Genoa,Sampdoria,2.9,3.0,2.6
Inter,Cagliari,1.44,4.33,7.0
Sassuolo,Napoli,4.5,3.5,1.8
Torino,Fiorentina,2.88,3.2,2.5
Palermo,Lazio,2.9,3.25,2.4
Udinese,Parma,2.2,3.2,3.4
Milan,Chievo,1.4,4.75,7.0
Verona,Cagliari,2.0,3.3,3.75
Empoli,Palermo,2.38,3.2,3.0
Fiorentina,Inter,2.38,3.3,2.9
Juventus,Roma,1.8,3.5,4.5
Lazio,Sassuolo,1.5,4.0,7.0
Napoli,Torino,1.5,4.0,7.0
Parma,Genoa,1.91,3.4,4.0
Sampdoria,Atalanta,1.83,3.4,4.5
Udinese,Cesena,1.45,4.2,7.5
Roma,Chievo,1.3,5.5,9.0
Sassuolo,Juventus,7.5,4.5,1.4
Atalanta,Parma,2.5,3.2,2.88
Cagliari,Sampdoria,2.5,3.3,2.75
Fiorentina,Lazio,2.05,3.3,3.6
Inter,Napoli,2.5,3.25,2.8
Palermo,Cesena,1.65,3.6,5.5
Torino,Udinese,2.15,3.2,3.4
Verona,Milan,3.4,3.4,2.1
Genoa,Empoli,2.1,3.3,3.5
Empoli,Cagliari,2.0,3.4,3.75
Parma,Sassuolo,1.73,3.6,4.75
Sampdoria,Roma,3.6,3.5,2.0
Cesena,Inter,6.5,3.6,1.57
Chievo,Genoa,2.38,3.1,3.1
Juventus,Palermo,1.22,5.5,15.0
Lazio,Torino,1.75,3.5,4.75
Milan,Fiorentina,2.05,3.4,3.6
Napoli,Verona,1.4,4.5,8.0
Udinese,Atalanta,1.91,3.4,4.0
Sassuolo,Empoli,2.2,3.25,3.3
Atalanta,Napoli,4.0,3.4,1.91
Cagliari,Milan,3.4,3.4,2.1
Fiorentina,Udinese,1.65,3.6,5.5
Genoa,Juventus,7.0,4.0,1.5
Inter,Sampdoria,1.8,3.6,4.33
Palermo,Chievo,1.91,3.4,4.0
Roma,Cesena,1.18,6.5,15.0
Torino,Parma,1.83,3.4,4.33
Verona,Lazio,3.2,3.3,2.25
Empoli,Juventus,7.5,4.2,1.44
Napoli,Roma,2.4,3.3,2.9
Parma,Inter,3.4,3.4,2.1
Chievo,Sassuolo,2.4,3.2,3.0
Milan,Palermo,1.5,4.0,7.0
Sampdoria,Fiorentina,3.0,3.2,2.4
Torino,Atalanta,1.85,3.5,4.2
Udinese,Genoa,2.05,3.3,3.6
Cesena,Verona,2.88,3.2,2.5
Lazio,Cagliari,1.53,3.8,6.5
Sampdoria,Milan,2.6,3.2,2.7
Sassuolo,Atalanta,2.1,3.4,3.4
Cagliari,Genoa,2.2,3.4,3.2
Chievo,Cesena,1.85,3.4,4.33
Empoli,Lazio,3.75,3.25,2.05
Fiorentina,Napoli,2.5,3.3,2.75
Inter,Verona,1.45,4.5,6.5
Juventus,Parma,1.2,6.0,15.0
Palermo,Udinese,2.15,3.3,3.4
Roma,Torino,1.44,4.33,7.0
Atalanta,Roma,4.5,3.4,1.83
Lazio,Juventus,3.75,3.4,2.0
Cesena,Sampdoria,4.0,3.3,1.95
Milan,Inter,2.63,3.2,2.7
Napoli,Cagliari,1.36,4.75,8.5
Parma,Empoli,2.15,3.4,3.3
Torino,Sassuolo,1.83,3.5,4.33
Udinese,Chievo,1.85,3.4,4.33
Verona,Fiorentina,3.4,3.4,2.1
Genoa,Palermo,2.15,3.3,3.4
Chievo,Lazio,3.75,3.3,2.1
Sassuolo,Verona,2.0,3.5,3.6
Cagliari,Fiorentina,3.8,3.5,2.0
Cesena,Genoa,3.4,3.2,2.25
Empoli,Atalanta,2.1,3.4,3.6
Juventus,Torino,1.3,5.0,13.0
Milan,Udinese,1.62,3.75,6.0
Palermo,Parma,1.85,3.6,4.5
Roma,Inter,1.75,3.75,4.75
Sampdoria,Napoli,3.3,3.4,2.2
Fiorentina,Juventus,3.8,3.4,2.05
Roma,Sassuolo,1.33,5.25,9.0
Torino,Palermo,1.91,3.3,4.5
Atalanta,Cesena,1.62,3.6,6.5
Genoa,Milan,3.1,3.25,2.4
Inter,Udinese,1.5,4.0,7.5
Napoli,Empoli,1.33,5.0,10.0
Parma,Lazio,3.6,3.4,2.1
Cagliari,Chievo,1.85,3.6,4.33
Verona,Sampdoria,2.7,3.25,2.7
Lazio,Atalanta,1.57,3.8,6.5
Palermo,Sassuolo,2.05,3.5,3.6
Cesena,Fiorentina,7.5,3.8,1.53
Genoa,Roma,3.6,3.5,2.05
Juventus,Sampdoria,1.36,4.75,9.0
Milan,Napoli,2.8,3.4,2.5
Parma,Cagliari,2.25,3.5,3.1
Udinese,Verona,1.95,3.6,3.8
Chievo,Inter,4.2,3.4,1.95
Empoli,Torino,2.4,3.1,3.2
Cagliari,Juventus,8.0,4.5,1.4
Napoli,Parma,1.33,5.0,9.0
Roma,Milan,1.75,3.8,4.75
Sassuolo,Cesena,1.53,4.0,7.0
Atalanta,Palermo,2.3,3.2,3.3
Fiorentina,Empoli,1.45,4.2,8.0
Inter,Lazio,2.15,3.4,3.5
Sampdoria,Udinese,1.85,3.5,4.5
Torino,Genoa,2.0,3.3,3.8
Verona,Chievo,2.38,3.2,3.2
Lazio,Sampdoria,1.85,3.4,4.33
Cesena,Napoli,9.5,4.75,1.36
Chievo,Torino,3.1,3.1,2.5
Empoli,Verona,1.91,3.5,4.2
Genoa,Atalanta,1.95,3.3,4.33
Juventus,Inter,1.44,4.33,8.0
Milan,Sassuolo,1.62,3.8,6.0
Palermo,Cagliari,1.95,3.5,4.0
Parma,Fiorentina,4.0,3.5,1.95
Udinese,Roma,4.2,3.5,1.91
Sassuolo,Udinese,2.05,3.2,4.0
Torino,Milan,2.63,3.2,2.7
Atalanta,Chievo,2.05,3.2,4.0
Cagliari,Cesena,1.67,3.75,5.5
Fiorentina,Palermo,1.73,3.75,4.75
Inter,Genoa,1.62,3.8,6.0
Napoli,Juventus,2.9,3.25,2.5
Roma,Lazio,2.1,3.3,3.75
Sampdoria,Empoli,1.85,3.4,4.75
Verona,Parma,2.38,3.25,3.1
Empoli,Inter,3.5,3.25,2.2
Palermo,Roma,3.6,3.3,2.15
Cesena,Torino,4.75,3.3,1.85
Chievo,Fiorentina,4.0,3.3,2.0
Genoa,Sassuolo,2.3,3.2,3.3
Juventus,Verona,1.18,7.0,17.0
Lazio,Napoli,2.5,3.2,3.0
Milan,Atalanta,1.53,4.0,7.0
Parma,Sampdoria,2.6,3.1,2.88
Udinese,Cagliari,2.2,3.3,3.4
Cagliari,Sassuolo,2.3,3.25,3.25
Lazio,Milan,1.85,3.4,4.33
Fiorentina,Roma,2.4,3.2,3.1
Inter,Torino,1.8,3.5,4.75
Juventus,Chievo,1.17,7.0,19.0
Parma,Cesena,1.62,3.6,6.5
Sampdoria,Palermo,2.0,3.3,4.0
Verona,Atalanta,2.5,3.2,3.0
Empoli,Udinese,2.0,3.3,3.8
Napoli,Genoa,1.4,5.0,7.5
Genoa,Fiorentina,3.4,3.4,2.15
Roma,Empoli,1.44,4.2,8.5
Atalanta,Cagliari,2.2,3.2,3.5
Cesena,Lazio,7.5,3.8,1.53
Chievo,Napoli,5.25,3.6,1.73
Milan,Parma,1.53,4.0,7.0
Palermo,Verona,1.8,3.5,4.75
Sassuolo,Inter,3.1,3.3,2.38
Torino,Sampdoria,2.05,3.1,4.2
Udinese,Juventus,8.0,4.33,1.44
Juventus,Milan,1.33,5.0,10.0
Verona,Torino,3.1,3.1,2.5
Cagliari,Roma,4.0,3.4,2.0
Empoli,Cesena,1.53,4.0,7.0
Fiorentina,Atalanta,1.5,4.2,7.0
Inter,Palermo,1.8,3.5,4.75
Napoli,Udinese,1.36,5.0,8.5
Sampdoria,Sassuolo,1.8,3.5,4.75
Lazio,Genoa,1.57,4.0,6.0
Parma,Chievo,2.6,3.1,2.9
Palermo,Napoli,4.0,3.3,2.0
Sassuolo,Fiorentina,3.3,3.3,2.25
Atalanta,Inter,3.4,3.25,2.25
Cesena,Juventus,15.0,6.0,1.22
Chievo,Sampdoria,2.63,3.1,2.75
Genoa,Verona,1.85,3.6,4.33
Milan,Empoli,1.75,3.6,5.0
Roma,Parma,1.29,5.5,11.0
Torino,Cagliari,1.73,3.6,5.0
Udinese,Lazio,3.1,3.25,2.38
Juventus,Atalanta,1.17,7.0,19.0
Empoli,Chievo,2.0,3.2,4.2
Fiorentina,Torino,1.75,3.6,5.0
Lazio,Palermo,1.6,3.8,6.0
Milan,Cesena,1.44,4.33,8.0
Verona,Roma,5.0,3.6,1.75
Cagliari,Inter,3.3,3.25,2.3
Napoli,Sassuolo,1.5,4.0,7.5
Sampdoria,Genoa,2.38,3.2,3.2
Chievo,Milan,3.0,3.1,2.5
Atalanta,Sampdoria,2.5,3.1,3.0
Cagliari,Verona,1.95,3.5,4.0
Cesena,Udinese,3.0,3.1,2.5
Inter,Fiorentina,2.15,3.4,3.4
Palermo,Empoli,2.3,3.1,3.3
Sassuolo,Lazio,3.25,3.25,2.2
Torino,Napoli,3.2,3.3,2.3
Roma,Juventus,3.3,3.3,2.25
Milan,Verona,1.55,4.0,6.5
Sampdoria,Cagliari,1.85,3.5,4.5
Cesena,Palermo,3.4,3.25,2.25
Chievo,Roma,4.75,3.4,1.85
Empoli,Genoa,2.15,3.3,3.6
Napoli,Inter,1.95,3.5,4.0
Parma,Atalanta,3.75,3.2,2.15
Udinese,Torino,2.6,3.0,2.88
Juventus,Sassuolo,1.2,6.5,15.0
Lazio,Fiorentina,2.0,3.3,4.0
Cagliari,Empoli,2.4,3.3,3.0
Palermo,Juventus,4.75,3.4,1.8
Atalanta,Udinese,2.4,3.1,3.2
Genoa,Chievo,1.91,3.4,4.33
Inter,Cesena,1.36,4.75,9.5
Sassuolo,Parma,1.62,3.75,6.25
Verona,Napoli,4.5,3.5,1.85
Fiorentina,Milan,1.91,3.5,4.2
Roma,Sampdoria,1.65,3.6,6.0
Torino,Lazio,3.1,3.1,2.5
Chievo,Palermo,2.5,3.1,3.0
Milan,Cagliari,1.8,3.75,4.33
Cesena,Roma,5.25,3.75,1.67
Empoli,Sassuolo,2.0,3.3,4.0
Juventus,Genoa,1.33,5.0,10.0
Lazio,Verona,1.4,4.5,9.0
Napoli,Atalanta,1.44,4.5,7.5
Parma,Torino,4.33,3.4,1.91
Sampdoria,Inter,2.63,3.25,2.75
Udinese,Fiorentina,3.3,3.3,2.25
Atalanta,Torino,2.8,3.1,2.7
Cagliari,Lazio,4.5,3.6,1.83
Fiorentina,Sampdoria,1.73,3.6,5.25
Genoa,Udinese,1.95,3.4,4.2
Inter,Parma,1.2,6.5,15.0
Juventus,Empoli,1.36,5.0,8.5
Palermo,Milan,2.5,3.2,3.0
Roma,Napoli,2.2,3.3,3.4
Sassuolo,Chievo,2.15,3.1,3.75
Verona,Cesena,1.91,3.5,4.2
Parma,Udinese,4.0,3.2,2.05
Genoa,Cagliari,1.91,3.4,4.0
Parma,Juventus,9.0,5.0,1.33
Verona,Inter,3.4,3.3,2.2
Atalanta,Sassuolo,2.1,3.2,3.6
Cesena,Chievo,2.63,3.0,2.8
Lazio,Empoli,1.45,4.2,7.5
Milan,Sampdoria,1.91,3.3,4.2
Napoli,Fiorentina,2.0,3.4,3.75
Torino,Roma,2.75,3.2,2.6
Udinese,Palermo,2.25,3.1,3.4
Genoa,Parma,1.62,3.8,6.0
Juventus,Lazio,1.95,3.4,4.33
Sampdoria,Cesena,1.57,3.8,6.5
Cagliari,Napoli,3.8,3.6,1.95
Chievo,Udinese,2.25,3.1,3.6
Empoli,Parma,1.53,3.8,6.5
Inter,Milan,2.25,3.3,3.3
Palermo,Genoa,2.2,3.25,3.5
Roma,Atalanta,1.44,4.5,7.5
Sassuolo,Torino,3.2,3.2,2.38
Fiorentina,Verona,1.44,4.5,7.5
Inter,Roma,2.4,3.25,3.1
Udinese,Milan,3.1,3.25,2.38
Atalanta,Empoli,2.5,3.0,3.2
Fiorentina,Cagliari,1.44,4.75,7.5
Genoa,Cesena,1.57,4.0,6.0
Lazio,Chievo,1.4,4.75,8.0
Napoli,Sampdoria,1.5,4.2,7.0
Parma,Palermo,3.3,3.3,2.25
Torino,Juventus,4.33,3.25,1.95
Verona,Sassuolo,2.2,3.3,3.4
Udinese,Inter,3.3,3.3,2.25
Cesena,Atalanta,2.88,3.1,2.63
Chievo,Cagliari,2.1,3.5,3.5
Juventus,Fiorentina,1.67,3.75,5.5
Lazio,Parma,1.25,5.5,15.0
Milan,Genoa,1.95,3.6,3.8
Palermo,Torino,2.6,3.2,2.8
Sampdoria,Verona,1.67,3.75,5.5
Sassuolo,Roma,4.33,3.75,1.8
Empoli,Napoli,4.5,3.6,1.8
Sampdoria,Juventus,3.0,3.3,2.4
Sassuolo,Palermo,2.7,3.25,2.7
Atalanta,Lazio,5.0,3.75,1.73
Fiorentina,Cesena,1.36,5.0,8.5
Inter,Chievo,1.4,4.75,8.0
Napoli,Milan,1.5,4.33,6.5
Roma,Genoa,1.57,4.0,6.0
Verona,Udinese,2.1,3.6,3.4
Cagliari,Parma,1.67,3.8,5.25
Torino,Empoli,1.83,3.5,4.5
Juventus,Cagliari,1.53,4.1,6.5
Milan,Roma,3.8,3.5,2.0
Cesena,Sassuolo,2.55,3.4,2.75
Chievo,Verona,2.25,3.3,3.3
Empoli,Fiorentina,2.63,3.3,2.63
Lazio,Inter,1.8,3.75,4.33
Palermo,Atalanta,2.15,3.4,3.5
Parma,Napoli,9.0,5.25,1.33
Udinese,Sampdoria,2.6,3.2,2.75
Genoa,Torino,2.4,3.3,3.0
Inter,Juventus,2.25,3.3,3.3
Sampdoria,Lazio,3.25,3.25,2.25
Atalanta,Genoa,2.55,3.3,2.8
Cagliari,Palermo,2.05,3.6,3.5
Roma,Udinese,1.3,5.5,10.0
Sassuolo,Milan,3.25,3.4,2.2
Torino,Chievo,1.7,3.6,5.5
Verona,Empoli,2.6,3.3,2.75
Fiorentina,Parma,1.22,6.5,13.0
Napoli,Cesena,1.18,7.0,17.0
Genoa,Inter,2.55,3.5,2.7
Juventus,Napoli,3.0,3.3,2.4
Cesena,Cagliari,2.55,3.5,2.7
Chievo,Atalanta,2.1,3.4,3.5
Empoli,Sampdoria,2.4,3.4,2.9
Milan,Torino,2.5,3.3,2.88
Palermo,Fiorentina,3.4,3.5,2.15
Parma,Verona,2.63,3.5,2.63
Udinese,Sassuolo,2.05,3.5,3.6
Lazio,Roma,2.4,3.3,3.0
Atalanta,Milan,2.75,3.5,2.5
Verona,Juventus,5.0,3.75,1.7
Cagliari,Udinese,2.25,3.5,3.1
Fiorentina,Chievo,1.4,5.0,7.5
Inter,Empoli,1.53,4.33,6.0
Napoli,Lazio,2.1,3.5,3.5
Roma,Palermo,1.4,5.0,7.5
Sampdoria,Parma,1.36,5.25,8.0
Sassuolo,Genoa,2.9,3.5,2.4
Torino,Cesena,1.36,5.0,8.5
Lazio,Bologna,1.5,4.2,7.0
Verona,Roma,5.5,3.75,1.67
Empoli,Chievo,2.15,3.25,3.6
Fiorentina,Milan,2.15,3.4,3.5
Frosinone,Torino,3.5,3.25,2.2
Inter,Atalanta,1.45,4.33,7.5
Juventus,Udinese,1.29,5.5,11.0
Palermo,Genoa,2.2,3.4,3.3
Sampdoria,Carpi,1.8,3.5,4.75
Sassuolo,Napoli,4.33,3.75,1.8
Bologna,Sassuolo,2.25,3.3,3.3
Milan,Empoli,1.5,4.2,7.0
Atalanta,Frosinone,1.75,3.5,5.25
Carpi,Inter,4.5,3.5,1.85
Chievo,Lazio,3.4,3.3,2.2
Genoa,Verona,2.0,3.5,3.8
Napoli,Sampdoria,1.44,4.5,7.5
Roma,Juventus,2.6,3.2,2.8
Torino,Fiorentina,2.5,3.2,3.0
Udinese,Palermo,2.15,3.3,3.6
Fiorentina,Genoa,1.67,3.75,5.5
Frosinone,Roma,9.5,4.75,1.36
Juventus,Chievo,1.4,4.5,9.0
Empoli,Napoli,5.0,3.6,1.75
Inter,Milan,2.2,3.3,3.4
Lazio,Udinese,1.62,3.75,6.0
Palermo,Carpi,1.53,4.0,7.0
Sassuolo,Atalanta,2.2,3.3,3.4
Verona,Torino,3.2,3.3,2.3
Sampdoria,Bologna,1.83,3.6,4.5
Milan,Palermo,1.73,3.75,5.0
Udinese,Empoli,2.25,3.3,3.3
Atalanta,Verona,2.0,3.5,3.75
Bologna,Frosinone,1.95,3.4,4.0
Carpi,Fiorentina,4.33,3.4,1.91
Chievo,Inter,3.75,3.3,2.1
Genoa,Juventus,4.5,3.5,1.83
Napoli,Lazio,1.91,3.6,4.0
Roma,Sassuolo,1.4,4.5,8.5
Torino,Sampdoria,1.83,3.6,4.33
Udinese,Milan,3.3,3.3,2.25
Carpi,Napoli,6.5,4.0,1.55
Chievo,Torino,2.8,3.25,2.6
Fiorentina,Bologna,1.5,4.0,7.5
Inter,Verona,1.33,5.0,10.0
Juventus,Frosinone,1.17,7.0,19.0
Lazio,Genoa,1.75,3.75,4.75
Palermo,Sassuolo,2.15,3.4,3.4
Sampdoria,Roma,4.5,3.6,1.83
Empoli,Atalanta,2.15,3.3,3.5
Napoli,Juventus,2.2,3.3,3.4
Roma,Carpi,1.25,6.0,12.0
Bologna,Udinese,2.4,3.1,3.2
Genoa,Milan,3.3,3.2,2.3
Inter,Fiorentina,1.8,3.6,4.5
Sassuolo,Chievo,2.2,3.2,3.5
Torino,Palermo,1.75,3.6,5.0
Verona,Lazio,3.75,3.4,2.05
Atalanta,Sampdoria,2.1,3.4,3.6
Frosinone,Empoli,3.0,3.3,2.4
Carpi,Torino,3.5,3.2,2.2
Chievo,Verona,2.1,3.3,3.75
Empoli,Sassuolo,2.4,3.2,3.1
Fiorentina,Atalanta,1.67,3.6,5.75
Juventus,Bologna,1.22,6.0,16.0
Lazio,Frosinone,1.29,5.5,11.0
Milan,Napoli,3.0,3.4,2.38
Palermo,Roma,4.0,3.5,1.95
Sampdoria,Inter,4.0,3.5,1.95
Udinese,Genoa,2.5,3.1,3.1
Roma,Empoli,1.4,4.75,8.0
Torino,Milan,2.35,3.2,3.2
Atalanta,Carpi,1.75,3.6,5.0
Bologna,Palermo,2.5,3.2,3.0
Frosinone,Sampdoria,3.1,3.2,2.4
Genoa,Chievo,2.05,3.3,3.8
Inter,Juventus,2.63,3.2,2.8
Napoli,Fiorentina,1.73,3.75,5.0
Sassuolo,Lazio,3.0,3.2,2.45
Verona,Udinese,2.3,3.3,3.2
Carpi,Bologna,2.1,3.2,3.8
Empoli,Genoa,2.4,3.2,3.1
Palermo,Inter,4.0,3.3,2.0
Chievo,Napoli,4.5,3.6,1.83
Fiorentina,Roma,2.5,3.4,2.8
Juventus,Atalanta,1.33,5.0,10.0
Lazio,Torino,1.91,3.5,4.2
Milan,Sassuolo,1.75,3.6,5.0
Sampdoria,Verona,2.0,3.3,4.0
Udinese,Frosinone,1.67,3.75,5.5
Bologna,Inter,5.0,3.5,1.75
Atalanta,Lazio,2.9,3.3,2.38
Frosinone,Carpi,2.2,3.4,3.2
Milan,Chievo,1.67,3.6,5.5
Napoli,Palermo,1.29,5.5,10.0
Roma,Udinese,1.4,4.33,8.0
Sassuolo,Juventus,4.75,3.6,1.75
Torino,Genoa,2.0,3.3,3.75
Verona,Fiorentina,4.2,3.5,1.85
Sampdoria,Empoli,2.2,3.25,3.3
Inter,Roma,2.9,3.3,2.5
Juventus,Torino,1.57,3.8,6.5
Bologna,Atalanta,2.9,3.1,2.6
Carpi,Verona,2.3,3.25,3.25
Fiorentina,Frosinone,1.22,6.0,15.0
Genoa,Napoli,4.5,3.6,1.83
Lazio,Milan,2.0,3.3,4.0
Udinese,Sassuolo,2.25,3.3,3.3
Chievo,Sampdoria,2.05,3.3,3.8
Palermo,Empoli,2.25,3.2,3.4
Milan,Atalanta,1.67,3.75,5.5
Verona,Bologna,2.2,3.3,3.4
Empoli,Juventus,5.25,3.5,1.75
Frosinone,Genoa,3.4,3.3,2.2
Napoli,Udinese,1.22,6.5,13.0
Palermo,Chievo,2.3,3.2,3.3
Roma,Lazio,1.91,3.5,4.2
Sampdoria,Fiorentina,3.75,3.4,2.05
Sassuolo,Carpi,1.73,3.6,5.25
Torino,Inter,2.75,3.2,2.7
Bologna,Roma,5.0,3.6,1.75
Juventus,Milan,1.62,3.6,6.5
Atalanta,Torino,2.6,3.2,2.88
Carpi,Chievo,2.8,3.0,2.75
Fiorentina,Empoli,1.5,4.2,7.0
Genoa,Sassuolo,2.05,3.3,3.8
Inter,Frosinone,1.2,6.5,17.0
Lazio,Palermo,1.45,4.33,7.5
Udinese,Sampdoria,2.15,3.3,3.6
Verona,Napoli,8.0,4.75,1.4
Milan,Sampdoria,1.57,4.0,6.0
Torino,Bologna,1.62,3.8,6.0
Chievo,Udinese,2.1,3.2,3.8
Empoli,Lazio,2.9,3.3,2.5
Frosinone,Verona,2.6,3.2,2.8
Genoa,Carpi,1.62,3.8,6.0
Palermo,Juventus,7.0,3.75,1.57
Roma,Atalanta,1.5,4.33,6.5
Napoli,Inter,1.67,3.75,5.5
Sassuolo,Fiorentina,3.75,3.3,2.1
Lazio,Juventus,3.6,3.25,2.15
Inter,Genoa,1.62,4.0,5.5
Torino,Roma,2.75,3.1,2.7
Atalanta,Palermo,1.83,3.5,4.5
Bologna,Napoli,8.0,4.33,1.44
Carpi,Milan,5.0,3.6,1.75
Fiorentina,Udinese,1.44,4.5,7.5
Frosinone,Chievo,3.1,3.2,2.4
Sampdoria,Sassuolo,2.38,3.2,3.2
Verona,Empoli,3.0,3.1,2.5
Genoa,Bologna,1.91,3.4,4.33
Palermo,Frosinone,1.7,3.8,5.0
Udinese,Inter,4.0,3.3,2.0
Chievo,Atalanta,2.4,3.1,3.2
Empoli,Carpi,1.67,3.75,5.5
Juventus,Fiorentina,1.67,3.75,5.5
Milan,Verona,1.36,4.75,9.0
Napoli,Roma,1.57,4.33,5.5
Lazio,Sampdoria,1.45,4.2,8.0
Bologna,Empoli,2.5,3.1,3.1
Atalanta,Napoli,6.0,3.8,1.62
Carpi,Juventus,11.0,4.5,1.36
Fiorentina,Chievo,1.44,4.33,8.0
Frosinone,Milan,5.5,3.8,1.67
Inter,Lazio,1.75,3.6,5.0
Roma,Genoa,1.5,4.33,6.5
Sampdoria,Palermo,2.15,3.3,3.5
Torino,Udinese,1.67,3.75,5.5
Verona,Sassuolo,2.7,3.3,2.63
Genoa,Sampdoria,2.25,3.2,3.4
Chievo,Roma,3.4,3.3,2.2
Empoli,Inter,3.4,3.2,2.25
Juventus,Verona,1.17,7.0,19.0
Lazio,Carpi,1.4,4.75,8.0
Milan,Bologna,1.5,4.2,7.0
Napoli,Torino,1.36,5.0,9.0
Palermo,Fiorentina,4.33,3.6,1.83
Sassuolo,Frosinone,1.53,4.0,7.0
Udinese,Atalanta,2.2,3.25,3.5
Carpi,Udinese,3.1,3.1,2.5
Fiorentina,Lazio,1.8,3.5,4.75
Roma,Milan,2.0,3.5,3.8
Atalanta,Genoa,2.38,3.1,3.3
Bologna,Chievo,2.3,3.1,3.4
Frosinone,Napoli,13.0,6.5,1.22
Inter,Sassuolo,1.57,4.0,6.5
Sampdoria,Juventus,7.5,4.0,1.5
Torino,Empoli,1.95,3.3,4.33
Verona,Palermo,2.2,3.3,3.4
Atalanta,Inter,3.75,3.4,2.05
Napoli,Sassuolo,1.29,5.75,10.0
Torino,Frosinone,1.3,5.5,10.0
Bologna,Lazio,3.75,3.3,2.1
Carpi,Sampdoria,2.6,3.25,2.8
Chievo,Empoli,2.5,3.2,3.0
Genoa,Palermo,1.8,3.5,4.75
Milan,Fiorentina,2.4,3.2,3.1
Roma,Verona,1.33,5.25,9.5
Udinese,Juventus,6.5,3.75,1.57
Sassuolo,Torino,2.5,3.1,3.1
Empoli,Milan,3.1,3.25,2.4
Frosinone,Atalanta,3.5,3.4,2.1
Fiorentina,Torino,1.8,3.5,4.75
Inter,Carpi,1.36,4.75,9.5
Juventus,Roma,1.62,3.8,6.0
Lazio,Chievo,1.67,3.6,5.75
Palermo,Udinese,2.8,3.1,2.7
Sampdoria,Napoli,6.5,4.33,1.5
Sassuolo,Bologna,1.8,3.5,4.75
Verona,Genoa,2.9,3.25,2.5
Atalanta,Sassuolo,2.5,3.2,3.0
Carpi,Palermo,2.15,3.2,3.75
Roma,Frosinone,1.22,6.0,15.0
Bologna,Sampdoria,2.05,3.3,3.8
Chievo,Juventus,7.5,3.8,1.53
Genoa,Fiorentina,3.1,3.4,2.3
Milan,Inter,2.3,3.3,3.2
Napoli,Empoli,1.25,6.0,12.0
Torino,Verona,1.5,4.0,7.5
Udinese,Lazio,3.3,3.3,2.25
Sassuolo,Roma,3.1,3.25,2.38
Empoli,Udinese,2.1,3.3,3.75
Fiorentina,Carpi,1.4,4.5,9.0
Frosinone,Bologna,3.1,3.25,2.4
Inter,Chievo,1.57,3.8,6.5
Juventus,Genoa,1.22,6.0,15.0
Lazio,Napoli,4.0,3.6,1.91
Palermo,Milan,4.0,3.6,1.91
Sampdoria,Torino,2.75,3.2,2.7
Verona,Atalanta,2.4,3.3,3.0
Bologna,Fiorentina,3.6,3.4,2.1
Genoa,Lazio,2.63,3.2,2.8
Atalanta,Empoli,2.38,3.2,3.2
Frosinone,Juventus,13.0,6.5,1.22
Milan,Udinese,1.55,3.8,7.0
Napoli,Carpi,1.14,8.0,21.0
Roma,Sampdoria,1.44,4.33,8.0
Sassuolo,Palermo,1.85,3.5,4.5
Torino,Chievo,1.67,3.75,5.75
Verona,Inter,4.33,3.75,1.83
Lazio,Verona,1.5,4.33,6.0
Carpi,Roma,4.33,3.6,1.83
Chievo,Sassuolo,2.7,3.0,2.9
Empoli,Frosinone,1.53,4.2,6.0
Juventus,Napoli,2.05,3.3,3.8
Fiorentina,Inter,2.25,3.2,3.4
Milan,Genoa,1.62,3.8,6.0
Palermo,Torino,3.2,3.2,2.38
Sampdoria,Atalanta,2.1,3.25,3.75
Udinese,Bologna,2.1,3.2,3.8
Bologna,Juventus,7.5,3.6,1.57
Inter,Sampdoria,1.55,4.0,6.5
Verona,Chievo,2.38,3.2,3.2
Atalanta,Fiorentina,3.75,3.3,2.1
Frosinone,Lazio,5.5,3.6,1.7
Genoa,Udinese,1.95,3.3,4.2
Roma,Palermo,1.29,5.5,10.5
Sassuolo,Empoli,2.0,3.2,4.2
Torino,Carpi,1.53,3.8,6.5
Napoli,Milan,1.57,4.0,6.0
Empoli,Roma,4.5,3.5,1.8
Milan,Torino,1.73,3.5,5.0
Carpi,Atalanta,2.3,3.1,3.3
Chievo,Genoa,3.0,3.0,2.5
Juventus,Inter,1.57,3.8,6.0
Palermo,Bologna,2.63,3.2,2.7
Sampdoria,Frosinone,1.62,3.75,5.5
Udinese,Verona,1.95,3.5,3.8
Fiorentina,Napoli,3.2,3.3,2.25
Lazio,Sassuolo,1.65,3.75,5.25
Roma,Fiorentina,2.05,3.4,3.75
Napoli,Chievo,1.17,7.5,17.0
Verona,Sampdoria,2.5,3.3,2.9
Atalanta,Juventus,7.5,3.8,1.53
Bologna,Carpi,1.95,3.2,4.5
Frosinone,Udinese,3.4,3.3,2.2
Genoa,Empoli,2.0,3.3,4.0
Inter,Palermo,1.29,5.5,11.0
Sassuolo,Milan,3.0,3.25,2.45
Torino,Lazio,2.3,3.1,3.4
Juventus,Sassuolo,1.3,5.0,12.0
Empoli,Sampdoria,2.2,3.25,3.5
Inter,Bologna,1.55,4.0,6.5
Carpi,Frosinone,1.95,3.3,4.33
Chievo,Milan,4.0,3.25,2.05
Fiorentina,Verona,1.3,5.25,11.0
Genoa,Torino,2.6,3.0,3.0
Lazio,Atalanta,1.62,3.75,6.0
Palermo,Napoli,11.0,5.25,1.3
Udinese,Roma,4.5,3.5,1.85
Empoli,Palermo,1.7,3.75,5.0
Roma,Inter,1.73,3.75,5.0
Atalanta,Bologna,2.2,3.0,3.8
Frosinone,Fiorentina,7.0,4.0,1.53
Milan,Lazio,2.0,3.3,4.0
Napoli,Genoa,1.29,5.5,11.0
Sampdoria,Chievo,1.91,3.3,4.5
Sassuolo,Udinese,1.91,3.4,4.33
Torino,Juventus,4.75,3.1,1.95
Verona,Carpi,2.15,3.25,3.6
Carpi,Sassuolo,3.1,3.1,2.5
Juventus,Empoli,1.3,5.0,12.0
Atalanta,Milan,3.3,3.3,2.25
Chievo,Palermo,2.1,3.4,3.6
Fiorentina,Sampdoria,1.62,3.8,6.0
Genoa,Frosinone,1.53,4.0,6.5
Inter,Torino,1.8,3.75,4.33
Lazio,Roma,3.3,3.4,2.2
Udinese,Napoli,6.5,4.33,1.5
Bologna,Verona,1.85,3.5,4.5
Chievo,Carpi,2.0,3.2,4.0
Frosinone,Inter,6.0,3.75,1.57
Milan,Juventus,4.0,3.1,2.05
Sassuolo,Genoa,2.0,3.3,3.8
Empoli,Fiorentina,3.0,3.2,2.4
Napoli,Verona,1.2,6.5,13.0
Palermo,Lazio,3.4,3.4,2.1
Sampdoria,Udinese,2.0,3.4,3.75
Torino,Atalanta,1.83,3.4,4.5
Roma,Bologna,1.33,4.75,10.0
Bologna,Torino,2.8,3.1,2.7
Carpi,Genoa,2.75,3.1,2.75
Inter,Napoli,3.0,3.2,2.5
Atalanta,Roma,5.0,3.6,1.75
Fiorentina,Sassuolo,1.85,3.6,4.33
Juventus,Palermo,1.14,8.0,21.0
Lazio,Empoli,1.73,3.75,5.0
Sampdoria,Milan,3.0,3.3,2.4
Udinese,Chievo,1.95,3.4,4.2
Verona,Frosinone,1.8,3.8,4.33
Napoli,Bologna,1.22,6.0,15.0
Chievo,Frosinone,1.85,3.6,4.0
Empoli,Verona,1.83,3.6,4.5
Genoa,Inter,3.6,3.5,2.05
Juventus,Lazio,1.5,4.2,7.0
Palermo,Atalanta,2.7,3.2,2.75
Roma,Torino,1.45,4.33,7.0
Sassuolo,Sampdoria,1.91,3.6,4.0
Udinese,Fiorentina,3.3,3.4,2.2
Milan,Carpi,1.44,4.5,7.5
Inter,Udinese,1.44,4.2,8.5
Atalanta,Chievo,1.95,3.5,4.0
Bologna,Genoa,2.25,3.2,3.4
Fiorentina,Juventus,3.5,3.3,2.15
Frosinone,Palermo,2.38,3.4,3.0
Sampdoria,Lazio,2.8,3.2,2.6
Torino,Sassuolo,2.05,3.5,3.6
Carpi,Empoli,1.83,3.6,4.5
Roma,Napoli,2.45,3.4,2.9
Verona,Milan,5.0,3.6,1.75
Chievo,Fiorentina,3.8,3.3,2.05
Udinese,Torino,1.95,3.4,4.2
Empoli,Bologna,2.25,3.2,3.3
Juventus,Carpi,1.25,5.5,13.0
Lazio,Inter,2.5,3.3,2.9
Milan,Frosinone,1.22,6.0,15.0
Palermo,Sampdoria,1.95,3.5,4.0
Sassuolo,Verona,1.5,4.0,7.5
Genoa,Roma,5.5,3.75,1.67
Napoli,Atalanta,1.17,7.5,17.0
Bologna,Milan,3.6,3.4,2.1
Inter,Empoli,1.36,5.0,8.5
Atalanta,Udinese,3.8,3.3,2.05
Carpi,Lazio,2.4,3.4,2.88
Fiorentina,Palermo,2.0,3.5,3.75
Frosinone,Sassuolo,3.8,3.8,1.91
Roma,Chievo,1.22,6.5,13.0
Sampdoria,Genoa,2.38,3.25,3.1
Torino,Napoli,7.5,5.0,1.4
Verona,Juventus,6.0,4.33,1.53
Juventus,Sampdoria,1.25,6.0,10.0
Milan,Roma,3.25,3.6,2.1
Napoli,Frosinone,1.1,10.0,26.0
Sassuolo,Inter,1.85,3.8,4.0
Chievo,Bologna,2.15,3.4,3.4
Empoli,Torino,2.55,3.5,2.7
Genoa,Atalanta,1.85,3.6,4.2
Lazio,Fiorentina,2.1,3.4,3.5
Palermo,Verona,1.2,7.0,13.0
Udinese,Carpi,2.3,3.4,3.1
Juventus,Fiorentina,1.5,4.2,7.0
Roma,Udinese,1.44,4.5,7.5
Atalanta,Lazio,3.1,3.25,2.4
Bologna,Crotone,1.85,3.5,5.0
Chievo,Inter,3.75,3.3,2.1
Empoli,Sampdoria,2.3,3.2,3.3
Genoa,Cagliari,2.05,3.3,3.8
Milan,Torino,1.85,3.5,4.33
Palermo,Sassuolo,3.0,3.2,2.5
Pescara,Napoli,7.5,4.5,1.44
Lazio,Juventus,4.75,3.5,1.8
Napoli,Milan,1.67,4.0,5.0
Cagliari,Roma,4.75,3.75,1.7
Crotone,Genoa,4.0,3.4,1.91
Fiorentina,Chievo,1.67,3.75,5.5
Inter,Palermo,1.33,4.75,10.0
Sampdoria,Atalanta,2.25,3.2,3.4
Sassuolo,Pescara,1.62,3.75,6.0
Torino,Bologna,1.85,3.5,4.5
Udinese,Empoli,2.05,3.4,3.75
Juventus,Sassuolo,1.3,5.0,12.0
Palermo,Napoli,9.0,5.0,1.33
Atalanta,Torino,2.6,3.2,2.8
Bologna,Cagliari,2.1,3.25,3.75
Chievo,Lazio,3.0,3.2,2.5
Milan,Udinese,1.67,4.0,5.0
Pescara,Inter,4.75,3.75,1.75
Roma,Sampdoria,1.33,5.25,9.0
Empoli,Crotone,1.57,4.0,6.0
Sampdoria,Milan,3.1,3.3,2.3
Lazio,Pescara,1.5,4.33,6.5
Napoli,Bologna,1.25,6.0,12.0
Cagliari,Atalanta,2.6,3.2,2.8
Crotone,Palermo,3.0,3.2,2.5
Fiorentina,Roma,2.9,3.5,2.4
Inter,Juventus,4.0,3.5,1.95
Sassuolo,Genoa,2.2,3.2,3.5
Torino,Empoli,1.75,3.6,4.75
Udinese,Chievo,2.0,3.25,4.0
Milan,Lazio,2.15,3.4,3.4
Atalanta,Palermo,1.62,3.75,6.0
Bologna,Sampdoria,2.4,3.25,3.1
Chievo,Sassuolo,2.4,3.2,3.1
Empoli,Inter,4.33,3.3,1.95
Genoa,Napoli,4.75,3.75,1.75
Juventus,Cagliari,1.17,7.5,17.0
Pescara,Torino,3.25,3.25,2.3
Roma,Crotone,1.13,8.5,23.0
Udinese,Fiorentina,3.25,3.25,2.3
Napoli,Chievo,1.33,5.0,10.0
Palermo,Juventus,11.0,5.5,1.29
Fiorentina,Milan,2.3,3.1,3.4
Genoa,Pescara,1.65,4.0,5.25
Inter,Bologna,1.45,4.2,8.5
Lazio,Empoli,1.44,4.2,8.5
Sassuolo,Udinese,2.05,3.3,3.8
Torino,Roma,3.75,3.5,2.0
Cagliari,Sampdoria,2.2,3.2,3.5
Crotone,Atalanta,4.5,3.3,1.91
Pescara,Chievo,2.55,3.2,2.9
Udinese,Lazio,3.0,3.3,2.4
Atalanta,Napoli,6.0,4.0,1.55
Bologna,Genoa,2.2,3.1,3.6
Cagliari,Crotone,1.44,4.33,8.0
Empoli,Juventus,10.0,5.0,1.3
Milan,Sassuolo,1.62,3.8,6.0
Roma,Inter,2.0,3.5,3.8
Sampdoria,Palermo,1.65,3.75,5.5
Torino,Fiorentina,2.4,3.2,3.1
Juventus,Udinese,1.2,7.0,13.0
Napoli,Roma,2.0,3.5,3.8
Pescara,Sampdoria,2.38,3.3,3.1
Chievo,Milan,2.8,3.0,2.75
Fiorentina,Atalanta,1.75,3.6,5.0
Genoa,Empoli,1.75,3.6,5.0
Inter,Cagliari,1.4,4.75,8.5
Lazio,Bologna,1.5,4.0,7.5
Sassuolo,Crotone,1.4,4.5,8.5
Palermo,Torino,3.8,3.5,2.0
Milan,Juventus,4.5,3.7,1.8
Sampdoria,Genoa,3.1,3.25,2.4
Atalanta,Inter,3.3,3.4,2.2
Bologna,Sassuolo,2.5,3.2,3.0
Cagliari,Fiorentina,3.0,3.3,2.4
Crotone,Napoli,15.0,6.0,1.22
Empoli,Chievo,2.55,3.0,3.1
Roma,Palermo,1.18,7.0,17.0
Torino,Lazio,2.2,3.3,3.4
Udinese,Pescara,1.85,3.5,4.5
Genoa,Milan,2.75,3.25,2.6
Chievo,Bologna,2.1,3.1,4.0
Fiorentina,Crotone,1.22,6.0,15.0
Inter,Torino,2.0,3.5,3.75
Juventus,Sampdoria,1.17,7.5,17.0
Lazio,Cagliari,1.44,4.5,7.5
Napoli,Empoli,1.29,5.5,11.0
Pescara,Atalanta,2.9,3.25,2.5
Sassuolo,Roma,4.2,3.5,1.91
Palermo,Udinese,2.9,3.25,2.5
Bologna,Fiorentina,3.25,3.25,2.3
Juventus,Napoli,1.8,3.5,4.75
Atalanta,Genoa,2.3,3.2,3.3
Crotone,Chievo,3.5,3.2,2.2
Empoli,Roma,6.0,4.2,1.55
Lazio,Sassuolo,1.67,3.75,5.5
Milan,Pescara,1.4,4.75,8.0
Sampdoria,Inter,3.6,3.5,2.05
Cagliari,Palermo,1.73,3.5,5.0
Udinese,Torino,2.88,3.25,2.45
Napoli,Lazio,1.67,4.0,5.0
Torino,Cagliari,1.55,4.33,5.75
Chievo,Juventus,9.0,4.0,1.44
Fiorentina,Sampdoria,1.57,3.8,6.5
Genoa,Udinese,1.85,3.6,4.33
Inter,Crotone,1.25,5.75,13.0
Palermo,Milan,5.5,3.75,1.67
Pescara,Empoli,2.4,3.2,3.1
Roma,Bologna,1.25,6.0,12.0
Sassuolo,Atalanta,2.5,3.2,3.0
Chievo,Cagliari,1.91,3.5,4.2
Juventus,Pescara,1.14,8.0,19.0
Udinese,Napoli,4.75,3.75,1.75
Atalanta,Roma,4.0,3.5,1.95
Bologna,Palermo,1.75,3.6,5.0
Crotone,Torino,5.0,3.75,1.73
Empoli,Fiorentina,3.9,3.4,2.0
Lazio,Genoa,1.7,3.8,5.0
Milan,Inter,2.8,3.2,2.6
Sampdoria,Sassuolo,2.05,3.4,3.75
Empoli,Milan,3.8,3.3,2.05
Torino,Chievo,1.73,3.6,5.25
Bologna,Atalanta,3.0,3.2,2.5
Cagliari,Udinese,2.38,3.4,3.0
Crotone,Sampdoria,3.3,3.4,2.2
Genoa,Juventus,6.0,3.75,1.62
Palermo,Lazio,5.5,4.0,1.62
Roma,Pescara,1.2,7.5,12.0
Inter,Fiorentina,2.0,3.4,3.9
Napoli,Sassuolo,1.25,6.0,12.0
Napoli,Inter,1.75,3.75,4.75
Juventus,Atalanta,1.4,4.5,9.0
Fiorentina,Palermo,1.29,5.5,11.0
Lazio,Roma,2.9,3.4,2.4
Milan,Crotone,1.33,5.0,10.0
Pescara,Cagliari,2.38,3.4,3.0
Sampdoria,Torino,2.75,3.25,2.63
Sassuolo,Empoli,1.83,3.4,4.75
Chievo,Genoa,2.5,3.1,3.1
Udinese,Bologna,2.0,3.2,4.2
Crotone,Pescara,2.63,3.25,2.8
Sampdoria,Lazio,3.0,3.4,2.38
Atalanta,Udinese,1.75,3.6,5.0
Bologna,Empoli,2.1,3.25,3.8
Cagliari,Napoli,6.0,4.33,1.53
Inter,Genoa,1.67,3.75,5.5
Palermo,Chievo,2.9,3.1,2.6
Torino,Juventus,4.33,3.6,1.85
Fiorentina,Sassuolo,1.62,4.0,5.5
Roma,Milan,1.62,4.2,5.25
Genoa,Fiorentina,2.6,3.2,2.8
Empoli,Cagliari,2.05,3.25,3.75
Juventus,Roma,1.7,3.6,5.0
Milan,Atalanta,1.95,3.4,3.9
Chievo,Sampdoria,2.2,3.25,3.3
Genoa,Palermo,1.57,3.75,6.0
Lazio,Fiorentina,2.0,3.4,3.75
Napoli,Torino,1.45,4.2,7.5
Pescara,Bologna,2.4,3.0,3.2
Sassuolo,Inter,3.4,3.6,2.05
Udinese,Crotone,1.57,3.8,6.0
Atalanta,Empoli,1.53,3.9,7.0
Inter,Lazio,2.15,3.5,3.3
Cagliari,Sassuolo,2.5,3.4,2.8
Fiorentina,Napoli,3.5,3.5,2.1
Palermo,Pescara,2.2,3.3,3.4
Roma,Chievo,1.33,5.5,8.0
Sampdoria,Udinese,2.2,3.4,3.3
Torino,Genoa,1.83,3.6,4.5
Empoli,Palermo,2.05,3.3,3.8
Napoli,Sampdoria,1.29,5.5,10.0
Chievo,Atalanta,2.75,3.2,2.7
Genoa,Roma,3.8,3.6,1.95
Juventus,Bologna,1.18,7.0,17.0
Lazio,Crotone,1.29,5.25,12.0
Milan,Cagliari,1.4,4.75,8.0
Sassuolo,Torino,2.7,3.4,2.6
Udinese,Inter,3.75,3.5,2.0
Crotone,Bologna,3.0,3.0,2.6
Inter,Chievo,1.44,4.33,8.0
Cagliari,Genoa,2.8,3.4,2.5
Fiorentina,Juventus,4.75,3.4,1.83
Lazio,Atalanta,2.0,3.4,3.9
Napoli,Pescara,1.14,8.0,19.0
Sampdoria,Empoli,1.75,3.5,5.25
Sassuolo,Palermo,1.73,3.6,5.25
Udinese,Roma,4.2,3.5,1.91
Torino,Milan,2.38,3.3,3.1
Chievo,Fiorentina,3.4,3.25,2.25
Milan,Napoli,4.0,3.3,2.0
Atalanta,Sampdoria,1.67,3.75,5.5
Bologna,Torino,2.9,3.3,2.5
Empoli,Udinese,2.6,3.2,2.8
Genoa,Crotone,1.57,4.0,6.0
Juventus,Lazio,1.5,4.2,7.0
Palermo,Inter,6.5,4.0,1.55
Pescara,Sassuolo,2.9,3.3,2.5
Roma,Cagliari,1.25,6.5,11.0
Inter,Pescara,1.2,7.0,13.0
Lazio,Chievo,1.5,4.0,7.5
Cagliari,Bologna,2.45,3.25,3.0
Crotone,Empoli,2.38,3.1,3.25
Fiorentina,Genoa,1.62,4.0,5.5
Napoli,Palermo,1.13,9.0,21.0
Sampdoria,Roma,4.75,3.8,1.75
Sassuolo,Juventus,6.5,4.33,1.5
Torino,Atalanta,2.4,3.25,3.1
Udinese,Milan,3.2,3.3,2.3
Pescara,Fiorentina,4.5,3.6,1.83
Bologna,Napoli,7.5,4.5,1.44
Atalanta,Cagliari,1.44,4.33,8.0
Chievo,Udinese,2.38,3.2,3.2
Empoli,Torino,3.6,3.3,2.15
Genoa,Sassuolo,2.05,3.4,3.75
Juventus,Inter,1.57,4.0,6.5
Milan,Sampdoria,1.67,4.0,5.0
Palermo,Crotone,2.3,3.25,3.3
Pescara,Lazio,6.0,3.9,1.57
Roma,Fiorentina,1.62,4.0,5.5
Bologna,Milan,3.4,3.25,2.25
Crotone,Juventus,13.0,6.0,1.22
Napoli,Genoa,1.29,5.75,10.0
Fiorentina,Udinese,1.67,3.8,5.25
Cagliari,Juventus,10.0,5.0,1.33
Crotone,Roma,8.5,5.0,1.36
Inter,Empoli,1.33,5.0,10.0
Palermo,Atalanta,5.0,3.6,1.75
Sampdoria,Bologna,1.91,3.5,4.2
Sassuolo,Chievo,1.91,3.4,4.33
Torino,Pescara,1.36,5.0,8.5
Lazio,Milan,1.7,3.8,5.0
Juventus,Palermo,1.14,8.0,21.0
Atalanta,Crotone,1.25,5.5,15.0
Empoli,Lazio,5.5,3.75,1.67
Bologna,Inter,4.75,3.5,1.8
Chievo,Napoli,8.5,4.2,1.44
Milan,Fiorentina,2.15,3.3,3.5
Pescara,Genoa,3.5,3.4,2.1
Roma,Torino,1.44,4.5,7.5
Sampdoria,Cagliari,1.67,3.75,5.5
Udinese,Sassuolo,2.1,3.3,3.7
Juventus,Empoli,1.14,8.5,19.0
Napoli,Atalanta,1.57,4.0,6.0
Chievo,Pescara,1.83,3.6,4.5
Crotone,Cagliari,2.5,3.3,2.88
Genoa,Bologna,2.0,3.3,4.2
Inter,Roma,2.5,3.4,2.8
Lazio,Udinese,1.44,4.5,7.5
Palermo,Sampdoria,3.2,3.1,2.4
Sassuolo,Milan,2.88,3.3,2.55
Fiorentina,Torino,1.85,3.75,4.2
Milan,Chievo,1.57,4.0,6.25
Roma,Napoli,2.05,3.5,3.6
Sampdoria,Pescara,1.67,4.2,4.75
Atalanta,Fiorentina,1.91,3.6,4.0
Bologna,Lazio,4.33,3.75,1.8
Cagliari,Inter,6.0,4.0,1.57
Crotone,Sassuolo,3.4,3.25,2.25
Empoli,Genoa,2.63,3.0,3.0
Torino,Palermo,1.5,4.2,7.0
Udinese,Juventus,7.5,4.0,1.5
Juventus,Milan,1.4,4.5,9.0
Genoa,Sampdoria,2.63,3.2,2.8
Chievo,Empoli,2.05,3.25,4.0
Fiorentina,Cagliari,1.44,4.75,7.0
Inter,Atalanta,1.85,3.6,4.5
Napoli,Crotone,1.14,8.0,21.0
Palermo,Roma,8.0,4.75,1.4
Pescara,Udinese,2.9,3.5,2.4
Sassuolo,Bologna,1.91,3.5,4.2
Lazio,Torino,1.57,4.2,5.75
Milan,Genoa,1.7,3.8,5.0
Torino,Inter,3.7,3.75,1.95
Atalanta,Pescara,1.25,6.0,12.0
Bologna,Chievo,2.3,3.1,3.4
Cagliari,Lazio,6.0,4.2,1.55
Crotone,Fiorentina,5.5,3.75,1.67
Empoli,Napoli,11.0,5.5,1.29
Roma,Sassuolo,1.22,6.0,15.0
Sampdoria,Juventus,7.0,4.0,1.53
Udinese,Palermo,1.62,3.8,6.0
Roma,Empoli,1.17,7.5,17.0
Sassuolo,Lazio,4.5,3.75,1.8
Chievo,Crotone,1.85,3.5,4.5
Fiorentina,Bologna,1.5,4.2,7.0
Genoa,Atalanta,3.8,3.4,2.05
Napoli,Juventus,2.38,3.3,3.1
Palermo,Cagliari,2.25,3.4,3.25
Pescara,Milan,6.0,4.33,1.53
Torino,Udinese,1.85,3.75,4.2
Inter,Sampdoria,1.33,5.5,9.0
Atalanta,Sassuolo,1.45,4.5,7.0
Empoli,Pescara,1.83,3.75,4.2
Juventus,Chievo,1.25,6.0,12.0
Bologna,Roma,7.0,4.75,1.44
Cagliari,Torino,3.0,3.5,2.3
Crotone,Inter,10.0,5.0,1.33
Lazio,Napoli,2.7,3.6,2.5
Milan,Palermo,1.25,6.0,12.0
Sampdoria,Fiorentina,3.0,3.5,2.3
Udinese,Genoa,1.8,3.7,4.5
Cagliari,Chievo,2.2,3.3,3.3
Fiorentina,Empoli,1.33,5.0,9.0
Genoa,Lazio,5.0,3.75,1.67
Inter,Milan,2.0,3.4,3.75
Napoli,Udinese,1.22,6.0,13.0
Palermo,Bologna,2.55,3.2,2.8
Pescara,Juventus,9.0,5.75,1.29
Roma,Atalanta,1.5,4.33,6.0
Sassuolo,Sampdoria,2.1,3.5,3.3
Torino,Crotone,1.53,4.0,6.0
Atalanta,Bologna,1.36,5.0,8.5
Fiorentina,Inter,2.7,3.4,2.63
Chievo,Torino,3.0,3.5,2.25
Juventus,Genoa,1.18,7.0,17.0
Lazio,Palermo,1.14,8.0,21.0
Milan,Empoli,1.36,4.75,9.5
Sampdoria,Crotone,1.91,3.5,4.2
Sassuolo,Napoli,9.5,4.75,1.36
Udinese,Cagliari,1.85,3.5,4.5
Pescara,Roma,11.0,6.5,1.22
Atalanta,Juventus,3.75,3.4,2.05
Torino,Sampdoria,1.62,4.2,5.25
Bologna,Udinese,2.38,3.3,3.0
Cagliari,Pescara,1.62,4.2,5.25
Crotone,Milan,4.0,3.5,1.95
Empoli,Sassuolo,2.1,3.4,3.6
Genoa,Chievo,1.67,3.75,5.5
Inter,Napoli,3.1,3.4,2.3
Palermo,Fiorentina,8.0,4.75,1.4
Roma,Lazio,1.85,3.75,4.2
Juventus,Torino,1.5,4.33,7.0
Napoli,Cagliari,1.13,9.0,21.0
Chievo,Palermo,1.67,4.0,5.0
Empoli,Bologna,1.7,3.8,5.0
Genoa,Inter,4.75,3.8,1.75
Lazio,Sampdoria,1.22,6.5,13.0
Milan,Roma,3.25,3.8,2.1
Pescara,Crotone,5.0,4.4,1.6
Sassuolo,Fiorentina,3.1,3.6,2.2
Udinese,Atalanta,4.5,3.7,1.8
Atalanta,Milan,2.05,3.5,3.6
Fiorentina,Lazio,1.95,3.8,3.6
Bologna,Pescara,1.5,4.2,6.5
Cagliari,Empoli,2.9,3.7,2.3
Crotone,Udinese,1.8,3.5,4.75
Inter,Sassuolo,1.44,4.75,6.75
Palermo,Genoa,5.0,4.0,1.67
Roma,Juventus,2.5,3.4,2.88
Sampdoria,Chievo,1.8,3.8,4.33
Torino,Napoli,6.0,4.5,1.5
Chievo,Roma,13.0,6.5,1.22
Napoli,Fiorentina,1.25,6.5,10.0
Empoli,Atalanta,2.3,3.4,3.1
Genoa,Torino,2.05,3.3,3.8
Juventus,Crotone,1.17,7.5,17.0
Lazio,Inter,2.0,3.5,3.75
Milan,Bologna,1.36,5.0,8.5
Sassuolo,Cagliari,1.8,3.8,4.33
Udinese,Sampdoria,2.1,3.5,3.5
Pescara,Palermo,2.3,3.5,3.0
Atalanta,Chievo,1.29,6.0,9.5
Bologna,Juventus,4.5,4.0,1.73
Cagliari,Milan,3.5,4.0,1.95
Crotone,Lazio,2.05,4.0,3.25
Fiorentina,Pescara,1.14,8.0,19.0
Inter,Udinese,1.33,5.5,8.5
Palermo,Empoli,6.0,4.33,1.53
Roma,Genoa,1.06,15.0,34.0
Sampdoria,Napoli,15.0,7.5,1.18
Torino,Sassuolo,1.6,4.6,4.75
Juventus,Cagliari,1.14,8.0,19.0
Verona,Napoli,8.0,4.75,1.4
Atalanta,Roma,3.2,3.3,2.3
Bologna,Torino,3.1,3.3,2.38
Crotone,Milan,6.0,4.0,1.57
Inter,Fiorentina,1.57,4.0,6.0
Lazio,Spal,1.29,5.5,11.0
Sampdoria,Benevento,1.67,3.75,5.5
Sassuolo,Genoa,2.2,3.25,3.5
Udinese,Chievo,2.1,3.2,3.8
Benevento,Bologna,2.7,3.2,2.75
Genoa,Juventus,9.0,4.5,1.4
Roma,Inter,2.3,3.5,3.0
Chievo,Lazio,3.5,3.2,2.2
Crotone,Verona,2.5,3.2,2.88
Fiorentina,Sampdoria,1.8,3.5,4.5
Milan,Cagliari,1.22,6.5,13.0
Napoli,Atalanta,1.4,4.75,8.0
Spal,Udinese,2.5,3.1,2.9
Torino,Sassuolo,1.75,3.6,5.0
Juventus,Chievo,1.17,7.5,17.0
Atalanta,Sassuolo,1.55,4.0,6.5
Benevento,Torino,4.33,3.75,1.83
Bologna,Napoli,10.0,5.0,1.33
Cagliari,Crotone,1.67,3.75,5.5
Inter,Spal,1.25,6.0,13.0
Lazio,Milan,2.45,3.4,2.9
Udinese,Genoa,2.38,3.2,3.2
Verona,Fiorentina,3.4,3.3,2.2
Crotone,Inter,10.0,5.0,1.33
Fiorentina,Bologna,1.55,4.2,6.0
Roma,Verona,1.17,7.5,17.0
Chievo,Atalanta,3.0,3.2,2.5
Genoa,Lazio,3.8,3.5,2.0
Milan,Udinese,1.4,4.6,8.5
Napoli,Benevento,1.11,10.0,19.0
Sassuolo,Juventus,7.5,4.33,1.45
Spal,Cagliari,2.38,3.3,3.1
Torino,Sampdoria,1.67,4.0,5.0
Bologna,Inter,5.75,4.0,1.6
Atalanta,Crotone,1.33,5.0,10.0
Benevento,Roma,8.0,5.25,1.36
Cagliari,Sassuolo,2.2,3.4,3.3
Genoa,Chievo,2.2,3.3,3.5
Juventus,Fiorentina,1.33,5.25,9.0
Lazio,Napoli,3.4,3.6,2.1
Milan,Spal,1.25,6.5,11.0
Udinese,Torino,2.88,3.5,2.4
Verona,Sampdoria,3.6,3.5,2.05
Juventus,Torino,1.4,4.5,8.5
Roma,Udinese,1.25,6.0,12.0
Spal,Napoli,15.0,6.0,1.22
Cagliari,Chievo,2.25,3.3,3.3
Crotone,Benevento,1.91,3.4,4.33
Fiorentina,Atalanta,2.2,3.4,3.2
Inter,Genoa,1.3,5.5,10.0
Sampdoria,Milan,3.5,3.75,2.0
Sassuolo,Bologna,2.1,3.3,3.75
Verona,Lazio,5.5,4.0,1.62
Genoa,Bologna,2.25,3.2,3.3
Udinese,Sampdoria,2.7,3.25,2.6
Atalanta,Juventus,4.75,3.75,1.7
Benevento,Inter,11.0,5.0,1.29
Chievo,Fiorentina,2.8,3.25,2.5
Lazio,Sassuolo,1.4,4.5,8.0
Milan,Roma,2.55,3.4,2.63
Napoli,Cagliari,1.13,8.0,21.0
Spal,Crotone,1.91,3.4,4.0
Torino,Verona,1.33,5.0,9.0
Juventus,Lazio,1.53,4.5,5.75
Roma,Napoli,3.2,3.4,2.25
Bologna,Spal,1.75,3.5,5.25
Cagliari,Genoa,2.25,3.3,3.3
Crotone,Torino,3.75,3.5,2.0
Fiorentina,Udinese,1.67,3.8,5.5
Inter,Milan,2.2,3.4,3.4
Sampdoria,Atalanta,2.8,3.3,2.6
Sassuolo,Chievo,2.25,3.3,3.3
Verona,Benevento,1.91,3.5,4.2
Napoli,Inter,1.61,4.2,5.0
Sampdoria,Crotone,1.53,3.79,7.5
Atalanta,Bologna,1.6,3.75,6.5
Benevento,Fiorentina,6.0,3.79,1.57
Chievo,Verona,1.9,3.39,4.33
Lazio,Cagliari,1.28,6.0,9.0
Milan,Genoa,1.44,4.33,8.0
Spal,Sassuolo,2.6,3.29,2.75
Torino,Roma,3.75,3.6,1.95
Udinese,Juventus,7.5,4.5,1.44
Inter,Sampdoria,1.44,4.75,7.0
Atalanta,Verona,1.36,5.0,8.5
Bologna,Lazio,5.25,3.75,1.7
Cagliari,Benevento,1.44,4.5,7.5
Chievo,Milan,3.6,3.25,2.14
Fiorentina,Torino,1.85,3.79,4.0
Genoa,Napoli,9.0,5.25,1.33
Juventus,Spal,1.12,9.0,21.0
Roma,Crotone,1.16,8.0,15.0
Sassuolo,Udinese,2.0,3.5,3.75
Milan,Juventus,4.2,3.5,1.9
Roma,Bologna,1.28,5.75,10.0
Benevento,Lazio,11.0,5.5,1.28
Crotone,Fiorentina,5.5,3.75,1.64
Napoli,Sassuolo,1.14,9.0,15.0
Sampdoria,Chievo,1.83,3.6,4.5
Spal,Genoa,3.1,3.1,2.5
Torino,Cagliari,1.6,4.33,5.25
Udinese,Atalanta,3.6,3.39,2.1
Verona,Inter,7.5,5.0,1.39
Bologna,Crotone,1.8,3.5,4.75
Genoa,Sampdoria,3.0,3.1,2.54
Atalanta,Spal,1.3,5.25,10.0
Cagliari,Verona,1.9,3.29,4.5
Chievo,Napoli,7.5,5.0,1.39
Fiorentina,Roma,3.0,3.5,2.29
Inter,Torino,1.5,4.33,6.5
Juventus,Benevento,1.06,13.0,34.0
Sassuolo,Milan,3.75,3.39,2.04
Napoli,Milan,1.44,4.59,7.0
Roma,Lazio,2.1,3.5,3.39
Benevento,Sassuolo,3.39,3.6,2.04
Crotone,Genoa,3.1,3.2,2.45
Inter,Atalanta,1.75,3.75,4.75
Sampdoria,Juventus,7.0,4.0,1.53
Spal,Fiorentina,3.79,3.6,1.95
Torino,Chievo,1.83,3.6,4.5
Udinese,Cagliari,1.95,3.6,3.79
Verona,Bologna,2.87,3.2,2.6
Bologna,Sampdoria,2.6,3.29,2.75
Cagliari,Inter,5.0,4.0,1.66
Chievo,Spal,1.9,3.5,4.2
Sassuolo,Verona,1.66,4.0,5.0
Genoa,Roma,5.0,3.75,1.72
Juventus,Crotone,1.14,8.0,19.0
Lazio,Fiorentina,1.64,4.2,5.0
Milan,Torino,1.75,3.75,4.75
Udinese,Napoli,7.5,5.5,1.36
Atalanta,Benevento,1.22,6.0,12.0
Napoli,Juventus,2.0,3.39,4.0
Roma,Spal,1.22,6.5,12.0
Torino,Atalanta,2.45,3.39,2.87
Benevento,Milan,9.0,5.0,1.36
Bologna,Cagliari,2.0,3.29,4.0
Fiorentina,Sassuolo,1.57,4.0,6.0
Inter,Chievo,1.39,4.75,8.0
Sampdoria,Lazio,3.6,3.6,2.0
Crotone,Udinese,2.87,3.1,2.62
Verona,Genoa,3.5,3.29,2.14
Cagliari,Sampdoria,2.6,3.39,2.7
Juventus,Inter,1.7,3.75,5.25
Chievo,Roma,5.5,4.0,1.61
Milan,Bologna,1.5,4.2,7.0
Napoli,Fiorentina,1.36,5.5,7.5
Sassuolo,Crotone,1.83,3.6,4.5
Spal,Verona,2.04,3.5,3.6
Udinese,Benevento,1.5,4.2,7.0
Lazio,Torino,1.5,4.75,5.75
Genoa,Atalanta,3.1,3.29,2.37
Inter,Udinese,1.33,5.25,9.0
Roma,Cagliari,1.25,6.0,12.0
Torino,Napoli,5.5,3.89,1.61
Atalanta,Lazio,2.37,3.39,3.0
Benevento,Spal,2.87,3.1,2.62
Bologna,Juventus,7.0,4.75,1.44
Crotone,Chievo,3.2,3.2,2.37
Fiorentina,Genoa,1.57,4.0,6.0
Sampdoria,Sassuolo,1.8,4.0,4.2
Verona,Milan,5.5,4.33,1.57
Cagliari,Fiorentina,3.25,3.29,2.25
Chievo,Bologna,2.54,3.0,3.0
Genoa,Benevento,1.44,4.33,8.0
Juventus,Roma,1.8,3.6,4.75
Lazio,Crotone,1.22,6.5,13.0
Milan,Atalanta,2.39,3.25,3.0
Napoli,Sampdoria,1.25,6.0,12.0
Sassuolo,Inter,5.0,3.75,1.72
Spal,Torino,3.6,3.39,2.1
Udinese,Verona,1.66,3.79,5.25
Crotone,Napoli,15.0,6.5,1.19
Atalanta,Cagliari,1.44,4.33,8.0
Benevento,Chievo,3.2,3.29,2.29
Bologna,Udinese,2.39,3.29,3.0
Fiorentina,Milan,2.0,3.5,3.79
Inter,Lazio,2.29,3.39,3.1
Roma,Sassuolo,1.3,5.5,10.0
Sampdoria,Spal,1.72,4.0,4.5
Torino,Genoa,2.1,3.39,3.6
Verona,Juventus,15.0,6.5,1.19
Chievo,Udinese,3.0,3.2,2.5
Fiorentina,Inter,2.5,3.25,2.87
Benevento,Sampdoria,3.5,3.5,2.1
Cagliari,Juventus,10.0,5.0,1.33
Genoa,Sassuolo,2.2,3.2,3.5
Milan,Crotone,1.33,5.25,9.5
Napoli,Verona,1.11,10.0,21.0
Roma,Atalanta,1.72,3.79,4.75
Spal,Lazio,6.5,4.2,1.53
Torino,Bologna,2.1,3.39,3.6
Atalanta,Napoli,3.6,3.5,2.04
Bologna,Benevento,1.7,3.6,5.5
Cagliari,Milan,3.75,3.39,2.04
Inter,Roma,2.39,3.5,2.89
Lazio,Chievo,1.25,6.25,12.0
Sampdoria,Fiorentina,3.0,3.39,2.37
Sassuolo,Torino,2.62,3.25,2.75
Udinese,Spal,1.75,3.39,5.5
Verona,Crotone,2.1,3.25,3.75
Juventus,Genoa,1.19,6.5,17.0
Lazio,Udinese,1.5,4.33,6.5
Sampdoria,Roma,4.0,3.6,1.9
Chievo,Juventus,10.0,5.0,1.33
Sassuolo,Atalanta,3.39,3.29,2.2
Crotone,Cagliari,2.39,3.1,3.2
Fiorentina,Verona,1.28,5.5,11.0
Genoa,Udinese,2.14,3.1,3.79
Milan,Lazio,2.39,3.5,2.89
Napoli,Bologna,1.18,7.5,15.0
Roma,Sampdoria,1.39,5.0,7.5
Spal,Inter,5.5,3.79,1.66
Torino,Benevento,1.44,4.75,7.0
Inter,Crotone,1.3,5.25,11.0
Sampdoria,Torino,2.39,3.39,2.89
Atalanta,Chievo,1.36,4.75,9.5
Benevento,Napoli,17.0,7.0,1.18
Bologna,Fiorentina,3.39,3.29,2.2
Cagliari,Spal,2.14,3.25,3.6
Juventus,Sassuolo,1.22,6.0,15.0
Udinese,Milan,3.39,3.29,2.2
Verona,Roma,7.0,4.5,1.44
Lazio,Genoa,1.5,4.2,7.0
Fiorentina,Juventus,4.5,3.5,1.85
Crotone,Atalanta,4.5,3.5,1.85
Napoli,Lazio,1.61,4.33,5.0
Spal,Milan,4.5,3.6,1.83
Chievo,Genoa,3.1,3.1,2.5
Inter,Bologna,1.5,4.2,7.0
Roma,Benevento,1.14,8.0,19.0
Sampdoria,Verona,1.44,4.5,7.5
Sassuolo,Cagliari,2.1,3.39,3.6
Torino,Udinese,1.85,3.6,4.33
Chievo,Cagliari,2.45,3.2,3.1
Genoa,Inter,3.5,3.1,2.25
Udinese,Roma,4.33,3.6,1.85
Atalanta,Fiorentina,2.29,3.29,3.1
Benevento,Crotone,2.54,3.2,2.89
Bologna,Sassuolo,2.54,3.2,2.87
Milan,Sampdoria,1.72,4.0,4.5
Napoli,Spal,1.14,8.0,23.0
Torino,Juventus,4.75,3.75,1.75
Lazio,Verona,1.16,7.5,17.0
Bologna,Genoa,2.89,3.0,2.7
Inter,Benevento,1.25,6.0,11.0
Crotone,Spal,2.29,3.1,3.39
Fiorentina,Chievo,1.5,4.2,7.0
Roma,Milan,1.95,3.6,3.79
Sampdoria,Udinese,1.9,3.5,4.2
Sassuolo,Lazio,4.0,3.6,1.9
Verona,Torino,5.25,3.79,1.66
Cagliari,Napoli,10.0,5.0,1.33
Lazio,Juventus,3.5,3.29,2.2
Napoli,Roma,1.57,4.0,6.0
Spal,Bologna,2.39,3.2,3.2
Roma,Torino,1.61,4.2,5.25
Verona,Chievo,3.39,3.29,2.2
Bologna,Atalanta,4.2,3.39,1.95
Cagliari,Lazio,5.25,3.75,1.66
Crotone,Sampdoria,3.25,3.25,2.29
Fiorentina,Benevento,1.36,5.0,8.5
Genoa,Milan,3.39,3.0,2.39
Inter,Napoli,4.0,3.39,1.95
Juventus,Udinese,1.22,6.5,13.0
Sassuolo,Spal,2.0,3.2,4.0
Juventus,Atalanta,1.39,4.5,8.5
Spal,Juventus,13.0,5.0,1.3
Udinese,Sassuolo,2.1,3.29,3.75
Benevento,Cagliari,2.39,3.39,2.89
Crotone,Roma,6.0,4.33,1.53
Lazio,Bologna,1.33,4.75,9.5
Milan,Chievo,1.36,4.75,9.5
Napoli,Genoa,1.19,6.5,13.0
Sampdoria,Inter,3.75,3.5,2.0
Torino,Fiorentina,2.25,3.39,3.1
Verona,Atalanta,7.5,4.0,1.5
Atalanta,Udinese,1.44,4.2,7.5
Bologna,Roma,4.75,3.75,1.7
Cagliari,Torino,3.0,3.39,2.29
Chievo,Sampdoria,2.29,3.29,3.1
Fiorentina,Crotone,1.44,4.5,6.5
Genoa,Spal,1.95,3.29,4.0
Inter,Verona,1.14,7.5,17.0
Juventus,Milan,1.66,3.6,5.5
Lazio,Benevento,1.16,7.0,15.0
Sassuolo,Napoli,8.5,4.75,1.36
Atalanta,Sampdoria,1.44,4.5,7.5
Genoa,Cagliari,1.8,3.39,5.0
Udinese,Fiorentina,3.39,3.29,2.2
Benevento,Verona,1.8,3.79,4.33
Chievo,Sassuolo,2.7,3.0,2.87
Milan,Inter,2.75,3.2,2.7
Torino,Crotone,1.53,4.0,7.0
Benevento,Juventus,17.0,6.0,1.22
Roma,Fiorentina,1.75,3.79,4.5
Sampdoria,Genoa,2.7,3.2,2.7
Spal,Atalanta,4.5,3.5,1.85
Crotone,Bologna,2.37,3.1,3.25
Milan,Sassuolo,1.44,4.5,6.5
Napoli,Chievo,1.16,7.5,17.0
Torino,Inter,3.6,3.39,2.1
Udinese,Lazio,4.2,3.75,1.83
Verona,Cagliari,3.39,3.29,2.2
Atalanta,Inter,2.7,3.29,2.62
Cagliari,Udinese,2.39,3.2,3.1
Chievo,Torino,3.29,3.29,2.25
Genoa,Crotone,1.85,3.39,4.75
Bologna,Verona,1.61,3.75,6.0
Fiorentina,Spal,1.5,4.0,7.5
Juventus,Sampdoria,1.19,6.5,15.0
Lazio,Roma,2.79,3.39,2.5
Milan,Napoli,4.5,3.5,1.85
Sassuolo,Benevento,1.66,3.79,5.25
Inter,Cagliari,1.19,7.0,15.0
Benevento,Atalanta,5.75,4.0,1.61
Crotone,Juventus,10.0,5.0,1.33
Fiorentina,Lazio,2.79,3.5,2.5
Napoli,Udinese,1.18,7.0,17.0
Roma,Genoa,1.44,4.5,7.5
Sampdoria,Bologna,1.85,3.6,4.33
Spal,Chievo,2.2,3.1,3.7
Torino,Milan,3.1,3.29,2.37
Verona,Sassuolo,4.33,3.39,1.9
Milan,Benevento,1.19,6.5,15.0
Sassuolo,Fiorentina,3.25,3.29,2.29
Spal,Roma,4.75,3.5,1.8
Atalanta,Torino,1.57,4.0,6.0
Cagliari,Bologna,2.0,3.39,3.89
Chievo,Inter,7.5,3.79,1.53
Juventus,Napoli,2.1,3.25,3.75
Lazio,Sampdoria,1.3,6.0,9.0
Udinese,Crotone,1.9,3.39,4.33
Genoa,Verona,1.44,4.2,8.5
Inter,Juventus,3.25,3.25,2.29
Roma,Chievo,1.36,4.75,10.0
Atalanta,Genoa,1.33,5.0,10.0
Benevento,Udinese,3.6,3.5,2.04
Bologna,Milan,5.0,3.75,1.72
Crotone,Sassuolo,2.2,3.25,3.5
Fiorentina,Napoli,6.5,4.33,1.5
Sampdoria,Cagliari,1.85,3.6,4.2
Torino,Lazio,5.25,4.0,1.64
Verona,Spal,3.29,3.2,2.29
Juventus,Bologna,1.14,8.5,19.0
Milan,Verona,1.16,7.5,17.0
Cagliari,Roma,9.0,4.5,1.39
Chievo,Crotone,2.29,3.2,3.25
Genoa,Fiorentina,4.0,3.39,2.0
Lazio,Atalanta,2.04,3.6,3.5
Napoli,Torino,1.22,6.5,13.0
Sassuolo,Sampdoria,2.29,3.25,3.25
Spal,Benevento,1.5,4.33,6.5
Udinese,Inter,6.0,4.0,1.55
Benevento,Genoa,2.62,3.5,2.62
Inter,Sassuolo,1.16,8.0,15.0
Atalanta,Milan,1.9,3.6,4.0
Bologna,Chievo,3.1,3.0,2.54
Crotone,Lazio,4.0,3.5,1.95
Fiorentina,Cagliari,1.5,4.33,6.5
Roma,Juventus,2.37,3.0,3.39
Sampdoria,Napoli,5.25,4.2,1.61
Torino,Spal,2.29,3.29,3.2
Verona,Udinese,6.5,4.33,1.5
Juventus,Verona,1.1,11.0,21.0
Cagliari,Atalanta,3.1,3.6,2.25
Chievo,Benevento,1.53,4.5,5.75
Genoa,Torino,2.62,3.5,2.62
Lazio,Inter,2.4,3.5,2.9
Milan,Fiorentina,1.83,3.8,4.2
Napoli,Crotone,1.5,4.75,5.75
Sassuolo,Roma,4.0,3.8,1.85
Spal,Sampdoria,1.61,4.0,5.5
Udinese,Bologna,1.53,4.33,6.0
Chievo,Juventus,13.0,5.75,1.25
Lazio,Napoli,2.8,3.4,2.5
Bologna,Spal,2.25,3.2,3.4
Empoli,Cagliari,2.14,3.2,3.6
Parma,Udinese,2.45,3.3,2.9
Sassuolo,Inter,5.5,4.0,1.61
Torino,Roma,3.5,3.5,2.1
Atalanta,Frosinone,1.36,4.5,11.0
Juventus,Lazio,1.36,5.0,8.5
Napoli,Milan,1.61,4.0,5.5
Cagliari,Sassuolo,2.45,3.3,2.9
Fiorentina,Chievo,1.5,4.33,6.5
Frosinone,Bologna,3.3,3.0,2.4
Genoa,Empoli,1.95,3.4,4.0
Inter,Torino,1.5,4.33,7.0
Spal,Parma,2.04,3.3,3.8
Udinese,Sampdoria,2.4,3.25,3.1
Roma,Atalanta,1.72,3.75,5.0
Milan,Roma,2.45,3.4,2.87
Bologna,Inter,7.0,4.0,1.53
Parma,Juventus,17.0,7.0,1.18
Atalanta,Cagliari,1.55,4.2,6.0
Chievo,Empoli,2.3,3.2,3.3
Fiorentina,Udinese,1.57,4.0,6.0
Lazio,Frosinone,1.22,6.5,13.0
Sampdoria,Napoli,6.5,4.1,1.53
Sassuolo,Genoa,2.1,3.3,3.75
Torino,Spal,1.66,3.75,5.5
Frosinone,Sampdoria,3.5,3.4,2.1
Inter,Parma,1.25,6.0,12.0
Napoli,Fiorentina,1.57,4.2,5.75
Cagliari,Milan,5.0,3.6,1.75
Empoli,Lazio,5.0,3.8,1.7
Genoa,Bologna,1.9,3.25,4.5
Juventus,Sassuolo,1.2,7.0,13.0
Roma,Chievo,1.22,6.5,13.0
Udinese,Torino,2.9,3.25,2.5
Spal,Atalanta,4.0,3.5,1.95
Sampdoria,Fiorentina,2.87,3.25,2.54
Sassuolo,Empoli,2.1,3.3,3.6
Fiorentina,Spal,1.61,3.6,6.5
Parma,Cagliari,2.4,3.2,3.1
Sampdoria,Inter,4.33,3.8,1.8
Bologna,Roma,5.5,3.75,1.66
Chievo,Udinese,3.0,3.2,2.5
Frosinone,Juventus,13.0,7.5,1.16
Lazio,Genoa,1.44,4.33,8.0
Milan,Atalanta,2.04,3.5,3.6
Torino,Napoli,4.5,3.8,1.75
Inter,Fiorentina,1.66,3.8,5.5
Atalanta,Torino,1.8,3.6,4.5
Cagliari,Sampdoria,2.5,3.3,2.87
Genoa,Chievo,1.8,3.4,5.0
Juventus,Bologna,1.16,7.5,17.0
Napoli,Parma,1.22,6.0,15.0
Roma,Frosinone,1.2,7.0,13.0
Udinese,Lazio,4.2,3.75,1.85
Empoli,Milan,5.25,3.75,1.7
Spal,Sassuolo,2.54,3.2,2.9
Inter,Cagliari,1.33,5.0,10.0
Juventus,Napoli,1.8,3.6,4.75
Roma,Lazio,2.37,3.5,2.9
Bologna,Udinese,2.5,3.1,3.1
Chievo,Torino,3.75,3.2,2.1
Fiorentina,Atalanta,2.25,3.3,3.25
Frosinone,Genoa,3.5,3.1,2.25
Parma,Empoli,2.3,3.2,3.3
Sassuolo,Milan,3.3,3.4,2.2
Sampdoria,Spal,1.8,3.6,4.33
Torino,Frosinone,1.36,4.75,9.0
Cagliari,Bologna,2.04,3.25,3.8
Empoli,Roma,5.5,4.0,1.61
Udinese,Juventus,9.0,4.75,1.36
Atalanta,Sampdoria,1.6,4.0,5.5
Genoa,Parma,1.75,3.75,4.75
Lazio,Fiorentina,1.85,3.75,4.2
Milan,Chievo,1.25,5.75,12.0
Napoli,Sassuolo,1.33,5.25,9.0
Spal,Inter,6.0,3.8,1.61
Juventus,Genoa,1.2,7.0,13.0
Roma,Spal,1.33,5.5,8.5
Udinese,Napoli,6.0,3.9,1.6
Bologna,Torino,3.4,3.3,2.2
Chievo,Atalanta,6.0,4.0,1.57
Fiorentina,Cagliari,1.5,4.5,6.0
Frosinone,Empoli,2.9,3.25,2.5
Inter,Milan,2.45,3.25,3.0
Parma,Lazio,5.5,3.8,1.66
Sampdoria,Sassuolo,2.2,3.3,3.4
Atalanta,Parma,1.33,5.25,9.0
Empoli,Juventus,12.0,5.75,1.25
Torino,Fiorentina,2.4,3.25,3.1
Cagliari,Chievo,1.61,3.8,6.0
Genoa,Udinese,2.1,3.2,3.8
Milan,Sampdoria,1.5,4.33,6.5
Napoli,Roma,1.72,3.75,4.75
Sassuolo,Bologna,1.9,3.25,4.5
Spal,Frosinone,1.8,3.75,4.5
Lazio,Inter,2.4,3.4,3.0
Milan,Genoa,1.44,4.5,7.5
Napoli,Empoli,1.2,7.0,15.0
Fiorentina,Roma,2.7,3.4,2.6
Inter,Genoa,1.36,5.0,9.0
Juventus,Cagliari,1.16,7.5,17.0
Bologna,Atalanta,5.0,3.7,1.72
Chievo,Sassuolo,3.6,3.4,2.1
Lazio,Spal,1.33,5.25,10.0
Parma,Frosinone,1.95,3.5,4.0
Sampdoria,Torino,2.7,3.2,2.7
Udinese,Milan,4.2,3.5,1.9
Frosinone,Fiorentina,5.25,3.6,1.7
Genoa,Napoli,7.0,4.5,1.44
Spal,Cagliari,2.45,3.1,3.1
Torino,Parma,1.44,4.2,8.5
Atalanta,Inter,2.75,3.3,2.6
Chievo,Bologna,2.9,3.2,2.6
Empoli,Udinese,2.2,3.3,3.5
Milan,Juventus,4.75,3.75,1.72
Roma,Sampdoria,1.44,4.5,7.0
Sassuolo,Lazio,4.0,3.5,1.95
Inter,Frosinone,1.25,6.0,12.0
Juventus,Spal,1.14,8.0,19.0
Udinese,Roma,4.5,3.6,1.83
Bologna,Fiorentina,4.0,3.3,2.04
Empoli,Atalanta,5.25,4.0,1.66
Genoa,Sampdoria,2.6,3.3,2.75
Lazio,Milan,1.85,3.75,4.2
Napoli,Chievo,1.12,9.0,19.0
Parma,Sassuolo,3.1,3.4,2.3
Cagliari,Torino,2.9,3.2,2.54
Fiorentina,Juventus,6.0,3.75,1.61
Sampdoria,Bologna,2.0,3.3,4.0
Spal,Empoli,2.4,3.3,3.0
Chievo,Lazio,8.0,4.2,1.44
Frosinone,Cagliari,3.0,3.3,2.4
Milan,Parma,1.4,5.0,7.5
Roma,Inter,2.8,3.4,2.45
Sassuolo,Udinese,1.9,3.5,4.0
Torino,Genoa,1.75,3.75,4.75
Atalanta,Napoli,3.3,3.6,2.14
Juventus,Inter,1.53,3.8,6.5
Cagliari,Roma,4.5,3.6,1.83
Lazio,Sampdoria,1.44,4.75,7.0
Napoli,Frosinone,1.16,8.0,15.0
Empoli,Bologna,1.95,3.5,4.0
Genoa,Spal,2.0,3.3,4.0
Milan,Torino,1.85,3.6,4.33
Parma,Chievo,2.04,3.3,3.8
Sassuolo,Fiorentina,2.8,3.2,2.6
Udinese,Atalanta,4.33,3.75,1.8
Inter,Udinese,1.3,5.0,11.0
Torino,Juventus,6.5,3.6,1.61
Cagliari,Napoli,7.5,4.5,1.44
Fiorentina,Empoli,1.75,3.75,4.75
Frosinone,Sassuolo,3.6,3.5,2.04
Roma,Genoa,1.44,4.75,7.0
Sampdoria,Parma,1.83,3.6,4.5
Spal,Chievo,2.04,3.3,3.8
Atalanta,Lazio,2.2,3.6,3.1
Bologna,Milan,4.2,3.4,1.95
Chievo,Inter,8.5,4.33,1.4
Empoli,Sampdoria,2.3,3.4,3.1
Genoa,Atalanta,4.0,3.6,1.9
Juventus,Roma,1.44,4.33,8.0
Lazio,Cagliari,1.33,5.0,9.0
Milan,Fiorentina,2.3,3.25,3.25
Napoli,Spal,1.2,7.0,13.0
Parma,Bologna,2.54,3.1,3.0
Sassuolo,Torino,2.62,3.2,2.8
Udinese,Frosinone,1.7,3.7,5.25
Atalanta,Juventus,4.75,3.5,1.8
Bologna,Lazio,5.0,3.8,1.72
Cagliari,Genoa,2.3,3.2,3.3
Fiorentina,Parma,1.6,3.8,6.0
Frosinone,Milan,5.25,3.75,1.7
Inter,Napoli,2.75,3.3,2.62
Roma,Sassuolo,1.61,4.0,5.25
Sampdoria,Chievo,1.75,3.7,5.0
Spal,Udinese,2.5,3.1,3.1
Torino,Empoli,1.7,3.8,5.0
Chievo,Frosinone,2.3,3.0,3.4
Empoli,Inter,6.5,4.2,1.5
Genoa,Fiorentina,2.54,3.25,2.7
Juventus,Sampdoria,1.2,6.5,13.0
Lazio,Torino,1.75,3.6,4.6
Milan,Spal,1.5,4.0,7.0
Napoli,Bologna,1.28,5.5,10.0
Parma,Roma,4.75,3.8,1.7
Sassuolo,Atalanta,3.4,3.5,2.04
Udinese,Cagliari,2.3,3.1,3.2
Inter,Sassuolo,1.4,4.75,8.0
Roma,Torino,1.6,4.0,5.75
Udinese,Parma,2.1,3.1,4.0
Cagliari,Empoli,2.0,3.5,3.8
Fiorentina,Sampdoria,1.8,3.6,4.5
Frosinone,Atalanta,8.5,4.5,1.4
Napoli,Lazio,1.9,3.6,4.0
Spal,Bologna,2.5,3.1,3.1
Genoa,Milan,3.2,3.2,2.37
Juventus,Chievo,1.11,10.0,21.0
Milan,Napoli,3.75,3.5,2.0
Sampdoria,Udinese,1.83,3.5,4.75
Sassuolo,Cagliari,2.0,3.3,4.0
Atalanta,Roma,2.15,3.6,3.25
Bologna,Frosinone,1.65,3.75,5.5
Chievo,Fiorentina,4.5,3.5,1.83
Lazio,Juventus,4.2,3.5,1.9
Parma,Spal,2.4,3.0,3.3
Torino,Inter,3.6,3.3,2.1
Empoli,Genoa,2.37,3.4,3.0
Empoli,Chievo,1.95,3.5,4.0
Juventus,Parma,1.18,7.0,17.0
Napoli,Sampdoria,1.36,5.0,8.5
Genoa,Sassuolo,2.5,3.3,2.87
Inter,Bologna,1.33,5.25,9.0
Roma,Milan,2.15,3.5,3.4
Spal,Torino,3.7,3.25,2.15
Udinese,Fiorentina,3.6,3.3,2.1
Cagliari,Atalanta,5.0,4.1,1.66
Frosinone,Lazio,7.0,4.75,1.44
Lazio,Empoli,1.3,5.25,9.5
Chievo,Roma,5.75,4.33,1.53
Fiorentina,Napoli,4.0,3.6,1.9
Parma,Inter,5.25,3.8,1.66
Atalanta,Spal,1.28,5.5,11.0
Bologna,Genoa,2.25,3.1,3.5
Milan,Cagliari,1.4,4.75,8.5
Sampdoria,Frosinone,1.5,4.0,8.0
Sassuolo,Juventus,7.0,3.75,1.57
Torino,Udinese,1.72,3.6,5.25
Juventus,Frosinone,1.12,9.5,19.0
Atalanta,Milan,2.0,3.4,3.9
Cagliari,Parma,2.0,3.3,4.0
Empoli,Sassuolo,2.7,3.4,2.6
Genoa,Lazio,3.2,3.4,2.25
Inter,Sampdoria,1.61,3.75,6.0
Napoli,Torino,1.44,4.33,8.0
Spal,Fiorentina,3.6,3.2,2.15
Udinese,Chievo,1.83,3.4,4.75
Roma,Bologna,1.44,4.33,8.0
Milan,Empoli,1.44,4.33,7.0
Frosinone,Roma,6.5,4.5,1.45
Torino,Atalanta,3.2,3.3,2.3
Bologna,Juventus,7.5,4.5,1.44
Chievo,Genoa,3.3,3.2,2.3
Fiorentina,Inter,2.7,3.3,2.7
Parma,Napoli,7.0,4.5,1.44
Sampdoria,Cagliari,1.75,3.6,5.0
Sassuolo,Spal,1.95,3.4,4.0
Cagliari,Inter,5.25,3.7,1.7
Empoli,Parma,2.0,3.5,3.75
Lazio,Roma,2.37,3.5,3.0
Milan,Sassuolo,1.5,4.2,7.0
Atalanta,Fiorentina,1.85,3.75,4.2
Genoa,Frosinone,1.66,3.6,5.75
Napoli,Juventus,2.3,3.2,3.2
Spal,Sampdoria,2.8,3.1,2.7
Torino,Chievo,1.44,4.33,8.0
Udinese,Bologna,2.8,3.0,2.8
Juventus,Udinese,1.36,4.75,9.5
Chievo,Milan,6.0,4.0,1.55
Parma,Genoa,2.8,3.1,2.7
Bologna,Cagliari,1.95,3.1,4.75
Fiorentina,Lazio,2.8,3.3,2.55
Frosinone,Torino,4.75,3.3,1.85
Inter,Spal,1.4,4.5,8.5
Sampdoria,Atalanta,3.5,3.4,2.15
Sassuolo,Napoli,6.0,4.0,1.57
Roma,Empoli,1.53,4.5,5.75
Cagliari,Fiorentina,3.3,3.25,2.3
Sassuolo,Sampdoria,2.4,3.2,3.1
Spal,Roma,4.33,3.6,1.83
Torino,Bologna,1.95,3.2,4.5
Atalanta,Chievo,1.22,6.0,15.0
Empoli,Frosinone,1.8,3.5,4.75
Genoa,Juventus,7.0,4.0,1.53
Lazio,Parma,1.33,5.25,9.5
Milan,Inter,2.3,3.1,3.4
Napoli,Udinese,1.22,6.5,13.0
Chievo,Cagliari,2.7,3.0,2.87
Juventus,Empoli,1.25,6.0,12.0
Sampdoria,Milan,3.25,3.1,2.37
Udinese,Genoa,2.5,3.1,3.1
Bologna,Sassuolo,2.05,3.4,3.75
Fiorentina,Torino,2.1,3.2,3.8
Frosinone,Spal,2.9,3.1,2.6
Inter,Lazio,2.25,3.3,3.3
Parma,Atalanta,5.75,4.0,1.6
Roma,Napoli,3.1,3.5,2.3
Cagliari,Juventus,5.25,3.4,1.75
Milan,Udinese,1.44,4.33,8.0
Empoli,Napoli,7.0,4.75,1.44
Frosinone,Parma,2.4,3.2,3.1
Genoa,Inter,4.0,3.25,2.05
Roma,Fiorentina,2.0,3.5,3.75
Spal,Lazio,5.0,3.75,1.72
Torino,Sampdoria,2.15,3.3,3.5
Atalanta,Bologna,1.5,4.2,7.0
Sassuolo,Chievo,1.66,3.75,5.5
Juventus,Milan,1.75,3.5,5.25
Parma,Torino,4.0,3.3,2.0
Sampdoria,Roma,2.9,3.3,2.5
Cagliari,Spal,2.15,3.2,3.6
Fiorentina,Frosinone,1.5,4.0,7.5
Inter,Atalanta,2.0,3.4,3.9
Lazio,Sassuolo,1.36,5.0,8.5
Napoli,Genoa,1.25,5.5,14.0
Udinese,Empoli,2.3,3.1,3.25
Bologna,Chievo,1.5,4.0,7.0
Milan,Lazio,2.6,3.3,2.75
Roma,Udinese,1.44,4.5,7.0
Spal,Juventus,4.0,3.2,2.05
Chievo,Napoli,11.0,5.25,1.3
Fiorentina,Bologna,1.85,3.5,4.5
Frosinone,Inter,7.0,3.75,1.57
Sampdoria,Genoa,2.4,3.1,3.2
Sassuolo,Parma,1.66,4.0,5.0
Torino,Cagliari,1.85,3.4,4.75
Atalanta,Empoli,1.33,5.25,9.0
Lazio,Udinese,1.36,5.0,8.5
Bologna,Sampdoria,2.2,3.3,3.4
Cagliari,Frosinone,1.95,3.2,4.2
Empoli,Spal,2.15,3.25,3.6
Genoa,Torino,2.75,3.0,2.87
Inter,Roma,1.8,3.6,4.5
Juventus,Fiorentina,1.4,4.5,9.0
Lazio,Chievo,1.18,7.0,17.0
Parma,Milan,5.0,3.6,1.75
Udinese,Sassuolo,2.35,3.2,3.2
Napoli,Atalanta,1.85,3.5,4.2
Bologna,Empoli,1.8,3.6,4.33
Inter,Juventus,2.37,3.4,2.9
Roma,Cagliari,1.4,4.2,8.0
Chievo,Parma,3.1,3.1,2.4
Frosinone,Napoli,10.0,4.75,1.33
Sampdoria,Lazio,3.0,3.4,2.3
Spal,Genoa,2.5,2.7,3.4
Torino,Milan,2.75,3.2,2.55
Atalanta,Udinese,1.3,5.0,11.0
Fiorentina,Sassuolo,1.72,3.5,5.0
Juventus,Torino,1.61,3.75,6.0
Chievo,Spal,3.2,3.1,2.45
Udinese,Inter,5.25,3.8,1.66
Empoli,Fiorentina,2.3,3.6,3.0
Genoa,Roma,3.75,3.6,2.0
Lazio,Atalanta,2.15,3.6,3.25
Napoli,Cagliari,1.25,6.25,11.0
Parma,Sampdoria,3.0,3.2,2.45
Sassuolo,Frosinone,1.66,3.8,5.25
Milan,Bologna,1.65,3.75,5.5
Atalanta,Genoa,1.5,4.2,7.0
Cagliari,Lazio,3.75,3.6,1.95
Fiorentina,Milan,3.0,3.3,2.37
Frosinone,Udinese,5.0,3.6,1.75
Roma,Juventus,2.5,3.5,2.75
Sampdoria,Empoli,2.37,3.6,2.87
Spal,Napoli,5.75,4.33,1.53
Torino,Sassuolo,1.53,4.5,5.75
Bologna,Parma,1.83,3.25,5.0
Inter,Chievo,1.14,8.0,19.0
Genoa,Cagliari,1.55,4.0,6.5
Sassuolo,Roma,5.75,5.0,1.45
Udinese,Spal,1.53,4.2,6.0
Chievo,Sampdoria,3.8,3.8,1.9
Empoli,Torino,2.55,3.5,2.62
Juventus,Atalanta,2.45,3.0,3.25
Milan,Frosinone,1.14,9.0,17.0
Napoli,Inter,2.45,3.5,2.75
Parma,Fiorentina,3.1,3.2,2.37
Lazio,Bologna,2.1,3.25,3.8
Bologna,Napoli,4.2,4.2,1.75
Frosinone,Chievo,2.2,3.8,3.0
Atalanta,Sassuolo,1.2,7.0,11.0
Cagliari,Udinese,2.25,3.5,3.0
Fiorentina,Genoa,2.37,2.4,4.33
Inter,Empoli,1.36,5.0,8.0
Roma,Parma,1.18,7.0,13.0
Sampdoria,Juventus,3.8,3.8,1.85
Spal,Milan,6.5,4.75,1.44
Torino,Lazio,2.15,3.75,3.0
Parma,Juventus,9.0,5.25,1.33
Fiorentina,Napoli,4.75,3.75,1.72
Udinese,Milan,3.75,3.3,2.05
Cagliari,Brescia,1.83,3.6,4.33
Roma,Genoa,1.45,4.2,8.0
Sampdoria,Lazio,3.5,3.4,2.05
Spal,Atalanta,4.75,3.75,1.72
Torino,Sassuolo,1.85,3.5,4.33
Verona,Bologna,3.4,3.2,2.25
Inter,Lecce,1.22,6.25,13.0
Bologna,Spal,1.8,3.5,4.6
Milan,Brescia,1.44,4.33,8.0
Juventus,Napoli,1.95,3.4,4.2
Lazio,Roma,2.15,3.6,3.3
Atalanta,Torino,1.57,4.0,5.75
Cagliari,Inter,5.5,3.75,1.66
Genoa,Fiorentina,2.62,3.3,2.75
Lecce,Verona,1.95,3.5,3.8
Sassuolo,Sampdoria,2.25,3.4,3.2
Udinese,Parma,2.05,3.4,3.75
Fiorentina,Juventus,4.75,3.8,1.72
Napoli,Sampdoria,1.25,6.5,10.0
Inter,Udinese,1.33,5.25,9.0
Genoa,Atalanta,3.4,3.8,2.0
Brescia,Bologna,3.0,3.3,2.4
Parma,Cagliari,2.25,3.25,3.3
Spal,Lazio,6.0,4.0,1.57
Roma,Sassuolo,1.65,4.2,4.75
Verona,Milan,5.5,3.8,1.61
Torino,Lecce,1.5,4.33,6.5
Cagliari,Genoa,2.75,3.4,2.55
Udinese,Brescia,1.9,3.5,4.2
Juventus,Verona,1.14,8.0,19.0
Milan,Inter,3.4,3.3,2.2
Sassuolo,Spal,1.95,3.3,4.2
Bologna,Roma,2.87,3.3,2.5
Lecce,Napoli,9.0,5.25,1.33
Sampdoria,Torino,2.6,3.4,2.7
Atalanta,Fiorentina,2.05,3.6,3.5
Lazio,Parma,1.3,5.5,10.0
Verona,Udinese,2.5,3.3,2.87
Brescia,Juventus,6.5,4.1,1.53
Roma,Atalanta,2.2,3.8,3.0
Fiorentina,Sampdoria,1.7,4.0,4.75
Genoa,Bologna,2.37,3.5,2.87
Inter,Lazio,2.0,3.5,3.75
Napoli,Cagliari,1.2,7.0,13.0
Parma,Sassuolo,2.5,3.5,2.75
Spal,Lecce,1.95,3.6,4.0
Torino,Milan,2.3,3.25,3.1
Juventus,Spal,1.22,6.0,13.0
Sampdoria,Inter,5.25,3.8,1.65
Sassuolo,Atalanta,3.5,3.6,2.05
Napoli,Brescia,1.25,6.0,12.0
Lazio,Genoa,1.44,4.75,7.0
Lecce,Roma,4.2,4.0,1.75
Udinese,Bologna,2.87,3.2,2.55
Cagliari,Verona,2.05,3.3,3.75
Milan,Fiorentina,2.25,3.2,3.3
Parma,Torino,3.1,3.4,2.3
Spal,Parma,2.37,3.3,3.1
Verona,Sampdoria,2.4,3.25,3.0
Genoa,Milan,3.0,3.2,2.5
Fiorentina,Udinese,1.55,4.0,6.5
Atalanta,Lecce,1.25,6.0,10.0
Bologna,Lazio,3.3,3.75,2.1
Roma,Cagliari,1.44,4.75,7.0
Torino,Napoli,4.0,3.8,1.83
Inter,Juventus,2.6,3.2,2.8
Lazio,Atalanta,2.2,3.75,3.1
Napoli,Verona,1.22,6.5,13.0
Juventus,Bologna,1.3,5.25,10.0
Sassuolo,Inter,5.25,3.6,1.72
Cagliari,Spal,2.1,3.3,3.75
Sampdoria,Roma,3.3,3.6,2.15
Udinese,Torino,2.87,3.2,2.6
Parma,Genoa,2.45,3.25,3.0
Milan,Lecce,1.4,4.75,8.0
Brescia,Fiorentina,3.75,3.4,2.05
Verona,Sassuolo,2.4,3.4,3.0
Lecce,Juventus,9.0,5.75,1.3
Inter,Parma,1.28,5.5,11.0
Genoa,Brescia,1.9,3.6,4.0
Bologna,Sampdoria,1.9,3.8,3.8
Atalanta,Udinese,1.4,5.0,7.5
Spal,Napoli,7.5,4.5,1.44
Torino,Cagliari,1.75,3.75,4.75
Roma,Milan,2.15,3.4,3.4
Fiorentina,Lazio,2.4,3.5,2.87
Parma,Verona,2.75,3.1,2.75
Brescia,Inter,6.5,4.33,1.5
Napoli,Atalanta,2.0,3.75,3.5
Cagliari,Bologna,2.7,3.3,2.62
Juventus,Genoa,1.28,5.25,12.0
Lazio,Torino,1.57,4.2,5.75
Sampdoria,Lecce,1.66,4.0,4.75
Sassuolo,Fiorentina,2.87,3.5,2.4
Udinese,Roma,4.0,3.5,1.95
Milan,Spal,1.45,4.2,8.0
Roma,Napoli,2.75,3.6,2.45
Bologna,Inter,3.75,3.6,2.0
Torino,Juventus,7.0,4.2,1.5
Atalanta,Cagliari,1.28,5.5,11.0
Genoa,Udinese,1.9,3.4,4.2
Lecce,Sassuolo,2.6,3.4,2.6
Verona,Brescia,2.15,3.3,3.5
Fiorentina,Parma,1.5,4.33,6.5
Milan,Lazio,3.1,3.2,2.37
Spal,Sampdoria,2.62,3.3,2.7
Sassuolo,Bologna,2.7,3.5,2.55
Brescia,Torino,2.8,3.3,2.55
Inter,Verona,1.33,5.25,9.5
Napoli,Genoa,1.4,5.0,7.0
Cagliari,Fiorentina,2.9,3.4,2.37
Lazio,Lecce,1.25,6.5,11.0
Sampdoria,Atalanta,4.0,3.6,1.9
Udinese,Spal,2.1,3.2,3.8
Parma,Roma,4.0,3.6,1.9
Juventus,Milan,1.4,4.75,8.0
Atalanta,Juventus,2.6,3.5,2.6
Milan,Napoli,3.2,3.4,2.25
Torino,Inter,4.5,3.6,1.83
Bologna,Parma,1.75,3.9,4.5
Roma,Brescia,1.33,5.0,9.5
Sassuolo,Lazio,4.5,4.0,1.72
Verona,Fiorentina,3.25,3.25,2.3
Sampdoria,Udinese,2.15,3.25,3.6
Lecce,Cagliari,3.3,3.5,2.15
Spal,Genoa,2.6,3.1,2.9
Brescia,Atalanta,6.5,4.5,1.5
Genoa,Torino,2.37,3.3,3.0
Fiorentina,Lecce,1.4,4.75,7.5
Juventus,Sassuolo,1.22,6.5,11.0
Inter,Spal,1.28,5.75,10.0
Lazio,Udinese,1.3,5.5,10.0
Parma,Milan,3.6,3.4,2.1
Napoli,Bologna,1.45,4.5,7.0
Verona,Roma,4.33,3.5,1.85
Cagliari,Sampdoria,2.1,3.3,3.6
Inter,Roma,1.9,3.8,3.8
Atalanta,Verona,1.33,5.25,9.0
Udinese,Napoli,5.5,3.8,1.65
Lazio,Juventus,2.9,3.3,2.4
Lecce,Genoa,2.7,3.4,2.62
Sassuolo,Cagliari,2.37,3.5,2.9
Spal,Brescia,2.05,3.4,3.8
Torino,Fiorentina,2.4,3.2,3.0
Sampdoria,Parma,2.05,3.3,3.8
Bologna,Milan,2.87,3.3,2.5
Brescia,Lecce,2.0,3.75,3.6
Napoli,Parma,1.3,5.5,10.0
Genoa,Sampdoria,2.62,3.25,2.75
Verona,Torino,2.75,3.2,2.7
Bologna,Atalanta,3.75,3.75,1.95
Juventus,Udinese,1.22,6.0,13.0
Milan,Sassuolo,1.57,4.33,5.5
Roma,Spal,1.28,5.5,11.0
Fiorentina,Inter,3.6,3.5,2.05
Cagliari,Lazio,3.8,4.0,1.85
Sampdoria,Juventus,6.0,4.2,1.55
Brescia,Sassuolo,2.4,3.5,2.87
Fiorentina,Roma,3.1,3.5,2.3
Udinese,Cagliari,2.5,3.4,2.8
Inter,Genoa,1.36,5.0,8.5
Torino,Spal,1.7,3.6,5.5
Atalanta,Milan,1.8,3.75,4.5
Lecce,Bologna,3.2,3.6,2.2
Parma,Brescia,2.05,3.4,3.7
Sassuolo,Napoli,5.0,4.2,1.65
Brescia,Lazio,5.5,4.5,1.55
Spal,Verona,2.4,3.25,3.1
Genoa,Sassuolo,2.2,3.6,3.1
Roma,Torino,1.5,4.33,6.5
Bologna,Fiorentina,2.25,3.4,3.1
Atalanta,Parma,1.28,6.0,9.0
Juventus,Cagliari,1.25,6.0,12.0
Milan,Sampdoria,1.55,3.8,6.5
Lecce,Udinese,2.7,3.4,2.6
Napoli,Inter,2.5,3.4,2.75
Cagliari,Milan,3.1,3.5,2.25
Lazio,Napoli,2.05,3.8,3.3
Inter,Atalanta,2.1,3.6,3.3
Udinese,Sassuolo,2.2,3.4,3.3
Fiorentina,Spal,1.45,4.5,7.0
Sampdoria,Brescia,1.95,3.3,4.2
Torino,Bologna,2.2,3.5,3.25
Verona,Genoa,2.2,3.3,3.4
Roma,Juventus,3.1,3.5,2.25
Parma,Lecce,1.9,3.8,3.8
Lazio,Sampdoria,1.4,4.75,8.0
Sassuolo,Torino,2.55,3.5,2.7
Napoli,Fiorentina,1.61,4.1,5.5
Milan,Udinese,1.53,4.0,7.0
Bologna,Verona,1.9,3.5,4.2
Brescia,Cagliari,2.45,3.6,2.7
Lecce,Inter,11.0,5.25,1.3
Genoa,Roma,4.2,3.4,1.95
Juventus,Parma,1.22,6.5,13.0
Atalanta,Spal,1.2,7.5,12.0
Brescia,Milan,5.0,4.0,1.66
Spal,Bologna,3.0,3.4,2.3
Fiorentina,Genoa,1.72,3.75,5.0
Torino,Atalanta,4.33,4.2,1.7
Inter,Cagliari,1.3,5.5,10.0
Parma,Udinese,2.37,3.25,3.1
Sampdoria,Sassuolo,2.2,3.4,3.3
Verona,Lecce,1.6,4.0,5.5
Roma,Lazio,2.8,3.6,2.4
Napoli,Juventus,3.6,3.6,2.05
Bologna,Brescia,1.66,4.0,5.0
Cagliari,Parma,1.85,3.75,4.0
Sassuolo,Roma,4.0,4.0,1.8
Juventus,Fiorentina,1.33,5.25,9.0
Atalanta,Genoa,1.25,6.0,12.0
Lazio,Spal,1.22,6.5,13.0
Milan,Verona,1.66,3.6,5.75
Lecce,Torino,3.2,3.5,2.2
Udinese,Inter,5.0,3.8,1.7
Sampdoria,Napoli,4.33,3.8,1.8
Lazio,Verona,1.36,5.25,8.0
Roma,Bologna,1.61,4.33,5.0
Fiorentina,Atalanta,4.2,3.8,1.83
Torino,Sampdoria,2.15,3.3,3.5
Verona,Juventus,7.5,4.0,1.5
Spal,Sassuolo,2.7,3.4,2.55
Brescia,Udinese,2.7,3.4,2.62
Genoa,Cagliari,2.37,3.5,2.9
Napoli,Lecce,1.2,6.5,13.0
Parma,Lazio,4.5,4.0,1.72
Inter,Milan,1.95,3.4,4.1
Lecce,Spal,2.2,3.5,3.2
Bologna,Genoa,1.83,3.75,4.2
Atalanta,Roma,1.75,4.2,4.0
Udinese,Verona,2.45,3.25,2.87
Juventus,Brescia,1.16,8.0,15.0
Sampdoria,Fiorentina,2.75,3.1,2.7
Sassuolo,Parma,2.0,3.5,3.75
Cagliari,Napoli,3.75,3.8,1.9
Lazio,Inter,2.3,3.5,3.0
Milan,Torino,1.6,4.0,5.75
Brescia,Napoli,6.0,4.33,1.5
Bologna,Udinese,2.05,3.4,3.7
Spal,Juventus,7.5,5.25,1.36
Fiorentina,Milan,2.7,3.3,2.62
Genoa,Lazio,5.0,3.9,1.66
Roma,Lecce,1.3,6.0,8.0
Lazio,Bologna,1.53,4.33,6.0
Napoli,Torino,1.44,4.6,7.0
Lecce,Atalanta,8.0,5.5,1.33
Cagliari,Roma,3.6,3.75,2.0
Parma,Spal,2.0,3.4,3.8
Milan,Genoa,1.66,3.8,5.25
Sampdoria,Verona,2.6,3.2,2.8
Udinese,Fiorentina,2.9,3.25,2.5
Juventus,Inter,2.25,3.3,3.3
Sassuolo,Brescia,1.75,3.75,4.5
Torino,Parma,2.2,3.25,3.5
Verona,Cagliari,1.95,3.4,4.0
Atalanta,Sassuolo,1.33,5.5,8.0
Inter,Sampdoria,1.36,4.75,9.0
Fiorentina,Brescia,1.5,4.33,6.5
Lecce,Milan,5.25,4.2,1.6
Bologna,Juventus,6.0,4.33,1.53
Spal,Cagliari,2.7,3.2,2.7
Verona,Napoli,4.1,3.5,1.9
Genoa,Parma,2.15,3.3,3.5
Torino,Udinese,2.5,3.1,3.0
Inter,Sassuolo,1.36,5.25,7.0
Atalanta,Lazio,2.1,3.8,3.2
Roma,Sampdoria,1.44,4.5,6.5
Juventus,Lecce,1.12,9.0,19.0
Brescia,Genoa,3.0,3.4,2.37
Cagliari,Torino,2.3,3.3,3.1
Lazio,Fiorentina,1.61,4.0,5.5
Milan,Roma,2.7,3.5,2.5
Napoli,Spal,1.28,6.0,10.0
Sampdoria,Bologna,2.3,3.5,3.0
Sassuolo,Verona,2.5,3.25,2.9
Udinese,Atalanta,7.0,4.5,1.44
Parma,Inter,6.5,3.8,1.57
Torino,Lazio,4.75,3.8,1.72
Genoa,Juventus,8.5,5.0,1.36
Bologna,Cagliari,2.05,3.5,3.6
Inter,Brescia,1.16,7.5,17.0
Fiorentina,Sassuolo,2.05,3.5,3.6
Lecce,Sampdoria,3.5,3.5,2.1
Spal,Milan,6.0,4.0,1.57
Verona,Parma,2.0,3.25,4.1
Atalanta,Napoli,2.1,3.6,3.3
Roma,Udinese,1.57,4.0,6.0
Juventus,Torino,1.25,6.0,12.0
Sassuolo,Lecce,1.5,4.5,6.0
Lazio,Milan,2.3,3.4,3.1
Inter,Bologna,1.5,4.2,7.0
Brescia,Verona,5.5,4.0,1.61
Cagliari,Atalanta,5.25,4.75,1.53
Parma,Fiorentina,3.1,3.3,2.37
Sampdoria,Spal,1.85,3.6,4.2
Udinese,Genoa,2.25,3.3,3.25
Napoli,Roma,2.05,3.6,3.5
Lecce,Lazio,8.0,5.25,1.36
Milan,Juventus,3.5,3.3,2.15
Fiorentina,Cagliari,1.95,3.4,4.0
Genoa,Napoli,5.75,4.0,1.55
Atalanta,Sampdoria,1.36,5.25,8.0
Bologna,Sassuolo,2.25,3.5,3.0
Roma,Parma,1.5,4.5,6.0
Torino,Brescia,1.61,3.9,5.5
Spal,Udinese,3.4,3.3,2.2
Verona,Inter,4.5,3.75,1.75
Lazio,Sassuolo,1.6,4.2,5.25
Brescia,Roma,6.0,5.0,1.44
Juventus,Atalanta,2.05,3.6,3.5
Genoa,Spal,1.66,3.8,5.25
Cagliari,Lecce,1.7,4.0,4.33
Fiorentina,Verona,2.05,3.4,3.6
Parma,Bologna,2.7,3.2,2.62
Udinese,Sampdoria,2.37,3.1,3.2
Napoli,Milan,2.05,3.5,3.5
Inter,Torino,1.45,4.5,6.5
Atalanta,Brescia,1.14,8.5,17.0
Bologna,Napoli,4.5,3.8,1.75
Milan,Parma,1.44,4.75,6.5
Sampdoria,Cagliari,1.9,3.6,3.8
Lecce,Fiorentina,3.6,3.75,1.95
Roma,Verona,1.6,4.2,5.0
Sassuolo,Juventus,5.25,4.2,1.57
Udinese,Lazio,3.6,3.6,1.95
Torino,Genoa,2.1,3.5,3.4
Spal,Inter,8.5,5.0,1.33
Verona,Atalanta,6.5,5.25,1.4
Cagliari,Sassuolo,3.25,3.75,2.1
Milan,Bologna,1.5,4.5,5.75
Parma,Sampdoria,3.0,2.9,2.62
Brescia,Spal,2.37,3.4,2.87
Fiorentina,Torino,1.95,3.2,4.2
Genoa,Lecce,1.9,3.75,3.6
Napoli,Udinese,1.5,4.33,6.0
Roma,Inter,3.0,3.6,2.2
Juventus,Lazio,1.66,4.0,4.75
Atalanta,Bologna,1.28,5.25,10.0
Sassuolo,Milan,3.5,4.0,1.9
Parma,Napoli,5.5,4.2,1.55
Inter,Fiorentina,1.45,4.5,6.5
Lecce,Brescia,1.75,4.0,4.1
Sampdoria,Genoa,2.5,3.2,2.87
Spal,Roma,8.5,5.0,1.36
Torino,Verona,2.37,3.25,3.0
Udinese,Juventus,5.25,3.75,1.65
Lazio,Cagliari,1.45,4.33,7.0
Milan,Atalanta,2.87,3.9,2.25
Brescia,Parma,3.3,3.8,2.05
Genoa,Inter,5.0,4.2,1.61
Napoli,Sassuolo,1.55,4.5,5.5
Bologna,Lecce,2.4,3.6,2.8
Cagliari,Udinese,3.75,3.5,2.0
Roma,Fiorentina,1.61,4.2,5.0
Spal,Torino,5.75,4.33,1.53
Verona,Lazio,3.4,3.6,2.05
Juventus,Sampdoria,1.25,6.0,11.0
Parma,Atalanta,8.0,5.5,1.33
Inter,Napoli,2.05,3.75,3.4
Lazio,Brescia,1.16,7.5,15.0
Sampdoria,Milan,4.75,4.0,1.66
Sassuolo,Genoa,2.4,3.4,2.9
Udinese,Lecce,2.3,3.7,2.87
Verona,Spal,1.53,4.2,5.75
Cagliari,Juventus,6.0,4.2,1.53
Fiorentina,Bologna,2.0,3.6,3.5
Torino,Roma,4.5,4.0,1.7
Brescia,Sampdoria,6.5,5.0,1.4
Atalanta,Inter,2.3,3.75,2.75
Juventus,Roma,2.7,4.2,2.2
Milan,Cagliari,1.33,5.75,7.5
Napoli,Lazio,2.8,3.8,2.3
Spal,Fiorentina,6.5,4.75,1.44
Bologna,Torino,2.15,4.0,2.9
Genoa,Verona,1.5,4.5,6.0
Lecce,Parma,1.5,4.6,5.75
Sassuolo,Udinese,1.9,4.2,3.4
Fiorentina,Torino,1.83,3.75,4.2
Verona,Roma,3.75,3.5,1.95
Parma,Napoli,5.25,4.2,1.61
Genoa,Crotone,1.9,3.6,4.0
Sassuolo,Cagliari,1.95,3.75,3.75
Juventus,Sampdoria,1.28,5.5,10.5
Milan,Bologna,1.57,4.33,5.5
Torino,Atalanta,4.75,4.4,1.61
Cagliari,Lazio,5.0,4.0,1.66
Sampdoria,Benevento,2.0,3.6,3.6
Inter,Fiorentina,1.5,4.5,6.0
Spezia,Sassuolo,4.75,4.0,1.66
Napoli,Genoa,1.3,5.5,10.0
Verona,Udinese,2.7,3.0,2.8
Crotone,Milan,6.0,4.5,1.5
Roma,Juventus,3.6,3.6,2.0
Bologna,Parma,1.95,3.6,3.6
Benevento,Inter,9.0,4.75,1.36
Udinese,Spezia,1.6,3.75,5.75
Lazio,Atalanta,2.55,3.5,2.55
Fiorentina,Sampdoria,1.61,4.0,5.25
Sassuolo,Crotone,1.4,5.0,7.0
Udinese,Roma,5.0,4.0,1.66
Atalanta,Cagliari,1.25,6.5,10.0
Benevento,Bologna,3.1,3.6,2.2
Lazio,Inter,3.1,3.7,2.2
Parma,Verona,2.87,3.1,2.62
Milan,Spezia,1.28,5.5,11.0
Napoli,Atalanta,2.5,3.8,2.55
Inter,Milan,2.3,3.5,3.0
Sampdoria,Lazio,3.3,3.5,2.15
Crotone,Juventus,6.5,4.5,1.45
Bologna,Sassuolo,2.9,3.6,2.3
Spezia,Fiorentina,5.25,4.0,1.61
Torino,Cagliari,2.1,3.5,3.4
Roma,Benevento,1.33,5.5,8.5
Sassuolo,Torino,1.66,4.33,4.5
Atalanta,Sampdoria,1.4,5.5,6.5
Genoa,Inter,7.5,4.5,1.4
Lazio,Bologna,1.65,4.0,4.75
Cagliari,Crotone,2.0,3.6,3.6
Benevento,Napoli,8.0,6.0,1.3
Parma,Spezia,2.05,3.5,3.5
Fiorentina,Udinese,1.72,3.6,4.75
Juventus,Verona,1.33,5.0,8.5
Milan,Roma,2.05,3.6,3.3
Crotone,Atalanta,6.5,4.75,1.44
Inter,Parma,1.33,5.5,8.0
Bologna,Cagliari,1.85,4.2,3.6
Udinese,Milan,4.5,3.9,1.72
Spezia,Juventus,9.0,5.25,1.33
Torino,Lazio,3.6,3.8,1.9
Napoli,Sassuolo,1.53,4.6,5.5
Roma,Fiorentina,1.75,3.8,4.2
Sampdoria,Genoa,1.9,3.6,4.0
Verona,Benevento,2.05,3.5,3.6
Genoa,Torino,2.35,3.5,2.8
Sassuolo,Udinese,2.15,3.8,3.1
Cagliari,Sampdoria,2.75,3.5,2.4
Benevento,Spezia,1.9,3.6,3.75
Parma,Fiorentina,3.4,3.6,2.0
Lazio,Juventus,3.5,3.75,1.95
Atalanta,Inter,2.6,3.9,2.35
Genoa,Roma,5.75,4.2,1.53
Torino,Crotone,1.95,3.75,3.6
Bologna,Napoli,4.75,4.2,1.65
Milan,Verona,1.45,4.5,6.5
Crotone,Lazio,4.75,4.0,1.66
Spezia,Atalanta,6.5,5.25,1.4
Juventus,Cagliari,1.28,5.5,10.0
Fiorentina,Benevento,1.5,4.75,5.5
Inter,Torino,1.33,5.75,8.0
Roma,Parma,1.5,4.75,5.75
Sampdoria,Bologna,2.5,3.5,2.7
Verona,Sassuolo,3.2,3.8,2.1
Udinese,Genoa,1.8,3.75,4.33
Napoli,Milan,2.3,3.5,3.0
Sassuolo,Inter,4.33,4.1,1.72
Benevento,Juventus,7.5,4.75,1.4
Atalanta,Verona,1.36,5.25,7.5
Lazio,Udinese,1.66,4.0,4.75
Bologna,Crotone,1.66,4.0,4.75
Milan,Fiorentina,1.7,3.8,5.0
Cagliari,Spezia,2.15,3.4,3.4
Napoli,Roma,2.1,3.8,3.1
Torino,Sampdoria,2.5,3.5,2.75
Genoa,Parma,2.62,3.5,2.62
Spezia,Lazio,5.0,3.9,1.66
Juventus,Torino,1.4,5.0,7.0
Inter,Bologna,1.45,4.75,6.5
Verona,Cagliari,1.95,3.6,3.75
Parma,Benevento,2.1,3.6,3.4
Roma,Sassuolo,1.66,4.33,4.5
Crotone,Napoli,7.5,5.25,1.36
Sampdoria,Milan,4.5,4.0,1.72
Fiorentina,Genoa,1.72,4.0,4.5
Sassuolo,Benevento,1.65,4.2,4.75
Crotone,Spezia,2.5,3.5,2.7
Torino,Udinese,2.9,3.25,2.5
Lazio,Verona,1.65,4.0,5.0
Cagliari,Inter,7.5,5.25,1.36
Atalanta,Fiorentina,1.66,4.33,4.5
Bologna,Roma,3.5,3.8,2.0
Napoli,Sampdoria,1.4,5.0,7.5
Genoa,Juventus,9.0,5.25,1.33
Milan,Parma,1.3,5.75,9.0
Udinese,Crotone,1.6,3.9,5.75
Benevento,Lazio,4.5,3.8,1.75
Juventus,Atalanta,1.85,3.9,3.9
Fiorentina,Sassuolo,2.4,3.5,2.87
Genoa,Milan,7.5,4.75,1.4
Inter,Napoli,2.2,3.5,3.2
Parma,Cagliari,2.3,3.4,3.1
Spezia,Bologna,3.1,3.5,2.2
Verona,Sampdoria,2.15,3.5,3.2
Roma,Torino,1.4,5.0,6.5
Fiorentina,Verona,2.1,3.5,3.4
Sampdoria,Crotone,1.83,3.7,4.33
Parma,Juventus,8.5,5.25,1.33
Torino,Bologna,2.6,3.5,2.6
Benevento,Genoa,2.3,3.4,3.1
Cagliari,Udinese,3.0,3.4,2.37
Inter,Spezia,1.22,6.5,12.0
Sassuolo,Milan,3.6,4.0,1.9
Atalanta,Roma,2.25,3.75,2.9
Lazio,Napoli,2.87,3.4,2.45
Crotone,Parma,2.62,3.4,2.62
Juventus,Fiorentina,1.3,5.5,9.0
Verona,Inter,6.0,4.0,1.57
Bologna,Atalanta,5.0,4.2,1.61
Milan,Lazio,2.2,3.75,3.0
Napoli,Torino,1.36,5.25,8.0
Roma,Cagliari,1.28,5.75,10.0
Sampdoria,Sassuolo,2.6,3.6,2.6
Spezia,Genoa,2.15,3.5,3.3
Udinese,Benevento,1.85,3.4,4.5
Inter,Crotone,1.2,7.0,12.0
Atalanta,Sassuolo,1.5,4.5,5.5
Cagliari,Napoli,7.0,4.33,1.45
Fiorentina,Bologna,2.1,3.4,3.4
Genoa,Lazio,5.25,4.0,1.61
Parma,Torino,2.75,3.2,2.6
Roma,Sampdoria,1.45,4.75,6.0
Spezia,Verona,2.9,3.4,2.37
Benevento,Milan,5.25,4.2,1.57
Juventus,Udinese,1.4,4.5,7.5
Cagliari,Benevento,2.4,3.4,2.87
Atalanta,Parma,1.25,6.5,10.0
Bologna,Udinese,2.6,3.3,2.62
Crotone,Roma,7.0,5.0,1.4
Lazio,Fiorentina,1.72,3.8,4.2
Sampdoria,Inter,6.0,4.2,1.5
Sassuolo,Genoa,1.75,3.6,4.75
Torino,Verona,2.5,3.3,2.75
Napoli,Spezia,1.2,7.0,15.0
Milan,Juventus,3.1,3.4,2.25
Benevento,Atalanta,7.0,4.75,1.4
Genoa,Bologna,3.0,3.4,2.35
Milan,Torino,1.61,3.9,5.5
Roma,Inter,2.87,3.6,2.37
Parma,Lazio,5.5,4.2,1.57
Udinese,Napoli,4.0,3.8,1.85
Verona,Crotone,1.75,3.75,4.6
Fiorentina,Cagliari,1.75,3.9,4.33
Juventus,Sassuolo,1.3,5.5,9.5
Spezia,Sampdoria,3.1,3.4,2.3
Lazio,Roma,2.8,3.6,2.37
Bologna,Verona,2.3,3.3,3.1
Torino,Spezia,2.0,3.5,3.75
Sampdoria,Udinese,2.9,3.3,2.5
Napoli,Fiorentina,1.53,4.33,5.75
Crotone,Benevento,2.75,3.5,2.4
Sassuolo,Parma,1.66,4.3,4.5
Atalanta,Genoa,1.2,7.0,13.0
Inter,Juventus,2.4,3.5,2.8
Cagliari,Milan,5.75,4.75,1.5
Udinese,Atalanta,4.33,3.9,1.75
Benevento,Torino,2.8,3.2,2.6
Roma,Spezia,1.44,5.0,6.2
Milan,Atalanta,2.62,3.8,2.45
Udinese,Inter,6.0,4.0,1.57
Fiorentina,Crotone,1.61,4.0,5.25
Juventus,Bologna,1.4,5.0,7.0
Genoa,Cagliari,2.25,3.5,3.1
Verona,Napoli,5.0,3.9,1.66
Lazio,Sassuolo,1.7,4.0,4.75
Parma,Sampdoria,3.0,3.4,2.4
Torino,Fiorentina,2.7,3.25,2.62
Bologna,Milan,4.0,3.8,1.85
Sampdoria,Juventus,7.0,4.5,1.45
Inter,Benevento,1.22,6.5,12.0
Spezia,Udinese,3.75,3.2,2.1
Atalanta,Lazio,1.7,4.2,4.33
Cagliari,Sassuolo,3.0,3.5,2.3
Crotone,Genoa,2.9,3.3,2.45
Napoli,Parma,1.3,5.5,10.0
Roma,Verona,1.65,3.9,5.25
Fiorentina,Inter,6.5,4.2,1.5
Atalanta,Torino,1.4,5.0,7.0
Sassuolo,Spezia,1.8,3.8,4.33
Juventus,Roma,1.72,4.0,4.33
Genoa,Napoli,5.0,3.9,1.66
Benevento,Sampdoria,3.0,3.25,2.4
Milan,Crotone,1.22,6.5,13.0
Udinese,Verona,2.3,3.1,3.3
Parma,Bologna,3.2,3.3,2.3
Lazio,Cagliari,1.36,5.0,8.0
Bologna,Benevento,1.8,3.6,4.33
Torino,Genoa,1.9,3.4,4.2
Napoli,Juventus,3.8,3.6,1.95
Spezia,Milan,6.75,4.6,1.45
Roma,Udinese,1.72,3.8,4.75
Cagliari,Atalanta,6.5,4.75,1.44
Sampdoria,Fiorentina,2.87,3.4,2.45
Crotone,Sassuolo,3.7,3.8,1.9
Inter,Lazio,1.75,3.9,4.5
Verona,Parma,2.0,3.3,4.0
Fiorentina,Spezia,2.0,3.4,3.8
Cagliari,Torino,2.87,3.3,2.45
Lazio,Sampdoria,1.61,4.2,5.0
Genoa,Verona,2.7,3.1,2.8
Sassuolo,Bologna,2.3,3.4,3.1
Parma,Udinese,3.6,3.3,2.1
Milan,Inter,3.6,3.6,2.0
Atalanta,Napoli,1.83,3.8,4.0
Benevento,Roma,5.5,4.5,1.53
Juventus,Crotone,1.16,8.0,15.0
Spezia,Parma,2.37,3.2,3.2
Bologna,Lazio,3.5,3.6,2.05
Verona,Juventus,6.0,4.2,1.53
Sampdoria,Atalanta,5.0,4.0,1.61
Crotone,Cagliari,3.3,3.6,2.1
Inter,Genoa,1.18,7.0,15.0
Udinese,Fiorentina,2.37,3.25,3.1
Napoli,Benevento,1.4,4.75,7.5
Roma,Milan,2.25,3.5,3.1
Juventus,Spezia,1.25,6.0,12.0
Sassuolo,Napoli,3.6,3.5,2.05
Atalanta,Crotone,1.16,7.5,15.0
Benevento,Verona,3.25,3.3,2.3
Cagliari,Bologna,2.5,3.25,2.87
Fiorentina,Roma,3.6,3.5,2.0
Genoa,Sampdoria,3.0,3.2,2.45
Milan,Udinese,1.8,3.6,4.5
Parma,Inter,11.0,6.0,1.25
Spezia,Benevento,2.1,3.5,3.4
Udinese,Sassuolo,2.4,3.3,2.9
Juventus,Lazio,1.85,3.75,4.0
Roma,Genoa,1.5,4.2,6.5
Crotone,Torino,3.6,3.4,2.05
Fiorentina,Parma,1.9,3.5,4.1
Verona,Milan,3.6,3.3,2.1
Sampdoria,Cagliari,2.35,3.4,3.0
Napoli,Bologna,1.53,4.2,6.0
Inter,Atalanta,2.05,3.6,3.4
Lazio,Crotone,1.25,6.5,10.0
Atalanta,Spezia,1.28,5.75,9.5
Sassuolo,Verona,2.37,3.25,3.1
Benevento,Fiorentina,3.4,3.25,2.2
Genoa,Udinese,3.2,3.0,2.45
Bologna,Sampdoria,2.25,3.4,3.2
Parma,Roma,5.5,3.75,1.65
Torino,Inter,8.0,5.0,1.36
Cagliari,Juventus,6.0,4.0,1.55
Milan,Napoli,2.55,3.3,2.8
Torino,Sassuolo,2.45,3.4,2.8
Parma,Genoa,2.55,3.1,2.9
Crotone,Bologna,3.5,3.6,2.05
Spezia,Cagliari,2.7,3.1,2.8
Verona,Atalanta,5.0,4.0,1.65
Juventus,Benevento,1.18,7.0,15.0
Sampdoria,Torino,2.37,3.3,3.0
Udinese,Lazio,3.6,3.25,2.15
Fiorentina,Milan,3.6,3.4,2.1
Roma,Napoli,2.6,3.5,2.62
Milan,Sampdoria,1.5,4.33,6.5
Atalanta,Udinese,1.4,4.5,8.0
Benevento,Parma,2.62,3.3,2.7
Cagliari,Verona,2.5,3.3,2.8
Genoa,Fiorentina,3.3,3.0,2.37
Lazio,Spezia,1.4,4.75,7.0
Napoli,Crotone,1.22,6.0,14.0
Sassuolo,Roma,4.5,4.5,1.61
Torino,Juventus,6.0,4.5,1.5
Bologna,Inter,7.5,4.5,1.44
Inter,Sassuolo,1.33,5.25,9.0
Juventus,Napoli,1.95,3.6,3.8
Spezia,Crotone,1.75,4.2,4.0
Parma,Milan,5.25,3.75,1.66
Udinese,Torino,2.4,3.3,3.0
Inter,Cagliari,1.25,6.0,12.0
Juventus,Genoa,1.25,6.0,11.0
Sampdoria,Napoli,4.75,3.75,1.72
Verona,Lazio,3.6,3.5,2.05
Roma,Bologna,1.72,4.0,4.33
Fiorentina,Atalanta,5.0,4.5,1.57
Benevento,Sassuolo,3.5,3.6,2.05
Crotone,Udinese,4.0,3.7,1.85
Sampdoria,Verona,2.6,3.3,2.75
Sassuolo,Fiorentina,2.55,3.2,2.87
Cagliari,Parma,2.2,3.6,3.1
Milan,Genoa,1.45,4.75,6.5
Atalanta,Juventus,2.4,3.6,2.8
Bologna,Spezia,2.0,3.6,3.6
Lazio,Benevento,1.36,5.0,8.0
Torino,Roma,3.3,3.6,2.1
Napoli,Inter,3.0,3.5,2.3
Verona,Fiorentina,2.55,3.25,2.8
Milan,Sassuolo,1.53,4.33,5.75
Bologna,Torino,2.4,3.4,2.87
Crotone,Sampdoria,3.6,3.75,1.95
Genoa,Benevento,2.2,3.1,3.6
Juventus,Parma,1.25,6.0,11.0
Spezia,Inter,8.0,5.0,1.36
Udinese,Cagliari,2.45,3.3,2.9
Roma,Atalanta,3.6,3.8,1.95
Napoli,Lazio,2.0,3.6,3.6
Genoa,Spezia,2.45,2.9,3.25
Parma,Crotone,1.7,4.0,4.6
Sassuolo,Sampdoria,1.95,3.75,3.6
Benevento,Udinese,3.1,3.4,2.3
Fiorentina,Juventus,5.75,4.0,1.55
Inter,Verona,1.28,5.25,11.0
Cagliari,Roma,2.45,3.8,2.55
Atalanta,Bologna,1.3,5.5,8.5
Torino,Napoli,4.75,3.75,1.72
Lazio,Milan,2.15,3.8,3.0
Verona,Spezia,2.05,3.6,3.4
Crotone,Inter,11.0,6.5,1.22
Milan,Benevento,1.33,5.25,9.0
Lazio,Genoa,1.36,5.0,8.5
Bologna,Fiorentina,3.0,3.4,2.3
Napoli,Cagliari,1.36,5.0,8.5
Sassuolo,Atalanta,6.0,5.0,1.45
Udinese,Juventus,6.5,4.75,1.45
Sampdoria,Roma,2.87,3.5,2.37
Torino,Parma,1.57,4.33,5.25
Spezia,Napoli,6.0,4.5,1.5
Udinese,Bologna,2.37,3.2,3.1
Inter,Sampdoria,1.44,4.75,6.5
Fiorentina,Lazio,4.0,3.9,1.83
Genoa,Sassuolo,3.4,3.5,2.1
Benevento,Cagliari,3.2,3.5,2.2
Parma,Atalanta,13.0,7.0,1.2
Verona,Torino,3.0,3.3,2.35
Roma,Crotone,1.36,5.25,7.5
Juventus,Milan,1.72,3.9,4.5
Napoli,Udinese,1.28,5.25,11.0
Cagliari,Fiorentina,2.45,3.1,3.1
Atalanta,Benevento,1.14,8.0,15.0
Bologna,Genoa,2.4,3.25,3.0
Inter,Roma,1.65,4.0,4.75
Lazio,Parma,1.2,6.5,13.0
Sampdoria,Spezia,2.45,3.6,2.62
Sassuolo,Juventus,4.75,4.2,1.65
Torino,Milan,3.8,3.8,1.85
Crotone,Verona,3.6,3.75,1.9
Genoa,Atalanta,13.0,6.75,1.2
Spezia,Torino,3.3,2.9,2.45
Juventus,Inter,2.2,3.6,3.1
Roma,Lazio,3.0,3.6,2.25
Fiorentina,Napoli,5.75,4.5,1.5
Benevento,Crotone,1.45,4.75,6.0
Udinese,Sampdoria,2.4,3.4,2.9
Parma,Sassuolo,5.25,4.75,1.53
Milan,Cagliari,1.4,4.75,7.5
Verona,Bologna,2.45,3.3,2.9
Lazio,Torino,2.05,3.25,3.8
Cagliari,Genoa,2.0,3.6,3.6
Crotone,Fiorentina,3.5,4.33,1.85
Sampdoria,Parma,1.75,4.2,4.0
Inter,Udinese,1.36,5.5,7.5
Atalanta,Milan,2.37,4.2,2.5
Bologna,Juventus,10.5,7.0,1.22
Napoli,Verona,1.18,7.5,13.0
Sassuolo,Lazio,1.9,4.33,3.25
Spezia,Roma,5.0,4.6,1.57
Torino,Benevento,1.75,4.33,3.9
Inter,Genoa,1.33,5.25,9.0
Verona,Sassuolo,2.62,3.3,2.62
Empoli,Lazio,4.6,4.0,1.7
Torino,Atalanta,5.5,4.33,1.55
Bologna,Salernitana,1.65,4.0,5.0
Udinese,Juventus,7.5,4.33,1.45
Napoli,Venezia,1.22,6.5,12.0
Roma,Fiorentina,1.72,3.8,4.75
Cagliari,Spezia,1.95,3.4,4.0
Sampdoria,Milan,4.0,3.6,1.9
Udinese,Venezia,1.7,3.75,5.0
Verona,Inter,5.5,4.33,1.55
Atalanta,Bologna,1.33,5.5,8.0
Lazio,Spezia,1.33,4.75,9.5
Fiorentina,Torino,2.2,3.4,3.25
Juventus,Empoli,1.22,6.5,12.0
Genoa,Napoli,6.0,4.5,1.5
Sassuolo,Sampdoria,2.0,3.6,3.6
Milan,Cagliari,1.44,4.5,7.0
Salernitana,Roma,5.5,4.33,1.55
Empoli,Venezia,1.8,3.8,4.2
Napoli,Juventus,2.4,3.6,2.8
Atalanta,Fiorentina,1.55,4.33,5.5
Sampdoria,Inter,5.0,4.0,1.61
Cagliari,Genoa,2.0,3.5,3.75
Spezia,Udinese,3.2,3.4,2.3
Torino,Salernitana,1.57,4.2,5.75
Milan,Lazio,2.2,3.6,3.1
Roma,Sassuolo,1.57,4.75,5.0
Bologna,Verona,2.1,3.7,3.2
Sassuolo,Torino,1.72,4.0,4.33
Genoa,Fiorentina,3.3,3.3,2.25
Inter,Bologna,1.36,5.0,8.5
Salernitana,Atalanta,10.0,5.5,1.3
Empoli,Sampdoria,2.55,3.6,2.6
Venezia,Spezia,2.45,3.4,2.9
Lazio,Cagliari,1.44,4.75,7.0
Verona,Roma,4.0,3.8,1.83
Juventus,Milan,2.1,3.4,3.5
Udinese,Napoli,4.5,3.6,1.83
Bologna,Genoa,1.95,3.5,3.75
Atalanta,Sassuolo,1.5,4.75,6.0
Fiorentina,Inter,3.75,3.6,1.9
Salernitana,Verona,3.5,3.4,2.05
Spezia,Juventus,8.0,5.5,1.33
Cagliari,Empoli,2.0,3.75,3.4
Milan,Venezia,1.25,6.0,12.0
Sampdoria,Napoli,4.2,3.6,1.83
Torino,Lazio,3.25,3.5,2.15
Roma,Udinese,1.55,4.2,5.5
Spezia,Milan,7.0,4.5,1.45
Inter,Atalanta,1.9,3.75,3.8
Genoa,Verona,2.75,3.25,2.62
Juventus,Sampdoria,1.3,5.75,9.0
Empoli,Bologna,2.6,3.75,2.5
Sassuolo,Salernitana,1.4,5.0,7.5
Udinese,Fiorentina,3.1,3.4,2.3
Lazio,Roma,2.62,3.5,2.6
Napoli,Cagliari,1.25,6.0,11.0
Venezia,Torino,3.6,3.5,2.05
Cagliari,Venezia,1.85,3.5,4.33
Salernitana,Genoa,2.87,3.3,2.45
Torino,Juventus,4.5,3.5,1.8
Sassuolo,Inter,4.33,4.2,1.7
Bologna,Lazio,3.1,3.6,2.2
Sampdoria,Udinese,2.1,3.5,3.5
Verona,Spezia,1.65,4.0,5.25
Fiorentina,Napoli,3.9,3.5,1.95
Roma,Empoli,1.4,5.0,7.0
Atalanta,Milan,2.05,3.75,3.4
Spezia,Salernitana,2.1,3.4,3.5
Lazio,Inter,3.3,3.5,2.15
Milan,Verona,1.55,4.2,5.75
Cagliari,Sampdoria,2.55,3.4,2.75
Empoli,Atalanta,5.75,4.33,1.55
Genoa,Sassuolo,3.1,3.5,2.25
Udinese,Bologna,2.25,3.4,3.2
Napoli,Torino,1.4,4.5,8.5
Juventus,Roma,1.85,3.8,4.0
Venezia,Fiorentina,4.2,3.75,1.83
Torino,Genoa,1.7,3.7,5.0
Sampdoria,Spezia,1.8,3.8,4.2
Salernitana,Empoli,2.7,3.4,2.62
Sassuolo,Venezia,1.57,4.2,5.5
Bologna,Milan,3.35,3.6,2.1
Atalanta,Udinese,1.4,5.0,7.5
Fiorentina,Cagliari,1.65,4.0,5.25
Verona,Lazio,3.1,3.6,2.2
Roma,Napoli,2.87,3.5,2.4
Inter,Juventus,2.05,3.6,3.4
Spezia,Genoa,2.3,3.5,3.0
Venezia,Salernitana,1.95,3.4,4.0
Milan,Torino,1.6,4.0,5.5
Juventus,Sassuolo,1.44,4.75,6.5
Sampdoria,Atalanta,4.33,4.2,1.72
Udinese,Verona,2.4,3.4,2.9
Cagliari,Roma,5.0,4.2,1.61
Empoli,Inter,5.75,4.75,1.5
Lazio,Fiorentina,1.95,3.6,3.75
Napoli,Bologna,1.3,5.5,9.5
Atalanta,Lazio,1.9,3.8,3.8
Verona,Juventus,4.0,3.8,1.85
Torino,Sampdoria,1.9,3.75,3.8
Inter,Udinese,1.36,5.0,8.5
Fiorentina,Spezia,1.53,4.5,5.75
Genoa,Venezia,2.05,3.4,3.75
Sassuolo,Empoli,1.75,4.1,4.2
Salernitana,Napoli,10.0,5.5,1.3
Roma,Milan,2.3,3.5,3.0
Bologna,Cagliari,1.8,3.6,4.5
Empoli,Genoa,2.1,3.75,3.2
Spezia,Torino,3.6,3.6,2.0
Juventus,Fiorentina,1.57,4.2,5.5
Cagliari,Atalanta,6.0,4.5,1.5
Venezia,Roma,5.75,4.5,1.53
Sampdoria,Bologna,2.37,3.6,2.87
Udinese,Sassuolo,2.4,3.5,2.8
Lazio,Salernitana,1.3,5.5,9.5
Napoli,Verona,1.36,5.0,8.0
Milan,Inter,3.25,3.5,2.15
Atalanta,Spezia,1.25,6.5,9.5
Lazio,Juventus,3.0,3.4,2.35
Fiorentina,Milan,3.1,3.5,2.25
Sassuolo,Cagliari,1.6,4.2,5.25
Bologna,Venezia,1.61,4.0,5.5
Salernitana,Sampdoria,3.1,3.25,2.37
Inter,Napoli,2.2,3.5,3.25
Genoa,Roma,4.75,3.9,1.7
Verona,Empoli,1.7,4.0,4.5
Torino,Udinese,2.05,3.4,3.7
Cagliari,Salernitana,1.83,3.6,4.33
Empoli,Fiorentina,3.4,3.4,2.15
Sampdoria,Verona,2.9,3.5,2.37
Juventus,Atalanta,2.2,3.5,3.25
Venezia,Inter,8.0,5.0,1.36
Udinese,Genoa,1.75,3.6,4.75
Milan,Sassuolo,1.53,4.5,5.5
Spezia,Bologna,3.0,3.5,2.3
Roma,Torino,1.72,4.0,4.5
Napoli,Lazio,1.8,3.8,4.33
Atalanta,Venezia,1.22,6.0,12.0
Fiorentina,Sampdoria,1.7,3.8,5.0
Salernitana,Juventus,9.5,5.5,1.3
Verona,Cagliari,1.61,4.0,5.25
Bologna,Roma,3.1,3.6,2.2
Inter,Spezia,1.18,7.5,13.0
Genoa,Milan,5.0,4.0,1.66
Sassuolo,Napoli,4.0,3.9,1.8
Torino,Empoli,1.72,3.8,4.75
Lazio,Udinese,1.66,3.8,5.25
Milan,Salernitana,1.18,7.0,15.0
Roma,Inter,3.8,3.8,1.9
Napoli,Atalanta,2.45,3.5,2.8
Bologna,Fiorentina,2.87,3.3,2.5
Spezia,Sassuolo,3.3,3.75,2.05
Venezia,Verona,3.6,3.5,2.0
Sampdoria,Lazio,3.5,3.6,2.05
Juventus,Genoa,1.25,6.0,12.0
Empoli,Udinese,2.6,3.25,2.8
Cagliari,Torino,3.5,3.2,2.25
Genoa,Sampdoria,3.2,3.3,2.25
Fiorentina,Salernitana,1.3,5.5,9.5
Venezia,Juventus,9.0,4.75,1.36
Udinese,Milan,4.2,3.5,1.9
Torino,Bologna,2.2,3.25,3.5
Verona,Atalanta,3.8,3.8,1.9
Napoli,Empoli,1.33,5.0,10.0
Sassuolo,Lazio,2.7,3.5,2.5
Inter,Cagliari,1.16,8.0,15.0
Roma,Spezia,1.4,5.0,7.5
Lazio,Genoa,1.53,4.33,6.0
Salernitana,Inter,15.0,8.0,1.16
Atalanta,Roma,1.7,4.33,4.33
Bologna,Juventus,4.1,3.7,1.83
Cagliari,Udinese,3.0,3.25,2.4
Fiorentina,Sassuolo,1.85,3.8,3.9
Spezia,Empoli,2.62,3.75,2.45
Sampdoria,Venezia,1.8,3.8,4.33
Torino,Verona,2.2,3.4,3.3
Milan,Napoli,2.25,3.5,3.1
Genoa,Atalanta,7.5,5.25,1.36
Juventus,Cagliari,1.18,6.5,17.0
Sassuolo,Bologna,2.0,3.6,3.6
Venezia,Lazio,4.2,3.6,1.85
Inter,Torino,1.3,5.5,10.0
Roma,Sampdoria,1.55,4.33,5.5
Verona,Fiorentina,2.9,3.5,2.37
Empoli,Milan,4.5,3.9,1.75
Napoli,Spezia,1.22,6.5,12.0
Sampdoria,Cagliari,1.85,3.75,4.0
Lazio,Empoli,1.6,4.4,5.0
Spezia,Verona,3.5,3.5,2.05
Sassuolo,Genoa,1.57,4.33,5.25
Milan,Roma,1.9,3.7,3.8
Juventus,Napoli,1.9,3.6,4.0
Empoli,Sassuolo,2.5,3.8,2.55
Venezia,Milan,6.0,4.0,1.57
Napoli,Sampdoria,1.4,5.0,7.5
Udinese,Atalanta,3.5,3.6,2.05
Genoa,Spezia,2.1,3.3,3.6
Roma,Juventus,3.3,3.5,2.15
Inter,Lazio,1.4,5.0,7.0
Verona,Salernitana,1.36,5.0,8.0
Cagliari,Bologna,2.75,3.3,2.55
Sampdoria,Torino,3.0,3.2,2.45
Salernitana,Lazio,7.0,4.5,1.45
Juventus,Udinese,1.4,4.75,7.5
Sassuolo,Verona,2.2,3.5,3.2
Venezia,Empoli,2.62,3.5,2.55
Roma,Cagliari,1.36,5.0,8.5
Atalanta,Inter,2.87,3.75,2.3
Bologna,Napoli,4.0,3.4,1.95
Milan,Spezia,1.33,5.0,9.5
Fiorentina,Genoa,1.45,4.2,7.5
Verona,Bologna,1.95,3.6,3.8
Genoa,Udinese,3.5,3.3,2.15
Inter,Venezia,1.1,9.5,21.0
Lazio,Atalanta,3.2,3.5,2.2
Cagliari,Fiorentina,5.25,4.1,1.61
Napoli,Salernitana,1.14,8.0,17.0
Spezia,Sampdoria,2.7,3.3,2.62
Torino,Sassuolo,2.1,3.6,3.3
Empoli,Roma,4.0,4.2,1.8
Milan,Juventus,2.62,3.3,2.7
Roma,Genoa,1.36,5.5,7.5
Inter,Milan,1.8,3.75,4.5
Fiorentina,Lazio,2.37,3.5,2.9
Atalanta,Cagliari,1.25,6.5,11.0
Bologna,Empoli,2.0,3.6,3.6
Sampdoria,Sassuolo,2.8,3.8,2.3
Venezia,Napoli,7.5,4.75,1.4
Udinese,Torino,3.1,3.3,2.37
Juventus,Verona,1.53,4.33,6.0
Salernitana,Spezia,2.87,3.4,2.5
Lazio,Bologna,1.7,4.0,4.75
Napoli,Inter,2.75,3.4,2.55
Torino,Venezia,1.5,4.2,7.0
Milan,Sampdoria,1.4,4.75,7.5
Empoli,Cagliari,1.95,3.8,3.6
Genoa,Salernitana,1.83,3.75,4.33
Verona,Udinese,1.83,3.6,4.2
Sassuolo,Roma,3.4,3.9,2.0
Atalanta,Juventus,2.8,3.5,2.37
Spezia,Fiorentina,3.75,3.6,1.95
Juventus,Torino,1.57,3.75,6.5
Sampdoria,Empoli,2.2,3.4,3.2
Roma,Verona,1.95,3.75,3.6
Salernitana,Milan,9.0,5.0,1.36
Fiorentina,Atalanta,2.6,3.3,2.7
Venezia,Genoa,2.5,3.2,2.9
Inter,Sassuolo,1.28,6.0,9.0
Udinese,Lazio,2.9,3.3,2.45
Cagliari,Napoli,6.5,4.33,1.5
Bologna,Spezia,1.8,3.8,4.33
Milan,Udinese,1.5,4.0,7.0
Genoa,Inter,9.0,5.25,1.33
Salernitana,Bologna,3.5,3.4,2.15
Empoli,Juventus,5.0,4.0,1.65
Sassuolo,Fiorentina,2.7,3.6,2.45
Torino,Cagliari,1.65,3.8,5.5
Verona,Venezia,1.53,4.0,6.0
Spezia,Roma,4.5,3.6,1.8
Lazio,Napoli,2.75,3.4,2.5
Atalanta,Sampdoria,1.44,5.0,6.5
Inter,Salernitana,1.14,7.5,19.0
Udinese,Sampdoria,1.9,3.4,4.33
Roma,Atalanta,2.55,3.4,2.7
Cagliari,Lazio,3.6,3.2,2.1
Genoa,Empoli,2.5,3.2,2.87
Bologna,Torino,2.8,3.2,2.5
Fiorentina,Verona,1.95,3.5,3.6
Venezia,Sassuolo,3.25,3.4,2.2
Juventus,Spezia,1.22,6.25,13.0
Napoli,Milan,2.05,3.3,3.6
Salernitana,Sassuolo,3.8,4.2,1.8
Spezia,Cagliari,2.62,3.3,2.62
Sampdoria,Juventus,5.5,3.75,1.65
Milan,Empoli,1.36,5.25,7.5
Fiorentina,Bologna,1.61,4.0,5.5
Verona,Napoli,3.25,3.6,2.15
Atalanta,Genoa,1.33,5.25,9.0
Udinese,Roma,3.1,3.5,2.25
Torino,Inter,5.5,3.6,1.66
Lazio,Venezia,1.33,5.5,8.5
Sassuolo,Spezia,1.66,4.2,4.75
Genoa,Torino,3.2,3.1,2.4
Napoli,Udinese,1.44,4.5,7.0
Inter,Fiorentina,1.5,4.5,6.5
Cagliari,Milan,5.25,4.0,1.6
Venezia,Sampdoria,2.62,3.3,2.7
Empoli,Verona,2.62,3.5,2.55
Juventus,Salernitana,1.2,7.0,13.0
Roma,Lazio,2.55,3.4,2.75
Bologna,Atalanta,4.5,3.6,1.8
Spezia,Venezia,2.1,3.4,3.5
Lazio,Sassuolo,1.72,4.2,4.2
Salernitana,Torino,4.0,3.6,1.9
Fiorentina,Empoli,1.55,4.33,5.5
Atalanta,Napoli,2.4,3.3,3.0
Udinese,Cagliari,1.8,3.5,4.75
Sampdoria,Roma,4.0,3.8,1.85
Juventus,Inter,2.8,3.4,2.5
Verona,Genoa,1.83,3.4,4.75
Milan,Bologna,1.4,4.5,8.5
Empoli,Spezia,2.0,3.5,3.8
Inter,Verona,1.36,5.25,8.0
Cagliari,Juventus,6.0,4.0,1.6
Genoa,Lazio,4.2,3.5,1.9
Napoli,Fiorentina,1.75,3.8,4.5
Sassuolo,Atalanta,3.3,3.75,2.1
Venezia,Udinese,3.5,3.3,2.15
Roma,Salernitana,1.28,5.75,11.0
Torino,Milan,4.2,3.5,1.9
Bologna,Sampdoria,2.1,3.5,3.5
Spezia,Inter,9.5,5.5,1.3
Milan,Genoa,1.33,5.0,11.0
Cagliari,Sassuolo,2.87,3.6,2.37
Sampdoria,Salernitana,1.83,3.75,4.2
Udinese,Empoli,1.8,3.75,4.5
Fiorentina,Venezia,1.36,5.0,8.5
Juventus,Bologna,1.33,5.0,10.0
Lazio,Torino,1.65,3.8,5.5
Napoli,Roma,1.9,3.6,4.0
Atalanta,Verona,1.65,4.1,5.0
Udinese,Salernitana,1.5,4.5,6.0
Torino,Spezia,1.66,3.6,5.5
Venezia,Atalanta,6.5,4.33,1.5
Inter,Roma,1.61,4.0,5.5
Verona,Sampdoria,1.75,3.75,4.6
Salernitana,Fiorentina,5.5,3.8,1.66
Bologna,Udinese,2.8,3.25,2.6
Empoli,Napoli,5.5,4.0,1.6
Genoa,Cagliari,2.2,3.25,3.5
Lazio,Milan,2.9,3.4,2.45
Sassuolo,Juventus,4.2,3.9,1.8
Fiorentina,Udinese,1.7,4.0,4.75
Atalanta,Torino,1.6,4.0,5.75
Bologna,Inter,7.0,5.0,1.4
Cagliari,Verona,2.45,3.6,2.75
Napoli,Sassuolo,1.45,4.75,6.5
Sampdoria,Genoa,2.75,3.25,2.62
Spezia,Lazio,5.5,3.75,1.65
Juventus,Venezia,1.2,6.5,15.0
Empoli,Torino,2.7,3.4,2.55
Milan,Fiorentina,1.61,4.0,5.5
Udinese,Inter,6.0,4.2,1.55
Roma,Bologna,1.5,4.5,6.0
Atalanta,Salernitana,1.25,6.5,9.5
Salernitana,Venezia,1.75,3.6,4.5
Inter,Empoli,1.14,9.0,15.0
Genoa,Juventus,3.75,3.3,2.05
Torino,Napoli,3.6,3.5,2.05
Sassuolo,Udinese,2.3,3.6,2.87
Lazio,Sampdoria,1.44,4.75,6.5
Spezia,Atalanta,6.5,4.75,1.45
Venezia,Bologna,2.87,3.5,2.35
Salernitana,Cagliari,2.37,3.4,3.0
Verona,Milan,4.33,4.2,1.7
Fiorentina,Roma,2.37,3.3,3.0
Empoli,Salernitana,3.1,3.75,2.1
Udinese,Spezia,1.83,3.9,4.0
Verona,Torino,2.3,3.5,3.0
Roma,Venezia,1.25,6.5,11.0
Bologna,Sassuolo,2.4,3.8,2.62
Napoli,Genoa,1.8,4.0,3.8
Milan,Atalanta,1.75,4.2,4.2
Cagliari,Inter,7.0,5.25,1.4
Sampdoria,Fiorentina,3.75,3.8,1.9
Juventus,Lazio,2.25,3.6,2.9
Torino,Roma,3.3,3.6,2.1
Genoa,Bologna,2.25,3.6,3.0
Atalanta,Empoli,1.22,7.0,11.0
Fiorentina,Juventus,1.8,3.8,4.2
Lazio,Verona,1.75,4.0,4.33
Spezia,Napoli,5.75,4.5,1.53
Inter,Sampdoria,1.14,8.0,19.0
Sassuolo,Milan,6.5,4.75,1.45
Salernitana,Udinese,1.7,4.0,4.75
Venezia,Cagliari,4.5,3.8,1.72
Milan,Udinese,1.44,4.75,7.0
Sampdoria,Atalanta,4.33,3.9,1.75
Lecce,Inter,10.0,5.75,1.28
Monza,Torino,2.6,3.3,2.75
Fiorentina,Cremonese,1.36,5.0,8.5
Lazio,Bologna,1.57,4.33,5.75
Salernitana,Roma,6.5,4.75,1.44
Spezia,Empoli,2.45,3.3,2.9
Verona,Napoli,3.5,3.5,2.05
Juventus,Sassuolo,1.44,4.75,7.0
Torino,Lazio,3.0,3.5,2.3
Udinese,Salernitana,1.75,3.8,4.5
Inter,Spezia,1.16,8.0,15.0
Sassuolo,Lecce,1.75,4.0,4.2
Empoli,Fiorentina,3.75,3.8,1.9
Napoli,Monza,1.33,5.5,8.0
Atalanta,Milan,2.75,3.5,2.5
Bologna,Verona,2.15,3.5,3.3
Roma,Cremonese,1.25,6.5,11.0
Sampdoria,Juventus,5.75,4.0,1.6
Monza,Udinese,3.1,3.4,2.3
Lazio,Inter,4.0,3.8,1.83
Cremonese,Torino,3.2,3.4,2.25
Juventus,Roma,2.3,3.3,3.1
Milan,Bologna,1.33,5.5,8.5
Spezia,Sassuolo,3.0,3.6,2.25
Salernitana,Sampdoria,2.45,3.2,3.0
Verona,Atalanta,4.2,4.0,1.75
Fiorentina,Napoli,3.25,3.6,2.15
Lecce,Empoli,2.3,3.5,3.0
Sassuolo,Milan,5.25,4.33,1.57
Inter,Cremonese,1.14,8.0,21.0
Roma,Monza,1.3,5.5,10.0
Empoli,Verona,2.62,3.3,2.7
Sampdoria,Lazio,4.2,3.6,1.85
Udinese,Fiorentina,2.7,3.5,2.5
Juventus,Spezia,1.28,5.75,12.0
Napoli,Lecce,1.25,6.25,11.0
Atalanta,Torino,1.72,3.75,5.25
Bologna,Salernitana,1.85,3.6,4.33
Fiorentina,Juventus,3.0,3.25,2.4
Milan,Inter,2.8,3.25,2.6
Lazio,Napoli,2.9,3.5,2.37
Cremonese,Sassuolo,3.0,3.5,2.25
Spezia,Bologna,3.0,3.3,2.37
Verona,Sampdoria,2.05,3.6,3.6
Udinese,Roma,4.2,3.75,1.85
Monza,Atalanta,5.75,4.2,1.57
Salernitana,Empoli,2.25,3.4,3.2
Torino,Lecce,1.7,3.75,5.25
Napoli,Spezia,1.25,6.0,11.0
Inter,Torino,1.45,4.75,7.0
Sampdoria,Milan,6.0,4.5,1.5
Atalanta,Cremonese,1.3,5.5,9.5
Bologna,Fiorentina,2.9,3.4,2.45
Lecce,Monza,2.25,3.4,3.2
Sassuolo,Udinese,2.7,3.5,2.55
Lazio,Verona,1.57,4.2,5.5
Juventus,Salernitana,1.4,4.5,8.5
Empoli,Roma,5.0,3.8,1.7
Salernitana,Lecce,2.25,3.3,3.3
Bologna,Empoli,2.1,3.5,3.4
Spezia,Sampdoria,2.7,3.25,2.7
Torino,Sassuolo,1.8,3.75,4.5
Udinese,Inter,3.8,3.6,1.95
Cremonese,Lazio,4.33,3.75,1.8
Fiorentina,Verona,1.75,3.8,4.5
Monza,Juventus,4.5,3.6,1.8
Roma,Atalanta,2.05,3.5,3.5
Milan,Napoli,2.15,3.5,3.3
Napoli,Torino,1.6,4.0,5.75
Inter,Roma,2.0,3.5,3.75
Empoli,Milan,5.5,4.0,1.6
Lazio,Spezia,1.4,5.0,7.5
Lecce,Cremonese,2.05,3.4,3.75
Sampdoria,Monza,2.25,3.4,3.2
Sassuolo,Salernitana,2.0,3.75,3.5
Atalanta,Fiorentina,1.95,3.5,4.0
Juventus,Bologna,1.5,4.33,6.5
Verona,Udinese,3.25,3.4,2.2
Sassuolo,Inter,4.33,4.2,1.7
Milan,Juventus,2.05,3.4,3.6
Bologna,Sampdoria,2.05,3.5,3.6
Torino,Empoli,1.72,3.6,5.0
Monza,Spezia,1.9,3.6,4.0
Salernitana,Verona,2.4,3.4,2.87
Udinese,Atalanta,2.5,3.4,2.75
Cremonese,Napoli,7.0,4.5,1.45
Roma,Lecce,1.33,5.25,8.5
Fiorentina,Lazio,2.4,3.5,2.8
Empoli,Monza,2.55,3.3,2.8
Torino,Juventus,3.0,3.1,2.5
Atalanta,Sassuolo,1.65,4.0,5.0
Inter,Salernitana,1.3,5.75,9.0
Lazio,Udinese,2.2,3.5,3.25
Spezia,Cremonese,2.45,3.2,3.1
Napoli,Bologna,1.25,6.0,11.0
Verona,Milan,6.0,4.0,1.57
Sampdoria,Roma,4.75,3.75,1.72
Lecce,Fiorentina,3.75,3.4,2.05
Juventus,Empoli,1.4,5.0,7.0
Salernitana,Spezia,2.0,3.5,3.8
Milan,Monza,1.4,5.0,7.5
Fiorentina,Inter,3.6,3.5,2.05
Udinese,Torino,2.0,3.3,4.0
Bologna,Lecce,2.15,3.2,3.75
Atalanta,Lazio,1.95,3.5,4.0
Roma,Napoli,2.87,3.5,2.4
Cremonese,Sampdoria,2.4,3.3,3.0
Sassuolo,Verona,1.95,3.5,4.0
Napoli,Sassuolo,1.28,6.0,8.5
Lecce,Juventus,4.33,3.3,1.9
Inter,Sampdoria,1.25,6.0,12.0
Empoli,Atalanta,4.33,3.8,1.8
Cremonese,Udinese,4.0,3.8,1.85
Spezia,Fiorentina,4.0,3.6,1.9
Lazio,Salernitana,1.5,4.5,6.5
Torino,Milan,3.75,3.3,2.1
Verona,Roma,4.33,3.6,1.83
Monza,Bologna,2.2,3.3,3.4
Udinese,Lecce,1.61,3.9,5.5
Empoli,Sassuolo,2.8,3.4,2.45
Salernitana,Cremonese,2.15,3.6,3.3
Atalanta,Napoli,3.3,3.6,2.15
Milan,Spezia,1.22,6.0,13.0
Bologna,Torino,3.0,3.1,2.5
Monza,Verona,2.2,3.4,3.3
Sampdoria,Fiorentina,4.2,3.4,1.9
Roma,Lazio,2.0,3.5,3.8
Juventus,Inter,3.1,3.4,2.37
Napoli,Empoli,1.25,6.5,9.5
Spezia,Udinese,4.0,3.5,1.9
Cremonese,Milan,6.0,4.2,1.55
Lecce,Atalanta,4.75,3.5,1.8
Sassuolo,Roma,3.4,3.6,2.1
Fiorentina,Salernitana,1.53,4.2,6.25
Inter,Bologna,1.28,5.75,10.0
Torino,Sampdoria,1.61,3.8,5.75
Verona,Juventus,5.0,3.8,1.66
Lazio,Monza,1.61,4.2,5.0
Empoli,Cremonese,2.5,3.4,2.8
Napoli,Udinese,1.5,4.75,5.75
Sampdoria,Lecce,2.62,3.0,3.0
Bologna,Sassuolo,2.3,3.5,3.0
Atalanta,Inter,3.1,3.75,2.2
Monza,Salernitana,2.15,3.25,3.6
Roma,Torino,1.9,3.4,4.33
Verona,Spezia,2.1,3.4,3.6
Milan,Fiorentina,1.7,3.8,5.0
Juventus,Lazio,1.95,3.5,4.0
Salernitana,Milan,7.0,4.33,1.45
Sassuolo,Sampdoria,1.73,3.75,4.75
Spezia,Atalanta,4.75,3.8,1.67
Torino,Verona,1.83,3.4,4.5
Lecce,Lazio,3.6,3.3,2.05
Roma,Bologna,1.6,3.8,5.5
Cremonese,Juventus,4.75,3.8,1.67
Fiorentina,Monza,1.7,3.8,4.75
Inter,Napoli,2.25,3.4,3.1
Udinese,Empoli,1.6,4.2,5.75
Fiorentina,Sassuolo,1.7,3.8,5.0
Juventus,Udinese,1.75,3.8,4.5
Monza,Inter,5.75,4.33,1.55
Salernitana,Torino,3.7,3.2,2.15
Lazio,Empoli,1.53,4.2,6.0
Spezia,Lecce,2.6,3.1,2.9
Sampdoria,Napoli,8.0,4.75,1.4
Milan,Roma,1.83,3.6,4.33
Verona,Cremonese,2.05,3.3,3.8
Bologna,Atalanta,3.4,3.4,2.15
Napoli,Juventus,1.91,3.5,4.0
Cremonese,Monza,2.8,3.3,2.55
Lecce,Milan,5.75,3.8,1.62
Inter,Verona,1.3,5.5,9.5
Sassuolo,Lazio,3.2,3.5,2.2
Torino,Spezia,1.62,3.8,5.5
Udinese,Bologna,1.91,3.4,4.2
Atalanta,Salernitana,1.4,5.0,7.0
Roma,Fiorentina,1.95,3.5,4.0
Empoli,Sampdoria,2.2,3.2,3.5
Verona,Lecce,2.38,3.1,3.2
Salernitana,Napoli,9.5,5.75,1.29
Fiorentina,Torino,2.1,3.3,3.6
Sampdoria,Udinese,3.6,3.25,2.15
Monza,Sassuolo,2.2,3.4,3.3
Spezia,Roma,4.75,3.5,1.83
Juventus,Atalanta,2.1,3.4,3.5
Bologna,Cremonese,1.91,3.4,4.33
Inter,Empoli,1.29,6.0,9.5
Lazio,Milan,3.2,3.4,2.25
Bologna,Spezia,1.85,3.4,4.5
Lecce,Salernitana,1.8,3.4,4.75
Empoli,Torino,3.25,3.1,2.4
Cremonese,Inter,6.5,4.33,1.5
Atalanta,Sampdoria,1.33,5.25,9.0
Milan,Sassuolo,1.5,4.5,6.5
Juventus,Monza,1.55,4.0,6.5
Lazio,Fiorentina,2.1,3.4,3.6
Napoli,Roma,1.73,3.6,5.25
Udinese,Verona,1.8,3.75,4.33
Cremonese,Lecce,2.63,3.1,2.8
Roma,Empoli,1.5,4.2,6.5
Sassuolo,Atalanta,3.75,3.6,1.91
Spezia,Napoli,8.0,5.25,1.36
Torino,Udinese,2.25,3.25,3.3
Fiorentina,Bologna,1.83,3.5,4.5
Inter,Milan,1.95,3.5,4.0
Verona,Lazio,3.6,3.6,2.0
Monza,Sampdoria,1.8,3.5,4.75
Salernitana,Juventus,7.0,4.2,1.5
Milan,Torino,1.8,3.5,4.75
Empoli,Spezia,2.0,3.5,3.75
Lecce,Roma,4.33,3.25,1.95
Lazio,Atalanta,2.38,3.4,3.0
Udinese,Sassuolo,2.0,3.6,3.6
Bologna,Monza,2.2,3.2,3.5
Juventus,Fiorentina,1.83,3.5,4.5
Napoli,Cremonese,1.18,7.5,13.0
Verona,Salernitana,1.85,3.4,4.5
Sampdoria,Inter,7.0,4.5,1.44
Sassuolo,Napoli,5.0,4.0,1.6
Sampdoria,Bologna,3.25,3.1,2.38
Monza,Milan,3.75,3.3,2.1
Inter,Udinese,1.53,4.2,6.0
Atalanta,Lecce,1.5,4.0,7.0
Fiorentina,Empoli,1.6,4.0,5.75
Salernitana,Lazio,5.5,3.75,1.7
Spezia,Juventus,6.0,3.75,1.62
Roma,Verona,1.65,3.6,5.75
Torino,Cremonese,1.65,3.8,5.25
Empoli,Napoli,7.0,4.75,1.44
Lecce,Sassuolo,2.45,3.25,2.9
Bologna,Inter,5.5,3.75,1.7
Salernitana,Monza,3.6,3.3,2.05
Udinese,Spezia,1.62,3.8,5.75
Milan,Atalanta,2.15,3.4,3.4
Verona,Fiorentina,3.25,3.25,2.25
Lazio,Sampdoria,1.44,4.33,8.0
Cremonese,Roma,5.25,3.4,1.75
Juventus,Torino,1.73,3.4,5.5
Napoli,Lazio,1.65,3.8,5.25
Monza,Empoli,2.1,3.25,3.8
Atalanta,Udinese,1.62,4.0,5.5
Fiorentina,Milan,2.8,3.3,2.55
Spezia,Verona,2.7,3.1,2.8
Sampdoria,Salernitana,2.3,3.25,3.2
Inter,Lecce,1.36,4.75,9.5
Roma,Juventus,2.7,3.0,2.88
Sassuolo,Cremonese,1.8,3.6,4.5
Torino,Bologna,2.4,2.9,3.4
Spezia,Inter,8.0,4.6,1.4
Empoli,Udinese,3.0,3.25,2.4
Napoli,Atalanta,1.67,4.0,5.0
Bologna,Lazio,3.1,3.1,2.38
Lecce,Torino,3.0,3.0,2.63
Cremonese,Fiorentina,4.33,3.6,1.85
Verona,Monza,2.5,3.2,2.9
Roma,Sassuolo,1.67,3.6,5.5
Juventus,Sampdoria,1.33,4.75,10.0
Milan,Salernitana,1.25,6.0,11.0
Sassuolo,Spezia,1.7,3.75,4.5
Atalanta,Empoli,1.4,4.5,7.5
Monza,Cremonese,1.8,3.5,4.5
Salernitana,Bologna,3.4,3.25,2.2
Udinese,Milan,3.5,3.4,2.15
Sampdoria,Verona,2.88,3.1,2.45
Fiorentina,Lecce,1.6,3.75,5.75
Torino,Napoli,4.33,3.6,1.75
Lazio,Roma,2.75,3.0,2.75
Inter,Juventus,1.91,3.4,4.0
Cremonese,Atalanta,5.5,3.8,1.67
Inter,Fiorentina,1.75,3.8,4.5
Juventus,Verona,1.4,4.2,9.0
Bologna,Udinese,2.2,3.3,3.4
Monza,Lazio,3.8,3.3,2.05
Spezia,Salernitana,2.3,3.3,3.2
Roma,Sampdoria,1.44,4.2,9.0
Napoli,Milan,1.73,3.6,5.0
Empoli,Lecce,2.45,3.1,3.1
Sassuolo,Torino,2.4,3.3,3.0
Salernitana,Inter,7.5,4.5,1.45
Lecce,Napoli,5.75,3.6,1.65
Milan,Empoli,1.36,4.75,9.0
Udinese,Monza,2.0,3.5,3.8
Fiorentina,Spezia,1.4,4.5,8.5
Atalanta,Bologna,1.65,3.8,5.5
Sampdoria,Cremonese,2.38,3.25,3.2
Torino,Roma,3.4,3.0,2.38
Verona,Sassuolo,2.63,3.3,2.7
Lazio,Juventus,2.75,2.9,2.9
Cremonese,Empoli,2.45,3.3,2.88
Spezia,Lazio,5.25,3.6,1.7
Bologna,Milan,3.1,3.1,2.45
Napoli,Verona,1.53,4.0,6.5
Inter,Monza,1.44,4.5,7.5
Lecce,Sampdoria,1.95,3.2,4.33
Torino,Salernitana,1.73,3.5,5.25
Sassuolo,Juventus,3.8,3.5,2.0
Roma,Udinese,1.85,3.4,4.5
Fiorentina,Atalanta,2.4,3.4,2.9
Verona,Bologna,2.75,3.0,2.8
Salernitana,Sassuolo,3.1,3.5,2.25
Lazio,Torino,1.83,3.4,4.75
Sampdoria,Spezia,2.55,3.2,2.88
Empoli,Inter,6.5,4.2,1.53
Monza,Fiorentina,3.7,3.4,2.05
Udinese,Cremonese,1.7,3.8,5.0
Milan,Lecce,1.5,4.2,7.0
Juventus,Napoli,2.88,3.1,2.6
Atalanta,Roma,2.3,3.25,3.2
Lecce,Udinese,2.45,3.0,3.2
Spezia,Monza,2.8,3.3,2.55
Roma,Milan,2.75,3.0,2.75
Torino,Atalanta,2.88,3.3,2.45
Inter,Lazio,1.8,3.6,4.5
Cremonese,Verona,3.0,3.3,2.45
Napoli,Salernitana,1.22,6.5,12.0
Sassuolo,Empoli,1.75,3.8,4.5
Fiorentina,Sampdoria,1.33,5.25,9.0
Bologna,Juventus,3.4,3.3,2.2
Atalanta,Spezia,1.36,5.0,8.0
Juventus,Lecce,1.6,3.8,6.0
Salernitana,Fiorentina,4.75,3.75,1.73
Sampdoria,Torino,4.2,3.4,1.91
Lazio,Sassuolo,1.67,4.0,5.0
Milan,Cremonese,1.33,5.0,9.5
Monza,Roma,3.75,3.1,2.15
Verona,Inter,5.5,3.75,1.67
Empoli,Bologna,2.9,3.2,2.55
Udinese,Napoli,4.75,3.6,1.75
Milan,Lazio,1.95,3.4,4.0
Roma,Inter,3.1,3.1,2.45
Cremonese,Spezia,2.35,3.4,3.0
Atalanta,Juventus,2.3,3.4,3.1
Torino,Monza,2.0,3.3,4.0
Napoli,Fiorentina,1.8,3.8,4.33
Lecce,Verona,2.2,3.0,3.75
Empoli,Salernitana,2.2,3.1,3.6
Udinese,Sampdoria,1.5,4.33,6.5
Sassuolo,Bologna,2.3,3.5,3.0
Lazio,Lecce,1.7,3.5,5.5
Salernitana,Atalanta,4.75,4.2,1.65
Spezia,Milan,4.2,3.5,1.91
Inter,Sassuolo,1.4,5.0,7.0
Verona,Torino,2.4,3.1,3.2
Fiorentina,Udinese,1.95,3.6,3.8
Monza,Napoli,4.75,3.75,1.73
Bologna,Roma,3.1,3.1,2.45
Juventus,Cremonese,1.36,4.75,9.0
Sampdoria,Empoli,3.2,3.3,2.3
Sassuolo,Monza,2.15,3.6,3.2
Cremonese,Bologna,2.88,3.4,2.4
Atalanta,Verona,1.53,4.2,6.0
Milan,Sampdoria,1.17,7.5,17.0
Lecce,Spezia,2.2,3.1,3.6
Torino,Fiorentina,1.95,3.4,4.2
Napoli,Inter,2.9,3.3,2.45
Udinese,Lazio,3.8,3.4,2.0
Roma,Salernitana,1.45,4.2,7.5
Empoli,Juventus,5.5,3.75,1.65
Sampdoria,Sassuolo,3.8,4.1,1.83
Salernitana,Udinese,2.7,3.5,2.55
Spezia,Torino,2.38,3.25,3.1
Fiorentina,Roma,2.05,3.5,3.6
Inter,Atalanta,1.83,3.8,4.0
Verona,Empoli,1.7,3.8,5.0
Bologna,Napoli,3.4,3.3,2.2
Monza,Lecce,2.45,3.3,2.9
Lazio,Cremonese,1.22,6.5,12.0
Juventus,Milan,2.3,3.4,3.1
Sassuolo,Fiorentina,2.6,3.75,2.5
Torino,Inter,2.3,3.5,3.0
Cremonese,Salernitana,2.6,3.6,2.5
Empoli,Lazio,3.25,3.75,2.1
Napoli,Sampdoria,1.18,7.0,13.0
Atalanta,Monza,1.57,4.5,5.0
Lecce,Bologna,2.75,3.5,2.45
Milan,Verona,1.73,4.0,4.5
Roma,Spezia,1.95,3.6,3.8
Udinese,Juventus,3.8,3.5,1.95
Empoli,Verona,2.25,3.2,3.3
Frosinone,Napoli,8.5,5.0,1.36
Genoa,Fiorentina,3.4,3.25,2.2
Inter,Monza,1.4,5.0,7.0
Roma,Salernitana,1.53,4.0,6.5
Sassuolo,Atalanta,3.5,3.4,2.1
Lecce,Lazio,3.6,3.3,2.1
Udinese,Juventus,4.33,3.6,1.83
Torino,Cagliari,1.67,3.75,5.25
Bologna,Milan,4.0,3.4,1.95
Frosinone,Atalanta,5.0,4.0,1.67
Monza,Empoli,1.91,3.5,4.2
Milan,Torino,1.65,3.8,5.0
Verona,Roma,4.33,3.5,1.83
Fiorentina,Lecce,1.57,4.2,5.75
Juventus,Bologna,1.5,4.5,6.0
Lazio,Genoa,1.55,4.0,6.0
Napoli,Sassuolo,1.33,5.5,8.5
Salernitana,Udinese,2.7,3.2,2.63
Cagliari,Inter,7.5,4.5,1.44
Sassuolo,Verona,2.0,3.6,3.75
Roma,Milan,2.8,3.1,2.63
Bologna,Cagliari,1.7,3.75,5.0
Udinese,Frosinone,1.8,3.6,4.5
Atalanta,Monza,1.62,4.0,5.25
Napoli,Lazio,1.62,4.0,5.5
Inter,Fiorentina,1.65,3.8,5.25
Torino,Genoa,2.0,3.3,4.0
Empoli,Juventus,5.25,3.8,1.67
Lecce,Salernitana,2.0,3.3,4.0
Juventus,Lazio,1.91,3.4,4.33
Inter,Milan,2.15,3.5,3.4
Genoa,Napoli,5.5,3.8,1.67
Cagliari,Udinese,2.88,3.3,2.5
Frosinone,Sassuolo,2.8,3.4,2.5
Monza,Lecce,2.1,3.4,3.5
Fiorentina,Atalanta,2.38,3.5,2.88
Roma,Empoli,1.44,4.5,7.5
Salernitana,Torino,3.6,3.25,2.2
Verona,Bologna,3.1,3.3,2.38
Salernitana,Frosinone,2.5,3.2,2.9
Lecce,Genoa,2.45,3.2,3.1
Milan,Verona,1.36,4.75,9.0
Sassuolo,Juventus,4.0,4.0,1.8
Lazio,Monza,1.8,3.8,4.2
Empoli,Inter,9.0,5.25,1.33
Atalanta,Cagliari,1.4,5.0,8.0
Udinese,Fiorentina,3.2,3.5,2.25
Bologna,Napoli,3.75,3.6,1.91
Torino,Roma,3.1,2.9,2.6
Juventus,Lecce,1.5,4.2,7.0
Cagliari,Milan,5.25,3.8,1.67
Empoli,Salernitana,2.3,3.3,3.2
Verona,Atalanta,4.2,3.75,1.83
Inter,Sassuolo,1.33,5.5,8.0
Lazio,Torino,2.15,3.25,3.5
Napoli,Udinese,1.36,5.0,8.5
Frosinone,Fiorentina,3.75,3.6,1.95
Monza,Bologna,2.38,3.3,3.0
Genoa,Roma,3.8,3.25,2.05
Lecce,Napoli,4.75,3.8,1.75
Milan,Lazio,1.73,3.6,5.0
Salernitana,Inter,8.0,4.75,1.4
Bologna,Empoli,1.62,4.0,5.5
Udinese,Genoa,2.38,3.1,3.2
Atalanta,Juventus,2.5,3.4,2.8
Roma,Frosinone,1.44,4.2,8.0
Sassuolo,Monza,2.25,3.75,2.88
Torino,Verona,1.85,3.5,4.33
Fiorentina,Cagliari,1.5,4.2,7.0
Empoli,Udinese,3.1,3.25,2.38
Lecce,Sassuolo,2.55,3.4,2.7
Inter,Bologna,1.36,5.5,7.5
Juventus,Torino,1.91,3.3,4.33
Genoa,Milan,4.2,3.5,1.91
Monza,Salernitana,1.7,3.8,5.0
Frosinone,Verona,2.35,3.3,3.1
Lazio,Atalanta,2.7,3.3,2.63
Cagliari,Roma,4.75,3.3,1.83
Napoli,Fiorentina,1.6,4.2,5.5
Verona,Napoli,5.5,3.75,1.65
Torino,Inter,5.5,3.6,1.7
Sassuolo,Lazio,2.7,3.5,2.5
Roma,Monza,1.7,3.6,5.25
Bologna,Frosinone,1.73,3.75,5.0
Salernitana,Cagliari,2.2,3.2,3.5
Atalanta,Genoa,1.55,3.8,6.5
Milan,Juventus,2.25,3.4,3.2
Udinese,Lecce,2.2,3.3,3.4
Fiorentina,Empoli,1.44,4.33,8.0
Genoa,Salernitana,1.73,3.6,5.25
Sassuolo,Bologna,2.6,3.4,2.63
Lecce,Torino,2.75,3.0,2.8
Juventus,Verona,1.36,5.0,8.0
Cagliari,Frosinone,2.3,3.3,3.2
Monza,Udinese,2.0,3.6,3.6
Inter,Roma,1.62,4.0,5.5
Napoli,Milan,2.2,3.4,3.3
Empoli,Atalanta,5.25,3.75,1.67
Lazio,Fiorentina,2.25,3.25,3.25
Bologna,Lazio,2.63,3.2,2.75
Salernitana,Napoli,7.0,4.75,1.44
Atalanta,Inter,3.3,3.5,2.15
Milan,Udinese,1.45,4.5,7.0
Verona,Monza,3.2,3.25,2.3
Cagliari,Genoa,2.7,3.2,2.7
Roma,Lecce,1.57,3.8,6.5
Fiorentina,Juventus,2.9,3.2,2.55
Frosinone,Empoli,2.0,3.6,3.6
Torino,Sassuolo,2.15,3.4,3.4
Sassuolo,Salernitana,1.65,4.2,4.75
Genoa,Verona,1.91,3.3,4.33
Lecce,Milan,5.0,3.6,1.75
Juventus,Cagliari,1.36,5.0,8.0
Monza,Torino,2.5,3.1,3.0
Napoli,Empoli,1.22,7.0,11.0
Fiorentina,Bologna,2.0,3.4,3.8
Udinese,Atalanta,3.75,3.5,2.0
Lazio,Roma,3.0,3.0,2.63
Inter,Frosinone,1.18,8.0,13.0
Salernitana,Lazio,4.75,3.75,1.75
Atalanta,Napoli,2.7,3.4,2.63
Milan,Fiorentina,2.1,3.3,3.5
Cagliari,Monza,2.88,3.25,2.5
Empoli,Sassuolo,2.75,3.6,2.4
Frosinone,Genoa,2.5,3.25,2.88
Roma,Udinese,1.62,3.8,5.75
Juventus,Inter,3.3,3.25,2.25
Verona,Lecce,2.75,3.0,2.88
Bologna,Torino,2.3,3.25,3.2
Monza,Juventus,4.2,3.3,1.95
Genoa,Empoli,1.91,3.6,3.8
Lazio,Cagliari,1.62,4.0,5.25
Milan,Frosinone,1.44,4.5,7.5
Lecce,Bologna,3.0,3.2,2.45
Fiorentina,Salernitana,1.45,4.75,7.0
Udinese,Verona,1.7,3.6,5.25
Sassuolo,Roma,3.8,3.75,1.91
Napoli,Inter,2.8,3.5,2.4
Torino,Atalanta,2.9,3.2,2.45
Juventus,Napoli,2.25,3.25,3.25
Verona,Lazio,4.2,3.4,1.95
Atalanta,Milan,2.5,3.2,3.0
Inter,Udinese,1.29,6.5,9.0
Frosinone,Torino,3.4,3.2,2.25
Monza,Genoa,2.15,3.1,3.75
Salernitana,Bologna,3.75,3.3,2.05
Roma,Fiorentina,2.1,3.3,3.5
Empoli,Lecce,2.55,3.2,3.0
Cagliari,Sassuolo,2.3,3.5,3.0
Genoa,Juventus,4.75,3.2,1.91
Lecce,Frosinone,2.15,3.3,3.5
Napoli,Cagliari,1.33,5.0,9.5
Torino,Empoli,1.6,3.8,6.0
Milan,Monza,1.62,4.33,5.0
Fiorentina,Verona,1.4,5.0,7.0
Udinese,Sassuolo,2.25,3.5,3.1
Bologna,Roma,2.38,3.0,3.25
Lazio,Inter,4.75,3.8,1.73
Atalanta,Salernitana,1.3,5.5,10.0
Empoli,Lazio,4.2,3.4,1.91
Sassuolo,Genoa,2.25,3.3,3.25
Monza,Fiorentina,2.88,3.2,2.55
Salernitana,Milan,8.0,4.5,1.44
Frosinone,Juventus,6.0,3.75,1.62
Bologna,Atalanta,2.7,3.2,2.75
Torino,Udinese,1.75,3.5,5.0
Inter,Lecce,1.22,7.0,11.0
Verona,Cagliari,2.38,3.25,3.1
Roma,Napoli,3.0,3.1,2.5
Fiorentina,Torino,2.1,3.2,3.6
Napoli,Monza,1.62,4.0,5.5
Genoa,Inter,5.5,3.8,1.65
Lazio,Frosinone,1.67,3.8,5.25
Atalanta,Lecce,1.4,4.6,8.0
Cagliari,Empoli,2.05,3.4,3.6
Udinese,Bologna,3.5,3.1,2.25
Milan,Sassuolo,1.45,4.75,6.5
Verona,Salernitana,1.91,3.4,4.2
Juventus,Roma,2.05,3.0,4.2
Bologna,Genoa,2.05,3.0,4.33
Inter,Verona,1.17,8.0,13.0
Frosinone,Monza,2.63,3.3,2.7
Lecce,Cagliari,2.2,3.25,3.4
Sassuolo,Fiorentina,3.25,3.5,2.15
Empoli,Milan,5.25,3.8,1.67
Torino,Napoli,2.9,3.2,2.5
Udinese,Lazio,3.5,3.2,2.2
Salernitana,Juventus,7.5,4.5,1.4
Roma,Atalanta,2.4,3.2,3.1
Genoa,Torino,2.9,3.0,2.63
Napoli,Salernitana,1.33,5.0,8.5
Verona,Empoli,2.15,3.25,3.5
Monza,Inter,7.0,4.0,1.5
Lazio,Lecce,1.65,3.6,5.75
Cagliari,Bologna,3.0,3.1,2.5
Fiorentina,Udinese,1.67,3.75,5.5
Milan,Roma,2.2,3.2,3.5
Atalanta,Frosinone,1.44,4.5,7.5
Juventus,Sassuolo,1.4,4.2,8.5
Roma,Verona,1.44,4.2,8.5
Udinese,Milan,4.0,3.8,1.85
Frosinone,Cagliari,2.4,3.4,2.9
Empoli,Monza,2.8,3.3,2.55
Salernitana,Genoa,3.6,3.2,2.15
Lecce,Juventus,6.0,3.5,1.65
Cagliari,Torino,3.5,3.2,2.2
Atalanta,Udinese,1.5,4.5,6.0
Juventus,Empoli,1.29,5.5,10.0
Milan,Bologna,1.67,3.75,5.25
Genoa,Lecce,2.1,3.1,4.0
Monza,Sassuolo,2.25,3.4,3.2
Verona,Frosinone,2.45,3.3,2.9
Lazio,Napoli,2.25,3.3,3.3
Fiorentina,Inter,4.2,3.6,1.85
Salernitana,Roma,5.25,3.8,1.67
Lecce,Fiorentina,3.75,3.2,2.1
Empoli,Genoa,3.0,3.0,2.6
Udinese,Monza,2.25,3.3,3.3
Frosinone,Milan,5.0,4.2,1.62
Bologna,Sassuolo,1.7,3.75,5.0
Torino,Salernitana,1.5,4.0,7.5
Napoli,Verona,1.4,4.5,8.5
Atalanta,Lazio,2.05,3.4,3.75
Inter,Juventus,1.8,3.5,4.75
Roma,Cagliari,1.44,4.33,7.5
Salernitana,Empoli,2.38,3.2,3.2
Cagliari,Lazio,3.5,3.3,2.15
Roma,Inter,4.2,3.5,1.91
Sassuolo,Torino,3.4,3.3,2.2
Fiorentina,Frosinone,1.5,4.33,6.5
Bologna,Lecce,1.73,3.6,5.25
Monza,Verona,2.05,3.4,3.75
Genoa,Atalanta,3.75,3.3,2.05
Milan,Napoli,1.95,3.6,3.8
Juventus,Udinese,1.44,4.5,8.0
Bologna,Fiorentina,2.3,3.2,3.2
Torino,Lecce,1.8,3.4,4.75
Inter,Salernitana,1.14,8.5,15.0
Napoli,Genoa,1.6,3.75,6.0
Verona,Juventus,5.75,3.5,1.67
Atalanta,Sassuolo,1.36,5.5,8.0
Lazio,Bologna,2.3,3.1,3.4
Empoli,Fiorentina,3.75,3.3,2.05
Udinese,Cagliari,1.91,3.6,4.0
Frosinone,Roma,3.8,3.75,1.91
Monza,Milan,4.75,3.5,1.8
Torino,Lazio,2.4,2.9,3.25
Bologna,Verona,1.55,3.8,7.0
Sassuolo,Empoli,2.2,3.4,3.3
Salernitana,Monza,3.0,3.1,2.5
Genoa,Udinese,2.25,3.0,3.6
Juventus,Frosinone,1.3,5.5,10.0
Cagliari,Napoli,4.2,3.75,1.83
Lecce,Inter,7.0,4.5,1.44
Milan,Atalanta,2.38,3.4,3.0
Roma,Torino,1.91,3.25,4.5
Fiorentina,Lazio,2.25,3.1,3.5
Sassuolo,Napoli,4.0,3.8,1.8
Inter,Atalanta,1.62,4.0,5.5
Lazio,Milan,3.5,3.2,2.2
Udinese,Salernitana,1.65,3.8,5.75
Monza,Roma,3.75,3.4,2.05
Torino,Fiorentina,2.63,3.0,2.9
Verona,Sassuolo,2.2,3.4,3.25
Empoli,Cagliari,2.15,3.25,3.6
Frosinone,Lecce,2.25,3.3,3.3
Atalanta,Bologna,1.91,3.4,4.2
Napoli,Juventus,2.38,3.1,3.3
Inter,Genoa,1.3,5.75,9.5
Napoli,Torino,1.75,3.6,5.0
Cagliari,Salernitana,1.83,3.6,4.33
Sassuolo,Frosinone,2.2,3.6,3.1
Bologna,Inter,3.5,3.3,2.15
Genoa,Monza,2.15,3.2,3.5
Lecce,Verona,2.2,3.25,3.4
Milan,Empoli,1.44,5.0,6.5
Juventus,Atalanta,2.2,3.3,3.3
Fiorentina,Roma,2.55,3.3,2.75
Lazio,Udinese,1.91,3.5,4.0
Empoli,Bologna,4.0,3.2,2.0
Monza,Cagliari,2.05,3.5,3.6
Udinese,Torino,2.8,2.9,2.8
Salernitana,Lecce,2.9,3.2,2.5
Frosinone,Lazio,3.5,3.4,2.15
Juventus,Genoa,1.5,4.0,7.0
Verona,Milan,5.25,3.75,1.7
Roma,Sassuolo,1.36,4.75,8.0
Inter,Napoli,1.57,4.0,6.0
Napoli,Atalanta,2.1,3.6,3.4
Genoa,Frosinone,1.95,3.6,3.8
Torino,Monza,1.83,3.4,4.75
Lazio,Juventus,3.1,3.1,2.45
Fiorentina,Milan,2.88,3.3,2.5
Bologna,Salernitana,1.3,5.5,10.0
Cagliari,Verona,2.15,3.2,3.6
Sassuolo,Udinese,2.75,3.25,2.6
Lecce,Roma,4.5,3.5,1.83
Inter,Empoli,1.22,7.0,12.0
Salernitana,Sassuolo,3.25,3.5,2.2
Milan,Lecce,1.36,4.75,8.5
Roma,Lazio,2.2,3.1,3.6
Empoli,Torino,3.5,3.2,2.25
Frosinone,Bologna,4.2,3.5,1.91
Monza,Napoli,4.0,3.8,1.85
Cagliari,Atalanta,4.75,3.8,1.73
Verona,Genoa,2.75,3.0,2.8
Juventus,Fiorentina,1.83,3.4,4.75
Udinese,Inter,6.5,4.5,1.5
Lazio,Salernitana,1.33,5.0,9.5
Lecce,Empoli,2.25,3.1,3.6
Torino,Juventus,3.75,3.0,2.2
Bologna,Monza,1.55,4.0,6.5
Napoli,Frosinone,1.33,5.5,8.0
Sassuolo,Milan,4.5,3.8,1.75
Inter,Cagliari,1.18,8.0,12.0
Fiorentina,Genoa,1.85,3.5,4.33
Atalanta,Verona,1.45,4.5,7.0
Genoa,Lazio,3.1,3.1,2.45
Cagliari,Juventus,5.0,3.5,1.75
Empoli,Napoli,4.75,4.0,1.7
Verona,Udinese,2.55,3.1,3.0
Sassuolo,Lecce,2.3,3.3,3.2
Torino,Frosinone,1.67,3.8,5.25
Salernitana,Fiorentina,5.0,4.0,1.67
Monza,Atalanta,4.0,3.8,1.85
Roma,Bologna,2.4,3.1,3.2
Milan,Inter,3.75,3.6,2.0
Udinese,Roma,3.3,3.4,2.15
Frosinone,Salernitana,1.4,4.75,7.5
Lecce,Monza,2.0,3.25,4.0
Juventus,Milan,2.1,3.3,3.6
Lazio,Verona,1.62,3.8,6.0
Inter,Torino,1.53,3.8,7.0
Bologna,Udinese,1.6,3.8,6.0
Atalanta,Empoli,1.44,4.5,7.5
Napoli,Roma,1.95,3.6,4.0
Fiorentina,Sassuolo,1.7,3.8,5.0
Genoa,Cagliari,2.25,3.1,3.5
Torino,Bologna,2.88,2.8,2.88
Monza,Lazio,4.33,3.75,1.83
Sassuolo,Inter,6.0,4.5,1.5
Cagliari,Lecce,2.15,3.2,3.75
Empoli,Frosinone,2.38,3.3,3.1
Verona,Fiorentina,3.1,3.3,2.3
Milan,Genoa,1.45,4.5,6.5
Roma,Juventus,2.88,3.1,2.7
Salernitana,Atalanta,7.5,5.5,1.36
Udinese,Napoli,3.75,3.6,1.95
Frosinone,Inter,4.5,4.0,1.73
Napoli,Bologna,2.1,3.4,3.5
Milan,Cagliari,1.4,5.25,6.5
Lazio,Empoli,1.57,4.0,5.75
Genoa,Sassuolo,2.2,3.5,3.2
Verona,Torino,3.0,3.0,2.55
Juventus,Salernitana,1.14,8.5,17.0
Atalanta,Roma,2.0,3.6,3.6
Lecce,Udinese,2.63,3.1,2.8
Fiorentina,Monza,1.55,4.2,5.75
Fiorentina,Napoli,2.25,3.4,3.1
Lecce,Atalanta,4.5,3.8,1.75
Torino,Milan,2.8,3.2,2.6
Sassuolo,Cagliari,2.35,3.3,3.1
Monza,Frosinone,3.0,3.4,2.3
Udinese,Empoli,2.0,3.4,3.8
Inter,Lazio,1.62,4.0,5.0
Roma,Genoa,1.48,4.2,7.0
Salernitana,Verona,5.0,3.8,1.7
Bologna,Juventus,2.45,3.1,3.1
Cagliari,Fiorentina,4.2,3.75,1.8
Genoa,Bologna,3.4,3.4,2.15
Juventus,Monza,1.33,5.5,8.5
Milan,Salernitana,1.18,8.0,12.0
Atalanta,Torino,3.3,3.5,2.1
Napoli,Lecce,1.42,5.0,6.25
Empoli,Roma,1.95,3.6,3.6
Frosinone,Udinese,2.38,3.25,3.0
Lazio,Sassuolo,1.36,5.25,7.5
Verona,Inter,5.5,4.0,1.53
Atalanta,Fiorentina,1.48,4.75,6.0
Genoa,Inter,6.5,4.0,1.53
Parma,Fiorentina,3.5,3.2,2.2
Empoli,Monza,2.5,3.2,3.0
Milan,Torino,1.62,3.8,5.75
Bologna,Udinese,1.91,3.4,4.33
Verona,Napoli,4.75,3.6,1.75
Cagliari,Roma,4.1,3.4,1.95
Lazio,Venezia,1.48,4.1,7.5
Lecce,Atalanta,4.2,3.7,1.85
Juventus,Como,1.33,5.0,9.5
Parma,Milan,4.75,3.9,1.7
Udinese,Lazio,3.3,3.1,2.35
Inter,Lecce,1.2,7.0,13.0
Monza,Genoa,2.6,3.1,2.88
Fiorentina,Venezia,1.42,4.75,7.0
Torino,Atalanta,3.2,3.1,2.38
Napoli,Bologna,1.9,3.5,4.1
Roma,Empoli,1.5,4.33,6.5
Cagliari,Como,2.1,3.4,3.4
Verona,Juventus,5.25,3.75,1.67
Venezia,Torino,3.4,3.3,2.2
Inter,Atalanta,1.57,4.33,5.5
Bologna,Empoli,1.62,3.75,6.0
Lecce,Cagliari,2.25,3.2,3.4
Lazio,Milan,2.9,3.4,2.4
Napoli,Parma,1.48,4.33,7.0
Fiorentina,Monza,1.67,3.9,5.0
Genoa,Verona,2.0,3.3,4.0
Juventus,Roma,1.75,3.6,5.0
Udinese,Como,2.05,3.4,3.75
Como,Bologna,3.0,3.25,2.45
Empoli,Juventus,5.25,3.6,1.7
Milan,Venezia,1.3,5.75,9.0
Genoa,Roma,3.25,3.3,2.25
Atalanta,Fiorentina,1.8,3.6,4.5
Torino,Lecce,1.8,3.5,4.75
Cagliari,Napoli,4.33,3.75,1.8
Monza,Inter,8.0,4.75,1.4
Parma,Udinese,2.25,3.4,3.2
Lazio,Verona,1.62,3.8,6.0
Cagliari,Empoli,2.15,3.4,3.4
Verona,Torino,2.7,3.0,2.8
Venezia,Genoa,3.25,3.2,2.35
Juventus,Napoli,2.2,3.4,3.3
Lecce,Parma,2.2,3.5,3.25
Fiorentina,Lazio,2.25,3.4,3.2
Monza,Bologna,3.3,3.1,2.4
Roma,Udinese,1.62,4.2,5.25
Inter,Milan,1.65,4.0,5.25
Atalanta,Como,1.44,4.5,7.0
Milan,Lecce,1.33,5.75,8.0
Udinese,Inter,7.0,4.33,1.48
Genoa,Juventus,5.5,3.5,1.7
Bologna,Atalanta,3.0,3.3,2.4
Torino,Lazio,2.9,3.1,2.55
Como,Verona,2.1,3.4,3.6
Roma,Venezia,1.4,4.75,8.0
Empoli,Fiorentina,3.4,3.3,2.2
Napoli,Monza,1.36,5.0,8.5
Parma,Cagliari,2.1,3.6,3.4
Napoli,Como,1.45,4.33,7.0
Verona,Venezia,2.5,3.2,2.9
Udinese,Lecce,2.2,3.3,3.3
Atalanta,Genoa,1.45,4.75,6.5
Inter,Torino,1.3,5.0,11.0
Juventus,Cagliari,1.38,5.0,8.0
Bologna,Parma,1.8,3.7,4.33
Lazio,Empoli,1.57,4.0,6.0
Monza,Roma,4.2,3.4,1.91
Fiorentina,Milan,3.1,3.6,2.2
Como,Parma,1.95,3.6,3.8
Genoa,Bologna,3.75,3.1,2.15
Milan,Udinese,1.38,4.75,8.5
Juventus,Lazio,2.05,3.3,3.8
Empoli,Napoli,6.0,3.5,1.67
Lecce,Fiorentina,3.2,3.3,2.3
Venezia,Atalanta,5.5,4.0,1.62
Cagliari,Torino,2.8,3.1,2.7
Roma,Inter,4.2,3.7,1.85
Verona,Monza,2.3,3.0,3.5
Udinese,Cagliari,2.2,3.3,3.3
Torino,Como,2.63,3.0,2.9
Napoli,Lecce,1.25,6.0,12.0
Atalanta,Verona,1.38,4.75,8.0
Parma,Empoli,2.15,3.3,3.5
Lazio,Genoa,1.53,4.2,6.25
Monza,Venezia,2.15,3.25,3.6
Inter,Juventus,1.72,3.5,5.0
Fiorentina,Roma,2.55,3.4,2.75
Cagliari,Bologna,3.0,3.25,2.35
Lecce,Verona,2.25,3.25,3.25
Milan,Napoli,2.45,3.4,2.8
Empoli,Inter,7.5,4.33,1.44
Venezia,Udinese,2.7,3.25,2.65
Atalanta,Monza,1.3,5.0,10.0
Juventus,Parma,1.4,4.75,8.0
Genoa,Fiorentina,4.2,3.9,1.8
Como,Lazio,2.88,3.3,2.45
Roma,Torino,1.7,3.8,5.0
Bologna,Lecce,1.62,3.5,6.5
Udinese,Juventus,4.2,3.2,1.95
Monza,Milan,5.0,3.6,1.7
Napoli,Atalanta,2.05,3.4,3.7
Torino,Fiorentina,3.2,3.3,2.25
Verona,Roma,5.0,3.5,1.8
Inter,Venezia,1.17,7.0,15.0
Empoli,Como,2.7,3.1,2.63
Parma,Genoa,1.85,3.4,4.33
Lazio,Cagliari,1.5,3.75,7.5
Genoa,Como,2.88,3.3,2.45
Lecce,Empoli,2.4,3.0,3.3
Venezia,Parma,2.55,3.4,2.7
Cagliari,Milan,5.5,4.1,1.6
Juventus,Torino,1.57,3.8,6.5
Atalanta,Udinese,1.38,5.0,7.5
Fiorentina,Verona,1.44,4.5,7.0
Roma,Bologna,2.05,3.4,3.6
Monza,Lazio,4.1,3.8,1.83
Inter,Napoli,1.85,3.7,4.1
Verona,Inter,7.0,5.25,1.38
Milan,Juventus,2.15,3.3,3.5
Parma,Atalanta,5.0,4.2,1.62
Genoa,Cagliari,2.63,3.1,2.9
Como,Fiorentina,3.3,3.1,2.3
Torino,Monza,2.0,3.0,4.33
Napoli,Roma,1.73,3.6,5.0
Lazio,Bologna,1.9,3.5,4.2
Empoli,Udinese,2.8,2.9,2.8
Venezia,Lecce,2.3,3.25,3.2
Cagliari,Verona,1.91,3.4,4.1
Como,Monza,2.0,3.25,3.9
Milan,Empoli,1.36,4.75,9.0
Bologna,Venezia,1.65,3.9,5.25
Udinese,Genoa,2.0,3.3,4.0
Parma,Lazio,4.2,3.8,1.8
Torino,Napoli,5.0,3.4,1.8
Lecce,Juventus,5.25,3.6,1.7
Roma,Atalanta,3.2,3.5,2.2
Inter,Parma,1.18,7.0,15.0
Atalanta,Milan,2.15,3.4,3.3
Genoa,Torino,2.5,3.1,3.0
Juventus,Bologna,1.7,3.6,5.25
Roma,Lecce,1.57,4.0,6.25
Fiorentina,Cagliari,1.5,4.5,6.0
Verona,Empoli,2.63,2.75,3.25
Venezia,Como,2.75,3.3,2.6
Napoli,Lazio,1.9,3.4,4.33
Monza,Udinese,2.7,3.0,2.88
Empoli,Torino,2.7,2.88,3.0
Cagliari,Atalanta,5.5,4.33,1.55
Udinese,Napoli,5.25,3.5,1.73
Juventus,Venezia,1.3,5.25,9.0
Lecce,Monza,2.45,3.0,3.2
Bologna,Fiorentina,2.7,3.1,2.75
Parma,Verona,1.85,3.75,4.0
Como,Roma,3.25,3.4,2.2
Milan,Genoa,1.33,5.25,8.0
Lazio,Inter,3.6,3.4,2.1
Verona,Milan,5.5,4.1,1.57
Torino,Bologna,3.3,2.9,2.45
Genoa,Napoli,5.25,3.6,1.7
Lecce,Lazio,5.0,3.6,1.73
Roma,Parma,1.53,4.2,6.25
Venezia,Cagliari,2.5,3.3,2.88
Atalanta,Empoli,1.29,5.5,11.0
Monza,Juventus,6.25,3.5,1.65
Fiorentina,Udinese,1.6,3.8,6.0
Inter,Como,1.2,6.5,15.0
Empoli,Genoa,2.55,2.9,3.1
Parma,Monza,2.3,3.5,3.0
Cagliari,Inter,6.5,4.75,1.44
Lazio,Atalanta,3.0,3.3,2.4
Udinese,Torino,2.25,3.1,3.5
Napoli,Venezia,1.27,5.5,11.0
Juventus,Fiorentina,1.95,3.3,4.2
Milan,Roma,2.25,3.4,3.2
Como,Lecce,1.7,3.7,5.0
Bologna,Verona,1.5,4.1,7.0
Venezia,Empoli,2.3,3.1,3.4
Fiorentina,Napoli,2.88,3.25,2.55
Verona,Udinese,3.0,3.0,2.55
Monza,Cagliari,2.4,3.25,3.0
Lecce,Genoa,2.63,3.0,2.9
Torino,Parma,1.85,3.4,4.5
Roma,Lazio,2.55,3.1,3.0
Lazio,Como,1.9,3.4,4.2
Empoli,Lecce,2.0,3.1,4.33
Udinese,Atalanta,5.25,3.8,1.65
Torino,Juventus,5.0,3.2,1.8
Milan,Cagliari,1.33,5.0,9.5
Genoa,Parma,1.91,3.5,4.0
Venezia,Inter,11.0,5.25,1.29
Bologna,Roma,2.8,3.2,2.6
Napoli,Verona,1.25,5.5,13.0
Monza,Fiorentina,4.2,3.5,1.85
Como,Milan,4.2,3.5,1.9
Atalanta,Juventus,2.1,3.25,3.7
Inter,Bologna,1.48,4.2,7.0
Roma,Genoa,1.5,4.1,6.5
Bologna,Monza,1.6,3.75,6.0
Juventus,Milan,2.15,3.3,3.4
Atalanta,Napoli,2.25,3.25,3.25
Fiorentina,Torino,1.73,3.4,5.5
Cagliari,Lecce,1.95,3.3,4.1
Parma,Venezia,2.15,3.7,3.1
Verona,Lazio,5.0,3.5,1.75
Inter,Empoli,1.25,5.75,13.0
Como,Udinese,2.15,3.4,3.4
Torino,Cagliari,2.2,3.2,3.6
Como,Atalanta,4.2,3.6,1.85
Napoli,Juventus,2.15,3.1,3.8
Empoli,Bologna,3.8,3.3,2.0
Milan,Parma,1.3,6.0,8.5
Udinese,Roma,3.3,3.3,2.25
Lecce,Inter,9.5,5.25,1.33
Lazio,Fiorentina,2.0,3.5,3.8
Venezia,Verona,2.15,3.5,3.25
Genoa,Monza,2.25,3.0,3.6
Parma,Lecce,2.15,3.4,3.5
Monza,Verona,2.3,3.0,3.5
Udinese,Venezia,1.83,3.4,4.5
Atalanta,Torino,1.42,4.5,7.5
Bologna,Como,1.9,3.5,4.2
Juventus,Empoli,1.36,4.75,9.0
Fiorentina,Genoa,1.65,3.9,5.25
Milan,Inter,4.0,3.5,1.91
Roma,Napoli,3.1,3.2,2.38
Cagliari,Lazio,3.9,3.4,2.0
Fiorentina,Inter,3.6,3.5,2.05
Como,Juventus,3.7,3.4,2.05
Verona,Atalanta,6.25,4.1,1.53
Empoli,Milan,5.5,3.8,1.65
Torino,Genoa,2.2,3.1,3.6
Venezia,Roma,5.0,3.7,1.73
Cagliari,Parma,1.85,3.6,4.1
Lazio,Monza,1.38,4.75,8.5
Lecce,Bologna,4.2,3.5,1.91
Napoli,Udinese,1.44,4.5,7.5
Inter,Fiorentina,1.48,4.75,6.5
Bologna,Torino,1.8,3.4,5.0
Atalanta,Cagliari,1.44,4.75,6.5
Lazio,Napoli,2.63,3.2,2.8
Milan,Verona,1.33,4.75,9.5
Fiorentina,Como,2.0,3.5,3.75
Monza,Lecce,2.7,3.2,2.7
Udinese,Empoli,1.8,3.5,4.75
Parma,Roma,3.6,3.5,2.05
Juventus,Inter,3.4,3.2,2.25
Genoa,Venezia,1.85,3.4,4.5
Lecce,Udinese,3.0,3.0,2.6
Parma,Bologna,4.0,3.5,1.91
Venezia,Lazio,5.0,4.0,1.67
Torino,Milan,3.9,3.3,2.0
Inter,Genoa,1.27,5.25,13.0
Como,Napoli,3.6,3.0,2.25
Verona,Fiorentina,4.33,3.4,1.9
Empoli,Atalanta,6.25,3.9,1.57
Cagliari,Juventus,4.1,3.5,1.9
Roma,Monza,1.33,4.75,11.0
Bologna,Milan,2.88,3.3,2.5
Fiorentina,Lecce,1.75,3.4,5.0
Atalanta,Venezia,1.2,6.5,15.0
Napoli,Inter,3.1,3.2,2.38
Udinese,Parma,1.8,3.6,4.5
Monza,Torino,4.1,3.3,1.95
Bologna,Cagliari,1.57,3.75,6.5
Genoa,Empoli,1.91,3.1,4.75
Roma,Como,1.87,3.6,4.0
Milan,Lazio,2.05,3.6,3.5
Juventus,Verona,1.3,5.0,12.0
Cagliari,Genoa,2.45,3.0,3.2
Como,Venezia,1.57,3.8,6.5
Parma,Torino,3.0,3.25,2.4
Lecce,Milan,4.75,3.6,1.75
Inter,Monza,1.14,7.0,21.0
Verona,Bologna,5.25,3.3,1.75
Napoli,Fiorentina,1.55,4.0,6.25
Empoli,Roma,3.9,3.3,2.0
Juventus,Atalanta,2.5,3.25,2.88
Lazio,Udinese,1.73,3.5,5.25
Genoa,Lecce,2.15,2.9,4.2
Monza,Parma,3.1,3.0,2.45
Udinese,Verona,1.73,3.5,5.0
Milan,Como,1.8,3.6,4.5
Torino,Empoli,1.8,3.3,5.0
Venezia,Napoli,5.75,4.33,1.53
Bologna,Lazio,2.4,3.1,3.25
Roma,Cagliari,1.55,4.2,5.75
Fiorentina,Juventus,3.4,3.2,2.25
Atalanta,Inter,2.55,3.3,2.8
Como,Empoli,1.75,3.3,5.25
Venezia,Bologna,5.0,3.5,1.75
Juventus,Genoa,1.53,3.9,7.0
Lecce,Roma,4.75,3.5,1.75
Cagliari,Monza,1.67,3.5,5.5
Fiorentina,Atalanta,3.75,3.3,2.05
Inter,Udinese,1.4,4.33,8.5
Napoli,Milan,1.91,3.7,3.75
Verona,Parma,2.4,3.1,3.1
Lazio,Torino,1.75,3.3,5.25
Genoa,Udinese,2.45,2.88,3.4
Monza,Como,5.0,3.8,1.7
Parma,Inter,6.5,4.5,1.48
Milan,Fiorentina,1.9,3.5,4.2
Lecce,Venezia,2.3,3.1,3.4
Empoli,Cagliari,2.45,3.0,3.1
Torino,Verona,1.8,3.2,5.25
Atalanta,Lazio,1.7,3.8,5.0
Roma,Juventus,2.5,3.1,3.0
Bologna,Napoli,2.9,3.0,2.7
Udinese,Milan,4.0,3.6,1.91
Venezia,Monza,1.73,3.6,5.0
Inter,Cagliari,1.33,5.25,8.0
Juventus,Lecce,1.33,4.5,10.0
Atalanta,Bologna,1.95,3.5,3.9
Fiorentina,Parma,1.73,3.8,4.75
Verona,Genoa,3.0,2.9,2.63
Como,Torino,1.91,3.5,4.1
Lazio,Roma,2.8,3.2,2.63
Napoli,Empoli,1.33,5.0,9.5
Lecce,Como,3.75,3.3,2.05
Monza,Napoli,13.0,5.0,1.29
Roma,Verona,1.4,4.5,8.5
Empoli,Venezia,2.25,3.0,3.6
Bologna,Inter,3.4,3.1,2.3
Milan,Atalanta,2.5,3.4,2.75
Cagliari,Fiorentina,3.1,3.1,2.45
Genoa,Lazio,3.3,3.2,2.3
Parma,Juventus,4.75,3.6,1.75
Torino,Udinese,2.4,2.9,3.3
Como,Genoa,1.85,3.4,4.75
Venezia,Milan,4.75,4.0,1.7
Fiorentina,Empoli,1.83,3.5,4.5
Inter,Roma,1.73,3.8,4.75
Juventus,Monza,1.2,7.5,12.0
Atalanta,Lecce,1.25,6.0,11.0
Napoli,Torino,1.42,4.33,8.0
Udinese,Bologna,4.5,3.5,1.85
Lazio,Parma,1.53,4.5,5.75
Verona,Cagliari,2.5,2.75,3.5
Torino,Venezia,2.5,2.88,3.25
Cagliari,Udinese,2.2,3.2,3.5
Parma,Como,3.1,3.3,2.3
Lecce,Napoli,7.0,3.8,1.55
Inter,Verona,1.3,5.25,10.0
Empoli,Lazio,4.33,3.6,1.83
Monza,Atalanta,13.0,6.0,1.22
Roma,Fiorentina,1.65,3.7,5.5
Bologna,Juventus,2.4,3.1,3.2
Genoa,Milan,4.75,3.7,1.8
Milan,Bologna,2.3,3.4,3.0
Como,Cagliari,1.73,3.8,4.75
Lazio,Juventus,2.45,3.2,3.0
Empoli,Parma,2.15,3.3,3.5
Udinese,Monza,1.48,4.2,7.0
Verona,Lecce,2.15,3.0,3.75
Torino,Inter,5.75,4.0,1.57
Napoli,Genoa,1.3,5.25,11.0
Venezia,Fiorentina,3.1,3.2,2.38
Atalanta,Roma,1.95,3.6,3.75
Genoa,Atalanta,4.5,3.9,1.75
Cagliari,Venezia,2.6,3.0,3.0
Fiorentina,Bologna,2.75,3.0,2.75
Inter,Lazio,1.62,4.2,5.0
Juventus,Udinese,1.38,4.75,8.5
Lecce,Torino,1.83,3.4,4.6
Monza,Empoli,5.0,3.6,1.73
Parma,Napoli,6.25,4.2,1.5
Roma,Milan,2.3,3.6,2.9
Verona,Como,3.5,3.3,2.15
Como,Inter,5.0,4.2,1.65
Napoli,Cagliari,1.2,7.0,12.0
Bologna,Genoa,1.5,4.5,6.0
Milan,Monza,1.22,7.0,11.0
Atalanta,Parma,1.75,3.5,5.0
Empoli,Verona,1.95,3.2,4.33
Lazio,Lecce,1.53,3.7,7.5
Torino,Roma,5.5,4.2,1.57
Udinese,Fiorentina,3.7,3.6,2.0
Venezia,Juventus,5.75,4.33,1.53
Genoa,Lecce,1.9,3.3,4.5
Sassuolo,Napoli,6.0,4.0,1.57
Milan,Cremonese,1.33,5.25,9.0
Roma,Bologna,2.1,3.3,3.5
Cagliari,Fiorentina,3.25,3.3,2.25
Como,Lazio,2.4,3.25,3.0
Atalanta,Pisa,1.4,5.0,7.0
Juventus,Parma,1.42,4.75,7.5
Udinese,Verona,1.95,3.3,4.1
Inter,Torino,1.42,4.75,7.5
Cremonese,Sassuolo,2.6,3.2,2.75
Lecce,Milan,6.0,3.9,1.57
Bologna,Como,2.45,3.1,3.1
Parma,Atalanta,4.1,3.5,1.91
Napoli,Cagliari,1.3,5.0,11.0
Pisa,Roma,5.25,3.6,1.7
Genoa,Juventus,4.5,3.4,1.85
Torino,Fiorentina,3.2,3.1,2.4
Inter,Udinese,1.3,5.25,9.5
Lazio,Verona,1.48,4.33,7.0
Cagliari,Parma,2.15,3.2,3.6
Juventus,Inter,2.75,3.0,2.75
Fiorentina,Napoli,3.5,3.1,2.25
Roma,Torino,1.5,4.1,7.0
Atalanta,Lecce,1.4,4.5,8.5
Pisa,Udinese,2.75,3.1,2.75
Sassuolo,Lazio,3.5,3.6,2.05
Milan,Bologna,1.91,3.4,4.2
Verona,Cremonese,2.38,3.1,3.2
Como,Genoa,1.62,3.75,6.0
Lecce,Cagliari,2.88,2.9,2.75
Bologna,Genoa,1.83,3.2,5.25
Verona,Juventus,6.5,3.9,1.55
Udinese,Milan,4.33,3.6,1.83
Lazio,Roma,2.8,3.1,2.63
Cremonese,Parma,2.55,3.2,2.88
Torino,Atalanta,3.25,3.4,2.2
Fiorentina,Como,2.6,3.2,2.8
Inter,Sassuolo,1.29,5.5,12.0
Napoli,Pisa,1.27,5.75,12.0
Como,Cremonese,1.45,4.33,8.0
Juventus,Atalanta,1.85,3.6,4.2
Cagliari,Inter,6.0,4.2,1.53
Sassuolo,Udinese,2.3,3.2,3.3
Pisa,Fiorentina,3.3,3.25,2.25
Roma,Verona,1.42,4.2,8.5
Lecce,Bologna,4.2,3.0,2.05
Milan,Napoli,2.35,3.1,3.2
Parma,Torino,2.3,3.1,3.4
Genoa,Lazio,3.0,3.0,2.6
Verona,Sassuolo,2.5,3.1,3.0
Lazio,Torino,1.7,3.6,5.25
Parma,Lecce,1.85,3.7,4.1
Inter,Cremonese,1.2,6.5,15.0
Atalanta,Como,2.2,3.4,3.25
Udinese,Cagliari,2.15,3.2,3.6
Bologna,Pisa,1.6,3.9,5.75
Fiorentina,Roma,3.0,3.3,2.4
Napoli,Genoa,1.48,4.0,8.0
Juventus,Milan,2.7,3.2,2.7
Lecce,Sassuolo,2.9,3.2,2.5
Pisa,Verona,2.55,3.1,2.9
Torino,Napoli,5.25,3.3,1.8
Roma,Inter,3.3,3.25,2.25
Como,Juventus,2.88,3.25,2.5
Cagliari,Bologna,3.6,3.3,2.1
Genoa,Parma,2.1,3.0,4.0
Atalanta,Lazio,1.73,4.0,4.5
Milan,Fiorentina,1.5,4.33,6.5
Cremonese,Udinese,3.0,3.25,2.4
Milan,Pisa,1.3,5.5,10.0
Parma,Como,3.9,3.5,1.95
Udinese,Lecce,1.8,3.4,4.75
Napoli,Inter,3.0,3.1,2.4
Cremonese,Atalanta,5.0,4.2,1.62
Torino,Genoa,2.25,2.9,3.5
Sassuolo,Roma,4.5,3.5,1.85
Verona,Cagliari,2.25,3.0,3.6
Fiorentina,Bologna,2.7,3.1,2.75
Lazio,Juventus,3.2,3.25,2.3
Lecce,Napoli,6.5,3.75,1.55
Atalanta,Milan,2.63,3.2,2.75
Como,Verona,1.6,3.6,6.5
Juventus,Udinese,1.44,4.1,8.5
Roma,Parma,1.53,3.75,7.5
Bologna,Torino,1.75,3.5,5.0
Genoa,Cremonese,1.85,3.25,4.75
Inter,Fiorentina,1.38,4.5,8.5
Cagliari,Sassuolo,2.6,3.1,2.88
Pisa,Lazio,3.7,3.25,2.1
Udinese,Atalanta,4.5,3.6,1.8
Napoli,Como,1.95,3.1,4.5
Cremonese,Juventus,6.5,4.33,1.5
Verona,Inter,7.5,4.5,1.42
Fiorentina,Lecce,1.62,3.8,5.75
Torino,Pisa,1.95,3.25,4.33
Parma,Bologna,4.2,3.0,2.05
Milan,Roma,2.2,3.0,3.7
Sassuolo,Genoa,2.45,3.0,3.2
Lazio,Cagliari,1.53,3.8,7.0
Pisa,Cremonese,2.25,3.1,3.4
Como,Cagliari,1.48,4.5,6.5
Lecce,Verona,2.75,2.9,2.9
Juventus,Torino,1.5,4.1,7.0
Parma,Milan,5.75,4.0,1.57
Atalanta,Sassuolo,1.44,4.5,7.0
Bologna,Napoli,3.0,3.1,2.55
Genoa,Fiorentina,2.75,3.0,2.75
Roma,Udinese,1.55,4.0,6.25
Inter,Lazio,1.36,5.0,8.0
Cagliari,Genoa,2.88,3.0,2.75
Udinese,Bologna,3.75,3.2,2.1
Fiorentina,Juventus,3.9,3.4,2.0
Napoli,Atalanta,2.25,3.25,3.4
Verona,Parma,2.25,3.0,3.6
Cremonese,Roma,6.0,3.75,1.62
Lazio,Lecce,1.62,3.7,6.25
Inter,Milan,1.9,3.5,4.0
Torino,Como,3.5,3.25,2.2
Sassuolo,Pisa,2.1,3.2,3.75
Como,Sassuolo,1.73,3.6,5.0
Genoa,Verona,2.05,3.0,4.2
Parma,Udinese,2.7,3.0,2.8
Juventus,Cagliari,1.3,5.5,10.0
Milan,Lazio,1.62,3.8,5.75
Lecce,Torino,3.0,2.88,2.7
Pisa,Inter,8.0,5.75,1.3
Atalanta,Fiorentina,1.73,3.75,4.75
Roma,Napoli,2.6,2.88,3.1
Bologna,Cremonese,1.48,4.0,8.0
Sassuolo,Fiorentina,2.88,3.25,2.5
Inter,Como,1.53,4.33,6.0
Verona,Atalanta,5.0,4.0,1.67
Cremonese,Lecce,2.4,3.1,3.2
Cagliari,Roma,5.25,3.6,1.67
Lazio,Bologna,2.6,3.1,2.9
Napoli,Juventus,2.35,3.0,3.2
Pisa,Parma,2.4,3.0,3.3
Udinese,Genoa,2.4,3.0,3.3
Torino,Milan,4.5,3.6,1.8
Lecce,Pisa,2.5,2.88,3.3
Torino,Cremonese,1.95,3.25,4.2
Parma,Lazio,3.6,3.3,2.1
Atalanta,Cagliari,1.33,5.0,9.5
Milan,Sassuolo,1.42,4.33,8.0
Fiorentina,Verona,1.8,3.4,4.75
Udinese,Napoli,4.5,3.4,1.85
Genoa,Inter,6.5,4.2,1.5
Bologna,Juventus,2.88,3.25,2.5
Roma,Como,2.1,3.3,3.6
Lazio,Cremonese,1.62,3.8,5.75
Juventus,Roma,1.95,3.2,4.33
Cagliari,Pisa,2.15,3.1,3.75
Sassuolo,Torino,2.3,3.2,3.3
Fiorentina,Udinese,2.2,3.3,3.4
Genoa,Atalanta,4.0,3.4,1.95
Parma,Fiorentina,3.5,3.0,2.25
Lecce,Como,4.75,3.3,1.8
Torino,Cagliari,1.91,3.2,4.2
Udinese,Lazio,3.1,3.0,2.45
Pisa,Juventus,7.5,4.5,1.4
Milan,Verona,1.38,4.75,8.5
Cremonese,Napoli,6.25,3.9,1.55
Bologna,Sassuolo,1.75,3.6,4.75
Atalanta,Inter,3.5,3.5,2.0
Roma,Genoa,1.6,3.6,6.25
Cagliari,Milan,6.0,3.9,1.6
Como,Udinese,1.73,3.8,4.75
Genoa,Pisa,1.9,3.1,4.75
Sassuolo,Parma,1.91,3.3,4.33
Juventus,Lecce,1.27,5.5,13.0
Atalanta,Roma,2.3,3.2,3.3
Lazio,Napoli,3.4,3.1,2.3
Fiorentina,Cremonese,1.8,3.4,5.0
Verona,Torino,2.7,3.0,2.9
Inter,Bologna,1.42,4.75,7.5
Pisa,Como,5.5,3.4,1.7
Lecce,Roma,5.25,3.5,1.73
Sassuolo,Juventus,5.0,3.9,1.67
Bologna,Atalanta,2.75,3.3,2.6
Napoli,Verona,1.36,5.5,7.5
Lazio,Fiorentina,2.4,3.1,3.2
Parma,Inter,7.5,5.0,1.4
Torino,Udinese,2.3,3.0,3.4
Cremonese,Cagliari,2.4,3.1,3.2
Milan,Genoa,1.44,4.5,7.5
Como,Bologna,1.95,3.3,4.2
Udinese,Pisa,1.83,3.4,4.6
Roma,Sassuolo,1.53,4.0,6.5
Atalanta,Torino,1.6,3.9,6.0
Lecce,Parma,2.75,3.0,2.88
Fiorentina,Milan,3.8,3.4,2.0
Verona,Lazio,3.4,3.0,2.35
Inter,Napoli,1.7,3.5,5.25
Genoa,Cagliari,2.1,3.0,4.2
Juventus,Cremonese,1.25,6.0,13.0
Napoli,Parma,1.3,5.25,10.5
Inter,Lecce,1.13,9.0,19.0
Verona,Bologna,3.6,3.3,2.1
Como,Milan,2.9,3.25,2.5
Pisa,Atalanta,6.5,3.9,1.55
Udinese,Inter,7.0,4.75,1.42
Napoli,Sassuolo,1.48,4.33,7.5
Cagliari,Juventus,6.25,4.2,1.5
Parma,Genoa,2.9,2.55,3.0
Bologna,Fiorentina,2.2,3.3,3.4
Torino,Roma,3.75,3.1,2.15
Milan,Lecce,1.29,5.0,13.0
Cremonese,Verona,2.63,2.9,3.1
Lazio,Como,2.7,2.9,3.0
Inter,Pisa,1.18,7.5,15.0
Como,Torino,1.62,3.75,6.0
Fiorentina,Cagliari,1.62,3.8,5.75
Lecce,Lazio,4.0,3.0,2.1
Sassuolo,Cremonese,1.91,3.4,4.2
Atalanta,Parma,1.42,4.5,7.5
Genoa,Bologna,3.0,3.0,2.6
Juventus,Napoli,2.05,3.2,4.0
Roma,Milan,2.63,3.1,2.88
Verona,Udinese,2.8,3.0,2.8
Lazio,Genoa,2.2,2.88,4.0
Pisa,Sassuolo,2.9,3.1,2.55
Napoli,Fiorentina,1.8,3.4,5.0
Cagliari,Verona,2.2,3.0,3.8
Torino,Lecce,1.95,3.1,4.5
Como,Atalanta,2.35,3.25,3.2
Cremonese,Inter,11.0,5.0,1.3
Parma,Juventus,7.5,4.33,1.45
Udinese,Roma,4.33,3.4,1.91
Bologna,Milan,2.9,3.25,2.5
Verona,Pisa,2.55,3.0,3.0
Genoa,Napoli,4.5,3.2,1.95
Fiorentina,Torino,1.75,3.75,4.75
Bologna,Parma,1.6,3.9,5.75
Lecce,Udinese,3.1,2.88,2.63
Sassuolo,Inter,7.5,4.5,1.44
Juventus,Lazio,1.48,4.2,7.5
Atalanta,Cremonese,1.36,5.0,8.5
Roma,Cagliari,1.48,4.1,7.5
Pisa,Milan,6.5,4.2,1.5
Como,Fiorentina,1.73,3.75,4.75
Lazio,Atalanta,3.5,3.25,2.15
Inter,Juventus,1.95,3.4,4.1
Udinese,Sassuolo,2.4,3.0,3.3
Cremonese,Genoa,3.2,3.0,2.45
Parma,Verona,2.3,3.0,3.5
Torino,Bologna,3.3,3.25,2.25
Napoli,Roma,2.3,3.0,3.5
Cagliari,Lecce,2.2,3.0,3.75
Milan,Como,2.25,3.3,3.25
Sassuolo,Verona,1.75,3.3,5.25
Juventus,Como,2.0,3.4,3.7
Lecce,Inter,7.0,4.33,1.48
Cagliari,Lazio,3.4,3.0,2.35
Genoa,Torino,2.25,3.0,3.6
Atalanta,Napoli,2.45,3.2,3.0
Milan,Parma,1.33,5.0,9.5
Roma,Cremonese,1.36,4.5,10.0
Fiorentina,Pisa,1.67,4.0,5.0
Bologna,Udinese,1.85,3.5,4.5
Parma,Cagliari,2.25,3.0,3.7
Como,Lecce,1.38,4.5,9.5
Verona,Napoli,7.5,4.0,1.5
Inter,Genoa,1.33,5.5,9.0
Cremonese,Milan,6.5,4.33,1.5
Sassuolo,Atalanta,3.8,3.6,1.95
Torino,Lazio,2.88,3.0,2.7
Roma,Juventus,2.63,3.1,2.88
Pisa,Bologna,4.2,3.2,2.0
Udinese,Fiorentina,3.25,3.2,2.35
Napoli,Torino,1.57,3.8,6.25
Cagliari,Como,5.75,4.0,1.57
Atalanta,Udinese,1.67,3.7,5.5
Juventus,Pisa,1.25,6.25,11.0
Lecce,Cremonese,2.1,3.0,4.0
Bologna,Verona,1.55,3.9,6.5
Fiorentina,Parma,1.7,3.6,5.25
Genoa,Roma,4.2,3.4,1.91
Milan,Inter,3.6,3.0,2.25
Lazio,Sassuolo,2.15,3.25,3.5
Torino,Parma,2.2,3.0,3.8
Inter,Atalanta,1.55,4.33,5.75
Napoli,Lecce,1.33,4.75,10.0
Udinese,Juventus,5.75,4.2,1.55
Verona,Genoa,3.25,3.0,2.4
Pisa,Cagliari,2.55,3.0,3.1
Sassuolo,Bologna,2.4,3.3,3.0
Como,Roma,2.1,3.3,3.6
Lazio,Milan,4.1,3.3,1.95
Cremonese,Fiorentina,3.9,3.6,1.91
Cagliari,Napoli,5.25,3.4,1.75
Genoa,Udinese,2.15,3.1,3.75
Parma,Cremonese,2.05,3.2,4.0
Milan,Torino,1.4,4.75,7.5
Juventus,Sassuolo,1.33,5.25,9.0
Como,Pisa,1.25,6.0,11.0
Atalanta,Verona,1.38,4.75,8.5
Bologna,Lazio,2.35,3.0,3.4
Roma,Lecce,1.53,3.75,8.0
Fiorentina,Inter,5.0,4.33,1.62
Sassuolo,Cagliari,1.95,3.1,4.5
Verona,Fiorentina,4.2,3.5,1.9
Lazio,Parma,1.8,3.4,5.0
Cremonese,Bologna,3.6,3.4,2.05
Pisa,Torino,3.2,3.0,2.45
Inter,Roma,1.67,4.0,5.25
Udinese,Como,5.0,3.75,1.7
Lecce,Atalanta,5.0,3.75,1.75
Juventus,Genoa,1.38,4.5,9.5
Napoli,Milan,2.55,3.0,3.0
Roma,Pisa,1.33,5.0,9.0
Cagliari,Cremonese,2.15,3.1,3.6
Torino,Verona,1.9,3.3,4.33
Milan,Udinese,1.42,4.5,8.0
Atalanta,Juventus,3.1,3.3,2.35
Genoa,Sassuolo,2.15,3.3,3.5
Parma,Napoli,6.0,3.8,1.6
Bologna,Lecce,1.8,3.4,4.75
Como,Inter,3.1,3.5,2.25
Fiorentina,Lazio,2.25,3.2,3.4
Sassuolo,Como,5.75,4.33,1.53
Inter,Cagliari,1.25,6.0,12.0
Udinese,Parma,2.15,3.0,3.9
Napoli,Lazio,1.53,3.9,7.0
Roma,Atalanta,2.45,3.25,2.9
Cremonese,Torino,2.88,3.1,2.6
Verona,Milan,6.25,3.9,1.57
Pisa,Genoa,3.25,3.1,2.35
Juventus,Bologna,1.5,4.5,6.5
Lecce,Fiorentina,3.4,3.4,2.15
Napoli,Cremonese,1.33,5.25,9.0
Parma,Pisa,2.1,3.2,3.8
Bologna,Roma,3.1,3.2,2.4
Verona,Lecce,2.7,3.0,2.88
Fiorentina,Sassuolo,1.91,3.3,4.33
Genoa,Como,4.5,3.8,1.75
Torino,Inter,7.5,5.0,1.4
Milan,Juventus,3.1,3.1,2.45
Cagliari,Atalanta,4.5,3.6,1.8
Lazio,Udinese,1.95,3.3,4.2
Pisa,Lecce,3.5,3.0,2.3
Udinese,Torino,2.3,3.2,3.3
Como,Napoli,2.25,3.3,3.3
Atalanta,Genoa,1.57,4.1,5.75
Bologna,Cagliari,1.8,3.5,4.75
Sassuolo,Milan,4.5,4.1,1.73
Juventus,Verona,1.22,6.5,12.0
Inter,Parma,1.22,6.0,13.0
Cremonese,Lazio,2.9,3.25,2.5
Roma,Fiorentina,1.62,4.2,5.0
Torino,Sassuolo,2.6,3.2,2.8
Cagliari,Udinese,2.5,3.2,2.9
Lazio,Inter,4.5,3.7,1.8
Lecce,Juventus,6.25,4.5,1.45
Verona,Como,8.0,4.75,1.38
Cremonese,Pisa,1.7,3.75,5.0
Fiorentina,Genoa,2.1,3.4,3.6
Parma,Roma,6.25,4.1,1.53
Milan,Atalanta,2.1,3.3,3.5
Napoli,Bologna,1.53,4.2,6.0
Como,Parma,1.25,5.25,12.0
Genoa,Milan,4.5,3.7,1.7
Juventus,Fiorentina,1.33,5.0,8.5
Pisa,Napoli,9.0,4.5,1.36
Roma,Lazio,1.53,4.0,5.75
Inter,Verona,1.2,8.0,9.0
Atalanta,Bologna,1.62,4.2,4.75
Cagliari,Torino,2.3,3.1,3.2
Sassuolo,Lecce,2.7,3.2,2.63
Udinese,Cremonese,2.3,3.3,3.0
Fiorentina,Atalanta,2.7,3.5,2.55
Bologna,Inter,3.1,3.6,2.2
Lazio,Pisa,1.55,4.2,6.0
Parma,Sassuolo,2.7,3.4,2.63
Napoli,Udinese,1.48,4.0,8.0
Cremonese,Como,5.25,4.33,1.57
Lecce,Genoa,1.75,3.5,5.0
Milan,Cagliari,1.29,5.5,11.0
Torino,Juventus,7.5,4.5,1.42
Verona,Roma,10.0,5.5,1.3
